cnpj,data_ref,versao,on,pn,tes_on,tes_pn
00.000.000/0001-91,2020-03-31,1,2865417020,0,13248540,0
00.000.000/0001-91,2020-06-30,1,2865417020,0,13247103,0
00.000.000/0001-91,2020-09-30,1,2865417020,0,12178134,0
00.000.000/0001-91,2020-12-31,2,2865417020,0,12175335,0
00.000.000/0001-91,2021-03-31,1,2865417020,0,11975061,0
00.000.000/0001-91,2021-06-30,1,2865417020,0,12017619,0
00.000.000/0001-91,2021-09-30,1,2865417020,0,12017619,0
00.000.000/0001-91,2021-12-31,2,2865417020,0,11974636,0
00.000.000/0001-91,2022-03-31,1,2865417020,0,11830375,0
00.000.000/0001-91,2022-06-30,1,2865417020,0,11780761,0
00.000.000/0001-91,2022-09-30,1,2865417020,0,11780761,0
00.000.000/0001-91,2022-12-31,1,2865417020,0,11780761,0
00.000.000/0001-91,2023-03-31,1,2865417020,0,11590730,0
00.000.000/0001-91,2023-06-30,1,2865417020,0,11590730,0
00.000.000/0001-91,2023-09-30,1,2865417020,0,11590730,0
00.000.000/0001-91,2023-12-31,1,2865417020,0,11640980,0
00.000.000/0001-91,2024-03-31,1,2865417020,0,11446282,0
00.000.000/0001-91,2024-06-30,1,5730834040,0,22892564,0
00.000.000/0001-91,2024-09-30,1,5730834040,0,22876034,0
00.000.000/0001-91,2024-12-31,1,5730834040,0,22786568,0
00.000.000/0001-91,2025-03-31,1,5730834040,0,22370429,0
00.000.000/0001-91,2025-06-30,1,5730834040,0,22370399,0
00.000.000/0001-91,2025-09-30,1,5730834040,0,22370399,0
00.000.000/0001-91,2025-12-31,1,5730834040,0,22370399,0
00.000.000/0001-91,2026-03-31,1,5730834040,0,22370399,0
00.000.000/0001-91,2026-06-30,1,5730834040,0,21862562,0
00.000.208/0001-00,2020-03-31,1,28014,8290,0,0
00.000.208/0001-00,2020-06-30,1,28014,8290,0,0
00.000.208/0001-00,2020-09-30,3,28014,8290,0,0
00.000.208/0001-00,2020-12-31,4,28014,8290,0,0
00.000.208/0001-00,2021-03-31,2,280146,82900,0,0
00.000.208/0001-00,2021-06-30,1,280146,82900,0,0
00.000.208/0001-00,2021-09-30,3,280146,82900,0,0
00.000.208/0001-00,2021-12-31,3,280146,82900,0,0
00.000.208/0001-00,2022-03-31,4,280146,82900,0,0
00.000.208/0001-00,2022-06-30,4,280147,82900,0,0
00.000.208/0001-00,2022-09-30,4,280147,82900,0,0
00.000.208/0001-00,2022-12-31,3,280146,82900,0,0
00.000.208/0001-00,2023-03-31,4,280146500,82900000,0,0
00.000.208/0001-00,2023-06-30,3,280146500,82900000,0,0
00.000.208/0001-00,2023-09-30,2,280146500,82900000,0,0
00.000.208/0001-00,2023-12-31,6,280146500,82900000,0,0
00.000.208/0001-00,2024-03-31,2,280146,82900,0,0
00.000.208/0001-00,2024-06-30,4,280146500,82900000,0,0
00.000.208/0001-00,2024-09-30,3,284785449,113056415,0,0
00.000.208/0001-00,2024-12-31,3,284785449,113056415,0,0
00.000.208/0001-00,2025-03-31,2,320121,166060,0,0
00.000.208/0001-00,2025-06-30,1,320121140,166059947,0,0
00.001.180/0001-26,2020-03-31,1,1288842596,280088314,0,0
00.001.180/0001-26,2020-06-30,1,1288842596,280088314,0,0
00.001.180/0001-26,2020-09-30,1,1288842596,280088314,0,0
00.001.180/0001-26,2020-12-31,1,1288842596,280088314,0,0
00.001.180/0001-26,2021-03-31,2,1288842596,280088314,0,0
00.001.180/0001-26,2021-06-30,1,1288842596,280088314,0,0
00.001.180/0001-26,2021-09-30,1,1288843,280088,0,0
00.001.180/0001-26,2021-12-31,1,1288843,280088,0,0
00.001.180/0001-26,2022-03-31,3,1288843,280088,0,0
00.001.180/0001-26,2022-06-30,1,1916518,280088,0,0
00.001.180/0001-26,2022-09-30,1,2021139,280088,0,0
00.001.180/0001-26,2022-12-31,1,2021139,280088,0,0
00.001.180/0001-26,2023-03-31,1,2027011,280088,7987,4
00.001.180/0001-26,2023-06-30,1,2027011,280088,46375,7037
00.001.180/0001-26,2023-09-30,1,2027011,280088,46375,6842
00.001.180/0001-26,2023-12-31,2,2027011,280088,49810,6842
00.001.180/0001-26,2024-03-31,3,2027011,280088,49810,6842
00.001.180/0001-26,2024-06-30,2,2027011,280088,49670,6842
00.001.180/0001-26,2024-09-30,1,2027011,280088,51377,6842
00.001.180/0001-26,2024-12-31,2,2027011,280088,52224,7241
00.001.180/0001-26,2025-03-31,2,2027011,280088,52075,7241
00.001.180/0001-26,2025-06-30,1,2028544,280088,52216,7241
00.001.180/0001-26,2025-09-30,1,2028544,280088,52799,7367
00.001.180/0001-26,2025-12-31,1,2028544,886884,52799,23181
00.001.180/0001-26,2026-03-31,1,2028544,886884,52238,23181
00.001.180/0001-26,2026-06-30,1,2336989,606231,60080,15799
00.070.698/0001-11,2020-03-31,1,7184178,7232205,0,0
00.070.698/0001-11,2020-06-30,1,7184178,7232205,0,0
00.070.698/0001-11,2020-09-30,1,7184178,7232205,0,0
00.070.698/0001-11,2020-12-31,1,7184178,7232205,0,0
00.070.698/0001-11,2021-03-31,1,7184178,7232205,0,0
00.070.698/0001-11,2021-06-30,1,7184178,7232205,0,0
00.070.698/0001-11,2021-09-30,1,7184178,7232205,0,0
00.070.698/0001-11,2021-12-31,2,35920890,36161025,0,0
00.070.698/0001-11,2022-03-31,1,35920890,36161025,0,0
00.070.698/0001-11,2022-06-30,1,35920890,36161025,0,0
00.070.698/0001-11,2022-09-30,1,35920890,36161025,0,0
00.070.698/0001-11,2022-12-31,1,35920890,36161025,0,0
00.070.698/0001-11,2023-03-31,1,35920890,36161025,0,0
00.070.698/0001-11,2023-06-30,1,35920890,36161025,0,0
00.070.698/0001-11,2023-09-30,1,35920890,36161025,0,0
00.070.698/0001-11,2023-12-31,1,35920890,36161025,0,0
00.070.698/0001-11,2024-03-31,1,35920890,36161025,0,0
00.070.698/0001-11,2024-06-30,1,35920890,36161025,0,0
00.070.698/0001-11,2024-09-30,1,35920890,36161025,0,0
00.070.698/0001-11,2024-12-31,1,35920890,36161025,0,0
00.070.698/0001-11,2025-03-31,1,35920890,36161025,0,0
00.070.698/0001-11,2025-06-30,1,35920890,36161025,0,0
00.070.698/0001-11,2025-09-30,1,35920890,36161025,0,0
00.070.698/0001-11,2025-12-31,1,35920890,36161025,0,0
00.070.698/0001-11,2026-03-31,1,35920890,36161025,0,0
00.070.698/0001-11,2026-06-30,1,35920890,36161025,0,0
00.080.671/0001-00,2020-12-31,2,24444000,0,0,0
00.080.671/0001-00,2021-03-31,2,24444000,0,0,0
00.080.671/0001-00,2021-06-30,2,24444000,0,0,0
00.080.671/0001-00,2021-09-30,1,24444000,0,0,0
00.080.671/0001-00,2021-12-31,1,24444000,0,0,0
00.080.671/0001-00,2022-03-31,1,24444000,0,0,0
00.080.671/0001-00,2022-06-30,1,24444000,0,0,0
00.080.671/0001-00,2022-09-30,2,24444000,0,0,0
00.080.671/0001-00,2022-12-31,1,24444000,0,0,0
00.080.671/0001-00,2023-03-31,1,24444000,0,0,0
00.080.671/0001-00,2023-06-30,1,24444000,0,0,0
00.080.671/0001-00,2023-09-30,1,24444000,0,0,0
00.080.671/0001-00,2023-12-31,1,24444000,0,0,0
00.080.671/0001-00,2024-03-31,1,24444000,0,0,0
00.080.671/0001-00,2024-06-30,1,24444000,0,0,0
00.080.671/0001-00,2024-09-30,1,24444000,0,0,0
00.080.671/0001-00,2024-12-31,1,24444000,0,0,0
00.080.671/0001-00,2025-03-31,1,24444000,0,0,0
00.080.671/0001-00,2025-06-30,1,24444000,0,0,0
00.080.671/0001-00,2025-09-30,1,24444000,0,0,0
00.080.671/0001-00,2025-12-31,1,24444000,0,0,0
00.080.671/0001-00,2026-03-31,1,24444000,0,0,0
00.080.671/0001-00,2026-06-30,1,24444000,0,0,0
00.192.769/0001-59,2020-03-31,1,10000,0,0,0
00.192.769/0001-59,2020-06-30,1,10000,0,0,0
00.192.769/0001-59,2020-09-30,1,10000,0,0,0
00.192.769/0001-59,2020-12-31,1,10000,0,0,0
00.192.769/0001-59,2021-03-31,1,10000,0,0,0
00.192.769/0001-59,2021-06-30,1,10000,0,0,0
00.192.769/0001-59,2021-09-30,1,10000,0,0,0
00.192.769/0001-59,2021-12-31,1,10000,0,0,0
00.192.769/0001-59,2022-03-31,1,10000,0,0,0
00.192.769/0001-59,2022-06-30,1,10000,0,0,0
00.192.769/0001-59,2022-09-30,1,10000,0,0,0
00.192.769/0001-59,2022-12-31,1,10000,0,0,0
00.192.769/0001-59,2023-03-31,1,10000,0,0,0
00.192.769/0001-59,2023-06-30,1,10000,0,0,0
00.192.769/0001-59,2023-09-30,1,10000,0,0,0
00.192.769/0001-59,2023-12-31,1,10000,0,0,0
00.192.769/0001-59,2024-03-31,1,10000,0,0,0
00.192.769/0001-59,2024-06-30,1,10000,0,0,0
00.194.724/0001-13,2020-12-31,1,2356634,0,0,0
00.194.724/0001-13,2021-03-31,1,2356634,0,0,0
00.194.724/0001-13,2021-06-30,1,2356634,0,0,0
00.194.724/0001-13,2021-09-30,1,2356634,0,0,0
00.194.724/0001-13,2021-12-31,2,1995532616,0,0,0
00.194.724/0001-13,2022-03-31,1,1995532616,0,0,0
00.194.724/0001-13,2022-06-30,1,1995532616,0,0,0
00.194.724/0001-13,2022-09-30,1,1995532616,0,0,0
00.194.724/0001-13,2022-12-31,1,2014441535,0,0,0
00.194.724/0001-13,2023-03-31,1,2014441535,0,0,0
00.194.724/0001-13,2023-06-30,1,2014441535,0,0,0
00.194.724/0001-13,2023-09-30,1,2014441535,0,0,0
00.194.724/0001-13,2023-12-31,2,2014441535,0,0,0
00.194.724/0001-13,2024-03-31,1,2014441535,0,0,0
00.194.724/0001-13,2024-06-30,1,2014441535,0,0,0
00.194.724/0001-13,2024-09-30,1,2031549574,0,0,0
00.194.724/0001-13,2024-12-31,1,2031549574,0,0,0
00.194.724/0001-13,2025-03-31,1,2031549574,0,0,0
00.194.724/0001-13,2025-06-30,1,2154410,0,0,0
00.194.724/0001-13,2025-09-30,1,2804264,0,0,0
00.194.724/0001-13,2025-12-31,1,2804265,0,0,0
00.194.724/0001-13,2026-03-31,1,2992234,0,0,0
00.194.724/0001-13,2026-06-30,1,2992234,0,0,0
00.242.184/0001-04,2020-12-31,1,971039,0,0,0
00.242.184/0001-04,2021-03-31,1,1147,0,0,0
00.242.184/0001-04,2021-06-30,1,1182510,0,0,0
00.242.184/0001-04,2021-09-30,1,345759521,0,0,0
00.242.184/0001-04,2021-12-31,1,345759521,0,0,0
00.242.184/0001-04,2022-03-31,1,345759521,0,0,0
00.242.184/0001-04,2022-06-30,1,345759521,0,480400,0
00.242.184/0001-04,2022-09-30,1,345759521,0,686800,0
00.242.184/0001-04,2022-12-31,2,346016041,0,686800,0
00.242.184/0001-04,2023-03-31,1,346016041,0,686800,0
00.242.184/0001-04,2023-06-30,1,346016041,0,686800,0
00.242.184/0001-04,2023-09-30,1,346016041,0,456673,0
00.242.184/0001-04,2023-12-31,1,346016041,0,406229,0
00.242.184/0001-04,2024-03-31,2,346016041,0,378947,0
00.242.184/0001-04,2024-06-30,1,346494097,0,363409,0
00.242.184/0001-04,2024-09-30,1,346494097,0,345597,0
00.242.184/0001-04,2024-12-31,1,346494097,0,293444,0
00.242.184/0001-04,2025-03-31,1,346494097,0,270988,0
00.242.184/0001-04,2025-06-30,1,346494097,0,269488,0
00.242.184/0001-04,2025-09-30,1,346494097,0,216084,0
00.242.184/0001-04,2025-12-31,1,346494097,0,93898,0
00.242.184/0001-04,2026-03-31,1,346494097,0,11180,0
00.242.184/0001-04,2026-06-30,2,346494097,0,460152,0
00.272.185/0001-93,2020-03-31,1,12799820,25599480,0,0
00.272.185/0001-93,2020-06-30,1,12799820,25599480,0,0
00.272.185/0001-93,2020-09-30,1,12799820,25599480,0,0
00.272.185/0001-93,2020-12-31,2,12799820,25599480,0,0
00.272.185/0001-93,2021-03-31,1,13792701,27585242,0,0
00.272.185/0001-93,2021-06-30,1,16192164,32384168,0,0
00.272.185/0001-93,2021-09-30,1,16192164,32384168,0,0
00.272.185/0001-93,2021-12-31,1,16192164,32384168,0,0
00.272.185/0001-93,2022-03-31,1,19170808,38341456,0,0
00.272.185/0001-93,2022-06-30,1,19170808,38341456,0,0
00.272.185/0001-93,2022-09-30,1,19170808,38341456,0,0
00.272.185/0001-93,2022-12-31,1,20329170,40658180,0,0
00.272.185/0001-93,2023-03-31,1,21322051,42643942,0,0
00.272.185/0001-93,2023-06-30,1,22976853,45953546,0,0
00.272.185/0001-93,2023-09-30,1,22976853,45953546,0,0
00.272.185/0001-93,2023-12-31,1,22976853,45953546,0,0
00.272.185/0001-93,2024-03-31,1,26286458,52572756,0,0
00.272.185/0001-93,2024-06-30,1,26286458,52572756,0,0
00.272.185/0001-93,2024-09-30,1,26286458,52572756,0,0
00.336.701/0001-04,2020-03-31,1,39272779,10332711,193,0
00.336.701/0001-04,2020-06-30,1,49457271,18407491,193,0
00.336.701/0001-04,2020-09-30,2,49457271,18407491,193,0
00.336.701/0001-04,2020-12-31,1,49457271,18407491,193,0
00.336.701/0001-04,2021-03-31,1,49457271,18407491,193,0
00.336.701/0001-04,2021-06-30,1,49457271,18407491,193,0
00.336.701/0001-04,2021-09-30,1,49457271,18407491,193,0
00.336.701/0001-04,2021-12-31,1,49457271,18407491,193,0
00.336.701/0001-04,2022-03-31,1,49457271,18407491,193,0
00.336.701/0001-04,2022-06-30,1,49457271,18407491,193,0
00.336.701/0001-04,2022-09-30,1,49457271,18407491,193,0
00.336.701/0001-04,2022-12-31,1,67975599,18407491,193,0
00.336.701/0001-04,2023-03-31,1,67975599,18407491,193,0
00.336.701/0001-04,2023-06-30,1,67975599,18407491,193,0
00.336.701/0001-04,2023-09-30,1,67975599,18407491,193,0
00.336.701/0001-04,2023-12-31,1,67975599,18407491,193,0
00.336.701/0001-04,2024-03-31,1,67975599,18407491,193,0
00.336.701/0001-04,2024-06-30,1,67975599,18407491,193,0
00.336.701/0001-04,2024-09-30,1,67975599,18407491,193,0
00.336.701/0001-04,2024-12-31,1,67975599,18407491,193,0
00.336.701/0001-04,2025-03-31,1,67975599,18407491,193,0
00.336.701/0001-04,2025-06-30,1,75190021,18407491,193,0
00.336.701/0001-04,2025-09-30,1,83575912,18407491,193,0
00.336.701/0001-04,2025-12-31,1,83575912,18407491,193,0
00.336.701/0001-04,2026-03-31,1,83575912,18407491,193,0
00.336.701/0001-04,2026-06-30,1,83575912,18407491,193,0
00.357.038/0001-16,2023-12-31,1,168044751,0,10713,0
00.357.038/0001-16,2024-03-31,1,168044751,0,10713,0
00.357.038/0001-16,2024-06-30,1,168034038,0,10713,0
00.357.038/0001-16,2024-09-30,2,168034038,0,10713,0
00.357.038/0001-16,2024-12-31,2,168044751,0,10713,0
00.357.038/0001-16,2025-03-31,1,168044751,0,10713,0
00.357.038/0001-16,2025-06-30,1,168044751,0,10713,0
00.357.038/0001-16,2025-09-30,1,168044751,0,10713,0
00.357.038/0001-16,2025-12-31,1,168044751,0,10713,0
00.357.038/0001-16,2026-03-31,1,168044751,0,10713,0
00.357.038/0001-16,2026-06-30,1,168044751,0,10713,0
00.359.742/0001-08,2020-03-31,1,20898,0,0,0
00.359.742/0001-08,2020-06-30,1,20898,0,0,0
00.359.742/0001-08,2020-09-30,1,20898,0,0,0
00.359.742/0001-08,2020-12-31,1,20898,0,0,0
00.359.742/0001-08,2021-03-31,1,20898,0,0,0
00.359.742/0001-08,2021-06-30,1,20898,0,0,0
00.359.742/0001-08,2021-09-30,1,20898,0,0,0
00.359.742/0001-08,2021-12-31,1,20898,0,0,0
00.359.742/0001-08,2022-03-31,1,20898,0,0,0
00.359.742/0001-08,2022-06-30,1,23805,0,0,0
00.359.742/0001-08,2022-09-30,1,23805,0,0,0
00.359.742/0001-08,2022-12-31,1,23805,0,0,0
00.359.742/0001-08,2023-03-31,1,23805,0,0,0
00.359.742/0001-08,2023-06-30,1,23805,0,0,0
00.359.742/0001-08,2023-09-30,1,23805,0,0,0
00.359.742/0001-08,2023-12-31,1,23805,0,0,0
00.359.742/0001-08,2024-03-31,1,23805,0,0,0
00.359.742/0001-08,2024-06-30,1,23805,0,879,0
00.359.742/0001-08,2024-09-30,1,23805,0,379,0
00.359.742/0001-08,2024-12-31,4,23804898,0,0,0
00.359.742/0001-08,2025-03-31,1,23804898,0,0,0
00.359.742/0001-08,2025-06-30,1,23804898,0,0,0
00.359.742/0001-08,2025-09-30,1,43862205,0,0,0
00.359.742/0001-08,2025-12-31,2,43862205,0,0,0
00.383.281/0001-09,2020-03-31,2,1,0,0,0
00.383.281/0001-09,2020-06-30,1,1000000,0,0,0
00.383.281/0001-09,2020-09-30,1,1000000,0,0,0
00.383.281/0001-09,2020-12-31,2,1000000,0,0,0
00.383.281/0001-09,2021-03-31,1,1000000,0,0,0
00.383.281/0001-09,2021-06-30,1,1000000,0,0,0
00.383.281/0001-09,2021-09-30,1,1000000,0,0,0
00.383.281/0001-09,2021-12-31,1,1000000,0,0,0
00.383.281/0001-09,2022-03-31,2,1000000,0,0,0
00.383.281/0001-09,2022-06-30,1,1000000,0,0,0
00.383.281/0001-09,2022-09-30,1,1000000,0,0,0
00.383.281/0001-09,2022-12-31,1,1000000,0,0,0
00.383.281/0001-09,2023-03-31,1,1000000,0,0,0
00.383.281/0001-09,2023-06-30,1,1000000,0,0,0
00.383.281/0001-09,2023-09-30,1,1000000,0,0,0
00.383.281/0001-09,2023-12-31,2,1000000,0,0,0
00.383.281/0001-09,2024-03-31,1,1000000,0,0,0
00.383.281/0001-09,2024-06-30,1,1000000,0,0,0
00.383.281/0001-09,2024-09-30,1,1000000,0,0,0
00.383.281/0001-09,2024-12-31,1,1000000,0,0,0
00.383.281/0001-09,2025-03-31,1,1000000,0,0,0
00.383.281/0001-09,2025-06-30,1,1000000,0,0,0
00.383.281/0001-09,2025-09-30,1,1000000,0,0,0
00.383.281/0001-09,2025-12-31,1,1000000,0,0,0
00.383.281/0001-09,2026-03-31,2,1000000,0,0,0
00.383.281/0001-09,2026-06-30,2,1000000,0,0,0
00.389.481/0001-79,2020-03-31,1,95496,0,0,0
00.389.481/0001-79,2020-06-30,1,95496,0,0,0
00.389.481/0001-79,2020-09-30,1,95496,0,0,0
00.389.481/0001-79,2020-12-31,2,140412,0,0,0
00.389.481/0001-79,2021-03-31,1,140412,0,0,0
00.389.481/0001-79,2021-06-30,1,140412,0,0,0
00.389.481/0001-79,2021-09-30,1,140412,0,0,0
00.389.481/0001-79,2021-12-31,1,140412,0,0,0
00.389.481/0001-79,2022-03-31,1,188905,0,0,0
00.389.481/0001-79,2022-06-30,2,211816,0,0,0
00.389.481/0001-79,2022-09-30,1,211816,0,0,0
00.389.481/0001-79,2022-12-31,1,211816,0,0,0
00.389.481/0001-79,2023-03-31,1,211816,0,0,0
00.389.481/0001-79,2023-06-30,1,211816,0,0,0
00.389.481/0001-79,2023-09-30,1,211816,0,0,0
00.389.481/0001-79,2023-12-31,2,212,0,0,0
00.389.481/0001-79,2024-03-31,2,212,0,0,0
00.389.481/0001-79,2024-06-30,1,212,0,0,0
00.389.481/0001-79,2024-09-30,1,212,0,0,0
00.389.481/0001-79,2024-12-31,1,212,0,0,0
00.389.481/0001-79,2025-03-31,1,212,0,0,0
00.389.481/0001-79,2025-06-30,1,212,0,0,0
00.389.481/0001-79,2025-09-30,1,212,0,0,0
00.389.481/0001-79,2025-12-31,1,212,212,0,0
00.389.481/0001-79,2026-03-31,2,211816,0,0,0
00.389.481/0001-79,2026-06-30,1,127,84,0,0
00.416.968/0001-01,2020-03-31,1,365833928,341119102,1080100,2160200
00.416.968/0001-01,2020-06-30,1,365833928,341119102,1335100,2670200
00.416.968/0001-01,2020-09-30,1,382116929,378322416,1335100,2670200
00.416.968/0001-01,2020-12-31,1,383452029,380992616,1335100,2670200
00.416.968/0001-01,2021-03-31,1,383452029,380992616,782520,371340
00.416.968/0001-01,2021-06-30,1,1150356087,1142977848,2347560,1114020
00.416.968/0001-01,2021-09-30,1,1293373691,1285229952,1114020,3461580
00.416.968/0001-01,2021-12-31,3,1293373691,1285229952,2347560,1114020
00.416.968/0001-01,2022-03-31,1,1293373691,1285229952,0,0
00.416.968/0001-01,2022-03-31,1,1293373691,1285229952,0,0
00.416.968/0001-01,2022-06-30,1,1297308713,1296289296,4261400,5333500
00.416.968/0001-01,2022-09-30,1,1297308713,1296289296,4261400,5333500
00.545.378/0001-70,2020-03-31,1,29188116,0,0,0
00.545.378/0001-70,2020-06-30,1,29188116,0,0,0
00.545.378/0001-70,2020-09-30,1,29188116,0,0,0
00.545.378/0001-70,2020-12-31,1,29188116,0,0,0
00.545.378/0001-70,2021-03-31,1,29118116,0,0,0
00.545.378/0001-70,2021-06-30,1,29188116,0,0,0
00.545.378/0001-70,2021-09-30,1,29188116,0,0,0
00.545.378/0001-70,2021-12-31,1,29188116,0,0,0
00.545.378/0001-70,2022-03-31,1,29188116,0,0,0
00.545.378/0001-70,2022-06-30,1,29188116,0,0,0
00.545.378/0001-70,2022-09-30,1,29188116,0,0,0
00.545.378/0001-70,2022-12-31,1,29188116,0,0,0
00.545.378/0001-70,2023-03-31,1,29188116,0,0,0
00.545.378/0001-70,2023-06-30,1,29188116,0,0,0
00.545.378/0001-70,2023-09-30,1,29188116,0,2,0
00.545.378/0001-70,2023-12-31,1,29188114,0,2,0
00.622.416/0001-41,2020-03-31,1,218370694,0,0,0
00.622.416/0001-41,2020-06-30,1,218370694,0,0,0
00.622.416/0001-41,2020-09-30,1,218370694,0,0,0
00.622.416/0001-41,2020-12-31,1,218370694,0,0,0
00.622.416/0001-41,2021-03-31,1,250269447,0,0,0
00.622.416/0001-41,2021-06-30,1,307533270,0,0,0
00.622.416/0001-41,2021-09-30,1,307533270,0,0,0
00.622.416/0001-41,2021-12-31,1,352823928,0,0,0
00.622.416/0001-41,2022-03-31,1,454331401,0,0,0
00.622.416/0001-41,2022-06-30,1,454331401,0,0,0
00.622.416/0001-41,2022-09-30,1,454331401,0,0,0
00.622.416/0001-41,2022-12-31,1,454331401,0,0,0
00.622.416/0001-41,2023-03-31,1,454331401,0,0,0
00.622.416/0001-41,2023-06-30,1,454331401,0,0,0
00.622.416/0001-41,2023-09-30,1,454331401,0,0,0
00.622.416/0001-41,2023-12-31,1,645753340,0,0,0
00.622.416/0001-41,2024-03-31,1,645753340,0,0,0
00.622.416/0001-41,2024-06-30,1,645753340,0,0,0
00.622.416/0001-41,2024-09-30,1,645753340,0,0,0
00.644.907/0001-93,2020-03-31,1,402202,384204,0,0
00.644.907/0001-93,2020-06-30,1,402202,384204,0,0
00.644.907/0001-93,2020-09-30,1,402202,384204,0,0
00.644.907/0001-93,2020-12-31,1,402202,384204,0,0
00.644.907/0001-93,2021-03-31,1,402202,384204,0,0
00.644.907/0001-93,2021-06-30,1,402202,384204,0,0
00.644.907/0001-93,2021-09-30,1,402202,384204,0,0
00.644.907/0001-93,2021-12-31,1,402202,384204,0,0
00.644.907/0001-93,2022-03-31,1,402202,384204,0,0
00.644.907/0001-93,2022-06-30,1,402202,384204,0,0
00.644.907/0001-93,2022-09-30,1,402202,384204,0,0
00.644.907/0001-93,2022-12-31,1,402202,384204,0,0
00.644.907/0001-93,2023-03-31,1,402202,384204,0,0
00.644.907/0001-93,2023-06-30,1,402202,384204,0,0
00.644.907/0001-93,2023-09-30,1,402202,384204,0,0
00.644.907/0001-93,2023-12-31,1,402202,384204,0,0
00.644.907/0001-93,2024-03-31,1,402202,384204,0,0
00.644.907/0001-93,2024-06-30,1,402202,384204,0,0
00.644.907/0001-93,2024-09-30,1,402202,384204,0,0
00.644.907/0001-93,2024-12-31,1,402202,384204,0,0
00.644.907/0001-93,2025-03-31,1,402202,384204,0,0
00.644.907/0001-93,2025-06-30,1,402202,384204,0,0
00.644.907/0001-93,2025-09-30,1,402202,384204,0,0
00.644.907/0001-93,2025-12-31,1,402202,384204,0,0
00.644.907/0001-93,2026-03-31,1,402202,384204,0,0
00.644.907/0001-93,2026-06-30,1,402202,384204,0,0
00.743.065/0001-27,2020-03-31,1,215495,0,0,0
00.743.065/0001-27,2020-06-30,1,215495,0,0,0
00.743.065/0001-27,2020-09-30,1,215495,0,0,0
00.743.065/0001-27,2020-12-31,1,215495,0,0,0
00.743.065/0001-27,2021-03-31,1,215495,0,0,0
00.743.065/0001-27,2021-06-30,1,215495,0,0,0
00.743.065/0001-27,2021-09-30,1,215495,0,0,0
00.743.065/0001-27,2021-12-31,1,215495,0,0,0
00.743.065/0001-27,2022-03-31,1,215495,0,0,0
00.743.065/0001-27,2022-06-30,1,215495,0,0,0
00.743.065/0001-27,2022-09-30,1,215495,0,0,0
00.743.065/0001-27,2022-12-31,1,215495,0,0,0
00.743.065/0001-27,2023-03-31,1,215495,0,0,0
00.743.065/0001-27,2023-06-30,1,215495,0,0,0
00.743.065/0001-27,2023-09-30,1,215495,0,0,0
00.743.065/0001-27,2023-12-31,1,215495,0,0,0
00.743.065/0001-27,2024-03-31,1,215495,0,0,0
00.743.065/0001-27,2024-06-30,1,215495,0,0,0
00.743.065/0001-27,2024-09-30,1,215495,0,0,0
00.743.065/0001-27,2024-12-31,1,215495,0,0,0
00.743.065/0001-27,2025-03-31,1,215495,0,0,0
00.743.065/0001-27,2025-06-30,1,215495,0,0,0
00.743.065/0001-27,2025-09-30,1,215495,0,0,0
00.743.065/0001-27,2025-12-31,1,215495,0,0,0
00.743.065/0001-27,2026-03-31,1,215495,0,0,0
00.743.065/0001-27,2026-06-30,1,215495,0,0,0
00.776.574/0001-56,2020-03-31,2,523229262,0,0,0
00.776.574/0001-56,2020-06-30,1,524654065,0,0,0
00.776.574/0001-56,2020-09-30,1,559632528,0,0,0
00.776.574/0001-56,2020-12-31,2,559858093,0,0,0
00.776.574/0001-56,2021-03-31,1,560085762,0,0,0
00.776.574/0001-56,2021-06-30,1,899441153,0,0,0
00.776.574/0001-56,2021-09-30,1,903136665,0,5553600,0
00.776.574/0001-56,2021-12-31,1,904652040,0,5553257,0
00.776.574/0001-56,2022-03-31,1,907111041,0,7254093,0
00.776.574/0001-56,2022-06-30,1,907116900,0,8353919,0
00.776.574/0001-56,2022-09-30,1,909774507,0,8353910,0
00.776.574/0001-56,2022-12-31,1,902529503,0,7416,0
00.776.574/0001-56,2023-03-31,1,902529503,0,7416,0
00.776.574/0001-56,2023-06-30,1,902529503,0,7416,0
00.776.574/0001-56,2023-09-30,1,902529503,0,7416,0
00.776.574/0001-56,2023-12-31,1,902529503,0,7416,0
00.776.574/0001-56,2024-03-31,1,902529503,0,7416,0
00.776.574/0001-56,2024-06-30,1,902529503,0,7416,0
00.776.574/0001-56,2024-09-30,1,200241909,0,74,0
00.776.574/0001-56,2024-12-31,1,200244252,0,74,0
00.776.574/0001-56,2025-03-31,1,200244310,0,73,0
00.776.574/0001-56,2025-06-30,1,200244321,0,73,0
00.776.574/0001-56,2025-09-30,1,200244998,0,73,0
00.776.574/0001-56,2025-12-31,1,200244998,0,73,0
00.776.574/0001-56,2026-03-31,1,200245068,0,73,0
00.776.574/0001-56,2026-06-30,1,200245278,0,73,0
00.861.626/0001-92,2020-03-31,1,64383093,64383093,0,0
00.861.626/0001-92,2020-06-30,1,64383093,64383093,0,0
00.864.214/0001-06,2020-03-31,2,755993938,1058567972,0,0
00.864.214/0001-06,2020-06-30,2,755993938,1058567972,0,0
00.864.214/0001-06,2020-09-30,1,755993938,1058567972,0,0
00.864.214/0001-06,2020-12-31,2,755993938,1058567972,0,0
00.864.214/0001-06,2021-03-31,2,755993938,1058567972,0,0
00.864.214/0001-06,2021-06-30,1,755993938,1058567972,0,0
00.864.214/0001-06,2021-09-30,2,755993938,1058567972,923837,3695348
00.864.214/0001-06,2021-12-31,5,755993938,1058567972,923837,3695348
00.864.214/0001-06,2022-03-31,1,756010104,1058632636,923837,3695348
00.864.214/0001-06,2022-06-30,2,756010104,1058632636,754475,3017900
00.864.214/0001-06,2022-09-30,2,800898864,1238187676,0,0
00.864.214/0001-06,2022-12-31,2,800898864,1238187676,754475,3017900
00.864.214/0001-06,2023-03-31,2,800898864,1238187676,0,0
00.864.214/0001-06,2023-06-30,1,800898864,1238187676,754475,3017900
00.864.214/0001-06,2023-09-30,1,800898864,1238187676,754475,3017900
00.864.214/0001-06,2023-12-31,3,800898864,1238187676,754475,3017900
00.864.214/0001-06,2024-03-31,4,887231247,1402193416,754475,3017900
00.864.214/0001-06,2024-06-30,2,887231247,1402193416,754475,3017900
00.864.214/0001-06,2024-09-30,2,887231247,1402193416,754475,3017900
00.864.214/0001-06,2024-12-31,1,887231247,1402193416,754475,3017900
00.864.214/0001-06,2025-03-31,1,887231247,1402193416,754475,3017900
00.864.214/0001-06,2025-06-30,1,886476772,1399175516,754475,3017900
00.864.214/0001-06,2025-09-30,1,887231247,1402193416,754475,3017900
00.864.214/0001-06,2025-12-31,3,975954372,1542412758,829922,3319688
00.864.214/0001-06,2026-03-31,1,975954372,1542412758,829922,3319688
00.864.214/0001-06,2026-06-30,1,975954372,1542412758,607987,2427758
00.873.894/0001-24,2023-03-31,1,478986,0,0,0
00.873.894/0001-24,2023-06-30,1,578986,0,0,0
00.873.894/0001-24,2023-09-30,1,578986,0,0,0
00.873.894/0001-24,2023-12-31,1,578986,0,0,0
00.873.894/0001-24,2024-03-31,1,578986,0,0,0
00.873.894/0001-24,2024-06-30,1,578986,0,0,0
00.873.894/0001-24,2024-09-30,1,578986,0,0,0
00.873.894/0001-24,2024-12-31,1,579,0,0,0
00.873.894/0001-24,2025-03-31,1,578986,0,0,0
00.873.894/0001-24,2025-06-30,1,578986,0,0,0
00.873.894/0001-24,2025-09-30,1,578986,0,0,0
00.873.894/0001-24,2025-12-31,1,578986,0,0,0
00.873.894/0001-24,2026-03-31,1,578986,0,0,0
00.873.894/0001-24,2026-06-30,1,578986,0,0,0
00.897.864/0001-58,2020-03-31,1,200,0,0,0
00.897.864/0001-58,2020-06-30,1,200,0,0,0
00.897.864/0001-58,2020-09-30,1,200,0,0,0
00.897.864/0001-58,2020-12-31,1,200,0,0,0
00.897.864/0001-58,2021-03-31,1,200,0,0,0
00.897.864/0001-58,2021-06-30,1,200,0,0,0
00.897.864/0001-58,2021-09-30,1,200,0,0,0
00.897.864/0001-58,2021-12-31,1,200,0,0,0
00.897.864/0001-58,2022-03-31,1,200,0,0,0
00.897.864/0001-58,2022-06-30,1,200,0,0,0
00.897.864/0001-58,2022-09-30,1,200,0,0,0
00.897.864/0001-58,2022-12-31,1,200,0,0,0
00.897.864/0001-58,2023-03-31,2,200,0,0,0
00.897.864/0001-58,2023-06-30,1,200,0,0,0
00.897.864/0001-58,2023-09-30,1,200,0,0,0
00.897.864/0001-58,2023-12-31,1,200,0,0,0
00.897.864/0001-58,2024-03-31,1,200,0,0,0
00.897.864/0001-58,2024-06-30,1,200,0,0,0
00.897.864/0001-58,2024-09-30,1,200,0,0,0
00.897.864/0001-58,2024-12-31,1,200,0,0,0
00.897.864/0001-58,2025-03-31,1,200,0,0,0
00.897.864/0001-58,2025-06-30,1,200,0,0,0
00.897.864/0001-58,2025-09-30,1,200,0,0,0
00.897.864/0001-58,2025-12-31,2,200,0,0,0
00.897.864/0001-58,2026-03-31,1,200,0,0,0
00.897.864/0001-58,2026-06-30,1,200,0,0,0
00.924.429/0001-75,2020-03-31,1,125445701,19,0,0
00.924.429/0001-75,2020-06-30,1,125445701,19,0,0
00.924.429/0001-75,2020-09-30,1,125445701,19,0,0
00.924.429/0001-75,2020-12-31,3,136242616,19,0,0
00.924.429/0001-75,2021-03-31,2,136242616,19,0,0
00.924.429/0001-75,2021-06-30,1,136242596,19,0,0
00.924.429/0001-75,2021-09-30,2,142807784,19,0,0
00.924.429/0001-75,2021-12-31,1,142807784,19,0,0
00.924.429/0001-75,2022-03-31,2,142807784,19,0,0
00.924.429/0001-75,2022-06-30,1,142807784,19,0,0
00.924.429/0001-75,2022-09-30,1,142807784,19,0,0
00.924.429/0001-75,2022-12-31,2,142807784,19,0,0
00.924.429/0001-75,2023-03-31,1,142807784,19,0,0
00.924.429/0001-75,2023-06-30,2,142807783,20,0,0
00.924.429/0001-75,2023-09-30,1,142807783,20,0,0
00.924.429/0001-75,2023-12-31,1,142807784,19,0,0
00.924.429/0001-75,2024-03-31,1,142807784,19,0,0
00.924.429/0001-75,2024-06-30,1,142807784,19,0,0
00.924.429/0001-75,2024-09-30,1,142807784,19,0,0
00.924.429/0001-75,2024-12-31,1,142807784,19,0,0
00.924.429/0001-75,2025-03-31,1,142807783,20,0,0
00.924.429/0001-75,2025-06-30,1,356005843,19,0,0
00.924.429/0001-75,2025-09-30,1,356005843,19,0,0
00.924.429/0001-75,2025-12-31,1,356005843,19,0,0
00.924.429/0001-75,2026-03-31,1,356005816,46,0,0
00.924.429/0001-75,2026-06-30,1,513858912,19,0,0
00.938.574/0001-05,2020-03-31,1,48786,37680,0,0
00.938.574/0001-05,2020-06-30,1,48786,37680,0,0
00.938.574/0001-05,2020-09-30,1,48786,37680,0,0
00.938.574/0001-05,2020-12-31,1,48786,37680,0,0
00.938.574/0001-05,2021-03-31,1,48786,37680,0,0
00.938.574/0001-05,2021-06-30,1,48786,37680,0,0
00.938.574/0001-05,2021-09-30,1,48786,37680,0,0
00.938.574/0001-05,2021-12-31,1,48786,37680,0,0
00.938.574/0001-05,2022-03-31,1,48786,37680,0,0
00.938.574/0001-05,2022-06-30,1,48786,37680,0,0
00.938.574/0001-05,2022-09-30,1,48786,37680,0,0
00.938.574/0001-05,2022-12-31,1,48786,37680,0,0
00.938.574/0001-05,2023-03-31,1,48786,37680,0,0
00.938.574/0001-05,2023-06-30,1,48786,37680,0,0
00.938.574/0001-05,2023-09-30,1,48786,37680,0,0
00.938.574/0001-05,2023-12-31,1,48786,37680,0,0
00.938.574/0001-05,2024-03-31,1,48786,37680,0,0
00.938.574/0001-05,2024-06-30,1,48786,37680,0,0
00.938.574/0001-05,2024-09-30,1,48786,37680,0,0
00.938.574/0001-05,2024-12-31,1,48786,37680,0,0
00.938.574/0001-05,2025-03-31,1,48786,37680,0,0
00.938.574/0001-05,2025-06-30,1,48786,37680,0,0
00.938.574/0001-05,2025-09-30,1,48786,37680,0,0
00.938.574/0001-05,2025-12-31,1,48786,37680,0,0
00.938.574/0001-05,2026-03-31,1,48786,37680,0,0
00.938.574/0001-05,2026-06-30,1,48786,37680,0,0
00.974.211/0001-25,2020-03-31,1,51927,103855,0,0
00.974.211/0001-25,2020-06-30,1,51927,103855,0,0
00.974.211/0001-25,2020-09-30,1,51927409,103854827,0,0
00.974.211/0001-25,2020-12-31,1,55387601,110775212,0,0
00.974.211/0001-25,2021-03-31,1,70666879,141333771,0,0
00.974.211/0001-25,2021-06-30,1,70666879,141333771,0,0
00.974.211/0001-25,2021-09-30,1,70666879,141333771,0,0
00.974.211/0001-25,2021-12-31,1,70666879,141333771,0,0
00.974.211/0001-25,2022-03-31,1,70666879,141333771,0,0
00.974.211/0001-25,2022-06-30,1,70666879,141333771,0,0
00.974.211/0001-25,2022-09-30,1,70666879,141333771,0,0
00.974.211/0001-25,2022-12-31,1,70666879,141333771,0,0
00.974.211/0001-25,2023-03-31,1,70666879,141333771,0,0
00.974.211/0001-25,2023-06-30,1,70666879,141333771,0,0
00.974.211/0001-25,2023-09-30,1,70666879,141333771,0,0
00.974.211/0001-25,2023-12-31,1,70666879,141333771,0,0
00.974.211/0001-25,2024-03-31,1,70666879,141333771,0,0
00.974.211/0001-25,2024-06-30,1,70666879,141333771,0,0
00.974.211/0001-25,2024-09-30,1,70666879,141333771,0,0
00.974.211/0001-25,2024-12-31,1,70666879,141333771,0,0
00.974.211/0001-25,2025-03-31,1,70666879,141333771,0,0
00.974.211/0001-25,2025-06-30,1,70666879,141333771,0,0
00.974.211/0001-25,2025-09-30,1,70666879,141333771,0,0
00.974.211/0001-25,2025-12-31,1,212000650,0,0,0
00.974.211/0001-25,2026-03-31,1,212000650,0,0,0
00.974.211/0001-25,2026-06-30,1,212000650,0,0,0
00.979.969/0001-56,2020-03-31,1,69150,0,0,0
00.979.969/0001-56,2020-06-30,1,69150,0,0,0
00.979.969/0001-56,2020-09-30,1,69150,0,0,0
00.979.969/0001-56,2020-12-31,1,69150,0,0,0
00.979.969/0001-56,2021-03-31,1,69150,0,0,0
00.979.969/0001-56,2021-06-30,1,69150262,0,0,0
00.979.969/0001-56,2021-09-30,1,69150262,0,0,0
00.979.969/0001-56,2021-12-31,1,61150262,0,0,0
00.979.969/0001-56,2022-03-31,1,69150262,0,0,0
00.979.969/0001-56,2022-06-30,1,69150262,0,0,0
00.979.969/0001-56,2022-09-30,1,69150262,0,0,0
00.979.969/0001-56,2022-12-31,1,61150262,0,0,0
00.979.969/0001-56,2023-03-31,1,69150262,0,0,0
00.979.969/0001-56,2023-06-30,1,69150262,0,0,0
00.979.969/0001-56,2023-09-30,1,69150262,0,0,0
00.979.969/0001-56,2023-12-31,1,69150262,0,0,0
00.979.969/0001-56,2024-03-31,1,2402611661,0,0,0
00.979.969/0001-56,2024-06-30,1,2402611661,0,0,0
00.979.969/0001-56,2024-09-30,1,2402611661,0,0,0
00.979.969/0001-56,2024-12-31,1,2402611661,0,0,0
00.979.969/0001-56,2025-03-31,1,2402611661,0,0,0
00.979.969/0001-56,2025-06-30,1,4069715169,0,0,0
00.979.969/0001-56,2025-09-30,1,4069715169,0,0,0
00.979.969/0001-56,2025-12-31,1,4069715169,0,0,0
00.979.969/0001-56,2026-03-31,1,4069715169,0,0,0
00.979.969/0001-56,2026-06-30,1,4069715169,0,0,0
01.027.058/0001-91,2020-03-31,1,2716815061,0,7597594,0
01.027.058/0001-91,2020-06-30,1,2716815061,0,7594796,0
01.027.058/0001-91,2020-09-30,1,2716815061,0,9661292,0
01.027.058/0001-91,2020-12-31,2,2716815061,0,9661292,0
01.027.058/0001-91,2021-03-31,1,2716815061,0,8783856,0
01.027.058/0001-91,2021-06-30,1,2716815061,0,15319975,0
01.027.058/0001-91,2021-09-30,1,2716815061,0,14957298,0
01.027.058/0001-91,2021-12-31,2,2716815061,0,14957298,0
01.027.058/0001-91,2022-03-31,1,2716815061,0,13117427,0
01.027.058/0001-91,2022-06-30,1,2716815061,0,24170602,0
01.027.058/0001-91,2022-09-30,1,2716815061,0,22525809,0
01.027.058/0001-91,2022-12-31,1,2716815061,0,22450441,0
01.027.058/0001-91,2023-03-31,1,2716815061,0,18379120,0
01.027.058/0001-91,2023-06-30,1,2716815061,0,22587695,0
01.027.058/0001-91,2023-09-30,1,2716815061,0,19613152,0
01.027.058/0001-91,2023-12-31,1,2716815061,0,19135458,0
01.027.058/0001-91,2024-03-31,1,2716815061,0,14192687,0
01.027.058/0001-91,2024-06-30,1,2716815061,0,14041724,0
01.027.058/0001-91,2024-09-30,1,2668174120,0,5842,0
01.027.058/0001-91,2024-12-31,1,2668174120,0,5842,0
01.027.058/0001-91,2025-03-31,1,2668174120,0,5842,0
01.027.058/0001-91,2025-06-30,1,2668174120,0,5842,0
01.027.058/0001-91,2025-09-30,1,2668174120,0,5842,0
01.027.058/0001-91,2025-12-31,1,2668174120,0,5842,0
01.027.058/0001-91,2026-03-31,1,2668174120,0,5842,0
01.027.058/0001-91,2026-06-30,1,2668174120,0,5842,0
01.083.200/0001-18,2020-03-31,1,1213797,0,0,0
01.083.200/0001-18,2020-06-30,2,1213797,0,0,0
01.083.200/0001-18,2020-09-30,1,1213797,0,0,0
01.083.200/0001-18,2020-12-31,1,1213797,0,0,0
01.083.200/0001-18,2021-03-31,2,1213797,0,0,0
01.083.200/0001-18,2021-06-30,1,1213797248,0,400,0
01.083.200/0001-18,2021-09-30,1,1213796848,0,400,0
01.083.200/0001-18,2021-12-31,1,1213796848,0,400,0
01.083.200/0001-18,2022-03-31,2,1213797248,0,400,0
01.083.200/0001-18,2022-06-30,1,1213797248,0,400,0
01.083.200/0001-18,2022-09-30,1,1213797248,0,400,0
01.083.200/0001-18,2022-12-31,2,1213796848,0,400,0
01.083.200/0001-18,2023-03-31,1,1213796848,0,400,0
01.083.200/0001-18,2023-06-30,1,1213797248,0,1605370,0
01.083.200/0001-18,2023-09-30,1,1213797248,0,1605370,0
01.083.200/0001-18,2023-12-31,1,1212191878,0,1605370,0
01.083.200/0001-18,2024-03-31,2,1213156574,0,640674,0
01.083.200/0001-18,2024-06-30,1,1213156574,0,640674,0
01.083.200/0001-18,2024-09-30,1,1213156574,0,640674,0
01.083.200/0001-18,2024-12-31,2,1213797248,0,640674,0
01.083.200/0001-18,2025-03-31,1,1213797248,0,0,0
01.083.200/0001-18,2025-06-30,1,1213797248,0,0,0
01.083.200/0001-18,2025-09-30,1,1213797248,0,0,0
01.083.200/0001-18,2025-12-31,1,1213797248,0,0,0
01.083.200/0001-18,2026-03-31,1,1213797248,0,0,0
01.083.200/0001-18,2026-06-30,1,1215410788,0,0,0
01.104.937/0001-70,2020-03-31,1,11764,0,0,0
01.104.937/0001-70,2020-06-30,1,11764,0,0,0
01.104.937/0001-70,2020-09-30,1,11764,0,0,0
01.104.937/0001-70,2020-12-31,1,11764,0,0,0
01.104.937/0001-70,2021-03-31,1,11764,0,0,0
01.104.937/0001-70,2021-06-30,1,11764,0,0,0
01.104.937/0001-70,2021-09-30,1,11764,0,0,0
01.104.937/0001-70,2021-12-31,5,11764,0,0,0
01.104.937/0001-70,2022-03-31,1,11764,0,0,0
01.104.937/0001-70,2022-06-30,1,11764,0,0,0
01.104.937/0001-70,2022-09-30,1,11764889,0,0,0
01.104.937/0001-70,2022-12-31,2,11764889,0,0,0
01.104.937/0001-70,2023-03-31,2,11764889,0,0,0
01.104.937/0001-70,2023-06-30,1,11764889,0,0,0
01.104.937/0001-70,2023-09-30,1,11764889,0,0,0
01.104.937/0001-70,2023-12-31,2,11764889,0,0,0
01.104.937/0001-70,2024-03-31,1,11764889,0,0,0
01.104.937/0001-70,2024-06-30,2,11764889,0,0,0
01.104.937/0001-70,2024-09-30,2,11764889,0,0,0
01.104.937/0001-70,2024-12-31,1,11764889,0,0,0
01.104.937/0001-70,2025-03-31,1,11764889,0,0,0
01.107.327/0001-20,2020-03-31,1,40761,0,0,0
01.107.327/0001-20,2020-06-30,2,40760818,0,0,0
01.107.327/0001-20,2020-09-30,1,40760818,0,0,0
01.107.327/0001-20,2020-12-31,1,40760818,0,0,0
01.107.327/0001-20,2021-03-31,1,40761,0,0,0
01.107.327/0001-20,2021-06-30,1,40760818,0,0,0
01.107.327/0001-20,2021-09-30,1,40760818,0,0,0
01.107.327/0001-20,2021-12-31,1,40760818,0,0,0
01.107.327/0001-20,2022-03-31,1,40760818,0,0,0
01.107.327/0001-20,2022-06-30,1,40760818,0,0,0
01.107.327/0001-20,2022-09-30,1,40760818,0,0,0
01.107.327/0001-20,2022-12-31,1,40760818,0,0,0
01.107.327/0001-20,2023-03-31,1,40760818,0,0,0
01.107.327/0001-20,2023-06-30,1,40760818,0,0,0
01.107.327/0001-20,2023-09-30,1,40760818,0,0,0
01.107.327/0001-20,2023-12-31,1,40760818,0,0,0
01.107.327/0001-20,2024-03-31,1,40760818,0,0,0
01.107.327/0001-20,2024-06-30,2,40760818,0,0,0
01.107.327/0001-20,2024-09-30,1,40760818,0,0,0
01.107.327/0001-20,2024-12-31,1,40760818,0,0,0
01.107.327/0001-20,2025-03-31,1,40760818,0,0,0
01.107.327/0001-20,2025-06-30,1,40760818,0,0,0
01.107.327/0001-20,2025-09-30,1,40760818,0,0,0
01.107.327/0001-20,2025-12-31,2,40760818,0,0,0
01.107.327/0001-20,2026-03-31,1,40760818,0,0,0
01.107.327/0001-20,2026-06-30,1,40760818,0,0,0
01.258.944/0001-26,2020-03-31,1,45035110304475,68516168445415,0,0
01.258.944/0001-26,2020-06-30,1,45035110304475,68516168445415,0,0
01.258.944/0001-26,2020-09-30,1,45035110304475,68516168445415,0,0
01.258.944/0001-26,2020-12-31,2,45035110304475,68516168445415,0,0
01.258.944/0001-26,2021-03-31,1,45035110304475,68516168445415,0,0
01.258.944/0001-26,2021-06-30,1,45035110304475,68516168445415,0,0
01.258.944/0001-26,2021-09-30,1,45035110304475,68516168445415,0,0
01.258.944/0001-26,2021-12-31,1,45035110304475,68516168445415,0,0
01.258.944/0001-26,2022-03-31,1,45035110304475,68516168445415,0,0
01.258.944/0001-26,2022-06-30,1,45035110304475,68516168445415,0,0
01.258.944/0001-26,2022-09-30,1,45035110304475,68516168445415,0,0
01.258.944/0001-26,2022-12-31,1,45035110304475,68516168445415,0,0
01.258.944/0001-26,2023-03-31,1,45035110304475,68516168445415,0,0
01.258.944/0001-26,2023-06-30,1,45035110304475,68516168445415,0,0
01.258.944/0001-26,2023-09-30,1,45035110304475,68516168445415,0,0
01.258.944/0001-26,2023-12-31,1,45088652104779,68597626645111,0,0
01.258.944/0001-26,2024-03-31,1,45088652104779,68597626645111,0,0
01.258.944/0001-26,2024-06-30,2,486445936413395,740076164875659,0,0
01.258.944/0001-26,2024-09-30,1,315866393927623,480557389696029,0,0
01.258.944/0001-26,2024-12-31,1,315866393927623,480557389696029,0,0
01.258.944/0001-26,2025-03-31,1,2767153548012,4209932146895,0,0
01.258.944/0001-26,2025-06-30,1,2773499242863,4219586452044,0,0
01.258.944/0001-26,2025-09-30,1,2773499242863,4219586452044,0,0
01.258.944/0001-26,2025-12-31,1,2773499242863,4219586452044,0,0
01.258.944/0001-26,2026-03-31,1,2773499242863,4219586452044,0,0
01.258.944/0001-26,2026-06-30,1,2773499242863,4219586452044,0,0
01.319.044/0001-41,2020-03-31,1,100,0,0,0
01.319.044/0001-41,2020-06-30,1,100,0,0,0
01.319.044/0001-41,2020-09-30,1,100,0,0,0
01.319.044/0001-41,2020-12-31,1,100,0,0,0
01.319.044/0001-41,2021-03-31,1,100,0,0,0
01.319.044/0001-41,2021-06-30,1,100,0,0,0
01.319.044/0001-41,2021-09-30,1,100,0,0,0
01.319.044/0001-41,2021-12-31,1,100,0,0,0
01.319.044/0001-41,2022-03-31,1,100,0,0,0
01.319.044/0001-41,2022-06-30,1,100,0,0,0
01.319.044/0001-41,2022-09-30,1,100,0,0,0
01.319.044/0001-41,2022-12-31,1,100,0,0,0
01.319.044/0001-41,2023-03-31,1,100,0,0,0
01.319.044/0001-41,2023-06-30,1,100,0,0,0
01.319.044/0001-41,2023-09-30,1,100,0,0,0
01.319.044/0001-41,2023-12-31,1,100,0,0,0
01.319.044/0001-41,2024-03-31,1,100,0,0,0
01.319.044/0001-41,2024-06-30,1,100,0,0,0
01.319.044/0001-41,2024-09-30,1,100,0,0,0
01.319.044/0001-41,2024-12-31,1,100,0,0,0
01.319.044/0001-41,2025-03-31,1,100,0,0,0
01.319.044/0001-41,2025-06-30,1,100,0,0,0
01.319.044/0001-41,2025-09-30,1,100,0,0,0
01.319.044/0001-41,2025-12-31,1,100,0,0,0
01.319.044/0001-41,2026-03-31,1,100,0,0,0
01.319.044/0001-41,2026-06-30,1,100,0,0,0
01.417.222/0001-77,2020-03-31,1,188333,151667,0,0
01.417.222/0001-77,2020-06-30,1,188333,151667,0,0
01.417.222/0001-77,2020-09-30,1,188333,151667,0,0
01.417.222/0001-77,2020-12-31,1,188333,151667,0,0
01.417.222/0001-77,2021-03-31,1,188333,151667,0,0
01.417.222/0001-77,2021-06-30,1,188333,151667,0,0
01.417.222/0001-77,2021-09-30,1,188333,151667,0,0
01.417.222/0001-77,2021-12-31,1,188333,151667,0,0
01.417.222/0001-77,2022-03-31,1,188333,151667,0,0
01.417.222/0001-77,2022-06-30,1,188333,151667,0,0
01.417.222/0001-77,2022-09-30,1,188333,151667,0,0
01.417.222/0001-77,2022-12-31,2,188333,151667,0,0
01.417.222/0001-77,2023-03-31,1,188333,151667,0,0
01.417.222/0001-77,2023-06-30,1,188333,151667,0,0
01.417.222/0001-77,2023-09-30,1,188333,151667,1122,901
01.417.222/0001-77,2023-12-31,1,187210,150767,0,0
01.417.222/0001-77,2024-03-31,1,187210,150767,0,0
01.417.222/0001-77,2024-06-30,1,187210,150767,0,0
01.417.222/0001-77,2024-09-30,1,187210,150767,0,0
01.417.222/0001-77,2024-12-31,1,187210,150767,0,0
01.417.222/0001-77,2025-03-31,1,187210,150767,0,0
01.417.222/0001-77,2025-06-30,1,187210,150767,0,0
01.417.222/0001-77,2025-09-30,1,187210,150767,0,0
01.417.222/0001-77,2025-12-31,1,187210,150767,0,0
01.417.222/0001-77,2026-03-31,1,187210,150767,0,0
01.417.222/0001-77,2026-06-30,1,187210,150767,0,0
01.468.594/0001-22,2020-12-31,1,4569495,2926086,0,0
01.468.594/0001-22,2021-03-31,2,60000000,0,0,0
01.468.594/0001-22,2021-06-30,1,60000000,0,0,0
01.468.594/0001-22,2021-09-30,1,60000000,0,0,0
01.468.594/0001-22,2021-12-31,1,60000000,0,0,0
01.543.032/0001-04,2020-03-31,1,255286739,0,0,0
01.543.032/0001-04,2020-06-30,1,255286739,0,0,0
01.543.032/0001-04,2020-09-30,1,255286739,0,0,0
01.543.032/0001-04,2020-12-31,1,255286739,0,0,0
01.543.032/0001-04,2021-03-31,1,283067254,0,0,0
01.543.032/0001-04,2021-06-30,1,283067254,0,0,0
01.543.032/0001-04,2021-09-30,1,283067254,0,0,0
01.543.032/0001-04,2021-12-31,1,283067254,0,0,0
01.543.032/0001-04,2022-03-31,1,283067254,0,0,0
01.543.032/0001-04,2022-06-30,1,283067254,0,0,0
01.543.032/0001-04,2022-09-30,1,283067254,0,0,0
01.543.032/0001-04,2022-12-31,1,283067254,0,0,0
01.543.032/0001-04,2023-03-31,1,283067254,0,0,0
01.543.032/0001-04,2023-06-30,2,283067254,0,0,0
01.543.032/0001-04,2023-09-30,1,283067254,0,0,0
01.543.032/0001-04,2023-12-31,1,283067254,0,0,0
01.543.032/0001-04,2024-03-31,1,283067254,0,0,0
01.543.032/0001-04,2024-06-30,1,283067254,0,0,0
01.543.032/0001-04,2024-09-30,2,283067254,0,0,0
01.543.032/0001-04,2024-12-31,1,283067254,0,0,0
01.543.032/0001-04,2025-03-31,1,283067254,0,0,0
01.543.032/0001-04,2025-06-30,1,283067254,0,0,0
01.543.032/0001-04,2025-09-30,1,283067254,0,0,0
01.543.032/0001-04,2025-12-31,1,283067254,0,0,0
01.543.032/0001-04,2026-03-31,1,283067254,0,0,0
01.543.032/0001-04,2026-06-30,1,283067254,0,0,0
01.545.826/0001-07,2020-03-31,1,120000,0,1672,0
01.545.826/0001-07,2020-06-30,1,120000,0,391,0
01.545.826/0001-07,2020-09-30,1,290732,0,342,0
01.545.826/0001-07,2020-12-31,1,300676,0,342,0
01.545.826/0001-07,2021-03-31,1,300676,0,342,0
01.545.826/0001-07,2021-06-30,1,309553,0,342,0
01.545.826/0001-07,2021-09-30,1,337446,0,296,0
01.545.826/0001-07,2021-12-31,1,337445,0,296,0
01.545.826/0001-07,2022-03-31,1,337445,0,296,0
01.545.826/0001-07,2022-06-30,1,337445,0,296,0
01.545.826/0001-07,2022-09-30,1,37884,0,33,0
01.545.826/0001-07,2022-12-31,2,51139,0,33,0
01.545.826/0001-07,2023-03-31,1,51140,0,33,0
01.545.826/0001-07,2023-06-30,1,60422,0,33,0
01.545.826/0001-07,2023-09-30,1,63260,0,33,0
01.545.826/0001-07,2023-12-31,1,63267,0,33,0
01.545.826/0001-07,2024-03-31,1,69330,0,33,0
01.545.826/0001-07,2024-06-30,1,89410,33,0,0
01.545.826/0001-07,2024-09-30,1,115936,0,32913,0
01.545.826/0001-07,2024-12-31,1,115936,0,32913,0
01.545.826/0001-07,2025-03-31,1,134576,0,33,0
01.545.826/0001-07,2025-06-30,1,6729,0,2,0
01.545.826/0001-07,2025-09-30,1,11162,0,2,0
01.545.826/0001-07,2025-12-31,1,11162,0,1646,0
01.545.826/0001-07,2026-03-31,1,24516,0,2,0
01.548.981/0001-79,2020-03-31,1,792,1572,0,0
01.548.981/0001-79,2020-06-30,1,792,1572,0,0
01.548.981/0001-79,2020-09-30,1,792,1572,0,0
01.548.981/0001-79,2020-12-31,1,792,1572,0,0
01.548.981/0001-79,2021-03-31,1,792,1572,0,0
01.548.981/0001-79,2021-06-30,1,792,1572,0,0
01.548.981/0001-79,2021-09-30,1,792,1572,0,0
01.548.981/0001-79,2021-12-31,1,792,1572,0,0
01.548.981/0001-79,2022-03-31,1,792,1572,0,0
01.548.981/0001-79,2022-06-30,2,792,1572,0,0
01.548.981/0001-79,2022-09-30,2,792,1572,0,0
01.548.981/0001-79,2022-12-31,2,792,1572,0,0
01.548.981/0001-79,2023-03-31,1,792,1572,0,0
01.548.981/0001-79,2023-06-30,1,792,1572,0,0
01.548.981/0001-79,2023-09-30,1,792,1572,0,0
01.548.981/0001-79,2023-12-31,1,792,1572,0,0
01.548.981/0001-79,2024-03-31,1,792,1572,0,0
01.548.981/0001-79,2024-06-30,1,792,1572,0,0
01.548.981/0001-79,2024-09-30,1,792,1572,0,0
01.548.981/0001-79,2024-12-31,1,792,1572,0,0
01.548.981/0001-79,2025-03-31,1,792,1572,0,0
01.548.981/0001-79,2025-06-30,1,792,1572,0,0
01.548.981/0001-79,2025-09-30,1,792,1572,0,0
01.548.981/0001-79,2025-12-31,1,792,1572,0,0
01.548.981/0001-79,2026-03-31,1,792,1572,0,0
01.548.981/0001-79,2026-06-30,1,792,1572,0,0
01.599.101/0001-93,2020-03-31,1,4942408361,900,0,0
01.599.101/0001-93,2020-06-30,1,4942408361,900,0,0
01.599.101/0001-93,2020-09-30,1,98848161,0,0,0
01.599.101/0001-93,2020-12-31,1,127150021,0,0,0
01.599.101/0001-93,2021-03-31,1,129246255,0,0,0
01.599.101/0001-93,2021-06-30,1,138468249,0,0,0
01.599.101/0001-93,2021-09-30,1,139431109,0,0,0
01.599.101/0001-93,2021-12-31,1,139431109,0,0,0
01.599.101/0001-93,2022-03-31,1,139898823,0,0,0
01.599.101/0001-93,2022-06-30,1,140270473,0,0,0
01.599.101/0001-93,2022-09-30,1,140270473,0,0,0
01.599.101/0001-93,2022-12-31,1,140287686,0,0,0
01.599.101/0001-93,2023-03-31,1,140584517,0,0,0
01.599.101/0001-93,2023-06-30,1,140702013,0,0,0
01.599.101/0001-93,2023-09-30,1,206985433,0,0,0
01.599.101/0001-93,2023-12-31,1,351837605,0,0,0
01.599.101/0001-93,2024-03-31,1,389648916,0,0,0
01.599.101/0001-93,2024-06-30,1,20039539,0,0,0
01.599.101/0001-93,2024-09-30,1,22417664,0,0,0
01.599.101/0001-93,2024-12-31,1,22805854,0,0,0
01.599.101/0001-93,2025-03-31,1,35361107,0,0,0
01.599.101/0001-93,2025-06-30,1,50311576,0,0,0
01.599.101/0001-93,2025-09-30,1,53801008,0,0,0
01.599.101/0001-93,2025-12-31,2,11984556,0,0,0
01.599.101/0001-93,2026-03-31,1,6249033484,0,0,0
01.599.101/0001-93,2026-06-30,1,6370488672,0,0,0
01.616.929/0001-02,2020-03-31,1,477641274,2037905093,0,0
01.616.929/0001-02,2020-06-30,1,1866906374,648639993,0,0
01.616.929/0001-02,2020-09-30,1,1866906374,648639993,0,0
01.616.929/0001-02,2020-12-31,2,2037905094,477641274,0,0
01.616.929/0001-02,2021-03-31,3,1866906375,648639993,0,0
01.616.929/0001-02,2021-06-30,1,1866906375,648639993,0,0
01.616.929/0001-02,2021-09-30,1,1866906375,648639993,0,0
01.616.929/0001-02,2021-12-31,3,1866906374,648639993,0,0
01.616.929/0001-02,2022-03-31,1,1866906374,648639993,0,0
01.616.929/0001-02,2022-06-30,1,1866906374,648639993,0,0
01.616.929/0001-02,2022-09-30,1,1866906374,648639993,0,0
01.616.929/0001-02,2022-12-31,1,1866906374,648639993,0,0
01.616.929/0001-02,2023-03-31,1,1866906374,648639993,0,0
01.616.929/0001-02,2023-06-30,1,1866906374,648639993,0,0
01.616.929/0001-02,2023-09-30,1,1866906375,648639993,0,0
01.616.929/0001-02,2023-12-31,3,1866906375,648639993,0,0
01.616.929/0001-02,2024-03-31,1,1866906375,648639993,0,0
01.616.929/0001-02,2024-06-30,1,1866906375,648639993,0,0
01.616.929/0001-02,2024-09-30,1,1866906374,648639993,0,0
01.616.929/0001-02,2024-12-31,1,1866906374,648639993,0,0
01.616.929/0001-02,2025-03-31,1,1866906374,648639993,0,0
01.616.929/0001-02,2025-06-30,1,1866906374,648639993,0,0
01.616.929/0001-02,2025-09-30,1,1866906374,648639993,0,0
01.616.929/0001-02,2025-12-31,1,1866906374,648639993,0,0
01.616.929/0001-02,2026-03-31,1,1866906374,648639993,0,0
01.616.929/0001-02,2026-06-30,1,1866906374,648639993,0,0
01.637.895/0001-32,2022-12-31,1,9225042782,300571428,0,0
01.637.895/0001-32,2023-03-31,1,9225042782,300571428,0,0
01.637.895/0001-32,2023-06-30,1,9225042782,300571428,0,0
01.637.895/0001-32,2023-09-30,1,9225042782,300571428,0,0
01.637.895/0001-32,2023-12-31,1,9225042782,300571428,0,0
01.637.895/0001-32,2024-03-31,1,9225042782,300571428,0,0
01.637.895/0001-32,2024-06-30,1,9225042782,300571428,0,0
01.637.895/0001-32,2024-09-30,2,9225042782,300571428,0,0
01.637.895/0001-32,2024-12-31,1,9225042782,300571428,0,0
01.637.895/0001-32,2025-03-31,1,9225042782,300571428,0,0
01.637.895/0001-32,2025-06-30,1,9225042782,300571428,0,0
01.637.895/0001-32,2025-09-30,1,9225042782,300571428,0,0
01.637.895/0001-32,2025-12-31,1,9225042782,300571428,0,0
01.637.895/0001-32,2026-03-31,1,9225042782,300571428,0,0
01.637.895/0001-32,2026-06-30,1,9225692924,300571428,0,0
01.838.723/0001-27,2020-03-31,1,812473246,0,713446,0
01.838.723/0001-27,2020-06-30,2,812473246,0,5310626,0
01.838.723/0001-27,2020-09-30,3,812473246,0,4766084,0
01.838.723/0001-27,2020-12-31,1,812473246,0,4766084,0
01.838.723/0001-27,2021-03-31,1,812473246,0,4766084,0
01.838.723/0001-27,2021-06-30,1,812473246,0,4083804,0
01.838.723/0001-27,2021-09-30,1,812473246,0,4061680,0
01.838.723/0001-27,2021-12-31,1,812473246,0,5053554,0
01.838.723/0001-27,2022-03-31,1,1082473246,0,5053554,0
01.838.723/0001-27,2022-06-30,1,1082473246,0,4545683,0
01.838.723/0001-27,2022-09-30,1,1082473246,0,4356397,0
01.838.723/0001-27,2022-12-31,1,1082473246,0,4356397,0
01.838.723/0001-27,2023-03-31,1,1078116849,0,4356397,0
01.838.723/0001-27,2023-06-30,1,1082473246,0,4206779,0
01.838.723/0001-27,2023-09-30,1,1682473246,0,3817179,0
01.838.723/0001-27,2023-12-31,1,1682473246,0,3817179,0
01.838.723/0001-27,2024-03-31,1,1682473246,0,14036779,0
01.838.723/0001-27,2024-06-30,1,1682473246,0,23925871,0
01.838.723/0001-27,2024-09-30,1,1682473246,0,44306771,0
01.838.723/0001-27,2024-12-31,1,1682473246,0,61629171,0
01.838.723/0001-27,2025-03-31,1,1682473246,0,82673171,0
01.838.723/0001-27,2025-06-30,1,1682473246,0,80772898,0
01.838.723/0001-27,2025-09-30,1,1592192459,0,0,0
01.838.723/0001-27,2025-12-31,1,1592192459,0,0,0
01.838.723/0001-27,2026-03-31,1,1592192459,0,0,0
01.838.723/0001-27,2026-06-30,1,1592192459,0,0,0
01.851.771/0001-55,2020-03-31,1,228361901,0,0,0
01.851.771/0001-55,2020-06-30,1,228361901,0,0,0
01.851.771/0001-55,2020-09-30,1,228360991,0,0,0
01.851.771/0001-55,2020-12-31,1,228361901,0,0,0
01.851.771/0001-55,2021-03-31,1,228361901,0,0,0
01.851.771/0001-55,2021-06-30,1,446808503,0,0,0
01.851.771/0001-55,2021-09-30,1,446808503,0,0,0
01.851.771/0001-55,2021-12-31,2,446808503,0,0,0
01.851.771/0001-55,2022-03-31,1,446808503,0,0,0
01.851.771/0001-55,2022-06-30,1,1377041061,0,0,0
01.851.771/0001-55,2022-09-30,1,1377041061,0,0,0
01.851.771/0001-55,2022-12-31,1,1377041061,0,0,0
01.851.771/0001-55,2023-03-31,1,1377041061,0,0,0
01.851.771/0001-55,2023-06-30,1,4234183918,0,0,0
01.851.771/0001-55,2023-09-30,1,4234183918,0,0,0
01.851.771/0001-55,2023-12-31,1,4234183918,0,0,0
01.851.771/0001-55,2024-03-31,1,4234183918,0,0,0
01.851.771/0001-55,2024-06-30,1,10116536859,0,0,0
01.851.771/0001-55,2024-09-30,1,10116536859,0,0,0
01.851.771/0001-55,2024-12-31,1,10116536859,0,0,0
01.851.771/0001-55,2025-03-31,1,10116536859,0,0,0
01.851.771/0001-55,2025-06-30,1,30116535949,0,0,0
01.851.771/0001-55,2025-09-30,1,30116536859,0,0,0
01.851.771/0001-55,2025-12-31,1,30116536859,0,0,0
01.851.771/0001-55,2026-03-31,1,289505351,0,0,0
01.851.771/0001-55,2026-06-30,1,289505351,0,0,0
01.858.774/0001-10,2020-03-31,1,510,0,0,0
01.896.779/0001-38,2020-03-31,1,41800,0,696,0
01.896.779/0001-38,2020-06-30,1,41800,0,696,0
01.896.779/0001-38,2020-09-30,2,41800,0,696,0
01.896.779/0001-38,2020-12-31,1,41800,0,691,0
01.896.779/0001-38,2021-03-31,1,41800,0,691,0
01.896.779/0001-38,2021-06-30,1,41800,0,691,0
01.896.779/0001-38,2021-09-30,1,41800,0,656,0
01.896.779/0001-38,2021-12-31,2,41800,0,661,0
01.896.779/0001-38,2022-03-31,1,41800,0,657,0
01.896.779/0001-38,2022-06-30,1,41800,0,654,0
01.896.779/0001-38,2022-09-30,1,41800,0,571,0
01.896.779/0001-38,2022-12-31,2,41800,0,571,0
01.896.779/0001-38,2023-03-31,1,41800,0,567,0
01.896.779/0001-38,2023-06-30,1,41800,0,564,0
01.896.779/0001-38,2023-09-30,1,41800,0,543,0
01.896.779/0001-38,2023-12-31,1,41800,0,544,0
01.896.779/0001-38,2024-03-31,1,41800000,0,544,0
01.896.779/0001-38,2024-06-30,1,41800,0,522,0
01.896.779/0001-38,2024-09-30,1,41800,0,519,0
01.896.779/0001-38,2024-12-31,2,41800,0,519,0
01.896.779/0001-38,2025-03-31,1,41800,0,519,0
01.896.779/0001-38,2025-06-30,1,41800,0,458,0
01.896.779/0001-38,2025-09-30,1,41800,0,451,0
01.896.779/0001-38,2025-12-31,1,41800,0,451,0
01.896.779/0001-38,2026-03-31,1,41800,0,450,0
01.896.779/0001-38,2026-06-30,1,41800,0,450,0
01.917.818/0001-36,2020-03-31,1,77421581,0,0,0
01.917.818/0001-36,2020-06-30,1,77421581,0,0,0
01.917.818/0001-36,2020-09-30,1,77421581,0,0,0
01.917.818/0001-36,2020-12-31,1,77421581,0,0,0
01.917.818/0001-36,2021-03-31,2,77421581,0,0,0
01.917.818/0001-36,2021-06-30,1,77421581,0,0,0
01.917.818/0001-36,2021-09-30,2,77421581,0,0,0
01.917.818/0001-36,2021-12-31,1,77421581,0,0,0
01.917.818/0001-36,2022-03-31,2,77421581,0,0,0
01.917.818/0001-36,2022-06-30,1,77421581,0,0,0
01.917.818/0001-36,2022-09-30,2,77421581,0,0,0
01.917.818/0001-36,2022-12-31,1,77421581,0,0,0
01.917.818/0001-36,2023-03-31,2,77421581,0,0,0
01.917.818/0001-36,2023-06-30,1,77421581,0,0,0
01.917.818/0001-36,2023-09-30,1,77421581,0,0,0
01.917.818/0001-36,2023-12-31,1,77421581,0,0,0
01.917.818/0001-36,2024-03-31,1,77421581,0,0,0
01.917.818/0001-36,2024-06-30,1,77421581,0,0,0
01.917.818/0001-36,2024-09-30,1,77421581,0,0,0
01.917.818/0001-36,2024-12-31,1,77421581,0,0,0
01.917.818/0001-36,2025-03-31,1,77421581,0,0,0
01.917.818/0001-36,2025-06-30,1,77642271,0,0,0
01.917.818/0001-36,2025-09-30,1,77642271,0,0,0
01.917.818/0001-36,2025-12-31,1,81503425,0,77421581,0
01.917.818/0001-36,2026-03-31,1,81503425,0,0,0
01.917.818/0001-36,2026-06-30,1,81503425,0,0,0
01.938.783/0001-11,2020-03-31,1,6425139,6425139,0,0
01.938.783/0001-11,2020-06-30,2,6425139,6425139,0,0
01.938.783/0001-11,2020-09-30,1,6425139,6425139,0,0
01.938.783/0001-11,2020-12-31,1,6425139,6425139,0,0
01.938.783/0001-11,2021-03-31,1,6425139,6425139,0,0
01.938.783/0001-11,2021-06-30,1,6425139,6425139,0,0
01.938.783/0001-11,2021-09-30,1,6425139,6425139,0,0
01.938.783/0001-11,2021-12-31,1,6425139,6425139,0,0
01.938.783/0001-11,2022-03-31,1,6425139,6425139,0,0
01.938.783/0001-11,2022-06-30,1,6425139,6425139,0,0
01.938.783/0001-11,2022-09-30,1,6425139,6425139,0,0
01.938.783/0001-11,2022-12-31,1,6425139,6425139,0,0
01.938.783/0001-11,2023-03-31,1,6425139,6425139,0,0
01.938.783/0001-11,2023-06-30,1,6425139,6425139,0,0
01.938.783/0001-11,2023-09-30,1,6425139,6425139,0,0
01.938.783/0001-11,2023-12-31,2,6425139,6425139,0,0
01.938.783/0001-11,2024-03-31,1,9495733,9412283,0,0
01.938.783/0001-11,2024-06-30,1,9495733,9412283,0,0
01.938.783/0001-11,2024-09-30,1,9495733,9412283,0,0
01.938.783/0001-11,2024-12-31,2,9495733,9412283,2271,350
01.938.783/0001-11,2025-03-31,1,9495733,9412283,2271,350
01.938.783/0001-11,2025-06-30,1,9495733,9412283,2271,350
01.938.783/0001-11,2025-09-30,1,9495733,9412283,2271,350
01.938.783/0001-11,2025-12-31,1,9317262,8821712,0,0
01.938.783/0001-11,2026-03-31,1,9317262,8821712,0,0
01.938.783/0001-11,2026-06-30,1,9317262,8821712,0,0
01.957.772/0001-89,2020-03-31,1,83596903,0,0,0
01.957.772/0001-89,2020-06-30,2,83596903,0,0,0
01.957.772/0001-89,2020-09-30,1,83596903,0,0,0
01.957.772/0001-89,2020-12-31,1,83596903,0,0,0
01.957.772/0001-89,2021-03-31,1,83596903,0,0,0
01.957.772/0001-89,2021-06-30,1,83596903,0,0,0
01.957.772/0001-89,2021-09-30,1,83596903,0,0,0
01.957.772/0001-89,2021-12-31,1,85596903,0,0,0
01.957.772/0001-89,2022-03-31,3,83597,0,0,0
01.957.772/0001-89,2022-06-30,1,83597,0,0,0
01.957.772/0001-89,2022-09-30,1,83597,0,0,0
01.957.772/0001-89,2022-12-31,1,83597,0,0,0
01.957.772/0001-89,2023-03-31,2,83596903,0,0,0
01.957.772/0001-89,2023-06-30,2,835969030,0,0,0
01.957.772/0001-89,2023-09-30,1,83597,0,0,0
01.957.772/0001-89,2023-12-31,2,83596903,0,0,0
01.957.772/0001-89,2024-03-31,2,83597,0,0,0
01.957.772/0001-89,2024-06-30,3,83596903,0,0,0
01.957.772/0001-89,2024-09-30,2,83596903,0,0,0
01.957.772/0001-89,2024-12-31,1,83596903,0,0,0
01.957.772/0001-89,2025-03-31,1,83596903,0,0,0
01.957.772/0001-89,2025-06-30,1,83596903,0,0,0
01.957.772/0001-89,2025-09-30,1,83596903,0,0,0
01.957.772/0001-89,2025-12-31,1,83596903,0,0,0
01.957.772/0001-89,2026-03-31,1,83596903,0,0,0
01.957.772/0001-89,2026-06-30,1,83596903,0,0,0
01.968.293/0001-68,2021-12-31,1,30829941,30829941,0,0
01.968.293/0001-68,2022-03-31,1,61659882,0,0,0
01.968.293/0001-68,2022-06-30,1,61659882,0,0,0
01.968.293/0001-68,2022-09-30,1,65931482,0,0,0
01.968.293/0001-68,2022-12-31,1,61659882,0,0,0
01.968.293/0001-68,2023-03-31,1,61659882,0,0,0
01.968.293/0001-68,2023-06-30,1,61659882,0,0,0
01.968.293/0001-68,2023-09-30,1,30829941,30829941,0,0
01.968.293/0001-68,2023-12-31,1,30829941,30829941,0,0
01.968.293/0001-68,2024-03-31,1,61659882,0,0,0
01.968.293/0001-68,2024-06-30,1,61659882,0,0,0
01.968.293/0001-68,2024-09-30,1,30829941,30829941,0,0
01.968.293/0001-68,2024-12-31,1,30829941,30829941,0,0
01.968.293/0001-68,2025-03-31,1,30829941,30829941,0,0
01.968.293/0001-68,2025-06-30,1,30829941,30829941,0,0
01.968.293/0001-68,2025-09-30,1,30829941,30829941,0,0
01.968.293/0001-68,2025-12-31,1,30829941,30829941,0,0
01.971.614/0001-83,2020-03-31,1,1026,874,0,0
01.971.614/0001-83,2020-06-30,1,1026,874,0,0
01.971.614/0001-83,2020-09-30,1,1026,874,0,0
01.971.614/0001-83,2020-12-31,1,1026,874,0,0
01.971.614/0001-83,2021-03-31,1,1026,874,0,0
01.971.614/0001-83,2021-06-30,1,1026,874,0,0
01.971.614/0001-83,2021-09-30,1,1026,874,0,0
01.971.614/0001-83,2021-12-31,1,1026,874,0,0
01.989.044/0001-59,2020-03-31,1,1000,0,0,0
01.989.044/0001-59,2020-06-30,1,1000,0,0,0
01.989.044/0001-59,2020-09-30,1,1000,0,0,0
01.989.044/0001-59,2020-12-31,1,1000,0,0,0
01.989.044/0001-59,2021-03-31,1,1000,0,0,0
01.989.044/0001-59,2021-06-30,1,1000,0,0,0
01.989.044/0001-59,2021-09-30,1,1000,0,0,0
01.989.044/0001-59,2021-12-31,2,1000,0,0,0
01.989.044/0001-59,2022-03-31,1,1000,0,0,0
01.989.044/0001-59,2022-06-30,1,1000,0,0,0
01.989.044/0001-59,2022-09-30,1,1000,0,0,0
01.989.044/0001-59,2022-12-31,1,1000,0,0,0
01.989.044/0001-59,2023-03-31,1,1000,0,0,0
01.989.044/0001-59,2023-06-30,1,1000,0,0,0
01.989.044/0001-59,2023-09-30,1,1000,0,0,0
01.989.044/0001-59,2023-12-31,1,1000,0,0,0
01.989.044/0001-59,2024-03-31,1,1000,0,0,0
01.989.044/0001-59,2024-06-30,1,1000,0,0,0
01.989.044/0001-59,2024-09-30,1,1000,0,0,0
01.989.044/0001-59,2024-12-31,1,1000,0,0,0
01.989.044/0001-59,2025-03-31,2,1000,0,0,0
01.989.044/0001-59,2025-06-30,1,1000,0,0,0
01.989.044/0001-59,2025-09-30,1,1000,0,0,0
01.989.044/0001-59,2025-12-31,1,1000,0,0,0
01.989.044/0001-59,2026-03-31,1,1000,0,0,0
01.989.044/0001-59,2026-06-30,1,1000,0,0,0
02.016.440/0001-62,2020-03-31,1,1125427,0,0,0
02.016.440/0001-62,2020-06-30,1,1125427,0,0,0
02.016.440/0001-62,2020-09-30,1,1125427,0,0,0
02.016.440/0001-62,2020-12-31,1,1125427,0,0,0
02.016.440/0001-62,2021-03-31,1,1125427,0,0,0
02.016.440/0001-62,2021-06-30,1,1125427,0,0,0
02.016.440/0001-62,2021-09-30,1,1125427,0,0,0
02.016.440/0001-62,2021-12-31,1,1125427,0,0,0
02.016.440/0001-62,2022-03-31,1,1125427,0,0,0
02.016.440/0001-62,2022-06-30,1,1125427,0,0,0
02.016.440/0001-62,2022-09-30,1,1125427,0,0,0
02.016.440/0001-62,2022-12-31,1,1125427,0,0,0
02.016.440/0001-62,2023-03-31,1,1125427,0,0,0
02.016.440/0001-62,2023-06-30,1,1125427,0,0,0
02.016.440/0001-62,2023-09-30,1,1125427,0,0,0
02.016.440/0001-62,2023-12-31,1,1125427,0,0,0
02.016.440/0001-62,2024-03-31,1,1125427,0,0,0
02.016.440/0001-62,2024-06-30,1,1125427,0,0,0
02.016.440/0001-62,2024-09-30,1,1125427,0,0,0
02.016.440/0001-62,2024-12-31,1,1125427,0,0,0
02.016.440/0001-62,2025-03-31,1,1125427,0,0,0
02.016.440/0001-62,2025-06-30,1,1125427,0,0,0
02.016.440/0001-62,2025-09-30,1,1125427,0,0,0
02.016.440/0001-62,2025-12-31,1,1125427,0,0,0
02.016.440/0001-62,2026-03-31,1,1125427,0,0,0
02.016.440/0001-62,2026-06-30,1,1125427,0,0,0
02.016.507/0001-69,2023-12-31,1,499362292202,0,6540876,0
02.016.507/0001-69,2024-03-31,1,499362292202,0,6540876,0
02.016.507/0001-69,2024-06-30,1,499362292202,0,6540876,0
02.016.507/0001-69,2024-09-30,1,499362292202,0,6540876,0
02.016.507/0001-69,2024-12-31,1,499362292202,0,6540876,0
02.016.507/0001-69,2025-03-31,1,499362292202,0,6540876,0
02.016.507/0001-69,2025-06-30,1,499362292202,0,6540876,0
02.016.507/0001-69,2025-09-30,1,499362292202,0,6540876,0
02.016.507/0001-69,2025-12-31,1,499362292202,0,6540876,0
02.016.507/0001-69,2026-03-31,1,499362292202,0,6540876,0
02.016.507/0001-69,2026-06-30,1,499362292202,0,6540876,0
02.031.413/0001-69,2022-12-31,1,497216581900,0,0,0
02.031.413/0001-69,2023-03-31,1,497216581900,0,0,0
02.031.413/0001-69,2023-06-30,1,497216581900,0,0,0
02.031.413/0001-69,2023-09-30,1,497216581900,0,0,0
02.031.413/0001-69,2023-12-31,1,546165581900,0,0,0
02.031.413/0001-69,2024-03-31,1,546165581900,0,0,0
02.031.413/0001-69,2024-06-30,1,546165581900,0,0,0
02.031.413/0001-69,2024-09-30,1,622676981900,0,0,0
02.041.460/0001-93,2021-12-31,1,2066887,0,0,0
02.041.460/0001-93,2022-03-31,1,2066887,0,0,0
02.041.460/0001-93,2022-06-30,1,12997591191,0,0,0
02.041.460/0001-93,2022-09-30,1,164690130,0,0,0
02.041.460/0001-93,2022-12-31,1,16380772850,0,0,0
02.041.460/0001-93,2023-03-31,1,16380772850,0,0,0
02.041.460/0001-93,2023-06-30,1,16380772850,0,0,0
02.041.460/0001-93,2023-09-30,1,17905442370,0,0,0
02.041.460/0001-93,2023-12-31,1,17905442370,0,0,0
02.041.460/0001-93,2024-03-31,1,17905442370,0,0,0
02.041.460/0001-93,2024-06-30,2,32872881,0,0,0
02.041.460/0001-93,2024-09-30,1,32872880971,0,0,0
02.041.460/0001-93,2024-12-31,1,32872880971,0,0,0
02.041.460/0001-93,2025-03-31,1,37633780974,0,0,0
02.041.460/0001-93,2025-06-30,1,37633780974,0,0,0
02.041.460/0001-93,2025-09-30,1,37964973947,0,0,0
02.041.460/0001-93,2025-12-31,1,37964973947,0,0,0
02.041.460/0001-93,2026-03-31,1,37964973947,0,0,0
02.041.460/0001-93,2026-06-30,1,37964973947,0,0,0
02.062.747/0001-08,2020-03-31,1,126178324,0,0,0
02.062.747/0001-08,2020-06-30,1,126178324,0,0,0
02.062.747/0001-08,2020-09-30,1,126178324,0,0,0
02.062.747/0001-08,2020-12-31,1,126178324,0,0,0
02.062.747/0001-08,2021-03-31,1,126178324,0,0,0
02.062.747/0001-08,2021-06-30,1,1092087415,0,0,0
02.062.747/0001-08,2021-09-30,1,1092087415,0,0,0
02.062.747/0001-08,2021-12-31,1,1092087415,0,0,0
02.062.747/0001-08,2022-03-31,1,1092087415,0,0,0
02.062.747/0001-08,2022-06-30,1,2967087415,0,0,0
02.062.747/0001-08,2022-09-30,1,2967087415,0,0,0
02.062.747/0001-08,2022-12-31,1,2967087415,0,0,0
02.062.747/0001-08,2023-03-31,1,2967087415,0,0,0
02.062.747/0001-08,2023-06-30,1,8184478719,0,0,0
02.062.747/0001-08,2023-09-30,1,8184478719,0,0,0
02.062.747/0001-08,2023-12-31,2,7104910427101,0,0,0
02.062.747/0001-08,2024-03-31,1,7104910427101,0,0,0
02.062.747/0001-08,2024-06-30,2,7513398999435,0,0,0
02.062.747/0001-08,2024-09-30,1,7521985933556,0,0,0
02.062.747/0001-08,2024-12-31,2,7521985933556,0,0,0
02.062.747/0001-08,2025-03-31,1,7521985933556,0,0,0
02.062.747/0001-08,2025-06-30,1,7530483602362,0,0,0
02.062.747/0001-08,2025-09-30,1,7530483602362,0,0,0
02.062.747/0001-08,2025-12-31,1,7530483602362,0,0,0
02.062.747/0001-08,2026-03-31,2,7530483602362,0,0,0
02.062.747/0001-08,2026-06-30,1,7530483602362,0,0,0
02.084.220/0001-76,2020-03-31,1,987,443,0,0
02.084.220/0001-76,2020-06-30,1,987,443,0,0
02.105.040/0001-23,2020-03-31,1,41403,246,0,0
02.105.040/0001-23,2020-06-30,2,41403,246,0,0
02.105.040/0001-23,2020-09-30,1,41403,246,0,0
02.105.040/0001-23,2020-12-31,1,41403,246,0,0
02.105.040/0001-23,2021-03-31,1,41403,246,0,0
02.105.040/0001-23,2021-06-30,1,41403,246,0,0
02.105.040/0001-23,2021-09-30,1,41403,246,0,0
02.105.040/0001-23,2021-12-31,1,41403,246,0,0
02.105.040/0001-23,2022-03-31,1,41403,246,0,0
02.149.205/0001-69,2020-03-31,1,323293,0,681,0
02.149.205/0001-69,2020-06-30,1,323293,0,1282,0
02.149.205/0001-69,2020-09-30,1,323293,0,1278,0
02.149.205/0001-69,2020-12-31,3,323293,0,3369,0
02.149.205/0001-69,2021-03-31,1,323293,0,3369,0
02.149.205/0001-69,2021-06-30,1,323293,0,3369,0
02.149.205/0001-69,2021-09-30,1,323293,0,3369,0
02.149.205/0001-69,2021-12-31,1,646586,0,8874,0
02.149.205/0001-69,2022-03-31,1,646586,0,8735,0
02.149.205/0001-69,2022-06-30,1,646586,0,8735,0
02.149.205/0001-69,2022-09-30,1,646586,0,8563,0
02.149.205/0001-69,2022-12-31,1,646586,0,8563,0
02.149.205/0001-69,2023-03-31,2,646586,0,6455,0
02.149.205/0001-69,2023-06-30,3,646586,0,5495,0
02.149.205/0001-69,2023-09-30,4,646586,0,5495,0
02.149.205/0001-69,2023-12-31,1,646586,0,5495,0
02.149.205/0001-69,2024-03-31,1,646586,0,4824,0
02.149.205/0001-69,2024-06-30,2,646586060,0,4880128,0
02.149.205/0001-69,2024-09-30,1,646586,0,4846,0
02.149.205/0001-69,2024-12-31,1,646586,0,6118,0
02.149.205/0001-69,2025-03-31,1,646586,0,4602,0
02.149.205/0001-69,2025-06-30,1,646586,0,2948,0
02.149.205/0001-69,2025-09-30,1,646586,0,4360,0
02.149.205/0001-69,2025-12-31,1,646586,0,6226,0
02.149.205/0001-69,2026-03-31,2,646586060,0,6264142,0
02.149.205/0001-69,2026-06-30,1,646586060,0,5593737,0
02.162.616/0001-94,2020-03-31,1,52437,0,0,0
02.162.616/0001-94,2020-06-30,1,52437,0,0,0
02.162.616/0001-94,2020-09-30,1,52437,0,0,0
02.162.616/0001-94,2020-12-31,1,52437,0,0,0
02.162.616/0001-94,2021-03-31,1,52437,0,0,0
02.162.616/0001-94,2021-06-30,1,52437,0,0,0
02.162.616/0001-94,2021-09-30,1,52437,0,0,0
02.162.616/0001-94,2021-12-31,1,52437,0,0,0
02.162.616/0001-94,2022-03-31,1,52437,0,0,0
02.162.616/0001-94,2022-06-30,1,52437,0,0,0
02.162.616/0001-94,2022-09-30,1,52437,0,0,0
02.162.616/0001-94,2022-12-31,1,52437,0,0,0
02.162.616/0001-94,2023-03-31,1,52437,0,0,0
02.162.616/0001-94,2023-06-30,2,52437,0,0,0
02.162.616/0001-94,2023-09-30,1,52437,0,0,0
02.162.616/0001-94,2023-12-31,2,52437,0,0,0
02.162.616/0001-94,2024-03-31,1,52437,0,0,0
02.162.616/0001-94,2024-06-30,1,52437,0,0,0
02.162.616/0001-94,2024-09-30,1,52437,0,0,0
02.171.304/0001-47,2025-12-31,1,8385516,0,0,0
02.171.304/0001-47,2026-03-31,1,8385516,0,0,0
02.171.304/0001-47,2026-06-30,1,8358516,0,0,0
02.193.750/0001-52,2020-03-31,1,5882782,384787,0,32260
02.193.750/0001-52,2020-06-30,1,5882782,384787,0,32260
02.193.750/0001-52,2020-09-30,1,29413910,1923935,0,161300
02.193.750/0001-52,2020-12-31,1,29413910,1923935,0,161300
02.193.750/0001-52,2021-03-31,1,29413910,1923935,0,161300
02.193.750/0001-52,2021-06-30,1,29413910,1923935,0,161300
02.193.750/0001-52,2021-09-30,2,88241730,5771805,0,448299
02.193.750/0001-52,2021-12-31,1,88241730,5771805,0,448299
02.193.750/0001-52,2022-03-31,1,88241730,5771805,0,367158
02.193.750/0001-52,2022-06-30,1,88241730,5771805,0,367158
02.193.750/0001-52,2022-09-30,1,88241730,5771805,0,365381
02.193.750/0001-52,2022-12-31,1,88241730,5771805,0,365381
02.193.750/0001-52,2023-03-31,1,88241730,5771805,0,365381
02.193.750/0001-52,2023-06-30,1,88241730,5771805,0,365381
02.193.750/0001-52,2023-09-30,1,88241730,5771805,0,365381
02.193.750/0001-52,2023-12-31,1,88241730,5771805,0,365381
02.193.750/0001-52,2024-03-31,1,88241730,5771805,0,365381
02.193.750/0001-52,2024-06-30,1,103538833,5771805,0,365381
02.193.750/0001-52,2024-09-30,1,103538833,5771805,81,361279
02.193.750/0001-52,2024-12-31,2,103538833,5771805,262281,361279
02.193.750/0001-52,2025-03-31,1,103538833,5771805,741581,361279
02.193.750/0001-52,2025-06-30,1,103538833,5771805,1018281,361279
02.193.750/0001-52,2025-09-30,1,103538833,5771805,1379881,361279
02.193.750/0001-52,2025-12-31,1,116481187,6493280,1868940,406438
02.193.750/0001-52,2026-03-31,1,116481187,6493280,2074040,387170
02.193.750/0001-52,2026-06-30,1,116481187,6493280,2272939,758622
02.201.787/0001-85,2020-03-31,1,2609000,30,0,0
02.201.787/0001-85,2020-06-30,1,2609000,30,0,0
02.201.787/0001-85,2020-09-30,1,2609000,30,0,0
02.201.787/0001-85,2020-12-31,1,2609000,30,0,0
02.201.787/0001-85,2021-03-31,1,2609000,30,0,0
02.201.787/0001-85,2021-06-30,1,2609000,30,0,0
02.201.787/0001-85,2021-09-30,1,2609000,30,0,0
02.201.787/0001-85,2021-12-31,1,2609000,30,0,0
02.201.787/0001-85,2022-03-31,1,2609000,30,0,0
02.201.787/0001-85,2022-06-30,1,2609000,30,0,0
02.201.787/0001-85,2022-09-30,1,2609000,30,0,0
02.201.787/0001-85,2022-12-31,1,2609000,0,0,0
02.201.787/0001-85,2023-03-31,1,2609000,30,0,0
02.201.787/0001-85,2023-06-30,1,2609000,30,0,0
02.201.787/0001-85,2023-09-30,1,2609000,30,0,0
02.201.787/0001-85,2023-12-31,1,2609000,30,0,0
02.201.787/0001-85,2024-03-31,1,2609000,30,0,0
02.201.787/0001-85,2024-06-30,1,2609000,30,0,0
02.201.787/0001-85,2024-09-30,1,2609000,30,0,0
02.201.787/0001-85,2024-12-31,1,2609000,30,0,0
02.201.787/0001-85,2025-03-31,1,2609000,30,0,0
02.201.787/0001-85,2025-06-30,1,2609000,30,0,0
02.201.787/0001-85,2025-09-30,1,26090000,30,0,0
02.201.787/0001-85,2025-12-31,1,2609000,30,0,0
02.201.787/0001-85,2026-03-31,1,2609000,30,0,0
02.201.787/0001-85,2026-06-30,1,2609000,30,0,0
02.217.319/0001-07,2020-03-31,1,116574000,0,0,0
02.217.319/0001-07,2020-06-30,1,116574000,0,0,0
02.217.319/0001-07,2020-09-30,1,116574000,0,0,0
02.217.319/0001-07,2020-12-31,1,116574000,0,0,0
02.217.319/0001-07,2021-03-31,1,116574000,0,0,0
02.217.319/0001-07,2021-06-30,1,116574000,0,0,0
02.217.319/0001-07,2021-09-30,1,116574000,0,0,0
02.217.319/0001-07,2021-12-31,1,116574000,0,0,0
02.217.319/0001-07,2022-03-31,1,116574000,200000,0,0
02.217.319/0001-07,2022-06-30,1,116574000,200000,0,0
02.217.319/0001-07,2022-09-30,1,116574000,553320,0,0
02.217.319/0001-07,2022-12-31,1,116574000,553320,0,0
02.217.319/0001-07,2023-03-31,6,116574000,553320,0,0
02.217.319/0001-07,2023-06-30,5,116574000,116574000,0,0
02.217.319/0001-07,2023-09-30,5,116574000,116574000,0,0
02.217.319/0001-07,2023-12-31,4,116574000,116574000,0,0
02.217.319/0001-07,2024-03-31,3,116574000,116574000,0,0
02.217.319/0001-07,2024-06-30,3,116754000,116574000,0,0
02.217.319/0001-07,2024-09-30,2,116574000,116574000,0,0
02.217.319/0001-07,2024-12-31,1,116574,116574,0,0
02.217.319/0001-07,2025-03-31,3,116754000,116754000,0,0
02.217.319/0001-07,2025-06-30,1,116574000,116574000,0,0
02.217.319/0001-07,2025-09-30,1,116574000,116574000,0,0
02.217.319/0001-07,2025-12-31,2,59452740,14495,57121260,8833
02.221.531/0001-30,2020-03-31,1,801987848,1603975696,0,0
02.221.531/0001-30,2020-06-30,1,801987848,1603975696,0,0
02.221.531/0001-30,2020-09-30,1,801987848,1603975696,0,0
02.221.531/0001-30,2020-12-31,1,949726437,1899452873,0,0
02.221.531/0001-30,2021-03-31,1,983782132,1967564264,0,0
02.221.531/0001-30,2021-06-30,1,983782132,1967564264,0,0
02.221.531/0001-30,2021-09-30,1,1163179274,2326358548,0,0
02.222.736/0001-30,2020-03-31,1,18929,0,0,0
02.222.736/0001-30,2020-06-30,1,18929,0,0,0
02.222.736/0001-30,2020-09-30,1,18929,0,0,0
02.255.187/0001-08,2020-12-31,1,11893265,0,0,0
02.255.187/0001-08,2021-03-31,1,11893265,0,0,0
02.255.187/0001-08,2021-06-30,1,261651830,0,0,0
02.255.187/0001-08,2021-09-30,1,362049609,0,0,0
02.255.187/0001-08,2021-12-31,1,359332409,0,2717200,0
02.255.187/0001-08,2022-03-31,2,362049609,0,6000000,0
02.255.187/0001-08,2022-06-30,1,362049609,0,9000000,0
02.255.187/0001-08,2022-09-30,1,362049609,0,9000000,0
02.255.187/0001-08,2022-12-31,1,362049609,0,9000000,0
02.255.187/0001-08,2023-03-31,1,362049609,0,9000000,0
02.255.187/0001-08,2023-06-30,1,362049609,0,9000000,0
02.255.187/0001-08,2023-09-30,1,362049609,0,9000000,0
02.255.187/0001-08,2023-12-31,1,362049609,0,9000041,0
02.255.187/0001-08,2024-03-31,1,362049609,0,9000041,0
02.255.187/0001-08,2024-06-30,1,362049609,0,9000041,0
02.255.187/0001-08,2024-09-30,1,362049609,0,9000041,0
02.255.187/0001-08,2024-12-31,1,362049609,0,9000041,0
02.255.187/0001-08,2025-03-31,1,362049609,0,9000041,0
02.255.187/0001-08,2025-06-30,1,362049609,0,8945041,0
02.255.187/0001-08,2025-09-30,1,362049609,0,8945041,0
02.255.187/0001-08,2025-12-31,1,399086646,0,9860102,0
02.255.187/0001-08,2026-03-31,1,399086646,0,9860101,0
02.255.187/0001-08,2026-06-30,1,399086646,0,9702952,0
02.258.422/0001-97,2020-03-31,1,246386,66035,0,0
02.258.422/0001-97,2020-06-30,1,246386,66035,0,0
02.258.422/0001-97,2020-09-30,1,246386,66035,0,0
02.258.422/0001-97,2020-12-31,1,246386,66035,0,0
02.258.422/0001-97,2021-03-31,1,246386,66035,0,0
02.258.422/0001-97,2021-06-30,1,246386,66035,0,0
02.258.422/0001-97,2021-09-30,1,246386,66035,0,0
02.258.422/0001-97,2021-12-31,1,246386,66035,0,0
02.258.422/0001-97,2022-03-31,1,246386,66035,0,0
02.258.422/0001-97,2022-06-30,1,246386,66035,0,0
02.258.422/0001-97,2022-09-30,1,246386,66035,0,0
02.258.422/0001-97,2022-12-31,1,246385,66035,0,0
02.258.422/0001-97,2023-03-31,1,246385,66035,0,0
02.258.422/0001-97,2023-06-30,1,246386,66035,0,0
02.258.422/0001-97,2023-09-30,1,246386,66035,0,0
02.258.422/0001-97,2023-12-31,1,246386,66035,0,0
02.258.422/0001-97,2024-03-31,1,66035,246386,0,0
02.258.422/0001-97,2024-06-30,1,246386,66035,0,0
02.258.422/0001-97,2024-09-30,1,66035,246386,0,0
02.258.422/0001-97,2024-12-31,2,246386,66035,0,0
02.258.422/0001-97,2025-03-31,1,246386,66035,0,0
02.258.422/0001-97,2025-06-30,1,246386,66035,0,0
02.258.422/0001-97,2025-09-30,1,246386,66035,0,0
02.258.422/0001-97,2025-12-31,1,246386,66035,0,0
02.258.422/0001-97,2026-03-31,1,246386,66035,0,0
02.258.422/0001-97,2026-06-30,2,246386,66035,0,0
02.281.836/0001-37,2020-03-31,1,26099763,26099748,0,0
02.281.836/0001-37,2020-06-30,1,26099763,26099748,0,0
02.281.836/0001-37,2020-09-30,1,26099763,26099748,0,0
02.281.836/0001-37,2020-12-31,1,26099763,26099748,0,0
02.281.836/0001-37,2021-03-31,1,26099763,26099748,0,0
02.281.836/0001-37,2021-06-30,1,26099763,26099748,0,0
02.281.836/0001-37,2021-09-30,1,26099763,26099748,0,0
02.281.836/0001-37,2021-12-31,2,26099763,26099748,0,0
02.281.836/0001-37,2022-03-31,1,26099763,26099748,0,0
02.281.836/0001-37,2022-06-30,1,26099763,26099748,0,0
02.281.836/0001-37,2022-09-30,1,26099763,26099748,0,0
02.281.836/0001-37,2022-12-31,1,28313622,27649471,0,0
02.281.836/0001-37,2023-03-31,1,26099763,26099748,0,0
02.281.836/0001-37,2023-06-30,1,28313622,27649471,0,0
02.281.836/0001-37,2023-09-30,1,28313622,27649471,0,0
02.281.836/0001-37,2023-12-31,1,28313622,27649471,0,0
02.281.836/0001-37,2024-03-31,1,28313622,27649471,0,0
02.281.836/0001-37,2024-06-30,1,28313622,27649471,0,0
02.281.836/0001-37,2024-09-30,1,28313622,27649471,0,0
02.281.836/0001-37,2024-12-31,1,28313622,27649471,0,0
02.281.836/0001-37,2025-03-31,1,28313622,27649471,0,0
02.281.836/0001-37,2025-06-30,1,28313622,27649471,0,0
02.281.836/0001-37,2025-09-30,1,47048168,46952936,0,0
02.281.836/0001-37,2025-12-31,2,114582750,89751232,0,0
02.281.836/0001-37,2026-03-31,2,114582750,89751232,0,0
02.281.836/0001-37,2026-06-30,1,126347317,89751232,0,0
02.286.479/0001-08,2020-03-31,1,103280,0,0,0
02.286.479/0001-08,2020-06-30,1,103280,0,0,0
02.286.479/0001-08,2020-09-30,1,103280,0,0,0
02.286.479/0001-08,2020-12-31,1,103280,0,0,0
02.286.479/0001-08,2021-03-31,1,103280,0,0,0
02.286.479/0001-08,2021-06-30,1,103280,0,0,0
02.286.479/0001-08,2021-09-30,1,103280,0,0,0
02.286.479/0001-08,2021-12-31,1,103280,0,0,0
02.286.479/0001-08,2022-03-31,1,120494,0,0,0
02.286.479/0001-08,2022-06-30,1,120494,0,0,0
02.286.479/0001-08,2022-09-30,1,120494,0,0,0
02.286.479/0001-08,2022-12-31,1,120493746,0,0,0
02.286.479/0001-08,2023-03-31,2,120494,0,0,0
02.286.479/0001-08,2023-06-30,1,120494,0,0,0
02.286.479/0001-08,2023-09-30,1,120493746,0,0,0
02.286.479/0001-08,2023-12-31,1,359040238,0,0,0
02.286.479/0001-08,2024-03-31,1,359040238,0,0,0
02.286.479/0001-08,2024-06-30,1,359040238,0,0,0
02.286.479/0001-08,2024-09-30,1,445098758,0,0,0
02.286.479/0001-08,2024-12-31,1,637869842,0,0,0
02.286.479/0001-08,2025-03-31,1,637869842,0,0,0
02.286.479/0001-08,2025-06-30,1,637869842,0,0,0
02.286.479/0001-08,2025-09-30,1,637869842,0,0,0
02.286.479/0001-08,2025-12-31,1,637869842,0,0,0
02.286.479/0001-08,2026-03-31,1,637869842,0,0,0
02.286.479/0001-08,2026-06-30,1,637869842,0,0,0
02.291.077/0001-93,2020-03-31,1,100,0,0,0
02.291.077/0001-93,2020-06-30,1,100,0,0,0
02.291.077/0001-93,2020-09-30,1,100,0,0,0
02.291.077/0001-93,2020-12-31,1,100,0,0,0
02.291.077/0001-93,2021-03-31,1,100,0,0,0
02.291.077/0001-93,2021-06-30,1,100,0,0,0
02.291.077/0001-93,2021-06-30,1,100,0,0,0
02.291.077/0001-93,2021-09-30,1,100,0,0,0
02.291.077/0001-93,2021-12-31,1,100,0,0,0
02.291.077/0001-93,2022-03-31,2,100,0,0,0
02.291.077/0001-93,2022-06-30,1,100,0,0,0
02.291.077/0001-93,2022-09-30,4,100,0,0,0
02.291.077/0001-93,2022-12-31,1,100,0,0,0
02.291.077/0001-93,2023-03-31,1,100,0,0,0
02.291.077/0001-93,2023-06-30,1,100,0,0,0
02.291.077/0001-93,2023-09-30,1,100,0,0,0
02.291.077/0001-93,2023-12-31,1,100,0,0,0
02.291.077/0001-93,2024-03-31,2,100,0,0,0
02.291.077/0001-93,2024-06-30,1,100,0,0,0
02.291.077/0001-93,2024-09-30,1,100,0,0,0
02.291.077/0001-93,2024-12-31,1,100,0,0,0
02.291.077/0001-93,2025-03-31,1,100,0,0,0
02.291.077/0001-93,2025-06-30,1,100,0,0,0
02.291.077/0001-93,2025-09-30,1,100,0,0,0
02.291.077/0001-93,2025-12-31,2,100,0,0,0
02.291.077/0001-93,2026-03-31,1,100,0,0,0
02.291.077/0001-93,2026-06-30,1,100,0,0,0
02.302.100/0001-06,2020-03-31,1,39091735,0,0,0
02.302.100/0001-06,2020-06-30,1,39091735,0,0,0
02.302.100/0001-06,2020-09-30,1,39091735,0,0,0
02.302.100/0001-06,2020-12-31,1,39091735,0,0,0
02.302.100/0001-06,2021-03-31,1,39091735,0,0,0
02.302.100/0001-06,2021-06-30,1,39091735,0,0,0
02.302.100/0001-06,2021-09-30,1,39091735,0,0,0
02.302.100/0001-06,2021-12-31,1,39091735,0,0,0
02.302.100/0001-06,2022-03-31,1,39091735,0,0,0
02.302.100/0001-06,2022-06-30,1,39091735,0,0,0
02.302.100/0001-06,2022-09-30,1,39091735,0,0,0
02.302.100/0001-06,2022-12-31,1,39091735,0,0,0
02.302.100/0001-06,2023-03-31,1,39091735,0,0,0
02.302.100/0001-06,2023-06-30,1,39091735,0,0,0
02.302.100/0001-06,2023-09-30,1,39091735,0,0,0
02.302.100/0001-06,2023-12-31,1,39091735,0,0,0
02.302.100/0001-06,2024-03-31,1,39091735,0,0,0
02.302.100/0001-06,2024-06-30,1,39091735,0,0,0
02.302.100/0001-06,2024-09-30,1,39091735,0,0,0
02.302.100/0001-06,2024-12-31,1,39091735,0,0,0
02.302.100/0001-06,2025-03-31,1,31091735,0,0,0
02.302.100/0001-06,2025-06-30,1,39091735,0,0,0
02.302.100/0001-06,2025-09-30,1,39091735,0,0,0
02.302.100/0001-06,2025-12-31,1,39091735,0,0,0
02.302.100/0001-06,2026-03-31,1,39091735,0,0,0
02.302.100/0001-06,2026-06-30,1,39091735,0,0,0
02.302.101/0001-42,2020-03-31,1,14705,22242,0,0
02.302.101/0001-42,2020-06-30,1,14705,22242,0,0
02.302.101/0001-42,2020-09-30,1,14705,22242,0,0
02.302.101/0001-42,2020-12-31,1,14705,22242,0,0
02.302.101/0001-42,2021-03-31,1,14705,22242,0,0
02.302.101/0001-42,2021-06-30,1,14705,22242,0,0
02.302.101/0001-42,2021-09-30,1,14705,22242,0,0
02.302.101/0001-42,2021-12-31,1,14705,22242,0,0
02.302.101/0001-42,2022-03-31,1,14705,22242,0,0
02.302.101/0001-42,2022-06-30,1,14705,22242,0,0
02.302.101/0001-42,2022-09-30,1,14705,22242,0,0
02.302.101/0001-42,2022-12-31,1,14705,22242,0,0
02.302.101/0001-42,2023-03-31,1,14705,22242,0,0
02.302.101/0001-42,2023-06-30,1,14705,22242,0,0
02.302.101/0001-42,2023-09-30,1,14705,22242,0,0
02.302.101/0001-42,2023-12-31,1,14705,22242,0,0
02.302.101/0001-42,2024-03-31,1,14705,22242,0,0
02.302.101/0001-42,2024-06-30,1,14705,22242,0,0
02.302.101/0001-42,2024-09-30,1,14705,22242,0,0
02.302.101/0001-42,2024-12-31,3,14705,22242,0,0
02.302.101/0001-42,2025-03-31,1,14705,22242,0,0
02.302.101/0001-42,2025-06-30,1,14705,22241,0,0
02.302.101/0001-42,2025-09-30,1,14705,22241,0,0
02.302.101/0001-42,2025-12-31,1,14705,22219,0,22
02.302.101/0001-42,2026-03-31,1,14705,22219,0,22
02.302.101/0001-42,2026-06-30,1,14705,22219,0,22
02.318.346/0001-68,2020-03-31,1,1816703827,0,0,0
02.318.346/0001-68,2020-06-30,1,1816703827,0,0,0
02.318.346/0001-68,2020-09-30,1,1816703827,0,0,0
02.318.346/0001-68,2020-12-31,1,1816703827,0,0,0
02.318.346/0001-68,2021-03-31,1,1816703827,0,0,0
02.318.346/0001-68,2021-06-30,1,1816703827,0,0,0
02.318.346/0001-68,2021-09-30,1,1816703827,0,0,0
02.328.280/0001-97,2020-03-31,1,91881,101879,0,0
02.328.280/0001-97,2020-06-30,2,91881,101879,0,0
02.328.280/0001-97,2020-09-30,1,91881,101879,0,0
02.328.280/0001-97,2020-12-31,1,91881,101878,0,0
02.328.280/0001-97,2021-03-31,1,91881,101878,0,0
02.328.280/0001-97,2021-06-30,1,91881,101878,0,0
02.328.280/0001-97,2021-09-30,1,91881,101878,0,0
02.328.280/0001-97,2021-12-31,1,91881,101878,0,0
02.328.280/0001-97,2022-03-31,1,91881,101878,0,0
02.328.280/0001-97,2022-06-30,1,91881,101878,0,0
02.328.280/0001-97,2022-09-30,1,91881,101878,0,0
02.328.280/0001-97,2022-12-31,1,91881,101878,0,0
02.328.280/0001-97,2023-03-31,1,91881,101878,0,0
02.328.280/0001-97,2023-06-30,1,91881,101878,0,0
02.328.280/0001-97,2023-09-30,1,91881,101878,0,0
02.328.280/0001-97,2023-12-31,1,91881,101878,0,0
02.328.280/0001-97,2024-03-31,1,91881,101878,0,0
02.328.280/0001-97,2024-06-30,1,91881,101878,0,0
02.328.280/0001-97,2024-09-30,1,91881,101878,0,0
02.328.280/0001-97,2024-12-31,1,91881,101878,0,0
02.328.280/0001-97,2025-03-31,1,91881,101878,0,0
02.328.280/0001-97,2025-06-30,1,91881,101878,0,0
02.328.280/0001-97,2025-09-30,1,91881,101878,0,0
02.328.280/0001-97,2025-12-31,1,91881,101878,0,0
02.328.280/0001-97,2026-03-31,1,91881,101878,0,0
02.328.280/0001-97,2026-06-30,1,91881,101878,0,0
02.338.534/0001-58,2020-03-31,1,4849892,0,0,0
02.338.534/0001-58,2020-06-30,1,4849892,0,0,0
02.338.534/0001-58,2020-09-30,1,4849892,0,0,0
02.338.534/0001-58,2020-12-31,1,4849892,0,0,0
02.338.534/0001-58,2021-03-31,1,4849892,0,0,0
02.338.534/0001-58,2021-06-30,1,4849892,0,0,0
02.338.534/0001-58,2021-09-30,1,4849892,0,0,0
02.338.534/0001-58,2021-12-31,1,4849892,0,0,0
02.338.534/0001-58,2022-03-31,1,4849892,0,0,0
02.338.534/0001-58,2022-06-30,2,4849892,0,0,0
02.338.534/0001-58,2022-09-30,1,4849892,0,0,0
02.338.534/0001-58,2022-12-31,1,4849892,0,0,0
02.338.534/0001-58,2023-03-31,1,4849892,0,0,0
02.338.534/0001-58,2023-06-30,1,4849892,0,0,0
02.338.534/0001-58,2023-09-30,1,4849892,0,0,0
02.338.534/0001-58,2023-12-31,1,4849892,0,0,0
02.338.534/0001-58,2024-03-31,1,4849892,0,0,0
02.338.534/0001-58,2024-06-30,1,10764414,0,0,0
02.338.534/0001-58,2024-09-30,1,11035292,0,0,0
02.338.534/0001-58,2024-12-31,1,11035292,0,0,0
02.338.534/0001-58,2025-03-31,1,11035292,0,0,0
02.338.534/0001-58,2025-06-30,1,11238268,0,0,0
02.338.534/0001-58,2025-09-30,1,11238268,0,0,0
02.338.534/0001-58,2025-12-31,1,11238268,0,0,0
02.338.534/0001-58,2026-03-31,1,11238268,0,0,0
02.338.534/0001-58,2026-06-30,1,11508544,0,0,0
02.351.144/0001-18,2020-03-31,1,66002815,0,65143,0
02.351.144/0001-18,2020-06-30,1,66002815,0,65143,0
02.351.144/0001-18,2020-09-30,1,66002815,0,65143,0
02.351.144/0001-18,2020-12-31,1,66002915,0,65143,0
02.351.144/0001-18,2021-03-31,1,66002915,0,65143,0
02.351.144/0001-18,2021-06-30,1,66002915,0,65143,0
02.351.144/0001-18,2021-09-30,1,66002915,0,65143,0
02.351.144/0001-18,2021-12-31,1,66002915,0,65143,0
02.351.144/0001-18,2022-03-31,1,66002915,0,65143,0
02.351.144/0001-18,2022-06-30,1,66002915,0,65143,0
02.351.144/0001-18,2022-09-30,1,66002915,0,65143,0
02.351.144/0001-18,2022-12-31,3,66002915,0,65143,0
02.351.144/0001-18,2023-03-31,1,66002915,0,65143,0
02.351.144/0001-18,2023-06-30,1,66002915,0,65143,0
02.351.144/0001-18,2023-09-30,1,66002915,0,65143,0
02.351.144/0001-18,2023-12-31,1,66002915,0,65143,0
02.351.144/0001-18,2024-03-31,1,66002915,0,65143,0
02.351.144/0001-18,2024-06-30,1,66002915,0,65143,0
02.351.144/0001-18,2024-09-30,1,66002915,0,65143,0
02.351.144/0001-18,2024-12-31,1,66002915,0,65143,0
02.351.144/0001-18,2025-03-31,1,66002915,0,65143,0
02.351.144/0001-18,2025-06-30,1,66002915,0,65143,0
02.351.144/0001-18,2025-09-30,1,66002915,0,65143,0
02.351.144/0001-18,2025-12-31,1,66002915,65143,0,0
02.351.144/0001-18,2026-03-31,1,66002915,0,65143,0
02.351.144/0001-18,2026-06-30,1,66002915,0,65143,0
02.351.877/0001-52,2020-03-31,1,125172486,0,19118,0
02.351.877/0001-52,2020-06-30,1,125172486,0,16618,0
02.351.877/0001-52,2020-09-30,1,125890296,0,16618,0
02.351.877/0001-52,2020-12-31,1,125890296,0,14118,0
02.351.877/0001-52,2021-03-31,1,585461772,0,56472,0
02.351.877/0001-52,2021-06-30,1,585461772,0,56472,0
02.351.877/0001-52,2021-09-30,1,589581572,0,356472,0
02.351.877/0001-52,2021-12-31,2,589581572,0,2748472,0
02.351.877/0001-52,2022-03-31,1,590247368,0,2748472,0
02.351.877/0001-52,2022-06-30,1,590247368,0,3048472,0
02.351.877/0001-52,2022-09-30,1,592510448,0,3048472,0
02.351.877/0001-52,2022-12-31,1,592510448,0,3048472,0
02.351.877/0001-52,2023-03-31,1,594090098,0,3048472,0
02.351.877/0001-52,2023-06-30,1,594090098,0,6228472,0
02.351.877/0001-52,2023-09-30,1,595764158,0,6228472,0
02.351.877/0001-52,2023-12-31,1,595764158,0,6228472,0
02.351.877/0001-52,2024-03-31,1,596886478,0,7978472,0
02.351.877/0001-52,2024-06-30,1,596886478,0,15206972,0
02.351.877/0001-52,2024-09-30,1,596886478,0,38561196,0
02.351.877/0001-52,2024-12-31,1,562886478,0,4550829,0
02.351.877/0001-52,2025-03-31,1,562886478,0,13104107,0
02.351.877/0001-52,2025-06-30,1,565999206,0,17580907,0
02.351.877/0001-52,2025-09-30,1,565999206,0,15031331,0
02.351.877/0001-52,2025-12-31,1,568561350,0,18129533,0
02.351.877/0001-52,2026-03-31,1,568561350,0,20223348,0
02.351.877/0001-52,2026-06-30,1,568561350,0,19319577,0
02.357.251/0001-53,2020-03-31,1,2576438,0,0,0
02.357.251/0001-53,2020-06-30,1,2576438,0,0,0
02.357.251/0001-53,2020-09-30,1,2576438,0,0,0
02.357.251/0001-53,2020-12-31,1,2576438,0,0,0
02.357.251/0001-53,2021-03-31,1,2576438,0,0,0
02.357.251/0001-53,2021-06-30,1,2576438,0,0,0
02.357.251/0001-53,2021-09-30,1,2576438,0,0,0
02.357.251/0001-53,2021-12-31,1,2576438,0,0,0
02.357.251/0001-53,2022-03-31,1,2576438,0,0,0
02.357.251/0001-53,2022-06-30,1,2576438,0,0,0
02.357.251/0001-53,2022-09-30,1,2576438,0,0,0
02.357.251/0001-53,2022-12-31,1,2576438,0,0,0
02.357.251/0001-53,2023-03-31,1,2576438,0,0,0
02.357.251/0001-53,2023-06-30,1,2576438,0,0,0
02.357.251/0001-53,2023-09-30,1,2576438,0,0,0
02.357.251/0001-53,2023-12-31,1,2576438,0,0,0
02.357.251/0001-53,2024-03-31,1,2576438,0,0,0
02.357.251/0001-53,2024-06-30,1,2576438,2576438,0,0
02.357.251/0001-53,2024-09-30,1,2576438,0,0,0
02.357.251/0001-53,2024-12-31,1,2576438,0,0,0
02.357.251/0001-53,2025-03-31,1,2576438,0,0,0
02.357.251/0001-53,2025-06-30,1,2576438,0,0,0
02.357.251/0001-53,2025-09-30,1,2576438,0,0,0
02.357.251/0001-53,2025-12-31,1,2576438,0,0,0
02.357.251/0001-53,2026-03-31,1,2576438,0,0,0
02.357.251/0001-53,2026-06-30,1,2576438,0,0,0
02.365.069/0001-44,2020-03-31,1,16344,0,0,0
02.365.069/0001-44,2020-06-30,1,78450,0,0,0
02.365.069/0001-44,2020-09-30,3,78450,0,0,0
02.365.069/0001-44,2020-12-31,1,78450,0,0,0
02.365.069/0001-44,2021-03-31,2,78450,0,0,0
02.365.069/0001-44,2021-06-30,1,78450,0,0,0
02.365.069/0001-44,2021-09-30,1,78450,0,0,0
02.365.069/0001-44,2021-12-31,1,78450,0,0,0
02.365.069/0001-44,2022-03-31,1,78450,0,0,0
02.365.069/0001-44,2022-06-30,1,78450,0,0,0
02.365.069/0001-44,2022-09-30,1,78450,0,0,0
02.365.069/0001-44,2022-12-31,1,78450,0,0,0
02.365.069/0001-44,2023-03-31,2,78450,0,0,0
02.365.069/0001-44,2023-06-30,1,78450,0,0,0
02.365.069/0001-44,2023-09-30,1,79215,0,0,0
02.365.069/0001-44,2023-12-31,2,79215,0,0,0
02.365.069/0001-44,2024-03-31,1,79214664,0,0,0
02.365.069/0001-44,2024-06-30,1,79469626,0,0,0
02.365.069/0001-44,2024-09-30,1,79469626,0,0,0
02.365.069/0001-44,2024-12-31,1,79469626,0,0,0
02.365.069/0001-44,2025-03-31,1,79469626,0,0,0
02.365.069/0001-44,2025-06-30,1,79469626,0,0,0
02.365.069/0001-44,2025-09-30,1,79469626,0,0,0
02.365.069/0001-44,2025-12-31,1,79469626,0,0,0
02.365.069/0001-44,2026-03-31,1,79469626,0,0,0
02.365.069/0001-44,2026-06-30,2,79469626,0,0,0
02.382.073/0001-10,2020-03-31,1,221673074,0,0,0
02.382.073/0001-10,2020-06-30,1,221673074,0,0,0
02.382.073/0001-10,2020-09-30,1,221673074,0,0,0
02.382.073/0001-10,2020-12-31,1,221673074,0,0,0
02.382.073/0001-10,2021-03-31,1,342985643,0,0,0
02.382.073/0001-10,2021-06-30,1,342985643,0,0,0
02.382.073/0001-10,2021-09-30,1,342985643,0,0,0
02.382.073/0001-10,2021-12-31,1,342985643,0,0,0
02.382.073/0001-10,2022-03-31,1,342985643,0,0,0
02.382.073/0001-10,2022-06-30,1,342985643,0,0,0
02.382.073/0001-10,2022-09-30,1,342985643,0,0,0
02.382.073/0001-10,2022-12-31,1,342985642,0,0,0
02.382.073/0001-10,2023-03-31,1,342985643,0,0,0
02.382.073/0001-10,2023-06-30,1,342985643,0,0,0
02.382.073/0001-10,2023-09-30,1,342985643,0,0,0
02.382.073/0001-10,2023-12-31,1,342985643,0,0,0
02.382.073/0001-10,2024-03-31,1,342985643,0,0,0
02.382.073/0001-10,2024-06-30,1,342985643,0,0,0
02.382.073/0001-10,2024-09-30,1,342985643,0,0,0
02.382.073/0001-10,2024-12-31,1,342985643,0,0,0
02.382.073/0001-10,2025-03-31,1,342985643,0,0,0
02.382.073/0001-10,2025-06-30,1,342985643,0,0,0
02.382.073/0001-10,2025-09-30,1,342985643,0,0,0
02.382.073/0001-10,2025-12-31,1,342985643,0,0,0
02.382.073/0001-10,2026-03-31,1,342985643,0,0,0
02.382.073/0001-10,2026-06-30,1,342985643,0,0,0
02.387.241/0001-60,2020-03-31,1,1559015898,0,0,0
02.387.241/0001-60,2020-06-30,1,1559015898,0,0,0
02.387.241/0001-60,2020-09-30,1,1853268772,0,0,0
02.387.241/0001-60,2020-12-31,2,1853268772,0,532000,0
02.387.241/0001-60,2021-03-31,1,1854158791,0,2087000,0
02.387.241/0001-60,2021-06-30,1,1854158791,0,1723612,0
02.387.241/0001-60,2021-09-30,1,1854158791,0,876215,0
02.387.241/0001-60,2021-12-31,1,1854158791,0,839673,0
02.387.241/0001-60,2022-03-31,1,1854158791,0,2322927,0
02.387.241/0001-60,2022-06-30,1,1854158791,0,2192856,0
02.387.241/0001-60,2022-09-30,1,1854158791,0,1803056,0
02.387.241/0001-60,2022-12-31,1,1854158791,0,1780457,0
02.387.241/0001-60,2023-03-31,1,1854158791,0,1652996,0
02.387.241/0001-60,2023-06-30,1,1854158791,0,1435181,0
02.387.241/0001-60,2023-09-30,1,1854868949,0,910479,0
02.387.241/0001-60,2023-12-31,1,1854868949,0,5365279,0
02.387.241/0001-60,2024-03-31,1,1854868949,0,5355282,0
02.387.241/0001-60,2024-06-30,1,1854868949,0,4956198,0
02.387.241/0001-60,2024-09-30,1,1854868949,0,4201603,0
02.387.241/0001-60,2024-12-31,1,1854868949,0,4172689,0
02.387.241/0001-60,2025-03-31,1,1854868949,0,4119942,0
02.387.241/0001-60,2025-06-30,1,1854868949,0,4007721,0
02.387.241/0001-60,2025-09-30,1,1858828617,0,3054945,0
02.387.241/0001-60,2025-12-31,1,1858828617,0,3042509,0
02.387.241/0001-60,2026-03-31,1,1858828617,0,3014589,0
02.387.241/0001-60,2026-06-30,1,1858828617,0,2987903,0
02.397.080/0001-96,2020-03-31,1,202525,0,0,0
02.397.080/0001-96,2020-06-30,1,202525,0,0,0
02.397.080/0001-96,2020-09-30,1,202525,0,0,0
02.397.080/0001-96,2020-12-31,1,202525,0,0,0
02.397.080/0001-96,2021-03-31,1,202525,0,0,0
02.397.080/0001-96,2021-06-30,1,202525,0,0,0
02.397.080/0001-96,2021-09-30,1,202525,0,0,0
02.397.080/0001-96,2021-12-31,1,202525,0,0,0
02.397.080/0001-96,2022-03-31,1,202525,0,0,0
02.397.080/0001-96,2022-06-30,1,202525,0,0,0
02.397.080/0001-96,2022-09-30,1,202525,0,0,0
02.397.080/0001-96,2022-12-31,1,202525,0,0,0
02.397.080/0001-96,2023-03-31,1,85060,0,0,0
02.397.080/0001-96,2023-06-30,1,85060,0,0,0
02.397.080/0001-96,2023-09-30,1,85060,0,0,0
02.397.080/0001-96,2023-12-31,1,85060,0,0,0
02.397.080/0001-96,2024-03-31,1,85060,0,0,0
02.397.080/0001-96,2024-06-30,1,85060,0,0,0
02.397.080/0001-96,2024-09-30,1,85060,0,0,0
02.397.080/0001-96,2024-12-31,1,85060,0,0,0
02.397.080/0001-96,2025-03-31,1,85060,0,0,0
02.397.080/0001-96,2025-06-30,1,85060,0,0,0
02.397.080/0001-96,2025-09-30,1,85060,0,0,0
02.397.080/0001-96,2025-12-31,1,85060,0,0,0
02.415.408/0001-50,2020-03-31,1,6988146121,6988146121,0,0
02.415.408/0001-50,2020-06-30,1,6988146121,6988146121,0,0
02.415.408/0001-50,2020-09-30,1,6988146121,6988146121,0,0
02.415.408/0001-50,2020-12-31,1,6988146121,6988146121,0,0
02.415.408/0001-50,2021-03-31,1,6988146121,6988146121,0,0
02.415.408/0001-50,2021-06-30,1,6988146121,6988146121,0,0
02.415.408/0001-50,2021-09-30,1,6988146121,6988146121,0,0
02.415.408/0001-50,2021-12-31,1,6988146121,6988146121,0,0
02.415.408/0001-50,2022-03-31,1,6988146121,6988146121,0,0
02.415.408/0001-50,2022-06-30,1,6988146121,6988146121,0,0
02.415.408/0001-50,2022-09-30,1,6988146121,6988146121,0,0
02.415.408/0001-50,2022-12-31,2,6988146121,6988146121,0,0
02.415.408/0001-50,2023-03-31,1,6988146121,6988146121,0,0
02.415.408/0001-50,2023-06-30,1,6988146121,6988146121,0,0
02.415.408/0001-50,2023-09-30,1,6988146121,6988146121,0,0
02.421.421/0001-11,2020-03-31,1,42296789606,0,0,0
02.421.421/0001-11,2020-06-30,1,42296789606,0,0,0
02.421.421/0001-11,2020-09-30,1,2420804398,0,0,0
02.421.421/0001-11,2020-12-31,1,2420804398,0,397431,0
02.421.421/0001-11,2021-03-31,1,2420804398,0,214920,0
02.421.421/0001-11,2021-06-30,1,2420804398,0,1247820,0
02.421.421/0001-11,2021-09-30,1,2420804398,0,446305,0
02.421.421/0001-11,2021-12-31,2,2420804398,0,398257,0
02.421.421/0001-11,2022-03-31,1,2420804398,0,398257,0
02.421.421/0001-11,2022-06-30,1,2420804398,0,2255774,0
02.421.421/0001-11,2022-09-30,1,2420679599,0,124799,0
02.421.421/0001-11,2022-12-31,1,2420804398,12247,0,0
02.421.421/0001-11,2023-03-31,1,2420804398,0,12247,0
02.421.421/0001-11,2023-06-30,1,2420804398,0,12247,0
02.421.421/0001-11,2023-09-30,1,2420804398,0,205362,0
02.421.421/0001-11,2023-12-31,1,2420804398,0,205362,0
02.421.421/0001-11,2024-03-31,1,2420804398,0,555362,0
02.421.421/0001-11,2024-06-30,1,2420804398,0,2799762,0
02.421.421/0001-11,2024-09-30,1,2420804398,0,393762,0
02.421.421/0001-11,2024-12-31,1,2420804398,0,201320,0
02.421.421/0001-11,2025-03-31,2,2420804398,0,1000120,0
02.421.421/0001-11,2025-06-30,1,2420804398,0,3104020,0
02.421.421/0001-11,2025-09-30,1,2420804398,0,15883409,0
02.421.421/0001-11,2025-12-31,1,2392125889,0,3457567,0
02.421.421/0001-11,2026-03-31,1,2392125889,0,3457567,0
02.421.421/0001-11,2026-06-30,1,2392125889,0,3457567,0
02.429.144/0001-93,2020-03-31,1,1152254440,0,0,0
02.429.144/0001-93,2020-06-30,1,1152254440,0,0,0
02.429.144/0001-93,2020-09-30,1,1152254440,0,0,0
02.429.144/0001-93,2020-12-31,2,1152254440,0,0,0
02.429.144/0001-93,2021-03-31,1,1152254440,0,0,0
02.429.144/0001-93,2021-06-30,1,1152254440,0,0,0
02.429.144/0001-93,2021-09-30,1,1152254440,0,0,0
02.429.144/0001-93,2021-12-31,1,1152254440,0,0,0
02.429.144/0001-93,2022-03-31,1,1152254440,0,0,0
02.429.144/0001-93,2022-06-30,1,1152254440,0,0,0
02.429.144/0001-93,2022-09-30,1,1152254440,0,0,0
02.429.144/0001-93,2022-12-31,1,1152254440,0,0,0
02.429.144/0001-93,2023-03-31,1,1152254440,0,0,0
02.429.144/0001-93,2023-06-30,1,1152254440,0,0,0
02.429.144/0001-93,2023-09-30,1,1152254440,0,0,0
02.429.144/0001-93,2023-12-31,1,1152254440,0,0,0
02.429.144/0001-93,2024-03-31,1,1152254440,0,0,0
02.429.144/0001-93,2024-06-30,1,1152254440,0,0,0
02.429.144/0001-93,2024-09-30,1,1152254440,0,0,0
02.429.144/0001-93,2024-12-31,1,1152254440,0,0,0
02.429.144/0001-93,2025-03-31,1,1152254440,0,0,0
02.429.144/0001-93,2025-06-30,1,1152254440,0,0,0
02.429.144/0001-93,2025-09-30,1,1152254440,0,0,0
02.429.144/0001-93,2025-12-31,1,1152254440,0,0,0
02.429.144/0001-93,2026-03-31,1,1152254440,0,0,0
02.429.144/0001-93,2026-06-30,1,1152254440,0,0,0
02.451.848/0001-62,2020-03-31,1,175000000,0,0,0
02.451.848/0001-62,2020-06-30,1,175000000,0,0,0
02.451.848/0001-62,2020-09-30,1,175000000,0,0,0
02.451.848/0001-62,2020-12-31,1,175000000,0,0,0
02.451.848/0001-62,2021-03-31,1,175000000,0,0,0
02.451.848/0001-62,2021-06-30,1,175000000,0,0,0
02.451.848/0001-62,2021-09-30,1,175000000,0,0,0
02.451.848/0001-62,2021-12-31,1,175000000,0,0,0
02.451.848/0001-62,2022-03-31,1,175000000,0,0,0
02.451.848/0001-62,2022-06-30,1,175000000,0,0,0
02.451.848/0001-62,2022-09-30,1,175000000,0,0,0
02.451.848/0001-62,2022-12-31,2,175000000,0,0,0
02.451.848/0001-62,2023-03-31,1,175000000,0,0,0
02.451.848/0001-62,2023-06-30,1,175000000,0,0,0
02.451.848/0001-62,2023-09-30,1,175000000,0,0,0
02.451.848/0001-62,2023-12-31,1,175000000,0,0,0
02.451.848/0001-62,2024-03-31,1,175000000,0,0,0
02.451.848/0001-62,2024-06-30,1,175000000,0,0,0
02.451.848/0001-62,2024-09-30,1,175000000,0,0,0
02.451.848/0001-62,2024-12-31,1,175000000,0,0,0
02.451.848/0001-62,2025-03-31,1,175000000,0,0,0
02.451.848/0001-62,2025-06-30,1,175000000,0,0,0
02.451.848/0001-62,2025-09-30,1,175000000,0,0,0
02.451.848/0001-62,2025-12-31,1,175000000,0,0,0
02.451.848/0001-62,2026-03-31,1,175000000,0,0,0
02.451.848/0001-62,2026-06-30,1,175000000,0,0,0
02.474.103/0001-19,2020-03-31,1,815927740,0,0,0
02.474.103/0001-19,2020-06-30,1,815927740,0,0,0
02.474.103/0001-19,2020-09-30,1,815927740,0,0,0
02.474.103/0001-19,2020-12-31,2,815927740,0,0,0
02.474.103/0001-19,2021-03-31,1,815927740,0,0,0
02.474.103/0001-19,2021-06-30,1,815927740,0,0,0
02.474.103/0001-19,2021-09-30,1,815927740,0,0,0
02.474.103/0001-19,2021-12-31,1,815927740,0,0,0
02.474.103/0001-19,2022-03-31,1,815927740,0,0,0
02.474.103/0001-19,2022-06-30,1,815927740,0,0,0
02.474.103/0001-19,2022-09-30,1,815927740,0,0,0
02.474.103/0001-19,2022-12-31,2,815927740,0,0,0
02.474.103/0001-19,2023-03-31,1,815927740,0,0,0
02.474.103/0001-19,2023-06-30,1,815927740,0,0,0
02.474.103/0001-19,2023-09-30,1,815927740,0,0,0
02.474.103/0001-19,2023-12-31,1,815927740,0,0,0
02.474.103/0001-19,2024-03-31,1,815927740,0,0,0
02.474.103/0001-19,2024-06-30,1,815927740,0,0,0
02.474.103/0001-19,2024-09-30,1,815927740,0,0,0
02.474.103/0001-19,2024-12-31,1,815927740,0,0,0
02.474.103/0001-19,2025-03-31,1,815927740,0,0,0
02.474.103/0001-19,2025-06-30,1,815927740,0,0,0
02.474.103/0001-19,2025-09-30,2,815927740,0,0,0
02.474.103/0001-19,2025-12-31,2,1142298836,0,0,0
02.474.103/0001-19,2026-03-31,1,1142298836,0,0,0
02.474.103/0001-19,2026-06-30,1,1142298836,0,0,0
02.502.844/0001-66,2020-03-31,1,31878842237,58947782010,0,0
02.502.844/0001-66,2020-06-30,1,133558874208,246966290171,0,0
02.502.844/0001-66,2020-09-30,1,1306294929045,2415495147055,0,0
02.502.844/0001-66,2020-12-31,1,1306294929045,2415495147055,0,0
02.502.844/0001-66,2021-03-31,1,1766438661417,3266355797112,0,0
02.502.844/0001-66,2021-06-30,1,1766438661417,3266355797112,0,0
02.502.844/0001-66,2021-09-30,1,1766438661417,3266355797112,0,0
02.502.844/0001-66,2021-12-31,1,1766438661417,3266355797112,0,0
02.502.844/0001-66,2022-03-31,1,1766438661417,3266355797112,0,0
02.502.844/0001-66,2022-06-30,1,1766438661417,3266355797112,0,0
02.502.844/0001-66,2022-09-30,1,1766438661417,3266355797112,0,0
02.502.844/0001-66,2022-12-31,1,1766438661417,3266355797112,0,0
02.502.844/0001-66,2023-03-31,1,1766438661417,3266355797112,0,0
02.502.844/0001-66,2023-06-30,1,1766438661417,3266355797112,0,0
02.502.844/0001-66,2023-09-30,1,1766438661417,3266355797112,0,0
02.502.844/0001-66,2023-12-31,1,1766438661417,3266355797112,0,0
02.502.844/0001-66,2024-03-31,1,1766438661417,3266355797112,0,0
02.502.844/0001-66,2024-06-30,2,3389672517622,6267908826998,0,0
02.502.844/0001-66,2024-09-30,1,3389672517622,6267908826998,0,0
02.502.844/0001-66,2024-12-31,1,3389672517622,6267908826998,0,0
02.502.844/0001-66,2025-03-31,1,3389672517622,6267908826998,0,0
02.502.844/0001-66,2025-06-30,1,3389672517622,6267908826998,0,0
02.502.844/0001-66,2025-09-30,1,3389672517622,6267908826998,0,0
02.502.844/0001-66,2025-12-31,1,3389672517622,6267908826998,0,0
02.502.844/0001-66,2026-03-31,1,3389672517622,6267908826998,0,0
02.502.844/0001-66,2026-06-30,1,3389672517622,6267908826998,0,0
02.509.186/0001-34,2020-03-31,1,610,0,0,0
02.509.186/0001-34,2020-06-30,1,610,0,0,0
02.509.186/0001-34,2020-09-30,1,610,0,0,0
02.509.186/0001-34,2020-12-31,2,610,0,0,0
02.509.186/0001-34,2021-03-31,1,610,0,0,0
02.509.186/0001-34,2021-06-30,1,610,0,0,0
02.509.186/0001-34,2021-09-30,1,610,0,0,0
02.509.186/0001-34,2021-12-31,1,610,0,0,0
02.509.186/0001-34,2022-03-31,1,610,0,0,0
02.509.186/0001-34,2022-06-30,1,610,0,0,0
02.509.186/0001-34,2022-09-30,1,610,0,0,0
02.509.186/0001-34,2022-12-31,1,610,0,0,0
02.509.186/0001-34,2023-03-31,1,610,0,0,0
02.509.491/0001-26,2020-03-31,1,262452,0,0,0
02.509.491/0001-26,2020-06-30,1,262452,0,0,0
02.509.491/0001-26,2020-09-30,1,262452,0,0,0
02.509.491/0001-26,2020-12-31,1,262452,0,0,0
02.509.491/0001-26,2021-03-31,1,262452,0,0,0
02.509.491/0001-26,2021-06-30,1,262452,0,0,0
02.509.491/0001-26,2021-09-30,1,262452,0,0,0
02.509.491/0001-26,2021-12-31,1,262452,0,0,0
02.509.491/0001-26,2022-03-31,1,262452,0,0,0
02.509.491/0001-26,2022-06-30,1,262452,0,0,0
02.509.491/0001-26,2022-09-30,1,262452,0,0,0
02.509.491/0001-26,2022-12-31,1,262452,0,0,0
02.509.491/0001-26,2023-03-31,1,262452,0,0,0
02.509.491/0001-26,2023-06-30,1,262452,0,0,0
02.509.491/0001-26,2023-09-30,1,262452,0,0,0
02.509.491/0001-26,2023-12-31,1,262452,0,0,0
02.509.491/0001-26,2024-03-31,1,262452,0,0,0
02.509.491/0001-26,2024-06-30,1,262452,0,0,0
02.509.491/0001-26,2024-09-30,1,262452,0,0,0
02.509.491/0001-26,2024-12-31,1,262452,0,0,0
02.509.491/0001-26,2025-03-31,1,262452,0,0,0
02.509.491/0001-26,2025-06-30,1,262452,0,0,0
02.509.491/0001-26,2025-09-30,1,262452,0,0,0
02.509.491/0001-26,2025-12-31,1,262452,0,0,0
02.509.491/0001-26,2026-03-31,1,262452,0,0,0
02.509.491/0001-26,2026-06-30,1,262452,0,0,0
02.536.066/0001-26,2023-12-31,1,6729518,4297542,0,0
02.536.066/0001-26,2024-03-31,1,6729518,4297542,0,0
02.536.066/0001-26,2024-06-30,3,6729518,4297542,0,0
02.536.066/0001-26,2024-09-30,1,6729518,4297542,0,0
02.536.066/0001-26,2024-12-31,2,6729518,4297542,0,0
02.536.066/0001-26,2025-03-31,1,6729518,4297542,0,0
02.536.066/0001-26,2025-06-30,1,7679125,3347935,0,0
02.536.066/0001-26,2025-09-30,1,7679125,3347935,0,0
02.536.066/0001-26,2025-12-31,2,7679125,3347935,0,0
02.536.066/0001-26,2026-03-31,1,5171886,0,0,0
02.536.066/0001-26,2026-06-30,2,5171886,0,0,0
02.558.115/0001-21,2020-03-31,1,2421032479,0,625404,0
02.558.115/0001-21,2020-06-30,1,2421032479,0,625404,0
02.558.157/0001-62,2020-03-31,1,571644,1119341,2290,1
02.558.157/0001-62,2020-06-30,1,571644,1119341,2290,1
02.558.157/0001-62,2020-09-30,1,571644,1119341,2290,1
02.558.157/0001-62,2020-12-31,1,1690985,0,2811,0
02.558.157/0001-62,2021-03-31,1,1690985,0,4522,0
02.558.157/0001-62,2021-06-30,1,1690985,0,6044,0
02.558.157/0001-62,2021-09-30,1,1690985,0,11669,0
02.558.157/0001-62,2021-12-31,1,1690985,0,14047,0
02.558.157/0001-62,2022-03-31,1,1676938,0,2359,0
02.558.157/0001-62,2022-06-30,2,1676938271,0,6286200,0
02.558.157/0001-62,2022-09-30,1,1676938271,0,9605440,0
02.558.157/0001-62,2022-12-31,2,1676938271,0,13381540,0
02.558.157/0001-62,2023-03-31,2,1663556731,0,1912700,0
02.558.157/0001-62,2023-06-30,1,1663556731,0,5279800,0
02.558.157/0001-62,2023-09-30,1,1663556731,0,7000299,0
02.558.157/0001-62,2023-12-31,1,1652588360,0,4356,0
02.558.157/0001-62,2024-03-31,1,1652588360,0,4356,0
02.558.157/0001-62,2024-06-30,1,1652588360,0,5647956,0
02.558.157/0001-62,2024-09-30,1,1652588360,0,19971856,0
02.558.157/0001-62,2024-12-31,1,1630643696,0,3961092,0
02.558.157/0001-62,2025-03-31,1,1630643696,0,10601892,0
02.558.157/0001-62,2025-06-30,1,3261287392,0,34740940,0
02.558.157/0001-62,2025-09-30,1,3226546622,0,21581970,0
02.558.157/0001-62,2025-12-31,1,3226546622,0,30940270,0
02.558.157/0001-62,2026-03-31,1,3226546622,0,30940270,0
02.558.157/0001-62,2026-06-30,1,3226546622,0,30940270,0
02.560.878/0001-07,2020-12-31,1,5930,0,0,0
02.560.878/0001-07,2021-03-31,1,55270,0,0,0
02.560.878/0001-07,2021-06-30,1,55270,0,0,0
02.560.878/0001-07,2021-09-30,1,55270,0,0,0
02.560.878/0001-07,2021-12-31,1,55270,0,0,0
02.560.878/0001-07,2022-03-31,1,55270282,0,0,0
02.560.878/0001-07,2022-06-30,1,55270,0,0,0
02.560.878/0001-07,2022-09-30,1,55270,0,0,0
02.560.878/0001-07,2022-12-31,1,62783,0,0,0
02.560.878/0001-07,2023-03-31,1,62783,0,0,0
02.560.878/0001-07,2023-06-30,1,62783,0,0,0
02.560.878/0001-07,2023-09-30,1,62783,0,0,0
02.560.878/0001-07,2023-12-31,1,62783,0,0,0
02.560.878/0001-07,2024-03-31,1,62783,0,0,0
02.560.878/0001-07,2024-06-30,1,62783,0,0,0
02.560.878/0001-07,2024-09-30,1,62783,0,0,0
02.560.878/0001-07,2024-12-31,1,62783,0,0,0
02.560.878/0001-07,2025-03-31,1,62783,0,0,0
02.560.878/0001-07,2025-06-30,1,62783,0,0,0
02.560.878/0001-07,2025-09-30,1,62783,0,0,0
02.560.878/0001-07,2025-12-31,1,62783,0,0,0
02.560.878/0001-07,2026-03-31,1,62783,0,0,0
02.560.878/0001-07,2026-06-30,1,62783,0,0,0
02.591.787/0001-39,2020-03-31,1,143243,0,0,0
02.591.787/0001-39,2020-06-30,1,143243,0,0,0
02.591.787/0001-39,2020-09-30,1,143243,0,0,0
02.591.787/0001-39,2020-12-31,1,143243,0,0,0
02.591.787/0001-39,2021-03-31,1,143243,0,0,0
02.591.787/0001-39,2021-06-30,1,143243,0,0,0
02.591.787/0001-39,2021-09-30,1,143243,0,0,0
02.591.787/0001-39,2021-12-31,1,143243,0,0,0
02.591.787/0001-39,2022-03-31,1,143243,0,0,0
02.591.787/0001-39,2022-06-30,2,143243,0,0,0
02.591.787/0001-39,2022-09-30,1,143243,0,0,0
02.591.787/0001-39,2022-12-31,1,143243,0,0,0
02.591.787/0001-39,2023-03-31,1,161241,290000,0,0
02.591.787/0001-39,2023-06-30,1,161241,290000,0,0
02.591.787/0001-39,2023-09-30,1,161241,290000,0,0
02.591.787/0001-39,2023-12-31,1,204417,367653,0,0
02.591.787/0001-39,2024-03-31,1,204417,367653,0,0
02.591.787/0001-39,2024-06-30,2,815,1470,0,0
02.591.787/0001-39,2024-09-30,1,815,1470,0,0
02.591.787/0001-39,2024-12-31,1,815,1470,0,0
02.591.787/0001-39,2025-03-31,2,913,1646,0,0
02.591.787/0001-39,2025-06-30,1,913,1646,0,0
02.591.787/0001-39,2025-09-30,1,913,1646,0,0
02.591.787/0001-39,2025-12-31,1,993,1984,0,0
02.591.787/0001-39,2026-03-31,1,993,1984,0,0
02.591.787/0001-39,2026-06-30,2,993,1984,0,0
02.600.854/0001-34,2021-12-31,1,15865086849,0,0,0
02.600.854/0001-34,2022-03-31,1,15865086849,0,0,0
02.600.854/0001-34,2022-06-30,1,15865086849,0,0,0
02.600.854/0001-34,2022-09-30,1,15865086849,0,0,0
02.600.854/0001-34,2022-12-31,1,15865086849,0,0,0
02.600.854/0001-34,2023-03-31,1,15865086849,0,0,0
02.600.854/0001-34,2023-06-30,1,15865086849,0,0,0
02.600.854/0001-34,2023-09-30,1,15865086849,0,0,0
02.600.854/0001-34,2023-12-31,1,15865086849,0,0,0
02.600.854/0001-34,2024-03-31,1,15865086849,0,0,0
02.600.854/0001-34,2024-06-30,1,15865086849,0,0,0
02.600.854/0001-34,2024-09-30,1,15865086848,0,0,0
02.600.854/0001-34,2024-12-31,1,15865086849,0,0,0
02.600.854/0001-34,2025-03-31,1,15865086849,0,0,0
02.600.854/0001-34,2025-06-30,1,15865086849,0,0,0
02.600.854/0001-34,2025-09-30,1,15865086849,0,0,0
02.600.854/0001-34,2025-12-31,1,15865086849,0,0,0
02.600.854/0001-34,2026-03-31,1,15865086849,0,0,0
02.600.854/0001-34,2026-06-30,1,15865086849,0,0,0
02.635.522/0001-95,2020-03-31,1,456199,0,0,0
02.635.522/0001-95,2020-06-30,1,456199,0,0,0
02.635.522/0001-95,2020-09-30,1,456199,0,0,0
02.635.522/0001-95,2020-12-31,1,228099500,0,0,0
02.635.522/0001-95,2021-03-31,1,294697091,0,0,0
02.635.522/0001-95,2021-06-30,1,294697091,0,0,0
02.635.522/0001-95,2021-09-30,3,294697091,0,0,0
02.635.522/0001-95,2021-12-31,1,294697091,0,0,0
02.635.522/0001-95,2022-03-31,3,294697091,0,0,0
02.635.522/0001-95,2022-06-30,1,294697091,0,0,0
02.635.522/0001-95,2022-09-30,1,294697091,0,1350200,0
02.635.522/0001-95,2022-12-31,1,294697091,0,1625200,0
02.635.522/0001-95,2023-03-31,2,294697091,0,1994200,0
02.635.522/0001-95,2023-06-30,1,294697091,0,1994200,0
02.635.522/0001-95,2023-09-30,2,303541864,0,1994200,0
02.635.522/0001-95,2023-12-31,1,303541864,0,1994200,0
02.635.522/0001-95,2024-03-31,1,303541864,0,1994200,0
02.635.522/0001-95,2024-06-30,1,303541864,0,1994200,0
02.635.522/0001-95,2024-09-30,1,303541864,0,1994200,0
02.635.522/0001-95,2024-12-31,1,303541864,0,1994200,0
02.635.522/0001-95,2025-03-31,1,303541864,0,1994200,0
02.635.522/0001-95,2025-06-30,1,303541864,0,1994200,0
02.635.522/0001-95,2025-09-30,1,303541864,0,1994200,0
02.635.522/0001-95,2025-12-31,1,303541864,0,1994200,0
02.635.522/0001-95,2026-03-31,1,303541864,0,1994200,0
02.635.522/0001-95,2026-06-30,1,3035418640,0,1994200,0
02.643.896/0001-52,2020-03-31,1,59406,0,0,0
02.643.896/0001-52,2020-06-30,1,59406,0,0,0
02.643.896/0001-52,2020-09-30,1,59406,0,0,0
02.643.896/0001-52,2020-12-31,1,59406,0,0,0
02.643.896/0001-52,2021-03-31,1,59406,0,0,0
02.643.896/0001-52,2021-06-30,1,59406,0,0,0
02.643.896/0001-52,2021-09-30,1,59406,0,0,0
02.643.896/0001-52,2021-12-31,1,59406,0,0,0
02.643.896/0001-52,2022-03-31,1,59406,0,0,0
02.643.896/0001-52,2022-06-30,1,59406,0,0,0
02.643.896/0001-52,2022-09-30,1,59406,0,0,0
02.664.042/0001-52,2020-03-31,1,526308,0,2,0
02.664.042/0001-52,2020-06-30,1,526308,0,2,0
02.664.042/0001-52,2020-09-30,1,526308,0,2,0
02.664.042/0001-52,2020-12-31,2,526308,0,2,0
02.664.042/0001-52,2021-03-31,1,526308,0,2,0
02.664.042/0001-52,2021-06-30,1,526308,0,2,0
02.664.042/0001-52,2021-09-30,1,526308,0,2,0
02.664.042/0001-52,2021-12-31,1,526308,0,2,0
02.664.042/0001-52,2022-03-31,1,526308,0,0,0
02.664.042/0001-52,2022-06-30,1,526308,0,0,0
02.664.042/0001-52,2022-09-30,1,526306,0,0,0
02.664.042/0001-52,2022-12-31,2,526306,0,0,0
02.664.042/0001-52,2023-03-31,1,526306,0,0,0
02.664.042/0001-52,2023-06-30,1,526306,0,0,0
02.664.042/0001-52,2023-09-30,1,526306,0,0,0
02.664.042/0001-52,2023-12-31,1,526306,0,0,0
02.664.042/0001-52,2024-03-31,3,526306,0,0,0
02.664.042/0001-52,2024-06-30,1,526306,0,0,0
02.664.042/0001-52,2024-09-30,1,526306,0,0,0
02.664.042/0001-52,2024-12-31,1,526306,0,0,0
02.664.042/0001-52,2025-03-31,1,526306,0,0,0
02.664.042/0001-52,2025-06-30,1,526306,0,0,0
02.664.042/0001-52,2025-09-30,1,526306,0,0,0
02.682.287/0001-02,2020-03-31,1,11000,0,0,0
02.682.287/0001-02,2020-06-30,1,11000,0,0,0
02.682.287/0001-02,2020-09-30,1,11000,0,0,0
02.682.287/0001-02,2020-12-31,1,11000,0,0,0
02.682.287/0001-02,2021-03-31,1,11000,0,0,0
02.682.287/0001-02,2021-06-30,1,11000,0,0,0
02.682.287/0001-02,2021-09-30,1,11000,0,0,0
02.682.287/0001-02,2021-12-31,1,11000,0,0,0
02.682.287/0001-02,2022-03-31,1,11000,0,0,0
02.682.287/0001-02,2022-06-30,1,11000,0,0,0
02.682.287/0001-02,2022-09-30,1,11000,0,0,0
02.682.287/0001-02,2022-12-31,1,11000,0,0,0
02.682.287/0001-02,2023-03-31,1,11000,0,0,0
02.682.287/0001-02,2023-06-30,1,11000,0,0,0
02.682.287/0001-02,2023-09-30,2,11000,0,0,0
02.682.287/0001-02,2023-12-31,1,11000,0,0,0
02.682.287/0001-02,2024-03-31,1,11000,0,0,0
02.682.287/0001-02,2024-06-30,1,11000,0,0,0
02.724.983/0001-34,2020-03-31,1,14574000,0,0,0
02.724.983/0001-34,2020-06-30,1,14573546,0,0,0
02.724.983/0001-34,2020-09-30,1,14574,0,0,0
02.724.983/0001-34,2020-12-31,1,50341,0,0,0
02.724.983/0001-34,2021-03-31,1,50341,0,0,0
02.724.983/0001-34,2021-06-30,1,50341,0,0,0
02.724.983/0001-34,2021-09-30,1,50341,0,0,0
02.724.983/0001-34,2021-12-31,1,50341,0,0,0
02.724.983/0001-34,2022-03-31,2,50341,0,0,0
02.724.983/0001-34,2022-06-30,1,50341,0,0,0
02.724.983/0001-34,2022-09-30,1,50341,0,0,0
02.724.983/0001-34,2022-12-31,2,50341,0,0,0
02.724.983/0001-34,2023-03-31,1,50341,0,0,0
02.724.983/0001-34,2023-06-30,1,5353441,0,0,0
02.724.983/0001-34,2023-09-30,1,5353441,0,0,0
02.724.983/0001-34,2023-12-31,1,5353341,0,0,0
02.724.983/0001-34,2024-03-31,1,5353341,0,0,0
02.724.983/0001-34,2024-06-30,1,5353341,0,0,0
02.724.983/0001-34,2024-09-30,1,3353341,0,0,0
02.724.983/0001-34,2024-12-31,1,5353341,0,0,0
02.724.983/0001-34,2025-03-31,1,5353341,0,0,0
02.724.983/0001-34,2025-06-30,1,5353341,0,0,0
02.736.470/0001-43,2020-03-31,1,1554544,0,0,0
02.736.470/0001-43,2020-06-30,1,1854547,0,0,0
02.736.470/0001-43,2020-09-30,1,1854547,0,0,0
02.736.470/0001-43,2020-12-31,1,2354547,0,0,0
02.736.470/0001-43,2021-03-31,1,2354544,0,0,0
02.736.470/0001-43,2021-06-30,1,2068,0,0,0
02.736.470/0001-43,2021-09-30,1,2128,0,0,0
02.736.470/0001-43,2021-12-31,1,2128,0,0,0
02.736.470/0001-43,2022-03-31,1,2128,0,0,0
02.736.470/0001-43,2022-06-30,2,2128,0,0,0
02.736.470/0001-43,2022-09-30,1,2128,0,0,0
02.736.470/0001-43,2022-12-31,1,2128,0,0,0
02.736.470/0001-43,2023-03-31,1,2128,0,0,0
02.762.113/0001-50,2020-03-31,1,239,478,0,0
02.762.113/0001-50,2020-06-30,1,239,478,0,0
02.762.113/0001-50,2020-09-30,1,239,478,0,0
02.762.113/0001-50,2020-12-31,1,239,478,0,0
02.762.113/0001-50,2021-03-31,1,239,478,0,0
02.762.113/0001-50,2021-06-30,1,239,478,0,0
02.762.113/0001-50,2021-09-30,1,239,478,0,0
02.762.113/0001-50,2021-12-31,1,239,478,0,0
02.762.113/0001-50,2022-03-31,1,239,478,0,0
02.762.113/0001-50,2022-06-30,1,239,478,0,0
02.762.113/0001-50,2022-09-30,1,239,478,0,0
02.762.113/0001-50,2022-12-31,1,239,478,0,0
02.762.113/0001-50,2023-03-31,1,239,478,0,0
02.762.113/0001-50,2023-06-30,1,239,478,0,0
02.762.113/0001-50,2023-09-30,1,239,478,0,0
02.762.113/0001-50,2023-12-31,1,239,478,0,0
02.762.113/0001-50,2024-03-31,1,239,478,0,0
02.762.113/0001-50,2024-06-30,1,239,478,0,0
02.762.115/0001-49,2020-03-31,1,6488,0,0,0
02.762.115/0001-49,2020-06-30,1,6488,0,0,0
02.762.115/0001-49,2020-09-30,1,6488,0,0,0
02.762.115/0001-49,2020-12-31,2,6488,0,0,0
02.762.115/0001-49,2021-03-31,1,6488,0,0,0
02.762.121/0001-04,2020-03-31,1,669798,0,2098,0
02.762.121/0001-04,2020-06-30,1,669798,0,1876,0
02.762.121/0001-04,2020-09-30,1,862478,0,1684,0
02.762.121/0001-04,2020-12-31,1,862478,0,898,0
02.762.121/0001-04,2021-03-31,1,862478,0,419,0
02.762.121/0001-04,2021-06-30,1,862478,0,419,0
02.762.121/0001-04,2021-09-30,1,862831,0,419,0
02.762.121/0001-04,2021-12-31,1,862831,0,419,0
02.762.121/0001-04,2022-03-31,1,862831,0,145,0
02.762.121/0001-04,2022-06-30,2,863491,0,48,0
02.762.121/0001-04,2022-09-30,1,863652,0,48,0
02.762.121/0001-04,2022-12-31,2,863652,0,48,0
02.762.121/0001-04,2023-03-31,1,864170,0,1,0
02.762.121/0001-04,2023-06-30,1,864170,0,162,0
02.762.121/0001-04,2023-09-30,1,864170,0,0,0
02.762.121/0001-04,2023-12-31,1,864170,0,694,0
02.762.121/0001-04,2024-03-31,2,864170,0,755,0
02.762.121/0001-04,2024-06-30,1,864170,0,207,0
02.762.121/0001-04,2024-09-30,1,864170,0,386,0
02.762.121/0001-04,2024-12-31,1,864170,0,4070,0
02.762.121/0001-04,2025-03-31,1,864170,0,4550,0
02.762.121/0001-04,2025-06-30,1,864170,0,0,0
02.762.121/0001-04,2025-09-30,1,864170,0,0,0
02.762.121/0001-04,2025-12-31,1,851018,0,0,0
02.762.121/0001-04,2026-03-31,1,851018,0,0,0
02.762.121/0001-04,2026-06-30,1,851018,0,0,0
02.762.124/0001-30,2020-03-31,1,2761620,0,0,0
02.762.124/0001-30,2020-06-30,1,2761620,0,0,0
02.762.124/0001-30,2020-09-30,1,2761620,0,0,0
02.762.124/0001-30,2020-12-31,1,2761620,0,0,0
02.762.124/0001-30,2021-03-31,1,2761620,0,0,0
02.762.124/0001-30,2021-06-30,1,2761620,0,0,0
02.762.124/0001-30,2021-09-30,1,2761620,0,0,0
02.762.124/0001-30,2021-12-31,2,2761620,0,0,0
02.762.124/0001-30,2022-03-31,1,2761620,0,0,0
02.762.124/0001-30,2022-06-30,1,2761620,0,0,0
02.762.124/0001-30,2022-09-30,1,2761620,0,0,0
02.762.124/0001-30,2022-12-31,1,2761620,0,0,0
02.762.124/0001-30,2023-03-31,1,2761620,0,0,0
02.762.124/0001-30,2023-06-30,1,2761620,0,0,0
02.762.124/0001-30,2023-09-30,1,2761620,0,0,0
02.762.124/0001-30,2023-12-31,1,2761620,0,0,0
02.762.124/0001-30,2024-03-31,1,2761620,0,0,0
02.762.124/0001-30,2024-06-30,1,2761620,0,0,0
02.762.124/0001-30,2024-09-30,1,2761620,0,0,0
02.762.124/0001-30,2024-12-31,1,2761620,0,0,0
02.762.124/0001-30,2025-03-31,1,2761620,0,0,0
02.762.124/0001-30,2025-06-30,1,2761620,0,0,0
02.762.124/0001-30,2025-09-30,1,2761620,0,0,0
02.762.124/0001-30,2025-12-31,1,2761620,0,0,0
02.762.124/0001-30,2026-03-31,1,2761620,0,0,0
02.762.124/0001-30,2026-06-30,1,2761620,0,0,0
02.773.542/0001-22,2020-03-30,1,7927,0,0,0
02.773.542/0001-22,2020-06-30,2,7927,0,0,0
02.773.542/0001-22,2020-09-30,1,7927,0,0,0
02.773.542/0001-22,2020-12-31,1,7927,0,0,0
02.773.542/0001-22,2021-03-31,1,7927,0,0,0
02.773.542/0001-22,2021-06-30,1,7927,0,0,0
02.773.542/0001-22,2021-09-30,1,7927,0,0,0
02.773.542/0001-22,2021-12-31,2,7927,0,0,0
02.773.542/0001-22,2022-03-31,1,7927,0,0,0
02.773.542/0001-22,2022-06-30,1,7927,0,0,0
02.773.542/0001-22,2022-09-30,1,7927,0,0,0
02.773.542/0001-22,2022-12-31,2,8401,0,0,0
02.773.542/0001-22,2023-03-31,2,8401,0,0,0
02.783.423/0001-50,2020-03-31,1,36218984,0,0,0
02.783.423/0001-50,2020-06-30,1,36218984,0,0,0
02.783.423/0001-50,2020-09-30,1,36218984,0,0,0
02.783.423/0001-50,2020-12-31,1,36218984,0,0,0
02.783.423/0001-50,2021-03-31,1,36218984,0,0,0
02.783.423/0001-50,2021-06-30,1,36218984,0,0,0
02.783.423/0001-50,2021-09-30,1,36218984,0,0,0
02.783.423/0001-50,2021-12-31,1,36218984,0,0,0
02.783.423/0001-50,2022-03-31,1,36218984,0,0,0
02.783.423/0001-50,2022-06-30,1,36218984,0,0,0
02.783.423/0001-50,2022-09-30,1,36218984,0,0,0
02.783.423/0001-50,2022-12-31,1,36218984,0,0,0
02.783.423/0001-50,2023-03-31,1,36218984,0,0,0
02.783.423/0001-50,2023-06-30,1,36218984,0,0,0
02.783.423/0001-50,2023-09-30,1,36218984,0,0,0
02.783.423/0001-50,2023-12-31,1,36218984,0,0,0
02.783.423/0001-50,2024-03-31,1,36218984,0,0,0
02.796.775/0001-40,2020-03-31,1,1935716,0,0,0
02.796.775/0001-40,2020-06-30,1,1935716,0,0,0
02.796.775/0001-40,2020-09-30,1,1935716,0,0,0
02.796.775/0001-40,2020-12-31,1,1935716,0,0,0
02.796.775/0001-40,2021-03-31,1,1935716,0,0,0
02.796.775/0001-40,2021-06-30,1,1935716,0,0,0
02.796.775/0001-40,2021-09-30,1,1935716,0,0,0
02.796.775/0001-40,2021-12-31,1,1935716,0,0,0
02.796.775/0001-40,2022-03-31,1,1935716,0,0,0
02.796.775/0001-40,2022-06-30,1,1935716,0,0,0
02.796.775/0001-40,2022-09-30,1,1935716,0,0,0
02.796.775/0001-40,2022-12-31,1,1935716,0,0,0
02.796.775/0001-40,2023-03-31,1,1935716,0,0,0
02.796.775/0001-40,2023-06-30,1,1935716,0,0,0
02.796.775/0001-40,2023-09-30,1,1935716,0,0,0
02.796.775/0001-40,2023-12-31,1,1935716,0,0,0
02.796.775/0001-40,2024-03-31,1,1935716,0,0,0
02.796.775/0001-40,2024-06-30,1,1935716,0,0,0
02.796.775/0001-40,2024-09-30,2,1935716,0,0,0
02.796.775/0001-40,2024-12-31,1,1935716,0,0,0
02.796.775/0001-40,2025-03-31,1,1935716,0,0,0
02.796.775/0001-40,2025-06-30,1,1935716,0,0,0
02.796.775/0001-40,2025-09-30,1,1935716,0,0,0
02.796.775/0001-40,2025-12-31,1,1935716,0,0,0
02.796.775/0001-40,2026-03-31,1,1935716,0,0,0
02.796.775/0001-40,2026-06-30,1,1935716,0,0,0
02.800.026/0001-40,2020-03-31,1,1876606210,0,7812464,0
02.800.026/0001-40,2020-06-30,1,1876606210,0,7799189,0
02.800.026/0001-40,2020-09-30,1,1876606210,0,7638405,0
02.800.026/0001-40,2020-12-31,1,1876606210,0,7638405,0
02.800.026/0001-40,2021-03-31,1,1876606210,0,7515304,0
02.800.026/0001-40,2021-06-30,2,1876606210,0,7475021,0
02.800.026/0001-40,2021-09-30,1,1876606210,0,3027324,0
02.800.026/0001-40,2021-12-31,1,1876606210,0,2860602,0
02.800.026/0001-40,2022-03-31,1,1876606210,0,6171008,0
02.800.026/0001-40,2022-06-30,1,1876606210,0,1603624,0
02.800.026/0001-40,2022-09-30,1,1876606210,0,1973291,0
02.800.026/0001-40,2022-12-31,2,1876606210,0,1913841,0
02.800.026/0001-40,2023-03-31,1,1876606210,0,8769398,0
02.800.026/0001-40,2023-06-30,1,1876606210,0,4815419,0
02.800.026/0001-40,2023-09-30,1,1876606210,0,4689922,0
02.800.026/0001-40,2023-12-31,1,1876606210,0,4650087,0
02.800.026/0001-40,2024-03-31,1,1876606210,0,4650087,0
02.800.026/0001-40,2024-06-30,1,1876606210,0,4942852,0
02.800.026/0001-40,2024-09-30,1,1876606210,0,3371587,0
02.800.026/0001-40,2024-12-31,1,1876606210,0,32264869,0
02.800.026/0001-40,2025-03-31,1,1876606210,0,68323076,0
02.800.026/0001-40,2025-06-30,1,1876606210,0,62632812,0
02.800.026/0001-40,2025-09-30,1,1876606210,0,62435142,0
02.800.026/0001-40,2025-12-31,2,2064266831,0,68678656,0
02.800.026/0001-40,2026-03-31,1,2064266831,0,68678656,0
02.800.026/0001-40,2026-06-30,1,2064266831,0,63037639,0
02.846.056/0001-97,2020-03-31,1,2020000000,0,0,0
02.846.056/0001-97,2020-06-30,1,2020000000,0,0,0
02.846.056/0001-97,2020-09-30,1,2020000000,0,0,0
02.846.056/0001-97,2020-12-31,1,2020000000,0,0,0
02.846.056/0001-97,2021-03-31,1,2019998000,0,2000,0
02.846.056/0001-97,2021-06-30,1,2019998000,0,2000,0
02.846.056/0001-97,2021-09-30,2,2020000000,0,2000,0
02.846.056/0001-97,2021-12-31,1,2020000000,0,0,0
02.846.056/0001-97,2022-03-31,1,2020000000,0,0,0
02.846.056/0001-97,2022-06-30,1,2020000000,0,2000,0
02.846.056/0001-97,2022-09-30,1,2020000000,0,2000,0
02.846.056/0001-97,2022-12-31,1,2020000000,0,2000,0
02.846.056/0001-97,2023-03-31,1,2020000000,0,2000,0
02.846.056/0001-97,2023-06-30,1,2020000000,0,2750133,0
02.846.056/0001-97,2023-09-30,1,2020000000,0,3081575,0
02.846.056/0001-97,2023-12-31,1,2020000000,0,3081575,0
02.846.056/0001-97,2024-03-31,1,2020000000,0,3081575,0
02.846.056/0001-97,2024-06-30,1,2020000000,0,2016950,0
02.846.056/0001-97,2024-09-30,1,2020000000,0,2013616,0
02.846.056/0001-97,2024-12-31,1,2020000000,0,9884118,0
02.846.056/0001-97,2025-03-31,1,2020000000,0,9884118,0
02.846.056/0001-97,2025-06-30,1,2020000000,0,9512335,0
02.846.056/0001-97,2025-09-30,1,2020000000,0,9884118,0
02.846.056/0001-97,2025-12-31,1,2020000000,0,9512335,0
02.846.056/0001-97,2026-03-31,1,2020000000,0,9074645,0
02.846.056/0001-97,2026-06-30,1,2020000000,0,10060618,0
02.860.694/0001-62,2020-03-31,1,67501,0,215,0
02.860.694/0001-62,2020-06-30,1,67501,0,215,0
02.860.694/0001-62,2020-09-30,1,67413,0,101,0
02.860.694/0001-62,2020-12-31,1,67413,0,0,0
02.860.694/0001-62,2021-03-31,1,67413,0,0,0
02.860.694/0001-62,2021-06-30,1,67413,0,0,0
02.860.694/0001-62,2021-09-30,1,67413,0,0,0
02.860.694/0001-62,2021-12-31,1,67413,0,0,0
02.860.694/0001-62,2022-03-31,1,67413,0,0,0
02.860.694/0001-62,2022-06-30,1,67413,0,0,0
02.860.694/0001-62,2022-09-30,1,67413,0,0,0
02.860.694/0001-62,2022-12-31,1,67413,0,0,0
02.860.694/0001-62,2023-03-31,1,67413,0,0,0
02.860.694/0001-62,2023-06-30,1,67413,0,0,0
02.860.694/0001-62,2023-09-30,1,67413,0,0,0
02.860.694/0001-62,2023-12-31,2,67413,0,0,0
02.860.694/0001-62,2024-03-31,1,67413,0,0,0
02.860.694/0001-62,2024-06-30,1,67413,0,0,0
02.860.694/0001-62,2024-09-30,1,67413,0,0,0
02.860.694/0001-62,2024-12-31,1,67413,0,0,0
02.860.694/0001-62,2025-03-31,1,67413,0,0,0
02.860.694/0001-62,2025-06-30,2,6741262,0,0,0
02.860.694/0001-62,2025-09-30,1,6741262,0,0,0
02.860.694/0001-62,2025-12-31,1,6741262,0,0,0
02.860.694/0001-62,2026-03-31,1,6741262,0,0,0
02.860.694/0001-62,2026-06-30,1,6741262,0,0,0
02.916.265/0001-60,2020-03-31,1,2728747412,0,62727754,0
02.916.265/0001-60,2020-06-30,1,2728747412,0,62710660,0
02.916.265/0001-60,2020-09-30,1,2666079023,0,10203577,0
02.916.265/0001-60,2020-12-31,1,2623373646,0,12848500,0
02.916.265/0001-60,2021-03-31,1,2511135770,0,18596800,0
02.916.265/0001-60,2021-06-30,1,2511135770,0,197800,0
02.916.265/0001-60,2021-09-30,1,2511135770,0,44956800,0
02.916.265/0001-60,2021-12-31,1,2373866570,0,80062600,0
02.916.265/0001-60,2022-03-31,1,2244801870,0,0,0
02.916.265/0001-60,2022-06-30,2,2218116370,0,0,0
02.916.265/0001-60,2022-09-30,1,2218116370,0,0,0
02.916.265/0001-60,2022-12-31,1,2218116370,0,0,0
02.916.265/0001-60,2023-03-31,1,2218116370,0,0,0
02.916.265/0001-60,2023-06-30,1,2218116370,0,0,0
02.916.265/0001-60,2023-09-30,1,2218116370,0,0,0
02.916.265/0001-60,2023-12-31,1,2218116370,0,0,0
02.916.265/0001-60,2024-03-31,1,2218116370,0,0,0
02.916.265/0001-60,2024-06-30,1,2218116370,0,0,0
02.916.265/0001-60,2024-09-30,1,2218116370,0,0,0
02.916.265/0001-60,2024-12-31,1,2218116370,0,0,0
02.916.265/0001-60,2025-03-31,1,2218116370,0,0,0
02.916.265/0001-60,2025-06-30,2,2218116370,0,0,0
02.916.265/0001-60,2025-09-30,1,2218116370,0,0,0
02.916.265/0001-60,2025-12-31,1,2218116370,0,0,0
02.916.265/0001-60,2026-03-31,1,2218116370,0,0,0
02.916.265/0001-60,2026-06-30,1,2218116370,0,0,0
02.919.555/0001-67,2020-03-31,1,731481274,0,0,0
02.919.555/0001-67,2020-06-30,1,731481274,0,0,0
02.919.555/0001-67,2020-09-30,1,731481274,0,0,0
02.919.555/0001-67,2020-12-31,2,731481,0,0,0
02.919.555/0001-67,2021-03-31,1,731481274,0,0,0
02.919.555/0001-67,2021-06-30,1,731481274,0,0,0
02.919.555/0001-67,2021-09-30,1,760339,0,0,0
02.919.555/0001-67,2021-12-31,2,760338,0,0,0
02.919.555/0001-67,2022-03-31,1,760393,0,0,0
02.919.555/0001-67,2022-06-30,1,760393,0,0,0
02.919.555/0001-67,2022-09-30,1,760393,0,0,0
02.919.555/0001-67,2022-12-31,3,760339,0,0,0
02.919.555/0001-67,2023-03-31,1,760339,0,0,0
02.919.555/0001-67,2023-06-30,1,760339,0,0,0
02.919.555/0001-67,2023-09-30,1,760339,0,0,0
02.919.555/0001-67,2023-12-31,3,760338900,0,0,0
02.919.555/0001-67,2024-03-31,1,760338900,0,0,0
02.919.555/0001-67,2024-06-30,1,760338900,0,0,0
02.919.555/0001-67,2024-09-30,1,760338900,0,0,0
02.919.555/0001-67,2024-12-31,1,760338900,0,0,0
02.919.555/0001-67,2025-03-31,1,760338900,0,0,0
02.919.555/0001-67,2025-06-30,1,760338900,0,0,0
02.919.555/0001-67,2025-09-30,1,760338900,0,0,0
02.919.555/0001-67,2025-12-31,2,760338900,0,0,0
02.919.555/0001-67,2026-03-31,1,760338900,0,0,0
02.919.555/0001-67,2026-06-30,1,760338900,0,0,0
02.932.074/0001-91,2020-03-31,1,632238060,0,741611,0
02.932.074/0001-91,2020-06-30,2,632238060,0,203226,0
02.932.074/0001-91,2020-09-30,1,633320423,0,9476,0
02.932.074/0001-91,2020-12-31,1,633420823,0,9476,0
02.932.074/0001-91,2021-03-31,1,633420823,0,2504728,0
02.932.074/0001-91,2021-06-30,1,633420823,0,1394242,0
02.932.074/0001-91,2021-09-30,1,633420823,0,1201742,0
02.932.074/0001-91,2021-12-31,1,633420823,0,2699242,0
02.932.074/0001-91,2022-03-31,1,633420823,0,1800408,0
02.932.074/0001-91,2022-06-30,1,633420823,0,543963,0
02.932.074/0001-91,2022-09-30,1,633420823,0,356463,0
02.932.074/0001-91,2022-12-31,1,633420823,0,1523351,0
02.932.074/0001-91,2023-03-31,1,633420823,0,654423,0
02.932.074/0001-91,2023-06-30,1,633420823,0,910332,0
02.932.074/0001-91,2023-09-30,1,633420823,0,766332,0
02.932.074/0001-91,2023-12-31,1,633420823,0,512303,0
02.932.074/0001-91,2024-03-31,1,633420823,0,363687,0
02.932.074/0001-91,2024-06-30,1,633420823,0,1163304,0
02.932.074/0001-91,2024-09-30,1,633420823,0,738554,0
02.932.074/0001-91,2024-12-31,1,633420823,0,723554,0
02.932.074/0001-91,2025-03-31,1,633420823,0,1621455,0
02.932.074/0001-91,2025-06-30,1,633420823,0,482411,0
02.932.074/0001-91,2025-09-30,1,633420823,0,479811,0
02.932.074/0001-91,2025-12-31,1,633420823,0,467311,0
02.932.074/0001-91,2026-03-31,1,704009059,0,507090,0
02.932.074/0001-91,2026-06-30,1,704009059,0,16804,0
02.950.811/0001-89,2020-03-31,1,8066,0,0,0
02.950.811/0001-89,2020-06-30,1,8066,0,0,0
02.950.811/0001-89,2020-09-30,1,8066,0,0,0
02.950.811/0001-89,2020-12-31,1,8066,0,0,0
02.950.811/0001-89,2021-03-31,1,8066,0,0,0
02.950.811/0001-89,2021-06-30,1,56133,0,0,0
02.950.811/0001-89,2021-09-30,1,56133,0,1061,0
02.950.811/0001-89,2021-12-31,1,56133,0,1061,0
02.950.811/0001-89,2022-03-31,1,56133,0,1061,0
02.950.811/0001-89,2022-06-30,1,56133,0,1061,0
02.950.811/0001-89,2022-09-30,1,56133,0,576,0
02.950.811/0001-89,2022-12-31,2,322186,0,8102,0
02.950.811/0001-89,2023-03-31,1,3221,0,18,0
02.950.811/0001-89,2023-06-30,1,3221,0,13,0
02.950.811/0001-89,2023-09-30,1,3221,0,2,0
02.950.811/0001-89,2023-12-31,1,77786,0,37,0
02.950.811/0001-89,2024-03-31,1,77786,0,37,0
02.950.811/0001-89,2024-06-30,1,77786,0,10,0
02.950.811/0001-89,2024-09-30,1,1743505,0,10,0
02.950.811/0001-89,2024-12-31,1,1743505,0,10,0
02.950.811/0001-89,2025-03-31,1,13948,0,0,0
02.950.811/0001-89,2025-06-30,1,29691,0,0,0
02.950.811/0001-89,2025-09-30,1,29691,0,0,0
02.950.811/0001-89,2025-12-31,1,3287,0,0,0
02.950.811/0001-89,2026-03-31,1,3287,0,0,0
02.950.811/0001-89,2026-06-30,1,3287,0,0,0
02.992.449/0001-09,2020-03-31,1,106815796,0,0,0
02.992.449/0001-09,2020-06-30,1,106815796,0,0,0
02.992.449/0001-09,2020-09-30,1,106815796,0,0,0
02.992.449/0001-09,2020-12-31,1,106815796,0,0,0
02.992.449/0001-09,2021-03-31,1,106815796,0,0,0
02.992.449/0001-09,2021-06-30,1,717502819,0,0,0
02.992.449/0001-09,2021-09-30,1,717502819,0,0,0
02.992.449/0001-09,2021-12-31,1,717502819,0,0,0
02.992.449/0001-09,2022-03-31,1,717502819,0,0,0
02.992.449/0001-09,2022-06-30,1,2050836152,0,0,0
02.992.449/0001-09,2022-09-30,1,2050836152,0,0,0
02.992.449/0001-09,2022-12-31,1,2050836152,0,0,0
02.992.449/0001-09,2023-03-31,1,2050836152,0,0,0
02.992.449/0001-09,2023-06-30,1,5921803893,0,0,0
02.992.449/0001-09,2023-09-30,1,5921803893,0,0,0
02.992.449/0001-09,2023-12-31,1,5921803893,0,0,0
02.992.449/0001-09,2024-03-31,1,5921803893,0,0,0
02.992.449/0001-09,2024-06-30,1,14255137226,0,0,0
02.992.449/0001-09,2024-09-30,1,14255137226,0,0,0
02.992.449/0001-09,2024-12-31,1,14255137226,0,0,0
02.992.449/0001-09,2025-03-31,1,14255137226,0,0,0
02.992.449/0001-09,2025-06-30,1,41755137226,0,0,0
02.992.449/0001-09,2025-09-30,1,41755137226,0,0,0
02.992.449/0001-09,2025-12-31,1,41755137226,0,0,0
02.992.449/0001-09,2026-03-31,1,121755137226,0,0,0
02.992.449/0001-09,2026-06-30,1,2029252287000,0,0,0
02.998.301/0001-81,2020-03-31,1,31478,62955,0,0
02.998.301/0001-81,2020-06-30,1,31478,62955,0,0
02.998.301/0001-81,2020-09-30,1,31478,62955,0,0
02.998.301/0001-81,2020-12-31,1,31478,62955,0,0
02.998.301/0001-81,2021-03-31,1,31478,62955,0,0
02.998.301/0001-81,2021-06-30,1,31478,62955,0,0
02.998.301/0001-81,2021-09-30,1,31478,62955,0,0
02.998.301/0001-81,2021-12-31,1,31478,62955,0,0
02.998.301/0001-81,2022-03-31,1,31478,62955,0,0
02.998.301/0001-81,2022-06-30,1,31478,62955,0,0
02.998.301/0001-81,2022-09-30,1,31478,62955,0,0
02.998.301/0001-81,2022-12-31,1,31478,62955,0,0
02.998.301/0001-81,2023-03-31,2,31477761,62955522,0,0
02.998.301/0001-81,2023-06-30,1,31477761,62955522,0,0
02.998.301/0001-81,2023-09-30,1,31477761,62955522,0,0
02.998.301/0001-81,2023-12-31,1,31477761,62955522,0,0
02.998.301/0001-81,2024-03-31,1,31477761,62955522,0,0
02.998.301/0001-81,2024-06-30,1,31477761,62955522,0,0
02.998.301/0001-81,2024-09-30,1,31477761,62955522,0,0
02.998.301/0001-81,2024-12-31,1,31477761,62955522,0,0
02.998.301/0001-81,2025-03-31,1,31477761,62955522,0,0
02.998.301/0001-81,2025-06-30,1,31477761,62955522,0,0
02.998.301/0001-81,2025-09-30,1,31477761,62955522,0,0
02.998.301/0001-81,2025-12-31,2,31477761,62955522,0,0
02.998.301/0001-81,2026-03-31,1,31477761,62955522,0,0
02.998.301/0001-81,2026-06-30,1,31477761,62955522,0,0
02.998.611/0001-04,2020-03-31,1,257937732,400945572,0,0
02.998.611/0001-04,2020-06-30,1,257937732,400945572,0,0
02.998.611/0001-04,2020-09-30,1,257937732,400945572,0,0
02.998.611/0001-04,2020-12-31,1,257937732,400945572,0,0
02.998.611/0001-04,2021-03-31,1,257937732,400945572,0,0
02.998.611/0001-04,2021-06-30,1,257937732,400945572,0,0
02.998.611/0001-04,2021-09-30,1,257937732,400945572,0,0
02.998.611/0001-04,2021-12-31,1,257937732,400945572,0,0
02.998.611/0001-04,2022-03-31,1,257937732,400945572,0,0
02.998.611/0001-04,2022-06-30,1,257937732,400945572,0,0
02.998.611/0001-04,2022-09-30,1,257937732,400945572,0,0
02.998.611/0001-04,2022-12-31,1,257937732,400945572,0,0
02.998.611/0001-04,2023-03-31,1,257937732,400945572,0,0
02.998.611/0001-04,2023-06-30,1,257937732,400945572,0,0
02.998.611/0001-04,2023-09-30,1,257937732,400945572,0,0
02.998.611/0001-04,2023-12-31,1,257937732,400945572,0,0
02.998.611/0001-04,2024-03-31,2,257937732,400945572,0,0
02.998.611/0001-04,2024-06-30,1,257937732,400945572,0,0
02.998.611/0001-04,2024-09-30,1,257937732,400945572,0,0
02.998.611/0001-04,2024-12-31,1,257937732,400945572,0,0
02.998.611/0001-04,2025-03-31,1,257937732,400945572,0,0
02.998.611/0001-04,2025-06-30,1,257937732,400945572,0,0
02.998.611/0001-04,2025-09-30,1,257937732,400945572,0,0
02.998.611/0001-04,2025-12-31,1,257937732,400945572,0,0
02.998.611/0001-04,2026-03-31,1,257937732,400945572,0,0
02.998.611/0001-04,2026-06-30,1,238170004,420713300,0,0
03.014.553/0001-91,2020-03-31,1,176000,0,2493,0
03.014.553/0001-91,2020-06-30,1,176000,0,2493,0
03.014.553/0001-91,2020-09-30,1,176000,0,2493,0
03.014.553/0001-91,2020-12-31,1,176000,0,2493,0
03.014.553/0001-91,2021-03-31,1,176000,0,2493,0
03.014.553/0001-91,2021-06-30,1,176000,0,2493,0
03.014.553/0001-91,2021-09-30,1,176000,0,2493,0
03.014.553/0001-91,2021-12-31,1,176000,0,2493,0
03.014.553/0001-91,2022-03-31,1,176000,0,2493,0
03.014.553/0001-91,2022-06-30,1,176000,0,2493,0
03.014.553/0001-91,2022-09-30,1,176000,0,2493,0
03.014.553/0001-91,2022-12-31,1,176000,0,2493,0
03.014.553/0001-91,2023-03-31,1,176000,0,2493,0
03.014.553/0001-91,2023-06-30,1,44000,0,623,0
03.014.553/0001-91,2023-09-30,1,44000,0,623,0
03.014.553/0001-91,2023-12-31,2,176000,0,2493,0
03.014.553/0001-91,2024-03-31,1,44000,0,623,0
03.014.553/0001-91,2024-06-30,1,44000,0,623,0
03.014.553/0001-91,2024-09-30,1,44000,0,623,0
03.014.553/0001-91,2024-12-31,3,176000,0,2493,0
03.014.553/0001-91,2025-03-31,1,44000,0,623,0
03.014.553/0001-91,2025-06-30,1,44000,0,623,0
03.014.553/0001-91,2025-09-30,1,44000,0,623,0
03.014.553/0001-91,2025-12-31,1,44000,0,623,0
03.014.553/0001-91,2026-03-31,1,44000,0,623,0
03.025.305/0001-46,2020-03-31,1,74220,0,0,0
03.025.305/0001-46,2020-06-30,2,74220,0,0,0
03.025.305/0001-46,2020-09-30,2,74220,0,0,0
03.025.305/0001-46,2020-12-31,1,74220,0,0,0
03.025.305/0001-46,2021-03-31,2,74220,0,0,0
03.025.305/0001-46,2021-06-30,1,74220,0,0,0
03.025.305/0001-46,2021-09-30,1,74220,0,0,0
03.025.305/0001-46,2021-12-31,1,74220,0,0,0
03.025.305/0001-46,2022-03-31,2,74220,0,0,0
03.025.305/0001-46,2022-06-30,1,74220,0,0,0
03.025.305/0001-46,2022-09-30,1,74220,0,0,0
03.025.305/0001-46,2022-12-31,2,74220,0,0,0
03.025.305/0001-46,2023-03-31,1,74220,0,0,0
03.025.305/0001-46,2023-06-30,1,74220,0,0,0
03.025.305/0001-46,2023-09-30,1,74220,0,0,0
03.025.305/0001-46,2023-12-31,1,74220,0,0,0
03.025.305/0001-46,2024-03-31,2,74220,0,0,0
03.025.305/0001-46,2024-06-30,1,74220,0,0,0
03.025.305/0001-46,2024-09-30,1,74220,0,0,0
03.025.305/0001-46,2024-12-31,1,74220,0,0,0
03.025.305/0001-46,2025-03-31,2,74220,0,0,0
03.025.305/0001-46,2025-06-30,2,74220,0,0,0
03.025.305/0001-46,2025-09-30,1,74220,0,0,0
03.025.305/0001-46,2025-12-31,1,74220,0,0,0
03.025.305/0001-46,2026-03-31,1,74220,0,0,0
03.025.305/0001-46,2026-06-30,2,74220,0,0,0
03.207.703/0001-83,2020-03-31,1,4763110,0,0,0
03.207.703/0001-83,2020-06-30,1,4763110,0,0,0
03.207.703/0001-83,2020-09-30,1,4763110,0,0,0
03.207.703/0001-83,2020-12-31,2,4763,0,0,0
03.207.703/0001-83,2021-03-31,1,4763,0,0,0
03.207.703/0001-83,2021-06-30,1,4763,0,0,0
03.207.703/0001-83,2021-09-30,1,4763,0,0,0
03.207.703/0001-83,2021-12-31,1,4763,0,0,0
03.207.703/0001-83,2022-03-31,1,4763,0,0,0
03.207.703/0001-83,2022-06-30,1,4763,0,0,0
03.207.703/0001-83,2022-09-30,1,4763,0,0,0
03.207.703/0001-83,2022-12-31,1,4763,0,0,0
03.207.703/0001-83,2023-03-31,1,4763,0,0,0
03.207.703/0001-83,2023-06-30,1,4763,0,0,0
03.207.703/0001-83,2023-09-30,1,4763110,0,0,0
03.207.703/0001-83,2023-12-31,2,4763110,0,0,0
03.207.703/0001-83,2024-03-31,1,4763110,0,0,0
03.207.703/0001-83,2024-06-30,1,4763110,0,0,0
03.207.703/0001-83,2024-09-30,1,4763110,0,0,0
03.207.703/0001-83,2024-12-31,1,4763110,0,0,0
03.207.703/0001-83,2025-03-31,1,4763110,0,0,0
03.207.703/0001-83,2025-06-30,1,4763110,0,0,0
03.207.703/0001-83,2025-09-30,1,4763110,0,0,0
03.207.703/0001-83,2025-12-31,1,4763110,0,0,0
03.207.703/0001-83,2026-03-31,1,4763110,0,0,0
03.207.703/0001-83,2026-06-30,1,4763110,0,0,0
03.220.438/0001-73,2020-03-31,1,1010186085,0,0,0
03.220.438/0001-73,2020-06-30,2,1010286085,0,0,0
03.220.438/0001-73,2020-09-30,1,1010511085,0,0,0
03.220.438/0001-73,2020-12-31,1,1010511085,0,1370000,0
03.220.438/0001-73,2021-03-31,1,1010511085,0,28421100,0
03.220.438/0001-73,2021-06-30,1,1010539585,0,28421100,0
03.220.438/0001-73,2021-09-30,1,1010539585,0,28870100,0
03.220.438/0001-73,2021-12-31,2,1010539585,0,28870100,0
03.220.438/0001-73,2022-03-31,2,1128934585,0,28870100,0
03.220.438/0001-73,2022-06-30,1,1128934585,0,28870100,0
03.220.438/0001-73,2022-09-30,1,1128934585,0,28870100,0
03.220.438/0001-73,2022-12-31,1,1128934585,0,28870100,0
03.220.438/0001-73,2023-03-31,1,1129315455,0,0,0
03.220.438/0001-73,2023-06-30,2,1129940955,0,0,0
03.220.438/0001-73,2023-09-30,1,1145347190,0,28326900,0
03.220.438/0001-73,2023-12-31,1,1147108197,0,0,0
03.220.438/0001-73,2024-03-31,1,1147124847,0,0,0
03.220.438/0001-73,2024-06-30,1,1151192243,0,0,0
03.220.438/0001-73,2024-09-30,1,1171152221,0,0,0
03.220.438/0001-73,2024-12-31,3,1249258717,0,0,0
03.220.438/0001-73,2025-03-31,1,1253847835,0,1961938,0
03.220.438/0001-73,2025-06-30,1,1254548088,0,2264134,0
03.220.438/0001-73,2025-09-30,1,1255505024,0,779023,0
03.220.438/0001-73,2025-12-31,2,1259019797,0,895716,0
03.220.438/0001-73,2026-03-31,1,1259235297,0,1956510,0
03.220.438/0001-73,2026-06-30,1,1259387047,0,4355772,0
03.279.285/0001-30,2022-03-31,1,3510466,0,0,0
03.279.285/0001-30,2022-06-30,1,3510466,0,0,0
03.279.285/0001-30,2022-09-30,1,3510466,0,0,0
03.279.285/0001-30,2022-12-31,2,3510,0,0,0
03.279.285/0001-30,2023-03-31,1,3510,0,0,0
03.279.285/0001-30,2023-06-30,1,3510,0,0,0
03.279.285/0001-30,2023-09-30,2,3510,0,0,0
03.279.285/0001-30,2023-12-31,2,3510,0,0,0
03.279.285/0001-30,2024-03-31,2,3510,0,0,0
03.279.285/0001-30,2024-06-30,1,3510,0,0,0
03.279.285/0001-30,2024-09-30,2,3510,0,0,0
03.279.285/0001-30,2024-12-31,2,3510,0,0,0
03.279.285/0001-30,2025-03-31,2,3510,0,0,0
03.279.285/0001-30,2025-06-30,1,3510,0,0,0
03.279.285/0001-30,2025-09-30,1,3510,0,0,0
03.279.285/0001-30,2025-12-31,1,3510,0,0,0
03.279.285/0001-30,2026-03-31,1,3510,0,0,0
03.279.285/0001-30,2026-06-30,1,3510,0,0,0
03.303.999/0001-36,2020-03-31,1,7338756,450655,0,0
03.303.999/0001-36,2020-06-30,1,7338756,450655,0,0
03.303.999/0001-36,2020-09-30,1,7338756,450655,0,0
03.303.999/0001-36,2020-12-31,1,7338756,450655,0,0
03.303.999/0001-36,2021-03-31,1,10680476,450655,0,0
03.303.999/0001-36,2021-06-30,1,10680476,450655,0,0
03.303.999/0001-36,2021-09-30,1,10680476,450655,0,0
03.303.999/0001-36,2021-12-31,1,10680476,450655,0,0
03.303.999/0001-36,2022-03-31,1,10680476,450655,0,0
03.303.999/0001-36,2022-06-30,1,10680476,450655,0,0
03.303.999/0001-36,2022-09-30,1,10680488,450643,0,0
03.303.999/0001-36,2022-12-31,1,10680476,450655,0,0
03.303.999/0001-36,2023-03-31,1,10680476,450655,0,0
03.303.999/0001-36,2023-06-30,1,10680476,450655,0,0
03.303.999/0001-36,2023-09-30,1,10680475,450655,0,0
03.303.999/0001-36,2023-12-31,1,10680476,450655,0,0
03.303.999/0001-36,2024-03-31,1,10680475,450655,0,0
03.303.999/0001-36,2024-06-30,1,10680476,450655,0,0
03.303.999/0001-36,2024-09-30,1,10680476,450655,0,0
03.303.999/0001-36,2024-12-31,1,10680476,450655,0,0
03.303.999/0001-36,2025-03-31,1,10680476,450655,0,0
03.303.999/0001-36,2025-06-30,1,10680476,450655,0,0
03.303.999/0001-36,2025-09-30,1,10680476,450655,0,0
03.303.999/0001-36,2025-12-31,1,10680489,450642,0,0
03.303.999/0001-36,2026-03-31,1,10680476,450655,0,0
03.303.999/0001-36,2026-06-30,1,10680476,450655,0,0
03.342.704/0001-30,2020-12-31,1,82962761,949005,0,0
03.342.704/0001-30,2021-03-31,1,83911766,0,0,0
03.342.704/0001-30,2021-06-30,1,248323532,0,0,0
03.342.704/0001-30,2021-09-30,1,248428532,0,52488,0
03.342.704/0001-30,2021-12-31,3,248517120,0,143009,0
03.342.704/0001-30,2022-03-31,1,248535088,0,141389,0
03.342.704/0001-30,2022-06-30,1,248535088,0,141389,0
03.342.704/0001-30,2022-09-30,1,292730696,0,282244,0
03.342.704/0001-30,2022-12-31,1,293056784,0,282244,0
03.342.704/0001-30,2023-03-31,1,293183802,0,482244,0
03.342.704/0001-30,2023-06-30,1,293202070,0,295091,0
03.342.704/0001-30,2023-09-30,1,293281126,0,225996,0
03.342.704/0001-30,2023-12-31,1,293338126,0,225996,0
03.342.704/0001-30,2024-03-31,1,293338126,0,225996,0
03.342.704/0001-30,2024-06-30,1,293440126,0,215548,0
03.342.704/0001-30,2024-09-30,1,293452126,0,352936,0
03.342.704/0001-30,2024-12-31,2,293452126,0,352936,0
03.342.704/0001-30,2025-03-31,1,293472126,0,552936,0
03.342.704/0001-30,2025-06-30,1,293472126,0,498471,0
03.342.704/0001-30,2025-09-30,1,293472126,0,494364,0
03.342.704/0001-30,2025-12-31,1,293472126,0,494198,0
03.342.704/0001-30,2026-03-31,1,293472126,0,494198,0
03.342.704/0001-30,2026-06-30,1,293482126,0,0,0
03.378.521/0001-75,2020-03-31,1,303934060,0,0,0
03.378.521/0001-75,2020-06-30,1,303934060,0,0,0
03.378.521/0001-75,2020-09-30,1,303934060,0,0,0
03.378.521/0001-75,2020-12-31,2,303934060,0,0,0
03.378.521/0001-75,2021-03-31,1,372555324,0,0,0
03.378.521/0001-75,2021-06-30,1,372555324,0,0,0
03.378.521/0001-75,2021-09-30,2,372555324,0,0,0
03.378.521/0001-75,2021-12-31,1,372555324,0,0,0
03.378.521/0001-75,2022-03-31,2,372555324,0,0,0
03.378.521/0001-75,2022-06-30,1,372555324,0,0,0
03.378.521/0001-75,2022-09-30,2,372555324,0,0,0
03.378.521/0001-75,2022-12-31,1,372555324,0,0,0
03.378.521/0001-75,2023-03-31,2,372555324,0,0,0
03.378.521/0001-75,2023-06-30,1,372555324,0,0,0
03.378.521/0001-75,2023-09-30,1,372555324,0,0,0
03.378.521/0001-75,2023-12-31,1,372555324,0,0,0
03.378.521/0001-75,2024-03-31,1,372555324,0,0,0
03.378.521/0001-75,2024-06-30,1,372555324,0,0,0
03.378.521/0001-75,2024-09-30,1,372555324,0,0,0
03.378.521/0001-75,2024-12-31,1,372555324,0,0,0
03.378.521/0001-75,2025-03-31,1,372555324,0,0,0
03.378.521/0001-75,2025-06-30,1,372555324,0,0,0
03.378.521/0001-75,2025-09-30,1,372555324,0,0,0
03.378.521/0001-75,2025-12-31,1,372555324,0,0,0
03.378.521/0001-75,2026-03-31,1,372555324,0,0,0
03.378.521/0001-75,2026-06-30,1,372555324,0,0,0
03.467.321/0001-99,2020-03-31,4,73478111,139432535,0,0
03.467.321/0001-99,2020-06-30,1,75529774,143412165,0,0
03.467.321/0001-99,2020-09-30,1,75529774,143412165,0,0
03.467.321/0001-99,2020-12-31,1,75529774,143412165,0,0
03.467.321/0001-99,2021-03-31,1,75529774,143412165,0,0
03.467.321/0001-99,2021-06-30,1,75529774,143412165,0,0
03.467.321/0001-99,2021-09-30,1,75529774,143412165,0,0
03.467.321/0001-99,2021-12-31,2,75529774,143412165,0,0
03.467.321/0001-99,2022-03-31,1,75529774,143412165,0,0
03.467.321/0001-99,2022-06-30,1,75529774,143412165,0,0
03.467.321/0001-99,2022-09-30,1,75529774,143412165,0,0
03.467.321/0001-99,2022-12-31,1,75529774,143412165,0,0
03.467.321/0001-99,2023-03-31,1,75529774,143412165,0,0
03.467.321/0001-99,2023-06-30,1,75529774,143412165,0,0
03.467.321/0001-99,2023-09-30,1,75529774,143412165,0,0
03.467.321/0001-99,2023-12-31,1,75529774,143412165,0,0
03.467.321/0001-99,2024-03-31,3,75529774,143412165,0,0
03.467.321/0001-99,2024-06-30,1,75529774,143412165,0,0
03.467.321/0001-99,2024-09-30,1,75529774,143412165,0,0
03.467.321/0001-99,2024-12-31,1,75529774,143412165,0,0
03.467.321/0001-99,2025-03-31,1,75529774,143412165,0,0
03.467.321/0001-99,2025-06-30,1,75529774,143412165,0,0
03.467.321/0001-99,2025-09-30,1,75529774,143412165,0,0
03.467.321/0001-99,2025-12-31,1,75529774,143412165,0,0
03.467.321/0001-99,2026-03-31,1,75529774,143412165,0,0
03.467.321/0001-99,2026-06-30,1,75529774,143412165,0,0
03.494.776/0001-01,2020-12-31,1,430382917,0,0,0
03.494.776/0001-01,2021-03-31,1,430382917,0,0,0
03.494.776/0001-01,2021-06-30,1,430382917,0,0,0
03.494.776/0001-01,2021-09-30,1,430382917,0,0,0
03.494.776/0001-01,2021-12-31,1,430382917,0,0,0
03.494.776/0001-01,2022-03-31,1,430382917,0,0,0
03.494.776/0001-01,2022-06-30,1,226742894,0,0,0
03.494.776/0001-01,2022-09-30,1,226742894,0,0,0
03.494.776/0001-01,2022-12-31,1,226742894,0,0,0
03.494.776/0001-01,2023-03-31,1,226742894,0,0,0
03.494.776/0001-01,2023-06-30,1,226742984,0,0,0
03.494.776/0001-01,2023-09-30,1,226742894,0,0,0
03.494.776/0001-01,2023-12-31,1,226742894,0,0,0
03.494.776/0001-01,2024-03-31,1,226742894,0,0,0
03.494.776/0001-01,2024-06-30,1,226742894,0,0,0
03.494.776/0001-01,2024-09-30,1,226742894,0,0,0
03.494.776/0001-01,2024-12-31,1,226742894,0,0,0
03.538.833/0001-07,2020-03-31,1,451303226,0,0,0
03.538.833/0001-07,2020-06-30,1,451303226,0,0,0
03.538.833/0001-07,2020-09-30,1,451303226,0,0,0
03.538.833/0001-07,2020-12-31,1,451303226,0,0,0
03.538.833/0001-07,2021-03-31,1,451303226,0,0,0
03.538.833/0001-07,2021-06-30,1,451303226,0,0,0
03.538.833/0001-07,2021-09-30,1,451303226,0,0,0
03.538.833/0001-07,2021-12-31,1,451303226,0,0,0
03.538.833/0001-07,2022-03-31,1,451303226,0,0,0
03.538.833/0001-07,2022-06-30,1,451303226,0,0,0
03.538.833/0001-07,2022-09-30,1,451303226,0,0,0
03.538.833/0001-07,2022-12-31,1,451303226,0,0,0
03.538.833/0001-07,2023-03-31,1,451303226,0,0,0
03.538.833/0001-07,2023-06-30,1,451303226,0,0,0
03.538.833/0001-07,2023-09-30,1,451303226,0,0,0
03.538.833/0001-07,2023-12-31,1,451303226,0,0,0
03.538.833/0001-07,2024-03-31,1,451303226,0,0,0
03.538.833/0001-07,2024-06-30,1,451303226,0,0,0
03.538.833/0001-07,2024-09-30,1,451303226,0,0,0
03.538.833/0001-07,2024-12-31,1,451303226,0,0,0
03.538.833/0001-07,2025-03-31,1,451303226,0,0,0
03.538.833/0001-07,2025-06-30,1,451303226,0,0,0
03.538.833/0001-07,2025-09-30,1,451303226,0,0,0
03.538.833/0001-07,2025-12-31,1,451303226,0,0,0
03.538.833/0001-07,2026-03-31,1,451303226,0,0,0
03.538.833/0001-07,2026-06-30,1,451303226,0,0,0
03.758.318/0001-24,2020-03-31,1,143057124,286114248,0,0
03.758.318/0001-24,2020-06-30,1,143057124,286114248,0,0
03.758.318/0001-24,2020-09-30,1,143057124,286114248,0,0
03.758.318/0001-24,2020-12-31,1,143057124,286114248,0,0
03.758.318/0001-24,2021-03-31,1,143057124,286114248,0,0
03.758.318/0001-24,2021-06-30,1,143057124,286114248,0,0
03.758.318/0001-24,2021-09-30,1,143057124,286114248,0,0
03.758.318/0001-24,2021-12-31,1,143057124,286114248,0,0
03.758.318/0001-24,2022-03-31,1,143057124,286114248,0,0
03.758.318/0001-24,2022-06-30,1,143057124,286114248,0,0
03.758.318/0001-24,2022-09-30,1,143057124,286114248,0,0
03.758.318/0001-24,2022-12-31,1,143057124,286114248,0,0
03.758.318/0001-24,2023-03-31,1,143057124,286114248,0,0
03.758.318/0001-24,2023-06-30,1,143057124,286114248,0,0
03.758.318/0001-24,2023-09-30,1,143057124,286114248,0,0
03.758.318/0001-24,2023-12-31,1,143057124,286114248,0,0
03.758.318/0001-24,2024-03-31,1,143057124,286114248,0,0
03.758.318/0001-24,2024-06-30,1,143057124,286114248,0,0
03.758.318/0001-24,2024-09-30,1,143057124,286114248,0,0
03.758.318/0001-24,2024-12-31,2,143057124,286114248,0,0
03.758.318/0001-24,2025-03-31,1,143057124,286114248,0,0
03.758.318/0001-24,2025-06-30,1,143057124,286114248,0,0
03.758.318/0001-24,2025-09-30,1,143057124,286114248,0,0
03.758.318/0001-24,2025-12-31,1,143057124,286114248,0,0
03.758.318/0001-24,2026-03-31,1,143057124,286114248,0,0
03.758.318/0001-24,2026-06-30,1,143057124,286114248,0,0
03.767.538/0001-14,2020-03-31,1,77864966,0,0,0
03.767.538/0001-14,2020-06-30,1,77864966,0,0,0
03.767.538/0001-14,2020-09-30,1,77864966,0,0,0
03.767.538/0001-14,2020-12-31,1,77864966,0,0,0
03.767.538/0001-14,2021-03-31,1,77864966,0,0,0
03.767.538/0001-14,2021-06-30,1,77864966,0,0,0
03.767.538/0001-14,2021-09-30,1,77864966,0,0,0
03.767.538/0001-14,2021-12-31,1,77864966,0,0,0
03.767.538/0001-14,2022-03-31,1,77864966,0,0,0
03.767.538/0001-14,2022-06-30,1,77864966,0,0,0
03.767.538/0001-14,2022-09-30,1,77864966,0,0,0
03.767.538/0001-14,2022-12-31,1,77864966,0,0,0
03.767.538/0001-14,2023-03-31,1,77864966,0,0,0
03.767.538/0001-14,2023-06-30,1,77864966,0,0,0
03.767.538/0001-14,2023-09-30,1,77864966,0,0,0
03.767.538/0001-14,2023-12-31,1,77864966,0,0,0
03.767.538/0001-14,2024-03-31,1,77864966,0,0,0
03.767.538/0001-14,2024-06-30,1,77864966,0,0,0
03.767.538/0001-14,2024-09-30,1,77864966,0,0,0
03.767.538/0001-14,2024-12-31,1,77864966,0,0,0
03.767.538/0001-14,2025-03-31,1,77864966,0,0,0
03.767.538/0001-14,2025-06-30,1,77864966,0,0,0
03.767.538/0001-14,2025-09-30,1,77864966,0,0,0
03.795.050/0001-09,2020-03-31,1,539570,0,0,0
03.795.050/0001-09,2020-06-30,1,539570,0,0,0
03.795.050/0001-09,2020-09-30,1,539570,0,0,0
03.795.050/0001-09,2020-12-31,1,539570,0,0,0
03.795.050/0001-09,2021-03-31,1,539570,0,0,0
03.795.050/0001-09,2021-06-30,1,539570,0,0,0
03.795.050/0001-09,2021-09-30,1,539570,0,0,0
03.795.050/0001-09,2021-12-31,1,539570,0,0,0
03.795.050/0001-09,2022-03-31,1,539570,0,0,0
03.795.050/0001-09,2022-06-30,1,539570,0,0,0
03.795.050/0001-09,2022-09-30,1,539570,0,0,0
03.795.050/0001-09,2022-12-31,1,539570,0,0,0
03.795.050/0001-09,2023-03-31,1,433894,0,0,0
03.795.050/0001-09,2023-06-30,1,433894,0,0,0
03.795.050/0001-09,2023-09-30,1,433894,0,0,0
03.795.050/0001-09,2023-12-31,1,433894,0,0,0
03.795.050/0001-09,2024-03-31,1,433894,0,0,0
03.795.050/0001-09,2024-06-30,1,433894,0,0,0
03.795.050/0001-09,2024-09-30,1,433894,0,0,0
03.795.050/0001-09,2024-12-31,1,433894,0,0,0
03.795.050/0001-09,2025-03-31,1,433894,0,0,0
03.795.050/0001-09,2025-06-30,1,433894,0,0,0
03.795.050/0001-09,2025-09-30,1,436080,0,0,0
03.802.115/0001-98,2020-12-31,1,11030000,0,0,0
03.802.115/0001-98,2021-03-31,1,11030000,0,0,0
03.802.115/0001-98,2021-06-30,1,11151415,0,0,0
03.802.115/0001-98,2021-09-30,2,187926060,0,0,0
03.802.115/0001-98,2021-12-31,1,187926060,0,0,0
03.802.115/0001-98,2022-03-31,1,187926060,0,0,0
03.802.115/0001-98,2022-06-30,1,187926060,0,0,0
03.802.115/0001-98,2022-09-30,1,187926060,0,0,0
03.802.115/0001-98,2022-12-31,1,187926060,0,0,0
03.802.115/0001-98,2023-03-31,1,187926060,0,0,0
03.802.115/0001-98,2023-06-30,1,187926060,0,0,0
03.802.115/0001-98,2023-09-30,1,187926060,0,0,0
03.802.115/0001-98,2023-12-31,1,187926060,0,0,0
03.802.115/0001-98,2024-03-31,1,187926060,0,0,0
03.802.115/0001-98,2024-06-30,1,187926060,0,0,0
03.802.115/0001-98,2024-09-30,1,187926060,0,0,0
03.802.115/0001-98,2024-12-31,1,187926060,0,0,0
03.802.115/0001-98,2025-03-31,1,187926060,0,0,0
03.818.379/0001-30,2020-03-31,1,4528810464,0,0,0
03.818.379/0001-30,2020-06-30,1,4528810464,0,0,0
03.818.379/0001-30,2020-09-30,1,5125569249,0,0,0
03.818.379/0001-30,2020-12-31,1,5125569249,0,0,0
03.818.379/0001-30,2021-03-31,1,5125569249,0,0,0
03.818.379/0001-30,2021-06-30,1,5125569249,0,0,0
03.818.379/0001-30,2021-09-30,1,5125569249,0,0,0
03.818.379/0001-30,2021-12-31,1,5125569249,0,0,0
03.818.379/0001-30,2022-03-31,1,487374172,0,0,0
03.818.379/0001-30,2022-06-30,1,487374172,0,0,0
03.818.379/0001-30,2022-09-30,1,487373784,0,0,0
03.818.379/0001-30,2022-12-31,1,487374172,0,0,0
03.818.379/0001-30,2023-03-31,1,487373784,0,0,0
03.818.379/0001-30,2023-06-30,1,487373784,0,0,0
03.818.379/0001-30,2023-09-30,1,273581424,0,0,0
03.818.379/0001-30,2023-12-31,1,373581424,0,0,0
03.818.379/0001-30,2024-03-31,1,373581424,0,0,0
03.818.379/0001-30,2024-06-30,1,373581424,0,0,0
03.820.456/0001-96,2021-12-31,1,1957324,0,0,0
03.820.456/0001-96,2022-03-31,1,1957324,0,0,0
03.820.456/0001-96,2022-06-30,1,1957324,0,0,0
03.820.456/0001-96,2022-09-30,1,1957324,0,0,0
03.820.456/0001-96,2022-12-31,1,3028501,0,0,0
03.820.456/0001-96,2023-03-31,1,3028501,0,0,0
03.820.456/0001-96,2023-06-30,1,3028501,0,0,0
03.820.456/0001-96,2023-09-30,1,3028501,0,0,0
03.820.456/0001-96,2023-12-31,1,3028501,0,0,0
03.820.456/0001-96,2024-03-31,1,3028501,0,0,0
03.820.456/0001-96,2024-06-30,1,3028501,0,0,0
03.820.456/0001-96,2024-09-30,1,3028501,0,0,0
03.820.456/0001-96,2024-12-31,1,3028501,0,0,0
03.820.456/0001-96,2025-03-31,1,3028501,0,0,0
03.820.456/0001-96,2025-06-30,1,3028501,0,0,0
03.820.456/0001-96,2025-09-30,1,3028501,0,0,0
03.820.456/0001-96,2025-12-31,1,3028501,0,0,0
03.847.461/0001-92,2020-03-31,1,122171,225863,0,0
03.847.461/0001-92,2020-06-30,1,122171,225863,0,0
03.847.461/0001-92,2020-09-30,1,122171,225863,0,0
03.847.461/0001-92,2020-12-31,1,122171,225863,0,0
03.847.461/0001-92,2021-03-31,1,122171,225863,0,0
03.847.461/0001-92,2021-06-30,1,122171,225863,0,0
03.847.461/0001-92,2021-09-30,1,137990,255107,0,0
03.847.461/0001-92,2021-12-31,1,137990,255107,0,0
03.847.461/0001-92,2022-03-31,1,137990,255107,0,0
03.847.461/0001-92,2022-06-30,1,137990,255107,0,0
03.847.461/0001-92,2022-09-30,1,137990,255107,0,0
03.847.461/0001-92,2022-12-31,1,137990,255107,0,0
03.847.461/0001-92,2023-03-31,1,137990,255107,0,0
03.847.461/0001-92,2023-06-30,1,137990,255107,0,0
03.847.461/0001-92,2023-09-30,1,137990,255107,0,0
03.847.461/0001-92,2023-12-31,1,137990,255107,0,0
03.847.461/0001-92,2024-03-31,1,137990,255107,0,0
03.847.461/0001-92,2024-06-30,1,137990,255107,0,0
03.847.461/0001-92,2024-09-30,1,137990,255107,0,0
03.847.461/0001-92,2024-12-31,1,137990,255107,0,0
03.847.461/0001-92,2025-03-31,1,137990,255107,0,0
03.847.461/0001-92,2025-06-30,1,137990,255107,0,0
03.847.461/0001-92,2025-09-30,1,137990,255107,0,0
03.847.461/0001-92,2025-12-31,1,137990,255107,0,0
03.847.461/0001-92,2026-03-31,1,137990,255107,0,0
03.847.461/0001-92,2026-06-30,1,137990,255107,0,0
03.853.896/0001-40,2020-03-31,1,711369913,0,16281578,0
03.853.896/0001-40,2020-06-30,1,711369913,0,14887383,0
03.853.896/0001-40,2020-09-30,1,711369913,0,14669463,0
03.853.896/0001-40,2020-12-31,2,711369913,0,19413106,0
03.853.896/0001-40,2021-03-31,1,711369913,0,19732781,0
03.853.896/0001-40,2021-06-30,2,711369913,0,27100010,0
03.853.896/0001-40,2021-09-30,1,691369913,0,6936748,0
03.853.896/0001-40,2021-12-31,1,691369913,0,27394645,0
03.853.896/0001-40,2022-03-31,1,691369913,0,31095399,0
03.853.896/0001-40,2022-06-30,1,691369913,0,31807765,0
03.853.896/0001-40,2022-09-30,1,660000000,0,314598,0
03.853.896/0001-40,2022-12-31,1,660000000,0,310192,0
03.853.896/0001-40,2023-03-31,1,660000000,0,15719008,0
03.853.896/0001-40,2023-06-30,1,660000000,0,22913432,0
03.853.896/0001-40,2023-09-30,1,960000000,0,22720577,0
03.853.896/0001-40,2023-12-31,1,932000000,0,2867443,0
03.853.896/0001-40,2024-03-31,1,932000000,0,9772124,0
03.853.896/0001-40,2024-06-30,1,932000000,0,31506902,0
03.853.896/0001-40,2024-09-30,1,906000000,0,17425028,0
03.853.896/0001-40,2024-12-31,1,886000000,0,3769575,0
03.853.896/0001-40,2025-03-31,1,857928119,0,708700,0
03.853.896/0001-40,2025-06-30,1,857928119,0,23082763,0
03.853.896/0001-40,2025-09-30,1,1437644362,0,8045306,0
03.853.896/0001-40,2025-12-31,1,1437644362,0,28851344,0
03.853.896/0001-40,2026-03-31,1,1401916108,0,600190,0
03.853.896/0001-40,2026-06-30,1,1401916108,0,19339355,0
03.953.509/0001-47,2020-03-31,1,205492020,0,0,0
03.953.509/0001-47,2020-06-30,1,205492020,0,0,0
03.953.509/0001-47,2020-09-30,1,181789019,0,0,0
03.953.509/0001-47,2020-12-31,1,181789019,0,0,0
03.953.509/0001-47,2021-03-31,1,181789019,0,0,0
03.953.509/0001-47,2021-06-30,1,225137769,0,0,0
03.953.509/0001-47,2021-09-30,1,225137769,0,0,0
03.953.509/0001-47,2021-12-31,1,225137769,0,0,0
03.953.509/0001-47,2022-03-31,1,225137769,0,0,0
03.953.509/0001-47,2022-06-30,1,225137769,0,0,0
03.953.509/0001-47,2022-09-30,1,225137769,0,0,0
03.953.509/0001-47,2022-12-31,1,225137769,0,0,0
03.953.509/0001-47,2023-03-31,1,225137769,0,0,0
03.953.509/0001-47,2023-06-30,1,225137769,0,0,0
03.953.509/0001-47,2023-09-30,1,225137769,0,0,0
03.953.509/0001-47,2023-12-31,1,225137769,0,0,0
03.953.509/0001-47,2024-03-31,2,225137769366,0,0,0
03.953.509/0001-47,2024-06-30,1,225137769366,0,0,0
03.953.509/0001-47,2024-09-30,1,225137769366,0,0,0
03.953.509/0001-47,2024-12-31,1,225137769366,0,0,0
03.953.509/0001-47,2025-03-31,1,225137769366,0,0,0
03.953.509/0001-47,2025-06-30,1,225137769366,0,0,0
03.953.509/0001-47,2025-09-30,1,225137769366,0,0,0
03.983.431/0001-03,2020-03-31,1,604806,0,2044,0
03.983.431/0001-03,2020-06-30,1,604877,0,1973,0
03.983.431/0001-03,2020-09-30,2,606850,0,4312,0
03.983.431/0001-03,2020-12-31,2,606850,0,8140,0
03.983.431/0001-03,2021-03-31,1,606850,0,25146,0
03.983.431/0001-03,2021-06-30,1,606850,0,26000,0
03.983.431/0001-03,2021-09-30,1,606850,0,25885,0
03.983.431/0001-03,2021-12-31,1,581165,0,4435,0
03.983.431/0001-03,2022-03-31,1,581165,0,9271,0
03.983.431/0001-03,2022-06-30,2,581165,0,13607,0
03.983.431/0001-03,2022-09-30,1,581165,0,15196,0
03.983.431/0001-03,2022-12-31,1,581165,0,15186,0
03.983.431/0001-03,2023-03-31,1,581165,0,15183,0
03.983.431/0001-03,2023-06-30,1,581165,0,14571,0
03.983.431/0001-03,2023-09-30,1,545100,0,0,0
03.983.431/0001-03,2023-12-31,1,545100,0,0,0
03.983.431/0001-03,2024-03-31,1,545100,0,0,0
03.983.431/0001-03,2024-06-30,1,545100,0,0,0
03.983.431/0001-03,2024-09-30,1,545100,0,0,0
03.983.431/0001-03,2024-12-31,1,545100,0,0,0
03.983.431/0001-03,2025-03-31,1,545100,0,0,0
03.983.431/0001-03,2025-06-30,1,545100,0,0,0
03.983.431/0001-03,2025-09-30,1,545100,0,0,0
03.983.431/0001-03,2025-12-31,1,794885,0,0,0
03.983.431/0001-03,2026-03-31,1,794885,0,0,0
03.983.431/0001-03,2026-06-30,1,794885,0,0,0
04.030.182/0001-02,2020-03-31,1,2368000,4736000,0,0
04.030.182/0001-02,2020-06-30,1,2368000,4736000,0,0
04.030.182/0001-02,2020-09-30,1,2458000,4916000,0,0
04.030.182/0001-02,2020-12-31,1,2458000,4916000,0,0
04.030.182/0001-02,2021-03-31,1,2458000,4916000,0,0
04.030.182/0001-02,2021-06-30,1,2458000,4917000,0,0
04.030.182/0001-02,2021-09-30,1,2458000,4917000,0,0
04.030.182/0001-02,2021-12-31,1,2458000,4916000,0,0
04.030.182/0001-02,2022-03-31,2,2458000,4916000,0,0
04.030.182/0001-02,2022-06-30,1,2458000,4916000,0,0
04.030.182/0001-02,2022-09-30,1,2458000,4916000,0,0
04.030.182/0001-02,2022-12-31,1,2458000,4916000,0,0
04.030.182/0001-02,2023-03-31,1,2507000,5014000,0,0
04.030.182/0001-02,2023-06-30,1,2548000,5096000,0,0
04.030.182/0001-02,2023-09-30,1,2548000,5096000,0,0
04.030.182/0001-02,2023-12-31,1,2537890,5075781,0,0
04.030.182/0001-02,2024-03-31,1,2548000,5096000,0,0
04.030.182/0001-02,2024-06-30,1,2548000,5096000,0,0
04.030.182/0001-02,2024-09-30,1,2548000,5096000,0,0
04.030.182/0001-02,2024-12-31,1,2548000,5096000,0,0
04.030.182/0001-02,2025-03-31,1,2548000,5096000,0,0
04.030.182/0001-02,2025-06-30,1,2548000,5096000,0,0
04.030.182/0001-02,2025-09-30,1,2548000,5096000,0,0
04.030.182/0001-02,2025-12-31,1,2548000,5096000,0,0
04.030.182/0001-02,2026-03-31,1,2548000,5096000,0,0
04.030.182/0001-02,2026-06-30,1,2578000,5156000,0,0
04.031.213/0001-31,2020-03-31,1,6132110,12265420,0,0
04.031.213/0001-31,2020-06-30,1,613211,1226542,0,0
04.031.213/0001-31,2020-09-30,1,703211,1406542,0,0
04.031.213/0001-31,2020-12-31,1,703211,1406542,0,0
04.031.213/0001-31,2021-03-31,1,703211,1406542,0,0
04.031.213/0001-31,2021-06-30,1,703211,1406542,0,0
04.031.213/0001-31,2021-09-30,1,703211,1406542,0,0
04.031.213/0001-31,2021-12-31,1,703211,1406542,0,0
04.031.213/0001-31,2022-03-31,2,703211,1406542,0,0
04.031.213/0001-31,2022-06-30,1,703211,1406542,0,0
04.031.213/0001-31,2022-09-30,1,703211,1406542,0,0
04.031.213/0001-31,2022-12-31,1,703211,1406542,0,0
04.031.213/0001-31,2023-03-31,1,752211,1504542,0,0
04.031.213/0001-31,2023-06-30,1,793211,1586542,0,0
04.031.213/0001-31,2023-09-30,1,793211,1586542,0,0
04.031.213/0001-31,2023-12-31,1,783101,1566323,0,0
04.031.213/0001-31,2024-03-31,1,793211,1586542,0,0
04.031.213/0001-31,2024-06-30,1,793211,1586542,0,0
04.031.213/0001-31,2024-09-30,1,793211,1586542,0,0
04.031.213/0001-31,2024-12-31,1,793211,1586542,0,0
04.031.213/0001-31,2025-03-31,1,793211,1586542,0,0
04.031.213/0001-31,2025-06-30,1,793211,1586542,0,0
04.031.213/0001-31,2025-09-30,1,793211,1586542,0,0
04.031.213/0001-31,2025-12-31,2,794212,1588542,0,0
04.031.213/0001-31,2026-03-31,1,794212,1588542,0,0
04.031.213/0001-31,2026-06-30,1,824213,1648542,0,0
04.032.433/0001-80,2020-03-31,2,23458943,0,2204,0
04.032.433/0001-80,2020-06-30,1,23458943,0,2204,0
04.032.433/0001-80,2020-09-30,1,23458943,0,2204,0
04.032.433/0001-80,2020-12-31,1,24669930,0,2204,0
04.032.433/0001-80,2021-03-31,1,24788472,0,2204,0
04.032.433/0001-80,2021-06-30,1,26649442,0,2204,0
04.032.433/0001-80,2021-09-30,1,26649442,0,2204,0
04.032.433/0001-80,2021-12-31,1,26710356,0,2204,0
04.032.433/0001-80,2022-03-31,1,26710356,0,2204,0
04.032.433/0001-80,2022-06-30,2,26710356,0,2204,0
04.032.433/0001-80,2022-09-30,2,26710356,0,2204,0
04.032.433/0001-80,2022-12-31,3,26710356,0,2204,0
04.032.433/0001-80,2023-03-31,2,26710356,0,2204,0
04.032.433/0001-80,2023-06-30,2,26710356,0,2204,0
04.032.433/0001-80,2023-09-30,2,26710356,0,2204,0
04.032.433/0001-80,2023-12-31,2,26710356,0,0,0
04.032.433/0001-80,2024-03-31,2,26710356,0,2204,0
04.032.433/0001-80,2024-06-30,1,26710356,0,2204,0
04.032.433/0001-80,2024-09-30,1,26710356,0,2204,0
04.032.433/0001-80,2024-12-31,1,26710356,0,0,0
04.032.433/0001-80,2025-03-31,2,26710356,0,0,0
04.032.433/0001-80,2025-06-30,1,26710356,0,0,0
04.032.433/0001-80,2025-09-30,1,26710356,0,0,0
04.032.433/0001-80,2025-12-31,1,26710356,0,0,0
04.032.433/0001-80,2026-03-31,1,26710356,0,0,0
04.032.433/0001-80,2026-06-30,1,26710356,0,0,0
04.038.763/0001-82,2020-03-31,1,6868690,13732540,0,0
04.038.763/0001-82,2020-06-30,1,686869,1373254,0,0
04.038.763/0001-82,2020-09-30,1,686869,1373254,0,0
04.038.763/0001-82,2020-12-31,1,686869,1373254,0,0
04.038.763/0001-82,2021-03-31,1,686869,1373254,0,0
04.038.763/0001-82,2021-06-30,1,686869,1373254,0,0
04.038.763/0001-82,2021-09-30,1,776269,1553254,0,0
04.038.763/0001-82,2021-12-31,1,776869,1553254,0,0
04.038.763/0001-82,2022-03-31,2,776869,1553254,0,0
04.038.763/0001-82,2022-06-30,1,776869,1553254,0,0
04.038.763/0001-82,2022-09-30,1,776869,1553254,0,0
04.038.763/0001-82,2022-12-31,1,776869,1553254,0,0
04.038.763/0001-82,2023-03-31,1,776869,1553254,0,0
04.038.763/0001-82,2023-06-30,1,776869,1553254,0,0
04.038.763/0001-82,2023-09-30,1,776869,1553254,0,0
04.038.763/0001-82,2023-12-31,1,776869,1553254,0,0
04.038.763/0001-82,2024-03-31,1,776869,1553254,0,0
04.038.763/0001-82,2024-06-30,1,776869,1553254,0,0
04.038.763/0001-82,2024-09-30,1,776869,1553254,0,0
04.038.763/0001-82,2024-12-31,1,776869,1553254,0,0
04.038.763/0001-82,2025-03-31,1,776869,1553254,0,0
04.038.763/0001-82,2025-06-30,1,776869,1553254,0,0
04.038.763/0001-82,2025-09-30,1,776869,1553254,0,0
04.038.763/0001-82,2025-12-31,1,776869,1553254,0,0
04.038.763/0001-82,2026-03-31,1,776869,1553254,0,0
04.038.763/0001-82,2026-06-30,1,806869,1613254,0,0
04.065.053/0001-41,2022-12-31,1,15000000,0,0,0
04.065.053/0001-41,2023-03-31,1,15000000,0,0,0
04.065.053/0001-41,2023-06-30,1,15000000,0,0,0
04.065.053/0001-41,2023-09-30,1,15000000,0,0,0
04.065.053/0001-41,2023-12-31,1,15000000,0,0,0
04.065.053/0001-41,2024-03-31,1,15000000,0,0,0
04.065.053/0001-41,2024-06-30,1,15000000,0,0,0
04.065.053/0001-41,2024-09-30,1,15000000,0,0,0
04.065.053/0001-41,2024-12-31,1,15000000,0,0,0
04.065.053/0001-41,2025-03-31,1,15000000,0,0,0
04.065.053/0001-41,2025-06-30,1,15000000,0,0,0
04.065.053/0001-41,2025-09-30,1,15000000,0,0,0
04.065.053/0001-41,2025-12-31,1,15000000,0,0,0
04.065.053/0001-41,2026-03-31,1,15000000,0,0,0
04.065.053/0001-41,2026-06-30,1,15000000,0,0,0
04.065.791/0001-99,2020-03-31,1,70548812,0,660400,0
04.065.791/0001-99,2020-06-30,1,70548812,0,133468,0
04.065.791/0001-99,2020-09-30,3,70548812,0,133468,0
04.065.791/0001-99,2020-12-31,1,70548812,0,133468,0
04.065.791/0001-99,2021-03-31,1,70548812,0,1749590,0
04.065.791/0001-99,2021-06-30,1,70548812,0,59107,0
04.065.791/0001-99,2021-09-30,1,87941972,0,1061866,0
04.065.791/0001-99,2021-12-31,1,87941972,0,2191561,0
04.065.791/0001-99,2021-12-31,1,87941972,0,2191561,0
04.065.791/0001-99,2022-03-31,1,87941972,0,3167573,0
04.065.791/0001-99,2022-06-30,1,87941972,0,3143095,0
04.065.791/0001-99,2022-09-30,1,87941972,0,3071016,0
04.065.791/0001-99,2022-12-31,2,87941972,0,3362360,0
04.065.791/0001-99,2023-03-31,1,87941972,0,3360684,0
04.065.791/0001-99,2023-06-30,1,87941972,0,3262377,0
04.065.791/0001-99,2023-09-30,1,87941972,0,2032005,0
04.069.709/0001-02,2020-12-31,1,89934036,42462759,0,0
04.069.709/0001-02,2021-03-31,1,90003096,42462759,0,0
04.069.709/0001-02,2021-06-30,1,90003096,42462759,0,0
04.069.709/0001-02,2021-09-30,2,90424273,42547807,0,0
04.069.709/0001-02,2021-12-31,1,129519443,42547807,0,0
04.069.709/0001-02,2022-03-31,1,129519443,42547807,0,0
04.069.709/0001-02,2022-06-30,1,129519443,42547807,0,0
04.069.709/0001-02,2022-09-30,1,129519443,42547807,0,0
04.069.709/0001-02,2022-12-31,1,129519443,42547807,0,0
04.069.709/0001-02,2023-03-31,2,172067251,0,0,0
04.069.709/0001-02,2023-06-30,1,172067251,0,0,0
04.069.709/0001-02,2023-09-30,1,172067251,0,0,0
04.069.709/0001-02,2023-12-31,1,188025353,0,0,0
04.069.709/0001-02,2024-03-31,1,188025353,0,0,0
04.069.709/0001-02,2024-06-30,1,188025353,0,0,0
04.069.709/0001-02,2024-09-30,1,188025353,0,0,0
04.069.709/0001-02,2024-12-31,1,188025353,0,0,0
04.069.709/0001-02,2025-03-31,1,188025353,0,0,0
04.069.709/0001-02,2025-06-30,1,188025353,0,0,0
04.069.709/0001-02,2025-09-30,1,188025353,0,0,0
04.069.709/0001-02,2025-12-31,1,1880253530,0,0,0
04.069.709/0001-02,2026-03-31,1,188025353,0,0,0
04.069.709/0001-02,2026-06-30,1,283507357,0,0,0
04.089.570/0001-50,2020-03-31,1,111800014,0,0,0
04.089.570/0001-50,2020-06-30,1,111800014,0,0,0
04.089.570/0001-50,2020-09-30,1,111800014,0,0,0
04.089.570/0001-50,2020-12-31,1,111800014,0,0,0
04.089.570/0001-50,2021-03-31,1,111800014,0,0,0
04.089.570/0001-50,2021-06-30,1,111800014,0,0,0
04.089.570/0001-50,2021-09-30,1,331012035,0,0,0
04.089.570/0001-50,2021-12-31,1,331012035,0,0,0
04.089.570/0001-50,2022-03-31,1,331012035,0,0,0
04.089.570/0001-50,2022-06-30,1,331012035,0,0,0
04.089.570/0001-50,2022-09-30,1,331012035,0,0,0
04.089.570/0001-50,2022-12-31,1,331012034,0,0,0
04.089.570/0001-50,2023-03-31,1,331012035,0,0,0
04.089.570/0001-50,2023-06-30,1,331012035,0,0,0
04.089.570/0001-50,2023-09-30,1,331012035,0,0,0
04.089.570/0001-50,2023-12-31,1,331012034,0,0,0
04.089.570/0001-50,2024-03-31,1,331012034,0,0,0
04.089.570/0001-50,2024-06-30,1,331012034,0,0,0
04.089.570/0001-50,2024-09-30,1,331012034,0,0,0
04.089.570/0001-50,2024-12-31,1,331012035,0,0,0
04.089.570/0001-50,2025-03-31,1,331012034,0,0,0
04.089.570/0001-50,2025-06-30,1,331012034,0,0,0
04.089.570/0001-50,2025-09-30,1,331012034,0,0,0
04.089.570/0001-50,2025-12-31,1,331012035,0,0,0
04.089.570/0001-50,2026-03-31,1,331012035,0,0,0
04.089.570/0001-50,2026-06-30,1,331012035,0,0,0
04.128.563/0001-10,2020-03-31,2,786265,1209267,0,0
04.128.563/0001-10,2020-06-30,1,786265,1209267,0,0
04.128.563/0001-10,2020-09-30,1,786265,1209267,0,0
04.128.563/0001-10,2020-12-31,3,786265,1209267,0,0
04.128.563/0001-10,2021-03-31,2,786265133,1209267468,3,12
04.128.563/0001-10,2021-06-30,1,786265136,1209267480,0,0
04.128.563/0001-10,2021-09-30,2,786265136,1209267480,0,0
04.149.454/0001-80,2020-03-31,3,558699,0,713,0
04.149.454/0001-80,2020-06-30,2,558699,0,713,0
04.149.454/0001-80,2020-09-30,1,558699,0,713,0
04.149.454/0001-80,2020-12-31,1,558699,0,713,0
04.149.454/0001-80,2021-03-31,1,558699,0,713,0
04.149.454/0001-80,2021-06-30,3,696334,0,713,0
04.149.454/0001-80,2021-09-30,1,696334,0,713,0
04.149.454/0001-80,2021-12-31,3,696334,0,713,0
04.149.454/0001-80,2022-03-31,1,696334,0,713,0
04.149.454/0001-80,2022-06-30,1,696334,0,713,0
04.149.454/0001-80,2022-09-30,1,696334,0,713,0
04.149.454/0001-80,2022-12-31,1,696334,0,713,0
04.149.454/0001-80,2023-03-31,1,696334,0,713,0
04.149.454/0001-80,2023-06-30,1,696334,0,713,0
04.149.454/0001-80,2023-09-30,1,696334,0,713,0
04.149.454/0001-80,2023-12-31,1,696334,0,713,0
04.149.454/0001-80,2024-03-31,1,696334,0,713,0
04.149.454/0001-80,2024-06-30,1,696334,0,713,0
04.149.454/0001-80,2024-09-30,1,696334,0,713,0
04.149.454/0001-80,2024-12-31,1,696334,0,713,0
04.149.454/0001-80,2025-03-31,1,696334,0,713,0
04.149.454/0001-80,2025-06-30,1,696334,0,713,0
04.149.454/0001-80,2025-09-30,1,696334,0,713,0
04.149.454/0001-80,2025-12-31,1,696334,0,713,0
04.149.454/0001-80,2026-03-31,1,696334,0,713,0
04.149.454/0001-80,2026-06-30,1,696334,0,713,0
04.172.213/0001-51,2020-03-31,1,53096770,0,0,0
04.172.213/0001-51,2020-06-30,1,53096770,0,0,0
04.172.213/0001-51,2020-09-30,1,53096770,0,0,0
04.172.213/0001-51,2020-12-31,1,53096770,0,0,0
04.172.213/0001-51,2021-03-31,1,53096770,0,0,0
04.172.213/0001-51,2021-06-30,1,53096770180,0,0,0
04.172.213/0001-51,2021-09-30,1,53096770180,0,0,0
04.172.213/0001-51,2021-12-31,1,53096770180,0,0,0
04.172.213/0001-51,2022-03-31,1,53096770180,0,0,0
04.172.213/0001-51,2022-06-30,1,53096770180,0,0,0
04.172.213/0001-51,2022-09-30,1,53096770180,0,0,0
04.172.213/0001-51,2022-12-31,1,53096770180,0,0,0
04.172.213/0001-51,2023-03-31,1,53096770180,0,0,0
04.172.213/0001-51,2023-06-30,1,53096770180,0,0,0
04.172.213/0001-51,2023-09-30,1,53096770180,0,0,0
04.172.213/0001-51,2023-12-31,1,53096770180,0,0,0
04.172.213/0001-51,2024-03-31,1,53096770180,0,0,0
04.172.213/0001-51,2024-06-30,1,53096770180,0,0,0
04.172.213/0001-51,2024-09-30,1,53096770180,0,0,0
04.172.213/0001-51,2024-12-31,1,53096770180,0,0,0
04.172.213/0001-51,2025-03-31,1,53096770180,0,0,0
04.172.213/0001-51,2025-06-30,1,53096770180,0,0,0
04.172.213/0001-51,2025-09-30,1,53096770180,53096770180,0,0
04.172.213/0001-51,2025-12-31,1,53096770180,0,0,0
04.172.213/0001-51,2026-03-31,1,53096770180,0,0,0
04.172.213/0001-51,2026-06-30,2,53096770180,0,0,0
04.200.649/0001-07,2020-03-31,1,820000,0,0,0
04.200.649/0001-07,2020-06-30,1,820000,0,0,0
04.200.649/0001-07,2020-09-30,1,820000,0,0,0
04.200.649/0001-07,2020-12-31,1,820000,0,0,0
04.200.649/0001-07,2021-03-31,1,820000,0,0,0
04.200.649/0001-07,2021-06-30,1,820000,0,0,0
04.200.649/0001-07,2021-09-30,1,820000,0,0,0
04.200.649/0001-07,2021-12-31,1,820000,0,0,0
04.200.649/0001-07,2022-03-31,1,820000,0,0,0
04.200.649/0001-07,2022-06-30,1,820000,0,0,0
04.200.649/0001-07,2022-09-30,1,820000,0,0,0
04.212.396/0001-91,2022-12-31,2,27123015,0,0,0
04.212.396/0001-91,2023-03-31,2,27123015,0,0,0
04.212.396/0001-91,2023-06-30,2,27123015,0,0,0
04.212.396/0001-91,2023-09-30,1,27123015,0,0,0
04.212.396/0001-91,2023-12-31,2,27123015,0,0,0
04.212.396/0001-91,2024-03-31,1,27123015,0,0,0
04.212.396/0001-91,2024-06-30,1,27123015,0,0,0
04.212.396/0001-91,2024-09-30,1,27123015,0,0,0
04.212.396/0001-91,2024-12-31,1,27123015,0,0,0
04.212.396/0001-91,2025-03-31,1,27123015,0,0,0
04.212.396/0001-91,2025-06-30,1,27123015,0,0,0
04.212.396/0001-91,2025-09-30,1,27123015,0,0,0
04.212.396/0001-91,2025-12-31,1,27123015,0,0,0
04.212.396/0001-91,2026-03-31,1,27123015,0,0,0
04.212.396/0001-91,2026-06-30,1,27123015,0,0,0
04.233.319/0001-18,2020-03-31,1,1685707,1502370,0,0
04.233.319/0001-18,2020-06-30,1,1685707,1502370,0,0
04.233.319/0001-18,2020-09-30,1,1685707,1502370,0,0
04.233.319/0001-18,2020-12-31,1,1685707,1502370,0,0
04.233.319/0001-18,2021-03-31,1,1685707,1502370,0,0
04.233.319/0001-18,2021-06-30,1,1685707,1502370,0,0
04.233.319/0001-18,2021-09-30,1,1685707,1502370,0,0
04.233.319/0001-18,2021-12-31,1,1685707,1502370,0,0
04.233.319/0001-18,2022-03-31,1,1685707,1502370,0,0
04.233.319/0001-18,2022-06-30,1,1685707,1502370,0,0
04.233.319/0001-18,2022-09-30,1,1685707,1502370,0,0
04.233.319/0001-18,2022-12-31,1,1685707,1502370,0,0
04.233.319/0001-18,2023-03-31,1,1738171,1549128,0,0
04.233.319/0001-18,2023-06-30,1,1738171,1549128,0,0
04.233.319/0001-18,2023-09-30,1,1738171,1549128,0,0
04.233.319/0001-18,2023-12-31,1,1830587,1631492,0,0
04.368.865/0001-66,2021-12-31,1,700422,0,0,0
04.368.865/0001-66,2022-12-31,1,736646899,0,0,0
04.368.865/0001-66,2023-03-31,1,736646899,0,0,0
04.368.865/0001-66,2023-06-30,1,736646899,0,0,0
04.368.865/0001-66,2023-09-30,1,736646899,0,0,0
04.368.865/0001-66,2023-12-31,1,736646899,0,0,0
04.368.865/0001-66,2024-03-31,1,749146899,0,0,0
04.368.865/0001-66,2024-06-30,1,749146899,0,0,0
04.368.865/0001-66,2024-09-30,1,749146899,0,0,0
04.368.865/0001-66,2024-12-31,1,749146899,0,0,0
04.368.865/0001-66,2025-03-31,1,749146899,0,0,0
04.368.865/0001-66,2025-06-30,1,749146899,0,0,0
04.368.865/0001-66,2025-09-30,1,749146899,0,0,0
04.368.865/0001-66,2025-12-31,1,749146899,0,0,0
04.368.898/0001-06,2021-12-31,1,5348742915,0,0,0
04.368.898/0001-06,2022-03-31,1,5359205949,0,0,0
04.368.898/0001-06,2022-06-30,1,5359205949,0,0,0
04.368.898/0001-06,2022-09-30,1,5359205948,0,0,0
04.368.898/0001-06,2022-12-31,1,5359205949,0,0,0
04.368.898/0001-06,2023-03-31,1,5359205949,0,0,0
04.368.898/0001-06,2023-06-30,1,5372205949,0,0,0
04.368.898/0001-06,2023-09-30,1,5372205949,0,0,0
04.368.898/0001-06,2023-12-31,1,5372205949,0,0,0
04.368.898/0001-06,2024-03-31,1,5372205949,0,0,0
04.368.898/0001-06,2024-06-30,1,5372205949,0,0,0
04.368.898/0001-06,2024-09-30,1,5372205949,0,0,0
04.368.898/0001-06,2024-12-31,1,5372205949,0,0,0
04.368.898/0001-06,2025-03-31,1,5372205949,0,0,0
04.368.898/0001-06,2025-06-30,1,5372205949,0,0,0
04.368.898/0001-06,2025-09-30,1,5372205949,0,0,0
04.368.898/0001-06,2025-12-31,1,5372205949,0,0,0
04.368.898/0001-06,2026-03-31,1,5372205949,0,0,0
04.368.898/0001-06,2026-06-30,1,5372818560,0,0,0
04.370.282/0001-70,2020-03-31,1,5765226052,0,0,0
04.370.282/0001-70,2020-06-30,1,5765226052,0,0,0
04.370.282/0001-70,2020-09-30,1,5765226052,0,0,0
04.370.282/0001-70,2020-12-31,2,5765226052,0,0,0
04.370.282/0001-70,2021-03-31,1,5765226052,0,0,0
04.370.282/0001-70,2021-06-30,1,5765226052,0,0,0
04.370.282/0001-70,2021-09-30,1,5772757424,0,0,0
04.370.282/0001-70,2021-12-31,1,5772757424,0,0,0
04.370.282/0001-70,2022-03-31,1,5772757424,0,0,0
04.370.282/0001-70,2022-06-30,1,6242757424,0,0,0
04.370.282/0001-70,2022-09-30,1,6242757424,0,0,0
04.370.282/0001-70,2022-12-31,1,6242757424,0,0,0
04.370.282/0001-70,2023-03-31,1,6242757424,0,0,0
04.370.282/0001-70,2023-06-30,1,6242757424,0,0,0
04.370.282/0001-70,2023-09-30,1,6242757424,0,0,0
04.370.282/0001-70,2023-12-31,1,6242757424,0,0,0
04.370.282/0001-70,2024-03-31,1,6242757424,0,0,0
04.370.282/0001-70,2024-06-30,1,6242757424,0,0,0
04.370.282/0001-70,2024-09-30,1,6242757424,0,0,0
04.370.282/0001-70,2024-12-31,1,6242757424,0,0,0
04.370.282/0001-70,2025-03-31,1,6242757424,0,0,0
04.370.282/0001-70,2025-06-30,1,6444967369,0,0,0
04.370.282/0001-70,2025-09-30,1,6842757424,0,0,0
04.370.282/0001-70,2025-12-31,1,6842757424,0,0,0
04.370.282/0001-70,2026-03-31,1,6842757424,0,0,0
04.370.282/0001-70,2026-06-30,1,7392933924,0,0,0
04.423.567/0001-21,2020-03-31,1,315483,0,0,0
04.423.567/0001-21,2020-06-30,1,315768,0,0,0
04.423.567/0001-21,2020-09-30,1,315768,0,0,0
04.423.567/0001-21,2020-12-31,1,315836,0,0,0
04.423.567/0001-21,2021-03-31,1,1265094,0,4641,0
04.423.567/0001-21,2021-06-30,2,1266038,0,560,0
04.423.567/0001-21,2021-09-30,1,1266038,0,560,0
04.423.567/0001-21,2021-12-31,1,1266339,0,6121,0
04.423.567/0001-21,2022-03-31,2,1283339,0,2235,0
04.423.567/0001-21,2022-06-30,1,1583339,0,2085,0
04.423.567/0001-21,2022-09-30,1,1584166,0,2671,0
04.423.567/0001-21,2022-12-31,2,1584446,0,2671,0
04.423.567/0001-21,2023-03-31,2,1584572,0,2368,0
04.423.567/0001-21,2023-06-30,1,1584572,0,1928,0
04.423.567/0001-21,2023-09-30,1,1584572,0,1917,0
04.423.567/0001-21,2023-12-31,1,1584572,0,1900,0
04.423.567/0001-21,2024-03-31,1,1579631,0,1546,0
04.423.567/0001-21,2024-06-30,2,1584698,0,1276,0
04.423.567/0001-21,2024-09-30,1,1584698,0,1202,0
04.423.567/0001-21,2024-12-31,1,1932592,0,1202,0
04.423.567/0001-21,2025-03-31,1,1932592,0,21806,0
04.423.567/0001-21,2025-06-30,1,1932591767,0,21220310,0
04.423.567/0001-21,2025-09-30,1,1936973658,0,21193194,0
04.423.567/0001-21,2025-12-31,1,1936974,0,21169,0
04.423.567/0001-21,2026-03-31,1,1936974,0,21169,0
04.423.567/0001-21,2026-06-30,1,1937030,0,24025,0
04.437.534/0001-30,2020-03-31,1,54540394,0,0,0
04.437.534/0001-30,2020-06-30,1,63306883,0,0,0
04.437.534/0001-30,2020-09-30,1,86974124,0,0,0
04.437.534/0001-30,2020-12-31,1,86974124,0,0,0
04.437.534/0001-30,2021-03-31,2,86974124,0,0,0
04.437.534/0001-30,2021-06-30,1,86974124,0,0,0
04.437.534/0001-30,2021-09-30,1,86974124,0,0,0
04.437.534/0001-30,2021-12-31,1,86974124,0,0,0
04.437.534/0001-30,2022-03-31,2,86974124,0,0,0
04.437.534/0001-30,2022-06-30,2,151075506,0,0,0
04.437.534/0001-30,2022-09-30,1,72674861,0,0,0
04.437.534/0001-30,2022-12-31,2,77550555,0,0,0
04.437.534/0001-30,2023-03-31,1,77550555,0,0,0
04.437.534/0001-30,2023-06-30,1,77550555,0,0,0
04.437.534/0001-30,2023-09-30,1,88973317,0,0,0
04.601.397/0001-28,2023-12-31,1,1368739142,0,0,0
04.601.397/0001-28,2024-03-31,1,1368739142,0,0,0
04.601.397/0001-28,2024-06-30,1,1368739142,0,0,0
04.601.397/0001-28,2024-09-30,1,1368739142,0,0,0
04.601.397/0001-28,2024-12-31,1,438007537,0,0,0
04.601.397/0001-28,2025-03-31,2,438007537,0,0,0
04.601.397/0001-28,2025-06-30,1,438007537,0,0,0
04.601.397/0001-28,2025-09-30,1,438007537,0,0,0
04.601.397/0001-28,2025-12-31,1,438007537,0,0,0
04.601.397/0001-28,2026-03-31,1,438007537,0,0,0
04.601.397/0001-28,2026-06-30,1,438007537,0,0,0
04.626.426/0001-06,2024-03-31,1,14500000,0,0,0
04.626.426/0001-06,2024-06-30,1,14500000,0,0,0
04.626.426/0001-06,2024-09-30,1,14500000,0,0,0
04.626.426/0001-06,2024-12-31,1,4214287450,0,0,0
04.626.426/0001-06,2025-03-31,1,4214287450,0,0,0
04.626.426/0001-06,2025-06-30,1,11046094622,0,0,0
04.626.426/0001-06,2025-09-30,1,11046094622,0,0,0
04.626.426/0001-06,2025-12-31,1,11046094622,0,0,0
04.626.426/0001-06,2026-03-31,1,11046094622,0,0,0
04.626.426/0001-06,2026-06-30,1,11046094622,0,0,0
04.739.720/0001-24,2020-03-31,1,1956692000,0,0,0
04.739.720/0001-24,2020-06-30,1,1956692000,0,0,0
04.739.720/0001-24,2020-09-30,1,1956692000,0,0,0
04.739.720/0001-24,2020-12-31,1,1956692000,0,0,0
04.739.720/0001-24,2021-03-31,1,1076692000,0,0,0
04.739.720/0001-24,2021-06-30,1,1076692000,0,0,0
04.739.720/0001-24,2021-09-30,1,1076692000,0,0,0
04.739.720/0001-24,2021-12-31,1,1076692000,0,0,0
04.739.720/0001-24,2022-03-31,1,1076692000,0,0,0
04.739.720/0001-24,2022-06-30,1,1076692000,0,0,0
04.739.720/0001-24,2022-09-30,1,1076692000,0,0,0
04.739.720/0001-24,2022-12-31,1,1180792000,0,0,0
04.739.720/0001-24,2023-03-31,1,1180792000,0,0,0
04.739.720/0001-24,2023-06-30,1,1218041,0,0,0
04.739.720/0001-24,2023-09-30,1,1268041368,0,0,0
04.739.720/0001-24,2023-12-31,1,1268041000,0,0,0
04.739.720/0001-24,2024-03-31,1,1268041000,0,0,0
04.739.720/0001-24,2024-06-30,1,1268041000,0,0,0
04.739.720/0001-24,2024-09-30,1,1268041000,0,0,0
04.739.720/0001-24,2024-12-31,1,1268041000,0,0,0
04.739.720/0001-24,2025-03-31,1,1268041000,0,0,0
04.739.720/0001-24,2025-06-30,2,1268041000,0,0,0
04.739.720/0001-24,2025-09-30,1,1268041000,0,0,0
04.739.720/0001-24,2025-12-31,1,1268041000,0,0,0
04.739.720/0001-24,2026-03-31,1,1268041000,0,0,0
04.739.720/0001-24,2026-06-30,1,1268041000,0,0,0
04.752.991/0001-10,2020-03-31,1,60759988,0,0,0
04.752.991/0001-10,2020-06-30,1,60791774,0,0,0
04.752.991/0001-10,2020-09-30,1,60791774,0,0,0
04.752.991/0001-10,2020-12-31,1,67716252,0,0,0
04.752.991/0001-10,2021-03-31,1,67716252,0,0,0
04.752.991/0001-10,2021-06-30,1,67770316,0,0,0
04.752.991/0001-10,2021-09-30,1,67776090,0,0,0
04.752.991/0001-10,2021-12-31,1,67776090,0,0,0
04.752.991/0001-10,2022-03-31,1,73528352,0,0,0
04.752.991/0001-10,2022-06-30,1,73528352,0,0,0
04.752.991/0001-10,2022-09-30,1,73528352,0,0,0
04.752.991/0001-10,2022-12-31,1,81287824,0,0,0
04.752.991/0001-10,2023-03-31,1,81287824,0,0,0
04.752.991/0001-10,2023-06-30,1,81287824,0,0,0
04.752.991/0001-10,2023-09-30,1,81287824,0,0,0
04.752.991/0001-10,2023-12-31,1,89100324,0,0,0
04.752.991/0001-10,2024-03-31,1,126841481,0,0,0
04.752.991/0001-10,2024-06-30,1,126841481,0,0,0
04.752.991/0001-10,2024-09-30,1,126841481,0,0,0
04.752.991/0001-10,2024-12-31,2,126841481,0,0,0
04.752.991/0001-10,2025-03-31,1,126841532,0,0,0
04.752.991/0001-10,2025-06-30,1,126841532,0,0,0
04.752.991/0001-10,2025-09-30,1,136841532,0,0,0
04.752.991/0001-10,2025-12-31,1,136841532,0,0,0
04.752.991/0001-10,2026-03-31,1,136852484,0,0,0
04.752.991/0001-10,2026-06-30,1,136852484,0,0,0
04.821.041/0001-08,2020-03-31,1,4106754,0,0,0
04.821.041/0001-08,2020-06-30,1,4106754,0,0,0
04.821.041/0001-08,2020-09-30,1,4106754,0,0,0
04.821.041/0001-08,2020-12-31,1,4106754,0,0,0
04.821.041/0001-08,2021-03-31,1,4106754,0,0,0
04.821.041/0001-08,2021-06-30,1,4106754,0,0,0
04.821.041/0001-08,2021-09-30,1,4106754,0,0,0
04.821.041/0001-08,2021-12-31,1,4106754,0,0,0
04.821.041/0001-08,2022-03-31,1,4106754,0,0,0
04.821.041/0001-08,2022-06-30,1,4106754,0,0,0
04.821.041/0001-08,2022-09-30,1,4106754,0,0,0
04.821.041/0001-08,2022-12-31,1,4106754,0,0,0
04.821.041/0001-08,2023-03-31,1,4106754,0,0,0
04.821.041/0001-08,2023-06-30,2,4106754,0,0,0
04.821.041/0001-08,2023-09-30,1,4106754,0,0,0
04.821.041/0001-08,2023-12-31,1,4106754,0,0,0
04.821.041/0001-08,2024-03-31,1,6286293,0,0,0
04.821.041/0001-08,2024-06-30,1,6286293,0,0,0
04.821.041/0001-08,2024-09-30,1,6286293,0,0,0
04.821.041/0001-08,2024-12-31,1,6286293,0,0,0
04.821.041/0001-08,2025-03-31,1,6286293,0,0,0
04.821.041/0001-08,2025-06-30,1,6286293,0,0,0
04.821.041/0001-08,2025-09-30,1,6286293,0,0,0
04.821.041/0001-08,2025-12-31,1,6382377,0,0,0
04.821.041/0001-08,2026-03-31,1,6382377,0,0,0
04.821.041/0001-08,2026-06-30,1,6382377,0,0,0
04.895.728/0001-80,2020-03-31,1,2204620569,4453438,0,0
04.895.728/0001-80,2020-06-30,2,2204620569,4453438,0,0
04.895.728/0001-80,2020-09-30,1,2204620569,4453438,0,0
04.895.728/0001-80,2020-12-31,1,2204620569,4453438,0,0
04.895.728/0001-80,2021-03-31,1,2204620569,4453438,0,0
04.895.728/0001-80,2021-06-30,1,2204620569,4453438,0,0
04.895.728/0001-80,2021-09-30,1,2204620569,4453438,0,0
04.895.728/0001-80,2021-12-31,2,2204620569,4453438,0,0
04.895.728/0001-80,2022-03-31,2,2204620569,4453438,0,0
04.895.728/0001-80,2022-06-30,1,2204620569,4453438,0,0
04.895.728/0001-80,2022-09-30,1,2204620569,4453438,0,0
04.895.728/0001-80,2022-12-31,1,2204620569,4453438,0,0
04.895.728/0001-80,2023-03-31,1,2204620569,4453438,0,0
04.895.728/0001-80,2023-06-30,2,2204620569,4453438,0,0
04.895.728/0001-80,2023-09-30,1,2204620569,4453438,0,0
04.895.728/0001-80,2023-12-31,1,2204620569,4453438,0,0
04.895.728/0001-80,2024-03-31,1,2204620569,4453438,0,0
04.895.728/0001-80,2024-06-30,1,2204620569,4453438,0,0
04.895.728/0001-80,2024-09-30,1,2204620569,4453438,0,0
04.895.728/0001-80,2024-12-31,1,2204620569,4453438,0,0
04.895.728/0001-80,2025-03-31,1,2204620569,4453438,0,0
04.895.728/0001-80,2025-06-30,1,2204620569,4453438,0,0
04.895.728/0001-80,2025-09-30,1,2204620569,4453438,0,0
04.895.728/0001-80,2025-12-31,1,2204620569,4453438,0,0
04.895.728/0001-80,2026-03-31,1,2204620569,4453438,0,0
04.895.728/0001-80,2026-06-30,1,2204620569,4453438,0,0
04.902.979/0001-44,2020-03-31,1,29645967,0,0,0
04.902.979/0001-44,2020-06-30,1,29645967,0,0,0
04.902.979/0001-44,2020-09-30,1,29645967,0,0,0
04.902.979/0001-44,2020-12-31,1,29645967,0,0,0
04.902.979/0001-44,2021-03-31,1,29645967,0,0,0
04.902.979/0001-44,2021-06-30,1,29645967,0,0,0
04.902.979/0001-44,2021-09-30,1,29645967,0,0,0
04.902.979/0001-44,2021-12-31,1,29645967,0,0,0
04.902.979/0001-44,2022-03-31,1,29645967,0,0,0
04.902.979/0001-44,2022-06-30,1,29645967,0,0,0
04.902.979/0001-44,2022-09-30,1,56058315,0,0,0
04.902.979/0001-44,2022-12-31,3,56058315,0,0,0
04.902.979/0001-44,2023-03-31,1,56058315,0,0,0
04.902.979/0001-44,2023-06-30,1,56058315,0,0,0
04.902.979/0001-44,2023-09-30,1,56058315,0,0,0
04.902.979/0001-44,2023-12-31,1,56058315,0,0,0
04.902.979/0001-44,2024-03-31,1,56058315,0,0,0
04.902.979/0001-44,2024-06-30,2,56058315,0,0,0
04.902.979/0001-44,2024-09-30,1,56058315,0,0,0
04.902.979/0001-44,2024-12-31,1,56058315,0,0,0
04.902.979/0001-44,2025-03-31,1,56058315,0,0,0
04.902.979/0001-44,2025-06-30,1,56058315,0,0,0
04.902.979/0001-44,2025-09-30,1,56058315,0,0,0
04.902.979/0001-44,2025-12-31,1,56058315,0,0,0
04.902.979/0001-44,2026-03-31,1,56058315,0,0,0
04.902.979/0001-44,2026-06-30,1,56058315,0,0,0
04.912.242/0001-02,2020-03-31,1,24,5,0,0
04.912.242/0001-02,2020-06-30,1,24,5,0,0
04.912.242/0001-02,2020-09-30,1,24,5,0,0
04.912.242/0001-02,2020-12-31,1,24,5,0,0
04.912.242/0001-02,2021-03-31,1,24,5,0,0
04.912.242/0001-02,2021-06-30,1,24,5,0,0
04.912.242/0001-02,2021-09-30,1,24,5,0,0
04.912.242/0001-02,2021-12-31,1,24,5,0,0
04.912.242/0001-02,2022-03-31,1,24,5,0,0
04.912.242/0001-02,2022-06-30,1,24,5,0,0
04.912.242/0001-02,2022-09-30,1,24,5,0,0
04.912.242/0001-02,2022-12-31,1,24,5,0,0
04.912.242/0001-02,2023-03-31,1,24,5,0,0
04.912.242/0001-02,2023-06-30,1,24,5,0,0
04.912.242/0001-02,2023-09-30,1,24,5,0,0
04.912.242/0001-02,2023-12-31,1,24,5,0,0
04.912.242/0001-02,2024-03-31,1,24,5,0,0
04.912.242/0001-02,2024-06-30,1,24,5,0,0
04.912.242/0001-02,2024-09-30,1,24,5,0,0
04.912.242/0001-02,2024-12-31,1,24,5,0,0
04.912.242/0001-02,2025-03-31,1,24,5,0,0
04.912.242/0001-02,2025-06-30,1,24,5,0,0
04.912.242/0001-02,2025-09-30,1,24,5,0,0
04.912.242/0001-02,2025-12-31,1,24,5,0,0
04.912.242/0001-02,2026-03-31,1,24,5,0,0
04.912.242/0001-02,2026-06-30,1,24,5,0,0
04.913.711/0001-08,2020-03-31,1,9521649,0,0,0
04.913.711/0001-08,2020-06-30,1,9521649,0,0,0
04.913.711/0001-08,2020-09-30,1,9521649,0,0,0
04.913.711/0001-08,2020-12-31,1,9521649,0,0,0
04.913.711/0001-08,2021-03-31,2,9521649,0,0,0
04.913.711/0001-08,2021-06-30,2,9521649,0,0,0
04.913.711/0001-08,2021-09-30,1,9521649,0,0,0
04.913.711/0001-08,2021-12-31,2,9521649,0,0,0
04.913.711/0001-08,2022-03-31,1,9521649,0,0,0
04.913.711/0001-08,2022-06-30,2,9521649,0,0,0
04.913.711/0001-08,2022-09-30,2,9521649,0,0,0
04.913.711/0001-08,2022-12-31,5,9521649,0,0,0
04.913.711/0001-08,2023-03-31,2,9521649,0,0,0
04.913.711/0001-08,2023-06-30,4,9521649,0,0,0
04.913.711/0001-08,2023-09-30,2,9521649,0,0,0
04.913.711/0001-08,2023-12-31,1,9521649,0,0,0
04.913.711/0001-08,2024-03-31,2,9521649,0,0,0
04.913.711/0001-08,2024-06-30,1,9521649,0,0,0
04.913.711/0001-08,2024-09-30,1,9521649,0,0,0
04.913.711/0001-08,2024-12-31,1,9521649,0,0,0
04.913.711/0001-08,2025-03-31,1,9521649,0,0,0
04.913.711/0001-08,2025-06-30,2,9521649,0,0,0
04.913.711/0001-08,2025-09-30,1,9521649,0,0,0
04.913.711/0001-08,2025-12-31,1,9521649,0,0,0
04.913.711/0001-08,2026-03-31,1,9521649,0,0,0
04.913.711/0001-08,2026-06-30,1,9521649,0,0,0
04.972.092/0001-22,2020-03-31,1,2781220,0,0,0
04.972.092/0001-22,2020-06-30,1,2781220,0,0,0
04.972.092/0001-22,2020-09-30,1,2781220,0,0,0
04.972.092/0001-22,2020-12-31,1,2781220,0,0,0
04.972.092/0001-22,2021-03-31,1,2781220,0,0,0
04.972.092/0001-22,2021-06-30,1,2781220,0,0,0
04.972.092/0001-22,2021-09-30,1,2781220,0,0,0
04.972.092/0001-22,2021-12-31,1,2781220,0,0,0
04.972.092/0001-22,2022-03-31,1,2781220,0,0,0
04.972.092/0001-22,2022-06-30,1,2781220,0,0,0
04.972.092/0001-22,2022-09-30,1,2781220,0,0,0
04.972.092/0001-22,2022-12-31,1,2781220,0,0,0
04.972.092/0001-22,2023-03-31,1,2781220,0,0,0
04.972.092/0001-22,2023-06-30,1,2781220,0,0,0
04.972.092/0001-22,2023-09-30,1,2781220,0,0,0
04.972.092/0001-22,2023-12-31,2,2781220,0,0,0
04.972.092/0001-22,2024-03-31,1,2781220,0,0,0
04.972.092/0001-22,2024-06-30,1,2781220,0,0,0
04.972.092/0001-22,2024-09-30,1,2781220,0,0,0
04.972.092/0001-22,2024-12-31,1,2781220,0,0,0
04.972.092/0001-22,2025-03-31,1,2781220,0,0,0
04.972.092/0001-22,2025-06-30,1,2781220,0,0,0
04.972.092/0001-22,2025-09-30,1,2781220,0,0,0
04.972.092/0001-22,2025-12-31,1,2781220,0,0,0
04.972.092/0001-22,2026-03-31,1,2781220,0,0,0
04.972.092/0001-22,2026-06-30,1,2781220,0,0,0
04.986.320/0001-13,2020-03-31,1,128721560,0,0,0
04.986.320/0001-13,2020-06-30,1,128721560,0,0,0
04.986.320/0001-13,2020-09-30,1,128721560,0,0,0
04.986.320/0001-13,2020-12-31,1,128721560,0,0,0
04.986.320/0001-13,2021-03-31,1,128721560,0,0,0
04.986.320/0001-13,2021-06-30,1,128721560,0,0,0
04.986.320/0001-13,2021-09-30,1,128721560,0,0,0
04.986.320/0001-13,2021-12-31,1,128721560,0,0,0
04.986.320/0001-13,2022-03-31,1,128721560,0,97500,0
04.986.320/0001-13,2022-06-30,1,128721560,0,217500,0
04.986.320/0001-13,2022-09-30,2,128721560,0,217500,0
04.986.320/0001-13,2022-12-31,1,128721560,0,386800,0
04.986.320/0001-13,2023-03-31,1,128721560,0,386800,0
04.986.320/0001-13,2023-06-30,1,128721560,0,386800,0
04.986.320/0001-13,2023-09-30,1,128721560,0,386800,0
04.986.320/0001-13,2023-12-31,1,128721560,0,386800,0
04.986.320/0001-13,2024-03-31,1,128721560,0,386800,0
04.986.320/0001-13,2024-06-30,1,128721650,0,386800,0
04.986.320/0001-13,2024-09-30,1,128721560,0,2100900,0
04.986.320/0001-13,2024-12-31,2,128721560,0,2100900,0
04.986.320/0001-13,2025-03-31,1,128721560,0,1496421,0
04.986.320/0001-13,2025-06-30,1,128721560,0,1496421,0
04.986.320/0001-13,2025-09-30,1,128721560,0,1106923,0
04.986.320/0001-13,2025-12-31,1,128721560,0,1106923,0
04.986.320/0001-13,2026-03-31,1,128721560,0,758823,0
04.986.320/0001-13,2026-06-30,1,128721560,0,681090,0
04.992.714/0001-84,2020-03-31,1,2312328578,0,0,0
04.992.714/0001-84,2020-06-30,2,2312328578,0,0,0
04.992.714/0001-84,2020-09-30,1,2312328578,0,0,0
04.992.714/0001-84,2020-12-31,1,2312328578,0,0,0
04.992.714/0001-84,2021-03-31,1,2312328578,0,0,0
04.992.714/0001-84,2021-06-30,1,2312328578,0,0,0
04.992.714/0001-84,2021-09-30,1,2312328578,0,0,0
04.992.714/0001-84,2021-12-31,1,2312328578,0,0,0
04.992.714/0001-84,2022-03-31,1,2312328578,0,0,0
04.992.714/0001-84,2022-06-30,1,2312328578,0,0,0
04.992.714/0001-84,2022-09-30,1,23123275780,0,0,0
04.992.714/0001-84,2022-12-31,1,2312328578,0,0,0
04.992.714/0001-84,2023-03-31,1,2312328578,0,0,0
04.992.714/0001-84,2023-06-30,1,2312327578,1000,0,0
04.992.714/0001-84,2023-09-30,1,2312328578,0,0,0
04.992.714/0001-84,2023-12-31,1,2312328578,0,0,0
04.992.714/0001-84,2024-03-31,1,2312328578,0,0,0
04.992.714/0001-84,2024-06-30,1,2312328578,0,0,0
04.992.714/0001-84,2024-09-30,1,2312328578,0,0,0
04.992.714/0001-84,2024-12-31,2,2312328578,0,0,0
04.992.714/0001-84,2025-03-31,1,2312328578,0,0,0
04.992.714/0001-84,2025-06-30,1,2312328578,0,0,0
04.992.714/0001-84,2025-09-30,1,2312328578,0,0,0
04.992.714/0001-84,2025-12-31,1,2312328578,0,0,0
04.992.714/0001-84,2026-03-31,1,2312328578,0,0,0
04.992.714/0001-84,2026-06-30,1,2312328578,0,0,0
05.197.443/0001-38,2020-03-31,1,742985906,0,456,0
05.197.443/0001-38,2020-06-30,1,742985906,0,456,0
05.197.443/0001-38,2020-09-30,1,742985906,0,456,0
05.197.443/0001-38,2020-12-31,2,3714929530,0,2280,0
05.197.443/0001-38,2021-03-31,1,3714929530,0,2280,0
05.197.443/0001-38,2021-06-30,1,3891569750,0,2280,0
05.197.443/0001-38,2021-09-30,1,3891569750,0,5120780,0
05.197.443/0001-38,2021-12-31,1,3891569750,0,23180980,0
05.197.443/0001-38,2022-03-31,1,7142378316,0,26183780,0
05.197.443/0001-38,2022-06-30,1,7142378316,0,33238880,0
05.197.443/0001-38,2022-09-30,1,7142378316,0,33238880,0
05.197.443/0001-38,2022-12-31,1,7144255743,0,46238880,0
05.197.443/0001-38,2023-03-31,2,7144255843,0,0,0
05.197.443/0001-38,2023-06-30,2,7539463263,0,0,0
05.197.443/0001-38,2023-09-30,2,7539463263,0,44356272,0
05.197.443/0001-38,2023-12-31,2,7539463263,0,44356272,0
05.197.443/0001-38,2024-03-31,2,7539463263,0,45215560,0
05.197.443/0001-38,2024-06-30,2,7539463263,0,45215560,0
05.197.443/0001-38,2024-09-30,1,7539463263,0,45073213,0
05.197.443/0001-38,2024-12-31,1,7539463263,0,119673213,0
05.197.443/0001-38,2025-03-31,1,7539463263,0,119673213,0
05.197.443/0001-38,2025-06-30,1,502630884,0,7617524,0
05.197.443/0001-38,2025-09-30,1,502630884,0,7509427,0
05.197.443/0001-38,2025-12-31,1,502630884,0,27905027,0
05.197.443/0001-38,2026-03-31,1,502630884,0,27570745,0
05.197.443/0001-38,2026-06-30,1,502630884,0,27542954,0
05.303.439/0001-07,2020-12-31,1,414297488,0,0,0
05.303.439/0001-07,2021-03-31,1,414297488,0,0,0
05.303.439/0001-07,2021-06-30,1,414297488,0,0,0
05.303.439/0001-07,2021-09-30,1,414297488,0,0,0
05.303.439/0001-07,2021-12-31,1,414297488,0,0,0
05.303.439/0001-07,2022-03-31,1,920962726,0,0,0
05.303.439/0001-07,2022-06-30,1,920962726,0,0,0
05.303.439/0001-07,2022-09-30,1,920962726,0,0,0
05.303.439/0001-07,2022-12-31,1,920962726,0,0,0
05.303.439/0001-07,2023-03-31,1,920962726,0,0,0
05.303.439/0001-07,2023-06-30,1,920962726,0,0,0
05.303.439/0001-07,2023-09-30,1,920962726,0,0,0
05.303.439/0001-07,2023-12-31,1,920962726,0,0,0
05.303.439/0001-07,2024-03-31,1,920962726,0,0,0
05.303.439/0001-07,2024-06-30,1,920962726,0,0,0
05.303.439/0001-07,2024-09-30,1,920962726,0,0,0
05.303.439/0001-07,2024-12-31,2,920962726,0,0,0
05.303.439/0001-07,2025-03-31,1,920962726,0,0,0
05.303.439/0001-07,2025-06-30,1,920962726,0,0,0
05.336.882/0001-84,2020-03-31,1,76281111,0,0,0
05.336.882/0001-84,2020-06-30,2,76281,0,0,0
05.336.882/0001-84,2020-09-30,1,76281,0,0,0
05.336.882/0001-84,2020-12-31,1,76281,0,0,0
05.336.882/0001-84,2021-03-31,1,76281,0,0,0
05.336.882/0001-84,2021-06-30,1,76281,0,0,0
05.336.882/0001-84,2021-09-30,1,20000,0,0,0
05.336.882/0001-84,2021-12-31,1,20000000,0,0,0
05.336.882/0001-84,2022-03-31,1,20000,0,0,0
05.336.882/0001-84,2022-06-30,1,20000,0,0,0
05.336.882/0001-84,2022-09-30,1,20000,0,0,0
05.336.882/0001-84,2022-12-31,1,20000000,0,0,0
05.336.882/0001-84,2023-03-31,1,20000,0,0,0
05.336.882/0001-84,2023-06-30,1,20000,0,0,0
05.336.882/0001-84,2023-09-30,1,20000,0,0,0
05.336.882/0001-84,2023-12-31,1,20000000,0,0,0
05.336.882/0001-84,2024-03-31,1,20000,0,0,0
05.336.882/0001-84,2024-06-30,1,20000,0,0,0
05.336.882/0001-84,2024-09-30,1,20000,0,0,0
05.336.882/0001-84,2024-12-31,1,20000,0,0,0
05.336.882/0001-84,2025-03-31,1,20000,0,0,0
05.336.882/0001-84,2025-06-30,1,20000,0,0,0
05.336.882/0001-84,2025-09-30,1,20000,0,0,0
05.336.882/0001-84,2025-12-31,1,20000,0,0,0
05.336.882/0001-84,2026-03-31,1,20000,0,0,0
05.336.882/0001-84,2026-06-30,1,20000,0,0,0
05.347.060/0001-07,2021-03-31,1,52000,0,0,0
05.347.060/0001-07,2021-06-30,1,52000,0,0,0
05.347.060/0001-07,2021-09-30,1,164690130,0,0,0
05.347.060/0001-07,2021-12-31,1,52000,0,0,0
05.347.060/0001-07,2022-03-31,1,52000,0,0,0
05.347.060/0001-07,2022-06-30,2,52000,0,0,0
05.347.060/0001-07,2022-09-30,2,52000,0,0,0
05.347.060/0001-07,2022-12-31,1,55914,0,0,0
05.347.060/0001-07,2023-03-31,1,55914,0,0,0
05.347.060/0001-07,2023-06-30,1,55914,0,0,0
05.347.060/0001-07,2023-09-30,1,55914,0,0,0
05.347.060/0001-07,2023-12-31,1,55914,0,0,0
05.347.060/0001-07,2024-03-31,1,55914,0,0,0
05.347.060/0001-07,2024-06-30,1,55914,0,0,0
05.495.546/0001-84,2020-03-31,1,196713,0,0,0
05.495.546/0001-84,2020-06-30,1,196713,0,0,0
05.495.546/0001-84,2020-09-30,1,196713,0,0,0
05.721.735/0001-28,2020-03-31,1,71561,0,0,0
05.721.735/0001-28,2020-06-30,1,71561,0,0,0
05.721.735/0001-28,2020-09-30,1,71596,0,0,0
05.721.735/0001-28,2020-12-31,1,71736,0,0,0
05.721.735/0001-28,2021-03-31,1,71918,0,0,0
05.721.735/0001-28,2021-06-30,1,72860,0,0,0
05.730.375/0001-20,2020-03-31,1,124158953,0,0,0
05.730.375/0001-20,2020-06-30,1,124158953,0,0,0
05.730.375/0001-20,2020-09-30,1,124158953,0,0,0
05.730.375/0001-20,2020-12-31,1,124158953,0,0,0
05.730.375/0001-20,2021-03-31,1,124158953,0,0,0
05.730.375/0001-20,2021-06-30,1,124158953,0,0,0
05.799.312/0001-20,2020-03-31,1,21656,0,0,0
05.799.312/0001-20,2020-06-30,2,21657,0,0,0
05.799.312/0001-20,2020-09-30,1,21657,0,0,0
05.799.312/0001-20,2020-12-31,1,21779,0,0,0
05.799.312/0001-20,2021-03-31,1,21787,0,0,0
05.799.312/0001-20,2021-06-30,1,28952,0,0,0
05.878.397/0001-32,2020-03-31,1,265772778,0,0,0
05.878.397/0001-32,2020-06-30,1,265785681,0,300000,0
05.878.397/0001-32,2020-09-30,1,265772778,0,876688,0
05.878.397/0001-32,2020-12-31,1,265772778,0,876688,0
05.878.397/0001-32,2021-03-31,1,265772778,0,876688,0
05.878.397/0001-32,2021-06-30,1,265772778,0,643591,0
05.878.397/0001-32,2021-09-30,1,265772778,0,643591,0
05.878.397/0001-32,2021-12-31,1,265772778,0,664669,0
05.878.397/0001-32,2022-03-31,1,265772778,0,623585,0
05.878.397/0001-32,2022-06-30,1,265772778,0,43783,0
05.878.397/0001-32,2022-09-30,1,265772778,0,43783,0
05.878.397/0001-32,2022-12-31,2,265772778,0,43783,0
05.878.397/0001-32,2023-03-31,2,573936909,0,10287080,0
05.878.397/0001-32,2023-06-30,1,573936909,0,9609002,0
05.878.397/0001-32,2023-09-30,1,573936909,0,9313976,0
05.878.397/0001-32,2023-12-31,1,573936909,0,20885847,0
05.878.397/0001-32,2024-03-31,1,573936909,0,27998147,0
05.878.397/0001-32,2024-06-30,1,542936909,0,9331329,0
05.878.397/0001-32,2024-09-30,1,542936909,0,17233929,0
05.878.397/0001-32,2024-12-31,1,542936909,0,36230548,0
05.878.397/0001-32,2025-03-31,1,542936909,0,42180971,0
05.878.397/0001-32,2025-06-30,1,542936909,0,43324774,0
05.878.397/0001-32,2025-09-30,1,504190947,0,5000000,0
05.878.397/0001-32,2025-12-31,1,504190947,0,5010167,0
05.878.397/0001-32,2026-03-31,1,504190947,0,5011118,0
05.878.397/0001-32,2026-06-30,1,504190947,0,4088230,0
05.889.284/0001-32,2020-03-31,1,2250172,20000,0,0
05.889.284/0001-32,2020-06-30,1,2250172,20000,0,0
05.889.284/0001-32,2020-09-30,1,2250172,20000,0,0
05.889.284/0001-32,2020-12-31,1,2250172,20000,0,0
05.889.284/0001-32,2021-03-31,1,2250172,20000,0,0
05.889.284/0001-32,2021-06-30,1,2250172,20000,0,0
05.889.284/0001-32,2021-09-30,1,2250172,20000,0,0
05.889.284/0001-32,2021-12-31,1,2250172,20000,0,0
05.889.284/0001-32,2022-03-31,1,2250172,20000,0,0
05.889.284/0001-32,2022-06-30,1,2250172,20000,0,0
05.889.284/0001-32,2022-09-30,1,2250172,20000,0,0
05.917.486/0001-40,2020-12-31,1,89584,0,0,0
05.917.486/0001-40,2021-03-31,2,44792,0,0,0
05.917.486/0001-40,2021-06-30,1,44792,0,0,0
05.917.486/0001-40,2021-09-30,1,64329,0,0,0
05.917.486/0001-40,2021-12-31,1,64329000,0,0,0
05.917.486/0001-40,2022-03-31,1,64663,0,0,0
05.917.486/0001-40,2022-06-30,1,64663,0,0,0
05.917.486/0001-40,2022-09-30,1,64663,0,890,0
05.917.486/0001-40,2022-12-31,1,64663,0,935,0
05.917.486/0001-40,2023-03-31,2,64663,0,935,0
05.917.486/0001-40,2023-06-30,1,64663,0,1202,0
05.917.486/0001-40,2023-09-30,1,64663,0,1202,0
05.917.486/0001-40,2023-12-31,1,64663,0,1202,0
05.917.486/0001-40,2024-03-31,1,64663,0,1202,0
05.917.486/0001-40,2024-06-30,1,64663,0,1202,0
05.917.486/0001-40,2024-09-30,1,64663,0,1202,0
05.917.486/0001-40,2024-12-31,2,64663,0,1202,0
05.917.486/0001-40,2025-03-31,1,63461,0,0,0
05.917.486/0001-40,2025-06-30,1,63461,0,0,0
05.917.486/0001-40,2025-09-30,1,63461,0,0,0
05.917.486/0001-40,2025-12-31,1,63461,0,0,0
05.917.486/0001-40,2026-03-31,1,63461,0,0,0
05.917.486/0001-40,2026-06-30,1,63491,0,0,0
06.016.348/0001-53,2020-03-31,1,140960000,0,0,0
06.016.348/0001-53,2020-06-30,1,140960000,0,0,0
06.016.348/0001-53,2020-09-30,1,140964000,0,0,0
06.016.348/0001-53,2020-12-31,1,140964000,0,0,0
06.016.348/0001-53,2021-03-31,1,140964000,0,0,0
06.016.348/0001-53,2021-06-30,1,140964000,0,0,0
06.016.348/0001-53,2021-09-30,1,140964000,0,0,0
06.016.348/0001-53,2021-12-31,1,140964000,0,0,0
06.016.348/0001-53,2022-03-31,1,140964000,0,0,0
06.016.348/0001-53,2022-06-30,1,140964000,0,0,0
06.016.348/0001-53,2022-09-30,1,140964000,0,0,0
06.016.348/0001-53,2022-12-31,1,140964000,0,0,0
06.016.348/0001-53,2023-03-31,1,140964000,0,0,0
06.016.348/0001-53,2023-06-30,1,140964000,0,0,0
06.016.348/0001-53,2023-09-30,1,140964000,0,0,0
06.016.348/0001-53,2023-12-31,2,140964000,0,0,0
06.016.348/0001-53,2024-03-31,2,140964000,0,0,0
06.016.348/0001-53,2024-06-30,2,140964000,0,0,0
06.016.348/0001-53,2024-09-30,1,140964000,0,0,0
06.016.348/0001-53,2024-12-31,1,140964000,0,0,0
06.016.348/0001-53,2025-03-31,1,140964000,0,0,0
06.016.348/0001-53,2025-06-30,1,140964000,0,0,0
06.016.348/0001-53,2025-09-30,1,140964000,0,0,0
06.047.087/0001-39,2020-03-31,2,919824834,0,38337656,0
06.047.087/0001-39,2020-06-30,2,919824834,0,38337656,0
06.047.087/0001-39,2020-09-30,2,1839649668,0,42960664,0
06.047.087/0001-39,2020-12-31,1,1985327155,0,42800664,0
06.047.087/0001-39,2021-03-31,1,1985327155,0,42800664,0
06.047.087/0001-39,2021-06-30,1,2010367155,0,38913920,0
06.047.087/0001-39,2021-09-30,1,2010367155,0,38913920,0
06.047.087/0001-39,2021-12-31,1,2010367155,0,38913920,0
06.047.087/0001-39,2022-03-31,1,2010367155,0,36320016,0
06.047.087/0001-39,2022-06-30,1,2010367155,0,36334156,0
06.047.087/0001-39,2022-09-30,1,2010367155,0,36334156,0
06.047.087/0001-39,2022-12-31,1,2289292590,0,36334156,0
06.047.087/0001-39,2023-03-31,3,2289292590,0,34653407,0
06.047.087/0001-39,2023-06-30,2,2289292590,0,34653407,0
06.047.087/0001-39,2023-09-30,3,2289292590,0,34685880,0
06.047.087/0001-39,2023-12-31,1,2289292590,0,34685880,0
06.047.087/0001-39,2024-03-31,1,2289292590,0,34173654,0
06.047.087/0001-39,2024-06-30,1,2289292590,0,45611854,0
06.047.087/0001-39,2024-09-30,1,2289292590,0,47208463,0
06.047.087/0001-39,2024-12-31,1,2289292590,0,69172994,0
06.047.087/0001-39,2025-03-31,1,2289292590,0,80624182,0
06.047.087/0001-39,2025-06-30,1,2289292590,0,82549182,0
06.047.087/0001-39,2025-09-30,1,2289292590,0,82549182,0
06.047.087/0001-39,2025-12-31,1,2289292590,0,82882567,0
06.047.087/0001-39,2026-03-31,1,2289292590,0,90080855,0
06.047.087/0001-39,2026-06-30,1,2240292590,0,60084941,0
06.057.223/0001-71,2020-03-31,1,3227994934,0,0,0
06.057.223/0001-71,2020-06-30,1,3227994934,0,0,0
06.057.223/0001-71,2020-09-30,3,268352,0,0,0
06.057.223/0001-71,2020-12-31,2,268352,0,0,0
06.057.223/0001-71,2021-03-31,1,268352,0,0,0
06.057.223/0001-71,2021-06-30,1,268896,0,0,0
06.057.223/0001-71,2021-09-30,1,1346499,0,0,0
06.057.223/0001-71,2021-12-31,1,1346674,0,0,0
06.057.223/0001-71,2022-03-31,1,1346914,0,0,0
06.057.223/0001-71,2022-06-30,1,1347213,0,0,0
06.057.223/0001-71,2022-09-30,1,1348333,0,0,0
06.057.223/0001-71,2022-12-31,1,1349165,0,0,0
06.057.223/0001-71,2023-03-31,1,1350256,0,0,0
06.057.223/0001-71,2023-06-30,1,1350256,0,0,0
06.057.223/0001-71,2023-09-30,1,1351464,0,0,0
06.057.223/0001-71,2023-12-31,1,1351833,0,0,0
06.057.223/0001-71,2024-03-31,1,1351833,0,0,0
06.057.223/0001-71,2024-06-30,1,1351833,0,0,0
06.057.223/0001-71,2024-09-30,1,1352090,0,0,0
06.057.223/0001-71,2024-12-31,2,1352215647,0,3800000,0
06.057.223/0001-71,2025-03-31,1,1352245,0,3800,0
06.057.223/0001-71,2025-06-30,1,1352245,0,5108,0
06.057.223/0001-71,2025-09-30,1,1353436,0,9194,0
06.057.223/0001-71,2025-12-31,1,1353497,0,11789,0
06.057.223/0001-71,2026-03-31,1,1353531,0,11781,0
06.057.223/0001-71,2026-06-30,1,1353531,0,15091,0
06.137.677/0001-52,2020-03-31,1,388374,0,0,0
06.137.677/0001-52,2020-06-30,1,388374,0,0,0
06.137.677/0001-52,2020-09-30,1,388374,0,0,0
06.137.677/0001-52,2020-12-31,1,388374,0,0,0
06.164.253/0001-87,2020-03-31,1,2863682710,273682014,0,3006390
06.164.253/0001-87,2020-06-30,3,2863682710,273879123,0,1833455
06.164.253/0001-87,2020-09-30,1,2863682710,274043115,0,1824034
06.164.253/0001-87,2020-12-31,1,2863682710,274024257,0,1824034
06.164.253/0001-87,2021-03-31,1,2863682710,274024257,0,1798608
06.164.253/0001-87,2021-06-30,1,2863682710,313929020,0,1217285
06.164.253/0001-87,2021-09-30,1,2863682710,314359353,0,1217285
06.164.253/0001-87,2021-12-31,1,2863682710,314361213,0,0
06.164.253/0001-87,2022-03-31,1,2863682710,314396886,0,1188970
06.164.253/0001-87,2022-06-30,1,2863682710,336668005,0,1158656
06.164.253/0001-87,2022-09-30,1,2863682710,336833571,0,1140970
06.164.253/0001-87,2022-12-31,1,2863682710,336833571,0,1140940
06.164.253/0001-87,2023-03-31,1,2863682500,336833577,0,1015633
06.164.253/0001-87,2023-06-30,1,2863682500,336833577,0,557194
06.164.253/0001-87,2023-09-30,1,2863682500,336919404,0,514150
06.164.253/0001-87,2023-12-31,1,2863682500,336919404,0,50112
06.164.253/0001-87,2024-03-31,2,2863682500,338594335,0,42349
06.164.253/0001-87,2024-06-30,1,2863682500,338594335,0,2109
06.164.253/0001-87,2024-09-30,1,2863682500,338594335,0,2109
06.164.253/0001-87,2024-12-31,2,2863682500,338594335,2109,0
06.164.253/0001-87,2025-03-31,2,2863682500,338594335,0,2109
06.164.253/0001-87,2025-06-30,1,8196784982987,969160400803,2109,0
06.164.253/0001-87,2025-09-30,1,8196784982987,969160400803,2109,0
06.164.253/0001-87,2025-12-31,2,8196784982987,969160400803,2109,0
06.267.630/0001-03,2025-09-30,1,1555233524,0,0,0
06.267.630/0001-03,2025-12-31,1,2753252,0,0,0
06.267.630/0001-03,2026-03-31,1,2753252,0,0,0
06.267.630/0001-03,2026-06-30,1,1671717885,0,0,0
06.272.793/0001-84,2020-03-31,1,161318939,2864960,0,0
06.272.793/0001-84,2020-06-30,2,161318939,2864960,0,0
06.272.793/0001-84,2020-09-30,1,161318939,2864960,0,0
06.272.793/0001-84,2020-12-31,1,161318939,2864960,0,0
06.272.793/0001-84,2021-03-31,1,161318939,2864960,0,0
06.272.793/0001-84,2021-06-30,2,161318939,2864960,0,0
06.272.793/0001-84,2021-09-30,1,161318939,2256500,0,0
06.272.793/0001-84,2021-12-31,3,161318939,2864960,0,0
06.272.793/0001-84,2022-03-31,2,161318939,2864960,0,0
06.272.793/0001-84,2022-06-30,1,161318939,2864960,0,0
06.272.793/0001-84,2022-09-30,1,161318939,2864960,0,0
06.272.793/0001-84,2022-12-31,1,161318939,2864960,0,0
06.272.793/0001-84,2023-03-31,1,161318939,2864960,0,0
06.272.793/0001-84,2023-06-30,2,161318939,2864960,0,0
06.272.793/0001-84,2023-09-30,1,161318939,2864960,0,0
06.272.793/0001-84,2023-12-31,2,161318939,2864960,0,0
06.272.793/0001-84,2024-03-31,1,161318939,2864960,0,0
06.272.793/0001-84,2024-06-30,1,161318939,2864960,0,0
06.272.793/0001-84,2024-09-30,1,161318939,2864960,0,0
06.272.793/0001-84,2024-12-31,1,161318939,2864960,0,0
06.272.793/0001-84,2025-03-31,1,161318939,2864960,0,0
06.272.793/0001-84,2025-06-30,1,161318939,2864960,0,0
06.272.793/0001-84,2025-09-30,1,161318939,2864960,0,0
06.272.793/0001-84,2025-12-31,1,161318939,2864960,0,0
06.272.793/0001-84,2026-03-31,1,161318939,2864960,0,0
06.272.793/0001-84,2026-06-30,1,161318939,2864960,0,0
06.347.409/0001-65,2020-03-31,1,523132,0,0,0
06.347.409/0001-65,2020-06-30,1,2054104,0,0,0
06.347.409/0001-65,2020-09-30,1,2054103161,0,0,0
06.347.409/0001-65,2020-12-31,1,2054103161,0,0,0
06.347.409/0001-65,2021-03-31,1,2053333161,0,0,0
06.347.409/0001-65,2021-06-30,1,2054103161,0,0,0
06.347.409/0001-65,2021-09-30,1,2054103161,0,0,0
06.347.409/0001-65,2021-12-31,1,2054103161,0,0,0
06.347.409/0001-65,2022-03-31,1,2054103161,0,0,0
06.347.409/0001-65,2022-06-30,1,2054103161,0,0,0
06.347.409/0001-65,2022-09-30,1,2054103161,0,0,0
06.347.409/0001-65,2022-12-31,1,2194630161,0,0,0
06.347.409/0001-65,2023-03-31,1,2194630161,0,0,0
06.347.409/0001-65,2023-06-30,1,2194630161,0,0,0
06.347.409/0001-65,2023-09-30,1,2194630161,0,0,0
06.347.409/0001-65,2023-12-31,1,2194630161,0,0,0
06.347.409/0001-65,2024-03-31,2,4809277645,0,0,0
06.347.409/0001-65,2024-06-30,1,4809277645,0,0,0
06.347.409/0001-65,2024-09-30,1,4809277645,0,0,0
06.347.409/0001-65,2024-12-31,1,4809277645,0,0,0
06.347.409/0001-65,2025-03-31,1,4809277645,0,0,0
06.347.409/0001-65,2025-06-30,1,480927764500,0,0,0
06.347.409/0001-65,2025-09-30,1,4809277645,0,0,0
06.347.409/0001-65,2025-12-31,1,4809277645,0,0,0
06.347.409/0001-65,2026-03-31,1,4809277645,0,0,0
06.347.409/0001-65,2026-06-30,1,4809277645,0,0,0
06.626.253/0001-51,2020-03-31,4,342726580,0,0,0
06.626.253/0001-51,2020-06-30,1,342726580,0,0,0
06.626.253/0001-51,2020-09-30,2,430600043,0,0,0
06.626.253/0001-51,2020-12-31,2,443781062,0,80000,0
06.626.253/0001-51,2021-03-31,1,443781062,0,1040000,0
06.626.253/0001-51,2021-06-30,1,443781062,0,874589,0
06.626.253/0001-51,2021-09-30,1,443781062,0,798051,0
06.626.253/0001-51,2021-12-31,1,443781062,0,2386170,0
06.626.253/0001-51,2022-03-31,1,443781062,0,1900577,0
06.626.253/0001-51,2022-06-30,2,443781062,0,726527,0
06.626.253/0001-51,2022-09-30,1,443781062,0,2369020,0
06.626.253/0001-51,2022-12-31,2,443781062,0,3735620,0
06.626.253/0001-51,2023-03-31,2,443781062,0,2749085,0
06.626.253/0001-51,2023-06-30,1,463830085,0,1366865,0
06.626.253/0001-51,2023-09-30,2,540449339,0,1331121,0
06.626.253/0001-51,2023-12-31,1,541780460,0,2802806,0
06.626.253/0001-51,2024-03-31,1,581715639,0,472775,0
06.626.253/0001-51,2024-06-30,1,581715639,0,406247,0
06.626.253/0001-51,2024-09-30,1,581715639,0,6856609,0
06.626.253/0001-51,2024-12-31,2,569249470,0,7353440,0
06.626.253/0001-51,2025-03-31,1,622672736,0,4134285,0
06.626.253/0001-51,2025-06-30,1,622672736,0,2754431,0
06.626.253/0001-51,2025-09-30,2,662673160,0,2668088,0
06.626.253/0001-51,2025-12-31,1,662673160,0,3065072,0
06.626.253/0001-51,2026-03-31,1,723898206,0,4655734,0
06.626.253/0001-51,2026-06-30,1,723898206,0,3750571,0
06.948.969/0001-75,2020-03-31,1,189408960,0,11839567,0
06.948.969/0001-75,2020-06-30,2,189408960,0,14125991,0
06.948.969/0001-75,2020-09-30,1,189408960,0,13719362,0
06.948.969/0001-75,2020-12-31,3,189408960,0,13715737,0
06.948.969/0001-75,2021-03-31,2,189408960,0,13341575,0
06.977.745/0001-91,2020-03-31,1,873141,0,29414,0
06.977.745/0001-91,2020-06-30,2,873141,0,29413,0
06.977.745/0001-91,2020-09-30,1,873141,0,29413,0
06.977.745/0001-91,2020-12-31,2,873141,0,29413,0
06.977.745/0001-91,2021-03-31,1,873141,0,29413,0
06.977.745/0001-91,2021-06-30,1,873141,0,29413,0
06.977.745/0001-91,2021-09-30,1,873141,0,33500,0
06.977.745/0001-91,2021-12-31,2,873141,0,44867,0
06.977.745/0001-91,2022-03-31,1,828274,0,0,0
06.977.745/0001-91,2022-06-30,1,828274,0,3673,0
06.977.745/0001-91,2022-09-30,1,828274,0,8745,0
06.977.745/0001-91,2022-12-31,1,828274,0,8745,0
06.977.745/0001-91,2023-03-31,1,828274,0,8553,0
06.977.745/0001-91,2023-06-30,1,828274,0,8553,0
06.977.745/0001-91,2023-09-30,1,828274,0,8553,0
06.977.745/0001-91,2023-12-31,1,828274,0,8553,0
06.977.745/0001-91,2024-03-31,1,828274,0,8553,0
06.977.745/0001-91,2024-06-30,1,828273884,0,8553390,0
06.977.745/0001-91,2024-09-30,1,819720494,0,0,0
06.977.745/0001-91,2024-12-31,1,819720,0,0,0
06.977.745/0001-91,2025-03-31,1,819720494,0,0,0
06.977.745/0001-91,2025-06-30,1,819720494,0,0,0
06.977.745/0001-91,2025-09-30,1,819720494,0,0,0
06.977.745/0001-91,2025-12-31,1,819720494,0,0,0
06.977.745/0001-91,2026-03-31,1,819720494,0,0,0
06.977.745/0001-91,2026-06-30,1,819720494,0,0,0
06.977.751/0001-49,2020-03-31,1,491510,0,4098,0
06.977.751/0001-49,2020-06-30,1,491510,0,7098,0
06.977.751/0001-49,2020-09-30,1,491510,0,8698,0
06.977.751/0001-49,2020-12-31,2,491510,0,8698,0
06.977.751/0001-49,2021-03-31,1,491510,0,9848,0
06.977.751/0001-49,2021-06-30,1,491510,0,11621,0
06.977.751/0001-49,2021-09-30,1,474160,0,10106,0
06.977.751/0001-49,2021-12-31,2,474160,0,10106,0
06.977.751/0001-49,2022-03-31,1,474160,0,9916,0
06.977.751/0001-49,2022-06-30,1,474160,0,9916,0
06.977.751/0001-49,2022-09-30,1,464432,0,9727,0
06.977.751/0001-49,2022-12-31,1,474160,0,9727,0
06.977.751/0001-49,2023-03-31,1,11611,0,0,0
06.977.751/0001-49,2023-06-30,1,11611,0,0,0
06.977.751/0001-49,2023-09-30,1,464432,0,0,0
06.981.176/0001-58,2020-03-31,1,2896785,0,0,0
06.981.176/0001-58,2020-06-30,1,2896785,0,0,0
06.981.176/0001-58,2020-09-30,1,2896785,0,0,0
06.981.176/0001-58,2020-12-31,2,2896785,0,0,0
06.981.176/0001-58,2021-03-31,1,2896785,0,0,0
06.981.176/0001-58,2021-06-30,1,2896785,0,0,0
06.981.176/0001-58,2021-09-30,1,2896785,0,0,0
06.981.176/0001-58,2021-12-31,1,2896785,0,0,0
06.981.176/0001-58,2022-03-31,1,2896785,0,0,0
06.981.176/0001-58,2022-06-30,1,2896785,0,0,0
06.981.176/0001-58,2022-09-30,1,2896785,0,0,0
06.981.176/0001-58,2022-12-31,1,2896785,0,0,0
06.981.176/0001-58,2023-03-31,1,2896785,0,0,0
06.981.176/0001-58,2023-06-30,1,2896785,0,0,0
06.981.176/0001-58,2023-09-30,1,2896785,0,0,0
06.981.176/0001-58,2023-12-31,2,2896785,0,0,0
06.981.176/0001-58,2024-03-31,1,2896785,0,0,0
06.981.176/0001-58,2024-06-30,1,2896785,0,0,0
06.981.176/0001-58,2024-09-30,1,2896785,0,0,0
06.981.176/0001-58,2024-12-31,2,2896785,0,0,0
06.981.176/0001-58,2025-03-31,1,2896785,0,0,0
06.981.176/0001-58,2025-06-30,1,2896785,0,0,0
06.981.176/0001-58,2025-09-30,1,2896785,0,0,0
06.981.176/0001-58,2025-12-31,2,2896785,0,0,0
06.981.176/0001-58,2026-03-31,1,2896785,0,0,0
06.981.176/0001-58,2026-06-30,1,2896785,0,0,0
06.981.180/0001-16,2020-03-31,1,2359113,0,0,0
06.981.180/0001-16,2020-06-30,1,2359113,0,0,0
06.981.180/0001-16,2020-09-30,1,2359113,0,0,0
06.981.180/0001-16,2020-12-31,2,2359113,0,0,0
06.981.180/0001-16,2021-03-31,1,2359113,0,0,0
06.981.180/0001-16,2021-06-30,1,2359113,0,0,0
06.981.180/0001-16,2021-09-30,1,2359113,0,0,0
06.981.180/0001-16,2021-12-31,1,2359113,0,0,0
06.981.180/0001-16,2022-03-31,2,2359113,0,0,0
06.981.180/0001-16,2022-06-30,1,2359113,0,0,0
06.981.180/0001-16,2022-09-30,1,2359113,0,0,0
06.981.180/0001-16,2022-12-31,1,2359113,0,0,0
06.981.180/0001-16,2023-03-31,1,2359113,0,0,0
06.981.180/0001-16,2023-06-30,1,2359113,0,0,0
06.981.180/0001-16,2023-09-30,1,2359113,0,0,0
06.981.180/0001-16,2023-12-31,2,2359113,0,0,0
06.981.180/0001-16,2024-03-31,1,2359113,0,0,0
06.981.180/0001-16,2024-06-30,1,2359113,0,0,0
06.981.180/0001-16,2024-09-30,2,2359113,0,0,0
06.981.180/0001-16,2024-12-31,1,2359113,0,0,0
06.981.180/0001-16,2025-03-31,1,2359113,0,0,0
06.981.180/0001-16,2025-06-30,1,2359113,0,0,0
06.981.180/0001-16,2025-09-30,1,2359113,0,0,0
06.981.180/0001-16,2025-12-31,1,2359113,0,0,0
06.981.180/0001-16,2026-03-31,1,2359113452,0,0,0
06.981.180/0001-16,2026-06-30,1,2359113452,0,0,0
06.981.381/0001-13,2020-03-31,1,801870,0,0,0
06.981.381/0001-13,2020-06-30,1,801870,0,0,0
06.981.381/0001-13,2020-09-30,1,801870,0,0,0
06.981.381/0001-13,2020-12-31,1,801870,0,0,0
06.981.381/0001-13,2021-03-31,1,320748000,0,0,0
06.981.381/0001-13,2021-06-30,1,320748000,0,0,0
06.981.381/0001-13,2021-09-30,1,320748000,0,0,0
06.981.381/0001-13,2021-12-31,1,320748000,0,0,0
06.981.381/0001-13,2022-03-31,1,320748000,0,0,0
06.981.381/0001-13,2022-06-30,1,320748000,0,0,0
06.981.381/0001-13,2022-09-30,1,320748000,0,0,0
06.981.381/0001-13,2022-12-31,2,320748000,0,1217600,0
06.981.381/0001-13,2023-03-31,2,320748000,0,0,0
06.981.381/0001-13,2023-06-30,1,320748000,0,0,0
06.981.381/0001-13,2023-09-30,1,320748000,0,0,0
06.981.381/0001-13,2023-12-31,1,320758000,0,0,0
06.981.381/0001-13,2024-03-31,3,320748000,0,0,0
06.981.381/0001-13,2024-06-30,1,320748000,0,0,0
06.981.381/0001-13,2024-09-30,1,320748000,0,0,0
06.981.381/0001-13,2024-12-31,1,320748000,0,0,0
06.981.381/0001-13,2025-03-31,1,320748000,0,0,0
06.981.381/0001-13,2025-06-30,2,320748000,0,0,0
06.981.381/0001-13,2025-09-30,1,320748000,0,0,0
06.981.381/0001-13,2025-12-31,1,320748000,0,0,0
06.981.381/0001-13,2026-03-31,1,320748000,0,0,0
06.981.381/0001-13,2026-06-30,1,320748000,0,0,0
07.040.108/0001-57,2020-03-31,1,186172738,56877,0,0
07.040.108/0001-57,2020-06-30,1,186172738,56877,0,0
07.040.108/0001-57,2020-09-30,2,183498962,56877,0,0
07.040.108/0001-57,2020-12-31,1,183498962,56877,0,0
07.040.108/0001-57,2021-03-31,3,183498962,56877,0,0
07.040.108/0001-57,2021-06-30,2,183498962,56877,0,0
07.040.108/0001-57,2021-09-30,1,183498962,56877,0,0
07.040.108/0001-57,2021-12-31,1,183498962,56877,0,0
07.040.108/0001-57,2022-03-31,1,183498962,56877,0,0
07.040.108/0001-57,2022-06-30,1,183498962,56877,0,0
07.040.108/0001-57,2022-09-30,1,183498962,56877,0,0
07.040.108/0001-57,2022-12-31,1,183498962,56877,0,0
07.040.108/0001-57,2023-03-31,1,183498962,56877,0,0
07.040.108/0001-57,2023-06-30,2,183498962,56877,0,0
07.040.108/0001-57,2023-09-30,1,183498962,56877,0,0
07.040.108/0001-57,2023-12-31,1,185904416,57451,0,0
07.040.108/0001-57,2024-03-31,1,185904416,57451,0,0
07.040.108/0001-57,2024-06-30,1,185904416,57451,0,0
07.040.108/0001-57,2024-09-30,1,185904416,57451,0,0
07.040.108/0001-57,2024-12-31,1,190575733,58564,0,0
07.040.108/0001-57,2025-03-31,1,190575733,58564,0,0
07.040.108/0001-57,2025-06-30,1,191035101,58674,0,0
07.040.108/0001-57,2025-09-30,1,196832820,60057,0,0
07.040.108/0001-57,2025-12-31,1,51879729,15650,4,1
07.040.108/0001-57,2026-03-31,1,51879729,15650,4,1
07.040.108/0001-57,2026-06-30,1,51879729,15650,4,1
07.043.628/0001-13,2020-03-31,1,203583506,0,0,0
07.043.628/0001-13,2020-06-30,1,203583506,0,0,0
07.043.628/0001-13,2020-09-30,1,203583506,0,0,0
07.043.628/0001-13,2020-12-31,1,203583506,0,0,0
07.043.628/0001-13,2021-03-31,2,203583506,0,0,0
07.043.628/0001-13,2021-06-30,2,203583506,0,0,0
07.043.628/0001-13,2021-09-30,1,203583506,0,0,0
07.043.628/0001-13,2021-12-31,1,203583506,0,0,0
07.043.628/0001-13,2022-03-31,1,203583506,0,0,0
07.043.628/0001-13,2022-06-30,1,203583506,0,0,0
07.043.628/0001-13,2022-09-30,1,203583506,0,0,0
07.043.628/0001-13,2022-12-31,1,203583506,0,0,0
07.043.628/0001-13,2023-03-31,1,203583506,0,0,0
07.043.628/0001-13,2023-06-30,1,203583506,0,0,0
07.043.628/0001-13,2023-09-30,1,203583506,0,0,0
07.043.628/0001-13,2023-12-31,1,203583506,0,0,0
07.043.628/0001-13,2024-03-31,1,203583506,0,0,0
07.043.628/0001-13,2024-06-30,1,251307343,0,0,0
07.043.628/0001-13,2024-09-30,1,251307343,0,0,0
07.043.628/0001-13,2024-12-31,1,251307343,0,0,0
07.043.628/0001-13,2025-03-31,1,251307343,0,0,0
07.043.628/0001-13,2025-06-30,1,251307343,0,0,0
07.043.628/0001-13,2025-09-30,1,251307343,0,0,0
07.043.628/0001-13,2025-12-31,1,251307343,0,0,0
07.043.628/0001-13,2026-03-31,1,251307343,0,0,0
07.043.628/0001-13,2026-06-30,1,251307343,0,0,0
07.047.251/0001-70,2020-03-31,1,48067937,29787362,0,0
07.047.251/0001-70,2020-06-30,1,48067937,29787362,0,0
07.047.251/0001-70,2020-09-30,1,48067937,29787362,0,0
07.047.251/0001-70,2020-12-31,1,48067937,29787362,0,0
07.047.251/0001-70,2021-03-31,1,48067937,29787362,0,0
07.047.251/0001-70,2021-06-30,1,48067937,29787362,0,0
07.047.251/0001-70,2021-09-30,3,48067937,29787362,0,0
07.047.251/0001-70,2021-12-31,1,48067937,29787362,0,0
07.047.251/0001-70,2022-03-31,1,48067937,29787362,0,0
07.047.251/0001-70,2022-06-30,1,48067937,29787362,0,0
07.047.251/0001-70,2022-09-30,1,48067937,29787362,0,0
07.047.251/0001-70,2022-12-31,1,48067937,29787362,0,0
07.047.251/0001-70,2023-03-31,1,48067937,29787362,0,0
07.047.251/0001-70,2023-06-30,1,48067937,29787362,0,0
07.047.251/0001-70,2023-09-30,1,48067937,29787362,0,0
07.047.251/0001-70,2023-12-31,1,48067937,29787362,0,0
07.047.251/0001-70,2024-03-31,2,48067937,29787362,0,0
07.047.251/0001-70,2024-06-30,2,48067937,29787362,0,0
07.047.251/0001-70,2024-09-30,1,48067937,29787362,0,0
07.047.251/0001-70,2024-12-31,1,48067937,29787344,0,0
07.047.251/0001-70,2025-03-31,1,48067937,29787362,0,0
07.047.251/0001-70,2025-06-30,1,48067937,29787362,0,0
07.047.251/0001-70,2025-09-30,1,53402024,32899995,0,0
07.047.251/0001-70,2025-12-31,1,53402024,32899995,0,0
07.047.251/0001-70,2026-03-31,1,53402024,32899995,0,0
07.047.251/0001-70,2026-06-30,1,53402024,32899995,0,0
07.119.838/0001-48,2020-03-31,1,614879,0,0,0
07.119.838/0001-48,2020-06-30,1,929189,0,0,0
07.119.838/0001-48,2020-09-30,1,929189,0,0,0
07.119.838/0001-48,2020-12-31,1,884189,0,0,0
07.119.838/0001-48,2021-03-31,1,929189,0,0,0
07.119.838/0001-48,2021-06-30,1,158189,0,0,0
07.119.838/0001-48,2021-09-30,1,230189,0,0,0
07.119.838/0001-48,2021-12-31,1,287189,0,0,0
07.119.838/0001-48,2022-03-31,1,384524,0,0,0
07.119.838/0001-48,2022-06-30,1,384524,0,0,0
07.119.838/0001-48,2022-09-30,1,453246,0,0,0
07.119.838/0001-48,2022-12-31,1,538406,0,0,0
07.119.838/0001-48,2023-03-31,1,569326,0,0,0
07.119.838/0001-48,2023-06-30,1,616708,0,0,0
07.119.838/0001-48,2023-09-30,1,616708,0,0,0
07.119.838/0001-48,2023-12-31,1,616708,0,0,0
07.119.838/0001-48,2024-03-31,1,616708,0,0,0
07.119.838/0001-48,2024-06-30,1,616708,0,0,0
07.119.838/0001-48,2024-09-30,1,616708,0,0,0
07.119.838/0001-48,2024-12-31,1,616708,0,0,0
07.119.838/0001-48,2025-03-31,1,616708,0,0,0
07.119.838/0001-48,2025-06-30,1,616708,0,0,0
07.119.838/0001-48,2025-09-30,1,616708,0,0,0
07.119.838/0001-48,2025-12-31,1,616708,0,0,0
07.119.838/0001-48,2026-03-31,1,616708,0,0,0
07.119.838/0001-48,2026-06-30,1,616708,0,0,0
07.206.816/0001-15,2020-03-31,1,339000000,0,1105000,0
07.206.816/0001-15,2020-06-30,1,339000000,0,1020129,0
07.206.816/0001-15,2020-09-30,1,339000000,0,997696,0
07.206.816/0001-15,2020-12-31,1,339000000,0,997696,0
07.206.816/0001-15,2021-03-31,1,339000000,0,997696,0
07.206.816/0001-15,2021-06-30,1,339000000,0,1362722,0
07.206.816/0001-15,2021-09-30,1,339000000,0,1346581,0
07.206.816/0001-15,2021-12-31,1,339000000,0,1346581,0
07.206.816/0001-15,2022-03-31,1,339000000,0,2966853,0
07.206.816/0001-15,2022-06-30,1,339000000,0,2817264,0
07.206.816/0001-15,2022-09-30,1,339000000,0,2819146,0
07.206.816/0001-15,2022-12-31,2,339000000,0,2819146,0
07.206.816/0001-15,2023-03-31,1,339000000,0,2819146,0
07.206.816/0001-15,2023-06-30,1,339000000,0,2675111,0
07.206.816/0001-15,2023-09-30,1,339000000,0,2675111,0
07.206.816/0001-15,2023-12-31,1,339000000,0,2675111,0
07.206.816/0001-15,2024-03-31,1,339000000,0,2675111,0
07.206.816/0001-15,2024-06-30,1,339000000,0,3615050,0
07.206.816/0001-15,2024-09-30,1,339000000,0,4070184,0
07.206.816/0001-15,2024-12-31,1,339000000,0,3773296,0
07.206.816/0001-15,2025-03-31,1,339000000,0,3773296,0
07.206.816/0001-15,2025-06-30,1,339000000,0,3616747,0
07.206.816/0001-15,2025-09-30,1,339000000,0,3616747,0
07.206.816/0001-15,2025-12-31,1,339000000,0,3616747,0
07.206.816/0001-15,2026-03-31,1,339000000,0,3616747,0
07.206.816/0001-15,2026-06-30,1,339000000,0,3427984,0
07.237.373/0001-20,2020-03-31,1,86371,0,0,0
07.237.373/0001-20,2020-06-30,2,86371,0,0,0
07.237.373/0001-20,2020-09-30,1,86371,0,0,0
07.237.373/0001-20,2020-12-31,1,86371,0,0,0
07.237.373/0001-20,2021-03-31,1,86371,0,0,0
07.237.373/0001-20,2021-06-30,1,86371,0,0,0
07.237.373/0001-20,2021-09-30,1,86371,0,0,0
07.237.373/0001-20,2021-12-31,1,86371,0,0,0
07.237.373/0001-20,2022-03-31,1,86371,0,0,0
07.237.373/0001-20,2022-06-30,1,86371,0,0,0
07.237.373/0001-20,2022-09-30,1,86371,0,0,0
07.237.373/0001-20,2022-12-31,1,86371,0,0,0
07.237.373/0001-20,2023-03-31,1,86371,0,0,0
07.237.373/0001-20,2023-06-30,1,86371,0,0,0
07.237.373/0001-20,2023-09-30,1,86371,0,0,0
07.237.373/0001-20,2023-12-31,1,86371,0,0,0
07.237.373/0001-20,2024-03-31,1,86371,0,0,0
07.237.373/0001-20,2024-06-30,3,86371,0,0,0
07.237.373/0001-20,2024-09-30,1,98700,0,0,0
07.237.373/0001-20,2024-12-31,1,98700,0,0,0
07.237.373/0001-20,2025-03-31,1,98699,0,0,0
07.237.373/0001-20,2025-06-30,1,98700,0,0,0
07.237.373/0001-20,2025-09-30,1,98700,0,0,0
07.237.373/0001-20,2025-12-31,1,98700,0,0,0
07.237.373/0001-20,2026-03-31,1,98700,0,0,0
07.237.373/0001-20,2026-06-30,1,98700,0,0,0
07.253.321/0001-47,2020-03-31,1,155,66,0,0
07.253.321/0001-47,2020-06-30,1,155,66,0,0
07.253.321/0001-47,2020-09-30,1,155,66,0,0
07.253.321/0001-47,2020-12-31,1,155,66,0,0
07.253.321/0001-47,2021-03-31,1,155,66,0,0
07.253.321/0001-47,2021-06-30,1,155,66,0,0
07.253.321/0001-47,2021-09-30,1,155,66,0,0
07.253.321/0001-47,2021-12-31,1,155,66,0,0
07.253.321/0001-47,2022-03-31,1,155,66,0,0
07.253.321/0001-47,2022-06-30,1,155,66,0,0
07.253.321/0001-47,2022-09-30,1,155,66,0,0
07.253.321/0001-47,2022-12-31,1,155,66,0,0
07.253.321/0001-47,2023-03-31,1,155,66,0,0
07.253.321/0001-47,2023-06-30,1,155,66,0,0
07.253.321/0001-47,2023-09-30,1,155,66,0,0
07.253.321/0001-47,2023-12-31,1,155,66,0,0
07.253.321/0001-47,2024-03-31,1,155,66,0,0
07.253.321/0001-47,2024-06-30,1,155,66,0,0
07.253.321/0001-47,2024-09-30,1,155,66,0,0
07.253.321/0001-47,2024-12-31,1,155,66,0,0
07.253.321/0001-47,2025-03-31,1,155,66,0,0
07.253.321/0001-47,2025-06-30,1,155,66,0,0
07.253.321/0001-47,2025-09-30,1,155,66,0,0
07.253.321/0001-47,2025-12-31,1,155,66,0,0
07.253.321/0001-47,2026-03-31,1,155,66,0,0
07.253.321/0001-47,2026-06-30,1,155,66,0,0
07.275.159/0001-68,2020-03-31,1,496,1754,79,0
07.275.159/0001-68,2020-06-30,1,496,1754,79,0
07.275.159/0001-68,2020-09-30,1,496,1754,79,0
07.275.159/0001-68,2020-12-31,1,496,1674,0,79
07.275.159/0001-68,2021-03-31,1,496,1754,79,0
07.275.159/0001-68,2021-06-30,1,496437,1674074,0,79489
07.275.159/0001-68,2021-09-30,1,496,1754,79,0
07.275.159/0001-68,2021-12-31,1,496,1754,0,79
07.275.159/0001-68,2022-03-31,1,496,1754,0,79
07.275.159/0001-68,2022-06-30,1,496,1675,0,79
07.275.159/0001-68,2022-09-30,1,496,1675,79,0
07.275.159/0001-68,2022-12-31,1,496,1675,79,0
07.275.159/0001-68,2023-03-31,1,496,1675,0,79
07.275.159/0001-68,2023-06-30,1,496,1675,0,79
07.275.159/0001-68,2023-09-30,1,496,1675,79,0
07.275.159/0001-68,2023-12-31,1,496,1575,0,79
07.275.159/0001-68,2024-03-31,1,496,1675,0,79
07.275.159/0001-68,2024-06-30,1,496,1675,0,79
07.275.159/0001-68,2024-09-30,1,496,1675,0,79
07.275.159/0001-68,2024-12-31,1,496,1675,0,79
07.275.159/0001-68,2025-03-31,1,496,1675,0,79
07.275.159/0001-68,2025-06-30,1,496,1675,0,79
07.275.159/0001-68,2025-09-30,1,496,1675,0,79
07.275.159/0001-68,2025-12-31,1,496,1675,0,79
07.275.159/0001-68,2026-03-31,1,496,1675,0,79
07.275.159/0001-68,2026-06-30,1,496,1675,0,79
07.282.377/0001-20,2020-03-31,1,97112,0,0,0
07.282.377/0001-20,2020-06-30,1,97112,0,0,0
07.282.377/0001-20,2020-09-30,1,97112,0,0,0
07.282.377/0001-20,2020-12-31,2,97112,0,0,0
07.282.377/0001-20,2021-03-31,1,97112,0,0,0
07.282.377/0001-20,2021-06-30,1,97112,0,0,0
07.282.377/0001-20,2021-09-30,1,97112,0,0,0
07.282.377/0001-20,2021-12-31,1,97112,0,0,0
07.282.377/0001-20,2022-03-31,1,97112,0,0,0
07.282.377/0001-20,2022-06-30,1,97112,0,0,0
07.282.377/0001-20,2022-09-30,1,97112,0,0,0
07.282.377/0001-20,2022-12-31,1,97112,0,0,0
07.282.377/0001-20,2023-03-31,1,97112,0,0,0
07.282.377/0001-20,2023-06-30,1,97112,0,0,0
07.282.377/0001-20,2023-09-30,1,97112,0,0,0
07.282.377/0001-20,2023-12-31,1,97112,0,0,0
07.282.377/0001-20,2024-03-31,2,97112,0,0,0
07.282.377/0001-20,2024-06-30,1,97112,0,0,0
07.282.377/0001-20,2024-09-30,1,97112,0,0,0
07.282.377/0001-20,2024-12-31,1,97112,0,0,0
07.282.377/0001-20,2025-03-31,1,97112,0,0,0
07.282.377/0001-20,2025-06-30,1,97112,0,0,0
07.282.377/0001-20,2025-09-30,1,97112,0,0,0
07.282.377/0001-20,2025-12-31,1,97112,0,0,0
07.282.377/0001-20,2026-03-31,1,97112,0,0,0
07.282.377/0001-20,2026-06-30,1,97112,0,0,0
07.334.600/0001-35,2020-03-31,1,95244,1317,0,0
07.334.600/0001-35,2020-06-30,1,95244,1317,0,0
07.334.600/0001-35,2020-09-30,1,95244,1317,0,0
07.334.600/0001-35,2020-12-31,1,95244,1317,0,0
07.334.600/0001-35,2021-03-31,1,95244,1317,0,0
07.334.600/0001-35,2021-06-30,1,95244,1317,0,0
07.334.600/0001-35,2021-09-30,1,95244,1317,0,0
07.334.600/0001-35,2021-12-31,1,95244,1317,0,0
07.334.600/0001-35,2022-03-31,1,95244,1317,0,0
07.334.600/0001-35,2022-06-30,1,95244,1317,0,0
07.334.600/0001-35,2022-09-30,1,95244,1317,0,0
07.334.600/0001-35,2022-12-31,1,95244,1317,0,0
07.334.600/0001-35,2023-03-31,1,95244,1317,0,0
07.334.600/0001-35,2023-06-30,1,95244,1317,0,0
07.334.600/0001-35,2023-09-30,1,95244,1317,0,0
07.334.600/0001-35,2023-12-31,1,95244,1317,0,0
07.334.600/0001-35,2024-03-31,1,95244,1317,0,0
07.334.600/0001-35,2024-06-30,1,95244,1317,0,0
07.334.600/0001-35,2024-09-30,1,95244,1317,0,0
07.334.600/0001-35,2024-12-31,2,95244,1317,0,0
07.334.600/0001-35,2025-03-31,1,95244,1317,0,0
07.334.600/0001-35,2025-06-30,1,95244,1317,0,0
07.334.600/0001-35,2025-09-30,1,95244,1317,0,0
07.334.600/0001-35,2025-12-31,1,95244,1317,0,0
07.334.600/0001-35,2026-03-31,1,95244,1317,0,0
07.334.600/0001-35,2026-06-30,1,95244,1317,0,0
07.401.436/0001-31,2020-03-31,1,1525558419,0,0,0
07.401.436/0001-31,2020-06-30,1,1525558419,0,0,0
07.401.436/0001-31,2020-09-30,1,1525558419,0,0,0
07.401.436/0001-31,2020-12-31,1,1525558419,0,0,0
07.401.436/0001-31,2021-03-31,1,1525558419,0,0,0
07.401.436/0001-31,2021-06-30,1,1525558419,0,0,0
07.401.436/0001-31,2021-09-30,1,1525558419,0,0,0
07.401.436/0001-31,2021-12-31,1,1525558419,0,0,0
07.401.436/0001-31,2022-03-31,1,1525558419,0,0,0
07.401.436/0001-31,2022-06-30,1,1525558419,0,0,0
07.401.436/0001-31,2022-09-30,1,1525558419,0,0,0
07.401.436/0001-31,2022-12-31,1,1525558419,0,0,0
07.401.436/0001-31,2023-03-31,1,1525558419,0,0,0
07.401.436/0001-31,2023-06-30,1,1525558419,0,0,0
07.401.436/0001-31,2023-09-30,1,1525558419,0,0,0
07.401.436/0001-31,2023-12-31,1,1525558419,0,0,0
07.401.436/0001-31,2024-03-31,1,1525558419,0,0,0
07.401.436/0001-31,2024-06-30,1,1525558419,0,0,0
07.401.436/0001-31,2024-09-30,1,1525558419,0,0,0
07.401.436/0001-31,2024-12-31,1,1525558419,0,0,0
07.401.436/0001-31,2025-03-31,1,1525558419,0,0,0
07.401.436/0001-31,2025-06-30,2,1525558419,0,0,0
07.401.436/0001-31,2025-09-30,1,1525558419,0,0,0
07.401.436/0001-31,2025-12-31,1,1525558419,0,0,0
07.401.436/0001-31,2026-03-31,1,1525558419,0,0,0
07.401.436/0001-31,2026-06-30,1,1525558419,0,0,0
07.415.333/0001-20,2020-03-31,1,107491070,0,0,0
07.415.333/0001-20,2020-06-30,2,107491070,0,0,0
07.415.333/0001-20,2020-09-30,1,206032081,0,192700,0
07.415.333/0001-20,2020-12-31,2,205817879,0,347813,0
07.415.333/0001-20,2021-03-31,1,205961076,0,5991639,0
07.415.333/0001-20,2021-06-30,1,826081544,0,24344404,0
07.415.333/0001-20,2021-09-30,1,814111422,0,12365126,0
07.415.333/0001-20,2021-12-31,3,837122143,0,12365126,0
07.415.333/0001-20,2022-03-31,1,837122143,0,12365134,0
07.415.333/0001-20,2022-06-30,1,838407909,0,10900824,0
07.415.333/0001-20,2022-09-30,1,838407909,0,12186612,0
07.415.333/0001-20,2022-12-31,1,838407909,0,12217698,0
07.415.333/0001-20,2023-03-31,2,838407909,0,12217698,0
07.415.333/0001-20,2023-06-30,1,838407909,0,11366364,0
07.415.333/0001-20,2023-09-30,1,838407909,0,11366364,0
07.415.333/0001-20,2023-12-31,1,838407909,0,11366364,0
07.415.333/0001-20,2024-03-31,1,873040533,0,11369714,0
07.415.333/0001-20,2024-06-30,1,873040533,0,10961454,0
07.415.333/0001-20,2024-09-30,1,873040533,0,11014390,0
07.415.333/0001-20,2024-12-31,2,873040533,0,13080182,0
07.415.333/0001-20,2025-03-31,1,873040533,0,19530982,0
07.415.333/0001-20,2025-06-30,1,873040533,0,19445017,0
07.415.333/0001-20,2025-09-30,1,873040533,0,19445017,0
07.415.333/0001-20,2025-12-31,1,873040533,0,19445017,0
07.415.333/0001-20,2026-03-31,1,426797757,0,0,0
07.415.333/0001-20,2026-06-30,1,583759291,0,0,0
07.437.016/0001-05,2020-03-31,1,30969063,0,0,0
07.437.016/0001-05,2020-06-30,1,30969063,0,0,0
07.437.016/0001-05,2020-09-30,1,30969063,0,0,0
07.437.016/0001-05,2020-12-31,1,30969063,0,0,0
07.437.016/0001-05,2021-03-31,1,30969063,0,0,0
07.437.016/0001-05,2021-06-30,1,30969063,0,0,0
07.437.016/0001-05,2021-09-30,1,30969063,0,0,0
07.437.016/0001-05,2021-12-31,2,30969063,0,0,0
07.437.016/0001-05,2022-03-31,1,30969063,0,0,0
07.437.016/0001-05,2022-06-30,1,30969063,0,0,0
07.437.016/0001-05,2022-09-30,1,30969063,0,0,0
07.437.016/0001-05,2022-12-31,1,30969063,0,0,0
07.437.016/0001-05,2023-03-31,1,30969063,0,0,0
07.437.016/0001-05,2023-06-30,1,30969063,0,30959063,0
07.526.557/0001-00,2020-03-31,2,15735118,0,2032,0
07.526.557/0001-00,2020-06-30,1,15735118,0,2040,0
07.526.557/0001-00,2020-09-30,1,15735118,0,1688,0
07.526.557/0001-00,2020-12-31,1,15735118,0,203,0
07.526.557/0001-00,2021-03-31,1,15739243,0,2230,0
07.526.557/0001-00,2021-06-30,2,15741455,0,4294,0
07.526.557/0001-00,2021-09-30,2,15741455,0,4300,0
07.526.557/0001-00,2021-12-31,1,15744452,0,5783,0
07.526.557/0001-00,2022-03-31,1,15750217,0,5331,0
07.526.557/0001-00,2022-06-30,1,15750217,0,8603,0
07.526.557/0001-00,2022-09-30,1,15750217,0,8643,0
07.526.557/0001-00,2022-12-31,1,15750217,0,8482,0
07.526.557/0001-00,2023-03-31,1,15753833,0,7859,0
07.526.557/0001-00,2023-06-30,2,15753833,0,7144,0
07.526.557/0001-00,2023-09-30,1,15753833,0,10858,0
07.526.557/0001-00,2023-12-31,1,15753833,0,4384,0
07.526.557/0001-00,2024-03-31,1,15757657,0,10013,0
07.526.557/0001-00,2024-06-30,1,15757657,0,31475,0
07.526.557/0001-00,2024-09-30,1,15757657,0,29482,0
07.526.557/0001-00,2024-12-31,1,15757657,0,29807,0
07.526.557/0001-00,2025-03-31,1,15761639,0,114474,0
07.526.557/0001-00,2025-06-30,1,15761639,0,169429,0
07.526.557/0001-00,2025-09-30,1,15761639,0,169205,0
07.526.557/0001-00,2025-12-31,1,15761639,0,145113,0
07.526.557/0001-00,2026-03-31,1,15763665,0,166971,0
07.526.557/0001-00,2026-06-30,1,15763665,0,310870,0
07.587.384/0001-30,2020-03-31,1,699,0,0,0
07.587.384/0001-30,2020-06-30,1,699,0,0,0
07.587.384/0001-30,2020-09-30,1,699,0,0,0
07.587.384/0001-30,2020-12-31,1,699,0,0,0
07.587.384/0001-30,2021-03-31,1,699,0,0,0
07.587.384/0001-30,2021-06-30,3,699,0,0,0
07.587.384/0001-30,2021-09-30,1,699,0,0,0
07.587.384/0001-30,2021-12-31,1,699,0,0,0
07.587.384/0001-30,2022-03-31,2,699,0,0,0
07.587.384/0001-30,2022-06-30,1,699,0,0,0
07.587.384/0001-30,2022-09-30,1,699,0,0,0
07.594.978/0001-78,2020-03-31,2,14712,6464,0,0
07.594.978/0001-78,2020-06-30,1,14602,6464,0,0
07.594.978/0001-78,2020-09-30,1,14602,6464,0,0
07.594.978/0001-78,2020-12-31,1,14601,7681,0,0
07.594.978/0001-78,2021-03-31,2,14601,7681,0,0
07.594.978/0001-78,2021-06-30,1,14601,7681,0,0
07.594.978/0001-78,2021-09-30,3,586242289,0,0,0
07.594.978/0001-78,2021-12-31,2,586242289,0,0,0
07.594.978/0001-78,2022-03-31,1,586242289,0,0,0
07.594.978/0001-78,2022-06-30,1,586242289,0,0,0
07.594.978/0001-78,2022-09-30,1,586242289,0,0,0
07.594.978/0001-78,2022-12-31,2,586242289,0,0,0
07.594.978/0001-78,2023-03-31,1,586242289,0,0,0
07.594.978/0001-78,2023-06-30,1,586242289,0,0,0
07.594.978/0001-78,2023-09-30,1,586242289,0,0,0
07.594.978/0001-78,2023-12-31,1,586242289,0,0,0
07.594.978/0001-78,2024-03-31,1,586242289,0,0,0
07.594.978/0001-78,2024-06-30,1,586242289,0,0,0
07.594.978/0001-78,2024-09-30,1,586242289,0,0,0
07.594.978/0001-78,2024-12-31,1,586242289,0,0,0
07.594.978/0001-78,2025-03-31,1,597250053,0,0,0
07.594.978/0001-78,2025-06-30,1,597250053,0,0,0
07.594.978/0001-78,2025-09-30,1,597250053,0,0,0
07.594.978/0001-78,2025-12-31,1,597250053,0,2788,0
07.594.978/0001-78,2026-03-31,1,616129844,0,2459388,0
07.594.978/0001-78,2026-06-30,2,616129844,0,2419306,0
07.628.528/0001-59,2020-03-31,1,62104301,0,2761820,0
07.628.528/0001-59,2020-06-30,1,62104301,0,2761820,0
07.628.528/0001-59,2020-09-30,1,62104301,0,2761820,0
07.628.528/0001-59,2020-12-31,1,62104301,0,3185087,0
07.628.528/0001-59,2021-03-31,1,82104301,0,3185087,0
07.628.528/0001-59,2021-06-30,1,102377008,0,3185087,0
07.628.528/0001-59,2021-09-30,2,102377008,0,3185087,0
07.628.528/0001-59,2021-12-31,1,102377008,0,3185087,0
07.628.528/0001-59,2022-03-31,2,102377008,0,3185087,0
07.628.528/0001-59,2022-06-30,2,102377009,0,3533499,0
07.628.528/0001-59,2022-09-30,2,102377008,0,3571179,0
07.628.528/0001-59,2022-12-31,2,102377008,0,3571179,0
07.628.528/0001-59,2023-03-31,1,102377008,0,3571179,0
07.628.528/0001-59,2023-06-30,1,102377008,0,3571179,0
07.628.528/0001-59,2023-09-30,1,102683444,0,3067987,0
07.628.528/0001-59,2023-12-31,1,102683444,0,3067987,0
07.628.528/0001-59,2024-03-31,2,102683444,0,3067987,0
07.628.528/0001-59,2024-06-30,2,102683444,0,3067987,0
07.628.528/0001-59,2024-09-30,2,102683444,0,0,0
07.628.528/0001-59,2024-12-31,1,102683444,0,0,0
07.628.528/0001-59,2025-03-31,1,102683444,0,3067987,0
07.628.528/0001-59,2025-06-30,1,102683444,0,3067987,0
07.628.528/0001-59,2025-09-30,1,102683444,0,0,0
07.628.528/0001-59,2025-12-31,1,102683444,0,3067987,0
07.628.528/0001-59,2026-03-31,1,102683444,0,0,0
07.628.528/0001-59,2026-06-30,1,102683444,0,3067987,0
07.636.657/0001-99,2020-12-31,1,1032145,569690,400,363459
07.636.657/0001-99,2021-03-31,1,1032145,569690,400,363459
07.636.657/0001-99,2021-06-30,1,1032145,569690,400,363459
07.636.657/0001-99,2021-09-30,1,1032145,569690,400,363459
07.636.657/0001-99,2021-12-31,1,1032145,569690,400,363459
07.636.657/0001-99,2022-03-31,1,1032145,569690,400,363459
07.636.657/0001-99,2022-06-30,1,1032145,206231,0,0
07.636.657/0001-99,2022-09-30,1,1031745,206231,0,0
07.636.657/0001-99,2022-12-31,1,1031745,206231,0,0
07.636.657/0001-99,2023-03-31,1,1031745,206231,0,0
07.636.657/0001-99,2023-06-30,1,1031745,206231,0,0
07.636.657/0001-99,2023-09-30,1,1031745,206231,0,0
07.636.657/0001-99,2023-12-31,2,1031745,206231,0,0
07.636.657/0001-99,2024-03-31,2,1031745,206231,0,0
07.636.657/0001-99,2024-06-30,1,1031745,206231,0,0
07.636.657/0001-99,2024-09-30,1,1031745,206231,0,0
07.636.657/0001-99,2024-12-31,1,1031745,206231,0,0
07.636.657/0001-99,2025-03-31,1,1031745,206231,0,0
07.636.657/0001-99,2025-06-30,1,1031745,206231,0,0
07.636.657/0001-99,2025-09-30,1,1031745,206231,0,0
07.636.657/0001-99,2025-12-31,1,10317450,659115,0,0
07.636.657/0001-99,2026-03-31,1,1031745,659115,0,0
07.636.657/0001-99,2026-06-30,1,1031745,659115,0,0
07.659.538/0001-51,2020-03-31,1,334424,0,0,0
07.659.538/0001-51,2020-06-30,1,334424,0,0,0
07.659.538/0001-51,2020-09-30,1,334424,0,0,0
07.659.538/0001-51,2020-12-31,1,334424,0,0,0
07.659.538/0001-51,2021-03-31,1,334424,0,0,0
07.659.538/0001-51,2021-06-30,1,334424,0,0,0
07.659.538/0001-51,2021-09-30,1,334424,0,0,0
07.659.538/0001-51,2021-12-31,1,334424,0,0,0
07.659.538/0001-51,2022-03-31,1,334424,0,0,0
07.659.538/0001-51,2022-06-30,1,334424,0,0,0
07.659.538/0001-51,2022-09-30,1,334424,0,0,0
07.659.538/0001-51,2022-12-31,1,334424,0,0,0
07.659.538/0001-51,2023-03-31,1,334244,0,0,0
07.659.538/0001-51,2023-06-30,1,334424,0,0,0
07.659.538/0001-51,2023-09-30,1,334424,0,0,0
07.659.538/0001-51,2023-12-31,2,334424,0,0,0
07.659.538/0001-51,2024-03-31,1,334424,0,0,0
07.659.538/0001-51,2024-06-30,1,334424,0,0,0
07.659.538/0001-51,2024-09-30,1,334424,0,0,0
07.659.538/0001-51,2024-12-31,1,334424,0,0,0
07.659.538/0001-51,2025-03-31,2,334424,0,0,0
07.659.538/0001-51,2025-06-30,1,334424,0,0,0
07.659.538/0001-51,2025-09-30,1,334424,0,0,0
07.659.538/0001-51,2025-12-31,1,334424,0,0,0
07.659.538/0001-51,2026-03-31,1,334424,0,0,0
07.659.538/0001-51,2026-06-30,1,334424,0,0,0
07.682.638/0001-07,2023-12-31,1,74803517,74803517,0,0
07.682.638/0001-07,2024-03-31,1,74803571,74803571,0,0
07.682.638/0001-07,2024-06-30,1,74803571,74803571,0,0
07.682.638/0001-07,2024-09-30,1,74803571,74803571,0,0
07.682.638/0001-07,2024-12-31,1,74803571,74803517,0,0
07.682.638/0001-07,2025-03-31,1,74803571,74803571,0,0
07.682.638/0001-07,2025-06-30,1,74803571,74803571,0,0
07.682.638/0001-07,2025-09-30,1,74803571,74803571,0,0
07.682.638/0001-07,2025-12-31,1,74803571,74803571,0,0
07.682.638/0001-07,2026-03-31,1,74803571,74803571,0,0
07.682.638/0001-07,2026-06-30,1,74803571,74803571,0,0
07.689.002/0001-89,2020-03-31,1,740465,0,4292,0
07.689.002/0001-89,2020-06-30,1,740465,0,4292,0
07.689.002/0001-89,2020-09-30,1,740465,0,4292,0
07.689.002/0001-89,2020-12-31,1,740465,0,4292,0
07.689.002/0001-89,2021-03-31,1,740465,0,5832,0
07.689.002/0001-89,2021-06-30,1,740465,0,5832,0
07.689.002/0001-89,2021-09-30,1,740465,0,5832,0
07.689.002/0001-89,2021-12-31,1,740465,0,5832,0
07.689.002/0001-89,2022-03-31,1,740465,0,5832,0
07.689.002/0001-89,2022-06-30,2,740465,0,5832,0
07.689.002/0001-89,2022-09-30,1,740465,0,5832,0
07.689.002/0001-89,2022-12-31,1,740465,0,5832,0
07.689.002/0001-89,2023-03-31,1,740465,0,5832,0
07.689.002/0001-89,2023-06-30,1,740465,0,5832,0
07.689.002/0001-89,2023-09-30,1,740465,0,5832,0
07.689.002/0001-89,2023-12-31,1,740465,0,5832,0
07.689.002/0001-89,2024-03-31,1,740465,0,5832,0
07.689.002/0001-89,2024-06-30,1,740465,0,5832,0
07.689.002/0001-89,2024-09-30,1,740465,0,5832,0
07.689.002/0001-89,2024-12-31,1,740465,0,5832,0
07.689.002/0001-89,2025-03-31,1,740465,0,6899,0
07.689.002/0001-89,2025-06-30,2,740465,0,6899,0
07.689.002/0001-89,2025-09-30,1,714581,0,6899,0
07.689.002/0001-89,2025-12-31,1,740465,0,17699,0
07.689.002/0001-89,2026-03-31,1,740465,0,28632,0
07.689.002/0001-89,2026-06-30,1,740465,0,28632,0
07.704.246/0001-93,2020-12-31,1,88033592,0,0,0
07.704.246/0001-93,2021-03-31,1,88033592,0,0,0
07.704.246/0001-93,2021-06-30,1,88033592,0,0,0
07.704.246/0001-93,2021-09-30,1,88033592,0,0,0
07.704.246/0001-93,2021-12-31,2,88033592,0,0,0
07.704.246/0001-93,2022-03-31,1,88033592,0,0,0
07.704.246/0001-93,2022-06-30,1,88033592,0,0,0
07.704.246/0001-93,2022-09-30,1,88033592,0,0,0
07.704.246/0001-93,2022-12-31,1,88033592,0,0,0
07.704.246/0001-93,2023-03-31,1,88033592,0,0,0
07.704.246/0001-93,2023-06-30,2,88033592,0,1425176,0
07.704.246/0001-93,2023-09-30,1,88033592,0,1425176,0
07.704.246/0001-93,2023-12-31,1,86608416,0,0,0
07.704.246/0001-93,2024-03-31,1,86608416,0,0,0
07.714.104/0001-07,2023-12-31,1,150442670,0,0,0
07.714.104/0001-07,2024-03-31,1,150442670,0,0,0
07.714.104/0001-07,2024-06-30,1,150442670,0,0,0
07.714.104/0001-07,2024-09-30,1,150442670,0,0,0
07.714.104/0001-07,2024-12-31,1,150442670,0,0,0
07.714.104/0001-07,2025-03-31,1,150442670,0,0,0
07.714.104/0001-07,2025-06-30,1,150442670,0,0,0
07.714.104/0001-07,2025-09-30,1,150442670,0,0,0
07.714.104/0001-07,2025-12-31,1,150442670,0,0,0
07.714.104/0001-07,2026-03-31,1,150442670,0,0,0
07.714.104/0001-07,2026-06-30,1,150442670,0,0,0
07.718.269/0001-57,2020-03-31,1,50000,0,0,0
07.718.269/0001-57,2020-06-30,1,50000,0,0,0
07.718.269/0001-57,2020-09-30,1,50000,0,0,0
07.718.269/0001-57,2020-12-31,1,50000,0,0,0
07.718.269/0001-57,2021-03-31,1,50000,0,0,0
07.718.269/0001-57,2021-06-30,1,50000,0,0,0
07.718.269/0001-57,2021-09-30,1,50000,0,0,0
07.718.269/0001-57,2021-12-31,1,50000,0,0,0
07.718.269/0001-57,2022-03-31,1,50000,0,0,0
07.718.269/0001-57,2022-06-30,1,50000,0,0,0
07.718.269/0001-57,2022-09-30,1,50000,0,0,0
07.718.269/0001-57,2022-12-31,2,50000,0,0,0
07.718.269/0001-57,2023-03-31,1,50000,0,0,0
07.718.269/0001-57,2023-06-30,1,50000,0,0,0
07.718.269/0001-57,2023-09-30,1,50000,0,0,0
07.718.269/0001-57,2023-12-31,2,50000,0,0,0
07.718.269/0001-57,2024-03-31,1,50000,0,0,0
07.718.269/0001-57,2024-06-30,1,10000,0,0,0
07.718.269/0001-57,2024-09-30,1,10000000,0,0,0
07.718.269/0001-57,2024-12-31,1,10000,0,0,0
07.802.794/0001-56,2020-12-31,1,362022509,0,0,0
07.802.794/0001-56,2021-03-31,1,362022509,0,0,0
07.802.794/0001-56,2021-06-30,1,362022509,0,0,0
07.802.794/0001-56,2021-09-30,1,362022509,0,0,0
07.802.794/0001-56,2021-12-31,1,217869008,0,0,0
07.802.794/0001-56,2022-03-31,1,217869008,0,0,0
07.802.794/0001-56,2022-06-30,1,217869008,0,0,0
07.802.794/0001-56,2022-09-30,1,217869008,0,0,0
07.802.794/0001-56,2022-12-31,1,217869008,0,0,0
07.802.794/0001-56,2023-03-31,1,217869008,0,0,0
07.802.794/0001-56,2023-06-30,1,217869008,0,0,0
07.802.794/0001-56,2023-09-30,1,217869008,0,0,0
07.802.794/0001-56,2023-12-31,1,195943349,0,0,0
07.802.794/0001-56,2024-03-31,1,203708524,0,0,0
07.802.794/0001-56,2024-06-30,1,203708524,0,0,0
07.802.794/0001-56,2024-09-30,1,203708524,0,0,0
07.802.794/0001-56,2024-12-31,1,203708524,0,0,0
07.802.794/0001-56,2025-03-31,1,203708524,0,0,0
07.802.794/0001-56,2025-06-30,1,22000000,0,0,0
07.802.794/0001-56,2025-09-30,2,22000000,0,0,0
07.802.794/0001-56,2025-12-31,1,22000000,0,0,0
07.802.794/0001-56,2026-03-31,1,22000000,0,0,0
07.802.794/0001-56,2026-06-30,1,22000000,0,0,0
07.816.890/0001-53,2020-03-31,1,565185834,35575041,2790903,0
07.816.890/0001-53,2020-06-30,1,565185834,35575041,2790903,0
07.816.890/0001-53,2020-09-30,1,565185834,35575041,4217845,0
07.816.890/0001-53,2020-12-31,1,565185834,35575041,7322845,0
07.816.890/0001-53,2021-03-31,1,565185834,35575041,7672845,0
07.816.890/0001-53,2021-06-30,1,565185834,35575041,7672845,0
07.816.890/0001-53,2021-09-30,1,556901610,35575041,8284224,0
07.816.890/0001-53,2021-12-31,1,565185834,35575041,9460101,0
07.816.890/0001-53,2022-03-31,2,565185834,35575041,12758101,0
07.816.890/0001-53,2022-06-30,1,565185834,35575041,14208101,0
07.816.890/0001-53,2022-09-30,1,565185834,35575041,14944386,0
07.816.890/0001-53,2022-12-31,1,565185834,35575041,15478895,0
07.816.890/0001-53,2023-03-31,3,565185834,35575041,15478895,0
07.816.890/0001-53,2023-06-30,1,565185834,35575041,16478895,0
07.816.890/0001-53,2023-09-30,2,600760875,0,18541392,0
07.816.890/0001-53,2023-12-31,1,600760875,0,18713710,0
07.816.890/0001-53,2024-03-31,1,600760875,0,19478024,0
07.816.890/0001-53,2024-06-30,2,600760875,0,23034924,0
07.816.890/0001-53,2024-09-30,1,578163701,0,400000,0
07.816.890/0001-53,2024-12-31,1,519163701,0,30485455,0
07.816.890/0001-53,2025-03-31,2,513163701,0,24615599,0
07.816.890/0001-53,2025-06-30,1,513163701,0,24615599,0
07.816.890/0001-53,2025-09-30,1,513163701,0,24561222,0
07.816.890/0001-53,2025-12-31,1,513163701,0,23835034,0
07.816.890/0001-53,2026-03-31,1,513163701,0,22755873,0
07.816.890/0001-53,2026-06-30,1,513163701,0,22117113,0
07.820.907/0001-46,2020-03-31,1,2422153,0,0,0
07.820.907/0001-46,2020-06-30,2,2422153,0,0,0
07.820.907/0001-46,2020-09-30,1,2422153,0,0,0
07.820.907/0001-46,2020-12-31,1,2422153,0,0,0
07.820.907/0001-46,2021-03-31,1,2422153,0,0,0
07.820.907/0001-46,2021-06-30,1,2422153,0,0,0
07.820.907/0001-46,2021-09-30,1,2422153,0,0,0
07.820.907/0001-46,2021-12-31,1,2422153,0,0,0
07.820.907/0001-46,2022-03-31,2,2422153,0,0,0
07.820.907/0001-46,2022-06-30,1,2422153,0,0,0
07.820.907/0001-46,2022-09-30,1,2422153,0,0,0
07.820.907/0001-46,2022-12-31,1,2422153,0,0,0
07.820.907/0001-46,2023-03-31,2,2422153,0,0,0
07.820.907/0001-46,2023-06-30,1,2422153,0,0,0
07.820.907/0001-46,2023-09-30,1,2422153,0,0,0
07.820.907/0001-46,2023-12-31,2,2422153,0,0,0
07.820.907/0001-46,2024-03-31,1,2422153,0,0,0
07.820.907/0001-46,2024-06-30,1,2422153,0,0,0
07.820.907/0001-46,2024-09-30,1,2422153,0,0,0
07.820.907/0001-46,2024-12-31,1,2422153,0,0,0
07.820.907/0001-46,2025-03-31,1,2422153,0,0,0
07.820.907/0001-46,2025-06-30,1,2422153,0,0,0
07.820.907/0001-46,2025-09-30,1,24221530,0,0,0
07.820.907/0001-46,2025-12-31,1,2422153,0,0,0
07.820.907/0001-46,2026-03-31,1,24221530,0,0,0
07.823.262/0001-03,2021-03-31,1,67717178,40991800,0,0
07.823.262/0001-03,2021-06-30,1,67717178,40991800,0,0
07.823.262/0001-03,2021-09-30,1,67717178,40991800,0,0
07.823.262/0001-03,2021-12-31,1,67717178,40991800,0,0
07.823.262/0001-03,2022-03-31,1,67717178,40991800,0,0
07.823.262/0001-03,2022-06-30,1,67717178,40991800,0,0
07.823.262/0001-03,2022-09-30,1,67717178,40991800,0,0
07.823.262/0001-03,2022-12-31,1,67717178,40991800,0,0
07.823.262/0001-03,2023-03-31,1,67717178,40991800,0,0
07.823.262/0001-03,2023-06-30,1,67717178,40991800,0,0
07.823.262/0001-03,2023-09-30,1,67717178,40991800,0,0
07.823.262/0001-03,2023-12-31,1,67717178,40991800,0,0
07.823.262/0001-03,2024-03-31,1,67717178,40991800,0,0
07.823.262/0001-03,2024-06-30,1,67717178,40991800,0,0
07.823.262/0001-03,2024-09-30,1,67717178,40991800,0,0
07.823.262/0001-03,2024-12-31,1,67717178,40991800,0,0
07.823.262/0001-03,2025-03-31,1,67717178,40991800,0,0
07.823.262/0001-03,2025-06-30,1,67717178,40991800,0,0
07.823.262/0001-03,2025-09-30,1,67717178,40991800,0,0
07.823.262/0001-03,2025-12-31,1,67717178,40991800,0,0
07.823.262/0001-03,2026-03-31,1,67717178,40991800,0,0
07.823.262/0001-03,2026-06-30,1,67717178,40991800,0,0
07.857.093/0001-14,2020-03-31,1,4353865,0,0,0
07.857.093/0001-14,2020-06-30,2,4353865,0,0,0
07.857.093/0001-14,2020-09-30,1,70742460,0,0,0
07.857.093/0001-14,2020-12-31,1,70742460,0,0,0
07.857.093/0001-14,2021-03-31,1,72559449,0,0,0
07.857.093/0001-14,2021-06-30,2,72559449,0,0,0
07.857.093/0001-14,2021-09-30,1,72121843,0,0,0
07.857.093/0001-14,2021-12-31,1,72244618,0,0,0
07.857.093/0001-14,2022-03-31,1,72627529,0,0,0
07.857.093/0001-14,2022-06-30,2,1763259,0,0,0
07.857.093/0001-14,2022-09-30,1,72007094,0,0,0
07.857.093/0001-14,2022-12-31,1,71946975,0,0,0
07.857.093/0001-14,2023-03-31,1,71946975,0,0,0
07.857.093/0001-14,2023-06-30,1,72173569,0,0,0
07.857.093/0001-14,2023-09-30,1,72173569,0,0,0
07.857.093/0001-14,2023-12-31,2,72256564,0,0,0
07.857.093/0001-14,2024-03-31,1,72237003,0,0,0
07.857.093/0001-14,2024-06-30,1,72398545,0,0,0
07.857.093/0001-14,2024-09-30,1,72372803,0,0,0
07.857.093/0001-14,2024-12-31,1,72399495,0,0,0
07.857.093/0001-14,2025-03-31,1,73189136,0,0,0
07.857.093/0001-14,2025-06-30,1,74529362,0,0,0
07.857.093/0001-14,2025-09-30,1,83534506,0,0,0
07.857.093/0001-14,2025-12-31,1,83554346,0,0,0
07.857.093/0001-14,2026-03-31,1,83789224,0,0,0
07.857.093/0001-14,2026-06-30,1,83836843,0,0,0
07.857.850/0001-50,2020-03-31,1,34424288,75321532,0,837512
07.857.850/0001-50,2020-06-30,1,34424288,75321532,0,4735975
07.857.850/0001-50,2020-09-30,1,75321532,34424288,0,4735975
07.857.850/0001-50,2020-12-31,1,34424288,75321532,4474800,0
07.857.850/0001-50,2021-03-31,1,34424288,75321532,0,837512
07.857.850/0001-50,2021-06-30,1,34424288,75321532,0,5122871
07.857.850/0001-50,2021-09-30,1,34424288,54063578,0,0
07.857.850/0001-50,2021-12-31,2,44785251,34424288,0,0
07.857.850/0001-50,2022-03-31,1,44785251,34424288,0,0
07.857.850/0001-50,2022-06-30,1,44785251,34424288,0,0
07.857.850/0001-50,2022-09-30,1,44785251,34424288,0,0
07.857.850/0001-50,2022-12-31,1,42975755,34424288,0,0
07.857.850/0001-50,2023-03-31,1,36145419,41254624,0,0
07.857.850/0001-50,2023-06-30,1,36145419,41524764,0,0
07.857.850/0001-50,2023-09-30,1,36145419,41524764,0,0
07.857.850/0001-50,2023-12-31,1,77670183,0,0,0
07.857.850/0001-50,2024-03-31,2,154963019,0,4995885,0
07.857.850/0001-50,2024-06-30,1,139458904,0,515798,0
07.857.850/0001-50,2024-09-30,1,130824582,0,8634322,0
07.857.850/0001-50,2024-12-31,1,139458904,0,0,0
07.857.850/0001-50,2025-03-31,1,142808867,0,0,0
07.857.850/0001-50,2025-06-30,1,139458904,0,0,0
07.859.510/0001-68,2020-03-31,1,107879979,0,0,0
07.859.510/0001-68,2020-06-30,1,107879979,0,0,0
07.859.510/0001-68,2020-09-30,1,107879979,0,0,0
07.859.510/0001-68,2020-12-31,1,107879979,0,0,0
07.859.510/0001-68,2021-03-31,1,107879979,0,0,0
07.859.510/0001-68,2021-06-30,1,107879979,0,0,0
07.859.510/0001-68,2021-09-30,1,107879979,0,0,0
07.859.510/0001-68,2021-12-31,1,107879979,0,0,0
07.859.510/0001-68,2022-03-31,1,107879979,0,0,0
07.859.510/0001-68,2022-06-30,1,107879979,0,0,0
07.859.510/0001-68,2022-09-30,1,107879979,0,0,0
07.859.510/0001-68,2022-12-31,1,107879979,0,0,0
07.859.510/0001-68,2023-03-31,1,107879979,0,0,0
07.859.510/0001-68,2023-06-30,1,107879979,0,0,0
07.859.510/0001-68,2023-09-30,1,107897979,0,0,0
07.859.971/0001-30,2020-03-31,1,590714,442783,0,0
07.859.971/0001-30,2020-06-30,1,590714,442783,0,0
07.859.971/0001-30,2020-09-30,1,590714,442783,0,0
07.859.971/0001-30,2020-12-31,1,590714,442783,0,0
07.859.971/0001-30,2021-03-31,1,590714,442783,0,0
07.859.971/0001-30,2021-06-30,1,590714,442783,0,0
07.859.971/0001-30,2021-09-30,1,590714,442783,0,0
07.859.971/0001-30,2021-12-31,2,590714,442783,0,0
07.859.971/0001-30,2022-03-31,1,590714,442783,0,0
07.859.971/0001-30,2022-06-30,1,590714,442783,0,0
07.859.971/0001-30,2022-09-30,1,590714,442783,0,0
07.859.971/0001-30,2022-12-31,1,590714,442783,0,0
07.859.971/0001-30,2023-03-31,1,590714,442783,0,0
07.859.971/0001-30,2023-06-30,1,590714,442783,0,0
07.859.971/0001-30,2023-09-30,1,590714,442783,0,0
07.859.971/0001-30,2023-12-31,1,590714,442783,0,0
07.859.971/0001-30,2024-03-31,1,590714,442783,0,0
07.859.971/0001-30,2024-06-30,2,590714,442783,0,0
07.859.971/0001-30,2024-09-30,1,590714,442783,0,0
07.859.971/0001-30,2024-12-31,1,590714,442783,0,0
07.859.971/0001-30,2025-03-31,1,590714,442783,0,0
07.859.971/0001-30,2025-06-30,1,590714,442783,0,0
07.859.971/0001-30,2025-09-30,1,590714,442783,0,0
07.859.971/0001-30,2025-12-31,1,590714,442783,0,0
07.859.971/0001-30,2026-03-31,1,590714,442783,0,0
07.859.971/0001-30,2026-06-30,1,590714,442783,0,0
07.882.930/0001-65,2020-03-31,3,105774820,0,0,0
07.882.930/0001-65,2020-06-30,2,105774820,0,0,0
07.882.930/0001-65,2020-09-30,1,105774820,0,0,0
07.882.930/0001-65,2020-12-31,1,105774820,0,0,0
07.882.930/0001-65,2021-03-31,1,105774820,0,0,0
07.882.930/0001-65,2021-06-30,2,105774820,0,0,0
07.882.930/0001-65,2021-09-30,1,105774820,0,0,0
07.882.930/0001-65,2021-12-31,1,105774820,0,0,0
07.882.930/0001-65,2022-03-31,1,105774820,0,0,0
07.882.930/0001-65,2022-06-30,1,105774820,0,0,0
07.882.930/0001-65,2022-09-30,1,105774820,0,0,0
07.882.930/0001-65,2022-12-31,1,105774820,0,0,0
07.882.930/0001-65,2023-03-31,1,105774820,0,0,0
07.882.930/0001-65,2023-06-30,1,105774820,0,0,0
07.882.930/0001-65,2023-09-30,1,105774820,0,0,0
07.882.930/0001-65,2023-12-31,1,105774820,0,0,0
07.882.930/0001-65,2024-03-31,1,105774820,0,0,0
07.882.930/0001-65,2024-06-30,1,105774820,0,0,0
07.882.930/0001-65,2024-09-30,1,105774820,0,0,0
07.882.930/0001-65,2024-12-31,1,105774820,0,0,0
07.882.930/0001-65,2025-03-31,1,105774820,0,0,0
07.882.930/0001-65,2025-06-30,1,105774820,0,0,0
07.882.930/0001-65,2025-09-30,1,105774820,0,0,0
07.882.930/0001-65,2025-12-31,1,105774820,0,0,0
07.882.930/0001-65,2026-03-31,1,105774820,0,0,0
07.882.930/0001-65,2026-06-30,1,105774820,0,0,0
07.950.674/0001-04,2020-03-31,1,1701,0,0,0
07.950.674/0001-04,2020-06-30,1,1701,0,0,0
07.950.674/0001-04,2020-09-30,1,1701,0,0,0
07.950.674/0001-04,2020-12-31,1,1701229,0,0,0
07.950.674/0001-04,2021-03-31,1,1701,0,0,0
07.950.674/0001-04,2021-06-30,1,1701,0,0,0
07.950.674/0001-04,2021-09-30,1,1701,0,0,0
07.950.674/0001-04,2021-12-31,1,1701229,0,0,0
07.950.674/0001-04,2022-03-31,1,1701,0,0,0
07.950.674/0001-04,2022-06-30,1,1701,0,0,0
07.950.674/0001-04,2022-09-30,1,1701,0,0,0
07.950.674/0001-04,2022-12-31,1,1701229,0,0,0
07.976.147/0001-60,2020-12-31,1,3396249655,0,0,0
07.976.147/0001-60,2021-03-31,1,3396248655,0,0,0
07.976.147/0001-60,2021-06-30,1,3396249,0,0,0
07.976.147/0001-60,2021-09-30,1,4187907155,0,0,0
07.976.147/0001-60,2021-12-31,1,4187908781,0,0,0
07.976.147/0001-60,2022-03-31,1,4187907781,0,0,0
07.976.147/0001-60,2022-06-30,1,4187907155,0,0,0
07.976.147/0001-60,2022-09-30,1,4187907155,0,0,0
07.976.147/0001-60,2022-12-31,1,4187907155,0,0,0
07.976.147/0001-60,2023-03-31,1,4187907155,0,0,0
07.976.147/0001-60,2023-06-30,1,4187907155,0,0,0
07.976.147/0001-60,2023-09-30,1,4187907155,0,0,0
07.976.147/0001-60,2023-12-31,1,7468002,0,0,0
07.976.147/0001-60,2024-03-31,1,7468002,0,0,0
07.976.147/0001-60,2024-06-30,1,7468002,0,0,0
07.976.147/0001-60,2024-09-30,1,7468003,0,0,0
08.065.557/0001-12,2020-03-31,1,736192,0,0,0
08.065.557/0001-12,2020-06-30,1,73619,0,0,0
08.065.557/0001-12,2020-09-30,1,73619,0,0,0
08.065.557/0001-12,2020-12-31,1,73619,0,0,0
08.065.557/0001-12,2021-03-31,1,73619,0,0,0
08.065.557/0001-12,2021-06-30,2,73619,0,0,0
08.065.557/0001-12,2021-09-30,1,73619,0,0,0
08.065.557/0001-12,2021-12-31,1,73619,0,0,0
08.065.557/0001-12,2022-03-31,1,73619,0,0,0
08.065.557/0001-12,2022-06-30,1,73619,0,0,0
08.065.557/0001-12,2022-09-30,1,73619,0,0,0
08.065.557/0001-12,2022-12-31,1,73619,0,0,0
08.065.557/0001-12,2023-03-31,1,73619,0,0,0
08.065.557/0001-12,2023-06-30,1,73619,0,0,0
08.065.557/0001-12,2023-09-30,1,73619,0,0,0
08.065.557/0001-12,2023-12-31,1,73619,0,0,0
08.065.557/0001-12,2024-03-31,1,73619,0,0,0
08.065.557/0001-12,2024-06-30,1,73619,0,0,0
08.065.557/0001-12,2024-09-30,1,73619,0,0,0
08.065.557/0001-12,2024-12-31,1,73619,0,0,0
08.065.557/0001-12,2025-03-31,1,73619,0,0,0
08.065.557/0001-12,2025-06-30,1,73619,0,0,0
08.065.557/0001-12,2025-09-30,1,73619,0,0,0
08.065.557/0001-12,2025-12-31,1,73619,0,0,0
08.065.557/0001-12,2026-03-31,1,73619,0,0,0
08.065.557/0001-12,2026-06-30,1,73619,0,0,0
08.070.508/0001-78,2020-03-31,1,7243283198,133342458,0,0
08.070.508/0001-78,2020-06-30,1,7243283198,133342458,0,0
08.070.508/0001-78,2020-09-30,2,7243283198,133342458,0,0
08.070.508/0001-78,2020-12-31,1,7243283198,133342458,0,0
08.070.508/0001-78,2021-03-31,1,7243283198,133342458,0,0
08.070.508/0001-78,2021-06-30,1,7243383199,0,0,0
08.070.508/0001-78,2021-09-30,1,13120614595,0,0,0
08.070.508/0001-78,2021-12-31,1,13120614595,0,0,0
08.070.508/0001-78,2022-03-31,1,13120614595,0,0,0
08.070.508/0001-78,2022-06-30,1,13120614595,0,0,0
08.070.508/0001-78,2022-09-30,1,13120614595,0,0,0
08.070.508/0001-78,2022-12-31,1,20588374701,0,0,0
08.070.508/0001-78,2023-03-31,1,20588374701,0,0,0
08.070.508/0001-78,2023-06-30,1,20588374701,0,0,0
08.070.508/0001-78,2023-09-30,1,20588374701,0,0,0
08.070.508/0001-78,2023-12-31,1,20588374701,0,0,0
08.070.508/0001-78,2024-03-31,1,20588374701,0,0,0
08.070.508/0001-78,2024-06-30,1,20588374701,0,0,0
08.070.508/0001-78,2024-09-30,1,20588374701,0,0,0
08.070.508/0001-78,2024-12-31,1,22322879019,0,0,0
08.070.508/0001-78,2025-03-31,1,22322879019,0,0,0
08.070.508/0001-78,2025-06-30,1,22322879019,0,0,0
08.070.508/0001-78,2025-09-30,1,22322879019,0,0,0
08.070.508/0001-78,2025-12-31,1,22322879019,0,0,0
08.070.508/0001-78,2026-03-31,1,22322879019,0,0,0
08.070.508/0001-78,2026-06-30,1,22322879019,0,0,0
08.078.847/0001-09,2020-03-31,1,147555,0,0,0
08.078.847/0001-09,2020-06-30,1,147555,0,0,0
08.078.847/0001-09,2020-09-30,1,147555,0,0,0
08.078.847/0001-09,2020-12-31,1,147555,0,0,0
08.078.847/0001-09,2021-03-31,1,147555,0,0,0
08.078.847/0001-09,2021-06-30,1,147555,0,0,0
08.078.847/0001-09,2021-09-30,2,145545,0,2010,0
08.078.847/0001-09,2021-12-31,1,140978,0,6577,0
08.078.847/0001-09,2022-03-31,2,147555,0,9997,0
08.078.847/0001-09,2022-06-30,1,147555,0,10267,0
08.078.847/0001-09,2022-09-30,1,147555,0,10267,0
08.078.847/0001-09,2022-12-31,1,147555,0,10267,0
08.078.847/0001-09,2023-03-31,1,147555,0,10267,0
08.078.847/0001-09,2023-06-30,1,147555,0,10267,0
08.078.847/0001-09,2023-09-30,1,147555,0,10267,0
08.078.847/0001-09,2023-12-31,1,147555,0,10267,0
08.078.847/0001-09,2024-03-31,2,147555,0,10267,0
08.078.847/0001-09,2024-06-30,1,147555,0,10267,0
08.078.847/0001-09,2024-09-30,1,147555,0,10267,0
08.078.847/0001-09,2024-12-31,1,147555,0,10267,0
08.078.847/0001-09,2025-03-31,1,147555,0,10267,0
08.078.847/0001-09,2025-06-30,1,147555,0,10267,0
08.078.847/0001-09,2025-09-30,1,147555,0,10267,0
08.078.847/0001-09,2025-12-31,1,147555,0,10267,0
08.078.847/0001-09,2026-03-31,1,147555,0,10267,0
08.078.847/0001-09,2026-06-30,1,147555,0,10267,0
08.100.057/0001-74,2023-12-31,1,17554648,1000,0,0
08.100.057/0001-74,2024-03-31,1,17554648,1000,0,0
08.100.057/0001-74,2024-06-30,1,17554648,1000,0,0
08.100.057/0001-74,2024-09-30,1,17554648,1000,0,0
08.100.057/0001-74,2024-12-31,1,17554648,1000,0,0
08.100.057/0001-74,2025-03-31,1,17554648,1000,0,0
08.100.057/0001-74,2025-06-30,1,17554648,1000,0,0
08.100.057/0001-74,2025-09-30,1,17555648,0,0,0
08.100.057/0001-74,2025-12-31,1,39352389,1000,0,0
08.100.057/0001-74,2026-03-31,1,39353389,0,0,0
08.100.057/0001-74,2026-06-30,1,39352389,1000,0,0
08.159.965/0001-33,2020-03-31,1,199192402,0,0,0
08.159.965/0001-33,2020-06-30,1,199192402,0,0,0
08.159.965/0001-33,2020-09-30,2,207017884,0,0,0
08.159.965/0001-33,2020-12-31,1,207017884,0,0,0
08.159.965/0001-33,2021-03-31,1,207017884,0,0,0
08.159.965/0001-33,2021-06-30,1,268734034,0,1448451,0
08.159.965/0001-33,2021-09-30,1,426355971,0,1448451,0
08.159.965/0001-33,2021-12-31,1,426355971,0,1448451,0
08.159.965/0001-33,2022-03-31,3,427804422,0,1448451,0
08.159.965/0001-33,2022-06-30,3,427804422,0,1448451,0
08.159.965/0001-33,2022-09-30,2,427804422,0,1448451,0
08.159.965/0001-33,2022-12-31,5,427804422,0,1448451,0
08.159.965/0001-33,2023-03-31,1,427804422,0,1448451,0
08.159.965/0001-33,2023-06-30,3,427804422,0,1448451,0
08.159.965/0001-33,2023-09-30,1,427804422,0,1448451,0
08.159.965/0001-33,2023-12-31,1,427804422,0,1448451,0
08.159.965/0001-33,2024-03-31,1,427804422,0,1448451,0
08.159.965/0001-33,2024-06-30,1,427804422,0,1448451,0
08.159.965/0001-33,2024-09-30,1,427804422,0,1448451,0
08.159.965/0001-33,2024-12-31,1,558072622,0,1448451,0
08.159.965/0001-33,2025-03-31,1,558072622,0,1448451,0
08.159.965/0001-33,2025-06-30,1,558072622,0,1448451,0
08.159.965/0001-33,2025-09-30,2,558176805,0,1552634,0
08.159.965/0001-33,2025-12-31,1,558176805,0,1552634,0
08.159.965/0001-33,2026-03-31,1,558176805,0,1552634,0
08.159.965/0001-33,2026-06-30,1,608718318,0,1552634,0
08.170.849/0001-15,2020-12-31,1,28249338,0,0,0
08.170.849/0001-15,2021-03-31,1,28249338,0,0,0
08.170.849/0001-15,2021-06-30,1,56534,0,0,0
08.170.849/0001-15,2021-09-30,1,56533686,0,0,0
08.170.849/0001-15,2021-12-31,1,86992026,0,0,0
08.170.849/0001-15,2022-03-31,1,274879026,0,0,0
08.170.849/0001-15,2022-06-30,1,87179913,0,0,0
08.170.849/0001-15,2022-09-30,2,87180,0,0,0
08.170.849/0001-15,2022-12-31,2,87267,0,0,0
08.170.849/0001-15,2023-03-31,1,115208,0,0,0
08.170.849/0001-15,2023-06-30,1,115243,0,0,0
08.170.849/0001-15,2023-09-30,1,115243,0,0,0
08.170.849/0001-15,2023-12-31,2,115265345,0,0,0
08.170.849/0001-15,2024-03-31,1,115471,0,137,0
08.170.849/0001-15,2024-06-30,1,115500,0,143,0
08.170.849/0001-15,2024-09-30,1,115534,0,121,0
08.170.849/0001-15,2024-12-31,2,115625360,0,116094,0
08.170.849/0001-15,2025-03-31,1,115866340,0,116094,0
08.170.849/0001-15,2025-06-30,1,115878010,0,22228,0
08.170.849/0001-15,2025-09-30,1,115907185,0,14619,0
08.170.849/0001-15,2025-12-31,1,115965768,0,12471,0
08.170.849/0001-15,2026-03-31,1,116217243,0,12054,0
08.170.849/0001-15,2026-06-30,1,116217243,0,6590,0
08.213.823/0001-07,2020-12-31,1,132629690,0,0,0
08.213.823/0001-07,2021-03-31,1,137909166,0,0,0
08.213.823/0001-07,2021-06-30,1,137909166,0,0,0
08.213.823/0001-07,2021-09-30,1,137909166,0,0,0
08.213.823/0001-07,2021-12-31,1,132629690,0,0,0
08.213.823/0001-07,2022-03-31,1,137909166,0,0,0
08.213.823/0001-07,2022-06-30,1,137909166,0,0,0
08.213.823/0001-07,2022-09-30,1,137909166,0,0,0
08.213.823/0001-07,2022-12-31,1,137909166,0,0,0
08.213.823/0001-07,2023-03-31,1,137909166,0,0,0
08.213.823/0001-07,2023-06-30,1,137909166,0,0,0
08.213.823/0001-07,2023-09-30,1,137909166,0,0,0
08.213.823/0001-07,2023-12-31,1,137909166,0,0,0
08.213.823/0001-07,2024-03-31,1,137909166,0,0,0
08.213.823/0001-07,2024-06-30,1,137909166,0,0,0
08.213.823/0001-07,2024-09-30,1,137909166,0,0,0
08.213.823/0001-07,2024-12-31,1,137909166,0,0,0
08.213.823/0001-07,2025-03-31,1,137909166,0,0,0
08.213.823/0001-07,2025-06-30,1,137909166,0,0,0
08.213.823/0001-07,2025-09-30,1,137909166,0,0,0
08.213.823/0001-07,2025-12-31,1,137909166,0,0,0
08.213.823/0001-07,2026-03-31,1,137909166,0,0,0
08.213.823/0001-07,2026-06-30,1,137909166,0,0,0
08.262.121/0001-13,2022-12-31,1,87114193,0,0,0
08.262.121/0001-13,2023-03-31,1,87114193,0,0,0
08.262.121/0001-13,2023-06-30,1,87114193,0,0,0
08.262.121/0001-13,2023-09-30,1,87114193,0,0,0
08.262.121/0001-13,2023-12-31,1,87114193,0,0,0
08.262.121/0001-13,2024-03-31,1,87114193,0,0,0
08.262.121/0001-13,2024-06-30,1,87114193,0,0,0
08.262.121/0001-13,2024-09-30,1,87114193,0,0,0
08.262.121/0001-13,2024-12-31,1,87114193,0,0,0
08.262.121/0001-13,2025-03-31,1,87114193,0,0,0
08.262.121/0001-13,2025-06-30,1,87114193,0,0,0
08.262.121/0001-13,2025-09-30,1,87114193,0,0,0
08.262.121/0001-13,2025-12-31,1,87114193,0,0,0
08.262.121/0001-13,2026-03-31,1,87114193,0,0,0
08.262.121/0001-13,2026-06-30,1,87114193,0,0,0
08.294.224/0001-65,2020-03-31,1,641241829,0,0,0
08.294.224/0001-65,2020-06-30,1,641241829,0,0,0
08.294.224/0001-65,2020-09-30,1,685530641,0,367700,0
08.294.224/0001-65,2020-12-31,1,684810641,0,2800000,0
08.294.224/0001-65,2021-03-31,1,689024353,0,2800000,0
08.294.224/0001-65,2021-06-30,2,689024353,0,2800000,0
08.294.224/0001-65,2021-09-30,1,686224353,0,4800000,0
08.294.224/0001-65,2021-12-31,1,686224353,0,4921188,0
08.294.224/0001-65,2022-03-31,1,686224353,0,7803241,0
08.294.224/0001-65,2022-06-30,1,679328541,0,907429,0
08.294.224/0001-65,2022-09-30,1,680028981,0,16078690,0
08.294.224/0001-65,2022-12-31,2,679328541,0,2915869,0
08.294.224/0001-65,2023-03-31,1,679328541,0,1408026,0
08.294.224/0001-65,2023-06-30,1,679328541,0,1408026,0
08.294.224/0001-65,2023-09-30,1,679328541,0,1408026,0
08.294.224/0001-65,2023-12-31,1,679328541,0,1408026,0
08.294.224/0001-65,2024-03-31,1,679328541,0,3335852,0
08.294.224/0001-65,2024-06-30,1,679328541,0,3335852,0
08.294.224/0001-65,2024-09-30,1,679328541,0,3335852,0
08.294.224/0001-65,2024-12-31,1,679328541,0,3637400,0
08.294.224/0001-65,2025-03-31,1,681322756,0,11942752,0
08.294.224/0001-65,2025-06-30,1,681322756,0,12758452,0
08.294.224/0001-65,2025-09-30,1,681322756,0,15043952,0
08.294.224/0001-65,2025-12-31,1,681322756,0,15043952,0
08.294.224/0001-65,2026-03-31,1,681322756,0,15043952,0
08.294.224/0001-65,2026-06-30,1,683756108,0,21006552,0
08.312.229/0001-73,2020-03-31,2,227000000,0,0,0
08.312.229/0001-73,2020-06-30,2,227000000,0,0,0
08.312.229/0001-73,2020-09-30,2,227000000,0,0,0
08.312.229/0001-73,2020-12-31,1,200000000,0,0,0
08.312.229/0001-73,2021-03-31,1,227000000,0,0,0
08.312.229/0001-73,2021-06-30,1,227000000,0,0,0
08.312.229/0001-73,2021-09-30,1,227000000,0,1642600,0
08.312.229/0001-73,2021-12-31,1,227000000,0,5035897,0
08.312.229/0001-73,2022-03-31,1,227000000,0,5085897,0
08.312.229/0001-73,2022-06-30,1,220989103,0,2700400,0
08.312.229/0001-73,2022-09-30,1,220989103,0,2863400,0
08.312.229/0001-73,2022-12-31,2,220989103,0,2863400,0
08.312.229/0001-73,2023-03-31,1,220989103,0,2863400,0
08.312.229/0001-73,2023-06-30,1,220989103,0,2863400,0
08.312.229/0001-73,2023-09-30,1,220989103,0,2863400,0
08.312.229/0001-73,2023-12-31,2,220989103,0,2863400,0
08.312.229/0001-73,2024-03-31,1,220989103,0,2863400,0
08.312.229/0001-73,2024-06-30,1,220989103,0,2863400,0
08.312.229/0001-73,2024-09-30,1,220989103,0,2863400,0
08.312.229/0001-73,2024-12-31,1,220989103,0,2863400,0
08.312.229/0001-73,2025-03-31,1,220989103,0,2863400,0
08.312.229/0001-73,2025-06-30,1,220989103,0,2863400,0
08.312.229/0001-73,2025-09-30,1,220989103,0,2863400,0
08.312.229/0001-73,2025-12-31,1,281000000,0,3640973,0
08.312.229/0001-73,2026-03-31,1,277359027,0,3640973,0
08.312.229/0001-73,2026-06-30,1,277359027,0,0,0
08.322.396/0001-03,2021-03-31,1,458277128,0,0,0
08.322.396/0001-03,2021-06-30,1,458277128,0,0,0
08.322.396/0001-03,2021-09-30,1,458277128,0,0,0
08.322.396/0001-03,2021-12-31,1,458277128,0,0,0
08.322.396/0001-03,2022-03-31,1,458277128,0,0,0
08.322.396/0001-03,2022-06-30,1,458277128,0,0,0
08.322.396/0001-03,2022-09-30,1,458277128,0,0,0
08.322.396/0001-03,2022-12-31,1,458277128,0,0,0
08.322.396/0001-03,2023-03-31,1,458277128,0,0,0
08.322.396/0001-03,2023-06-30,1,458277128,0,0,0
08.322.396/0001-03,2023-09-30,1,458277128,0,0,0
08.322.396/0001-03,2023-12-31,1,458277128,0,0,0
08.322.396/0001-03,2024-03-31,1,458277128,0,0,0
08.322.396/0001-03,2024-06-30,1,458277128,0,0,0
08.322.396/0001-03,2024-09-30,1,458277128,0,0,0
08.322.396/0001-03,2024-12-31,1,458277128,0,0,0
08.322.396/0001-03,2025-03-31,1,458277128,0,0,0
08.322.396/0001-03,2025-06-30,1,458277128,0,0,0
08.322.396/0001-03,2025-09-30,1,458277128,0,0,0
08.322.396/0001-03,2025-12-31,1,458277128,0,0,0
08.322.396/0001-03,2026-03-31,1,458277128,0,0,0
08.322.396/0001-03,2026-06-30,1,458277128,0,0,0
08.324.196/0001-81,2020-03-31,1,129746,38328,0,0
08.324.196/0001-81,2020-06-30,2,129746,38328,0,0
08.324.196/0001-81,2020-09-30,1,129746,38328,0,0
08.324.196/0001-81,2020-12-31,3,129746,38328,0,0
08.324.196/0001-81,2021-03-31,1,129746,38328,0,0
08.324.196/0001-81,2021-06-30,1,129746,38328,0,0
08.324.196/0001-81,2021-09-30,1,129746,38328,0,0
08.324.196/0001-81,2021-12-31,1,129746,38328,0,0
08.324.196/0001-81,2022-03-31,1,129746,38328,0,0
08.324.196/0001-81,2022-06-30,1,129746,38328,0,0
08.324.196/0001-81,2022-09-30,1,129746,38328,0,0
08.324.196/0001-81,2022-12-31,1,129746,38328,0,0
08.324.196/0001-81,2023-03-31,1,129746,38328,0,0
08.324.196/0001-81,2023-06-30,1,129746,38328,0,0
08.324.196/0001-81,2023-09-30,1,129746,38328,0,0
08.324.196/0001-81,2023-12-31,1,129746,38328,0,0
08.324.196/0001-81,2024-03-31,1,129746,38328,0,0
08.324.196/0001-81,2024-06-30,1,129746,38328,0,0
08.324.196/0001-81,2024-09-30,1,129092,38073,0,0
08.324.196/0001-81,2024-12-31,1,129092,38073,0,0
08.324.196/0001-81,2025-03-31,1,129092,38073,0,0
08.324.196/0001-81,2025-06-30,1,129092,38073,0,0
08.324.196/0001-81,2025-09-30,1,167165,0,0,0
08.324.196/0001-81,2025-12-31,1,167165,0,0,0
08.324.196/0001-81,2026-03-31,1,167165,0,0,0
08.324.196/0001-81,2026-06-30,1,167165,0,0,0
08.343.492/0001-20,2020-03-31,1,481954,0,1,0
08.343.492/0001-20,2020-06-30,2,481954,0,1,0
08.343.492/0001-20,2020-09-30,1,481954,0,1,0
08.343.492/0001-20,2020-12-31,1,481954,0,1,0
08.343.492/0001-20,2021-03-31,1,482875,0,1,0
08.343.492/0001-20,2021-06-30,1,482875,0,1,0
08.343.492/0001-20,2021-09-30,1,482875,0,1,0
08.343.492/0001-20,2021-12-31,2,482875,0,1,0
08.343.492/0001-20,2022-03-31,2,483233,0,1,0
08.343.492/0001-20,2022-06-30,2,483233,0,1,0
08.343.492/0001-20,2022-09-30,2,483233,0,1,0
08.343.492/0001-20,2022-12-31,2,483233,0,1,0
08.343.492/0001-20,2023-03-31,2,483233,0,1,0
08.343.492/0001-20,2023-06-30,1,483784,0,1,0
08.343.492/0001-20,2023-09-30,1,561971,0,1,0
08.343.492/0001-20,2023-12-31,1,561971,0,1,0
08.343.492/0001-20,2024-03-31,2,562827,0,1,0
08.343.492/0001-20,2024-06-30,1,562827,0,1,0
08.343.492/0001-20,2024-09-30,1,562827,0,1,0
08.343.492/0001-20,2024-12-31,1,562827,0,1,0
08.343.492/0001-20,2025-03-31,1,562827,0,1,0
08.343.492/0001-20,2025-06-30,1,562827,0,1,0
08.343.492/0001-20,2025-09-30,1,562827,0,1,0
08.343.492/0001-20,2025-12-31,1,562827,0,1,0
08.343.492/0001-20,2026-03-31,1,562836,0,1,0
08.343.492/0001-20,2026-06-30,1,562836,0,1,0
08.364.948/0001-38,2020-03-31,1,596955970,282155299,0,0
08.364.948/0001-38,2020-06-30,1,596955970,282155299,0,0
08.364.948/0001-38,2020-09-30,1,596955970,282155299,0,0
08.364.948/0001-38,2020-12-31,2,596955970,282155299,0,0
08.364.948/0001-38,2021-03-31,1,596955970,282155299,0,0
08.364.948/0001-38,2021-06-30,1,596955970,282155299,0,0
08.364.948/0001-38,2021-09-30,1,596955970,282155299,0,0
08.364.948/0001-38,2021-12-31,1,596955970,282155299,0,0
08.364.948/0001-38,2022-03-31,1,596955970,282155299,0,0
08.364.948/0001-38,2022-06-30,1,596955970,282155299,0,0
08.364.948/0001-38,2022-09-30,1,596955970,282155299,0,0
08.364.948/0001-38,2022-12-31,1,596955970,282155299,0,0
08.364.948/0001-38,2023-03-31,2,596955968,282155286,0,0
08.364.948/0001-38,2023-06-30,1,596955968,282155286,0,0
08.364.948/0001-38,2023-09-30,1,620834207,293441497,0,0
08.364.948/0001-38,2023-12-31,1,620834207,293441497,0,0
08.364.948/0001-38,2024-03-31,1,620834207,293441497,0,0
08.364.948/0001-38,2024-06-30,1,645667575,305179157,0,0
08.364.948/0001-38,2024-09-30,1,645667575,305179157,0,0
08.364.948/0001-38,2024-12-31,1,645667575,305179157,0,0
08.364.948/0001-38,2025-03-31,1,645667575,305179157,0,0
08.364.948/0001-38,2025-06-30,2,671494278,317386323,0,0
08.364.948/0001-38,2025-09-30,1,671494278,317386323,0,0
08.364.948/0001-38,2025-12-31,1,671494278,317386323,0,0
08.364.948/0001-38,2026-03-31,1,671494278,317386323,0,0
08.364.948/0001-38,2026-06-30,1,671494278,317386323,0,0
08.397.078/0001-01,2020-12-31,1,7116750,0,0,0
08.397.078/0001-01,2021-03-31,1,7116750,0,0,0
08.397.078/0001-01,2021-06-30,1,7116750,0,0,0
08.397.078/0001-01,2021-09-30,1,229371078,43385771,0,0
08.397.078/0001-01,2021-12-31,1,229371078,43385771,0,2017964
08.397.078/0001-01,2022-03-31,1,229371078,43385771,0,2017964
08.397.078/0001-01,2022-06-30,1,229371078,43385771,0,2017964
08.397.078/0001-01,2022-09-30,1,229371078,43385771,0,2017964
08.397.078/0001-01,2022-12-31,1,229371078,43385771,0,2017964
08.397.078/0001-01,2023-03-31,1,229371078,43385771,0,2017964
08.397.078/0001-01,2023-06-30,1,229371078,43385771,0,2017964
08.397.078/0001-01,2023-09-30,1,229371078,43385771,0,2017964
08.397.078/0001-01,2023-12-31,1,229371078,43385771,0,2017964
08.397.078/0001-01,2024-03-31,1,229371078,43385771,0,2017964
08.397.078/0001-01,2024-06-30,1,229371078,43385771,0,42458
08.397.078/0001-01,2024-09-30,1,229371078,43385771,0,42458
08.397.078/0001-01,2024-12-31,1,229371078,43385771,0,42458
08.397.078/0001-01,2025-03-31,1,229371078,43385771,0,42458
08.397.078/0001-01,2025-06-30,1,229371078,45361277,0,42458
08.397.078/0001-01,2025-09-30,1,229371078,45361277,0,42458
08.397.078/0001-01,2025-12-31,1,229371078,44986603,0,374674
08.397.078/0001-01,2026-03-31,2,229371078,44986603,0,374674
08.397.078/0001-01,2026-06-30,1,229371078,44986603,0,374674
08.402.943/0001-52,2020-03-31,1,499200000,0,2560,0
08.402.943/0001-52,2020-06-30,2,499200000,0,2560,0
08.402.943/0001-52,2020-09-30,1,499200000,0,2560,0
08.402.943/0001-52,2020-12-31,1,499200000,0,0,0
08.402.943/0001-52,2021-03-31,1,499200000,0,2560,0
08.402.943/0001-52,2021-06-30,1,499200000,0,2560,0
08.402.943/0001-52,2021-09-30,1,499200000,0,2560,0
08.402.943/0001-52,2021-12-31,1,499200000,0,2560,0
08.402.943/0001-52,2022-03-31,1,499200000,0,2560,0
08.402.943/0001-52,2022-06-30,1,499200000,0,2560,0
08.402.943/0001-52,2022-09-30,1,499200000,0,2560,0
08.402.943/0001-52,2022-12-31,1,499200000,0,2560,0
08.402.943/0001-52,2023-03-31,1,499200000,0,2560,0
08.402.943/0001-52,2023-06-30,1,499200000,0,2560,0
08.402.943/0001-52,2023-09-30,1,499200000,0,2560,0
08.402.943/0001-52,2023-12-31,1,499200000,0,2560,0
08.402.943/0001-52,2024-03-31,1,499200000,0,2560,0
08.402.943/0001-52,2024-06-30,1,499200000,0,2560,0
08.402.943/0001-52,2024-09-30,1,499200000,0,2560,0
08.402.943/0001-52,2024-12-31,1,499200000,0,2560,0
08.402.943/0001-52,2025-03-31,1,499200000,0,2560,0
08.402.943/0001-52,2025-06-30,1,499200000,0,2560,0
08.402.943/0001-52,2025-09-30,1,499200000,0,2560,0
08.402.943/0001-52,2025-12-31,1,500058238,0,2560,0
08.402.943/0001-52,2026-03-31,1,501591305,0,2560,0
08.402.943/0001-52,2026-06-30,1,502065599,0,2560,0
08.424.178/0001-71,2020-03-31,1,180894,1025897,0,0
08.424.178/0001-71,2020-06-30,1,180894,1025897,0,0
08.424.178/0001-71,2020-09-30,1,180894,1025897,0,0
08.424.178/0001-71,2020-12-31,1,180894,1025897,0,0
08.424.178/0001-71,2021-03-31,2,180894,1025897,0,0
08.424.178/0001-71,2021-06-30,2,180894,1025897,0,0
08.424.178/0001-71,2021-09-30,2,180894,1025897,0,0
08.424.178/0001-71,2021-12-31,2,180894,1025897,0,0
08.424.178/0001-71,2022-03-31,1,180894,1025897,0,0
08.424.178/0001-71,2022-06-30,1,180894,1025897,0,0
08.424.178/0001-71,2022-09-30,1,180894,1025897,0,0
08.424.178/0001-71,2022-12-31,1,180894,1025897,0,0
08.424.178/0001-71,2023-03-31,1,180894,1025897,0,0
08.424.178/0001-71,2023-06-30,1,180894,1025897,0,0
08.424.178/0001-71,2023-09-30,1,180894,1025897,0,0
08.424.178/0001-71,2023-12-31,1,180894,1025897,0,0
08.424.178/0001-71,2024-03-31,1,180894,1025897,0,0
08.424.178/0001-71,2024-06-30,1,180894,1025897,0,0
08.424.178/0001-71,2024-09-30,1,180894,1025897,0,0
08.424.178/0001-71,2024-12-31,2,180894,1025897,0,0
08.424.178/0001-71,2025-03-31,1,180894,1025897,0,0
08.424.178/0001-71,2025-06-30,2,180894,1025897,0,0
08.424.178/0001-71,2025-09-30,2,180894,1025897,0,0
08.424.178/0001-71,2025-12-31,2,180894,1025897,0,0
08.424.178/0001-71,2026-03-31,1,180894,1025897,0,0
08.424.178/0001-71,2026-06-30,1,180894,1025897,0,0
08.439.659/0001-50,2020-03-31,1,521315091,0,0,0
08.439.659/0001-50,2020-06-30,1,521315091,0,0,0
08.439.659/0001-50,2020-09-30,1,593782504,0,0,0
08.439.659/0001-50,2020-12-31,2,593782504,0,0,0
08.439.659/0001-50,2021-03-31,1,593782504,0,0,0
08.439.659/0001-50,2021-06-30,1,593782504,0,0,0
08.439.659/0001-50,2021-09-30,1,593782504,0,0,0
08.439.659/0001-50,2021-12-31,1,593782504,0,0,0
08.439.659/0001-50,2022-03-31,1,593782504,0,0,0
08.439.659/0001-50,2022-06-30,1,593782504,0,0,0
08.439.659/0001-50,2022-09-30,1,593782504,0,0,0
08.439.659/0001-50,2022-12-31,1,593782504,0,0,0
08.439.659/0001-50,2023-03-31,2,593782504,0,0,0
08.439.659/0001-50,2023-06-30,1,593782504,0,0,0
08.439.659/0001-50,2023-09-30,1,593782504,0,0,0
08.439.659/0001-50,2023-12-31,1,593782504,0,0,0
08.439.659/0001-50,2024-03-31,1,593782504,0,0,0
08.439.659/0001-50,2024-06-30,1,593782504,0,0,0
08.439.659/0001-50,2024-09-30,1,593782504,0,0,0
08.439.659/0001-50,2024-12-31,1,593782504,0,0,0
08.439.659/0001-50,2025-03-31,1,593782504,0,0,0
08.439.659/0001-50,2025-06-30,1,593782504,0,0,0
08.439.659/0001-50,2025-09-30,2,593782504,0,0,0
08.439.659/0001-50,2025-12-31,1,593782504,0,0,0
08.439.659/0001-50,2026-03-31,1,593782504,0,0,0
08.439.659/0001-50,2026-06-30,1,593782504,0,0,0
08.467.115/0001-00,2020-03-31,1,9516732,164014,0,0
08.467.115/0001-00,2020-06-30,1,9516732,164014,0,0
08.467.115/0001-00,2020-09-30,3,9516732,164014,0,0
08.467.115/0001-00,2020-12-31,1,9516732,164014,0,0
08.467.115/0001-00,2021-03-31,1,9516732,164014,0,0
08.467.115/0001-00,2021-06-30,1,9516732,164014,0,0
08.467.115/0001-00,2021-09-30,1,68090916,164014,0,0
08.467.115/0001-00,2021-12-31,2,68090916,164014,0,0
08.467.115/0001-00,2022-03-31,2,68090916,164014,0,0
08.467.115/0001-00,2022-06-30,1,68090916,164014,0,0
08.467.115/0001-00,2022-09-30,2,68090916,164014,0,0
08.467.115/0001-00,2022-12-31,1,68090916,164014,0,0
08.467.115/0001-00,2023-03-31,1,68090916,164014,0,0
08.467.115/0001-00,2023-06-30,2,68090916,164014,0,0
08.467.115/0001-00,2023-09-30,1,68090916,164014,0,0
08.467.115/0001-00,2023-12-31,1,68254930,0,0,0
08.467.115/0001-00,2024-03-31,1,68090916,164014,0,0
08.467.115/0001-00,2024-06-30,1,68090916,164014,0,0
08.467.115/0001-00,2024-09-30,1,68090916,164014,0,0
08.467.115/0001-00,2024-12-31,1,68254930,0,0,0
08.467.115/0001-00,2025-03-31,1,68254930,0,0,0
08.467.115/0001-00,2025-06-30,1,68090916,164014,0,0
08.467.115/0001-00,2025-09-30,1,68090916,164014,0,0
08.467.115/0001-00,2025-12-31,1,68090916,164014,0,0
08.467.115/0001-00,2026-03-31,1,68090916,164014,0,0
08.467.115/0001-00,2026-06-30,1,68090916,164014,0,0
08.493.364/0001-62,2020-03-31,3,1064082217,0,0,0
08.493.364/0001-62,2020-06-30,1,1064082217,0,0,0
08.493.364/0001-62,2020-09-30,1,1258416,0,0,0
08.493.364/0001-62,2020-12-31,1,1258416,0,0,0
08.493.364/0001-62,2021-03-31,1,1258415911,0,0,0
08.493.364/0001-62,2021-06-30,1,1258415911,0,0,0
08.493.364/0001-62,2021-09-30,1,1258415912,0,0,0
08.493.364/0001-62,2021-12-31,1,1258415912,0,0,0
08.493.364/0001-62,2022-03-31,1,1258415912,0,0,0
08.493.364/0001-62,2022-06-30,1,1258415912,0,0,0
08.493.364/0001-62,2022-09-30,1,1258415912,0,0,0
08.493.364/0001-62,2022-12-31,1,1258415912,0,0,0
08.493.364/0001-62,2023-03-31,1,12584159120,0,0,0
08.534.605/0001-74,2020-03-31,1,31352518,10367206,0,0
08.534.605/0001-74,2020-06-30,1,31352518,10367206,0,0
08.534.605/0001-74,2020-09-30,1,31352518,10367206,0,0
08.534.605/0001-74,2020-12-31,1,31352518,10367206,0,0
08.534.605/0001-74,2021-03-31,1,31352518,10367206,0,0
08.534.605/0001-74,2021-06-30,1,50854986,49287480,0,0
08.534.605/0001-74,2021-09-30,1,55521868,53958180,0,0
08.534.605/0001-74,2021-12-31,1,55521868,53958180,0,0
08.534.605/0001-74,2022-03-31,2,55521868,53958180,0,0
08.534.605/0001-74,2022-06-30,2,55521868,53958180,0,0
08.534.605/0001-74,2022-09-30,2,122073879,122073867,0,0
08.534.605/0001-74,2022-12-31,2,122073879,122073867,0,0
08.534.605/0001-74,2023-03-31,1,124741981,124741975,0,0
08.534.605/0001-74,2023-06-30,2,124741981,124741975,0,0
08.534.605/0001-74,2023-09-30,1,124741981,124741975,0,0
08.534.605/0001-74,2023-12-31,1,124741981,124741975,0,0
08.534.605/0001-74,2024-03-31,1,124741981,124741975,0,0
08.534.605/0001-74,2024-06-30,1,124741981,124741975,0,0
08.534.605/0001-74,2024-09-30,2,124741981,124741975,0,0
08.534.605/0001-74,2024-12-31,1,124741981,124741975,0,0
08.534.605/0001-74,2025-03-31,1,124741981,124741975,0,0
08.534.605/0001-74,2025-06-30,1,309812923,62370987,0,0
08.534.605/0001-74,2025-09-30,1,310743613,62370987,0,0
08.534.605/0001-74,2025-12-31,1,310743613,62370987,0,0
08.534.605/0001-74,2026-03-31,1,310743613,62370987,0,0
08.534.605/0001-74,2026-06-30,2,310743613,62370987,0,0
08.560.444/0001-93,2020-03-31,1,32774,0,0,0
08.560.444/0001-93,2020-06-30,1,77928,0,0,0
08.560.444/0001-93,2020-09-30,1,77928,0,0,0
08.560.444/0001-93,2020-12-31,2,77928,0,0,0
08.560.444/0001-93,2021-03-31,3,77928,0,0,0
08.560.444/0001-93,2021-06-30,2,77928,0,0,0
08.560.444/0001-93,2021-09-30,1,77928,0,0,0
08.560.444/0001-93,2021-12-31,2,77928,0,0,0
08.560.444/0001-93,2022-03-31,1,77928,0,0,0
08.560.444/0001-93,2022-06-30,1,77928,0,0,0
08.560.444/0001-93,2022-09-30,1,77928,0,0,0
08.560.444/0001-93,2022-12-31,1,77928,0,0,0
08.560.444/0001-93,2023-03-31,1,77928,0,0,0
08.560.444/0001-93,2023-06-30,1,77928,0,0,0
08.560.444/0001-93,2023-09-30,1,79676,0,0,0
08.560.444/0001-93,2023-12-31,1,79676,0,0,0
08.560.444/0001-93,2024-03-31,1,79676,0,0,0
08.560.444/0001-93,2024-06-30,1,79676,0,0,0
08.560.444/0001-93,2024-09-30,1,79676,0,0,0
08.560.444/0001-93,2024-12-31,2,79676,0,0,0
08.560.444/0001-93,2025-03-31,2,79676,0,0,0
08.560.444/0001-93,2025-06-30,1,79676,0,0,0
08.560.444/0001-93,2025-09-30,1,79676,0,0,0
08.560.444/0001-93,2025-12-31,1,79676,0,0,0
08.560.444/0001-93,2026-03-31,2,79676,0,0,0
08.560.444/0001-93,2026-06-30,1,79676,0,0,0
08.574.411/0001-00,2020-03-31,1,3355031,373242,0,0
08.574.411/0001-00,2020-06-30,1,3355031,373242,0,0
08.574.411/0001-00,2020-09-30,1,3355031,373242,0,0
08.574.411/0001-00,2020-12-31,3,3355031,373242,0,0
08.574.411/0001-00,2021-03-31,1,3355031,373242,0,0
08.574.411/0001-00,2021-06-30,1,3355031,373242,0,0
08.574.411/0001-00,2021-09-30,1,3355031,373242,0,0
08.574.411/0001-00,2021-12-31,1,3355031,373242,0,0
08.574.411/0001-00,2022-03-31,1,3355031,373242,0,0
08.574.411/0001-00,2022-06-30,1,3355031,373242,0,0
08.574.411/0001-00,2022-09-30,1,3355031,373242,0,0
08.574.411/0001-00,2022-12-31,2,3355031,373242,0,0
08.574.411/0001-00,2023-03-31,1,3355031,373242,0,0
08.574.411/0001-00,2023-06-30,1,3355031,373242,0,0
08.574.411/0001-00,2023-09-30,1,3355031,373242,0,0
08.574.411/0001-00,2023-12-31,1,3355031,0,0,0
08.574.411/0001-00,2024-03-31,1,3355031,0,0,0
08.574.411/0001-00,2024-06-30,1,3355035,0,0,0
08.574.411/0001-00,2024-09-30,1,3355035,0,0,0
08.574.411/0001-00,2024-12-31,1,3355031,0,0,0
08.574.411/0001-00,2025-03-31,1,33550310,0,0,0
08.574.411/0001-00,2025-06-30,1,3355031,0,0,0
08.574.411/0001-00,2025-09-30,1,3728273,0,0,0
08.574.411/0001-00,2025-12-31,1,3355031,0,0,0
08.574.411/0001-00,2026-03-31,2,3355031,0,0,0
08.574.411/0001-00,2026-06-30,1,3355031,0,0,0
08.613.550/0001-98,2020-03-31,1,36278,0,797,0
08.613.550/0001-98,2020-06-30,1,36278,0,797,0
08.613.550/0001-98,2020-09-30,1,36278,0,797,0
08.613.550/0001-98,2020-12-31,1,36278,0,797,0
08.613.550/0001-98,2021-03-31,1,78531,0,797,0
08.613.550/0001-98,2021-06-30,2,78531,0,590,0
08.613.550/0001-98,2021-09-30,1,78531,0,590,0
08.613.550/0001-98,2021-12-31,2,78531,0,590,0
08.613.550/0001-98,2022-03-31,1,78531,0,590,0
08.613.550/0001-98,2022-06-30,1,78531,0,590,0
08.613.550/0001-98,2022-09-30,1,78531824,0,5904280,0
08.613.550/0001-98,2022-12-31,2,2656,0,12,0
08.613.550/0001-98,2023-03-31,2,2644,0,12,0
08.613.550/0001-98,2023-06-30,3,2656,0,12,0
08.613.550/0001-98,2023-09-30,1,2656,0,12,0
08.613.550/0001-98,2023-12-31,2,2655569,0,11808,0
08.613.550/0001-98,2024-03-31,2,2656,0,12,0
08.613.550/0001-98,2024-06-30,3,2656,0,12,0
08.613.550/0001-98,2024-09-30,1,2644,0,12,0
08.613.550/0001-98,2024-12-31,3,2655,0,1,0
08.613.550/0001-98,2025-03-31,1,2656,0,1,0
08.613.550/0001-98,2025-06-30,1,2656,0,1,0
08.613.550/0001-98,2025-09-30,1,2655569,0,3,0
08.613.550/0001-98,2025-12-31,1,2655569,0,0,0
08.613.550/0001-98,2026-03-31,1,2655569,0,0,0
08.613.550/0001-98,2026-06-30,1,2655569,0,0,0
08.653.753/0001-08,2020-03-31,1,453440,0,0,0
08.764.621/0001-53,2020-03-31,1,1928769,0,53431,0
08.764.621/0001-53,2020-06-30,1,1928769,0,53431,0
08.764.621/0001-53,2020-09-30,1,1928769,0,53431,0
08.764.621/0001-53,2020-12-31,1,1928769,0,53431,0
08.764.621/0001-53,2021-03-31,1,1928769,0,53431,0
08.764.621/0001-53,2021-06-30,1,1928769,0,53431,0
08.764.621/0001-53,2021-09-30,1,1928769,0,53431,0
08.764.621/0001-53,2021-12-31,1,1928769,0,53431,0
08.764.621/0001-53,2022-03-31,1,1928769,0,53431,0
08.764.621/0001-53,2022-06-30,1,1928769,0,53431,0
08.764.621/0001-53,2022-09-30,1,1928769,0,53431,0
08.764.621/0001-53,2022-12-31,1,1928769,0,53431,0
08.764.621/0001-53,2023-03-31,1,1928769,0,53431,0
08.764.621/0001-53,2023-06-30,1,1928769,0,53431,0
08.764.621/0001-53,2023-09-30,1,1928769,0,53431,0
08.764.621/0001-53,2023-12-31,1,1928769,0,53431,0
08.764.621/0001-53,2024-03-31,1,1928769,0,53431,0
08.764.621/0001-53,2024-06-30,1,1928769,0,53431,0
08.764.621/0001-53,2024-09-30,1,1928769,0,53431,0
08.764.621/0001-53,2024-12-31,1,19028769,0,53431,0
08.764.621/0001-53,2025-03-31,1,19028769,0,53431,0
08.764.621/0001-53,2025-06-30,1,1928769,0,53431,0
08.764.621/0001-53,2025-09-30,1,1928769,0,53431,0
08.764.621/0001-53,2025-12-31,1,1928769,0,53431,0
08.764.621/0001-53,2026-03-31,1,1928769,0,53431,0
08.764.621/0001-53,2026-06-30,1,1928769,0,53431,0
08.769.451/0001-08,2020-03-31,1,5562985,0,0,0
08.769.451/0001-08,2020-06-30,1,5562985,0,0,0
08.769.451/0001-08,2020-09-30,1,5562985,0,0,0
08.769.451/0001-08,2020-12-31,1,5562985,0,0,0
08.769.451/0001-08,2021-03-31,1,5562985,0,0,0
08.769.451/0001-08,2021-06-30,1,5562985,0,0,0
08.769.451/0001-08,2021-09-30,1,5562985,0,0,0
08.769.451/0001-08,2021-12-31,1,5562985,0,0,0
08.769.451/0001-08,2022-03-31,1,5562985,0,0,0
08.769.451/0001-08,2022-06-30,1,27707305,0,0,0
08.769.451/0001-08,2022-09-30,1,27707305,0,0,0
08.769.451/0001-08,2022-12-31,1,35536642,0,0,0
08.769.451/0001-08,2023-03-31,1,35536642,0,0,0
08.769.451/0001-08,2023-06-30,1,35536642,0,0,0
08.769.451/0001-08,2023-09-30,1,35536642,0,0,0
08.769.451/0001-08,2023-12-31,1,35536642,0,0,0
08.769.451/0001-08,2024-03-31,1,35536642,0,0,0
08.769.451/0001-08,2024-06-30,1,35536642,0,0,0
08.769.451/0001-08,2024-09-30,1,35536642,0,0,0
08.769.451/0001-08,2024-12-31,1,35536642,0,0,0
08.773.135/0001-00,2020-03-31,1,113548407,0,0,0
08.773.135/0001-00,2020-06-30,1,113548407,0,0,0
08.773.135/0001-00,2020-09-30,1,113548407,0,0,0
08.773.135/0001-00,2020-12-31,1,113548407,0,0,0
08.773.135/0001-00,2021-03-31,1,113548407,0,0,0
08.773.135/0001-00,2021-06-30,1,113548407,0,0,0
08.773.135/0001-00,2021-09-30,1,113548407,0,0,0
08.773.135/0001-00,2021-12-31,2,113548,0,0,0
08.773.135/0001-00,2022-03-31,1,113548407,0,0,0
08.773.135/0001-00,2022-06-30,1,113548407,0,0,0
08.773.135/0001-00,2022-09-30,1,113548407,0,0,0
08.773.135/0001-00,2022-12-31,2,113548,0,0,0
08.773.135/0001-00,2023-03-31,2,113548,0,0,0
08.773.135/0001-00,2023-06-30,1,113548,0,0,0
08.773.135/0001-00,2023-09-30,1,113548,0,0,0
08.773.135/0001-00,2023-12-31,1,113548407,0,0,0
08.773.135/0001-00,2024-03-31,2,113548,0,0,0
08.773.135/0001-00,2024-06-30,2,113548,0,0,0
08.773.135/0001-00,2024-09-30,2,113548,0,0,0
08.773.135/0001-00,2024-12-31,2,113548,0,0,0
08.773.191/0001-36,2020-03-31,1,507692309,42307699,0,0
08.773.191/0001-36,2020-06-30,1,507692,42308,0,0
08.773.191/0001-36,2020-09-30,1,507692,42308,0,0
08.773.191/0001-36,2020-12-31,1,507692309,42307699,0,0
08.773.191/0001-36,2021-03-31,1,507692309,42307699,0,0
08.773.191/0001-36,2021-06-30,1,507692309,42307699,0,0
08.773.191/0001-36,2021-09-30,1,507692309,42307699,0,0
08.773.191/0001-36,2021-12-31,2,507692,42308,0,0
08.773.191/0001-36,2022-03-31,1,507692309,42307699,0,0
08.773.191/0001-36,2022-06-30,1,507692309,42307699,0,0
08.773.191/0001-36,2022-09-30,1,507692309,42307699,0,0
08.773.191/0001-36,2022-12-31,1,507692309,42307699,0,0
08.773.191/0001-36,2023-03-31,1,507692309,42307699,0,0
08.773.191/0001-36,2023-06-30,1,507692309,42307699,0,0
08.773.191/0001-36,2023-09-30,1,507692309,42307699,0,0
08.773.191/0001-36,2023-12-31,1,507692309,42307699,0,0
08.773.191/0001-36,2024-03-31,1,507692309,42307699,0,0
08.773.191/0001-36,2024-06-30,1,507692309,42307699,0,0
08.773.191/0001-36,2024-09-30,1,507692309,42307699,0,0
08.795.211/0001-70,2020-03-31,1,1733988,0,0,0
08.795.211/0001-70,2020-06-30,1,1733988,0,0,0
08.795.211/0001-70,2020-09-30,1,26009820,0,0,0
08.795.211/0001-70,2020-12-31,1,26009820,0,0,0
08.795.211/0001-70,2021-03-31,1,26009820,0,0,0
08.795.211/0001-70,2021-06-30,1,1733988,0,0,0
08.795.211/0001-70,2021-09-30,1,1733988,0,0,0
08.795.211/0001-70,2021-12-31,1,26009820,0,0,0
08.795.211/0001-70,2022-03-31,1,26009820,0,0,0
08.795.211/0001-70,2022-06-30,1,26009820,0,0,0
08.795.211/0001-70,2022-09-30,1,26009820,0,0,0
08.795.211/0001-70,2022-12-31,1,26009820,0,0,0
08.795.211/0001-70,2023-03-31,1,26009820,0,0,0
08.795.211/0001-70,2023-06-30,1,26009820,0,0,0
08.795.211/0001-70,2023-09-30,1,26009820,0,0,0
08.795.211/0001-70,2023-12-31,1,26009820,0,0,0
08.795.211/0001-70,2024-03-31,1,26009820,0,0,0
08.795.211/0001-70,2024-06-30,1,26009820,0,0,0
08.795.211/0001-70,2024-09-30,1,26009820,0,0,0
08.795.211/0001-70,2024-12-31,1,26009820,0,0,0
08.795.211/0001-70,2025-03-31,1,26009820,0,0,0
08.795.211/0001-70,2025-06-30,1,26009820,0,0,0
08.795.211/0001-70,2025-09-30,1,26009820,0,0,0
08.795.211/0001-70,2025-12-31,1,26009820,0,0,0
08.795.211/0001-70,2026-03-31,1,26009820,0,0,0
08.795.211/0001-70,2026-06-30,1,26009820,0,0,0
08.797.760/0001-83,2020-03-31,1,106846635,0,0,0
08.797.760/0001-83,2020-06-30,1,136846635,0,0,0
08.797.760/0001-83,2020-09-30,2,291875088,0,0,0
08.797.760/0001-83,2020-12-31,3,291875088,0,0,0
08.797.760/0001-83,2021-03-31,1,291875088,0,0,0
08.797.760/0001-83,2021-06-30,2,291875088,0,0,0
08.797.760/0001-83,2021-09-30,1,291875088,0,0,0
08.797.760/0001-83,2021-12-31,2,291875088,0,18600,0
08.797.760/0001-83,2022-03-31,1,291875088,0,811000,0
08.797.760/0001-83,2022-06-30,1,291875088,0,1990800,0
08.797.760/0001-83,2022-09-30,1,291875088,0,1990800,0
08.797.760/0001-83,2022-12-31,4,291875088,0,1990800,0
08.797.760/0001-83,2023-03-31,1,291875088,0,1990800,0
08.797.760/0001-83,2023-06-30,1,291875088,0,1990800,0
08.797.760/0001-83,2023-09-30,1,291875088,0,1990800,0
08.797.760/0001-83,2023-12-31,1,291875088,0,1990800,0
08.797.760/0001-83,2024-03-31,1,291875088,0,1990800,0
08.797.760/0001-83,2024-06-30,1,291875088,0,1990800,0
08.797.760/0001-83,2024-09-30,1,291875088,0,1990800,0
08.797.760/0001-83,2024-12-31,1,291875088,0,1990800,0
08.797.760/0001-83,2025-03-31,1,291875088,0,1990800,0
08.797.760/0001-83,2025-06-30,1,291875088,0,0,0
08.797.760/0001-83,2025-09-30,1,291875088,0,0,0
08.797.760/0001-83,2025-12-31,1,308047594,0,0,0
08.797.760/0001-83,2026-03-31,1,308047594,0,0,0
08.797.760/0001-83,2026-06-30,1,308047594,0,0,0
08.801.621/0001-86,2020-03-31,2,165114,0,1376,0
08.801.621/0001-86,2020-06-30,1,165114,0,6576,0
08.801.621/0001-86,2020-09-30,2,158582,0,4565,0
08.801.621/0001-86,2020-12-31,2,152644,0,0,0
08.801.621/0001-86,2021-03-31,1,152644,0,0,0
08.801.621/0001-86,2021-06-30,1,152644,0,0,0
08.801.621/0001-86,2021-09-30,1,152644,0,0,0
08.801.621/0001-86,2021-12-31,2,152644,0,0,0
08.801.621/0001-86,2022-03-31,1,152644,0,0,0
08.801.621/0001-86,2022-06-30,1,152644,0,0,0
08.801.621/0001-86,2022-09-30,1,152644,0,0,0
08.801.621/0001-86,2022-12-31,1,152644,0,0,0
08.801.621/0001-86,2023-03-31,1,152644,0,0,0
08.801.621/0001-86,2023-06-30,1,152644,0,0,0
08.801.621/0001-86,2023-09-30,1,152644,0,0,0
08.801.621/0001-86,2023-12-31,1,152644,0,0,0
08.801.621/0001-86,2024-03-31,1,152644,0,0,0
08.801.621/0001-86,2024-06-30,1,152644,0,0,0
08.801.621/0001-86,2024-09-30,1,152644,0,0,0
08.801.621/0001-86,2024-12-31,1,152644,0,0,0
08.801.621/0001-86,2025-03-31,1,152644,0,0,0
08.801.621/0001-86,2025-06-30,1,152644,0,0,0
08.801.621/0001-86,2025-09-30,1,152644,0,0,0
08.801.621/0001-86,2025-12-31,1,152644,0,0,0
08.801.621/0001-86,2026-03-31,1,152644,0,0,0
08.801.621/0001-86,2026-06-30,1,152644,0,0,0
08.807.432/0001-10,2020-03-31,1,309089,0,8391,0
08.807.432/0001-10,2020-06-30,1,309089,0,7918,0
08.807.432/0001-10,2020-09-30,1,309089,0,7892,0
08.807.432/0001-10,2020-12-31,1,309089,0,7808,0
08.807.432/0001-10,2021-03-31,1,309089,0,7808,0
08.807.432/0001-10,2021-06-30,1,309089,0,7193,0
08.807.432/0001-10,2021-09-30,1,309089,0,7193,0
08.807.432/0001-10,2021-12-31,1,309089,0,6976,0
08.807.432/0001-10,2022-03-31,1,309089,0,9082,0
08.807.432/0001-10,2022-06-30,1,309089,0,14060,0
08.807.432/0001-10,2022-09-30,1,309089,0,19242,0
08.807.432/0001-10,2022-12-31,1,309089,0,18897,0
08.807.432/0001-10,2023-03-31,1,309088,0,18610,0
08.807.432/0001-10,2023-06-30,1,309088,0,18561,0
08.807.432/0001-10,2023-09-30,1,309088,0,18028,0
08.807.432/0001-10,2023-12-31,1,309089,0,17735,0
08.807.432/0001-10,2024-03-31,1,309089,0,17702,0
08.807.432/0001-10,2024-06-30,1,309089,0,16729,0
08.807.432/0001-10,2024-09-30,2,309089,0,24218,0
08.807.432/0001-10,2024-12-31,2,289089,0,11371,0
08.807.432/0001-10,2025-03-31,1,274089,0,11996,0
08.807.432/0001-10,2025-06-30,1,274089,0,11234,0
08.807.432/0001-10,2025-09-30,1,274089,0,10621,0
08.807.432/0001-10,2025-12-31,1,274089,0,10535,0
08.807.432/0001-10,2026-03-31,1,274089,0,12253,0
08.807.432/0001-10,2026-06-30,1,274089,0,19640,0
08.810.422/0001-34,2020-03-31,1,55787,0,0,0
08.810.422/0001-34,2020-06-30,1,55787,0,0,0
08.810.422/0001-34,2020-09-30,1,55787,0,0,0
08.810.422/0001-34,2020-12-31,1,97524234,0,0,0
08.810.422/0001-34,2021-03-31,1,97524234,0,0,0
08.810.422/0001-34,2021-06-30,1,97524234,0,0,0
08.810.422/0001-34,2021-09-30,1,97524234,0,0,0
08.810.422/0001-34,2021-12-31,1,97524234,0,0,0
08.810.422/0001-34,2021-12-31,1,97524234,0,0,0
08.810.422/0001-34,2022-03-31,1,97524234,0,0,0
08.810.422/0001-34,2022-06-30,1,97524234,0,0,0
08.810.422/0001-34,2022-09-30,1,97524234,0,0,0
08.810.422/0001-34,2022-12-31,1,97524234,0,0,0
08.810.422/0001-34,2023-03-31,1,97524234,0,0,0
08.810.422/0001-34,2023-06-30,1,97524234,0,0,0
08.810.422/0001-34,2023-09-30,1,97524234,0,0,0
08.811.643/0001-27,2020-03-31,1,186617,0,0,0
08.811.643/0001-27,2020-06-30,1,186617,0,0,0
08.811.643/0001-27,2020-09-30,1,186617,0,600,0
08.811.643/0001-27,2020-12-31,1,186618,0,600,0
08.811.643/0001-27,2021-03-31,1,186617,0,600,0
08.811.643/0001-27,2021-06-30,1,186617,0,600,0
08.811.643/0001-27,2021-09-30,1,186617,0,3117,0
08.811.643/0001-27,2021-12-31,1,186618,0,4505,0
08.811.643/0001-27,2022-03-31,1,186618,0,4505,0
08.811.643/0001-27,2022-06-30,1,186618,0,4505,0
08.811.643/0001-27,2022-09-30,1,186618,0,4505,0
08.811.643/0001-27,2022-12-31,3,186618,0,4505,0
08.811.643/0001-27,2023-03-31,1,186618,0,4505,0
08.811.643/0001-27,2023-06-30,1,186618,0,4505,0
08.811.643/0001-27,2023-09-30,1,186618,0,4505,0
08.811.643/0001-27,2023-12-31,1,186618,0,4505,0
08.811.643/0001-27,2024-03-31,1,186618,0,4505,0
08.811.643/0001-27,2024-06-30,1,186618,0,4505,0
08.811.643/0001-27,2024-09-30,1,186618,0,5503,0
08.811.643/0001-27,2024-12-31,1,186618,0,7000,0
08.811.643/0001-27,2025-03-31,1,186618,0,7000,0
08.811.643/0001-27,2025-06-30,1,186618,0,7000,0
08.811.643/0001-27,2025-09-30,1,186618,0,7000,0
08.811.643/0001-27,2025-12-31,1,242618,0,9100,0
08.811.643/0001-27,2026-03-31,1,242618,0,9101,0
08.811.643/0001-27,2026-06-30,1,233517,0,0,0
08.822.767/0001-08,2020-03-31,1,468878,0,0,0
08.822.767/0001-08,2020-06-30,1,468878,0,0,0
08.822.767/0001-08,2020-09-30,1,530103,0,0,0
08.822.767/0001-08,2020-12-31,1,575557,0,0,0
08.822.767/0001-08,2021-03-31,1,1331978,0,0,0
08.822.767/0001-08,2021-06-30,1,1331978,0,0,0
08.822.767/0001-08,2021-09-30,1,1331978,0,0,0
08.822.767/0001-08,2021-12-31,1,1331978,0,0,0
08.822.767/0001-08,2022-03-31,1,1331978,0,0,0
08.822.767/0001-08,2022-06-30,1,1331978,0,0,0
08.822.767/0001-08,2022-09-30,1,1331978,0,0,0
08.822.767/0001-08,2022-12-31,1,1332658,0,0,0
08.822.767/0001-08,2023-03-31,1,1414737,0,0,0
08.822.767/0001-08,2023-06-30,1,1414737,0,0,0
08.822.767/0001-08,2023-09-30,1,1414737,0,0,0
08.822.767/0001-08,2023-12-31,1,1471880,0,0,0
08.822.767/0001-08,2024-03-31,1,1471880,0,0,0
08.822.767/0001-08,2024-06-30,2,1471880,0,0,0
08.822.767/0001-08,2024-09-30,1,1471880,0,0,0
08.822.767/0001-08,2024-12-31,1,1471779,0,0,0
08.822.767/0001-08,2025-03-31,2,1471879,0,0,0
08.822.767/0001-08,2025-06-30,2,1471879,0,0,0
08.822.767/0001-08,2025-09-30,1,1471879,0,0,0
08.822.767/0001-08,2025-12-31,1,1614737,0,0,0
08.822.767/0001-08,2026-03-31,1,1614737,0,0,0
08.822.767/0001-08,2026-06-30,1,1614737,0,0,0
08.827.501/0001-58,2020-03-31,1,691602245,138834473,0,0
08.827.501/0001-58,2020-06-30,1,691602245,138834473,0,0
08.827.501/0001-58,2020-09-30,1,691602245,138834473,0,0
08.827.501/0001-58,2020-12-31,1,691602245,138834473,0,0
08.827.501/0001-58,2021-03-31,1,691602245,138834473,0,0
08.827.501/0001-58,2021-06-30,1,691603245,138833473,0,0
08.827.501/0001-58,2021-09-30,1,709956474,309157764,0,0
08.827.501/0001-58,2021-12-31,1,709956474,309157764,0,0
08.827.501/0001-58,2022-03-31,1,709956474,309157764,0,0
08.827.501/0001-58,2022-06-30,1,709956474,309157764,0,0
08.827.501/0001-58,2022-09-30,1,709956474,309157764,0,0
08.827.501/0001-58,2022-12-31,1,709956474,309157764,0,0
08.827.501/0001-58,2023-03-31,1,709956474,310300113,0,0
08.827.501/0001-58,2023-06-30,1,709956474,310300113,0,0
08.827.501/0001-58,2023-09-30,1,709956474,310300113,0,0
08.827.501/0001-58,2023-12-31,2,709956474,310300113,0,0
08.827.501/0001-58,2024-03-31,1,709956474,310300113,0,0
08.827.501/0001-58,2024-06-30,1,709956474,310300113,0,0
08.827.501/0001-58,2024-09-30,1,709956474,310300113,0,0
08.827.501/0001-58,2024-12-31,3,709956474,310300113,0,0
08.827.501/0001-58,2025-03-31,2,732464394,310300113,0,0
08.827.501/0001-58,2025-06-30,2,732464394,310300113,0,0
08.827.501/0001-58,2025-09-30,1,732464394,310300113,0,0
08.827.501/0001-58,2025-12-31,2,732464394,310300113,0,0
08.827.501/0001-58,2026-03-31,1,754167042,310300113,0,0
08.827.501/0001-58,2026-06-30,1,754167042,310300113,0,0
08.845.676/0001-98,2024-03-31,1,1595023722,0,0,0
08.845.676/0001-98,2024-06-30,1,1595023722,0,0,0
08.845.676/0001-98,2024-09-30,1,1595023722,0,0,0
08.845.676/0001-98,2024-12-31,2,1595023722,0,0,0
08.845.676/0001-98,2025-03-31,1,1595023722,0,0,0
08.845.676/0001-98,2025-06-30,1,1595023722,0,0,0
08.845.676/0001-98,2025-09-30,1,1595023722,0,0,0
08.845.676/0001-98,2025-12-31,1,1595023722,0,0,0
08.845.676/0001-98,2026-03-31,1,1596825882,0,0,0
08.845.676/0001-98,2026-06-30,1,1596825882,0,0,0
08.873.873/0001-10,2020-03-31,1,736715,0,0,0
08.873.873/0001-10,2020-06-30,1,736715,0,0,0
08.873.873/0001-10,2020-09-30,1,736715,0,0,0
08.873.873/0001-10,2020-12-31,1,736715,0,0,0
08.873.873/0001-10,2021-03-31,1,736715,0,0,0
08.873.873/0001-10,2021-06-30,1,736715,0,0,0
08.873.873/0001-10,2021-09-30,1,2086715,0,0,0
08.873.873/0001-10,2021-12-31,1,2086715,0,0,0
08.873.873/0001-10,2022-03-31,1,2086715,0,0,0
08.873.873/0001-10,2022-06-30,1,2086715,0,0,0
08.873.873/0001-10,2022-09-30,1,2086715,0,0,0
08.873.873/0001-10,2022-12-31,1,2086715,0,0,0
08.873.873/0001-10,2023-03-31,1,2086715,0,0,0
08.873.873/0001-10,2023-06-30,1,2107440,0,0,0
08.873.873/0001-10,2023-09-30,1,2107440,0,0,0
08.873.873/0001-10,2023-12-31,1,2109396,0,0,0
08.873.873/0001-10,2024-03-31,1,2109396,0,0,0
08.873.873/0001-10,2024-06-30,1,2109396,0,0,0
08.873.873/0001-10,2024-09-30,1,2109396,0,0,0
08.873.873/0001-10,2024-12-31,1,2109396,0,0,0
08.873.873/0001-10,2025-03-31,1,2109396,0,0,0
08.873.873/0001-10,2025-06-30,1,2109396,0,0,0
08.873.873/0001-10,2025-09-30,1,2109396,0,0,0
08.873.873/0001-10,2025-12-31,1,2899396,0,0,0
08.873.873/0001-10,2026-03-31,1,2899396,0,0,0
08.873.873/0001-10,2026-06-30,1,2899396,0,0,0
08.902.291/0001-15,2020-03-31,1,181001902,0,0,0
08.902.291/0001-15,2020-06-30,1,181001902,0,0,0
08.902.291/0001-15,2020-09-30,1,181001902,0,0,0
08.902.291/0001-15,2020-12-31,1,181001902,0,0,0
08.902.291/0001-15,2021-03-31,1,5591246138,0,0,0
08.902.291/0001-15,2021-06-30,1,5591246138,0,0,0
08.902.291/0001-15,2021-09-30,1,5561054438,0,30191700,0
08.902.291/0001-15,2021-12-31,1,5485838838,0,105407300,0
08.902.291/0001-15,2022-03-31,1,5591246138,0,105407300,0
08.902.291/0001-15,2022-06-30,1,5485338838,0,0,0
08.902.291/0001-15,2022-09-30,1,5485338838,0,0,0
08.902.291/0001-15,2022-12-31,1,5485338838,0,0,0
08.902.291/0001-15,2023-03-31,1,5485338838,0,0,0
08.902.291/0001-15,2023-06-30,1,5485338838,0,0,0
08.902.291/0001-15,2023-09-30,1,5485338838,0,0,0
08.902.291/0001-15,2023-12-31,2,5485338838,0,0,0
08.902.291/0001-15,2024-03-31,1,5485338838,0,0,0
08.902.291/0001-15,2024-06-30,1,5485338838,0,0,0
08.902.291/0001-15,2024-09-30,2,5485338838,0,53294300,0
08.902.291/0001-15,2024-12-31,2,5485338835,0,53294297,0
08.902.291/0001-15,2025-03-31,1,5485338835,0,53294297,0
08.902.291/0001-15,2025-06-30,1,5485338835,0,53294297,0
08.902.291/0001-15,2025-09-30,1,5485338835,0,53294297,0
08.902.291/0001-15,2025-12-31,2,54320445380,0,53294297,0
08.902.291/0001-15,2026-03-31,1,5432044538,0,0,0
08.902.291/0001-15,2026-06-30,1,5432044538,0,29609100,0
08.926.302/0001-05,2020-03-31,1,270040228,0,0,0
08.926.302/0001-05,2020-06-30,2,270040228,0,0,0
08.926.302/0001-05,2020-09-30,2,270040228,0,0,0
08.926.302/0001-05,2020-12-31,1,307948654,0,0,0
08.926.302/0001-05,2021-03-31,1,307948654,0,0,0
08.926.302/0001-05,2021-06-30,1,310093070,0,0,0
08.926.302/0001-05,2021-09-30,2,310093070,0,0,0
08.926.302/0001-05,2021-12-31,2,509685069,0,0,0
08.926.302/0001-05,2022-03-31,2,509685069,0,0,0
08.926.302/0001-05,2022-06-30,1,509685069,0,0,0
08.926.302/0001-05,2022-09-30,1,509685069,0,73913,0
08.926.302/0001-05,2023-12-31,1,539275344,0,0,0
08.926.302/0001-05,2024-03-31,1,539275344,0,0,0
08.926.302/0001-05,2024-06-30,1,539275344,0,0,0
08.926.302/0001-05,2024-09-30,1,608045344,0,0,0
08.926.302/0001-05,2024-12-31,1,6342218160,0,0,0
08.926.302/0001-05,2025-03-31,1,6342218160,0,0,0
08.926.302/0001-05,2025-06-30,1,6342218170,0,0,0
08.926.302/0001-05,2025-09-30,1,6342218170,0,0,0
08.926.302/0001-05,2025-12-31,1,6342218160,0,0,0
08.926.302/0001-05,2026-03-31,1,6342218160,0,0,0
08.926.302/0001-05,2026-06-30,1,6342218160,0,0,0
08.935.054/0001-50,2020-03-31,1,7877740,6843557,0,0
08.935.054/0001-50,2020-06-30,1,7877740,6843557,0,0
08.935.054/0001-50,2020-09-30,1,7877740,6843557,0,0
08.935.054/0001-50,2020-12-31,2,7877740,6843557,0,0
08.935.054/0001-50,2021-03-31,3,7877740,6843557,0,0
08.935.054/0001-50,2021-06-30,1,7877740,6843557,0,0
08.935.054/0001-50,2021-09-30,1,7877740,6843557,0,0
08.935.054/0001-50,2021-12-31,1,7877740,6843557,0,0
08.935.054/0001-50,2022-03-31,1,7877740,6843557,0,0
08.935.054/0001-50,2022-06-30,1,7877740,6843557,0,0
08.935.054/0001-50,2022-09-30,1,7877740,6843557,0,0
08.935.054/0001-50,2022-12-31,2,7877740,6843557,0,0
08.935.054/0001-50,2023-03-31,1,7877740,6843557,0,0
08.935.054/0001-50,2023-06-30,1,7877740,6843557,0,0
08.935.054/0001-50,2023-09-30,1,7877740,6843557,0,0
08.935.054/0001-50,2023-12-31,2,7877740,6843557,0,0
08.935.054/0001-50,2024-03-31,1,7877740,6843557,0,0
08.935.054/0001-50,2024-06-30,1,7877740,6843557,0,0
08.935.054/0001-50,2024-09-30,1,7877740,6843557,0,0
08.935.054/0001-50,2024-12-31,1,7877740,6843557,0,0
08.935.054/0001-50,2025-03-31,1,7877740,6843557,0,0
08.935.054/0001-50,2025-06-30,1,7877740,6843557,0,0
08.935.054/0001-50,2025-09-30,1,7877740,6843557,0,0
08.935.054/0001-50,2025-12-31,1,7877740,6843557,0,0
08.937.002/0001-13,2020-03-31,1,1830202,0,0,0
08.937.002/0001-13,2020-06-30,1,1830202,0,0,0
08.937.002/0001-13,2020-09-30,1,1830202,0,0,0
08.937.002/0001-13,2020-12-31,1,1830202,0,0,0
08.937.002/0001-13,2021-03-31,1,2202102,0,0,0
08.937.002/0001-13,2021-06-30,1,2370202,0,0,0
08.937.002/0001-13,2021-09-30,1,2370202,0,0,0
08.937.002/0001-13,2021-12-31,1,2370202,0,0,0
08.937.002/0001-13,2022-03-31,1,2370202,0,0,0
08.937.002/0001-13,2022-06-30,1,2370202,0,0,0
08.937.002/0001-13,2022-09-30,1,2370202,0,0,0
08.937.002/0001-13,2022-12-31,1,2370202,0,0,0
08.937.002/0001-13,2023-03-31,1,2370202,0,0,0
08.937.002/0001-13,2023-06-30,1,2370202,0,0,0
08.937.002/0001-13,2023-09-30,1,2370202,0,0,0
08.937.002/0001-13,2023-12-31,1,2370202,0,0,0
08.937.002/0001-13,2024-03-31,1,2370202,0,0,0
08.937.002/0001-13,2024-06-30,1,2972342,0,0,0
08.937.002/0001-13,2024-09-30,1,2972342,0,0,0
08.937.002/0001-13,2025-06-30,2,2989642,0,0,0
08.937.002/0001-13,2025-09-30,1,2989642,0,0,0
09.041.168/0001-10,2020-03-31,1,102159,0,403,0
09.041.168/0001-10,2020-06-30,3,102159,0,985,0
09.041.168/0001-10,2020-09-30,1,102159,0,516,0
09.041.168/0001-10,2020-12-31,1,102159,0,16,0
09.041.168/0001-10,2021-03-31,1,102159,0,16,0
09.041.168/0001-10,2021-06-30,1,102159,0,16,0
09.041.168/0001-10,2021-09-30,1,102159,0,1114,0
09.041.168/0001-10,2021-12-31,1,102159,0,1048,0
09.041.168/0001-10,2022-03-31,1,102159,0,1046,0
09.041.168/0001-10,2022-06-30,1,102159,0,1396,0
09.041.168/0001-10,2022-09-30,1,102159,0,1902,0
09.041.168/0001-10,2022-12-31,1,102159,0,2252,0
09.041.168/0001-10,2023-03-31,1,102159,0,2252,0
09.041.168/0001-10,2023-06-30,1,102159,0,2331,0
09.041.168/0001-10,2023-09-30,1,102159,0,2431,0
09.041.168/0001-10,2023-12-31,1,102159,0,1719,0
09.041.168/0001-10,2024-03-31,1,102159,0,1819,0
09.041.168/0001-10,2024-06-30,1,102159,0,5013,0
09.041.168/0001-10,2024-09-30,1,92659,0,2113,0
09.041.168/0001-10,2024-12-31,1,87859,0,828,0
09.041.168/0001-10,2025-03-31,1,87859,0,842,0
09.041.168/0001-10,2025-06-30,1,87859,0,860,0
09.041.168/0001-10,2025-09-30,1,87859,0,860,0
09.041.168/0001-10,2025-12-31,1,87859,0,434,0
09.041.168/0001-10,2026-03-31,1,87859,0,434,0
09.041.168/0001-10,2026-06-30,1,87859,0,418,0
09.042.817/0001-05,2020-03-31,1,18339103855,0,1,0
09.042.817/0001-05,2020-06-30,1,18339103855,0,1,0
09.042.817/0001-05,2020-09-30,1,18339103855,0,0,0
09.042.817/0001-05,2020-12-31,1,90909092,0,0,0
09.042.817/0001-05,2021-03-31,1,90909092,0,0,0
09.042.817/0001-05,2021-06-30,1,90909092,0,0,0
09.042.817/0001-05,2021-09-30,1,90909092,0,0,0
09.042.817/0001-05,2021-12-31,1,90909092,0,2304200,0
09.042.817/0001-05,2022-03-31,1,90909092,0,2474200,0
09.042.817/0001-05,2022-06-30,1,90909092,0,3169100,0
09.042.817/0001-05,2022-09-30,1,90909092,0,3448700,0
09.042.817/0001-05,2022-12-31,2,86756392,0,4152700,0
09.042.817/0001-05,2023-03-31,1,90909092,0,3805400,0
09.042.817/0001-05,2023-06-30,1,90909092,0,3905400,0
09.042.817/0001-05,2023-09-30,1,87003692,0,704700,0
09.042.817/0001-05,2023-12-31,3,87003692,0,785800,0
09.042.817/0001-05,2024-03-31,1,87003692,0,0,0
09.042.817/0001-05,2024-06-30,1,87003692,0,1395300,0
09.042.817/0001-05,2024-09-30,1,85608392,0,10000,0
09.042.817/0001-05,2024-12-31,1,85608392,0,0,0
09.042.817/0001-05,2025-03-31,2,85608392,0,1393208,0
09.042.817/0001-05,2025-06-30,1,85608392,0,1393208,0
09.042.817/0001-05,2025-09-30,1,85608392,0,1224442,0
09.042.817/0001-05,2025-12-31,1,85608392,0,0,0
09.042.817/0001-05,2026-03-31,1,85608392,0,0,0
09.042.817/0001-05,2026-06-30,1,83258891,0,2349501,0
09.053.134/0001-45,2020-03-31,1,242875,0,0,0
09.053.134/0001-45,2020-06-30,1,320878,0,0,0
09.053.134/0001-45,2020-09-30,1,465694714,0,0,0
09.053.134/0001-45,2020-12-31,1,468099631,0,10000000,0
09.053.134/0001-45,2021-03-31,1,490758392,0,10000000,0
09.053.134/0001-45,2021-06-30,1,491273364,0,10000000,0
09.053.134/0001-45,2021-09-30,1,491273364,0,0,0
09.053.134/0001-45,2021-12-31,1,491273364,0,0,0
09.053.134/0001-45,2022-03-31,1,491273364,0,0,0
09.053.134/0001-45,2022-06-30,1,510253678,0,10000,0
09.053.134/0001-45,2022-09-30,1,510253679,0,10000,0
09.053.134/0001-45,2022-12-31,2,510253679,0,0,0
09.053.134/0001-45,2023-03-31,1,535644,0,0,0
09.053.134/0001-45,2023-06-30,1,5358451400,0,118318330,0
09.053.134/0001-45,2023-09-30,1,5358451400,0,118318330,0
09.053.134/0001-45,2023-12-31,3,603032083,0,0,0
09.053.134/0001-45,2024-03-31,2,603032083,0,0,0
09.053.134/0001-45,2024-06-30,2,603032083,0,0,0
09.053.134/0001-45,2024-09-30,1,603032083,0,0,0
09.053.134/0001-45,2024-12-31,3,617158337,0,0,0
09.053.134/0001-45,2025-03-31,2,617158337,0,0,0
09.053.134/0001-45,2025-06-30,1,617158337,0,0,0
09.053.134/0001-45,2025-09-30,2,617158337,0,0,0
09.053.134/0001-45,2025-12-31,1,615270107,0,0,0
09.053.134/0001-45,2026-03-31,1,524376252,93455859,0,0
09.053.134/0001-45,2026-06-30,1,524376252,118431749,0,0
09.054.385/0001-44,2020-03-31,1,138442514,0,0,0
09.054.385/0001-44,2020-06-30,1,138442514,0,0,0
09.054.385/0001-44,2020-09-30,1,138442514,0,0,0
09.054.385/0001-44,2020-12-31,1,138442514,0,0,0
09.054.385/0001-44,2021-03-31,1,138442514,0,0,0
09.054.385/0001-44,2021-06-30,1,138442514,0,0,0
09.054.385/0001-44,2021-09-30,1,138442514,0,0,0
09.054.385/0001-44,2021-12-31,1,138442514,0,0,0
09.054.385/0001-44,2022-03-31,1,138442514,0,0,0
09.054.385/0001-44,2022-06-30,1,138442514,0,0,0
09.054.385/0001-44,2022-09-30,1,138442514,0,0,0
09.054.385/0001-44,2022-12-31,1,138442514,0,0,0
09.054.385/0001-44,2023-03-31,1,138442514,0,0,0
09.054.385/0001-44,2023-06-30,1,138442514,0,0,0
09.054.385/0001-44,2023-09-30,1,138442514,0,0,0
09.054.385/0001-44,2023-12-31,1,138442514,0,0,0
09.054.385/0001-44,2024-03-31,1,138442514,0,0,0
09.054.385/0001-44,2024-06-30,1,138442514,0,0,0
09.054.385/0001-44,2024-09-30,1,138442514,0,0,0
09.054.385/0001-44,2024-12-31,1,138442514,0,0,0
09.054.385/0001-44,2025-03-31,1,138442514,0,0,0
09.054.385/0001-44,2025-06-30,1,138452514,0,0,0
09.054.385/0001-44,2025-09-30,1,138452514,0,0,0
09.054.385/0001-44,2025-12-31,1,138452514,0,0,0
09.054.385/0001-44,2026-03-31,1,138452514,0,0,0
09.054.385/0001-44,2026-06-30,1,138452514,0,0,0
09.074.183/0001-64,2020-03-31,1,428071225,0,0,0
09.074.183/0001-64,2020-06-30,1,428071225,0,0,0
09.074.183/0001-64,2020-09-30,1,428071225,0,0,0
09.074.183/0001-64,2020-12-31,1,428071224,0,0,0
09.074.183/0001-64,2021-03-31,1,428071225,0,0,0
09.074.183/0001-64,2021-06-30,1,428071225,0,0,0
09.074.183/0001-64,2021-09-30,1,428071225,0,0,0
09.074.183/0001-64,2021-12-31,1,428071224,0,0,0
09.074.183/0001-64,2022-03-31,1,428071224,0,0,0
09.074.183/0001-64,2022-06-30,1,428071225,0,0,0
09.074.183/0001-64,2022-09-30,1,428071225,0,0,0
09.074.183/0001-64,2022-12-31,1,428071224,0,0,0
09.074.183/0001-64,2023-03-31,1,428071225,0,0,0
09.074.183/0001-64,2023-06-30,1,428071225,0,0,0
09.074.183/0001-64,2023-09-30,1,428071225,0,0,0
09.074.183/0001-64,2023-12-31,3,428071,0,0,0
09.074.183/0001-64,2024-03-31,2,428071,0,0,0
09.074.183/0001-64,2024-06-30,1,728071,0,0,0
09.074.183/0001-64,2024-09-30,1,428071,0,0,0
09.074.183/0001-64,2024-12-31,1,428071,0,0,0
09.074.183/0001-64,2025-03-31,1,428071,0,0,0
09.074.183/0001-64,2025-06-30,1,428071,0,0,0
09.074.183/0001-64,2025-09-30,1,4280710,0,0,0
09.074.183/0001-64,2025-12-31,1,428071,0,0,0
09.074.183/0001-64,2026-03-31,1,428071,0,0,0
09.074.183/0001-64,2026-06-30,1,681448,0,0,0
09.083.175/0001-84,2020-03-31,1,83210,7335,0,0
09.083.175/0001-84,2020-06-30,1,83210,7335,0,0
09.083.175/0001-84,2020-09-30,1,91646,0,0,0
09.083.175/0001-84,2020-12-31,1,91646,0,0,0
09.083.175/0001-84,2021-03-31,1,126595,0,0,0
09.083.175/0001-84,2021-06-30,1,126595,0,0,0
09.083.175/0001-84,2021-09-30,1,126595,0,0,0
09.095.183/0001-40,2020-03-31,1,918160,0,0,0
09.095.183/0001-40,2020-06-30,1,918160,0,0,0
09.095.183/0001-40,2020-09-30,1,918160,0,0,0
09.095.183/0001-40,2020-12-31,1,918160,0,0,0
09.095.183/0001-40,2021-03-31,1,918160,0,0,0
09.095.183/0001-40,2021-06-30,1,918160,0,0,0
09.095.183/0001-40,2021-09-30,1,918160,0,0,0
09.095.183/0001-40,2021-12-31,1,918160,0,0,0
09.095.183/0001-40,2022-03-31,1,918160,0,0,0
09.095.183/0001-40,2022-06-30,1,918160,0,0,0
09.095.183/0001-40,2022-09-30,1,918160,0,0,0
09.095.183/0001-40,2022-12-31,1,918160,0,0,0
09.095.183/0001-40,2023-03-31,1,918160,0,0,0
09.095.183/0001-40,2023-06-30,1,1047489,0,0,0
09.095.183/0001-40,2023-09-30,1,1047489,0,0,0
09.095.183/0001-40,2023-12-31,2,1047489,0,0,0
09.095.183/0001-40,2024-03-31,2,1047489,0,0,0
09.095.183/0001-40,2024-06-30,1,1047489,0,0,0
09.095.183/0001-40,2024-09-30,1,1047489,0,0,0
09.095.183/0001-40,2024-12-31,1,1047489,0,0,0
09.095.183/0001-40,2025-03-31,1,1047489,0,0,0
09.095.183/0001-40,2025-06-30,1,1047489,0,0,0
09.095.183/0001-40,2025-09-30,1,1047489,0,0,0
09.095.183/0001-40,2025-12-31,1,1047489,0,0,0
09.095.183/0001-40,2026-03-31,1,1047489,0,0,0
09.095.183/0001-40,2026-06-30,1,1047489,0,0,0
09.112.685/0001-32,2020-03-31,1,3148038,0,0,0
09.112.685/0001-32,2020-06-30,1,3148038,0,0,0
09.112.685/0001-32,2020-09-30,1,3148038,0,0,0
09.112.685/0001-32,2020-12-31,1,3148038,0,0,0
09.112.685/0001-32,2021-03-31,1,3148038,0,0,0
09.112.685/0001-32,2021-06-30,1,3148038,0,0,0
09.112.685/0001-32,2021-09-30,1,3148038,0,0,0
09.112.685/0001-32,2021-12-31,1,3148038,0,0,0
09.112.685/0001-32,2022-03-31,1,3148038,0,0,0
09.112.685/0001-32,2022-06-30,1,3148038,0,0,0
09.112.685/0001-32,2022-09-30,1,3148038,0,0,0
09.112.685/0001-32,2022-12-31,1,3148038,0,0,0
09.112.685/0001-32,2023-03-31,1,3148038,0,0,0
09.112.685/0001-32,2023-06-30,1,3148038,0,0,0
09.112.685/0001-32,2023-09-30,1,3148038,0,0,0
09.112.685/0001-32,2023-12-31,1,3148038,0,0,0
09.112.685/0001-32,2024-03-31,1,3148038,0,0,0
09.112.685/0001-32,2024-06-30,1,3148038,0,0,0
09.112.685/0001-32,2024-09-30,1,3148038,0,0,0
09.112.685/0001-32,2024-12-31,1,3148038,0,0,0
09.112.685/0001-32,2025-03-31,1,3148038,0,0,0
09.112.685/0001-32,2025-06-30,1,3148038,0,0,0
09.112.685/0001-32,2025-09-30,1,3148038,0,0,0
09.112.685/0001-32,2025-12-31,1,3148038,0,0,0
09.112.685/0001-32,2026-03-31,1,3148038,0,0,0
09.112.685/0001-32,2026-06-30,1,3148038,0,0,0
09.114.805/0001-30,2020-03-31,1,4900627,0,0,0
09.114.805/0001-30,2020-06-30,1,4900627,0,0,0
09.114.805/0001-30,2020-09-30,1,5128427,0,166930,0
09.114.805/0001-30,2020-12-31,1,128210675,0,1934425,0
09.114.805/0001-30,2021-03-31,1,199959554,0,1934425,0
09.114.805/0001-30,2021-06-30,1,199959554,0,1934425,0
09.114.805/0001-30,2021-09-30,2,199959554,0,1934425,0
09.114.805/0001-30,2021-12-31,2,199959554,0,19344250,0
09.114.805/0001-30,2022-03-31,1,199959554,0,1934425,0
09.114.805/0001-30,2022-06-30,2,199959554,0,1934425,0
09.114.805/0001-30,2022-09-30,1,199959554,0,1934425,0
09.114.805/0001-30,2022-12-31,3,199959554,0,2260075,0
09.114.805/0001-30,2023-03-31,2,199959554,0,2260075,0
09.114.805/0001-30,2023-06-30,1,199959554,0,1909843,0
09.114.805/0001-30,2023-09-30,2,199959554,0,1797343,0
09.114.805/0001-30,2023-12-31,1,199959554,0,1973951,0
09.114.805/0001-30,2024-03-31,1,199959554,0,1973951,0
09.114.805/0001-30,2024-06-30,1,199959554,0,1106353,0
09.114.805/0001-30,2024-09-30,2,199959554,0,1733381,0
09.114.805/0001-30,2024-12-31,1,199959554,0,1703621,0
09.114.805/0001-30,2025-03-31,1,199959554,0,1608601,0
09.114.805/0001-30,2025-06-30,2,199959554,0,1568261,0
09.114.805/0001-30,2025-09-30,1,199959554,0,612868,0
09.114.805/0001-30,2025-12-31,1,199959554,0,612201,0
09.114.805/0001-30,2026-03-31,2,199959554,0,606053,0
09.114.805/0001-30,2026-06-30,1,199959554,0,4612,0
09.116.278/0001-01,2020-03-31,1,14049,4073,0,0
09.116.278/0001-01,2020-06-30,1,14049,4073,0,0
09.116.278/0001-01,2020-09-30,1,14049,4073,0,0
09.116.278/0001-01,2020-12-31,1,14049,4073,0,0
09.116.278/0001-01,2021-03-31,1,14049,4073,0,0
09.116.278/0001-01,2021-06-30,1,14049,4073,0,0
09.116.278/0001-01,2021-09-30,1,14049,4073,0,0
09.116.278/0001-01,2021-12-31,1,14049,4073,0,0
09.116.278/0001-01,2022-03-31,1,14049,4073,0,0
09.116.278/0001-01,2022-06-30,1,14049,4073,0,0
09.116.278/0001-01,2022-09-30,1,14049,4073,0,0
09.116.278/0001-01,2022-12-31,1,14049,4073,0,0
09.116.278/0001-01,2023-03-31,1,14049,4073,0,0
09.116.278/0001-01,2023-06-30,1,14049,4073,0,0
09.116.278/0001-01,2023-09-30,1,14049,4073,0,0
09.116.278/0001-01,2023-12-31,1,14049,4073,0,0
09.116.278/0001-01,2024-03-31,1,14049,4073,0,0
09.116.278/0001-01,2024-06-30,1,14048567,4073532,0,0
09.116.278/0001-01,2024-09-30,1,14048567,4073532,0,0
09.116.278/0001-01,2024-12-31,1,17378,744,0,0
09.116.278/0001-01,2025-03-31,1,14048567,4073532,0,0
09.116.278/0001-01,2025-06-30,1,14048567,4073532,0,0
09.146.451/0001-06,2020-03-31,1,37385,0,0,0
09.146.451/0001-06,2020-06-30,1,83260,0,0,0
09.146.451/0001-06,2020-12-31,1,94612,0,0,0
09.146.451/0001-06,2021-03-31,1,94612,0,0,0
09.146.451/0001-06,2021-06-30,1,94612,0,0,0
09.146.451/0001-06,2021-09-30,1,94612,0,0,0
09.146.451/0001-06,2021-12-31,1,105293,0,0,0
09.146.451/0001-06,2022-03-31,1,105293,0,0,0
09.146.451/0001-06,2022-06-30,1,109574,0,0,0
09.146.451/0001-06,2022-09-30,1,109574,0,0,0
09.146.451/0001-06,2022-12-31,1,109574,0,0,0
09.146.451/0001-06,2023-03-31,1,109574,0,0,0
09.146.451/0001-06,2023-06-30,1,112270,0,0,0
09.146.451/0001-06,2023-09-30,1,120229,0,0,0
09.146.451/0001-06,2023-12-31,1,135602,0,0,0
09.146.451/0001-06,2024-03-31,1,135602,0,0,0
09.146.451/0001-06,2024-06-30,1,135602,0,0,0
09.146.451/0001-06,2024-09-30,1,135602,0,0,0
09.146.451/0001-06,2024-12-31,1,135602,0,0,0
09.146.451/0001-06,2025-03-31,1,135062,0,0,0
09.146.451/0001-06,2025-06-30,1,135602,0,0,0
09.146.451/0001-06,2025-09-30,1,152183,0,0,0
09.146.451/0001-06,2025-12-31,1,152183,0,0,0
09.146.451/0001-06,2026-03-31,1,152183,0,0,0
09.146.451/0001-06,2026-06-30,1,152183,0,0,0
09.149.503/0001-06,2020-03-31,1,169964,0,0,0
09.149.503/0001-06,2020-06-30,2,170132930,0,0,0
09.149.503/0001-06,2020-09-30,2,195753679,0,0,0
09.149.503/0001-06,2020-12-31,3,195912131,0,0,0
09.149.503/0001-06,2021-03-31,1,196036131,0,41000,0
09.149.503/0001-06,2021-06-30,2,196268235,0,1664,0
09.149.503/0001-06,2021-09-30,2,196734359,0,0,0
09.149.503/0001-06,2021-12-31,1,200315405,0,41000,0
09.149.503/0001-06,2022-03-31,1,200274405,0,0,0
09.149.503/0001-06,2022-06-30,1,200274405,0,0,0
09.149.503/0001-06,2022-09-30,1,200274405,0,0,0
09.149.503/0001-06,2022-12-31,2,200274405,0,0,0
09.149.503/0001-06,2023-03-31,1,200274405,0,0,0
09.149.503/0001-06,2023-06-30,1,200315405,0,0,0
09.149.503/0001-06,2023-09-30,1,200274405,0,0,0
09.149.503/0001-06,2023-12-31,1,200274405,0,0,0
09.149.503/0001-06,2024-03-31,1,200274405,0,0,0
09.149.503/0001-06,2024-06-30,1,200274405,0,0,0
09.149.503/0001-06,2024-09-30,1,200274405,0,0,0
09.149.503/0001-06,2024-12-31,1,200274405,0,0,0
09.149.503/0001-06,2025-03-31,1,200274405,0,0,0
09.149.503/0001-06,2025-06-30,1,200274405,0,0,0
09.149.503/0001-06,2025-09-30,1,200274405,0,0,0
09.149.503/0001-06,2025-12-31,1,200274405,0,0,0
09.149.503/0001-06,2026-03-31,1,200274405,0,0,0
09.149.503/0001-06,2026-06-30,1,200274405,0,0,0
09.229.201/0001-30,2020-12-31,1,5715416,0,0,0
09.229.201/0001-30,2021-03-31,1,577303200,0,0,0
09.229.201/0001-30,2021-06-30,1,667490790,0,0,0
09.229.201/0001-30,2021-09-30,1,667490790,0,0,0
09.229.201/0001-30,2021-12-31,1,667490790,0,0,0
09.229.201/0001-30,2022-03-31,1,667490790,0,0,0
09.229.201/0001-30,2022-06-30,1,669708835,0,0,0
09.229.201/0001-30,2022-09-30,1,669708835,0,0,0
09.229.201/0001-30,2022-12-31,2,669708835,0,0,0
09.229.201/0001-30,2023-03-31,2,672170267,0,0,0
09.229.201/0001-30,2023-06-30,1,672170267,0,0,0
09.229.201/0001-30,2023-09-30,1,672170267,0,0,0
09.229.201/0001-30,2023-12-31,1,672170267,0,0,0
09.229.201/0001-30,2024-03-31,1,672170267,0,0,0
09.229.201/0001-30,2024-06-30,1,674854731,0,0,0
09.229.201/0001-30,2024-09-30,1,674854731,0,0,0
09.229.201/0001-30,2024-12-31,1,674854731,0,0,0
09.229.201/0001-30,2025-03-31,1,674854731,0,0,0
09.229.201/0001-30,2025-06-30,1,677280702,0,0,0
09.229.201/0001-30,2025-09-30,1,677280702,0,0,0
09.229.201/0001-30,2025-12-31,1,750009979,0,0,0
09.229.201/0001-30,2026-03-31,1,752350487,0,0,0
09.229.201/0001-30,2026-06-30,1,752350487,0,0,0
09.257.877/0001-37,2020-03-31,1,1835966791,0,0,0
09.257.877/0001-37,2020-06-30,1,1835966791,0,0,0
09.257.877/0001-37,2020-09-30,1,1835966791,0,0,0
09.257.877/0001-37,2020-12-31,2,1835966791,0,0,0
09.257.877/0001-37,2021-03-31,2,1835966791,0,0,0
09.257.877/0001-37,2021-06-30,1,1835966791,0,0,0
09.257.877/0001-37,2021-09-30,1,1835966791,0,0,0
09.257.877/0001-37,2021-12-31,1,1835966791,0,0,0
09.257.877/0001-37,2022-03-31,1,1835966791,0,0,0
09.257.877/0001-37,2022-06-30,1,1835966791,0,0,0
09.257.877/0001-37,2022-09-30,1,1835966791,0,0,0
09.257.877/0001-37,2022-12-31,1,1835966791,0,0,0
09.257.877/0001-37,2023-03-31,1,1835966791,0,0,0
09.257.877/0001-37,2023-06-30,1,1835966791,0,0,0
09.257.877/0001-37,2023-09-30,1,1835966791,0,0,0
09.257.877/0001-37,2023-12-31,1,1835966791,0,0,0
09.257.877/0001-37,2024-03-31,1,1835966791,0,0,0
09.257.877/0001-37,2024-06-30,1,1835966791,0,0,0
09.257.877/0001-37,2024-09-30,1,1835966791,0,0,0
09.257.877/0001-37,2024-12-31,1,1835966791,0,0,0
09.257.877/0001-37,2025-03-31,1,1835966791,0,0,0
09.257.877/0001-37,2025-06-30,1,1835966791,0,0,0
09.257.877/0001-37,2025-09-30,1,1835966791,0,0,0
09.257.877/0001-37,2025-12-31,1,1835966791,0,0,0
09.257.877/0001-37,2026-03-31,1,1835966791,0,0,0
09.257.877/0001-37,2026-06-30,1,1835966791,0,0,0
09.267.996/0001-70,2020-12-31,1,40728854,0,0,0
09.267.996/0001-70,2021-03-31,1,40728856,0,0,0
09.267.996/0001-70,2021-06-30,1,40728854,0,0,0
09.267.996/0001-70,2021-09-30,1,40728856,0,0,0
09.267.996/0001-70,2021-12-31,1,40728856,0,0,0
09.267.996/0001-70,2022-03-31,2,40728854,0,0,0
09.267.996/0001-70,2022-06-30,1,40728854,0,0,0
09.267.996/0001-70,2022-09-30,1,40728854,0,0,0
09.267.996/0001-70,2022-12-31,1,40728856,0,0,0
09.267.996/0001-70,2023-03-31,1,40728854,0,0,0
09.267.996/0001-70,2023-06-30,1,40728854,609137,0,0
09.267.996/0001-70,2023-09-30,1,40728854,609137,0,0
09.267.996/0001-70,2023-12-31,1,41337993,0,0,0
09.267.996/0001-70,2024-03-31,1,41337991,0,0,0
09.267.996/0001-70,2024-06-30,1,41337991,0,0,0
09.267.996/0001-70,2024-09-30,1,41337991,0,0,0
09.267.996/0001-70,2024-12-31,1,52675049,0,0,0
09.288.252/0001-32,2020-03-31,1,110559237,0,3813416,0
09.288.252/0001-32,2020-06-30,2,111122935,0,6139718,0
09.288.252/0001-32,2020-09-30,1,107622935,0,2189958,0
09.288.252/0001-32,2020-12-31,1,134622935,0,2189258,0
09.288.252/0001-32,2021-03-31,1,403868805,0,6567774,0
09.288.252/0001-32,2021-06-30,1,403868805,0,5457120,0
09.288.252/0001-32,2021-09-30,1,403868805,0,5457060,0
09.288.252/0001-32,2021-12-31,1,403868805,0,10407060,0
09.288.252/0001-32,2022-03-31,1,403868805,0,22417243,0
09.288.252/0001-32,2022-06-30,1,403868805,0,26023043,0
09.288.252/0001-32,2022-09-30,1,403868805,0,26577569,0
09.288.252/0001-32,2022-12-31,2,403868805,0,26257255,0
09.288.252/0001-32,2023-03-31,1,403868805,0,26817952,0
09.288.252/0001-32,2023-06-30,1,403868805,0,26817952,0
09.288.252/0001-32,2023-09-30,1,403868805,0,26493614,0
09.288.252/0001-32,2023-12-31,1,403868805,0,26482114,0
09.288.252/0001-32,2024-03-31,1,403868805,0,26482114,0
09.288.252/0001-32,2024-06-30,2,403868805,0,26480554,0
09.288.252/0001-32,2024-09-30,1,403868805,0,26165763,0
09.288.252/0001-32,2024-12-31,1,403868805,0,26165763,0
09.288.252/0001-32,2025-03-31,1,403868805,0,26165763,0
09.288.252/0001-32,2025-06-30,1,403868805,0,26165763,0
09.288.252/0001-32,2025-09-30,1,403868805,0,26008863,0
09.288.252/0001-32,2025-12-31,2,403868805,0,26008863,0
09.288.252/0001-32,2026-03-31,1,403868805,0,26008863,0
09.288.252/0001-32,2026-06-30,1,403868805,0,26008600,0
09.295.063/0001-97,2020-03-31,1,78506215,0,1207800,0
09.295.063/0001-97,2020-06-30,1,78506215,0,1207800,0
09.295.063/0001-97,2020-09-30,2,78506215,0,1207800,0
09.295.063/0001-97,2020-12-31,1,78506215,0,1207800,0
09.295.063/0001-97,2021-03-31,1,78506215,0,1207800,0
09.295.063/0001-97,2021-06-30,1,78506215,0,1207800,0
09.295.063/0001-97,2021-09-30,2,78506215,0,4004000,0
09.295.063/0001-97,2021-12-31,1,78506215,0,4980646,0
09.295.063/0001-97,2022-03-31,1,78506215,0,4730280,0
09.295.063/0001-97,2022-06-30,1,76506215,0,2584121,0
09.295.063/0001-97,2022-09-30,1,74506215,0,1822252,0
09.295.063/0001-97,2022-12-31,1,74506215,0,972252,0
09.295.063/0001-97,2023-03-31,4,72706215,0,3462352,0
09.295.063/0001-97,2023-06-30,1,70906215,0,1078183,0
09.295.063/0001-97,2023-09-30,2,70906215,0,1547555,0
09.295.063/0001-97,2023-12-31,2,70906215,0,2323809,0
09.295.063/0001-97,2024-03-31,1,70906215,0,2684201,0
09.295.063/0001-97,2024-06-30,1,66206215,0,913795,0
09.295.063/0001-97,2024-09-30,2,64106215,0,800320,0
09.295.063/0001-97,2024-12-31,1,64106215,0,748266,0
09.295.063/0001-97,2025-03-31,1,63365251,0,790238,0
09.295.063/0001-97,2025-06-30,1,61856215,0,887128,0
09.295.063/0001-97,2025-09-30,2,61856215,0,556928,0
09.295.063/0001-97,2025-12-31,1,60906215,0,18588,0
09.295.063/0001-97,2026-03-31,1,60906215,0,987828,0
09.295.063/0001-97,2026-06-30,1,60906215,0,1147728,0
09.304.427/0001-58,2020-03-31,1,900000,0,0,0
09.304.427/0001-58,2020-06-30,1,900000,0,0,0
09.304.427/0001-58,2020-09-30,1,900000,0,0,0
09.304.427/0001-58,2020-12-31,2,900000,0,0,0
09.304.427/0001-58,2021-03-31,1,900000,0,0,0
09.304.427/0001-58,2021-06-30,1,900000,0,0,0
09.304.427/0001-58,2021-09-30,1,500000,0,0,0
09.304.427/0001-58,2021-12-31,1,500000,0,0,0
09.304.427/0001-58,2022-03-31,1,500000,0,0,0
09.304.427/0001-58,2022-06-30,1,900000,0,0,0
09.304.427/0001-58,2022-09-30,1,900000,0,0,0
09.304.427/0001-58,2022-12-31,1,900000,0,0,0
09.304.427/0001-58,2023-03-31,1,900000,0,0,0
09.304.427/0001-58,2023-06-30,1,900000,0,0,0
09.304.427/0001-58,2023-09-30,1,900000,0,0,0
09.304.427/0001-58,2023-12-31,1,900000,0,0,0
09.304.427/0001-58,2024-03-31,1,900000,0,0,0
09.304.427/0001-58,2024-06-30,1,900000,0,0,0
09.304.427/0001-58,2024-09-30,1,900000,0,0,0
09.304.427/0001-58,2024-12-31,1,900000,0,0,0
09.304.427/0001-58,2025-03-31,1,900000,0,0,0
09.304.427/0001-58,2025-06-30,1,900000,0,0,0
09.304.427/0001-58,2025-09-30,1,900000,0,0,0
09.304.427/0001-58,2025-12-31,1,900000,0,0,0
09.305.994/0001-29,2020-03-31,1,928965058,329703517,0,444246
09.305.994/0001-29,2020-06-30,1,928965058,329703517,0,444246
09.305.994/0001-29,2020-09-30,1,928965058,329904767,0,265462
09.305.994/0001-29,2020-12-31,1,928965058,331644724,265461,0
09.305.994/0001-29,2021-03-31,1,928965058,333549383,0,312461
09.305.994/0001-29,2021-06-30,1,928965058,333605241,0,415261
09.305.994/0001-29,2021-09-30,1,928965058,333644960,0,194529
09.305.994/0001-29,2021-12-31,1,928965058,333680010,0,384529
09.305.994/0001-29,2022-03-31,1,928965058,335592858,0,386629
09.305.994/0001-29,2022-06-30,1,928965058,335612858,0,437628
09.305.994/0001-29,2022-09-30,1,928965058,335617908,0,0
09.305.994/0001-29,2022-12-31,1,928965058,335623408,0,349999
09.305.994/0001-29,2023-03-31,1,928965058,335623408,0,0
09.305.994/0001-29,2023-06-30,1,928965058,335697408,0,699999
09.305.994/0001-29,2023-09-30,2,928965058,335747796,0,0
09.305.994/0001-29,2023-12-31,1,928965058,335747796,0,499999
09.305.994/0001-29,2024-03-31,1,928965058,335750796,0,705874
09.305.994/0001-29,2024-06-30,1,928965058,335750796,0,705874
09.305.994/0001-29,2024-09-30,1,928965058,335750796,0,264495
09.305.994/0001-29,2024-12-31,1,928965058,335750796,0,264495
09.305.994/0001-29,2025-03-31,1,928965058,431760784,0,264496
09.305.994/0001-29,2025-06-30,1,2128965121,896039753,0,268496
09.305.994/0001-29,2025-09-30,1,2128965121,896039753,0,194861
09.305.994/0001-29,2025-12-31,3,2128965121,896039753,0,88679
09.305.994/0001-29,2026-03-31,1,54730851778811,0,88679,0
09.305.994/0001-29,2026-06-30,2,368557924,0,0,0
09.313.969/0001-97,2020-03-31,1,1244310876,0,0,0
09.313.969/0001-97,2020-06-30,1,1244310876,0,0,0
09.313.969/0001-97,2020-09-30,1,1244310876,0,0,0
09.313.969/0001-97,2020-12-31,1,1275560876,0,0,0
09.313.969/0001-97,2021-03-31,1,1432019,0,0,0
09.313.969/0001-97,2021-06-30,1,1432019,0,0,0
09.313.969/0001-97,2021-09-30,1,1432019209,0,0,0
09.313.969/0001-97,2021-12-31,1,1275560876,0,0,0
09.313.969/0001-97,2022-03-31,1,1275560876,0,0,0
09.313.969/0001-97,2022-06-30,1,1275560876,0,0,0
09.313.969/0001-97,2022-09-30,1,1275560876,0,0,0
09.313.969/0001-97,2022-12-31,2,1710337729,0,0,0
09.313.969/0001-97,2023-03-31,1,1896507942,0,0,0
09.313.969/0001-97,2023-06-30,1,2064537729,0,0,0
09.313.969/0001-97,2023-09-30,1,3126258713,0,0,0
09.313.969/0001-97,2023-12-31,2,2707423502,0,0,0
09.313.969/0001-97,2024-03-31,1,3539144566,0,0,0
09.313.969/0001-97,2024-06-30,1,3848650060,0,0,0
09.313.969/0001-97,2024-09-30,1,3952571613,0,0,0
09.313.969/0001-97,2024-12-31,1,4158155555,0,0,0
09.313.969/0001-97,2025-03-31,1,4158155555,0,0,0
09.313.969/0001-97,2025-06-30,1,4158155555,0,0,0
09.313.969/0001-97,2025-09-30,1,4158155555,0,0,0
09.313.969/0001-97,2025-12-31,1,4158155555,0,0,0
09.313.969/0001-97,2026-03-31,1,4158155555,0,0,0
09.313.969/0001-97,2026-06-30,1,4158155555,0,0,0
09.324.949/0001-11,2020-03-31,2,658918293,0,0,0
09.324.949/0001-11,2020-06-30,1,658918293,0,0,0
09.324.949/0001-11,2020-09-30,1,658918293,0,0,0
09.324.949/0001-11,2020-12-31,1,658918293,0,0,0
09.324.949/0001-11,2021-03-31,1,658918293,0,0,0
09.324.949/0001-11,2021-06-30,1,658918293,0,0,0
09.324.949/0001-11,2021-09-30,1,658918293,0,0,0
09.324.949/0001-11,2021-12-31,1,658918293,0,0,0
09.324.949/0001-11,2022-03-31,1,658918293,0,0,0
09.324.949/0001-11,2022-06-30,1,658918293,0,0,0
09.324.949/0001-11,2022-09-30,1,658918293,0,0,0
09.324.949/0001-11,2022-12-31,1,658918293,0,0,0
09.324.949/0001-11,2023-03-31,1,658918293,0,0,0
09.324.949/0001-11,2023-06-30,1,658918293,0,0,0
09.324.949/0001-11,2023-09-30,1,658918293,0,0,0
09.324.949/0001-11,2023-12-31,2,658918293,0,0,0
09.324.949/0001-11,2024-03-31,1,658918293,0,0,0
09.324.949/0001-11,2024-06-30,1,658918293,0,0,0
09.324.949/0001-11,2024-09-30,1,658918293,0,0,0
09.324.949/0001-11,2024-12-31,1,658918293,0,0,0
09.324.949/0001-11,2025-03-31,1,658918293,0,0,0
09.324.949/0001-11,2025-06-30,1,658918293,0,0,0
09.324.949/0001-11,2025-09-30,1,658918293,0,0,0
09.324.949/0001-11,2025-12-31,1,658918293,0,0,0
09.324.949/0001-11,2026-03-31,1,854623697,0,0,0
09.324.949/0001-11,2026-06-30,1,854623697,0,0,0
09.325.109/0001-73,2020-03-31,1,1721076003,0,0,0
09.325.109/0001-73,2020-06-30,1,1721076003,0,0,0
09.325.109/0001-73,2020-09-30,1,1721076003,0,0,0
09.325.109/0001-73,2020-12-31,2,1721076,0,0,0
09.325.109/0001-73,2021-03-31,1,1721076,0,0,0
09.325.109/0001-73,2021-06-30,1,1721076,0,0,0
09.325.109/0001-73,2021-09-30,1,1721076,0,0,0
09.325.109/0001-73,2021-12-31,1,1721076,0,0,0
09.325.109/0001-73,2022-03-31,1,1721076,0,0,0
09.325.109/0001-73,2022-06-30,1,1721076,0,0,0
09.325.109/0001-73,2022-09-30,2,1721076003,0,0,0
09.325.109/0001-73,2022-12-31,1,1721076003,0,0,0
09.325.109/0001-73,2023-03-31,1,1721076003,0,0,0
09.325.109/0001-73,2023-06-30,1,1721076003,0,0,0
09.325.109/0001-73,2023-09-30,1,1721076003,0,0,0
09.325.109/0001-73,2023-12-31,2,1721076003,0,0,0
09.325.109/0001-73,2024-03-31,1,1721076003,0,0,0
09.325.109/0001-73,2024-06-30,1,1721076003,0,0,0
09.325.109/0001-73,2024-09-30,1,1721076003,0,0,0
09.325.109/0001-73,2024-12-31,1,1656659368,0,0,0
09.325.109/0001-73,2025-03-31,1,1656659368,0,0,0
09.325.109/0001-73,2025-06-30,1,1656659368,0,0,0
09.325.109/0001-73,2025-09-30,1,1656659368,0,0,0
09.325.109/0001-73,2025-12-31,1,1721076003,0,0,0
09.325.109/0001-73,2026-03-31,1,1656659368,0,0,0
09.325.109/0001-73,2026-06-30,1,1656659368,0,0,0
09.326.342/0001-70,2020-03-31,1,2284105562,0,0,0
09.326.342/0001-70,2020-06-30,1,2284105562,0,0,0
09.326.342/0001-70,2020-09-30,1,2284105562,0,0,0
09.326.342/0001-70,2020-12-31,1,2284105562,0,0,0
09.326.342/0001-70,2021-03-31,1,2284105562,0,0,0
09.326.342/0001-70,2021-06-30,1,2284105562,0,0,0
09.326.342/0001-70,2021-09-30,1,2284105562,0,0,0
09.326.342/0001-70,2021-12-31,1,2284105562,0,0,0
09.326.342/0001-70,2022-03-31,1,2284105562,0,0,0
09.326.342/0001-70,2022-06-30,1,2284105562,0,0,0
09.326.342/0001-70,2022-09-30,1,2284105562,0,0,0
09.326.342/0001-70,2022-12-31,1,2284105562,0,0,0
09.326.342/0001-70,2023-03-31,1,2284105562,0,0,0
09.326.342/0001-70,2023-06-30,1,2284105562,0,0,0
09.326.342/0001-70,2023-09-30,1,2959381424,0,0,0
09.326.342/0001-70,2023-12-31,2,2463562435,0,0,0
09.326.342/0001-70,2024-03-31,1,2463562435,0,0,0
09.326.342/0001-70,2024-06-30,1,2463562435,0,0,0
09.326.342/0001-70,2024-09-30,1,2463562435,0,0,0
09.326.342/0001-70,2024-12-31,1,2962381424,0,0,0
09.326.342/0001-70,2025-03-31,1,2962381424,0,0,0
09.326.342/0001-70,2025-06-30,1,2962381424,0,0,0
09.326.342/0001-70,2025-09-30,1,2962381424,0,0,0
09.326.342/0001-70,2025-12-31,1,2962381424,0,0,0
09.326.342/0001-70,2026-03-31,1,3417236944,0,0,0
09.326.342/0001-70,2026-06-30,1,4057538381,0,0,0
09.336.431/0001-06,2020-03-31,1,657300291,0,0,0
09.336.431/0001-06,2020-06-30,1,657300291,0,0,0
09.336.431/0001-06,2020-09-30,1,657300291,0,0,0
09.336.431/0001-06,2020-12-31,1,657300291,0,0,0
09.336.431/0001-06,2021-03-31,1,657300291,0,0,0
09.336.431/0001-06,2021-06-30,1,657300291,0,0,0
09.336.431/0001-06,2021-09-30,1,657300291,0,0,0
09.336.431/0001-06,2021-12-31,1,666255515,0,0,0
09.336.431/0001-06,2022-03-31,1,747759759,0,0,0
09.336.431/0001-06,2022-06-30,1,747759759,0,0,0
09.336.431/0001-06,2022-09-30,1,747759759,0,0,0
09.336.431/0001-06,2022-12-31,1,747759759,0,0,0
09.336.431/0001-06,2023-03-31,1,747759759,0,0,0
09.336.431/0001-06,2023-06-30,1,747759759,0,0,0
09.336.431/0001-06,2023-09-30,1,747759759,0,0,0
09.336.431/0001-06,2023-12-31,1,747759759,0,0,0
09.336.431/0001-06,2024-03-31,1,747759759,0,0,0
09.336.431/0001-06,2024-06-30,1,747759759,0,0,0
09.336.431/0001-06,2024-09-30,1,747759759,0,0,0
09.336.431/0001-06,2024-12-31,1,747759759,0,0,0
09.336.431/0001-06,2025-03-31,1,747759759,0,0,0
09.336.431/0001-06,2025-06-30,1,747759759,0,0,0
09.336.431/0001-06,2025-09-30,1,747759759,0,0,0
09.336.431/0001-06,2025-12-31,1,747759759,0,0,0
09.336.431/0001-06,2026-03-31,1,747759759,0,0,0
09.336.431/0001-06,2026-06-30,1,747759759,0,0,0
09.346.601/0001-25,2020-03-31,1,2059138490,0,15417087,0
09.346.601/0001-25,2020-06-30,1,2059138490,0,15511534,0
09.346.601/0001-25,2020-09-30,1,2059138490,0,17468814,0
09.346.601/0001-25,2020-12-31,1,2059138490,0,24962828,0
09.346.601/0001-25,2021-03-31,1,2042000000,0,11071931,0
09.346.601/0001-25,2021-06-30,1,6126000000,0,53169049,0
09.346.601/0001-25,2021-09-30,1,6126000000,0,53157630,0
09.346.601/0001-25,2021-12-31,1,6126000000,0,52938633,0
09.346.601/0001-25,2022-03-31,1,6099000000,0,91610558,0
09.346.601/0001-25,2022-06-30,1,6099000000,0,188006766,0
09.346.601/0001-25,2022-09-30,1,6099000000,0,255262395,0
09.346.601/0001-25,2022-12-31,2,6099000000,0,314475468,0
09.346.601/0001-25,2023-03-31,1,6099000000,0,346704313,0
09.346.601/0001-25,2023-06-30,1,5819000000,0,113936307,0
09.346.601/0001-25,2023-09-30,1,5819000000,0,164841777,0
09.346.601/0001-25,2023-12-31,1,5646500000,0,34140640,0
09.346.601/0001-25,2024-03-31,1,5646500000,0,75056488,0
09.346.601/0001-25,2024-06-30,1,5546500000,0,86909713,0
09.346.601/0001-25,2024-09-30,1,5426500000,0,32459037,0
09.346.601/0001-25,2024-12-31,1,5426500000,0,161295214,0
09.346.601/0001-25,2025-03-31,1,5266500000,0,54458772,0
09.346.601/0001-25,2025-06-30,1,5266500000,0,69454276,0
09.346.601/0001-25,2025-09-30,1,5266500000,0,136035454,0
09.346.601/0001-25,2025-12-31,1,5266500000,0,231938708,0
09.346.601/0001-25,2026-03-31,1,5046500000,0,35720428,0
09.346.601/0001-25,2026-06-30,1,5046500000,0,48201452,0
09.347.516/0001-81,2020-03-31,1,874787,0,0,0
09.347.516/0001-81,2020-06-30,1,874787,0,0,0
09.347.516/0001-81,2020-09-30,1,874787,0,0,0
09.347.516/0001-81,2020-12-31,1,96226570,0,0,0
09.347.516/0001-81,2021-03-31,2,138073338,0,0,0
09.347.516/0001-81,2021-06-30,1,138073338,0,0,0
09.347.516/0001-81,2021-09-30,1,139097714,0,0,0
09.347.516/0001-81,2021-12-31,1,139144748,0,0,0
09.347.516/0001-81,2022-03-31,1,139983753,0,0,0
09.347.516/0001-81,2022-06-30,1,139983753,0,565400,0
09.347.516/0001-81,2022-09-30,1,139983753,0,872368,0
09.347.516/0001-81,2022-12-31,2,139983753,0,1230018,0
09.347.516/0001-81,2023-03-31,1,139983753,0,1134814,0
09.347.516/0001-81,2023-06-30,1,139983753,0,981390,0
09.347.516/0001-81,2023-09-30,1,139983753,0,911940,0
09.347.516/0001-81,2023-12-31,1,139983753,0,845648,0
09.347.516/0001-81,2024-03-31,1,139983753,0,837360,0
09.347.516/0001-81,2024-06-30,1,139983753,0,752927,0
09.347.516/0001-81,2024-09-30,1,139983753,0,666904,0
09.347.516/0001-81,2024-12-31,1,139983753,0,666904,0
09.347.516/0001-81,2025-03-31,1,139983753,0,666904,0
09.359.927/0001-97,2021-03-31,1,179403255,0,0,0
09.359.927/0001-97,2021-06-30,1,179403255,0,0,0
09.359.927/0001-97,2021-09-30,1,130277255,0,0,0
09.359.927/0001-97,2021-12-31,1,130277255,0,0,0
09.359.927/0001-97,2022-03-31,1,130277255,0,0,0
09.359.927/0001-97,2022-06-30,1,130277255,0,0,0
09.359.927/0001-97,2022-09-30,1,130277255,0,0,0
09.359.927/0001-97,2022-12-31,1,119509291,0,0,0
09.359.927/0001-97,2023-03-31,1,64042606,0,0,0
09.359.927/0001-97,2023-06-30,1,64042606,0,0,0
09.359.927/0001-97,2023-09-30,1,64042606,0,0,0
09.359.927/0001-97,2023-12-31,1,64042606,0,0,0
09.359.927/0001-97,2024-03-31,1,64042606,0,0,0
09.359.927/0001-97,2024-06-30,1,64042606,0,0,0
09.359.927/0001-97,2024-09-30,1,64042606,0,0,0
09.359.927/0001-97,2024-12-31,1,64042606,0,0,0
09.359.927/0001-97,2025-03-31,1,64042606,0,0,0
09.359.927/0001-97,2025-06-30,1,64042606,0,0,0
09.359.927/0001-97,2025-09-30,1,64042606,0,0,0
09.359.927/0001-97,2025-12-31,1,64042606,0,0,0
09.359.927/0001-97,2026-03-31,1,64042606,0,0,0
09.359.927/0001-97,2026-06-30,1,64042606,0,0,0
09.391.823/0001-60,2020-03-31,2,10000452329,0,0,0
09.391.823/0001-60,2020-06-30,1,10000452329,0,0,0
09.391.823/0001-60,2020-09-30,1,10000452329,0,0,0
09.391.823/0001-60,2020-12-31,1,10000452329,0,0,0
09.391.823/0001-60,2021-03-31,2,10000452329,0,0,0
09.391.823/0001-60,2021-06-30,1,10000452329,0,0,0
09.391.823/0001-60,2021-09-30,1,10000452329,0,0,0
09.391.823/0001-60,2021-12-31,1,10000452329,0,0,0
09.391.823/0001-60,2022-03-31,1,10000452329,0,0,0
09.391.823/0001-60,2022-06-30,2,18591936512,0,0,0
09.391.823/0001-60,2022-09-30,1,18591936512,0,0,0
09.391.823/0001-60,2022-12-31,1,18591936512,0,0,0
09.391.823/0001-60,2023-03-31,1,18591936512,0,0,0
09.391.823/0001-60,2023-06-30,1,18591936512,0,0,0
09.391.823/0001-60,2023-09-30,2,18591936512,0,0,0
09.391.823/0001-60,2023-12-31,1,1801134793836,0,0,0
09.391.823/0001-60,2024-03-31,2,1801134793836,0,0,0
09.391.823/0001-60,2024-06-30,1,1801134793836,0,0,0
09.391.823/0001-60,2024-09-30,1,1801134793836,0,0,0
09.391.823/0001-60,2024-12-31,1,1801134793836,0,0,0
09.391.823/0001-60,2025-03-31,1,1801134793836,0,0,0
09.391.823/0001-60,2025-06-30,1,1801134793836,0,0,0
09.391.823/0001-60,2025-09-30,1,1801134793836,0,0,0
09.391.823/0001-60,2025-12-31,1,1801134793836,0,0,0
09.391.823/0001-60,2026-03-31,1,18011347938360,0,0,0
09.391.823/0001-60,2026-06-30,1,1801134793836,0,0,0
09.414.761/0001-64,2020-03-31,1,438327,0,0,0
09.414.761/0001-64,2020-06-30,1,438327,0,0,0
09.414.761/0001-64,2020-09-30,1,438327,0,0,0
09.414.761/0001-64,2020-12-31,1,438327,0,0,0
09.414.761/0001-64,2021-03-31,1,438327,0,0,0
09.414.761/0001-64,2021-06-30,1,438327,0,0,0
09.414.761/0001-64,2021-09-30,1,438327,0,0,0
09.414.761/0001-64,2021-12-31,2,438327,0,0,0
09.414.761/0001-64,2022-03-31,1,438327,0,0,0
09.414.761/0001-64,2022-06-30,1,438327,0,0,0
09.414.761/0001-64,2022-09-30,1,438327,0,0,0
09.414.761/0001-64,2022-12-31,1,438327,0,0,0
09.414.761/0001-64,2023-03-31,2,438327,0,0,0
09.414.761/0001-64,2023-06-30,1,438327,0,0,0
09.414.761/0001-64,2023-09-30,1,438327,0,0,0
09.414.761/0001-64,2023-12-31,1,438327,0,0,0
09.414.761/0001-64,2024-03-31,1,438327,0,0,0
09.414.761/0001-64,2024-06-30,1,438327,0,0,0
09.414.761/0001-64,2024-09-30,1,438327,0,0,0
09.414.761/0001-64,2024-12-31,1,438327,0,0,0
09.414.761/0001-64,2025-03-31,1,438327,0,0,0
09.414.761/0001-64,2025-06-30,2,438327000,0,0,0
09.439.783/0001-89,2020-03-31,1,1102000,0,0,0
09.439.783/0001-89,2020-06-30,1,1102000,0,0,0
09.439.783/0001-89,2020-09-30,1,1102000,0,0,0
09.478.309/0001-66,2023-03-31,1,6055973,0,0,0
09.478.309/0001-66,2023-06-30,1,6055973,0,0,0
09.478.309/0001-66,2023-09-30,1,6055973,0,0,0
09.478.309/0001-66,2023-12-31,1,6055973,0,0,0
09.478.309/0001-66,2024-03-31,1,6055973,0,0,0
09.478.309/0001-66,2024-06-30,1,6055973,0,0,0
09.478.309/0001-66,2024-09-30,1,6055973,0,0,0
09.478.309/0001-66,2024-12-31,1,6055973,0,0,0
09.478.309/0001-66,2025-03-31,1,6055973,0,0,0
09.478.309/0001-66,2025-06-30,1,6055973,0,0,0
09.478.309/0001-66,2025-09-30,1,6055973,0,0,0
09.527.023/0001-23,2020-12-31,1,2000000,0,0,0
09.527.023/0001-23,2021-03-31,1,18000000,0,0,0
09.527.023/0001-23,2021-06-30,1,18000000,0,0,0
09.527.023/0001-23,2021-09-30,1,216000000,0,0,0
09.527.023/0001-23,2021-12-31,1,216000000,0,0,0
09.527.023/0001-23,2022-03-31,1,216000000,0,0,0
09.527.023/0001-23,2022-06-30,1,216000000,0,0,0
09.527.023/0001-23,2022-09-30,1,216000,0,0,0
09.527.023/0001-23,2022-12-31,1,216000000,0,0,0
09.527.023/0001-23,2023-03-31,1,112935588,0,0,0
09.527.023/0001-23,2023-06-30,1,112935588,0,0,0
09.527.023/0001-23,2023-09-30,1,413715501,0,0,0
09.527.023/0001-23,2023-12-31,1,232476294,0,0,0
09.527.023/0001-23,2024-03-31,1,232476294,0,0,0
09.527.023/0001-23,2024-06-30,1,216000000,0,0,0
09.527.023/0001-23,2024-09-30,1,232476294,0,0,0
09.527.023/0001-23,2024-12-31,1,232476294,0,0,0
09.527.023/0001-23,2025-03-31,1,232476294,0,0,0
09.527.023/0001-23,2025-06-30,1,232476294,0,0,0
09.538.973/0001-53,2020-03-31,1,36292,0,0,0
09.538.973/0001-53,2020-06-30,1,36292,0,0,0
09.538.973/0001-53,2020-09-30,1,36292,0,0,0
09.538.973/0001-53,2020-12-31,1,36292,0,0,0
09.538.973/0001-53,2021-03-31,1,36292,0,0,0
09.538.973/0001-53,2021-06-30,1,36292,0,0,0
09.538.973/0001-53,2021-09-30,1,36292,0,0,0
09.538.973/0001-53,2021-12-31,1,36292,0,0,0
09.538.973/0001-53,2022-03-31,1,36292,0,0,0
09.538.973/0001-53,2022-06-30,1,36292,0,0,0
09.538.973/0001-53,2022-09-30,1,36292,0,0,0
09.538.973/0001-53,2022-12-31,1,36292,0,0,0
09.538.973/0001-53,2023-03-31,1,36292,0,0,0
09.538.973/0001-53,2023-06-30,1,36292,0,0,0
09.538.973/0001-53,2023-09-30,1,36292,0,0,0
09.538.973/0001-53,2023-12-31,1,36292,0,0,0
09.538.973/0001-53,2024-03-31,1,36292,0,0,0
09.538.973/0001-53,2024-06-30,1,844,0,0,0
09.538.973/0001-53,2024-09-30,1,844,0,0,0
09.538.973/0001-53,2024-12-31,1,844,0,0,0
09.538.973/0001-53,2025-03-31,1,844,0,0,0
09.538.973/0001-53,2025-06-30,1,844,0,0,0
09.538.973/0001-53,2025-09-30,1,844,0,0,0
09.538.973/0001-53,2025-12-31,1,844,0,0,0
09.538.973/0001-53,2026-03-31,1,844,0,0,0
09.538.973/0001-53,2026-06-30,1,844,0,0,0
09.584.854/0001-37,2020-12-31,1,1255333123,0,0,0
09.584.854/0001-37,2021-03-31,1,1255333123,0,0,0
09.584.854/0001-37,2021-06-30,1,1255333123,0,0,0
09.584.854/0001-37,2021-09-30,1,1255333123,0,0,0
09.584.854/0001-37,2021-12-31,1,1115333123,0,0,0
09.584.854/0001-37,2022-03-31,1,1115333123,0,0,0
09.584.854/0001-37,2022-06-30,1,1115333,0,0,0
09.584.854/0001-37,2022-09-30,1,1115333123,0,0,0
09.584.854/0001-37,2022-12-31,1,1115333123,0,0,0
09.584.854/0001-37,2023-03-31,1,1255333123,0,0,0
09.584.854/0001-37,2023-06-30,1,1255333000,0,0,0
09.584.854/0001-37,2023-09-30,1,1255333123,0,0,0
09.584.854/0001-37,2023-12-31,1,1255333,0,0,0
09.584.854/0001-37,2024-03-31,1,1255333123,0,0,0
09.584.854/0001-37,2024-06-30,1,1255333123,0,0,0
09.584.854/0001-37,2024-09-30,1,1255333123,0,0,0
09.584.854/0001-37,2024-12-31,1,1255333123,0,0,0
09.584.854/0001-37,2025-03-31,1,1255333123,0,0,0
09.584.854/0001-37,2025-06-30,1,1255333123,0,0,0
09.584.854/0001-37,2025-09-30,1,1255333123,0,0,0
09.584.854/0001-37,2025-12-31,1,1255333123,0,0,0
09.584.854/0001-37,2026-03-31,1,1255333123,0,0,0
09.584.854/0001-37,2026-06-30,1,1255333123,0,0,0
09.611.768/0001-76,2020-03-31,2,86885350,0,0,0
09.611.768/0001-76,2020-06-30,1,86885350,0,0,0
09.611.768/0001-76,2020-09-30,1,86885350,0,0,0
09.611.768/0001-76,2020-12-31,1,77827002,0,0,0
09.611.768/0001-76,2021-03-31,1,86885350,0,0,0
09.611.768/0001-76,2021-06-30,1,86885350,0,0,0
09.611.768/0001-76,2021-09-30,1,86885350,0,0,0
09.611.768/0001-76,2021-12-31,3,86885350,0,0,0
09.611.768/0001-76,2022-03-31,1,86885350,0,0,0
09.611.768/0001-76,2022-06-30,1,86885350,0,0,0
09.611.768/0001-76,2022-09-30,1,86885350,0,0,0
09.611.768/0001-76,2022-12-31,3,86885350,0,0,0
09.611.768/0001-76,2023-03-31,2,86885350,0,0,0
09.611.768/0001-76,2023-06-30,1,86885350,0,0,0
09.611.768/0001-76,2023-09-30,2,86885350,0,0,0
09.611.768/0001-76,2023-12-31,1,86885350,0,0,0
09.611.768/0001-76,2024-03-31,2,86885350,0,0,0
09.611.768/0001-76,2024-06-30,1,86850350,0,0,0
09.611.768/0001-76,2024-09-30,3,86885349,0,0,0
09.611.768/0001-76,2024-12-31,2,86885349,0,0,0
09.611.768/0001-76,2025-03-31,1,86885350,0,0,0
09.611.768/0001-76,2025-06-30,1,86885350,0,0,0
09.611.768/0001-76,2025-09-30,2,86885350,0,0,0
09.611.768/0001-76,2025-12-31,1,86885350,0,0,0
09.611.768/0001-76,2026-03-31,1,86885350,0,0,0
09.611.768/0001-76,2026-06-30,1,86885350,0,0,0
09.625.321/0001-56,2020-03-31,1,1687300000,0,0,0
09.625.321/0001-56,2020-06-30,1,1687300000,0,0,0
09.625.321/0001-56,2020-09-30,1,1687300000,0,0,0
09.625.321/0001-56,2020-12-31,1,1687300000,0,0,0
09.625.321/0001-56,2021-03-31,1,1687300000,0,0,0
09.625.321/0001-56,2021-06-30,1,1687300000,0,0,0
09.625.321/0001-56,2021-09-30,1,1687300000,0,0,0
09.625.321/0001-56,2021-12-31,1,1687300000,0,0,0
09.625.321/0001-56,2022-03-31,1,1687300000,0,0,0
09.625.321/0001-56,2022-06-30,1,1687300,0,0,0
09.625.321/0001-56,2022-09-30,1,1687300,0,0,0
09.625.321/0001-56,2022-12-31,1,1687300000,0,0,0
09.625.321/0001-56,2023-03-31,1,1687300000,0,0,0
09.625.321/0001-56,2023-06-30,1,1687300000,0,0,0
09.625.321/0001-56,2023-09-30,1,1687300000,0,0,0
09.625.321/0001-56,2023-12-31,1,1687300000,0,0,0
09.625.321/0001-56,2024-03-31,1,1687300000,0,0,0
09.625.321/0001-56,2024-06-30,1,1687300000,0,0,0
09.625.321/0001-56,2024-09-30,1,1687300000,0,0,0
09.625.321/0001-56,2024-12-31,1,1687300000,0,0,0
09.625.321/0001-56,2025-03-31,1,1687300000,0,0,0
09.625.321/0001-56,2025-06-30,1,1687300000,0,0,0
09.625.321/0001-56,2025-09-30,1,1687300000,0,0,0
09.625.321/0001-56,2025-12-31,2,1687300000,0,0,0
09.625.321/0001-56,2026-03-31,1,1687300000,0,0,0
09.625.321/0001-56,2026-06-30,1,1687300000,0,0,0
09.813.204/0001-16,2020-03-31,1,83944064,0,0,0
09.813.204/0001-16,2020-06-30,1,83944064,0,0,0
09.813.204/0001-16,2020-12-31,1,86540918,0,0,0
09.813.204/0001-16,2021-03-31,1,86540918,0,0,0
09.813.204/0001-16,2021-06-30,1,86540918,0,0,0
09.813.204/0001-16,2021-09-30,1,86540918,0,0,0
09.813.204/0001-16,2021-12-31,1,86540918,0,0,0
09.813.204/0001-16,2022-03-31,1,86540918,0,0,0
09.813.204/0001-16,2022-06-30,1,86540918,0,0,0
09.813.204/0001-16,2022-09-30,1,86540918,0,0,0
09.813.204/0001-16,2022-12-31,1,108655567,0,0,0
09.813.204/0001-16,2023-03-31,1,108655567,0,0,0
09.813.204/0001-16,2023-06-30,1,108655567,0,0,0
09.813.204/0001-16,2023-09-30,1,108655567,0,0,0
09.813.204/0001-16,2023-12-31,1,108655567,0,0,0
09.813.204/0001-16,2024-03-31,1,108655567,0,0,0
09.813.204/0001-16,2024-06-30,1,108655567,0,0,0
09.813.204/0001-16,2024-09-30,1,108655567,0,0,0
09.813.204/0001-16,2024-12-31,2,108655567,0,0,0
09.813.204/0001-16,2025-03-31,1,108655567,0,0,0
09.813.204/0001-16,2025-06-30,1,108655567,0,0,0
09.813.204/0001-16,2025-09-30,1,108655567,0,0,0
09.813.204/0001-16,2025-12-31,1,108655567,0,0,0
09.813.204/0001-16,2026-03-31,1,108655567,0,0,0
09.813.204/0001-16,2026-06-30,1,108655567,0,0,0
10.139.870/0001-08,2020-03-31,1,164189651,6455614,0,381807
10.139.870/0001-08,2020-06-30,1,164189651,6455614,6545922,4935885
10.139.870/0001-08,2020-09-30,1,164189651,6455614,11428380,4935885
10.139.870/0001-08,2020-12-31,1,238662330,0,2375891,0
10.139.870/0001-08,2021-03-31,1,238662330,0,2375891,0
10.139.870/0001-08,2021-06-30,1,238662330,0,1926891,0
10.139.870/0001-08,2021-09-30,1,238662330,0,1926891,0
10.139.870/0001-08,2021-12-31,1,238662330,0,1926891,0
10.139.870/0001-08,2022-03-31,1,238662330,0,4947341,0
10.139.870/0001-08,2022-06-30,1,238662330,0,10138641,0
10.139.870/0001-08,2022-09-30,1,238662330,0,10138641,0
10.139.870/0001-08,2022-12-31,2,238662330,0,10138641,0
10.139.870/0001-08,2023-03-31,1,238662330,0,10138641,0
10.139.870/0001-08,2023-06-30,1,238662330,0,10138641,0
10.139.870/0001-08,2023-09-30,1,238662330,0,10138641,0
10.139.870/0001-08,2023-12-31,1,238662330,0,10138641,0
10.139.870/0001-08,2024-03-31,1,238662330,0,10138641,0
10.139.870/0001-08,2024-06-30,1,238662330,0,10138641,0
10.139.870/0001-08,2024-09-30,1,9140948,0,57112,0
10.139.870/0001-08,2024-12-31,3,9140944,0,253692,0
10.139.870/0001-08,2025-03-31,1,9140944,0,227625,0
10.139.870/0001-08,2025-06-30,1,9140944,0,208062,0
10.139.870/0001-08,2025-09-30,1,9140944,0,185914,0
10.139.870/0001-08,2025-12-31,1,9140944,0,185696,0
10.139.870/0001-08,2026-03-31,1,9140944,0,185696,0
10.158.356/0001-01,2024-12-31,1,57312220,0,0,0
10.158.356/0001-01,2025-03-31,1,57312220,0,0,0
10.158.356/0001-01,2025-06-30,1,57312220,0,0,0
10.158.356/0001-01,2025-09-30,1,57312220,0,0,0
10.158.356/0001-01,2025-12-31,1,57312220,0,0,0
10.158.356/0001-01,2026-03-31,1,57312220,0,0,0
10.158.356/0001-01,2026-06-30,1,57312220,0,0,0
10.215.988/0001-60,2020-03-31,1,508729411,0,5244541,0
10.215.988/0001-60,2020-06-30,1,508729411,0,2957240,0
10.215.988/0001-60,2020-09-30,1,508729411,0,2615753,0
10.215.988/0001-60,2020-12-31,2,508729411,0,1966662,0
10.215.988/0001-60,2021-03-31,2,508729411,0,2672599,0
10.215.988/0001-60,2021-06-30,1,508729411,0,2359365,0
10.215.988/0001-60,2021-09-30,2,508729411,0,3275288,0
10.215.988/0001-60,2021-12-31,1,508729411,0,1992492,0
10.215.988/0001-60,2022-03-31,4,508729411,0,1525867,0
10.215.988/0001-60,2022-06-30,1,508729411,0,1261628,0
10.215.988/0001-60,2022-09-30,1,809174609,0,0,0
10.215.988/0001-60,2022-12-31,1,809173393,0,0,0
10.215.988/0001-60,2023-03-31,1,809173393,0,0,0
10.215.988/0001-60,2023-06-30,1,809173393,0,0,0
10.215.988/0001-60,2023-09-30,1,967013806,0,0,0
10.215.988/0001-60,2023-12-31,1,2142719169,0,0,0
10.215.988/0001-60,2024-03-31,1,2518751757,0,0,0
10.215.988/0001-60,2024-06-30,1,2518751757,0,0,0
10.215.988/0001-60,2024-09-30,1,2518751757,0,0,0
10.215.988/0001-60,2024-12-31,1,2518751757,0,0,0
10.215.988/0001-60,2025-03-31,1,2228741100,0,0,0
10.215.988/0001-60,2025-06-30,1,2228741100,0,0,0
10.234.027/0001-00,2020-03-31,1,667013209,0,0,0
10.234.027/0001-00,2020-06-30,1,667013209,0,0,0
10.234.027/0001-00,2020-09-30,1,667013209,0,0,0
10.234.027/0001-00,2020-12-31,1,667013209,0,0,0
10.234.027/0001-00,2021-03-31,1,667013209,0,0,0
10.234.027/0001-00,2021-06-30,1,667013209,0,0,0
10.234.027/0001-00,2021-09-30,1,667013209,0,0,0
10.234.027/0001-00,2021-12-31,1,667013209,0,0,0
10.234.027/0001-00,2022-03-31,1,667013209,0,0,0
10.234.027/0001-00,2022-06-30,1,667013209,0,0,0
10.234.027/0001-00,2022-09-30,1,667013209,0,0,0
10.234.027/0001-00,2022-12-31,2,667013209,0,0,0
10.234.027/0001-00,2023-03-31,1,667013209,0,0,0
10.234.027/0001-00,2023-06-30,1,667013209,0,0,0
10.234.027/0001-00,2023-09-30,1,667013209,0,0,0
10.234.027/0001-00,2023-12-31,1,667013209,0,0,0
10.234.027/0001-00,2024-03-31,2,667013209,0,0,0
10.234.027/0001-00,2024-06-30,1,667013209,0,0,0
10.234.027/0001-00,2024-09-30,1,667013209,0,0,0
10.234.027/0001-00,2024-12-31,1,667013209,0,0,0
10.234.027/0001-00,2025-03-31,1,667013209,0,0,0
10.234.027/0001-00,2025-06-30,1,667013209,0,0,0
10.234.027/0001-00,2025-09-30,1,667013209,0,0,0
10.234.027/0001-00,2025-12-31,1,667013209,0,0,0
10.234.027/0001-00,2026-03-31,1,667013209,0,0,0
10.234.027/0001-00,2026-06-30,1,667013209,0,0,0
10.240.186/0001-00,2020-03-31,1,632529095,0,0,0
10.240.186/0001-00,2020-06-30,1,632529095,0,0,0
10.240.186/0001-00,2020-09-30,1,632529095,0,0,0
10.240.186/0001-00,2020-12-31,1,632529095,0,0,0
10.240.186/0001-00,2021-03-31,1,632529095,0,0,0
10.240.186/0001-00,2021-06-30,1,632529095,0,0,0
10.240.186/0001-00,2021-09-30,1,632529095,0,0,0
10.240.186/0001-00,2021-12-31,1,632529095,0,0,0
10.240.186/0001-00,2022-03-31,1,632529095,0,0,0
10.240.186/0001-00,2022-06-30,1,632529094,0,0,0
10.240.186/0001-00,2022-09-30,1,632529094,0,0,0
10.240.186/0001-00,2022-12-31,2,632529094,0,0,0
10.240.186/0001-00,2023-03-31,1,632529094,0,0,0
10.240.186/0001-00,2023-06-30,1,632529094,0,0,0
10.240.186/0001-00,2023-09-30,1,632529094,0,0,0
10.240.186/0001-00,2023-12-31,1,632529094,0,0,0
10.240.186/0001-00,2024-03-31,2,632529094,0,0,0
10.240.186/0001-00,2024-06-30,1,632529094,0,0,0
10.240.186/0001-00,2024-09-30,1,632529094,0,0,0
10.240.186/0001-00,2024-12-31,1,632529094,0,0,0
10.240.186/0001-00,2025-03-31,1,632529094,0,0,0
10.240.186/0001-00,2025-06-30,1,632529094,0,0,0
10.240.186/0001-00,2025-09-30,1,632529094,0,0,0
10.240.186/0001-00,2025-12-31,1,632529094,0,0,0
10.240.186/0001-00,2026-03-31,1,632529094,0,0,0
10.240.186/0001-00,2026-06-30,1,632529094,0,0,0
10.285.590/0001-08,2020-03-31,1,323155514,0,3991262,0
10.285.590/0001-08,2020-06-30,1,336777496,0,4000392,0
10.285.590/0001-08,2020-09-30,1,473141132,0,4000392,0
10.285.590/0001-08,2020-12-31,3,477141524,0,4000392,0
10.285.590/0001-08,2021-03-31,1,485603072,0,4000392,0
10.285.590/0001-08,2021-06-30,1,489603454,0,4000392,0
10.285.590/0001-08,2021-09-30,1,486978164,0,0,0
10.285.590/0001-08,2021-12-31,1,784747373,0,0,0
10.285.590/0001-08,2022-03-31,1,784747373,0,0,0
10.285.590/0001-08,2022-06-30,1,784747373,0,0,0
10.285.590/0001-08,2022-09-30,2,784747374,0,0,0
10.285.590/0001-08,2022-12-31,1,784747373,0,0,0
10.285.590/0001-08,2023-03-31,1,784747373,0,0,0
10.285.590/0001-08,2023-06-30,1,784747373,0,0,0
10.285.590/0001-08,2023-09-30,1,784747373,0,0,0
10.285.590/0001-08,2023-12-31,1,784747373,0,0,0
10.285.590/0001-08,2024-03-31,1,784747373,0,0,0
10.319.900/0001-50,2021-12-31,1,60000273,0,0,0
10.319.900/0001-50,2022-03-31,1,60000273,0,0,0
10.319.900/0001-50,2022-06-30,1,60000273,0,0,0
10.319.900/0001-50,2022-09-30,1,60000273,0,0,0
10.319.900/0001-50,2022-12-31,1,60000273,0,0,0
10.319.900/0001-50,2023-03-31,1,60000273,0,0,0
10.319.900/0001-50,2023-06-30,1,60000273,0,0,0
10.319.900/0001-50,2023-09-30,1,60000273,0,0,0
10.319.900/0001-50,2023-12-31,1,60000273,0,0,0
10.319.900/0001-50,2024-03-31,1,60000273,0,0,0
10.319.900/0001-50,2024-06-30,1,60000273,0,0,0
10.319.900/0001-50,2024-09-30,1,60000273,0,0,0
10.319.900/0001-50,2024-12-31,1,60000273,0,0,0
10.319.900/0001-50,2025-03-31,1,60000273,0,0,0
10.319.900/0001-50,2025-06-30,1,60000273,0,0,0
10.319.900/0001-50,2025-09-30,1,60000273,0,0,0
10.319.900/0001-50,2025-12-31,1,85000273,0,0,0
10.319.900/0001-50,2026-03-31,1,85000273,0,0,0
10.319.900/0001-50,2026-06-30,1,85000273,0,0,0
10.324.624/0001-18,2020-03-31,1,1446898779,0,0,0
10.324.624/0001-18,2020-06-30,1,1446898779,0,0,0
10.324.624/0001-18,2020-09-30,1,1446898779,0,0,0
10.324.624/0001-18,2020-12-31,1,1446898779,0,0,0
10.324.624/0001-18,2021-03-31,1,1446898779,0,0,0
10.324.624/0001-18,2021-06-30,1,1475203872,0,0,0
10.324.624/0001-18,2021-09-30,1,1613694012,0,0,0
10.324.624/0001-18,2021-12-31,1,1613694012,0,0,0
10.324.624/0001-18,2022-03-31,1,1613694012,0,0,0
10.324.624/0001-18,2022-06-30,3,1613694012,0,0,0
10.324.624/0001-18,2022-09-30,1,1613694012,0,0,0
10.324.624/0001-18,2022-12-31,1,1613694012,0,0,0
10.324.624/0001-18,2023-03-31,3,1613694012,0,0,0
10.324.624/0001-18,2023-06-30,2,1613694012,0,0,0
10.324.624/0001-18,2023-09-30,2,1613694012,0,0,0
10.324.624/0001-18,2023-12-31,1,1613694012,0,0,0
10.324.624/0001-18,2024-03-31,3,1613694012,0,0,0
10.324.624/0001-18,2024-06-30,1,1613694012,0,0,0
10.324.624/0001-18,2024-09-30,1,1613694012,0,0,0
10.324.624/0001-18,2024-12-31,1,1613694012,0,0,0
10.324.624/0001-18,2025-03-31,1,1613694012,0,0,0
10.324.624/0001-18,2025-06-30,1,1613694012,0,0,0
10.324.624/0001-18,2025-09-30,1,1613694012,0,0,0
10.324.624/0001-18,2025-12-31,1,1614671591,0,0,0
10.324.624/0001-18,2026-03-31,1,1614671591,0,0,0
10.324.624/0001-18,2026-06-30,1,1614671591,0,0,0
10.338.320/0001-00,2020-03-31,1,63085,0,0,0
10.338.320/0001-00,2020-06-30,1,63085,0,0,0
10.338.320/0001-00,2020-09-30,1,63085,0,0,0
10.338.320/0001-00,2020-12-31,1,63085,0,0,0
10.338.320/0001-00,2021-03-31,1,63085,0,0,0
10.338.320/0001-00,2021-06-30,1,63085,0,0,0
10.338.320/0001-00,2021-09-30,1,63085,0,0,0
10.338.320/0001-00,2021-12-31,1,63085,0,0,0
10.338.320/0001-00,2022-03-31,1,63085,0,0,0
10.338.320/0001-00,2022-06-30,1,63085,0,0,0
10.338.320/0001-00,2022-09-30,1,63085,0,0,0
10.338.320/0001-00,2022-12-31,1,63085,0,0,0
10.338.320/0001-00,2023-03-31,1,63085,0,0,0
10.338.320/0001-00,2023-06-30,1,63085,0,0,0
10.338.320/0001-00,2023-09-30,1,630850,0,0,0
10.338.320/0001-00,2023-12-31,1,63085,0,0,0
10.338.320/0001-00,2024-03-31,1,63085,0,0,0
10.338.320/0001-00,2024-06-30,1,63085,0,0,0
10.338.320/0001-00,2024-09-30,1,63085,0,0,0
10.338.320/0001-00,2024-12-31,1,63085,0,0,0
10.338.320/0001-00,2025-03-31,1,63085,0,0,0
10.338.320/0001-00,2025-06-30,1,63085,0,0,0
10.338.320/0001-00,2025-09-30,1,63085,0,0,0
10.338.320/0001-00,2025-12-31,1,63085,0,0,0
10.338.320/0001-00,2026-03-31,1,63085,0,0,0
10.338.320/0001-00,2026-06-30,1,63085,0,0,0
10.440.482/0001-54,2020-12-31,2,1866722202,0,0,0
10.440.482/0001-54,2021-03-31,2,950718477,916003725,0,0
10.440.482/0001-54,2021-06-30,2,950718477,916003725,0,0
10.440.482/0001-54,2021-09-30,1,950718477,916003725,0,0
10.440.482/0001-54,2021-12-31,1,916003725,0,0,0
10.440.482/0001-54,2022-03-31,2,950718477,916003725,0,0
10.440.482/0001-54,2022-06-30,1,950718477,916003725,0,0
10.440.482/0001-54,2022-09-30,1,950718477,916003725,0,0
10.452.416/0001-02,2021-12-31,1,30536,0,0,0
10.452.416/0001-02,2022-03-31,1,30536,0,0,0
10.452.416/0001-02,2022-06-30,1,30606,0,0,0
10.452.416/0001-02,2022-09-30,1,30606,0,0,0
10.452.416/0001-02,2022-12-31,1,158701,0,0,0
10.452.416/0001-02,2023-03-31,1,200000,0,0,0
10.452.416/0001-02,2023-06-30,1,631685,0,0,0
10.452.416/0001-02,2023-09-30,1,631685,0,0,0
10.452.416/0001-02,2023-12-31,1,736842,0,0,0
10.452.416/0001-02,2024-03-31,1,736842,0,0,0
10.452.416/0001-02,2024-06-30,1,736842,0,0,0
10.452.416/0001-02,2024-09-30,1,736842,0,0,0
10.464.223/0001-63,2020-12-31,1,85612813,0,0,0
10.464.223/0001-63,2021-03-31,1,86786,0,0,0
10.464.223/0001-63,2021-06-30,1,87137724,0,0,0
10.464.223/0001-63,2021-09-30,1,87137724,0,0,0
10.464.223/0001-63,2021-12-31,1,87137724,0,0,0
10.464.223/0001-63,2022-03-31,1,87137724,0,0,0
10.488.244/0001-19,2020-03-31,2,10000,0,0,0
10.488.244/0001-19,2020-06-30,1,10000,0,0,0
10.488.244/0001-19,2020-09-30,1,10000,0,0,0
10.488.244/0001-19,2020-12-31,1,10000,0,0,0
10.488.244/0001-19,2021-03-31,1,10000,0,0,0
10.488.244/0001-19,2021-06-30,1,10000,0,0,0
10.488.244/0001-19,2021-09-30,1,10000,0,0,0
10.488.244/0001-19,2021-12-31,1,10000,0,0,0
10.488.244/0001-19,2022-03-31,1,10000,0,0,0
10.488.244/0001-19,2022-06-30,1,10000,0,0,0
10.488.244/0001-19,2022-09-30,1,10000,0,0,0
10.488.244/0001-19,2022-12-31,2,10000,0,0,0
10.488.244/0001-19,2023-03-31,1,10000,0,0,0
10.488.244/0001-19,2023-06-30,1,10000,0,0,0
10.488.244/0001-19,2023-09-30,1,10000,0,0,0
10.488.244/0001-19,2023-12-31,3,10000,0,0,0
10.488.244/0001-19,2024-03-31,2,10000,0,0,0
10.488.244/0001-19,2024-06-30,1,10000,0,0,0
10.488.244/0001-19,2024-09-30,1,10000,0,0,0
10.488.244/0001-19,2024-12-31,1,1000,0,0,0
10.488.244/0001-19,2025-03-31,1,1000,0,0,0
10.488.244/0001-19,2025-06-30,1,10000,0,0,0
10.488.244/0001-19,2025-09-30,1,10000,0,0,0
10.488.244/0001-19,2025-12-31,1,1000,0,0,0
10.488.244/0001-19,2026-03-31,1,10000,0,0,0
10.502.676/0001-37,2020-03-31,2,26162998,0,0,0
10.502.676/0001-37,2020-06-30,2,26162998,0,0,0
10.502.676/0001-37,2020-09-30,1,26162998,0,0,0
10.502.676/0001-37,2020-12-31,1,26162998,0,0,0
10.502.676/0001-37,2021-03-31,1,26162998,0,0,0
10.502.676/0001-37,2021-06-30,1,26162998,0,0,0
10.502.676/0001-37,2021-09-30,1,26162998,0,0,0
10.502.676/0001-37,2021-12-31,1,26162998,0,0,0
10.502.676/0001-37,2022-03-31,1,26162998,0,0,0
10.502.676/0001-37,2022-06-30,1,26162998,0,0,0
10.502.676/0001-37,2022-09-30,1,26162998,0,0,0
10.502.676/0001-37,2022-12-31,1,26162998,0,0,0
10.502.676/0001-37,2023-03-31,1,26162998,0,0,0
10.502.676/0001-37,2023-06-30,1,26162998,0,0,0
10.502.676/0001-37,2023-09-30,1,26162998,0,0,0
10.502.676/0001-37,2023-12-31,3,26162998,0,0,0
10.502.676/0001-37,2024-03-31,1,26162998,0,0,0
10.502.676/0001-37,2024-06-30,1,26162998,0,0,0
10.502.676/0001-37,2024-09-30,1,26162998,0,0,0
10.502.676/0001-37,2024-12-31,1,26162998,0,0,0
10.502.676/0001-37,2025-03-31,1,26162998,0,0,0
10.502.676/0001-37,2025-06-30,1,26162998,0,0,0
10.502.676/0001-37,2025-09-30,1,26162998,0,0,0
10.502.676/0001-37,2025-12-31,1,26162998,0,0,0
10.502.676/0001-37,2026-03-31,1,26162998,0,0,0
10.502.676/0001-37,2026-06-30,1,26162998,0,0,0
10.531.501/0001-58,2020-03-31,2,3432069,3432069,0,0
10.531.501/0001-58,2020-06-30,1,3432069,3432069,0,0
10.531.501/0001-58,2020-09-30,1,3432069431,3432069431,0,0
10.531.501/0001-58,2020-12-31,1,3432069,3432069,0,0
10.531.501/0001-58,2021-03-31,1,4094242,4094242,0,0
10.531.501/0001-58,2021-06-30,1,4094242,4094242,0,0
10.531.501/0001-58,2021-09-30,1,4094242,4094242,0,0
10.531.501/0001-58,2021-12-31,1,5728629,5728629,0,0
10.531.501/0001-58,2022-03-31,1,5728629,5728629,0,0
10.531.501/0001-58,2022-06-30,1,5728629,5728629,0,0
10.531.501/0001-58,2022-09-30,3,6301299,6301299,0,0
10.531.501/0001-58,2022-12-31,3,6301299,6301299,0,0
10.531.501/0001-58,2023-03-31,1,6301299,6301299,0,0
10.531.501/0001-58,2023-06-30,1,6301299,6301299,0,0
10.531.501/0001-58,2023-09-30,1,6301299,6301299,0,0
10.531.501/0001-58,2023-12-31,1,6301299,6301299,0,0
10.531.501/0001-58,2024-03-31,2,6301299,6301299,0,0
10.531.501/0001-58,2024-06-30,1,6301299,6301299,0,0
10.531.501/0001-58,2024-09-30,1,6301299,6301299,0,0
10.531.501/0001-58,2024-12-31,1,6301299,6301299,0,0
10.531.501/0001-58,2025-03-31,1,6301299,6301299,0,0
10.531.501/0001-58,2025-06-30,1,6301299,6301299,0,0
10.531.501/0001-58,2025-09-30,1,6301299,6301299,0,0
10.531.501/0001-58,2025-12-31,1,6301299488,6301299487,0,0
10.531.501/0001-58,2026-03-31,1,6301299488,6301299487,0,0
10.531.501/0001-58,2026-06-30,1,6301299487,6301299488,0,0
10.571.175/0001-02,2020-03-31,1,79335,0,1561,0
10.571.175/0001-02,2020-06-30,2,79335,0,1561,0
10.571.175/0001-02,2020-09-30,1,80302,0,1303,0
10.571.175/0001-02,2020-12-31,1,80302,0,1303,0
10.571.175/0001-02,2021-03-31,1,95712,0,336,0
10.571.175/0001-02,2021-06-30,1,112054,0,336,0
10.571.175/0001-02,2021-09-30,1,134382,0,336,0
10.571.175/0001-02,2021-12-31,1,143628,0,336,0
10.571.175/0001-02,2022-03-31,1,144595,0,336,0
10.571.175/0001-02,2022-06-30,1,146235,0,336,0
10.571.175/0001-02,2022-09-30,1,146235,0,336,0
10.571.175/0001-02,2022-12-31,1,146235,0,336,0
10.571.175/0001-02,2023-03-31,1,146235,0,336,0
10.571.175/0001-02,2023-06-30,1,146235,0,336,0
10.571.175/0001-02,2023-09-30,1,146235,0,336,0
10.571.175/0001-02,2023-12-31,1,146235,0,336,0
10.571.175/0001-02,2024-03-31,1,146235,0,336,0
10.571.175/0001-02,2024-06-30,1,146235,0,336,0
10.571.175/0001-02,2024-09-30,1,146922,0,336,0
10.571.175/0001-02,2024-12-31,1,146922,0,336,0
10.571.175/0001-02,2025-03-31,1,146922,0,336,0
10.571.175/0001-02,2025-06-30,1,146922,0,336,0
10.571.175/0001-02,2025-09-30,1,146922,0,336,0
10.571.175/0001-02,2025-12-31,1,146922,0,336,0
10.571.175/0001-02,2026-03-31,1,146922,0,336,0
10.571.175/0001-02,2026-06-30,1,146922,0,336,0
10.608.405/0001-60,2020-03-31,1,1350,0,0,0
10.608.405/0001-60,2020-06-30,1,1350,0,0,0
10.608.405/0001-60,2020-09-30,1,1350,0,0,0
10.608.405/0001-60,2020-12-31,2,2750000,0,0,0
10.608.405/0001-60,2021-03-31,1,2750,0,0,0
10.608.405/0001-60,2021-06-30,1,2750,0,0,0
10.608.405/0001-60,2021-09-30,1,2750,0,0,0
10.608.405/0001-60,2021-12-31,1,2750000,0,0,0
10.608.405/0001-60,2022-03-31,1,2750,0,0,0
10.608.405/0001-60,2022-06-30,1,2750,0,0,0
10.608.405/0001-60,2022-09-30,1,3750,0,0,0
10.608.405/0001-60,2022-12-31,2,3750,0,0,0
10.629.105/0001-68,2020-03-31,2,144685660,0,9524760,0
10.629.105/0001-68,2020-06-30,2,143185890,0,9524760,0
10.629.105/0001-68,2020-09-30,1,144685660,0,9524760,0
10.629.105/0001-68,2020-12-31,1,144685660,0,7815513,0
10.629.105/0001-68,2021-03-31,1,175666169,0,7815513,0
10.629.105/0001-68,2021-06-30,1,878330845,0,39077565,0
10.629.105/0001-68,2021-09-30,2,878330845,0,39077565,0
10.629.105/0001-68,2021-12-31,1,878330845,0,39077565,0
10.629.105/0001-68,2022-03-31,1,882646385,0,0,0
10.629.105/0001-68,2022-06-30,1,882646385,0,38652365,0
10.629.105/0001-68,2022-09-30,1,882646385,0,38652365,0
10.629.105/0001-68,2022-12-31,1,882646385,0,391523650,0
10.629.105/0001-68,2023-03-31,1,887229147,0,40216438,0
10.629.105/0001-68,2023-06-30,1,887229147,0,50895565,0
10.629.105/0001-68,2023-09-30,1,887229147,0,50895565,0
10.629.105/0001-68,2023-12-31,1,887229147,0,52697965,0
10.629.105/0001-68,2024-03-31,1,892059934,0,54330165,0
10.629.105/0001-68,2024-06-30,1,892059934,0,56907742,0
10.629.105/0001-68,2024-09-30,1,892059934,0,57734042,0
10.629.105/0001-68,2024-12-31,1,892059934,0,75058542,0
10.629.105/0001-68,2025-03-31,1,896346173,0,81197942,0
10.629.105/0001-68,2025-06-30,1,896346173,0,84997942,0
10.629.105/0001-68,2025-09-30,1,896346173,0,85997942,0
10.629.105/0001-68,2025-12-31,1,869455788,0,59533057,0
10.629.105/0001-68,2026-03-31,1,872495263,0,65016557,0
10.629.105/0001-68,2026-06-30,1,872495263,0,74316557,0
10.635.691/0001-53,2020-03-31,1,249500,249500,0,0
10.635.691/0001-53,2020-06-30,1,249500,249500,0,0
10.635.691/0001-53,2020-09-30,1,249500,249500,0,0
10.635.691/0001-53,2020-12-31,1,249500,249500,0,0
10.635.691/0001-53,2021-03-31,1,249500,249500,0,0
10.635.691/0001-53,2021-06-30,2,249500,249500,0,0
10.635.691/0001-53,2021-09-30,1,249500,249500,0,0
10.635.691/0001-53,2021-12-31,1,249500,249500,0,0
10.635.691/0001-53,2022-03-31,2,249500,249500,0,0
10.635.691/0001-53,2022-06-30,2,249500,249500,0,0
10.635.691/0001-53,2022-09-30,2,249500,249500,0,0
10.635.691/0001-53,2022-12-31,4,249500,249500,0,0
10.635.691/0001-53,2023-03-31,1,249500,249500,0,0
10.635.691/0001-53,2023-06-30,1,249500,249500,0,0
10.635.691/0001-53,2023-09-30,1,249500,249500,0,0
10.635.691/0001-53,2023-12-31,3,249500,249500,0,0
10.635.691/0001-53,2024-03-31,1,249500,249500,0,0
10.635.691/0001-53,2024-06-30,1,249500,249500,0,0
10.635.691/0001-53,2024-09-30,1,249500,249500,0,0
10.635.691/0001-53,2024-12-31,1,249500,249500,0,0
10.635.691/0001-53,2025-03-31,1,249500,249500,0,0
10.635.691/0001-53,2025-06-30,1,249500,249500,0,0
10.635.691/0001-53,2025-09-30,2,249500,249500,0,0
10.635.691/0001-53,2025-12-31,1,249500,249500,0,0
10.635.691/0001-53,2026-03-31,1,249500,249500,0,0
10.635.691/0001-53,2026-06-30,1,249500,249500,0,0
10.647.979/0001-48,2020-03-31,1,278399525,278399525,0,0
10.647.979/0001-48,2020-06-30,2,278399525,278399525,0,0
10.647.979/0001-48,2020-09-30,1,278399525,278399525,0,0
10.647.979/0001-48,2020-12-31,1,278399525,278399525,0,0
10.647.979/0001-48,2021-03-31,1,278399525,278399525,0,0
10.647.979/0001-48,2021-06-30,1,278399525,278399525,0,0
10.647.979/0001-48,2021-09-30,1,278399525,278399525,0,0
10.647.979/0001-48,2021-12-31,1,278399525,278399525,0,0
10.647.979/0001-48,2022-03-31,1,278399525,278399525,0,0
10.647.979/0001-48,2022-06-30,1,278399525,278399525,0,0
10.647.979/0001-48,2022-09-30,1,278399525,278399525,0,0
10.647.979/0001-48,2022-12-31,1,278399525,278399525,0,0
10.647.979/0001-48,2023-03-31,1,278399525,278399525,0,0
10.647.979/0001-48,2023-06-30,1,278399525,278399525,0,0
10.647.979/0001-48,2023-09-30,1,278399525,278399525,0,0
10.647.979/0001-48,2023-12-31,1,278399525,278399525,0,0
10.647.979/0001-48,2024-03-31,1,278399525,278399525,0,0
10.647.979/0001-48,2024-06-30,1,278399525,278399525,0,0
10.647.979/0001-48,2024-09-30,1,278399525,278399525,0,0
10.647.979/0001-48,2024-12-31,1,278399525,278399525,0,0
10.647.979/0001-48,2025-03-31,2,278399525,278399525,0,0
10.647.979/0001-48,2025-06-30,1,278399525,278399525,0,0
10.647.979/0001-48,2025-09-30,1,278399525,278399525,0,0
10.647.979/0001-48,2025-12-31,1,278399525,278399525,0,0
10.647.979/0001-48,2026-03-31,1,278399525,278399525,0,0
10.647.979/0001-48,2026-06-30,1,278399525,278399525,0,0
10.670.314/0001-55,2020-03-31,1,635121,0,0,0
10.670.314/0001-55,2020-06-30,1,635121,0,0,0
10.670.314/0001-55,2020-09-30,1,635121,0,0,0
10.670.314/0001-55,2020-12-31,1,635121,0,0,0
10.670.314/0001-55,2021-03-31,1,635121,0,0,0
10.670.314/0001-55,2021-06-30,1,635121,0,0,0
10.670.314/0001-55,2021-09-30,1,635121,0,0,0
10.670.314/0001-55,2021-12-31,2,635121,0,0,0
10.670.314/0001-55,2022-03-31,1,772627,0,0,0
10.670.314/0001-55,2022-06-30,1,772627,0,0,0
10.670.314/0001-55,2022-09-30,1,772627,0,0,0
10.670.314/0001-55,2022-12-31,1,828812,0,0,0
10.670.314/0001-55,2023-03-31,1,828812,0,0,0
10.670.314/0001-55,2023-06-30,1,828812,0,0,0
10.670.314/0001-55,2023-09-30,1,828812,0,0,0
10.670.314/0001-55,2023-12-31,1,828812,0,0,0
10.670.314/0001-55,2024-03-31,1,828812,0,0,0
10.670.314/0001-55,2024-06-30,1,828812,0,0,0
10.670.314/0001-55,2024-09-30,1,828812,0,0,0
10.670.314/0001-55,2024-12-31,1,828812,0,0,0
10.670.314/0001-55,2025-03-31,1,828812,0,0,0
10.678.505/0001-63,2020-03-31,1,30357847596,0,0,0
10.678.505/0001-63,2020-06-30,1,30357847596,0,0,0
10.678.505/0001-63,2020-09-30,1,30357847596,0,0,0
10.678.505/0001-63,2020-12-31,1,30357847596,0,0,0
10.678.505/0001-63,2021-03-31,1,30357847596,0,0,0
10.678.505/0001-63,2021-06-30,1,30357847596,0,0,0
10.678.505/0001-63,2021-09-30,1,30357847596,0,0,0
10.678.505/0001-63,2021-12-31,1,30357847596,0,0,0
10.678.505/0001-63,2022-03-31,1,30357847596,0,0,0
10.678.505/0001-63,2022-06-30,2,30357847596,0,0,0
10.678.505/0001-63,2022-09-30,1,30357847596,0,0,0
10.678.505/0001-63,2022-12-31,1,30357847596,0,0,0
10.678.505/0001-63,2023-03-31,1,30357847596,0,0,0
10.678.505/0001-63,2023-06-30,1,30357847596,0,0,0
10.678.505/0001-63,2023-09-30,1,30357847596,0,0,0
10.678.505/0001-63,2023-12-31,2,30357847596,0,0,0
10.678.505/0001-63,2024-03-31,1,30357847596,0,0,0
10.678.505/0001-63,2024-06-30,1,30357847596,0,0,0
10.678.505/0001-63,2024-09-30,2,30357847596,0,0,0
10.678.505/0001-63,2024-12-31,2,30357847596,0,0,0
10.678.505/0001-63,2025-03-31,2,192172858255,0,0,0
10.678.505/0001-63,2025-06-30,1,192172858255,0,0,0
10.678.505/0001-63,2025-09-30,1,192172858255,0,0,0
10.678.505/0001-63,2025-12-31,1,192172858255,0,0,0
10.678.505/0001-63,2026-03-31,1,192172858255,0,0,0
10.678.505/0001-63,2026-06-30,2,192172858255,0,0,0
10.739.356/0001-03,2020-12-31,1,119438,119438,0,0
10.739.356/0001-03,2021-03-31,1,119438100,119438100,0,0
10.739.356/0001-03,2021-06-30,1,200200880,113750320,0,0
10.739.356/0001-03,2021-09-30,1,200200880,113750320,0,0
10.739.356/0001-03,2021-12-31,2,195651,118300,0,0
10.739.356/0001-03,2022-03-31,1,200546,114441,0,0
10.739.356/0001-03,2022-06-30,1,200546,114441,0,0
10.739.356/0001-03,2022-09-30,1,200546184,114440928,0,0
10.739.356/0001-03,2022-12-31,2,200546,114440,0,0
10.739.356/0001-03,2023-03-31,2,200546184,114440928,0,0
10.739.356/0001-03,2023-06-30,2,200546184,114440928,0,0
10.739.356/0001-03,2023-09-30,2,200546184,114440928,0,0
10.739.356/0001-03,2023-12-31,3,200546,114440,0,0
10.739.356/0001-03,2024-03-31,1,200546184,114440928,0,0
10.739.356/0001-03,2024-06-30,1,200546184,114440928,0,0
10.739.356/0001-03,2024-09-30,1,200546184,114440928,0,0
10.739.356/0001-03,2024-12-31,2,200546184,114440928,0,0
10.739.356/0001-03,2025-03-31,1,200546184,114440928,0,0
10.739.356/0001-03,2025-06-30,1,200546184,114440928,0,0
10.739.356/0001-03,2025-09-30,1,200546184,114440928,0,0
10.739.356/0001-03,2025-12-31,1,200546184,114440928,0,0
10.739.356/0001-03,2026-03-31,1,200546184,114440928,0,0
10.739.356/0001-03,2026-06-30,1,200546184,114440928,0,0
10.753.164/0001-43,2020-03-31,1,100,0,0,0
10.753.164/0001-43,2020-06-30,1,100,0,0,0
10.753.164/0001-43,2020-09-30,1,100,0,0,0
10.753.164/0001-43,2020-12-31,1,100,0,0,0
10.753.164/0001-43,2021-03-31,1,100,0,0,0
10.753.164/0001-43,2021-06-30,2,100,0,0,0
10.753.164/0001-43,2021-09-30,2,100,0,0,0
10.753.164/0001-43,2021-12-31,1,100,0,0,0
10.753.164/0001-43,2022-03-31,1,100,0,0,0
10.753.164/0001-43,2022-06-30,1,100,0,0,0
10.760.260/0001-19,2020-03-31,1,149328579,0,253174,0
10.760.260/0001-19,2020-06-30,1,149328579,0,55776,0
10.760.260/0001-19,2020-09-30,1,172828579,0,5761,0
10.760.260/0001-19,2020-12-31,1,172828579,0,122434,0
10.760.260/0001-19,2021-03-31,1,201177258,0,66420,0
10.760.260/0001-19,2021-06-30,1,201177258,0,10155,0
10.760.260/0001-19,2021-09-30,1,224934809,0,8462,0
10.760.260/0001-19,2021-12-31,1,224934809,0,8462,0
10.760.260/0001-19,2022-03-31,1,224934809,0,8409,0
10.760.260/0001-19,2022-06-30,1,277247309,0,8409,0
10.760.260/0001-19,2022-09-30,1,277247309,0,8326,0
10.760.260/0001-19,2022-12-31,2,277247309,0,8326,0
10.760.260/0001-19,2023-03-31,1,277247309,0,8326,0
10.760.260/0001-19,2023-06-30,1,443913975,0,8326,0
10.760.260/0001-19,2023-09-30,1,443913975,0,8326,0
10.760.260/0001-19,2023-12-31,1,525591097,0,8326,0
10.760.260/0001-19,2024-03-31,2,525591097,0,8326,0
10.760.260/0001-19,2024-06-30,1,525591097,0,8326,0
10.760.260/0001-19,2024-09-30,1,525591097,0,8326,0
10.760.260/0001-19,2024-12-31,1,525591097,0,8326,0
10.760.260/0001-19,2025-03-31,1,525591097,0,814726,0
10.760.260/0001-19,2025-06-30,1,525591097,0,1681126,0
10.760.260/0001-19,2025-09-30,1,525591097,0,4355835,0
10.760.260/0001-19,2025-12-31,1,525591097,0,4792509,0
10.760.260/0001-19,2026-03-31,1,525591097,0,4792509,0
10.760.260/0001-19,2026-06-30,1,525591097,0,4792509,0
10.807.374/0001-77,2020-03-31,1,8834460,0,0,0
10.807.374/0001-77,2020-06-30,2,8834460,0,0,0
10.807.374/0001-77,2020-09-30,1,8834460,0,0,0
10.807.374/0001-77,2020-12-31,1,8834460,0,0,0
10.807.374/0001-77,2021-03-31,1,70675680,0,0,0
10.807.374/0001-77,2021-06-30,2,117140326,0,0,0
10.807.374/0001-77,2021-09-30,1,117140326,0,0,0
10.807.374/0001-77,2021-12-31,2,117140326,0,0,0
10.807.374/0001-77,2022-03-31,1,117140326,0,0,0
10.807.374/0001-77,2022-06-30,1,117140326,0,0,0
10.807.374/0001-77,2022-09-30,3,117140326,0,0,0
10.807.374/0001-77,2022-12-31,1,117140326,0,0,0
10.807.374/0001-77,2023-03-31,1,117140326,0,0,0
10.807.374/0001-77,2023-06-30,1,117140326,0,0,0
10.807.374/0001-77,2023-09-30,1,117140326,0,0,0
10.807.374/0001-77,2023-12-31,2,117140326,0,0,0
10.807.374/0001-77,2024-03-31,1,117140326,0,0,0
10.807.374/0001-77,2024-06-30,2,135322144,0,515800,0
10.807.374/0001-77,2024-09-30,1,135322144,0,515800,0
10.807.374/0001-77,2024-12-31,1,135322144,0,801800,0
10.807.374/0001-77,2025-03-31,1,135322144,0,801800,0
10.807.374/0001-77,2025-06-30,1,135232144,0,801800,0
10.807.374/0001-77,2025-09-30,3,135232144,0,801800,0
10.807.374/0001-77,2025-12-31,2,141902688,0,840790,0
10.807.374/0001-77,2026-03-31,1,141902688,0,840790,0
10.807.374/0001-77,2026-06-30,1,141902688,0,840790,0
10.835.932/0001-08,2020-03-31,1,66303,8309,0,0
10.835.932/0001-08,2020-06-30,2,66303,8309,0,0
10.835.932/0001-08,2020-09-30,1,66303,8309,0,0
10.835.932/0001-08,2020-12-31,1,66303,8309,0,0
10.835.932/0001-08,2021-03-31,1,66303,8309,0,0
10.835.932/0001-08,2021-06-30,1,66303,8309,0,0
10.835.932/0001-08,2021-09-30,1,66303,8309,0,0
10.835.932/0001-08,2021-12-31,1,66303,8309,0,0
10.835.932/0001-08,2022-03-31,1,66303,8309,0,0
10.835.932/0001-08,2022-06-30,1,66303,8309,0,0
10.835.932/0001-08,2022-09-30,1,66303,8309,0,0
10.835.932/0001-08,2022-12-31,1,66052,7648,0,0
10.835.932/0001-08,2023-03-31,1,66052,7648,0,0
10.835.932/0001-08,2023-06-30,1,66052,7648,0,0
10.835.932/0001-08,2023-09-30,1,66052,7648,0,0
10.835.932/0001-08,2023-12-31,1,66052,7648,0,0
10.835.932/0001-08,2024-03-31,1,66052,7648,0,0
10.835.932/0001-08,2024-06-30,1,66052,7648,0,0
10.835.932/0001-08,2024-09-30,1,66052,7648,0,0
10.835.932/0001-08,2024-12-31,1,66052,7648,0,0
10.835.932/0001-08,2025-03-31,1,66052,7648,0,0
10.835.932/0001-08,2025-06-30,1,66052,7648,0,0
10.835.932/0001-08,2025-09-30,1,66052,7648,0,0
10.835.932/0001-08,2025-12-31,1,121618,7648,0,0
10.835.932/0001-08,2026-03-31,1,121618,7648,0,0
10.835.932/0001-08,2026-06-30,1,288315,7648,0,0
10.841.050/0001-55,2020-03-31,1,496454,0,0,0
10.841.050/0001-55,2020-06-30,1,496454,0,0,0
10.841.050/0001-55,2020-09-30,1,496455,0,0,0
10.841.050/0001-55,2020-12-31,1,500165,0,0,0
10.841.050/0001-55,2021-03-31,2,523165,0,0,0
10.841.050/0001-55,2021-06-30,1,573665,0,0,0
10.841.050/0001-55,2021-09-30,1,632665,0,0,0
10.841.050/0001-55,2021-12-31,1,687665,0,0,0
10.841.050/0001-55,2022-03-31,1,687665,0,0,0
10.841.050/0001-55,2022-06-30,1,687665,0,0,0
10.841.050/0001-55,2022-09-30,1,687665,0,0,0
10.841.050/0001-55,2022-12-31,1,687665,0,0,0
10.841.050/0001-55,2023-03-31,1,687665,0,0,0
10.841.050/0001-55,2023-06-30,1,287665,0,0,0
10.841.050/0001-55,2023-09-30,1,287665,0,0,0
10.841.050/0001-55,2023-12-31,1,287665,0,0,0
10.841.050/0001-55,2024-03-31,1,287665,0,0,0
10.841.050/0001-55,2024-06-30,1,287665,0,0,0
10.841.050/0001-55,2024-09-30,1,287665,0,0,0
10.841.050/0001-55,2024-12-31,1,287665,0,0,0
10.841.050/0001-55,2025-03-31,1,287665,0,0,0
10.841.050/0001-55,2025-06-30,1,287665,0,0,0
10.841.050/0001-55,2025-09-30,1,287665,0,0,0
10.841.050/0001-55,2025-12-31,1,287665,0,0,0
10.841.050/0001-55,2026-03-31,1,287665,0,0,0
10.841.050/0001-55,2026-06-30,1,287665,0,0,0
10.851.805/0001-00,2020-03-31,1,3248,0,0,0
10.851.805/0001-00,2020-06-30,1,3248,0,0,0
10.851.805/0001-00,2020-09-30,1,3248,0,0,0
10.851.805/0001-00,2020-12-31,1,3248,0,0,0
10.851.805/0001-00,2021-03-31,1,3248,0,0,0
10.851.805/0001-00,2021-06-30,1,3248,0,0,0
10.851.805/0001-00,2021-09-30,1,3248,0,0,0
10.851.805/0001-00,2021-12-31,1,3248,0,0,0
10.851.805/0001-00,2022-03-31,1,3248,0,0,0
10.851.805/0001-00,2022-06-30,1,3248,0,0,0
10.851.805/0001-00,2022-09-30,1,3248,0,0,0
10.851.805/0001-00,2022-12-31,2,3248,0,0,0
10.851.805/0001-00,2023-03-31,1,3248,0,0,0
10.851.805/0001-00,2023-06-30,1,3248,0,0,0
11.257.352/0001-43,2020-03-31,1,322115,0,0,0
11.257.352/0001-43,2020-06-30,1,500000,0,0,0
11.257.352/0001-43,2020-09-30,1,128700,0,0,0
11.257.352/0001-43,2020-12-31,1,128700,0,0,0
11.257.352/0001-43,2021-03-31,1,128700,0,0,0
11.257.352/0001-43,2021-06-30,1,128700,0,0,0
11.257.352/0001-43,2021-09-30,1,128700,0,0,0
11.257.352/0001-43,2021-12-31,1,128700,0,0,0
11.257.352/0001-43,2022-03-31,1,128700,0,0,0
11.257.352/0001-43,2022-06-30,1,128700,0,0,0
11.257.352/0001-43,2022-09-30,1,128700,0,0,0
11.257.352/0001-43,2022-12-31,1,128700,0,0,0
11.257.352/0001-43,2023-03-31,1,128700,0,0,0
11.257.352/0001-43,2023-06-30,1,128700,0,0,0
11.257.352/0001-43,2023-09-30,1,128700,0,0,0
11.274.829/0001-07,2020-03-31,1,3777998,0,0,0
11.274.829/0001-07,2020-06-30,1,4130956,0,0,0
11.274.829/0001-07,2020-09-30,1,4130956,0,0,0
11.274.829/0001-07,2020-12-31,1,4130956,0,0,0
11.274.829/0001-07,2021-03-31,1,4130956,0,0,0
11.274.829/0001-07,2021-06-30,1,4130956,0,0,0
11.274.829/0001-07,2021-09-30,1,4130956,0,0,0
11.274.829/0001-07,2021-12-31,1,4130956,0,0,0
11.274.829/0001-07,2022-03-31,1,4130956,0,0,0
11.274.829/0001-07,2022-06-30,1,2830956,0,0,0
11.274.829/0001-07,2022-09-30,1,2830956,0,0,0
11.274.829/0001-07,2022-12-31,1,2830956,0,0,0
11.274.829/0001-07,2023-03-31,1,2830956,0,0,0
11.274.829/0001-07,2023-06-30,1,2830956,0,0,0
11.274.829/0001-07,2023-09-30,1,2830956,0,0,0
11.274.829/0001-07,2023-12-31,1,2830956,0,0,0
11.274.829/0001-07,2024-03-31,1,2830956,0,0,0
11.274.829/0001-07,2024-06-30,1,2000000,0,0,0
11.284.204/0001-18,2020-03-31,3,32317,0,0,0
11.284.204/0001-18,2020-06-30,2,32317,0,0,0
11.284.204/0001-18,2020-09-30,5,32317,0,0,0
11.284.204/0001-18,2020-12-31,2,32317,0,0,0
11.284.204/0001-18,2021-03-31,1,32317,0,0,0
11.284.204/0001-18,2021-06-30,1,32317,0,0,0
11.284.204/0001-18,2021-09-30,1,32317,0,0,0
11.284.204/0001-18,2021-12-31,1,32317,0,0,0
11.284.204/0001-18,2022-03-31,1,32317,0,0,0
11.284.204/0001-18,2022-06-30,1,32317,0,0,0
11.284.204/0001-18,2022-09-30,1,32317,0,0,0
11.284.204/0001-18,2022-12-31,1,32317,0,0,0
11.284.204/0001-18,2023-03-31,1,32317,0,0,0
11.284.204/0001-18,2023-06-30,1,32317,0,0,0
11.284.204/0001-18,2023-09-30,3,32317,0,0,0
11.284.204/0001-18,2023-12-31,1,32317,0,0,0
11.284.204/0001-18,2024-03-31,1,32317,0,0,0
11.284.204/0001-18,2024-06-30,1,31563,0,0,0
11.284.204/0001-18,2024-09-30,1,31563,0,0,0
11.284.204/0001-18,2024-12-31,2,31564,0,0,0
11.284.204/0001-18,2025-03-31,1,31564,0,0,0
11.284.204/0001-18,2025-06-30,1,31564,0,0,0
11.284.204/0001-18,2025-09-30,1,35070,0,0,0
11.284.204/0001-18,2025-12-31,1,35070,0,0,0
11.284.204/0001-18,2026-03-31,1,35071,0,0,0
11.284.204/0001-18,2026-06-30,1,35071,0,0,0
11.421.994/0001-36,2020-03-31,1,5122089,0,0,0
11.421.994/0001-36,2020-06-30,1,5122089,0,0,0
11.421.994/0001-36,2020-09-30,1,5122089,0,0,0
11.421.994/0001-36,2020-12-31,2,5122089,0,0,0
11.421.994/0001-36,2021-03-31,2,71499970,0,0,0
11.421.994/0001-36,2021-06-30,1,71500,0,0,0
11.421.994/0001-36,2021-09-30,2,71500,0,0,0
11.421.994/0001-36,2021-12-31,1,71500,0,0,0
11.421.994/0001-36,2021-12-31,2,71500,0,0,0
11.421.994/0001-36,2022-03-31,2,71500,0,0,0
11.421.994/0001-36,2022-06-30,1,71500,0,0,0
11.421.994/0001-36,2022-09-30,2,71500,0,0,0
11.421.994/0001-36,2022-12-31,3,71500,0,0,0
11.421.994/0001-36,2023-03-31,1,80271,0,0,0
11.421.994/0001-36,2023-06-30,1,82951,0,0,0
11.421.994/0001-36,2023-09-30,2,82951,0,0,0
11.421.994/0001-36,2023-12-31,3,82951,0,0,0
11.421.994/0001-36,2024-03-31,2,82951,0,0,0
11.421.994/0001-36,2024-06-30,1,82951,0,0,0
11.421.994/0001-36,2024-09-30,2,82951,0,0,0
11.421.994/0001-36,2024-12-31,2,82951,0,0,0
11.421.994/0001-36,2025-03-31,1,82951,0,0,0
11.421.994/0001-36,2025-06-30,1,96127,0,0,0
11.421.994/0001-36,2025-09-30,1,96127,0,0,0
11.421.994/0001-36,2025-12-31,1,96127,0,0,0
11.421.994/0001-36,2026-03-31,1,96127,0,0,0
11.421.994/0001-36,2026-06-30,2,137324,0,0,0
11.669.021/0001-10,2020-03-31,3,265806905,0,3289467,0
11.669.021/0001-10,2020-06-30,2,265806905,0,3269635,0
11.669.021/0001-10,2020-09-30,2,265806905,0,3266535,0
11.669.021/0001-10,2020-12-31,2,265806905,0,3264525,0
11.669.021/0001-10,2021-03-31,1,265806905,0,2725163,0
11.669.021/0001-10,2021-06-30,1,265806905,0,2690656,0
11.669.021/0001-10,2021-09-30,1,265806905,0,2690656,0
11.669.021/0001-10,2021-12-31,2,265806905,0,2690656,0
11.669.021/0001-10,2022-03-31,1,265806905,0,2450356,0
11.669.021/0001-10,2022-06-30,1,265806905,0,2391049,0
11.669.021/0001-10,2022-09-30,1,265806905,0,2391049,0
11.669.021/0001-10,2022-12-31,1,265806905,0,2376841,0
11.669.021/0001-10,2023-03-31,1,265806905,0,2331677,0
11.669.021/0001-10,2023-06-30,1,265806905,0,2331677,0
11.669.021/0001-10,2023-09-30,1,265806905,0,2331677,0
11.669.021/0001-10,2023-12-31,1,265806905,0,2331677,0
11.669.021/0001-10,2024-03-31,1,265806905,0,2331677,0
11.669.021/0001-10,2024-06-30,1,265806905,0,2331677,0
11.669.021/0001-10,2024-09-30,1,265367214,0,0,0
11.716.471/0001-17,2020-03-31,1,150000,0,0,0
11.716.471/0001-17,2020-06-30,1,150000,0,0,0
11.716.471/0001-17,2020-09-30,1,28905,0,0,0
11.716.471/0001-17,2020-12-31,1,28905,0,0,0
11.716.471/0001-17,2021-03-31,1,28905,0,0,0
11.716.471/0001-17,2021-06-30,1,28905,0,0,0
11.716.471/0001-17,2021-09-30,1,28905,0,0,0
11.716.471/0001-17,2021-12-31,1,28905,0,0,0
11.716.471/0001-17,2022-03-31,1,28905,0,0,0
11.716.471/0001-17,2022-06-30,1,28905,0,0,0
11.716.471/0001-17,2022-09-30,1,28905,0,0,0
11.716.471/0001-17,2022-12-31,1,8521,0,0,0
11.716.471/0001-17,2023-03-31,1,28905,0,0,0
11.716.471/0001-17,2023-06-30,1,28905,0,0,0
11.716.471/0001-17,2023-09-30,1,28905,0,0,0
11.716.471/0001-17,2023-12-31,1,28905,0,0,0
11.716.471/0001-17,2024-03-31,1,28905,0,0,0
11.721.921/0001-60,2020-03-31,1,11480134,0,371852,0
11.721.921/0001-60,2020-06-30,1,11480134,0,309484,0
11.721.921/0001-60,2020-09-30,1,11480134,0,281625,0
11.721.921/0001-60,2020-12-31,1,11480134,0,281625,0
11.721.921/0001-60,2021-03-31,1,11480134,0,281625,0
11.721.921/0001-60,2021-06-30,1,15232292,0,91597,0
11.721.921/0001-60,2021-09-30,1,15232292,0,51597,0
11.721.921/0001-60,2021-12-31,1,15232292,0,51597,0
11.721.921/0001-60,2022-03-31,1,15232290,0,2,0
11.721.921/0001-60,2022-06-30,1,15232292,0,0,0
11.721.921/0001-60,2022-09-30,1,19561681,0,0,0
11.721.921/0001-60,2022-12-31,1,19561702,0,2,0
11.721.921/0001-60,2023-03-31,1,19561702,0,2,0
11.721.921/0001-60,2023-06-30,1,19561702,0,24967,0
11.721.921/0001-60,2023-09-30,1,19561704,0,21701,0
11.721.921/0001-60,2023-12-31,1,19561704,0,0,0
11.721.921/0001-60,2024-03-31,1,20390801,0,0,0
11.721.921/0001-60,2024-06-30,1,20390801,0,0,0
11.721.921/0001-60,2025-12-31,1,23808723,0,0,0
11.725.176/0001-27,2020-03-31,1,373605000,0,0,0
11.725.176/0001-27,2020-06-30,1,373605000,0,0,0
11.725.176/0001-27,2020-09-30,1,456938333,0,0,0
11.725.176/0001-27,2020-12-31,2,520797860,0,0,0
11.725.176/0001-27,2021-03-31,2,520797860,0,0,0
11.725.176/0001-27,2021-06-30,1,528555860,0,0,0
11.725.176/0001-27,2021-09-30,1,531440373,0,0,0
11.725.176/0001-27,2021-12-31,4,531440373,0,0,0
11.725.176/0001-27,2022-03-31,3,531831497,0,54900,0
11.725.176/0001-27,2022-06-30,4,531831497,0,56748,0
11.725.176/0001-27,2022-09-30,3,532222621,0,1664688,0
11.725.176/0001-27,2022-12-31,1,532222621,0,1664688,0
11.725.176/0001-27,2023-03-31,1,532613745,0,1664688,0
11.725.176/0001-27,2023-06-30,1,532613745,0,2770897,0
11.992.680/0001-93,2020-03-31,1,284014325,0,1715764,0
11.992.680/0001-93,2020-06-30,1,284014325,0,522883,0
11.992.680/0001-93,2020-09-30,2,284014325,0,522883,0
11.992.680/0001-93,2020-12-31,1,284014325,0,397495,0
11.992.680/0001-93,2021-03-31,1,284014325,0,397495,0
11.992.680/0001-93,2021-06-30,1,284014325,0,108247,0
11.992.680/0001-93,2021-09-30,1,284014325,0,6395147,0
11.992.680/0001-93,2021-12-31,1,284014325,0,6260180,0
11.992.680/0001-93,2022-03-31,1,284014325,0,6260180,0
11.992.680/0001-93,2022-06-30,2,284014325,0,5697790,0
11.992.680/0001-93,2022-09-30,1,284014325,0,5697790,0
11.992.680/0001-93,2022-12-31,1,284014325,0,5560096,0
11.992.680/0001-93,2023-03-31,1,284014325,0,5560096,0
11.992.680/0001-93,2023-06-30,1,284014325,0,5237263,0
11.992.680/0001-93,2023-09-30,1,284014325,0,5237263,0
11.992.680/0001-93,2023-12-31,1,284014325,0,4766013,0
11.992.680/0001-93,2024-03-31,1,284014325,0,4766013,0
11.992.680/0001-93,2024-06-30,1,284014325,0,4766013,0
11.992.680/0001-93,2024-09-30,1,284014325,0,2908249,0
11.992.680/0001-93,2024-12-31,1,284014325,0,2690749,0
11.992.680/0001-93,2025-03-31,1,284014325,0,2690749,0
11.992.680/0001-93,2025-06-30,1,284014325,0,1326867,0
11.992.680/0001-93,2025-09-30,1,284014325,0,891867,0
11.992.680/0001-93,2025-12-31,1,284014325,0,891867,0
11.992.680/0001-93,2026-03-31,1,284014325,0,3386123,0
11.992.680/0001-93,2026-06-30,1,284014325,0,2014128,0
12.049.631/0001-84,2020-03-31,2,84909375,0,0,0
12.049.631/0001-84,2020-06-30,2,84909375,0,0,0
12.049.631/0001-84,2020-09-30,1,84909375,0,0,0
12.049.631/0001-84,2020-12-31,1,84909375,0,0,0
12.049.631/0001-84,2021-03-31,1,84909375,0,0,0
12.049.631/0001-84,2021-06-30,1,84909375,0,200000,0
12.049.631/0001-84,2021-09-30,1,84909375,0,1200000,0
12.049.631/0001-84,2021-12-31,1,84909375,0,1690000,0
12.049.631/0001-84,2022-03-31,1,84909375,0,1690000,0
12.049.631/0001-84,2022-06-30,1,84909375,0,1480149,0
12.049.631/0001-84,2022-09-30,1,84909375,0,1581000,0
12.049.631/0001-84,2022-12-31,1,84909375,0,1665300,0
12.049.631/0001-84,2023-03-31,1,84909375,0,1860500,0
12.049.631/0001-84,2023-06-30,1,84909375,0,1729946,0
12.049.631/0001-84,2023-09-30,1,84909375,0,1153611,0
12.049.631/0001-84,2023-12-31,1,84909375,0,1153611,0
12.049.631/0001-84,2024-03-31,1,84909375,0,1153611,0
12.049.631/0001-84,2024-06-30,1,84909375,0,516796,0
12.049.631/0001-84,2024-09-30,1,84909375,0,690396,0
12.049.631/0001-84,2024-12-31,1,84909375,0,1096048,0
12.049.631/0001-84,2025-03-31,1,84909375,0,1096048,0
12.049.631/0001-84,2025-06-30,1,84909375,0,291382,0
12.049.631/0001-84,2025-09-30,1,84909375,0,326382,0
12.049.631/0001-84,2025-12-31,1,84909375,0,426382,0
12.049.631/0001-84,2026-03-31,1,104214394,0,1001382,0
12.049.631/0001-84,2026-06-30,1,104214394,0,501032,0
12.091.809/0001-55,2020-03-31,1,28956567,13850097,0,0
12.091.809/0001-55,2020-06-30,1,28956567,13850097,0,0
12.091.809/0001-55,2020-09-30,1,1189074,0,0,0
12.091.809/0001-55,2020-12-31,1,109504342,0,0,0
12.091.809/0001-55,2021-03-31,2,132359842,0,0,0
12.091.809/0001-55,2021-06-30,1,132359842,0,0,0
12.091.809/0001-55,2021-09-30,1,132359842,0,0,0
12.091.809/0001-55,2021-12-31,1,202593078,0,0,0
12.091.809/0001-55,2022-03-31,1,202593078,0,0,0
12.091.809/0001-55,2022-06-30,1,202593078,0,0,0
12.091.809/0001-55,2022-09-30,1,202593078,0,0,0
12.091.809/0001-55,2022-12-31,1,203087632,0,0,0
12.091.809/0001-55,2023-03-31,1,203087632,0,0,0
12.091.809/0001-55,2023-06-30,1,239897447,0,0,0
12.091.809/0001-55,2023-09-30,1,239984927,0,0,0
12.091.809/0001-55,2023-12-31,1,239984927,0,0,0
12.091.809/0001-55,2024-03-31,1,240383650,0,0,0
12.091.809/0001-55,2024-06-30,1,240429043,0,0,0
12.091.809/0001-55,2024-09-30,1,464179128,0,14166,0
12.091.809/0001-55,2024-12-31,1,464179128,0,14166,0
12.091.809/0001-55,2025-03-31,1,464180812,0,14166,0
12.091.809/0001-55,2025-06-30,1,464187462,0,14166,0
12.091.809/0001-55,2025-09-30,1,464557268,0,14166,0
12.091.809/0001-55,2025-12-31,1,464557268,0,14166,0
12.091.809/0001-55,2026-03-31,1,464557268,0,14166,0
12.091.809/0001-55,2026-06-30,1,464557268,0,14166,0
12.104.241/0004-02,2020-12-31,1,4050582,0,0,0
12.104.241/0004-02,2021-03-31,1,4050582,0,0,0
12.104.241/0004-02,2021-06-30,1,405058200,0,0,0
12.104.241/0004-02,2021-09-30,1,495357723,0,28371574,0
12.104.241/0004-02,2021-12-31,1,495357723,0,20573688,0
12.104.241/0004-02,2022-03-31,1,495357723,0,20573688,0
12.104.241/0004-02,2022-06-30,1,495357723,0,0,0
12.104.241/0004-02,2022-09-30,1,498185317,0,19071576,0
12.104.241/0004-02,2022-12-31,1,494939864,0,16728889,0
12.104.241/0004-02,2023-03-31,1,494939864,0,0,0
12.104.241/0004-02,2023-06-30,1,527481598,0,19568369,0
12.104.241/0004-02,2023-09-30,1,527481598,0,19571453,0
12.104.241/0004-02,2023-12-31,1,527481598,0,19196692,0
12.104.241/0004-02,2024-03-31,1,527481598,0,19188072,0
12.104.241/0004-02,2024-06-30,1,527481598,0,19076007,0
12.104.241/0004-02,2024-09-30,1,651756313,0,18963632,0
12.104.241/0004-02,2024-12-31,1,651756313,0,18963632,0
12.104.241/0004-02,2025-03-31,1,651756313,0,18936632,0
12.104.241/0004-02,2025-06-30,1,651756313,0,18186319,0
12.104.241/0004-02,2025-09-30,1,651756313,0,18963632,0
12.104.241/0004-02,2025-12-31,1,1132929494,0,14727103,0
12.104.241/0004-02,2026-03-31,2,1132929494,0,14727103,0
12.104.241/0004-02,2026-06-30,1,1135097787,0,12479603,0
12.108.897/0001-50,2020-03-31,1,675473,0,0,0
12.108.897/0001-50,2020-06-30,2,676666,0,0,0
12.108.897/0001-50,2020-09-30,1,50602,0,0,0
12.108.897/0001-50,2020-12-31,3,50602,0,0,0
12.108.897/0001-50,2021-03-31,1,50602,0,0,0
12.108.897/0001-50,2021-06-30,1,50602,0,0,0
12.108.897/0001-50,2021-09-30,1,50602,0,0,0
12.108.897/0001-50,2021-12-31,2,50602,0,0,0
12.108.897/0001-50,2022-03-31,1,50603,0,0,0
12.108.897/0001-50,2022-06-30,1,50603,0,0,0
12.108.897/0001-50,2022-09-30,1,50603,0,0,0
12.108.897/0001-50,2022-12-31,1,50603,0,0,0
12.108.897/0001-50,2023-03-31,1,50603,0,0,0
12.108.897/0001-50,2023-06-30,1,50603,0,0,0
12.108.897/0001-50,2023-09-30,1,50603,0,0,0
12.108.897/0001-50,2023-12-31,3,50603,0,0,0
12.108.897/0001-50,2024-03-31,1,50603,0,0,0
12.108.897/0001-50,2024-06-30,1,50603,0,0,0
12.108.897/0001-50,2024-09-30,1,50603,0,0,0
12.108.897/0001-50,2024-12-31,1,50603,0,0,0
12.108.897/0001-50,2025-03-31,1,50603,0,0,0
12.108.897/0001-50,2025-06-30,1,50603,0,0,0
12.108.897/0001-50,2025-09-30,1,50603,0,0,0
12.108.897/0001-50,2025-12-31,2,50603,0,0,0
12.108.897/0001-50,2026-03-31,1,50603,0,0,0
12.108.897/0001-50,2026-06-30,1,50603,0,0,0
12.130.744/0001-00,2020-03-31,1,400,0,0,0
12.130.744/0001-00,2020-06-30,1,400,0,0,0
12.130.744/0001-00,2020-09-30,1,400,0,0,0
12.130.744/0001-00,2020-12-31,2,400,0,0,0
12.130.744/0001-00,2021-03-31,1,400,0,0,0
12.130.744/0001-00,2021-06-30,1,400,0,0,0
12.130.744/0001-00,2021-09-30,1,400,0,0,0
12.130.744/0001-00,2021-12-31,1,400,0,0,0
12.130.744/0001-00,2022-03-31,1,400,0,0,0
12.139.922/0001-63,2020-03-31,1,134889,0,0,0
12.139.922/0001-63,2020-06-30,1,134889,0,0,0
12.139.922/0001-63,2020-09-30,1,134889,0,0,0
12.139.922/0001-63,2020-12-31,1,134889,0,0,0
12.139.922/0001-63,2021-03-31,1,134889,0,0,0
12.139.922/0001-63,2021-06-30,1,134889,0,0,0
12.139.922/0001-63,2021-09-30,1,134889,0,0,0
12.139.922/0001-63,2021-12-31,1,134889,0,0,0
12.139.922/0001-63,2022-03-31,1,134889,0,0,0
12.139.922/0001-63,2022-06-30,1,134889,0,0,0
12.139.922/0001-63,2022-09-30,1,134889,0,0,0
12.181.987/0001-77,2020-03-31,1,112586770,0,0,0
12.181.987/0001-77,2020-06-30,1,114723940,0,0,0
12.181.987/0001-77,2020-09-30,1,207969341,0,0,0
12.181.987/0001-77,2020-12-31,2,207969341,0,0,0
12.181.987/0001-77,2021-03-31,2,207969341,0,2824100,0
12.181.987/0001-77,2021-06-30,1,207969341,0,4783600,0
12.181.987/0001-77,2021-09-30,1,207969341,0,5784900,0
12.181.987/0001-77,2021-12-31,1,207969341,0,5784900,0
12.181.987/0001-77,2022-03-31,1,207969341,5784900,0,0
12.181.987/0001-77,2022-06-30,2,207969341,0,5784900,0
12.181.987/0001-77,2022-09-30,1,207969341,0,5784900,0
12.181.987/0001-77,2022-12-31,3,207969341,0,5784900,0
12.181.987/0001-77,2023-03-31,1,206269341,0,4084900,0
12.181.987/0001-77,2023-06-30,1,206269341,0,3550337,0
12.181.987/0001-77,2023-09-30,1,206269341,0,3550937,0
12.181.987/0001-77,2023-12-31,1,206269341,0,3550937,0
12.181.987/0001-77,2024-03-31,1,206269341,0,3550937,0
12.181.987/0001-77,2024-06-30,1,206269341,0,2308417,0
12.181.987/0001-77,2024-09-30,1,206269341,0,2308417,0
12.181.987/0001-77,2024-12-31,2,206269341,0,1997198,0
12.181.987/0001-77,2025-03-31,1,206269341,0,1997198,0
12.181.987/0001-77,2025-06-30,1,206269341,0,763586,0
12.181.987/0001-77,2025-09-30,1,206269341,0,752289,0
12.181.987/0001-77,2025-12-31,1,206269341,0,752289,0
12.181.987/0001-77,2026-03-31,1,206269341,0,3816689,0
12.181.987/0001-77,2026-06-30,1,206269341,0,3347527,0
12.261.588/0001-16,2020-03-31,1,500,0,0,0
12.261.588/0001-16,2020-06-30,1,500,0,0,0
12.261.588/0001-16,2020-09-30,1,500,0,0,0
12.261.588/0001-16,2020-12-31,1,500,0,0,0
12.261.588/0001-16,2021-03-31,1,500,0,0,0
12.261.588/0001-16,2021-06-30,1,500,0,0,0
12.261.588/0001-16,2021-09-30,1,500,0,0,0
12.261.588/0001-16,2021-12-31,1,500,0,0,0
12.261.588/0001-16,2022-03-31,1,500,0,0,0
12.261.588/0001-16,2022-06-30,1,500,0,0,0
12.261.588/0001-16,2022-09-30,1,500,0,0,0
12.300.288/0001-07,2020-03-31,1,13360658,0,0,0
12.300.288/0001-07,2020-06-30,1,13360658,0,0,0
12.300.288/0001-07,2020-09-30,1,13362320899,0,0,0
12.300.288/0001-07,2020-12-31,1,13363568,0,0,0
12.300.288/0001-07,2021-03-31,1,13396000000,0,0,0
12.300.288/0001-07,2021-06-30,1,13366062,0,0,0
12.300.288/0001-07,2021-09-30,1,13367309,0,0,0
12.300.288/0001-07,2021-12-31,1,13396000,0,0,0
12.300.288/0001-07,2022-03-31,1,13369804,0,0,0
12.300.288/0001-07,2022-06-30,1,13371051,0,0,0
12.300.288/0001-07,2022-09-30,1,13372298,0,0,0
12.300.288/0001-07,2022-12-31,1,13396000,0,0,0
12.300.288/0001-07,2023-03-31,1,13396000,0,0,0
12.300.288/0001-07,2023-06-30,1,13396000,0,0,0
12.300.288/0001-07,2023-09-30,2,13396000,0,0,0
12.300.288/0001-07,2023-12-31,2,13396000,0,0,0
12.300.288/0001-07,2024-03-31,1,13396000,0,0,0
12.300.288/0001-07,2024-06-30,1,13396000,0,0,0
12.300.288/0001-07,2024-09-30,1,13396000,0,0,0
12.300.288/0001-07,2024-12-31,3,13396000,0,0,0
12.300.288/0001-07,2025-03-31,1,13396000,0,0,0
12.300.288/0001-07,2025-06-30,1,13396000,0,0,0
12.300.288/0001-07,2025-09-30,1,13396000,0,0,0
12.300.288/0001-07,2025-12-31,2,13396000,0,0,0
12.300.288/0001-07,2026-03-31,1,13396000,0,0,0
12.300.288/0001-07,2026-06-30,1,13396000,0,0,0
12.320.349/0001-90,2020-03-31,1,827,0,0,0
12.320.349/0001-90,2020-06-30,1,827,0,0,0
12.320.349/0001-90,2020-09-30,1,827,0,0,0
12.320.349/0001-90,2020-12-31,1,827,0,0,0
12.320.349/0001-90,2021-03-31,1,827,0,0,0
12.320.349/0001-90,2021-06-30,1,827,0,0,0
12.320.349/0001-90,2021-09-30,1,827,0,0,0
12.320.349/0001-90,2021-12-31,1,827,0,0,0
12.320.349/0001-90,2022-03-31,1,827,0,0,0
12.320.349/0001-90,2022-06-30,1,827,0,0,0
12.320.349/0001-90,2022-09-30,1,827,0,0,0
12.320.349/0001-90,2022-12-31,1,827,0,0,0
12.320.349/0001-90,2023-03-31,1,827,0,0,0
12.320.349/0001-90,2023-06-30,1,827,0,0,0
12.320.349/0001-90,2023-09-30,1,827,0,0,0
12.420.164/0001-57,2020-12-31,1,248079360,0,0,0
12.420.164/0001-57,2021-03-31,1,245889944,0,0,0
12.420.164/0001-57,2021-06-30,1,245889944,0,0,0
12.420.164/0001-57,2021-09-30,1,286123360,0,0,0
12.420.164/0001-57,2021-12-31,2,286123360,0,0,0
12.420.164/0001-57,2022-03-31,1,286123360,0,2623600,0
12.420.164/0001-57,2022-06-30,1,286123360,0,2773600,0
12.420.164/0001-57,2022-09-30,1,286123360,0,2773600,0
12.420.164/0001-57,2022-12-31,1,286123360,0,2773600,0
12.420.164/0001-57,2023-03-31,1,286123360,0,2773600,0
12.420.164/0001-57,2023-06-30,1,286123360,0,2773600,0
12.420.164/0001-57,2023-09-30,1,322820608,0,2773600,0
12.420.164/0001-57,2023-12-31,1,322820608,0,2773600,0
12.420.164/0001-57,2024-03-31,1,322820608,0,4326200,0
12.420.164/0001-57,2024-06-30,1,322820608,0,4326200,0
12.420.164/0001-57,2024-09-30,1,322820608,0,7012300,0
12.420.164/0001-57,2024-12-31,1,322820608,0,7012300,0
12.420.164/0001-57,2025-03-31,1,322820608,0,7012300,0
12.420.164/0001-57,2025-06-30,1,322820608,0,7012300,0
12.420.164/0001-57,2025-09-30,1,322820608,0,7012300,0
12.420.164/0001-57,2025-12-31,2,322820608,0,7012300,0
12.420.164/0001-57,2026-03-31,1,322820608,0,7012300,0
12.420.164/0001-57,2026-06-30,1,322820608,0,7012300,0
12.489.315/0001-23,2020-03-31,1,807080529,0,0,0
12.489.315/0001-23,2020-06-30,1,807080529,0,0,0
12.489.315/0001-23,2020-09-30,1,807080529,0,0,0
12.489.315/0001-23,2020-12-31,1,807080529,0,0,0
12.489.315/0001-23,2021-03-31,1,807080529,0,0,0
12.489.315/0001-23,2021-06-30,1,807080529,0,0,0
12.489.315/0001-23,2021-09-30,1,807080529,0,0,0
12.489.315/0001-23,2021-12-31,1,807080529,0,0,0
12.489.315/0001-23,2022-03-31,1,807080529,0,0,0
12.489.315/0001-23,2022-06-30,1,807080529,0,0,0
12.489.315/0001-23,2022-09-30,1,807080529,0,0,0
12.489.315/0001-23,2022-12-31,1,807080529,0,0,0
12.489.315/0001-23,2023-03-31,2,807080529,0,0,0
12.489.315/0001-23,2023-06-30,1,807080529,0,0,0
12.489.315/0001-23,2023-09-30,1,807080529,0,0,0
12.489.315/0001-23,2023-12-31,1,807080529,0,0,0
12.489.315/0001-23,2024-03-31,1,807080529,0,0,0
12.489.315/0001-23,2024-06-30,1,807080529,0,0,0
12.489.315/0001-23,2024-09-30,1,807080529,0,0,0
12.489.315/0001-23,2024-12-31,1,807080529,0,0,0
12.489.315/0001-23,2025-03-31,1,807080529,0,0,0
12.489.315/0001-23,2025-06-30,1,807080529,0,0,0
12.489.315/0001-23,2025-09-30,1,807080529,0,0,0
12.489.315/0001-23,2025-12-31,2,807080529,0,0,0
12.489.315/0001-23,2026-03-31,1,807080529,0,0,0
12.489.315/0001-23,2026-06-30,1,807080529,0,0,0
12.528.708/0001-07,2020-03-31,1,609670554,0,0,0
12.528.708/0001-07,2020-06-30,1,609670554,0,0,0
12.528.708/0001-07,2020-09-30,2,615828842,0,0,0
12.528.708/0001-07,2020-12-31,3,766213456,0,0,0
12.528.708/0001-07,2021-03-31,1,766213456,0,0,0
12.528.708/0001-07,2021-06-30,1,766213456,0,0,0
12.528.708/0001-07,2021-09-30,1,766213456,0,0,0
12.528.708/0001-07,2021-12-31,1,766213456,0,3000000,0
12.528.708/0001-07,2022-03-31,1,766213456,0,3900000,0
12.528.708/0001-07,2022-06-30,1,766213456,0,3661022,0
12.528.708/0001-07,2022-09-30,1,766213456,0,3661022,0
12.528.708/0001-07,2022-12-31,2,766213456,0,18422044,0
12.528.708/0001-07,2023-03-31,1,766213456,0,18422044,0
12.528.708/0001-07,2023-06-30,1,766213456,0,18422044,0
12.528.708/0001-07,2023-09-30,1,766213456,0,18183066,0
12.528.708/0001-07,2023-12-31,1,1242403933,0,17944088,0
12.528.708/0001-07,2024-03-31,1,1242403933,0,17944088,0
12.528.708/0001-07,2024-06-30,1,62120196,0,885255,0
12.528.708/0001-07,2024-09-30,1,62120196,0,835255,0
12.528.708/0001-07,2024-12-31,3,62120196,0,823306,0
12.528.708/0001-07,2025-03-31,1,62120196,0,757772,0
12.528.708/0001-07,2025-06-30,1,62120196,0,757772,0
12.528.708/0001-07,2025-09-30,1,62120196,0,732772,0
12.528.708/0001-07,2025-12-31,1,62120196,0,732772,0
12.528.708/0001-07,2026-03-31,1,62120196,0,657772,0
12.528.708/0001-07,2026-06-30,1,62120196,0,657772,0
12.592.831/0001-89,2021-03-31,1,2260490292,10,0,0
12.592.831/0001-89,2021-06-30,1,2260490292,10,0,0
12.592.831/0001-89,2021-09-30,1,2260490292,10,0,0
12.592.831/0001-89,2021-12-31,1,2260490292,10,0,0
12.592.831/0001-89,2022-03-31,1,2260490292,10,0,0
12.592.831/0001-89,2022-06-30,1,2260490292,10,0,0
12.592.831/0001-89,2022-09-30,1,2260490292,10,0,0
12.592.831/0001-89,2022-12-31,1,2260490292,10,0,0
12.592.831/0001-89,2023-03-31,1,2260490292,10,0,0
12.592.831/0001-89,2023-06-30,1,2260490292,10,0,0
12.592.831/0001-89,2023-09-30,1,2260490292,10,0,0
12.592.831/0001-89,2023-12-31,1,2260490292,10,0,0
12.592.831/0001-89,2024-03-31,1,2260490292,10,0,0
12.592.831/0001-89,2024-06-30,1,2260490292,10,0,0
12.592.831/0001-89,2024-09-30,1,2260490292,10,0,0
12.592.831/0001-89,2024-12-31,2,2260490292,10,0,0
12.592.831/0001-89,2025-03-31,1,2260490292,10,0,0
12.592.831/0001-89,2025-06-30,1,2260490292,10,0,0
12.592.831/0001-89,2025-09-30,1,2260490292,10,0,0
12.592.831/0001-89,2025-12-31,1,2260490292,10,0,0
12.592.831/0001-89,2026-03-31,1,2260490292,10,0,0
12.592.831/0001-89,2026-06-30,1,2260490292,10,0,0
12.648.266/0001-24,2020-03-31,2,69202254,0,0,0
12.648.266/0001-24,2020-06-30,1,69202254,0,0,0
12.648.266/0001-24,2020-09-30,1,112935588,0,0,0
12.648.266/0001-24,2020-12-31,2,112935588,0,0,0
12.648.266/0001-24,2021-03-31,1,112935588,0,0,0
12.648.266/0001-24,2021-06-30,1,112935588,0,0,0
12.648.266/0001-24,2021-09-30,1,112935588,0,0,0
12.648.266/0001-24,2021-12-31,1,112935588,0,0,0
12.648.266/0001-24,2022-03-31,2,112935588,0,0,0
12.648.266/0001-24,2022-06-30,3,112935588,0,0,0
12.648.266/0001-24,2022-09-30,1,112935588,0,0,0
12.648.266/0001-24,2022-12-31,1,112935588,0,0,0
12.648.266/0001-24,2023-03-31,1,112935588,0,0,0
12.648.266/0001-24,2023-06-30,1,112935588,0,0,0
12.648.266/0001-24,2023-09-30,1,112935588,0,0,0
12.648.266/0001-24,2023-12-31,3,167041869,0,0,0
12.648.266/0001-24,2024-03-31,1,167041869,0,0,0
12.648.266/0001-24,2024-06-30,2,167041869,0,4579660,0
12.648.266/0001-24,2024-09-30,2,167041869,0,51,0
12.648.266/0001-24,2024-12-31,2,167041869,0,244100,0
12.648.266/0001-24,2025-03-31,1,167041869,0,479100,0
12.648.266/0001-24,2025-06-30,1,167041869,0,357398,0
12.648.327/0001-53,2020-03-31,1,748610,0,0,0
12.648.327/0001-53,2020-06-30,1,748610,0,0,0
12.648.327/0001-53,2020-09-30,1,760382,0,0,0
12.648.327/0001-53,2020-12-31,1,760383,0,0,0
12.648.327/0001-53,2021-03-31,1,760383,0,0,0
12.648.327/0001-53,2021-06-30,1,760383,0,0,0
12.648.327/0001-53,2021-09-30,1,760383,0,0,0
12.648.327/0001-53,2021-12-31,1,760383,0,0,0
12.648.327/0001-53,2022-03-31,1,760383,0,0,0
12.648.327/0001-53,2022-06-30,1,760383,0,0,0
12.648.327/0001-53,2022-09-30,1,760383,0,0,0
12.648.327/0001-53,2022-12-31,1,760383,0,0,0
12.648.327/0001-53,2023-03-31,1,760383,0,0,0
12.648.327/0001-53,2023-06-30,1,760383,0,0,0
12.648.327/0001-53,2023-09-30,1,760383,0,0,0
12.648.327/0001-53,2023-12-31,1,760383,0,0,0
12.648.327/0001-53,2024-03-31,1,760383,0,0,0
12.648.327/0001-53,2024-06-30,1,760383,0,0,0
12.648.327/0001-53,2024-09-30,1,760383,0,0,0
12.648.327/0001-53,2024-12-31,1,760383,0,0,0
12.648.327/0001-53,2025-03-31,1,760383,0,0,0
12.648.327/0001-53,2025-06-30,1,1360382,0,0,0
12.648.327/0001-53,2025-09-30,1,1360382,0,0,0
12.648.327/0001-53,2025-12-31,1,1360382,0,0,0
12.648.327/0001-53,2026-03-31,1,1360382,0,0,0
12.648.327/0001-53,2026-06-30,1,1360382,0,0,0
12.919.786/0001-24,2020-03-31,1,8116936,0,0,0
12.919.786/0001-24,2020-06-30,1,8116936,0,0,0
12.919.786/0001-24,2020-09-30,1,8116936,0,0,0
12.919.786/0001-24,2020-12-31,2,8116936,0,0,0
12.919.786/0001-24,2021-03-31,1,8116936,0,0,0
12.919.786/0001-24,2021-06-30,1,8116936,0,0,0
12.919.786/0001-24,2021-09-30,1,8116936,0,0,0
12.919.786/0001-24,2021-12-31,1,8116936,0,0,0
12.919.786/0001-24,2022-03-31,1,8116936,0,0,0
12.919.786/0001-24,2022-06-30,1,8116936,0,0,0
12.919.786/0001-24,2022-09-30,1,8116936,0,0,0
12.919.786/0001-24,2022-12-31,1,8116936,0,0,0
12.919.786/0001-24,2023-03-31,1,8116936,0,0,0
12.919.786/0001-24,2023-06-30,1,8116936,0,0,0
12.919.786/0001-24,2023-09-30,1,8116936,0,0,0
12.919.786/0001-24,2023-12-31,1,8116936,0,0,0
12.919.786/0001-24,2024-03-31,1,8116936,0,0,0
12.919.786/0001-24,2024-06-30,1,8116936,0,0,0
12.919.786/0001-24,2024-09-30,1,8116936,0,0,0
12.919.786/0001-24,2024-12-31,1,8116936,0,0,0
12.919.786/0001-24,2025-03-31,1,8116936,0,0,0
12.979.898/0001-70,2020-03-31,1,555000,0,0,0
12.979.898/0001-70,2020-06-30,1,1584600,0,0,0
12.979.898/0001-70,2020-09-30,1,1584600,0,0,0
12.979.898/0001-70,2020-12-31,1,1584600,0,0,0
12.979.898/0001-70,2021-03-31,1,1584600,0,0,0
12.979.898/0001-70,2021-06-30,1,3007777,0,0,0
12.979.898/0001-70,2021-09-30,1,3007777,0,0,0
12.979.898/0001-70,2021-12-31,1,3007777,0,0,0
12.979.898/0001-70,2022-03-31,1,21946491,0,0,0
13.009.717/0001-46,2020-03-31,1,7642545,7642545,0,0
13.009.717/0001-46,2020-06-30,1,7642545,7642545,0,0
13.009.717/0001-46,2020-09-30,3,7642545,7642545,0,0
13.009.717/0001-46,2020-12-31,1,7642545,7642545,0,0
13.009.717/0001-46,2021-03-31,1,7642545,7642545,0,0
13.009.717/0001-46,2021-06-30,1,7642545,7642545,0,0
13.009.717/0001-46,2021-09-30,1,7642545,7642545,0,0
13.009.717/0001-46,2021-12-31,1,7642545,7642545,0,0
13.009.717/0001-46,2022-03-31,1,7642545,7642545,0,0
13.009.717/0001-46,2022-06-30,2,7642545,7642545,0,0
13.009.717/0001-46,2022-09-30,1,7642545,7642545,0,0
13.009.717/0001-46,2022-12-31,1,7642545,7642545,0,0
13.009.717/0001-46,2023-03-31,1,7642545,7642545,0,0
13.009.717/0001-46,2023-06-30,1,7642545,7642545,0,0
13.009.717/0001-46,2023-09-30,1,8452990,8452990,0,0
13.009.717/0001-46,2023-12-31,1,8896776,8896776,0,0
13.009.717/0001-46,2024-03-31,1,8896776,8896776,0,0
13.009.717/0001-46,2024-06-30,1,8896776,8896776,0,0
13.009.717/0001-46,2024-09-30,1,9279477,9279477,0,0
13.009.717/0001-46,2024-12-31,2,9761354,9761354,0,0
13.009.717/0001-46,2025-03-31,1,9761354,9761354,0,0
13.009.717/0001-46,2025-06-30,1,10774114,10774114,0,0
13.009.717/0001-46,2025-09-30,1,10774114,10774114,0,0
13.009.717/0001-46,2025-12-31,1,10774114,10774114,0,0
13.009.717/0001-46,2026-03-31,1,10774114,10774114,0,0
13.009.717/0001-46,2026-06-30,3,11540870,11540870,0,0
13.017.462/0001-63,2020-03-31,1,195509,0,0,0
13.017.462/0001-63,2020-06-30,1,195509,0,0,0
13.017.462/0001-63,2020-09-30,1,195509,0,0,0
13.017.462/0001-63,2020-12-31,1,195509,0,0,0
13.017.462/0001-63,2021-03-31,1,195509,0,0,0
13.017.462/0001-63,2021-06-30,1,195509,0,0,0
13.017.462/0001-63,2021-09-30,1,195509,0,0,0
13.017.462/0001-63,2021-12-31,1,195509,0,0,0
13.017.462/0001-63,2022-03-31,1,195509,0,0,0
13.017.462/0001-63,2022-06-30,1,195509,0,0,0
13.017.462/0001-63,2022-09-30,1,195509,0,0,0
13.017.462/0001-63,2022-12-31,2,195509,0,0,0
13.017.462/0001-63,2023-03-31,1,195509,0,0,0
13.017.462/0001-63,2023-06-30,1,195509,0,0,0
13.017.462/0001-63,2023-09-30,1,195509,0,0,0
13.017.462/0001-63,2023-12-31,1,195509,0,0,0
13.017.462/0001-63,2024-03-31,2,195509,0,0,0
13.017.462/0001-63,2024-06-30,1,195509,0,0,0
13.017.462/0001-63,2024-09-30,1,195509,0,0,0
13.017.462/0001-63,2024-12-31,1,195509,0,0,0
13.017.462/0001-63,2025-03-31,1,195509,0,0,0
13.017.462/0001-63,2025-06-30,1,195509,0,0,0
13.017.462/0001-63,2025-09-30,1,195509,0,0,0
13.017.462/0001-63,2025-12-31,1,195509,0,0,0
13.017.462/0001-63,2026-03-31,1,195509,0,0,0
13.017.462/0001-63,2026-06-30,1,195509,0,0,0
13.217.485/0001-11,2020-03-31,1,241015279,0,0,0
13.217.485/0001-11,2020-06-30,1,241784625,0,0,0
13.217.485/0001-11,2020-09-30,1,241808625,0,0,0
13.217.485/0001-11,2020-12-31,1,241889833,0,0,0
13.217.485/0001-11,2021-03-31,1,241889833,0,0,0
13.217.485/0001-11,2021-06-30,1,242090125,0,0,0
13.217.485/0001-11,2021-09-30,1,242958522,0,0,0
13.217.485/0001-11,2021-12-31,1,242998022,0,0,0
13.217.485/0001-11,2022-03-31,2,242998022,0,0,0
13.217.485/0001-11,2022-06-30,1,242998022,0,0,0
13.217.485/0001-11,2022-09-30,1,243596138,0,0,0
13.217.485/0001-11,2022-12-31,1,243596138,0,0,0
13.217.485/0001-11,2023-03-31,1,243596138,0,0,0
13.217.485/0001-11,2023-06-30,1,243596138,0,0,0
13.217.485/0001-11,2023-09-30,1,243689007,0,0,0
13.217.485/0001-11,2023-12-31,2,243688980,0,0,0
13.217.485/0001-11,2024-03-31,1,243688980,0,0,0
13.217.485/0001-11,2024-06-30,1,243737164,0,0,0
13.217.485/0001-11,2024-09-30,1,243797164,0,0,0
13.217.485/0001-11,2024-12-31,2,240408980,0,3604000,0
13.217.485/0001-11,2025-03-31,2,244012980,0,11757800,0
13.217.485/0001-11,2025-06-30,1,244012980,0,11757800,0
13.217.485/0001-11,2025-09-30,1,230265713,0,14289617,0
13.217.485/0001-11,2025-12-31,1,230265713,0,14289617,0
13.217.485/0001-11,2026-03-31,1,230265713,0,14289617,0
13.217.485/0001-11,2026-06-30,1,230663994,0,0,0
13.270.520/0001-66,2020-12-31,1,20692667,0,0,0
13.270.520/0001-66,2021-03-31,1,413853340,0,0,0
13.270.520/0001-66,2021-06-30,1,643738,0,0,0
13.270.520/0001-66,2021-09-30,1,765255175,0,0,0
13.270.520/0001-66,2021-12-31,1,767173651,0,0,0
13.270.520/0001-66,2022-03-31,2,767223,0,0,0
13.270.520/0001-66,2022-06-30,1,771768,0,5394,0
13.270.520/0001-66,2022-09-30,1,772232,0,5394,0
13.270.520/0001-66,2022-12-31,1,772231,0,5394,0
13.270.520/0001-66,2023-03-31,1,773348,0,5394,0
13.270.520/0001-66,2023-06-30,1,773348,0,5394,0
13.270.520/0001-66,2023-09-30,1,773348,0,4867,0
13.270.520/0001-66,2023-12-31,1,773348,0,4867,0
13.270.520/0001-66,2024-03-31,1,773348,0,4867,0
13.270.520/0001-66,2024-06-30,1,773348,0,4806,0
13.270.520/0001-66,2024-09-30,1,773348,0,4307,0
13.270.520/0001-66,2024-12-31,1,77334806,0,430063,0
13.270.520/0001-66,2025-03-31,1,773348,0,4307,0
13.270.520/0001-66,2025-06-30,1,773348,0,4307,0
13.270.520/0001-66,2025-09-30,1,773348,0,4307,0
13.270.520/0001-66,2025-12-31,1,77334806,0,430063,0
13.270.520/0001-66,2026-03-31,1,77335,0,430,0
13.270.520/0001-66,2026-06-30,1,77335,0,430,0
13.349.677/0001-81,2020-03-31,1,1357907,0,0,0
13.349.677/0001-81,2020-06-30,1,1358,0,0,0
13.349.677/0001-81,2020-09-30,1,1358,0,0,0
13.349.677/0001-81,2020-12-31,1,1358,0,0,0
13.349.677/0001-81,2021-03-31,1,1358,0,0,0
13.349.677/0001-81,2021-06-30,1,1358,0,0,0
13.349.677/0001-81,2021-09-30,1,1358,0,0,0
13.349.677/0001-81,2021-12-31,1,1358,0,0,0
13.349.677/0001-81,2022-03-31,1,1358,0,0,0
13.349.677/0001-81,2022-06-30,1,1358,0,0,0
13.444.994/0001-87,2020-03-31,1,2900,0,0,0
13.444.994/0001-87,2020-06-30,1,2900,0,0,0
13.444.994/0001-87,2020-09-30,1,2900,0,0,0
13.444.994/0001-87,2020-12-31,1,2900,0,0,0
13.444.994/0001-87,2021-03-31,1,2900,0,0,0
13.444.994/0001-87,2021-06-30,1,2900,0,0,0
13.444.994/0001-87,2021-09-30,1,2900,0,0,0
13.444.994/0001-87,2021-12-31,1,2900,0,0,0
13.444.994/0001-87,2022-03-31,1,2900,0,0,0
13.444.994/0001-87,2022-06-30,1,2900,0,0,0
13.444.994/0001-87,2022-09-30,1,2900,0,0,0
13.444.994/0001-87,2022-12-31,1,2900,0,0,0
13.444.994/0001-87,2023-03-31,1,2900,0,0,0
13.444.994/0001-87,2023-06-30,1,2306,0,594,0
13.444.994/0001-87,2023-09-30,1,2307,0,593,0
13.444.994/0001-87,2023-12-31,1,2306,0,594,0
13.444.994/0001-87,2024-03-31,1,2306,0,594,0
13.444.994/0001-87,2024-06-30,1,2306,0,0,0
13.444.994/0001-87,2024-09-30,1,2306,0,0,0
13.444.994/0001-87,2024-12-31,1,2306,0,0,0
13.444.994/0001-87,2025-03-31,1,2306,0,0,0
13.444.994/0001-87,2025-06-30,1,2306,0,0,0
13.444.994/0001-87,2025-09-30,1,2306,0,0,0
13.444.994/0001-87,2025-12-31,1,2306,0,0,0
13.444.994/0001-87,2026-03-31,1,2306,0,0,0
13.444.994/0001-87,2026-06-30,1,2306,0,0,0
13.457.942/0001-45,2020-03-31,1,1000,0,0,0
13.457.942/0001-45,2020-06-30,1,1000,0,0,0
13.457.942/0001-45,2020-09-30,1,1000,0,0,0
13.457.942/0001-45,2020-12-31,1,50000000,0,0,0
13.457.942/0001-45,2021-03-31,1,50000000,0,0,0
13.457.942/0001-45,2021-06-30,1,50000000,0,0,0
13.457.942/0001-45,2021-09-30,1,50572156,0,0,0
13.457.942/0001-45,2021-12-31,1,51919803,0,0,0
13.457.942/0001-45,2022-03-31,1,66584334,0,0,0
13.457.942/0001-45,2022-06-30,1,66584334,0,0,0
13.457.942/0001-45,2022-09-30,1,66584334,0,0,0
13.457.942/0001-45,2022-12-31,1,66584334,0,0,0
13.483.537/0001-00,2020-03-31,1,18895,0,0,0
13.483.537/0001-00,2020-06-30,1,18895,0,0,0
13.483.537/0001-00,2020-09-30,1,18895,0,0,0
13.483.537/0001-00,2020-12-31,1,18895,0,0,0
13.483.537/0001-00,2021-03-31,1,18895,0,0,0
13.522.948/0001-59,2021-12-31,1,10010000,0,0,0
13.522.948/0001-59,2022-03-31,1,11010000,0,0,0
13.522.948/0001-59,2022-06-30,1,11010000,0,0,0
13.522.948/0001-59,2022-09-30,1,11010000,0,0,0
13.522.948/0001-59,2022-12-31,1,11010000,0,0,0
13.522.948/0001-59,2023-03-31,1,11010000,0,0,0
13.522.948/0001-59,2023-06-30,1,11010000,0,0,0
13.522.948/0001-59,2023-09-30,1,11010000,0,0,0
13.522.948/0001-59,2023-12-31,1,11010000,0,0,0
13.522.948/0001-59,2024-03-31,1,11010000,0,0,0
13.522.948/0001-59,2024-06-30,1,11010000,0,0,0
13.522.948/0001-59,2024-09-30,1,11010000,0,0,0
13.574.594/0001-96,2020-03-31,1,228105447,0,1222719,0
13.574.594/0001-96,2020-06-30,1,228105447,0,1222719,0
13.574.594/0001-96,2020-09-30,1,228105447,0,1222719,0
13.574.594/0001-96,2020-12-31,1,275355447,0,1222719,0
13.574.594/0001-96,2021-03-31,1,275355447,0,1222719,0
13.574.594/0001-96,2021-06-30,1,275355447,0,1222719,0
13.574.594/0001-96,2021-09-30,1,275355447,0,1222719,0
13.574.594/0001-96,2021-12-31,1,275355447,0,1222719,0
13.574.594/0001-96,2022-03-31,1,275355447,0,2951979,0
13.574.594/0001-96,2022-06-30,1,275355447,0,5809279,0
13.574.594/0001-96,2022-09-30,2,275355447,0,5861523,0
13.574.594/0001-96,2022-12-31,1,275355447,0,8861523,0
13.574.594/0001-96,2023-03-31,1,275355447,0,8582468,0
13.574.594/0001-96,2023-06-30,1,275355447,0,8582468,0
13.574.594/0001-96,2023-09-30,1,275355447,0,8582468,0
13.574.594/0001-96,2023-12-31,1,275355447,0,8582468,0
13.574.594/0001-96,2024-03-31,1,275355447,0,3570968,0
13.574.594/0001-96,2024-06-30,1,275355447,0,3570968,0
13.574.594/0001-96,2024-09-30,2,275355447,0,7352024,0
13.574.594/0001-96,2024-12-31,1,406934395,0,8023038,0
13.574.594/0001-96,2025-03-31,1,406934395,0,8020991,0
13.574.594/0001-96,2025-06-30,1,406934395,0,8010152,0
13.574.594/0001-96,2025-09-30,1,406934395,0,8010152,0
13.574.594/0001-96,2025-12-31,1,406934395,0,8010152,0
13.574.594/0001-96,2026-03-31,1,406934395,0,8010152,0
13.574.594/0001-96,2026-06-30,1,406934,0,8010,0
13.584.310/0001-42,2020-03-31,1,1000,0,0,0
13.584.310/0001-42,2020-06-30,1,1000,0,0,0
13.584.310/0001-42,2020-09-30,1,1000,0,0,0
13.584.310/0001-42,2020-12-31,1,1000,0,0,0
13.584.310/0001-42,2021-03-31,1,1000,0,0,0
13.584.310/0001-42,2021-06-30,1,1000,0,0,0
13.584.310/0001-42,2021-09-30,1,1000,0,0,0
13.584.310/0001-42,2021-12-31,1,1000,0,0,0
13.584.310/0001-42,2022-03-31,1,1000,0,0,0
13.584.310/0001-42,2022-06-30,1,1000,0,0,0
13.584.310/0001-42,2022-09-30,2,1000,0,0,0
13.584.310/0001-42,2022-12-31,2,1000,0,0,0
13.584.310/0001-42,2023-03-31,2,1000,0,0,0
13.584.310/0001-42,2023-06-30,1,1000,0,0,0
13.584.310/0001-42,2023-09-30,1,32428,0,0,0
13.584.310/0001-42,2023-12-31,1,32428,0,0,0
13.584.310/0001-42,2024-03-31,1,32428,0,0,0
13.584.310/0001-42,2024-06-30,1,32428,0,0,0
13.584.310/0001-42,2024-09-30,1,32428,0,0,0
13.584.310/0001-42,2024-12-31,1,32428,0,0,0
13.783.221/0004-78,2020-12-31,2,31724641,0,0,0
13.783.221/0004-78,2021-03-31,1,31724641,0,0,0
13.783.221/0004-78,2021-06-30,1,31724641,0,0,0
13.783.221/0004-78,2021-09-30,1,317246410,0,0,0
13.783.221/0004-78,2021-12-31,2,314820171,31541101,0,0
13.783.221/0004-78,2022-03-31,1,314820171,31541101,0,0
13.783.221/0004-78,2022-06-30,1,314820,31541,0,0
13.783.221/0004-78,2022-09-30,1,314820171,31541101,0,0
13.783.221/0004-78,2022-12-31,2,314820171,31541101,0,0
13.783.221/0004-78,2023-03-31,1,314820171,31541101,0,0
13.783.221/0004-78,2023-06-30,1,314820171,31541101,0,0
13.783.221/0004-78,2023-09-30,2,314820171,31541101,0,0
13.783.221/0004-78,2023-12-31,1,314820171,31541101,0,0
13.783.221/0004-78,2024-03-31,1,314820171,31541101,0,0
13.783.221/0004-78,2024-06-30,1,314820171,31541101,0,0
13.783.221/0004-78,2024-09-30,1,314820171,31541101,0,0
13.783.221/0004-78,2024-12-31,1,314820171,31541101,0,0
13.783.221/0004-78,2025-03-31,1,314820171,31541101,0,0
13.783.221/0004-78,2025-06-30,1,314820171,31541101,0,0
13.783.221/0004-78,2025-09-30,1,314820171,31541101,0,0
13.783.221/0004-78,2025-12-31,1,314820171,31541101,0,0
13.783.221/0004-78,2026-03-31,1,314820171,31541101,0,0
13.783.221/0004-78,2026-06-30,1,314820171,31541101,0,0
13.788.120/0001-47,2020-03-31,1,14518,16967,0,0
14.110.585/0001-07,2020-03-31,1,5283012,0,0,0
14.110.585/0001-07,2020-06-30,1,5283012,0,0,0
14.110.585/0001-07,2020-09-30,1,92965249,0,0,0
14.110.585/0001-07,2020-12-31,1,126433000,0,0,0
14.110.585/0001-07,2021-03-31,1,126433000,0,0,0
14.110.585/0001-07,2021-06-30,2,126433000,0,0,0
14.110.585/0001-07,2021-09-30,2,803598000,0,591077,0
14.110.585/0001-07,2021-12-31,1,803598000,0,2279062,0
14.110.585/0001-07,2022-03-31,2,803670000,0,2070620,0
14.110.585/0001-07,2022-06-30,1,864916071,0,0,0
14.110.585/0001-07,2022-09-30,1,864924254,0,0,0
14.110.585/0001-07,2022-12-31,2,864931939,0,0,0
14.110.585/0001-07,2023-03-31,1,865180443,0,0,0
14.110.585/0001-07,2023-06-30,1,86518044,0,0,0
14.110.585/0001-07,2023-09-30,1,86560518,0,0,0
14.110.585/0001-07,2023-12-31,1,86580215,0,0,0
14.110.585/0001-07,2024-03-31,1,86957953,0,0,0
14.110.585/0001-07,2024-06-30,1,86957953,0,0,0
14.110.585/0001-07,2024-09-30,1,87169265,0,0,0
14.110.585/0001-07,2024-12-31,1,87169265,0,0,0
14.110.585/0001-07,2025-03-31,1,87173826,0,0,0
14.110.585/0001-07,2025-06-30,1,112695889,0,0,0
14.110.585/0001-07,2025-09-30,1,112982780,0,0,0
14.110.585/0001-07,2025-12-31,1,113222554,0,0,0
14.110.585/0001-07,2026-03-31,1,113226097,0,0,0
14.110.585/0001-07,2026-06-30,1,113226097,0,0,0
14.127.813/0001-51,2020-12-31,1,31367018,0,0,0
14.127.813/0001-51,2021-03-31,1,34160355,0,0,0
14.127.813/0001-51,2021-06-30,1,50224613,0,0,0
14.127.813/0001-51,2021-09-30,1,50224613,0,0,0
14.127.813/0001-51,2021-12-31,1,50224613,0,0,0
14.127.813/0001-51,2022-03-31,1,50224613,0,0,0
14.127.813/0001-51,2022-06-30,1,50224613,0,0,0
14.127.813/0001-51,2022-09-30,1,50224613,0,0,0
14.127.813/0001-51,2022-12-31,1,50224613,0,0,0
14.127.813/0001-51,2023-03-31,1,50797017,0,0,0
14.127.813/0001-51,2023-06-30,1,50797017,0,0,0
14.127.813/0001-51,2023-09-30,1,50797017,0,0,0
14.127.813/0001-51,2023-12-31,1,50797017,0,0,0
14.127.813/0001-51,2024-03-31,1,50855716,0,0,0
14.127.813/0001-51,2024-06-30,1,50855716,0,0,0
14.127.813/0001-51,2024-09-30,1,50855716,0,0,0
14.127.813/0001-51,2024-12-31,1,50855716,0,0,0
14.127.813/0001-51,2025-03-31,1,50855716,0,191719,0
14.127.813/0001-51,2025-06-30,1,140991806,0,191719,0
14.127.813/0001-51,2025-09-30,1,140991806,0,191719,0
14.127.813/0001-51,2025-12-31,1,140991806,0,191719,0
14.127.813/0001-51,2026-03-31,1,140991806,0,191719,0
14.127.813/0001-51,2026-06-30,1,140991806,0,191719,0
14.191.427/0001-29,2020-03-31,1,108132505,0,0,0
14.191.427/0001-29,2020-06-30,1,108132505,0,0,0
14.191.427/0001-29,2020-09-30,1,108132505,0,0,0
14.191.427/0001-29,2020-12-31,1,108132505,0,0,0
14.191.427/0001-29,2021-03-31,2,108133,0,0,0
14.191.427/0001-29,2021-06-30,2,108133,0,0,0
14.191.427/0001-29,2021-09-30,2,108132505,0,0,0
14.191.427/0001-29,2021-12-31,1,108132505,0,0,0
14.191.427/0001-29,2022-03-31,1,108132505,0,0,0
14.191.427/0001-29,2022-06-30,1,108133,0,0,0
14.191.427/0001-29,2022-09-30,1,108133,0,0,0
14.191.427/0001-29,2022-12-31,2,108132505,0,0,0
14.191.427/0001-29,2023-03-31,1,108133,0,0,0
14.191.427/0001-29,2023-06-30,1,108133,0,0,0
14.191.427/0001-29,2023-09-30,1,108133,0,0,0
14.191.427/0001-29,2023-12-31,1,108133,0,0,0
14.191.427/0001-29,2024-03-31,1,108133,0,0,0
14.191.427/0001-29,2024-06-30,1,108133,0,0,0
14.191.427/0001-29,2024-09-30,1,108133,0,0,0
14.191.427/0001-29,2024-12-31,1,108133,0,0,0
14.191.427/0001-29,2025-03-31,1,108133,0,0,0
14.191.427/0001-29,2025-06-30,1,108133,0,0,0
14.191.427/0001-29,2025-09-30,1,108133,0,0,0
14.292.540/0001-09,2023-03-31,1,108417531,0,0,0
14.292.540/0001-09,2023-06-30,1,108417531,0,0,0
14.292.540/0001-09,2023-09-30,1,108417531,0,0,0
14.292.540/0001-09,2023-12-31,1,108417531,0,0,0
14.292.540/0001-09,2024-03-31,1,108417531,0,0,0
14.292.540/0001-09,2024-06-30,1,211808182,0,0,0
14.292.540/0001-09,2024-09-30,1,211808182,0,0,0
14.292.540/0001-09,2024-12-31,1,211808182,0,0,0
14.292.540/0001-09,2025-03-31,1,328808182,0,0,0
14.292.540/0001-09,2025-06-30,1,328808182,0,0,0
14.292.540/0001-09,2025-09-30,1,328808182,0,0,0
14.292.540/0001-09,2025-12-31,1,328808182,0,0,0
14.292.540/0001-09,2026-03-31,1,328808182,0,0,0
14.292.540/0001-09,2026-06-30,1,328808182,0,0,0
14.308.514/0001-13,2020-03-31,1,31388,126000,0,0
14.308.514/0001-13,2020-06-30,1,126000,31388,0,0
14.308.514/0001-13,2020-09-30,1,126000,31388,0,0
14.308.514/0001-13,2020-12-31,1,126000,31388,0,0
14.308.514/0001-13,2021-03-31,1,126000,31388,0,0
14.333.683/0001-03,2020-03-31,1,253331312,0,0,0
14.333.683/0001-03,2020-06-30,1,253331312,0,0,0
14.333.683/0001-03,2020-09-30,1,253331312,0,0,0
14.333.683/0001-03,2020-12-31,1,253331312,0,0,0
14.333.683/0001-03,2021-03-31,1,253331312,0,0,0
14.388.334/0001-99,2020-03-31,2,1647843240,1609920560,0,0
14.388.334/0001-99,2020-06-30,1,1647843240,1609920560,0,0
14.388.334/0001-99,2020-09-30,1,1647843240,1609920560,0,0
14.388.334/0001-99,2020-12-31,1,1647843240,1609920560,0,0
14.388.334/0001-99,2021-03-31,1,1647843240,1609920560,0,0
14.388.334/0001-99,2021-06-30,1,1647843240,1609920560,0,0
14.388.334/0001-99,2021-09-30,1,1647843240,1609920560,0,0
14.388.334/0001-99,2021-12-31,1,1647843240,1609920560,0,0
14.388.334/0001-99,2022-03-31,1,1646441694,1608551157,0,0
14.388.334/0001-99,2022-06-30,1,1646441694,1608551157,0,0
14.388.334/0001-99,2022-09-30,1,1646441694,1608551157,0,0
14.388.334/0001-99,2022-12-31,1,1646441694,1608551157,0,0
14.388.334/0001-99,2023-03-31,1,1646441694,1608551157,0,0
14.388.334/0001-99,2023-06-30,1,1646441694,1608551157,0,0
14.388.334/0001-99,2023-09-30,1,1646442,1608551,0,0
14.388.334/0001-99,2023-12-31,2,1667815950,1629433514,0,0
14.388.334/0001-99,2024-03-31,1,1667816,1629433,0,0
14.388.334/0001-99,2024-06-30,1,1667816,1629433,0,0
14.388.334/0001-99,2024-09-30,1,1667815950,1629433514,47795200,505372
14.388.334/0001-99,2024-12-31,1,1620020750,1628928142,47795200,505372
14.388.334/0001-99,2025-03-31,2,2340020750,908928142,0,0
14.388.334/0001-99,2025-06-30,2,2340020750,908928142,0,0
14.388.334/0001-99,2025-09-30,1,2340020750,908928142,0,0
14.388.334/0001-99,2025-12-31,1,2340020750,908928142,0,0
14.388.334/0001-99,2026-03-31,2,2340020750,908928142,0,0
14.388.334/0001-99,2026-06-30,1,2340020750,908928142,0,0
14.776.142/0001-50,2020-03-31,1,71172000,0,0,0
14.776.142/0001-50,2020-06-30,1,71172000,0,0,0
14.776.142/0001-50,2020-09-30,1,71577114,0,0,0
14.776.142/0001-50,2020-12-31,1,71577114,0,0,0
14.776.142/0001-50,2021-03-31,1,109476801,0,0,0
14.776.142/0001-50,2021-06-30,1,109835457,0,0,0
14.776.142/0001-50,2021-09-30,1,110047047,0,0,0
14.776.142/0001-50,2021-12-31,1,110126040,0,0,0
14.776.142/0001-50,2022-03-31,2,110171932,0,0,0
14.776.142/0001-50,2022-06-30,1,110197416,0,0,0
14.776.142/0001-50,2022-09-30,1,110279322,0,0,0
14.776.142/0001-50,2022-12-31,2,110330290,0,0,0
14.776.142/0001-50,2023-03-31,1,110355774,0,0,0
14.776.142/0001-50,2023-06-30,1,110404337,0,0,0
14.776.142/0001-50,2023-09-30,1,110498396,0,0,0
14.776.142/0001-50,2023-12-31,1,110676594,0,0,0
14.776.142/0001-50,2024-03-31,1,110804299,0,0,0
14.776.142/0001-50,2024-06-30,1,110913149,0,0,0
14.776.142/0001-50,2024-09-30,1,111060163,0,0,0
14.776.142/0001-50,2024-12-31,1,111093486,0,0,0
14.776.142/0001-50,2025-03-31,1,11109348,0,0,0
14.776.142/0001-50,2025-06-30,1,11109348,0,0,0
14.776.142/0001-50,2025-09-30,1,11109348,0,0,0
14.776.142/0001-50,2025-12-31,2,11109348,0,0,0
14.776.142/0001-50,2026-03-31,1,11109348,0,0,0
14.776.142/0001-50,2026-06-30,1,11120491,0,0,0
14.785.152/0001-51,2020-03-31,1,194966943,0,0,0
14.785.152/0001-51,2020-06-30,1,194966943,0,0,0
14.785.152/0001-51,2020-09-30,1,194966943,0,0,0
14.785.152/0001-51,2020-12-31,1,64988981,0,0,0
14.785.152/0001-51,2021-03-31,1,103188981,0,0,0
14.785.152/0001-51,2021-06-30,2,103188981,0,0,0
14.785.152/0001-51,2021-09-30,1,103188981,0,0,0
14.785.152/0001-51,2021-12-31,1,103188981,0,0,0
14.785.152/0001-51,2022-03-31,1,103188981,0,0,0
14.785.152/0001-51,2022-06-30,1,103188981,0,0,0
14.785.152/0001-51,2022-09-30,1,103188981,0,0,0
14.785.152/0001-51,2022-12-31,2,103188981,0,0,0
14.785.152/0001-51,2023-03-31,1,103188981,0,0,0
14.785.152/0001-51,2023-06-30,1,103188981,0,43100,0
14.785.152/0001-51,2023-09-30,1,103188981,0,490100,0
14.785.152/0001-51,2023-12-31,1,103188981,0,590192,0
14.785.152/0001-51,2024-03-31,2,103188981,0,590192,0
14.785.152/0001-51,2024-06-30,1,103188981,0,287649,0
14.785.152/0001-51,2024-09-30,1,103188981,0,287649,0
14.785.152/0001-51,2024-12-31,1,103188981,0,287649,0
14.785.152/0001-51,2025-03-31,1,103188981,0,287649,0
14.785.152/0001-51,2025-06-30,1,103188981,0,246280,0
14.785.152/0001-51,2025-09-30,1,103188981,0,235698,0
14.785.152/0001-51,2025-12-31,1,103188981,0,222573,0
14.785.152/0001-51,2026-03-31,1,103188981,0,222573,0
14.785.152/0001-51,2026-06-30,1,103188981,0,202885,0
14.796.754/0001-04,2023-12-31,1,10800300000,0,0,0
14.796.754/0001-04,2024-03-31,1,10800300000,0,0,0
14.796.754/0001-04,2024-06-30,1,10800300000,0,0,0
14.796.754/0001-04,2024-09-30,1,10800300000,0,0,0
14.796.754/0001-04,2024-12-31,1,10800300000,0,0,0
14.807.945/0001-24,2020-03-31,1,66448,126462,0,0
14.807.945/0001-24,2020-06-30,1,66448,126462,0,0
14.807.945/0001-24,2020-09-30,1,2657920,5058480,0,0
14.807.945/0001-24,2020-12-31,1,2657920,5058480,0,0
14.807.945/0001-24,2021-03-31,1,2657920,5058480,0,0
14.807.945/0001-24,2021-06-30,1,2657920,5058480,0,0
14.807.945/0001-24,2021-09-30,1,2657920,5058480,0,0
14.807.945/0001-24,2021-12-31,1,2657920,5058480,0,0
14.807.945/0001-24,2022-03-31,1,2657920,5058480,0,0
14.807.945/0001-24,2022-06-30,1,2657920,5058480,0,0
14.807.945/0001-24,2022-09-30,1,2657920,5058480,0,0
14.807.945/0001-24,2022-12-31,1,2657920,5058480,0,0
14.807.945/0001-24,2023-03-31,1,2657920,5058480,0,0
14.807.945/0001-24,2023-06-30,1,2657920,5058480,0,0
14.807.945/0001-24,2023-09-30,2,2657920,5058480,0,0
14.807.945/0001-24,2023-12-31,1,2657920,5058480,0,0
14.807.945/0001-24,2024-03-31,1,2657920,5058480,0,0
14.807.945/0001-24,2024-06-30,1,2657920,5058480,0,0
14.807.945/0001-24,2024-09-30,1,2657920,5058480,0,0
14.807.945/0001-24,2024-12-31,1,2657920,5058480,0,0
14.807.945/0001-24,2025-03-31,1,2657920,5058480,0,0
14.807.945/0001-24,2025-06-30,1,2657920,5058480,0,0
14.807.945/0001-24,2025-09-30,1,2657920,5058480,0,0
14.807.945/0001-24,2025-12-31,1,2657920,5058480,0,0
14.807.945/0001-24,2026-03-31,1,2657920,5058480,0,0
14.807.945/0001-24,2026-06-30,1,2657920,5058480,0,0
14.876.090/0001-93,2020-03-31,1,890,0,0,0
14.876.090/0001-93,2020-06-30,1,890,0,0,0
14.876.090/0001-93,2020-09-30,1,890,0,0,0
14.876.090/0001-93,2020-12-31,3,1190,0,300,0
14.876.090/0001-93,2021-03-31,2,1190,0,0,0
14.876.090/0001-93,2021-06-30,2,1190,0,0,0
14.876.090/0001-93,2021-09-30,1,1190,0,0,0
14.876.090/0001-93,2021-12-31,1,1190,0,0,0
14.876.090/0001-93,2022-03-31,1,1190,0,0,0
14.876.090/0001-93,2022-06-30,1,1190,0,0,0
14.876.090/0001-93,2022-09-30,1,1190,0,0,0
14.876.090/0001-93,2022-12-31,1,1500,0,0,0
14.876.090/0001-93,2023-03-31,1,1500,0,0,0
14.876.090/0001-93,2023-06-30,1,1500,0,0,0
14.876.090/0001-93,2023-09-30,1,1500,0,0,0
14.876.090/0001-93,2023-12-31,1,1500,0,0,0
14.876.090/0001-93,2024-03-31,2,1500,0,0,0
14.876.090/0001-93,2024-06-30,1,1500,0,0,0
14.876.090/0001-93,2024-09-30,1,1500,0,0,0
14.876.090/0001-93,2024-12-31,1,1500,0,0,0
14.876.090/0001-93,2025-03-31,1,1500,0,0,0
14.876.090/0001-93,2025-06-30,1,1500,0,0,0
14.876.090/0001-93,2025-09-30,1,1500,0,0,0
14.876.090/0001-93,2025-12-31,1,1500,0,0,0
14.876.090/0001-93,2026-03-31,1,1500,0,0,0
14.876.090/0001-93,2026-06-30,1,1500,0,0,0
14.882.295/0001-81,2020-03-31,1,1046876633,0,0,0
14.882.295/0001-81,2020-06-30,2,1046876663,0,0,0
14.882.295/0001-81,2020-09-30,1,130859578,0,0,0
14.882.295/0001-81,2020-12-31,1,130859578,0,0,0
14.882.295/0001-81,2021-03-31,1,130859578,0,0,0
14.882.295/0001-81,2021-06-30,1,130859578,0,0,0
14.882.295/0001-81,2021-09-30,2,138622434,0,0,0
14.882.295/0001-81,2021-12-31,2,138622434,0,0,0
14.882.295/0001-81,2022-03-31,1,138622434,0,0,0
14.882.295/0001-81,2022-06-30,1,138622434,0,0,0
14.882.295/0001-81,2022-09-30,1,138622434,0,0,0
14.882.295/0001-81,2022-12-31,1,138622434,0,0,0
14.882.295/0001-81,2023-03-31,1,138622434,0,0,0
14.882.295/0001-81,2023-06-30,1,138622434,0,0,0
14.882.295/0001-81,2023-09-30,1,138622434,0,0,0
14.882.295/0001-81,2023-12-31,1,138622434,0,0,0
14.882.295/0001-81,2024-03-31,1,138622434,0,0,0
14.882.295/0001-81,2024-06-30,1,138622434,0,0,0
14.882.295/0001-81,2024-09-30,1,138622434,0,0,0
14.882.295/0001-81,2024-12-31,1,138622434,0,0,0
14.882.295/0001-81,2025-03-31,1,138622434,0,0,0
14.882.295/0001-81,2025-06-30,1,138622434,0,0,0
14.882.295/0001-81,2025-09-30,1,138622434,0,0,0
14.882.295/0001-81,2025-12-31,1,138622434,0,0,0
14.882.295/0001-81,2026-03-31,1,138622434,0,0,0
14.882.295/0001-81,2026-06-30,2,138622434,0,0,0
14.998.371/0001-19,2020-03-31,3,10675,8693,0,0
14.998.371/0001-19,2020-06-30,3,10675,8693,0,0
14.998.371/0001-19,2020-09-30,3,10675,8693,0,0
14.998.371/0001-19,2020-12-31,3,10675,8693,0,0
14.998.371/0001-19,2021-03-31,1,10675,8693,0,0
14.998.371/0001-19,2021-06-30,1,10675,8693,0,0
14.998.371/0001-19,2021-09-30,1,10675,8693,0,0
14.998.371/0001-19,2021-12-31,1,10675,8693,0,0
14.998.371/0001-19,2022-03-31,1,10675,8693,0,0
14.998.371/0001-19,2022-06-30,1,10675,8693,0,0
14.998.371/0001-19,2022-09-30,2,10675,8693,0,0
14.998.371/0001-19,2022-12-31,1,10675,8693,0,0
14.998.371/0001-19,2023-03-31,1,10675,8693,0,0
14.998.371/0001-19,2023-06-30,1,10675,8693,0,0
14.998.371/0001-19,2023-09-30,1,10675,8693,0,0
14.998.371/0001-19,2023-12-31,2,10675,8693,0,0
14.998.371/0001-19,2024-03-31,1,10675,8693,0,0
14.998.371/0001-19,2024-06-30,1,10675,8693,0,0
14.998.371/0001-19,2024-09-30,1,10,9,0,0
14.998.371/0001-19,2024-12-31,1,10,9,0,0
14.998.371/0001-19,2025-03-31,1,19,0,0,0
14.998.371/0001-19,2025-06-30,1,19,0,0,0
14.998.371/0001-19,2025-09-30,1,19,0,0,0
14.998.371/0001-19,2025-12-31,1,19,0,0,0
14.998.371/0001-19,2026-03-31,1,19,0,0,0
14.998.371/0001-19,2026-06-30,1,19,0,0,0
15.073.274/0001-88,2020-03-31,1,2814666,0,0,0
15.073.274/0001-88,2020-06-30,1,2814666,0,0,0
15.073.274/0001-88,2020-09-30,1,938223,1876444,0,0
15.073.274/0001-88,2020-12-31,1,938223,1876444,0,0
15.073.274/0001-88,2021-03-31,1,938223,1876444,0,0
15.073.274/0001-88,2021-06-30,1,938223,1876444,0,0
15.073.274/0001-88,2021-09-30,2,2814,1,0,0
15.073.274/0001-88,2021-12-31,2,938223,1876444,0,0
15.073.274/0001-88,2022-03-31,2,2814666,1,0,0
15.073.274/0001-88,2022-06-30,1,2814666,1,0,0
15.073.274/0001-88,2022-09-30,1,2814666,1,0,0
15.073.274/0001-88,2022-12-31,1,2814666,1,0,0
15.073.274/0001-88,2023-03-31,1,2814666,1,0,0
15.073.274/0001-88,2023-06-30,1,2814666,1,0,0
15.073.274/0001-88,2023-09-30,1,2814666,1,0,0
15.073.274/0001-88,2023-12-31,1,2814666,1,0,0
15.073.274/0001-88,2024-03-31,2,2814666,1,0,0
15.073.274/0001-88,2024-06-30,2,2814666,1,0,0
15.073.274/0001-88,2024-09-30,2,2814666,1,0,0
15.073.274/0001-88,2024-12-31,1,2814667,1,0,0
15.073.274/0001-88,2025-03-31,2,2814666,1,0,0
15.073.274/0001-88,2025-06-30,1,2814666,1,0,0
15.073.274/0001-88,2025-09-30,1,2814666,1,0,0
15.073.274/0001-88,2025-12-31,1,2814666,1,0,0
15.073.274/0001-88,2026-03-31,1,2814666,1,0,0
15.073.274/0001-88,2026-06-30,1,2814666,1,0,0
15.090.690/0001-94,2020-12-31,1,3300,0,0,0
15.090.690/0001-94,2021-03-31,1,3300,0,0,0
15.090.690/0001-94,2021-06-30,1,3300,0,0,0
15.090.690/0001-94,2021-09-30,1,1922550917,0,0,0
15.090.690/0001-94,2021-12-31,1,1922551,0,0,0
15.090.690/0001-94,2022-03-31,1,1922551,0,0,0
15.090.690/0001-94,2022-06-30,1,1922551,0,0,0
15.090.690/0001-94,2022-09-30,1,1922551,0,0,0
15.090.690/0001-94,2022-12-31,1,1922551,0,0,0
15.090.690/0001-94,2023-03-31,1,1922551,0,0,0
15.090.690/0001-94,2023-06-30,1,1922551,0,0,0
15.090.690/0001-94,2023-09-30,1,1922551,0,0,0
15.090.690/0001-94,2023-12-31,1,1922551,0,0,0
15.090.690/0001-94,2024-03-31,1,1922551,0,0,0
15.090.690/0001-94,2024-06-30,1,1922551,0,0,0
15.090.690/0001-94,2024-09-30,1,1922551,0,0,0
15.090.690/0001-94,2024-12-31,1,1922551,0,0,0
15.090.690/0001-94,2025-03-31,1,1922551,0,0,0
15.090.690/0001-94,2025-06-30,1,1922551,0,0,0
15.090.690/0001-94,2025-09-30,1,1922551,0,0,0
15.090.690/0001-94,2025-12-31,1,1922551,0,0,0
15.090.690/0001-94,2026-03-31,1,1922551,0,0,0
15.090.690/0001-94,2026-06-30,1,1922551,0,0,0
15.101.405/0001-93,2020-03-31,1,7815,15338,0,0
15.101.405/0001-93,2020-06-30,1,7815,15338,0,0
15.101.405/0001-93,2020-09-30,1,7815,15338,6,0
15.101.405/0001-93,2020-12-31,1,7815,15338,0,0
15.101.405/0001-93,2021-03-31,1,7815,15338,6,0
15.101.405/0001-93,2021-06-30,1,7815,15338,6,0
15.101.405/0001-93,2021-09-30,1,7815,15338,6,0
15.101.405/0001-93,2021-12-31,1,7815,15338,6,0
15.101.405/0001-93,2022-03-31,1,7815,15338,6,0
15.101.405/0001-93,2022-06-30,1,7815,15338,6,0
15.101.405/0001-93,2022-09-30,1,7815,15338,6,0
15.101.405/0001-93,2022-12-31,3,7815,15338,6,0
15.101.405/0001-93,2023-03-31,3,7815,15338,6,0
15.101.405/0001-93,2023-06-30,1,7815,15338,6,0
15.101.405/0001-93,2023-09-30,1,7815,15338,6,0
15.114.494/0001-02,2022-12-31,1,247652018,11239603,0,0
15.114.494/0001-02,2023-03-31,1,247652018,11239603,0,0
15.114.494/0001-02,2023-06-30,1,247652018,11239603,0,0
15.114.494/0001-02,2023-09-30,1,247652018,11239603,0,0
15.114.494/0001-02,2023-12-31,1,164955410,11239603,0,0
15.114.494/0001-02,2024-03-31,1,164955410,11239603,0,0
15.114.494/0001-02,2024-06-30,1,164955410,11239603,0,0
15.114.494/0001-02,2024-09-30,1,164955410,11239603,0,0
15.114.494/0001-02,2024-12-31,1,164955410,11239603,0,0
15.114.494/0001-02,2025-03-31,1,144855320,11239603,0,0
15.114.494/0001-02,2025-06-30,1,144855320,11239603,0,0
15.114.494/0001-02,2025-09-30,1,144855320,11239603,0,0
15.114.494/0001-02,2025-12-31,1,164955410,11239603,0,0
15.114.494/0001-02,2026-03-31,1,164955410,11239603,0,0
15.114.494/0001-02,2026-06-30,1,164955410,11239603,0,0
15.115.504/0001-24,2020-03-31,1,10158398,18860349,0,0
15.115.504/0001-24,2020-06-30,1,10158398,18860349,0,0
15.115.504/0001-24,2020-09-30,1,10158398,18860349,0,0
15.115.504/0001-24,2020-12-31,1,10158398,18860349,0,0
15.115.504/0001-24,2021-03-31,1,10158398,18860349,0,0
15.115.504/0001-24,2021-06-30,1,10158398,18860349,0,0
15.115.504/0001-24,2021-09-30,1,10158398,18860349,0,0
15.115.504/0001-24,2021-12-31,1,10158398,18860349,0,0
15.115.504/0001-24,2022-03-31,2,10158398,18860349,0,0
15.115.504/0001-24,2022-06-30,1,10158398,18860349,0,0
15.115.504/0001-24,2022-09-30,1,10158398,18860349,0,0
15.115.504/0001-24,2022-12-31,1,10158398,18860349,0,0
15.115.504/0001-24,2023-03-31,1,10158398,18860349,0,0
15.115.504/0001-24,2023-06-30,1,10158398,18860349,0,0
15.115.504/0001-24,2023-09-30,1,10158398,18860349,0,0
15.115.504/0001-24,2023-12-31,1,10158398,18860349,0,0
15.115.504/0001-24,2024-03-31,1,10158398,18860349,0,0
15.115.504/0001-24,2024-06-30,1,10158398,18860349,0,0
15.115.504/0001-24,2024-09-30,1,10158398,18860349,0,0
15.115.504/0001-24,2024-12-31,1,10158398,18860349,0,0
15.115.504/0001-24,2025-03-31,1,10158398,18860349,0,0
15.115.504/0001-24,2025-06-30,1,10158398,18860349,0,0
15.115.504/0001-24,2025-09-30,1,10158398,18860349,0,0
15.115.504/0001-24,2025-12-31,1,10158398,18860349,0,0
15.115.504/0001-24,2026-03-31,1,10158398,18860349,0,0
15.115.504/0001-24,2026-06-30,1,10158398,18860349,0,0
15.124.464/0001-87,2022-12-31,1,117651268763,51801365195,0,0
15.139.629/0001-94,2020-03-31,1,151997,110098,0,0
15.139.629/0001-94,2020-06-30,2,151997,110098,0,0
15.139.629/0001-94,2020-09-30,1,151997,110098,0,0
15.139.629/0001-94,2020-12-31,1,151998,110098,0,0
15.139.629/0001-94,2021-03-31,1,151998,110098,0,0
15.139.629/0001-94,2021-06-30,1,151998,110098,0,0
15.139.629/0001-94,2021-09-30,1,151998,110098,0,0
15.139.629/0001-94,2021-12-31,1,151998,110098,0,0
15.139.629/0001-94,2022-03-31,1,151998,110098,0,0
15.139.629/0001-94,2022-06-30,1,151998,110098,0,0
15.139.629/0001-94,2022-09-30,1,151998,110098,0,0
15.139.629/0001-94,2022-12-31,1,151998,110098,0,0
15.139.629/0001-94,2023-03-31,1,151998,110098,0,0
15.139.629/0001-94,2023-06-30,1,151998,110098,0,0
15.139.629/0001-94,2023-09-30,1,151998,110098,0,0
15.139.629/0001-94,2023-12-31,1,151998,110098,0,0
15.139.629/0001-94,2024-03-31,1,151998,110098,0,0
15.139.629/0001-94,2024-06-30,1,151998,110098,0,0
15.139.629/0001-94,2024-09-30,1,151998,110098,0,0
15.139.629/0001-94,2024-12-31,2,151998,110098,0,0
15.139.629/0001-94,2025-03-31,1,151998,110098,0,0
15.139.629/0001-94,2025-06-30,1,151998,110098,0,0
15.139.629/0001-94,2025-09-30,1,151998,110098,0,0
15.139.629/0001-94,2025-12-31,1,151998,110098,0,0
15.139.629/0001-94,2026-03-31,1,151998,110098,0,0
15.139.629/0001-94,2026-06-30,1,151998,110098,0,0
15.141.799/0001-03,2020-03-31,1,29440000,58880000,40000,3183300
15.141.799/0001-03,2020-06-30,1,29440000,58880000,40000,3183300
15.141.799/0001-03,2020-09-30,1,29440000,58880000,40000,3183300
15.141.799/0001-03,2020-12-31,3,29440000,58880000,40000,3183300
15.141.799/0001-03,2021-03-31,1,29440000,58880000,40000,3183300
15.141.799/0001-03,2021-06-30,1,29440000,58880000,40000,3183300
15.141.799/0001-03,2021-09-30,1,29440000,58880000,40000,3183300
15.141.799/0001-03,2021-12-31,1,29440000,58880000,40000,3183300
15.141.799/0001-03,2022-03-31,2,29440000,58880000,40000,3183300
15.141.799/0001-03,2022-06-30,1,29440000,58880000,40000,3183300
15.141.799/0001-03,2022-09-30,1,29440000,58880000,40000,3183300
15.141.799/0001-03,2022-12-31,1,29440000,58880000,40000,3183300
15.141.799/0001-03,2023-03-31,1,29440000,58880000,40000,3183300
15.141.799/0001-03,2023-06-30,1,29440000,58880000,40000,3183300
15.141.799/0001-03,2023-09-30,1,29440000,58880000,40000,3183300
15.141.799/0001-03,2023-12-31,1,29440000,58880000,40000,3183300
15.141.799/0001-03,2024-03-31,1,117760000,235520000,160000,12733200
15.141.799/0001-03,2024-06-30,1,117760000,235520000,160000,12733200
15.141.799/0001-03,2024-09-30,1,117760000,235520000,160000,12733200
15.141.799/0001-03,2024-12-31,1,117725000,235450000,125000,12663200
15.141.799/0001-03,2025-03-31,2,117725000,235450000,125000,12663200
15.141.799/0001-03,2025-06-30,1,117725000,235450000,125000,13208700
15.141.799/0001-03,2025-09-30,1,117725000,235450000,125000,14182400
15.141.799/0001-03,2025-12-31,1,117725000,235450000,125000,14182400
15.141.799/0001-03,2026-03-31,1,117725000,235450000,125000,14182400
15.141.799/0001-03,2026-06-30,1,117725000,235450000,125000,14182400
15.144.017/0001-90,2020-03-31,1,3840,3840,0,0
15.144.017/0001-90,2020-06-30,1,3840,3840,0,0
15.144.017/0001-90,2020-09-30,1,3840,3840,0,0
15.144.017/0001-90,2020-12-31,1,3840,3840,0,0
15.144.017/0001-90,2021-03-31,1,3840,3840,0,0
15.144.017/0001-90,2021-06-30,1,3840,3840,0,0
15.144.017/0001-90,2021-09-30,1,3840,3840,0,0
15.144.017/0001-90,2021-12-31,2,3840,3840,0,0
15.144.017/0001-90,2022-03-31,1,3840,3840,0,0
15.144.017/0001-90,2022-06-30,1,3840,3840,0,0
15.144.017/0001-90,2022-09-30,1,3840,3840,0,0
15.144.017/0001-90,2022-12-31,1,3840,3840,0,0
15.144.017/0001-90,2023-03-31,1,3840,3840,0,0
15.144.017/0001-90,2023-06-30,1,3840,3840,0,0
15.144.017/0001-90,2023-09-30,1,3840,3840,0,0
15.229.110/0001-05,2020-03-31,1,10000,0,0,0
15.229.110/0001-05,2020-06-30,1,10000,0,0,0
15.229.110/0001-05,2020-09-30,1,10000,0,0,0
15.229.110/0001-05,2020-12-31,1,10000,0,0,0
15.229.110/0001-05,2021-03-31,1,10000,0,0,0
15.229.110/0001-05,2021-06-30,2,10000,0,0,0
15.229.110/0001-05,2021-09-30,1,10000,0,0,0
15.229.110/0001-05,2021-12-31,1,10000,0,0,0
15.229.110/0001-05,2022-03-31,1,10000,0,0,0
15.377.572/0001-61,2020-03-31,1,100000,0,0,0
15.377.572/0001-61,2020-06-30,1,100000,0,0,0
15.377.572/0001-61,2020-09-30,1,100000,0,0,0
15.377.572/0001-61,2020-12-31,1,100000,0,0,0
15.377.572/0001-61,2021-03-31,2,100000,0,0,0
15.377.572/0001-61,2021-06-30,1,100000,0,0,0
15.377.572/0001-61,2021-09-30,2,100000,0,0,0
15.377.572/0001-61,2021-12-31,1,100000,0,0,0
15.377.572/0001-61,2022-03-31,1,100000,0,0,0
15.385.166/0001-40,2023-12-31,2,532852047,0,0,0
15.385.166/0001-40,2024-03-31,1,642001847,0,0,0
15.385.166/0001-40,2024-06-30,1,940389990,0,0,0
15.385.166/0001-40,2024-09-30,1,940389990,0,0,0
15.385.166/0001-40,2024-12-31,2,963989061,0,0,0
15.385.166/0001-40,2025-03-31,2,963989061,0,0,0
15.385.166/0001-40,2025-06-30,2,963989061,0,0,0
15.385.166/0001-40,2025-09-30,1,963989061,0,0,0
15.385.166/0001-40,2025-12-31,1,963989061,0,0,0
15.385.166/0001-40,2026-03-31,1,963989061,0,0,0
15.385.166/0001-40,2026-06-30,1,963989061,0,0,0
15.413.826/0001-50,2020-03-31,1,647015,0,0,0
15.413.826/0001-50,2020-06-30,1,647015,0,0,0
15.413.826/0001-50,2020-09-30,1,647015,0,0,0
15.413.826/0001-50,2020-12-31,1,647015,0,0,0
15.413.826/0001-50,2021-03-31,1,647015,0,0,0
15.413.826/0001-50,2021-06-30,1,647015,0,0,0
15.413.826/0001-50,2021-09-30,1,647015,0,0,0
15.413.826/0001-50,2021-12-31,1,647015,0,0,0
15.413.826/0001-50,2022-03-31,1,647015,0,0,0
15.413.826/0001-50,2022-06-30,1,647015,0,0,0
15.413.826/0001-50,2022-09-30,1,647015,0,0,0
15.413.826/0001-50,2022-12-31,1,647015,0,0,0
15.413.826/0001-50,2023-03-31,1,647015,0,0,0
15.413.826/0001-50,2023-06-30,1,647015,0,0,0
15.413.826/0001-50,2023-09-30,1,647015,0,0,0
15.413.826/0001-50,2023-12-31,1,647015,0,0,0
15.413.826/0001-50,2024-03-31,3,647015,0,0,0
15.413.826/0001-50,2024-06-30,1,647015,0,0,0
15.413.826/0001-50,2024-09-30,2,647015,0,0,0
15.413.826/0001-50,2024-12-31,1,647015,0,0,0
15.413.826/0001-50,2025-03-31,1,647015,0,0,0
15.413.826/0001-50,2025-06-30,1,647015,0,0,0
15.413.826/0001-50,2025-09-30,1,647015,0,0,0
15.413.826/0001-50,2025-12-31,1,647015,0,0,0
15.413.826/0001-50,2026-03-31,1,647015,0,0,0
15.413.826/0001-50,2026-06-30,1,647015,0,0,0
15.440.708/0001-30,2022-12-31,1,361637226,0,0,0
15.440.708/0001-30,2023-03-31,1,361637226,0,0,0
15.440.708/0001-30,2023-06-30,1,361637226,0,0,0
15.440.708/0001-30,2023-09-30,1,355432206,0,0,0
15.440.708/0001-30,2023-12-31,1,355432206,0,0,0
15.440.708/0001-30,2024-03-31,1,355432206,0,0,0
15.440.708/0001-30,2024-06-30,1,355432206,0,0,0
15.440.708/0001-30,2024-09-30,1,355432206,0,0,0
15.440.708/0001-30,2024-12-31,1,355432206,0,0,0
15.440.708/0001-30,2025-03-31,1,355432206,0,0,0
15.440.708/0001-30,2025-06-30,1,355432206,0,0,0
15.440.708/0001-30,2025-09-30,1,355432206,0,0,0
15.440.708/0001-30,2025-12-31,1,355432206,0,0,0
15.440.708/0001-30,2026-03-31,1,355000,0,0,0
15.440.708/0001-30,2026-06-30,1,355432206,0,0,0
15.484.093/0001-44,2020-03-31,1,566500,0,0,0
15.484.093/0001-44,2020-06-30,1,581500,0,0,0
15.484.093/0001-44,2020-09-30,1,606500,0,0,0
15.484.093/0001-44,2020-12-31,1,661500,0,0,0
15.484.093/0001-44,2021-03-31,1,704500,0,0,0
15.484.093/0001-44,2021-06-30,1,758500,0,0,0
15.484.093/0001-44,2021-09-30,1,835500,0,0,0
15.484.093/0001-44,2021-12-31,1,900500,0,0,0
15.484.093/0001-44,2022-03-31,1,947500,0,0,0
15.484.093/0001-44,2022-06-30,1,1038500,0,0,0
15.484.093/0001-44,2022-09-30,1,1119000,0,0,0
15.484.093/0001-44,2022-12-31,1,1183000,0,0,0
15.484.093/0001-44,2023-03-31,1,1237000,0,0,0
15.484.093/0001-44,2023-06-30,1,1295000,0,0,0
15.484.093/0001-44,2023-09-30,1,1368000,0,0,0
15.484.093/0001-44,2023-12-31,1,1422109,0,0,0
15.484.093/0001-44,2024-03-31,2,1487109,0,0,0
15.484.093/0001-44,2024-06-30,1,1527109,0,0,0
15.484.093/0001-44,2024-09-30,1,1633167,0,0,0
15.484.093/0001-44,2024-12-31,1,1682092,0,0,0
15.484.093/0001-44,2025-03-31,1,1775092,0,0,0
15.484.093/0001-44,2025-06-30,1,1850092,0,0,0
15.484.093/0001-44,2025-09-30,1,2155829,0,0,0
15.484.093/0001-44,2025-12-31,1,2155829,0,0,0
15.484.093/0001-44,2026-03-31,1,2155829,0,0,0
15.484.093/0001-44,2026-06-30,1,2155829,0,0,0
15.494.541/0001-90,2020-03-31,1,420000,0,0,0
15.494.541/0001-90,2020-06-30,1,420000,0,0,0
15.494.541/0001-90,2020-09-30,1,420000,0,0,0
15.494.541/0001-90,2020-12-31,1,420000,0,0,0
15.494.541/0001-90,2021-03-31,2,420000,0,0,0
15.494.541/0001-90,2021-06-30,1,420000,0,0,0
15.494.541/0001-90,2021-09-30,1,420000,0,0,0
15.494.541/0001-90,2021-12-31,1,420000,0,0,0
15.494.541/0001-90,2022-03-31,1,420000,0,0,0
15.494.541/0001-90,2022-06-30,1,420000,0,0,0
15.494.541/0001-90,2022-09-30,1,420000,0,0,0
15.494.541/0001-90,2022-12-31,1,420000,0,0,0
15.494.541/0001-90,2023-03-31,1,420000,0,0,0
15.494.541/0001-90,2023-06-30,1,420000,0,0,0
15.494.541/0001-90,2023-09-30,1,420000,0,0,0
15.494.541/0001-90,2023-12-31,1,420000,0,0,0
15.494.541/0001-90,2024-03-31,1,420000,0,0,0
15.494.541/0001-90,2024-06-30,1,420000,0,0,0
15.494.541/0001-90,2024-09-30,2,420000,0,0,0
15.494.541/0001-90,2024-12-31,1,420000,0,0,0
15.494.541/0001-90,2025-03-31,1,420000,0,0,0
15.494.541/0001-90,2025-06-30,1,420000,0,0,0
15.494.541/0001-90,2025-09-30,1,420000,0,0,0
15.527.906/0001-36,2020-03-31,1,1020429426,0,0,0
15.527.906/0001-36,2020-06-30,1,1020429426,0,0,0
15.527.906/0001-36,2020-09-30,1,1020429426,0,0,0
15.527.906/0001-36,2020-12-31,1,1020429426,0,0,0
15.527.906/0001-36,2021-03-31,2,1020429426,0,0,0
15.578.569/0001-06,2020-03-31,1,3033542,0,0,0
15.578.569/0001-06,2020-06-30,1,3033542,0,0,0
15.578.569/0001-06,2020-09-30,1,3033542,0,0,0
15.578.569/0001-06,2020-12-31,1,3033542,0,0,0
15.578.569/0001-06,2021-03-31,1,2624558,0,0,0
15.578.569/0001-06,2021-06-30,2,2624558,0,0,0
15.578.569/0001-06,2021-09-30,1,2624558,0,0,0
15.578.569/0001-06,2021-12-31,1,3033542,0,0,0
15.578.569/0001-06,2022-03-31,2,3033542,0,0,0
15.578.569/0001-06,2022-06-30,1,3033542,0,0,0
15.578.569/0001-06,2022-09-30,1,3033542,0,0,0
15.578.569/0001-06,2022-12-31,1,3033542,0,0,0
15.578.569/0001-06,2023-03-31,1,3033542,0,0,0
15.578.569/0001-06,2023-06-30,1,3033542,0,0,0
15.578.569/0001-06,2023-09-30,1,3033542,0,0,0
15.578.569/0001-06,2023-12-31,3,3033542,0,0,0
15.578.569/0001-06,2024-03-31,1,3033542,0,0,0
15.578.569/0001-06,2024-06-30,1,3033542,0,0,0
15.578.569/0001-06,2024-09-30,1,3033542,0,0,0
15.578.569/0001-06,2024-12-31,1,3033542,0,0,0
15.578.569/0001-06,2025-03-31,1,3033542,0,0,0
15.578.569/0001-06,2025-06-30,1,3033542,0,0,0
15.578.569/0001-06,2025-09-30,2,3033542,0,0,0
15.578.569/0001-06,2025-12-31,2,3033542,0,0,0
15.578.569/0001-06,2026-03-31,1,3033542,0,0,0
15.578.569/0001-06,2026-06-30,1,3033542,0,0,0
15.675.715/0001-11,2020-03-31,1,1000,0,0,0
15.675.715/0001-11,2020-06-30,1,27837899,0,0,0
15.675.715/0001-11,2020-09-30,1,27837899,0,0,0
15.675.715/0001-11,2020-12-31,1,27837899,0,0,0
15.675.715/0001-11,2021-03-31,1,27836899,0,0,0
15.675.715/0001-11,2021-06-30,1,27837899,0,0,0
15.675.715/0001-11,2021-09-30,2,16747000,0,0,0
15.675.715/0001-11,2021-12-31,1,16747000,0,0,0
15.675.715/0001-11,2022-03-31,1,16747000,0,0,0
15.688.041/0001-90,2020-03-31,1,154354,0,0,0
15.688.041/0001-90,2020-06-30,1,13254,0,0,0
15.688.041/0001-90,2020-09-30,1,13354,0,0,0
15.688.041/0001-90,2020-12-31,1,13354,0,0,0
15.688.041/0001-90,2021-03-31,1,13354,0,0,0
15.688.041/0001-90,2021-06-30,1,13354,0,0,0
15.688.041/0001-90,2021-09-30,1,13354,0,0,0
15.688.041/0001-90,2021-12-31,1,13354,0,0,0
15.688.041/0001-90,2022-03-31,1,13354,0,0,0
15.688.041/0001-90,2022-06-30,1,13354,0,0,0
15.688.041/0001-90,2022-09-30,1,13354,0,0,0
15.688.041/0001-90,2022-12-31,1,13354,0,0,0
15.688.041/0001-90,2023-03-31,1,13354,0,0,0
15.688.041/0001-90,2023-06-30,1,13354,0,0,0
15.688.041/0001-90,2023-09-30,1,13354,0,0,0
15.688.041/0001-90,2023-12-31,1,13354,0,0,0
15.688.041/0001-90,2024-03-31,1,13354,0,0,0
15.688.041/0001-90,2024-06-30,1,13354,0,0,0
16.233.389/0001-55,2020-03-31,1,19773599,2760712,0,0
16.233.389/0001-55,2020-06-30,1,19773599,2760712,0,0
16.233.389/0001-55,2020-09-30,1,19860524,2760712,0,0
16.233.389/0001-55,2020-12-31,1,19860524,2760712,91855,0
16.233.389/0001-55,2021-03-31,1,19768669,2760712,91855,0
16.233.389/0001-55,2021-06-30,1,19768669,2760712,91855,0
16.233.389/0001-55,2021-09-30,2,19768669,2760712,91855,0
16.233.389/0001-55,2021-12-31,1,19768669,2760712,91855,0
16.233.389/0001-55,2022-03-31,1,19768669,2760712,91855,0
16.233.389/0001-55,2022-06-30,1,19768669,2760712,91855,0
16.233.389/0001-55,2022-09-30,1,19768669,6267003,91855,0
16.233.389/0001-55,2022-12-31,1,19768669,6267003,91855,0
16.233.389/0001-55,2023-03-31,1,19768669,6267003,91855,0
16.233.389/0001-55,2023-06-30,1,124984768,0,0,0
16.233.389/0001-55,2023-09-30,1,124984768,0,0,0
16.233.389/0001-55,2023-12-31,2,124984768,0,0,0
16.233.389/0001-55,2024-03-31,1,125911213,0,0,0
16.233.389/0001-55,2024-06-30,1,125911213,0,0,0
16.233.389/0001-55,2024-09-30,1,125911213,0,0,0
16.233.389/0001-55,2024-12-31,1,125911213,0,0,0
16.233.389/0001-55,2025-03-31,1,125911213,0,0,0
16.233.389/0001-55,2025-06-30,1,161694097,0,0,0
16.233.389/0001-55,2025-09-30,1,161694097,161694097,0,0
16.233.389/0001-55,2025-12-31,1,163627024,0,0,0
16.234.171/0001-15,2020-03-31,1,98693,197386,925,815
16.234.171/0001-15,2020-06-30,1,98693,197386,925,815
16.234.171/0001-15,2020-09-30,1,98693,197386,925,815
16.234.171/0001-15,2020-12-31,1,97768,196571,0,0
16.234.171/0001-15,2021-03-31,1,97768,196571,0,0
16.234.171/0001-15,2021-06-30,1,97768,196571,0,0
16.234.171/0001-15,2021-09-30,1,97768,196571,0,0
16.234.171/0001-15,2021-12-31,1,97768,196571,0,0
16.234.171/0001-15,2022-03-31,1,97768,196571,0,0
16.234.171/0001-15,2022-06-30,1,97768,196571,0,0
16.234.171/0001-15,2022-09-30,1,97768,196571,0,0
16.234.171/0001-15,2022-12-31,1,97768,196571,0,0
16.234.171/0001-15,2023-03-31,1,97768,196571,0,0
16.234.171/0001-15,2023-06-30,1,97768099,196571002,0,0
16.234.171/0001-15,2023-09-30,1,97768099,196571002,0,0
16.234.171/0001-15,2023-12-31,1,97768099,196571002,0,0
16.234.171/0001-15,2024-03-31,1,97768099,196571002,0,0
16.234.171/0001-15,2024-06-30,1,97768099,196571002,0,0
16.234.171/0001-15,2024-09-30,1,97768099,196571002,0,0
16.234.171/0001-15,2024-12-31,1,97768099,196571002,0,0
16.234.171/0001-15,2025-03-31,1,97768099,196571002,0,0
16.234.171/0001-15,2025-06-30,1,97768099,196571002,0,0
16.234.171/0001-15,2025-09-30,1,97768099,196571002,0,0
16.234.171/0001-15,2025-12-31,1,97768099,196571002,0,0
16.234.171/0001-15,2026-03-31,1,97768099,196571002,0,0
16.234.171/0001-15,2026-06-30,1,97768099,196571002,0,0
16.404.287/0001-55,2020-03-31,2,1361263584,0,12042004,0
16.404.287/0001-55,2020-06-30,1,1361263584,0,12042004,0
16.404.287/0001-55,2020-09-30,1,1361263584,0,12042004,0
16.404.287/0001-55,2020-12-31,1,1361263584,0,12042004,0
16.404.287/0001-55,2021-03-31,1,1361263584,0,12042004,0
16.404.287/0001-55,2021-06-30,1,1361263584,0,12042004,0
16.404.287/0001-55,2021-09-30,1,1361263584,0,12042004,0
16.404.287/0001-55,2021-12-31,1,1361263584,0,12042004,0
16.404.287/0001-55,2022-03-31,1,1361263584,0,11911569,0
16.404.287/0001-55,2022-06-30,1,1361263584,0,24316669,0
16.404.287/0001-55,2022-09-30,1,1361263584,0,51911569,0
16.404.287/0001-55,2022-12-31,1,1361263584,0,51911569,0
16.404.287/0001-55,2023-03-31,1,1324117615,0,16727500,0
16.404.287/0001-55,2023-06-30,1,1324117615,0,32466900,0
16.404.287/0001-55,2023-09-30,1,1324117615,0,34765600,0
16.404.287/0001-55,2023-12-31,1,1324117615,0,34765600,0
16.404.287/0001-55,2024-03-31,1,1304117615,0,20649356,0
16.404.287/0001-55,2024-06-30,1,1304117615,0,27085856,0
16.404.287/0001-55,2024-09-30,1,1264117615,0,24875787,0
16.404.287/0001-55,2024-12-31,1,1264117615,0,24875787,0
16.404.287/0001-55,2025-03-31,1,1264117615,0,25455929,0
16.404.287/0001-55,2025-06-30,1,1264118,0,28209,0
16.404.287/0001-55,2025-09-30,1,1264118,0,28209,0
16.404.287/0001-55,2025-12-31,1,1264117615,0,28208827,0
16.404.287/0001-55,2026-03-31,1,1264117615,0,280207650,0
16.404.287/0001-55,2026-06-30,1,1264117615,0,30980893,0
16.590.234/0001-76,2020-03-31,2,90954,0,65,0
16.590.234/0001-76,2020-06-30,1,90954,0,-65,0
16.590.234/0001-76,2020-09-30,1,90954,0,-4,0
16.590.234/0001-76,2020-12-31,2,99631,0,4,0
16.590.234/0001-76,2021-03-31,3,99631,0,4,0
16.590.234/0001-76,2021-06-30,1,99631,0,554,0
16.590.234/0001-76,2021-09-30,2,99631,0,554,0
16.590.234/0001-76,2021-12-31,1,99631414,0,0,0
16.590.234/0001-76,2021-12-31,2,99631,0,0,0
16.590.234/0001-76,2022-03-31,1,109796219,0,41025,0
16.590.234/0001-76,2022-06-30,2,109796219,0,0,0
16.590.234/0001-76,2022-09-30,1,110186077,0,0,0
16.590.234/0001-76,2022-12-31,3,110186077,0,0,0
16.590.234/0001-76,2023-03-31,2,110186077,0,0,0
16.590.234/0001-76,2023-06-30,2,110989206,0,140436,0
16.590.234/0001-76,2023-09-30,2,110989206,0,120656,0
16.590.234/0001-76,2023-12-31,1,110989206,0,0,0
16.590.234/0001-76,2024-03-31,1,110989206,0,0,0
16.590.234/0001-76,2024-06-30,1,110989206,0,0,0
16.590.234/0001-76,2024-09-30,3,206489813,0,22655,0
16.590.234/0001-76,2024-12-31,2,206489813,0,20781,0
16.590.234/0001-76,2025-03-31,1,206489813,0,20781,0
16.590.234/0001-76,2025-06-30,1,206489813,0,0,0
16.590.234/0001-76,2025-09-30,1,206489813,0,4775783,0
16.590.234/0001-76,2025-12-31,1,206489813,0,4564391,0
16.590.234/0001-76,2026-03-31,1,206489813,0,4501228,0
16.590.234/0001-76,2026-06-30,2,206489813,0,4313919,0
16.614.075/0001-00,2020-03-31,1,153398749,0,4999028,0
16.614.075/0001-00,2020-06-30,1,153398749,0,4999028,0
16.614.075/0001-00,2020-09-30,1,153398749,0,4999028,0
16.614.075/0001-00,2020-12-31,1,153398749,0,6693030,0
16.614.075/0001-00,2021-03-31,1,153398749,0,7807331,0
16.614.075/0001-00,2021-06-30,1,150000000,0,4852882,0
16.614.075/0001-00,2021-09-30,1,150000000,0,4993816,0
16.614.075/0001-00,2021-12-31,1,150000000,0,803592,0
16.614.075/0001-00,2022-03-31,1,150000000,0,590368,0
16.614.075/0001-00,2022-06-30,1,150000000,0,1139368,0
16.614.075/0001-00,2022-09-30,1,150000000,0,1014808,0
16.614.075/0001-00,2022-12-31,3,150000000,0,1014808,0
16.614.075/0001-00,2023-03-31,3,150000000,0,1014808,0
16.614.075/0001-00,2023-06-30,1,173500000,0,806494,0
16.614.075/0001-00,2023-09-30,1,173500000,0,806494,0
16.614.075/0001-00,2023-12-31,1,173500000,0,806494,0
16.614.075/0001-00,2024-03-31,1,173500000,0,239545,0
16.614.075/0001-00,2024-06-30,1,173500000,0,239545,0
16.614.075/0001-00,2024-09-30,1,173500000,0,239545,0
16.614.075/0001-00,2024-12-31,1,173500000,0,508138,0
16.614.075/0001-00,2025-03-31,1,173500000,0,162311,0
16.614.075/0001-00,2025-06-30,1,173500000,0,162311,0
16.614.075/0001-00,2025-09-30,1,520500000,0,538328,0
16.614.075/0001-00,2025-12-31,1,520500000,0,1538328,0
16.614.075/0001-00,2026-03-31,1,520500000,0,149139,0
16.614.075/0001-00,2026-06-30,1,520500000,0,496216,0
16.670.085/0001-55,2020-03-31,1,758467,0,8014,0
16.670.085/0001-55,2020-06-30,1,758467,0,7291,0
16.670.085/0001-55,2020-09-30,1,758467,0,7289,0
16.670.085/0001-55,2020-12-31,1,758467,0,6796,0
16.670.085/0001-55,2021-03-31,1,758467,0,6791,0
16.670.085/0001-55,2021-06-30,1,758467,0,6275,0
16.670.085/0001-55,2021-09-30,1,758467,0,6275,0
16.670.085/0001-55,2021-12-31,1,758467,0,6275,0
16.670.085/0001-55,2022-03-31,1,758467,0,6272,0
16.670.085/0001-55,2022-06-30,1,758467,0,6153,0
16.670.085/0001-55,2022-09-30,2,981166,0,5636,0
16.670.085/0001-55,2022-12-31,2,984159,0,5597,0
16.670.085/0001-55,2023-03-31,1,988436,0,5591,0
16.670.085/0001-55,2023-06-30,1,1060360,0,5341,0
16.670.085/0001-55,2023-09-30,1,1060360588,0,5539926,0
16.670.085/0001-55,2023-12-31,3,1068095319,0,10530456,0
16.670.085/0001-55,2024-03-31,2,1071889858,0,10498869,0
16.670.085/0001-55,2024-06-30,1,1071889858,0,9862405,0
16.670.085/0001-55,2024-09-30,1,1082620720,0,21940484,0
16.670.085/0001-55,2024-12-31,1,1082620720,0,28869532,0
16.670.085/0001-55,2025-03-31,1,1082620720,0,28869532,0
16.670.085/0001-55,2025-06-30,1,1082620720,0,28048450,0
16.670.085/0001-55,2025-09-30,1,1082620720,0,28141938,0
16.670.085/0001-55,2025-12-31,1,1082620720,41638625,28136325,1082149
16.670.085/0001-55,2026-03-31,1,1082620720,41638625,28038465,1082149
16.670.085/0001-55,2026-06-30,1,1082620720,41638625,18584089,1060334
16.676.520/0001-59,2020-12-31,1,114620829,0,0,0
16.676.520/0001-59,2021-03-31,1,286552072,0,0,0
16.676.520/0001-59,2021-06-30,1,355057093,0,0,0
16.676.520/0001-59,2021-09-30,1,355057093,0,0,0
16.676.520/0001-59,2021-12-31,1,382329821,0,0,0
16.676.520/0001-59,2022-03-31,1,382329821,0,0,0
16.676.520/0001-59,2022-06-30,1,382329821,0,0,0
16.676.520/0001-59,2022-09-30,1,355057093,0,0,0
16.676.520/0001-59,2022-12-31,2,382329821,0,286400,0
16.676.520/0001-59,2023-03-31,1,382329821,0,286400,0
16.676.520/0001-59,2023-06-30,1,382329821,0,286400,0
16.676.520/0001-59,2023-09-30,1,382329821,0,286400,0
16.676.520/0001-59,2023-12-31,1,382329821,0,286400,0
16.676.520/0001-59,2024-03-31,1,382329821,0,286400,0
16.676.520/0001-59,2024-06-30,2,382329821,0,2722834,0
16.676.520/0001-59,2024-09-30,2,357669194,0,5334935,0
16.676.520/0001-59,2024-12-31,1,345157525,0,3686100,0
16.676.520/0001-59,2025-03-31,1,339428025,0,1322000,0
16.676.520/0001-59,2025-06-30,1,339428025,0,3321500,0
16.676.520/0001-59,2025-09-30,1,333548825,0,529800,0
16.676.520/0001-59,2025-12-31,2,333548825,0,1422400,0
16.676.520/0001-59,2026-03-31,1,333548825,0,1661400,0
16.676.520/0001-59,2026-06-30,1,333548825,0,2616000,0
16.811.931/0001-00,2020-03-31,1,1259892934,0,0,0
16.811.931/0001-00,2020-06-30,1,1259892934,0,0,0
16.811.931/0001-00,2020-09-30,1,11482979,0,22402,0
16.811.931/0001-00,2020-12-31,1,22415794,0,22402,0
16.811.931/0001-00,2021-03-31,1,22415794,0,28599,0
16.811.931/0001-00,2021-06-30,1,22415794,0,104902,0
16.811.931/0001-00,2021-09-30,1,22415794,0,165900,0
16.811.931/0001-00,2021-12-31,2,22415794,0,22399,0
16.811.931/0001-00,2022-03-31,1,22415794,0,22399,0
16.811.931/0001-00,2022-06-30,1,22415794,0,232048,0
16.811.931/0001-00,2022-09-30,1,22415794,0,233949,0
16.811.931/0001-00,2022-12-31,1,22415794,0,206890,0
16.811.931/0001-00,2023-03-31,1,22415794,0,206890,0
16.811.931/0001-00,2023-06-30,1,28615213,0,206890,0
16.811.931/0001-00,2023-09-30,1,28615213,0,295,0
16.811.931/0001-00,2023-12-31,2,28615213,0,295,0
16.811.931/0001-00,2024-03-31,1,195330061,0,295,0
16.811.931/0001-00,2024-06-30,1,195330061,0,295,0
16.811.931/0001-00,2024-09-30,1,195330061,0,295,0
16.811.931/0001-00,2024-12-31,1,195330061,0,295,0
16.811.931/0001-00,2025-03-31,1,195330061,0,295,0
16.811.931/0001-00,2025-06-30,1,195330061,0,295,0
16.811.931/0001-00,2025-09-30,1,195330061,0,295,0
16.811.931/0001-00,2025-12-31,1,195330061,0,295,0
16.811.931/0001-00,2026-03-31,1,195330061,0,295,0
16.811.931/0001-00,2026-06-30,1,7813202,0,8260,0
16.838.421/0001-26,2021-12-31,1,3603311063,0,0,0
16.838.421/0001-26,2022-03-31,1,4170556334,0,0,0
16.838.421/0001-26,2022-06-30,1,4283056588,0,0,0
16.838.421/0001-26,2022-09-30,1,4283056588,0,0,0
16.838.421/0001-26,2022-12-31,1,4283056588,0,0,0
16.838.421/0001-26,2023-03-31,1,4787166941,0,0,0
16.838.421/0001-26,2023-06-30,1,4907045242,0,0,0
16.838.421/0001-26,2023-09-30,1,5040212575,0,0,0
16.838.421/0001-26,2023-12-31,1,5040212575,0,0,0
16.838.421/0001-26,2024-03-31,1,5347880552,0,0,0
16.838.421/0001-26,2024-06-30,1,5347880552,0,0,0
16.838.421/0001-26,2024-09-30,1,2503189246,0,0,0
16.838.421/0001-26,2024-12-31,2,2503189246,0,0,0
16.838.421/0001-26,2025-03-31,1,2503189246,0,0,0
16.838.421/0001-26,2025-06-30,1,2503189246,0,0,0
16.838.421/0001-26,2025-09-30,2,2503189246,0,0,0
16.922.038/0001-51,2020-03-31,1,89590,0,0,0
16.922.038/0001-51,2020-06-30,1,89590,0,0,0
16.922.038/0001-51,2020-09-30,2,149533,0,0,0
16.922.038/0001-51,2020-12-31,2,195468,0,0,0
16.922.038/0001-51,2021-03-31,1,195468,0,0,0
16.922.038/0001-51,2021-06-30,1,197856,0,0,0
16.922.038/0001-51,2021-09-30,2,197856,0,0,0
16.922.038/0001-51,2021-12-31,1,197856,0,0,0
16.922.038/0001-51,2022-03-31,1,197856,0,0,0
16.922.038/0001-51,2022-06-30,1,197991,0,0,0
16.922.038/0001-51,2022-09-30,1,200243,0,0,0
16.922.038/0001-51,2022-12-31,1,200243,0,0,0
16.922.038/0001-51,2023-03-31,1,200243,0,0,0
16.922.038/0001-51,2023-06-30,1,202630,0,0,0
16.922.038/0001-51,2023-09-30,2,202630,0,0,0
16.922.038/0001-51,2023-12-31,1,202630,0,0,0
16.922.038/0001-51,2024-03-31,1,202630,0,0,0
16.922.038/0001-51,2024-06-30,1,202630,0,0,0
16.922.038/0001-51,2024-09-30,1,205017,0,0,0
16.922.038/0001-51,2024-12-31,1,205017,0,0,0
16.922.038/0001-51,2025-03-31,2,205017,0,0,0
16.922.038/0001-51,2025-06-30,1,205017,0,0,0
16.922.038/0001-51,2025-09-30,1,205017,0,0,0
16.922.038/0001-51,2025-12-31,1,205017,0,0,0
16.922.038/0001-51,2026-03-31,1,205017,0,0,0
16.922.038/0001-51,2026-06-30,1,205017,0,0,0
17.155.730/0001-64,2020-03-31,1,487614,971138,0,561
17.155.730/0001-64,2020-06-30,1,487614,971138,0,561
17.155.730/0001-64,2020-09-30,1,507670,1011082,0,584
17.155.730/0001-64,2020-12-31,2,507670,1011082,0,584
17.155.730/0001-64,2021-03-31,1,566037,1127325,0,651
17.155.730/0001-64,2021-06-30,1,566037,1127325,0,651
17.155.730/0001-64,2021-09-30,1,566037,1127325,0,651
17.155.730/0001-64,2021-12-31,1,566037,1127325,0,651
17.155.730/0001-64,2022-03-31,1,566037,1127325,0,651
17.155.730/0001-64,2022-06-30,1,735848,1465523,0,846
17.155.730/0001-64,2022-09-30,1,735848,1465523,0,846
17.155.730/0001-64,2022-12-31,1,735848,1465523,0,846
17.155.730/0001-64,2023-03-31,1,735848,1465523,0,846
17.155.730/0001-64,2023-06-30,1,735848,1465523,0,846
17.155.730/0001-64,2023-09-30,1,735848,1465523,0,846
17.155.730/0001-64,2023-12-31,1,735848,1465523,0,846
17.155.730/0001-64,2024-03-31,1,735848,1465523,0,846
17.155.730/0001-64,2024-06-30,1,956602,1905180,16,1246
17.155.730/0001-64,2024-09-30,1,956602,1905180,0,1100
17.155.730/0001-64,2024-12-31,1,956602,1905180,1100,0
17.155.730/0001-64,2025-03-31,1,956602,1905180,1100,0
17.155.730/0001-64,2025-06-30,1,956602,1905180,0,1100
17.155.730/0001-64,2025-09-30,1,956602,1905180,0,1100
17.155.730/0001-64,2025-12-31,1,956602,1905180,0,1100
17.155.730/0001-64,2026-03-31,1,956602,1905180,0,1100
17.155.730/0001-64,2026-06-30,1,956602,1905180,0,1100
17.157.777/0001-67,2024-09-30,1,61156255,51387855,0,0
17.157.777/0001-67,2024-12-31,1,61156255,51387855,0,0
17.157.777/0001-67,2025-03-31,1,61156255,51387855,0,0
17.159.005/0001-64,2020-03-31,1,4500,9000,948,0
17.159.005/0001-64,2020-06-30,1,4500,9000,948,0
17.159.005/0001-64,2020-09-30,1,4500,9000,948,0
17.159.005/0001-64,2020-12-31,1,4500,9000,948,0
17.159.005/0001-64,2021-03-31,1,4500,9000,948,0
17.159.005/0001-64,2021-06-30,1,4500,9000,948,0
17.159.005/0001-64,2021-09-30,1,4500,9000,948,0
17.159.005/0001-64,2021-12-31,1,4500,9000,948,0
17.159.005/0001-64,2022-03-31,1,4500,9000,948,0
17.159.005/0001-64,2022-06-30,1,4500,9000,948,0
17.159.005/0001-64,2022-09-30,1,4500,9000,948,0
17.159.005/0001-64,2022-12-31,1,4500,9000,948,0
17.159.005/0001-64,2023-03-31,1,4500,9000,948,0
17.159.005/0001-64,2023-06-30,1,4500,9000,948,0
17.159.005/0001-64,2023-09-30,1,4500,9000,948,0
17.159.005/0001-64,2023-12-31,1,4500,9000,948,0
17.159.005/0001-64,2024-03-31,1,4500,9000,948,0
17.159.005/0001-64,2024-06-30,1,4500,9000,948,0
17.159.005/0001-64,2024-09-30,1,4500,9000,948,0
17.159.005/0001-64,2024-12-31,1,4500,9000,948,0
17.159.005/0001-64,2025-03-31,1,4500,9000,948,0
17.159.005/0001-64,2025-06-30,1,4500,9000,948,0
17.159.005/0001-64,2025-09-30,1,4500,9000,948,0
17.159.005/0001-64,2025-12-31,1,4500,9000,948,0
17.159.005/0001-64,2026-03-31,1,4500,9000,948,0
17.159.005/0001-64,2026-06-30,1,4500,9000,948,0
17.159.229/0001-76,2020-12-31,1,54655555,0,0,0
17.159.229/0001-76,2021-03-31,1,54655555,0,0,0
17.159.229/0001-76,2021-06-30,1,54655555,0,0,0
17.159.229/0001-76,2021-09-30,1,54655555,0,0,0
17.159.229/0001-76,2021-12-31,2,54655555,0,0,0
17.159.229/0001-76,2022-03-31,2,54655555,0,0,0
17.159.229/0001-76,2022-06-30,2,54655555,0,0,0
17.159.229/0001-76,2022-09-30,1,54655555,0,0,0
17.159.229/0001-76,2022-12-31,2,54655555,0,0,0
17.159.229/0001-76,2023-03-31,1,54655555,0,0,0
17.159.229/0001-76,2023-06-30,1,54655555,0,0,0
17.159.229/0001-76,2023-09-30,1,54655555,0,0,0
17.159.229/0001-76,2023-12-31,1,54655555,0,0,0
17.159.229/0001-76,2024-03-31,1,54655555,0,0,0
17.159.229/0001-76,2024-06-30,1,54655555,0,0,0
17.159.229/0001-76,2024-09-30,1,54655555,0,0,0
17.159.229/0001-76,2024-12-31,1,54655555,0,0,0
17.159.229/0001-76,2025-03-31,1,54655555,0,0,0
17.159.229/0001-76,2025-06-30,1,54655555,0,0,0
17.159.229/0001-76,2025-09-30,1,54655555,0,0,0
17.159.229/0001-76,2025-12-31,1,54655555,0,0,0
17.159.229/0001-76,2026-03-31,1,54655555,0,0,0
17.159.229/0001-76,2026-06-30,1,54655555,0,0,0
17.161.241/0001-15,2020-03-31,1,22,22,1,2
17.161.241/0001-15,2020-06-30,1,22,22,1,2
17.161.241/0001-15,2020-09-30,1,22,22,1,2
17.161.241/0001-15,2020-12-31,1,22,22,1,2
17.161.241/0001-15,2021-03-31,1,22,22,1,2
17.161.241/0001-15,2021-06-30,1,22,22,1,2
17.161.241/0001-15,2021-09-30,1,22,22,1,2
17.161.241/0001-15,2021-12-31,1,22,22,1,2
17.161.241/0001-15,2022-03-31,1,22,22,1,2
17.161.241/0001-15,2022-06-30,1,22,22,1,2
17.161.241/0001-15,2022-09-30,1,22,22,1,2
17.161.241/0001-15,2022-12-31,1,22,22,1,2
17.161.241/0001-15,2023-03-31,1,22,22,1,2
17.161.241/0001-15,2023-06-30,1,22,22,1,2
17.161.241/0001-15,2023-09-30,1,22,22,1,2
17.161.241/0001-15,2023-12-31,1,22,22,1,2
17.161.241/0001-15,2024-03-31,1,22,22,1,2
17.161.241/0001-15,2024-06-30,1,22,22,1,2
17.161.241/0001-15,2024-09-30,1,22,20,0,0
17.161.241/0001-15,2024-12-31,1,20,17,0,0
17.161.241/0001-15,2025-03-31,1,20,17,0,0
17.161.241/0001-15,2025-06-30,3,20,17,0,0
17.161.241/0001-15,2025-09-30,1,20,17,0,0
17.161.241/0001-15,2025-12-31,1,20,17,0,0
17.161.241/0001-15,2026-03-31,1,20,17,0,0
17.161.241/0001-15,2026-06-30,1,20,17,0,0
17.162.082/0001-73,2020-03-31,1,6977,3332,0,0
17.162.082/0001-73,2020-06-30,1,6977,3332,0,0
17.162.082/0001-73,2020-09-30,1,6977,3332,0,0
17.162.082/0001-73,2020-12-31,2,6977,3332,0,0
17.162.082/0001-73,2021-03-31,2,6977,3332,0,0
17.162.082/0001-73,2021-06-30,2,6977,3332,0,0
17.162.082/0001-73,2021-09-30,1,6977,3332,0,0
17.162.082/0001-73,2021-12-31,1,6977,3332,0,0
17.162.082/0001-73,2022-03-31,1,6977,3332,0,0
17.162.082/0001-73,2022-06-30,1,6977,3332,0,0
17.162.082/0001-73,2022-09-30,1,6977,3332,0,0
17.162.082/0001-73,2022-12-31,1,6977,3332,0,0
17.162.082/0001-73,2023-03-31,1,6976765,3332623,0,0
17.162.082/0001-73,2023-06-30,1,6976765,3332623,0,0
17.162.082/0001-73,2023-09-30,1,6976765,3332623,0,0
17.162.082/0001-73,2023-12-31,1,6977,3332,0,0
17.162.082/0001-73,2024-03-31,1,6976765,3332623,0,0
17.162.082/0001-73,2024-06-30,1,6976765,3332623,0,0
17.162.082/0001-73,2024-09-30,1,6976765,3332623,0,0
17.162.082/0001-73,2024-12-31,1,6976765,3332623,0,0
17.162.082/0001-73,2025-03-31,2,6976765,3332623,0,0
17.162.082/0001-73,2025-06-30,1,6976765,3332623,0,0
17.162.082/0001-73,2025-09-30,1,6976765,3332623,0,0
17.162.082/0001-73,2025-12-31,1,6976765,3332623,0,0
17.162.082/0001-73,2026-03-31,1,6976765,3332623,0,0
17.162.082/0001-73,2026-06-30,1,6976765,3332623,0,0
17.162.280/0001-37,2022-03-31,1,59332676,0,0,0
17.162.280/0001-37,2022-06-30,1,59332676,0,0,0
17.162.280/0001-37,2022-09-30,1,90000000,0,0,0
17.162.280/0001-37,2022-12-31,1,90000000,0,0,0
17.162.280/0001-37,2023-03-31,1,90000000,0,0,0
17.162.280/0001-37,2023-06-30,1,119994,0,0,0
17.162.280/0001-37,2023-09-30,1,159994,0,0,0
17.167.396/0001-69,2020-03-31,1,46011632,38670637,0,0
17.167.396/0001-69,2020-06-30,1,46011632,38670637,0,0
17.167.396/0001-69,2020-09-30,1,46011632,38670637,0,0
17.167.396/0001-69,2020-12-31,1,46011632,38670637,0,0
17.167.396/0001-69,2021-03-31,1,46011632,38670637,0,0
17.167.396/0001-69,2021-06-30,1,46011632,38670637,0,0
17.167.396/0001-69,2021-09-30,1,46011632,38670637,0,0
17.167.396/0001-69,2021-12-31,1,46011632,38670637,0,0
17.167.396/0001-69,2022-03-31,1,46011632,38670637,0,0
17.167.396/0001-69,2022-06-30,1,46011632,38670637,0,0
17.167.396/0001-69,2022-09-30,1,46011632,38670637,0,0
17.167.396/0001-69,2022-12-31,1,46011632,38670637,0,0
17.167.396/0001-69,2023-03-31,1,46011632,38670637,0,0
17.167.396/0001-69,2023-06-30,1,46011632,38670637,0,0
17.167.396/0001-69,2023-09-30,1,46011632,38670637,0,0
17.167.396/0001-69,2023-12-31,1,46011632,38670637,0,0
17.167.396/0001-69,2024-03-31,1,46011632,38670637,0,0
17.167.396/0001-69,2024-06-30,1,46011632,38670637,0,0
17.167.396/0001-69,2024-09-30,1,46011632,38670637,0,0
17.167.396/0001-69,2024-12-31,1,46011632,38670637,0,0
17.167.396/0001-69,2025-03-31,1,46011632,38670637,0,0
17.167.396/0001-69,2025-06-30,1,46011632,38670637,0,0
17.167.396/0001-69,2025-09-30,1,46011632,38670637,0,0
17.167.396/0001-69,2025-12-31,1,46011632,38670637,0,0
17.167.396/0001-69,2026-03-31,1,46011632,38670637,0,0
17.167.396/0001-69,2026-06-30,1,46011632,38670637,0,0
17.167.412/0001-13,2020-03-31,2,58736269,44206287,154700,131600
17.167.412/0001-13,2020-06-30,1,58736269,44206287,157800,132200
17.167.412/0001-13,2020-09-30,1,58736269,44206287,157800,132200
17.167.412/0001-13,2020-12-31,2,58736269,44206287,157800,132200
17.167.412/0001-13,2021-03-31,1,58736269,44206287,157800,132200
17.167.412/0001-13,2021-06-30,1,58736269,44206287,157800,132200
17.167.412/0001-13,2021-09-30,2,58736269,44206287,157800,132200
17.167.412/0001-13,2021-12-31,1,58736269,44206287,157800,132200
17.167.412/0001-13,2022-03-31,1,58736269,44206287,157800,132200
17.167.412/0001-13,2022-06-30,1,58736269,44206287,157800,132200
17.167.412/0001-13,2022-09-30,1,58736269,44206287,157800,132200
17.167.412/0001-13,2022-12-31,1,58736269,44206287,157800,132200
17.167.412/0001-13,2023-03-31,1,58736269,44206287,157800,132200
17.167.412/0001-13,2023-06-30,1,58736269,44206287,157800,132200
17.167.412/0001-13,2023-09-30,1,58736269,44206287,157800,132200
17.167.412/0001-13,2023-12-31,1,58736269,44206287,157800,132200
17.184.037/0001-10,2020-03-31,1,32578,19838,0,0
17.184.037/0001-10,2020-06-30,1,32578,19838,0,0
17.184.037/0001-10,2020-09-30,1,32578,19838,0,0
17.184.037/0001-10,2020-12-31,3,32578,19838,0,0
17.184.037/0001-10,2021-03-31,1,32578,19838,0,0
17.184.037/0001-10,2021-06-30,1,32578,19838,0,0
17.184.037/0001-10,2021-09-30,1,32578,19838,0,0
17.184.037/0001-10,2021-12-31,3,65156,39676,0,511
17.184.037/0001-10,2022-03-31,1,65156,39676,0,362
17.184.037/0001-10,2022-06-30,1,65156,39676,0,349
17.184.037/0001-10,2022-09-30,1,65156,39676,0,349
17.184.037/0001-10,2022-12-31,1,65156,39676,0,349
17.184.037/0001-10,2023-03-31,1,65156,39676,0,349
17.184.037/0001-10,2023-06-30,1,65156,39676,0,349
17.184.037/0001-10,2023-09-30,1,65156,39676,0,349
17.184.037/0001-10,2023-12-31,1,65156,39676,0,349
17.184.037/0001-10,2024-03-31,1,65156,39676,0,349
17.184.037/0001-10,2024-06-30,1,65156,39676,0,349
17.184.037/0001-10,2024-09-30,1,65156,39676,0,349
17.184.037/0001-10,2024-12-31,2,65156,39676,0,349
17.184.037/0001-10,2025-03-31,1,65156,39676,0,349
17.184.037/0001-10,2025-06-30,1,65156,39676,0,349
17.184.037/0001-10,2025-09-30,1,65156,39676,0,349
17.184.037/0001-10,2025-12-31,1,65156,39676,0,349
17.184.037/0001-10,2026-03-31,1,84053,39676,0,349
17.184.037/0001-10,2026-06-30,1,84053,39327,0,349
17.193.806/0001-46,2020-03-31,1,40394932,33251456,0,0
17.193.806/0001-46,2020-06-30,1,40394932,33251456,0,0
17.193.806/0001-46,2020-09-30,1,40394932,33251456,0,0
17.193.806/0001-46,2020-12-31,2,40394932,33251456,0,0
17.193.806/0001-46,2021-03-31,1,40394932,33251456,0,0
17.193.806/0001-46,2021-06-30,1,40394932,33251456,0,0
17.193.806/0001-46,2021-09-30,1,40394932,33251456,0,0
17.193.806/0001-46,2021-12-31,1,40394932,33251456,0,0
17.193.806/0001-46,2022-03-31,2,40394932,33251456,0,0
17.193.806/0001-46,2022-06-30,1,40394932,33251456,0,0
17.193.806/0001-46,2022-09-30,1,40394932,33251456,0,0
17.193.806/0001-46,2022-12-31,1,40394932,33251456,0,0
17.193.806/0001-46,2023-03-31,1,40394932,33251456,0,0
17.193.806/0001-46,2023-06-30,1,40394932,33251456,0,0
17.193.806/0001-46,2023-09-30,1,40394932,33251456,0,0
17.193.806/0001-46,2023-12-31,1,40394932,33251456,0,0
17.234.244/0001-31,2020-03-31,1,526737844,0,0,0
17.234.244/0001-31,2020-06-30,1,526737844,0,0,0
17.234.244/0001-31,2020-09-30,1,526737844,0,0,0
17.234.244/0001-31,2020-12-31,1,526737844,0,0,0
17.234.244/0001-31,2021-03-31,1,550871212,0,0,0
17.234.244/0001-31,2021-06-30,1,550871212,0,0,0
17.234.244/0001-31,2021-09-30,1,550871212,0,0,0
17.234.244/0001-31,2021-12-31,1,550871212,0,0,0
17.234.244/0001-31,2022-03-31,1,550871212,0,0,0
17.234.244/0001-31,2022-06-30,1,550871212,0,0,0
17.234.244/0001-31,2022-09-30,1,550871212,0,0,0
17.234.244/0001-31,2022-12-31,1,550871212,0,0,0
17.234.244/0001-31,2023-03-31,1,550871212,0,0,0
17.234.244/0001-31,2023-06-30,2,550871212,0,0,0
17.234.244/0001-31,2023-09-30,1,550871212,0,0,0
17.234.244/0001-31,2023-12-31,1,550871212,0,0,0
17.234.244/0001-31,2024-03-31,1,550871212,0,0,0
17.234.244/0001-31,2024-06-30,1,550871212,0,0,0
17.234.244/0001-31,2024-09-30,1,550871212,0,0,0
17.234.244/0001-31,2024-12-31,1,550871212,0,0,0
17.234.244/0001-31,2025-03-31,1,550871212,0,0,0
17.234.244/0001-31,2025-06-30,1,550871212,0,0,0
17.234.244/0001-31,2025-09-30,1,550871212,0,0,0
17.234.244/0001-31,2025-12-31,1,550871212,0,0,0
17.234.244/0001-31,2026-03-31,1,550871212,0,0,0
17.234.244/0001-31,2026-06-30,1,550871212,0,0,0
17.245.234/0001-00,2020-03-31,2,5707104,4292896,0,0
17.245.234/0001-00,2020-06-30,1,5707104,4292896,0,0
17.245.234/0001-00,2020-09-30,1,5707104,4292896,0,0
17.245.234/0001-00,2020-12-31,1,5707104,4292896,0,0
17.245.234/0001-00,2021-03-31,2,5707104,4292896,0,0
17.245.234/0001-00,2021-06-30,1,5707104,4292896,0,0
17.245.234/0001-00,2021-09-30,1,5707104,4292896,0,0
17.245.234/0001-00,2021-12-31,2,5707104,4292896,0,0
17.245.234/0001-00,2022-03-31,1,5707104,4292896,0,0
17.245.234/0001-00,2022-06-30,1,5707104,4292896,0,0
17.245.234/0001-00,2022-09-30,1,5707104,4292896,0,0
17.245.234/0001-00,2022-12-31,2,5707104,4292896,0,0
17.245.234/0001-00,2023-03-31,1,5707104,4292896,0,0
17.245.234/0001-00,2023-06-30,1,5707104,4292896,0,0
17.245.234/0001-00,2023-09-30,1,5707104,4292896,0,0
17.245.234/0001-00,2023-12-31,1,5707104,4292896,0,0
17.245.234/0001-00,2024-03-31,1,5707104,4292896,0,0
17.245.234/0001-00,2024-06-30,1,5707104,4292896,0,0
17.245.234/0001-00,2024-09-30,1,5707104,4292896,0,0
17.245.234/0001-00,2024-12-31,1,5707104,4292896,0,0
17.245.234/0001-00,2025-03-31,1,5707104,4292896,0,0
17.245.234/0001-00,2025-06-30,1,5707104,4292896,0,0
17.245.234/0001-00,2025-09-30,1,5707104,4304063,0,0
17.245.234/0001-00,2025-12-31,1,5707104,4304063,0,0
17.245.234/0001-00,2026-03-31,1,5707000,4304167,0,0
17.245.234/0001-00,2026-06-30,1,5707000,4304167,0,0
17.281.106/0001-03,2020-03-31,1,126751,0,357,0
17.281.106/0001-03,2020-06-30,1,126751,0,357,0
17.281.106/0001-03,2020-09-30,1,126751,0,357,0
17.281.106/0001-03,2020-12-31,2,380253,0,1072,0
17.281.106/0001-03,2021-03-31,1,380253,0,1072,0
17.281.106/0001-03,2021-06-30,1,380253,0,1072,0
17.281.106/0001-03,2021-09-30,1,380253,0,1072,0
17.281.106/0001-03,2021-12-31,3,380253,0,1072,0
17.281.106/0001-03,2022-03-31,2,380253,0,1072,0
17.281.106/0001-03,2022-06-30,1,380253,0,1072,0
17.281.106/0001-03,2022-09-30,1,380253,0,1072,0
17.281.106/0001-03,2022-12-31,1,380253,0,1072,0
17.281.106/0001-03,2023-03-31,1,380253,0,1072,0
17.281.106/0001-03,2023-06-30,1,380253,0,1072,0
17.281.106/0001-03,2023-09-30,1,380253,0,1072,0
17.281.106/0001-03,2023-12-31,1,380253,0,1072,0
17.281.106/0001-03,2024-03-31,1,380253,0,1072,0
17.281.106/0001-03,2024-06-30,1,380253,0,1072,0
17.281.106/0001-03,2024-09-30,1,380253,0,1072,0
17.281.106/0001-03,2024-12-31,1,380253,0,1072,0
17.281.106/0001-03,2025-03-31,1,380253,0,1072,0
17.281.106/0001-03,2025-06-30,1,380253,0,1072,0
17.281.106/0001-03,2025-09-30,1,380253,0,1072,0
17.281.106/0001-03,2025-12-31,1,380253,0,1072,0
17.281.106/0001-03,2026-03-31,1,380253,0,1072,0
17.281.106/0001-03,2026-06-30,1,380253,0,1072,0
17.314.329/0001-20,2020-03-31,1,195919530,0,925600,0
17.314.329/0001-20,2020-06-30,1,195919530,0,925600,0
17.314.329/0001-20,2020-09-30,1,286369530,0,926500,0
17.314.329/0001-20,2020-12-31,1,286369530,0,925600,0
17.314.329/0001-20,2021-03-31,1,286369530,0,926500,0
17.314.329/0001-20,2021-06-30,1,286369530,0,926500,0
17.314.329/0001-20,2021-09-30,1,286369530,0,926500,0
17.314.329/0001-20,2021-12-31,1,286369530,0,926500,0
17.314.329/0001-20,2022-03-31,2,286369530,0,926500,0
17.314.329/0001-20,2022-06-30,1,286369530,0,926500,0
17.314.329/0001-20,2022-09-30,1,286369530,0,926500,0
17.314.329/0001-20,2022-12-31,1,286369530,0,926500,0
17.314.329/0001-20,2023-03-31,1,286369530,0,926500,0
17.314.329/0001-20,2023-06-30,1,286369530,0,926500,0
17.314.329/0001-20,2023-09-30,1,286369530,0,926500,0
17.314.329/0001-20,2023-12-31,1,286369530,0,926500,0
17.314.329/0001-20,2024-03-31,1,286369530,0,926500,0
17.314.329/0001-20,2024-06-30,1,286369530,0,926500,0
17.314.329/0001-20,2024-09-30,1,286369530,0,926500,0
17.314.329/0001-20,2024-12-31,2,286369530,0,926500,0
17.314.329/0001-20,2025-03-31,1,286369530,0,926500,0
17.314.329/0001-20,2025-06-30,2,286676540,0,0,0
17.314.329/0001-20,2025-09-30,2,286676540,0,0,0
17.314.329/0001-20,2025-12-31,1,2863695300,2863695300,9265000,9265000
17.314.329/0001-20,2026-03-31,1,2866765400,2866765400,0,0
17.314.329/0001-20,2026-06-30,1,28667654000,2866765400,0,0
17.344.597/0001-94,2020-03-31,2,2000000000,0,3376583,0
17.344.597/0001-94,2020-06-30,1,2000000000,0,3365319,0
17.344.597/0001-94,2020-09-30,1,2000000000,0,3365319,0
17.344.597/0001-94,2020-12-31,1,2000000000,0,3365319,0
17.344.597/0001-94,2021-03-31,1,2000000000,0,3342858,0
17.344.597/0001-94,2021-06-30,1,2000000000,0,3313471,0
17.344.597/0001-94,2021-09-30,1,2000000000,0,3313471,0
17.344.597/0001-94,2021-12-31,1,2000000000,0,3313471,0
17.344.597/0001-94,2022-03-31,1,2000000000,0,3313471,0
17.344.597/0001-94,2022-06-30,1,2000000000,0,3273567,0
17.344.597/0001-94,2022-09-30,1,2000000000,0,3273567,0
17.344.597/0001-94,2022-12-31,1,2000000000,0,3273567,0
17.344.597/0001-94,2023-03-31,1,2000000000,0,3249651,0
17.344.597/0001-94,2023-06-30,1,2000000000,0,3249232,0
17.344.597/0001-94,2023-09-30,1,2000000000,0,9076032,0
17.344.597/0001-94,2023-12-31,1,2000000000,0,23133332,0
17.344.597/0001-94,2024-03-31,1,2000000000,0,31926181,0
17.344.597/0001-94,2024-06-30,1,2000000000,0,58813981,0
17.344.597/0001-94,2024-09-30,1,2000000000,0,58813981,0
17.344.597/0001-94,2024-12-31,1,2000000000,0,58813981,0
17.344.597/0001-94,2025-03-31,1,2000000000,0,58785091,0
17.344.597/0001-94,2025-06-30,1,2000000000,0,58785091,0
17.344.597/0001-94,2025-09-30,1,2000000000,0,58785091,0
17.344.597/0001-94,2025-12-31,1,2000000000,0,58785091,0
17.344.597/0001-94,2026-03-31,1,1941400000,0,151456,0
17.344.597/0001-94,2026-06-30,1,1941400000,0,151456,0
17.346.997/0001-39,2020-03-31,1,463224241,0,169554,0
17.346.997/0001-39,2020-06-30,1,463224241,0,130076,0
17.346.997/0001-39,2020-09-30,1,463224241,0,0,0
17.359.233/0001-88,2020-12-31,1,383000000,0,0,0
17.359.233/0001-88,2021-03-31,1,383000000,0,0,0
17.359.233/0001-88,2021-06-30,1,383000000,0,0,0
17.359.233/0001-88,2021-09-30,1,383000000,0,0,0
17.359.233/0001-88,2021-12-31,1,383000000,0,0,0
17.359.233/0001-88,2022-03-31,1,383000000,0,0,0
17.359.233/0001-88,2022-06-30,2,380000000,0,0,0
17.359.233/0001-88,2022-09-30,1,380000000,0,0,0
17.359.233/0001-88,2022-12-31,2,383000000,0,0,0
17.359.233/0001-88,2023-03-31,1,380000000,0,0,0
17.359.233/0001-88,2023-06-30,1,380000000,0,0,0
17.359.233/0001-88,2023-09-30,1,383000000,0,0,0
17.359.233/0001-88,2023-12-31,1,383000000,0,0,0
17.359.233/0001-88,2024-03-31,2,383000000,0,0,0
17.359.233/0001-88,2024-06-30,1,383000000,0,0,0
17.359.233/0001-88,2024-09-30,2,383000000,0,0,0
17.359.233/0001-88,2024-12-31,1,382000000,0,0,0
17.359.233/0001-88,2025-03-31,1,383000000,0,0,0
17.359.233/0001-88,2025-06-30,1,383000000,0,0,0
17.359.233/0001-88,2025-09-30,1,383000000,0,0,0
17.359.233/0001-88,2025-12-31,1,383000000,0,0,0
17.359.233/0001-88,2026-03-31,1,383000000,0,0,0
17.359.233/0001-88,2026-06-30,1,383000000,0,0,0
17.765.891/0001-70,2024-12-31,1,327925580,73170653,0,0
17.765.891/0001-70,2025-03-31,1,327925580,73170653,0,0
17.765.891/0001-70,2025-06-30,1,327925580,73923109,0,0
17.765.891/0001-70,2025-09-30,1,329140580,72708109,0,0
17.765.891/0001-70,2025-12-31,1,303640580,98348766,0,0
17.765.891/0001-70,2026-03-31,1,303640580,98348766,0,0
17.765.891/0001-70,2026-06-30,1,303640580,98348766,0,0
17.943.792/0001-30,2020-12-31,1,10000,0,0,0
17.943.792/0001-30,2021-03-31,1,10,0,0,0
17.943.792/0001-30,2021-06-30,1,107010,0,0,0
17.943.792/0001-30,2021-09-30,1,107010000,0,0,0
17.943.792/0001-30,2021-12-31,1,107010,0,0,0
17.943.792/0001-30,2022-03-31,1,107010,0,0,0
17.943.792/0001-30,2022-06-30,1,107010,0,0,0
17.943.792/0001-30,2022-09-30,1,107010,0,0,0
17.943.792/0001-30,2022-12-31,1,107010,0,0,0
17.943.792/0001-30,2023-03-31,1,107010,0,0,0
18.080.368/0001-72,2024-12-31,1,94500,0,0,0
18.080.368/0001-72,2025-03-31,1,94500,0,0,0
18.080.368/0001-72,2025-06-30,2,94500,0,0,0
18.080.368/0001-72,2025-09-30,1,94500,0,0,0
18.080.368/0001-72,2025-12-31,1,94500,0,0,0
18.080.368/0001-72,2026-03-31,1,94500,0,0,0
18.080.368/0001-72,2026-06-30,1,94500,0,0,0
18.174.270/0001-84,2020-12-31,1,1374705,0,0,0
18.174.270/0001-84,2021-03-31,1,1374705,0,0,0
18.174.270/0001-84,2021-06-30,1,132068352,0,0,0
18.174.270/0001-84,2021-09-30,1,132068352,0,0,0
18.174.270/0001-84,2021-12-31,2,132068352,0,0,0
18.174.270/0001-84,2022-03-31,2,132068352,0,0,0
18.174.270/0001-84,2022-06-30,1,132068352,0,0,0
18.174.270/0001-84,2022-09-30,1,132440558,0,0,0
18.174.270/0001-84,2022-12-31,1,401355670,0,0,0
18.174.270/0001-84,2023-03-31,3,132440558,0,0,0
18.174.270/0001-84,2023-06-30,1,132440558,0,2368129,0
18.174.270/0001-84,2023-09-30,1,132068352,0,2368129,0
18.174.270/0001-84,2023-12-31,1,13244055,0,187372,0
18.174.270/0001-84,2024-03-31,1,13244055,0,0,0
18.174.270/0001-84,2024-06-30,1,13244055,0,0,0
18.174.270/0001-84,2024-09-30,1,13244055,0,0,0
18.174.270/0001-84,2024-12-31,1,13244055,0,0,0
18.174.270/0001-84,2025-03-31,1,13244055,0,0,0
18.174.270/0001-84,2025-06-30,1,13244055,0,0,0
18.174.270/0001-84,2025-09-30,1,13244055,0,0,0
18.174.270/0001-84,2025-12-31,1,13244055,0,0,0
18.174.270/0001-84,2026-03-31,1,13244055,0,0,0
18.174.270/0001-84,2026-06-30,1,13321978,0,0,0
18.328.118/0001-09,2020-03-31,1,174183,0,0,0
18.328.118/0001-09,2020-06-30,1,174183,0,0,0
18.328.118/0001-09,2020-09-30,1,372856,0,0,0
18.328.118/0001-09,2020-12-31,3,372855796,0,0,0
18.328.118/0001-09,2021-03-31,2,393991198,0,0,0
18.328.118/0001-09,2021-06-30,2,393991198,0,0,0
18.328.118/0001-09,2021-09-30,1,394057914,0,0,0
18.328.118/0001-09,2021-12-31,2,458835692,0,0,0
18.328.118/0001-09,2022-03-31,2,459940195,0,15,0
18.328.118/0001-09,2022-06-30,1,459940195,0,15,0
18.328.118/0001-09,2022-09-30,1,461642885,0,15,0
18.328.118/0001-09,2022-12-31,2,461642885,0,15,0
18.328.118/0001-09,2023-03-31,1,462471262,0,15,0
18.328.118/0001-09,2023-06-30,1,462471262,0,15,0
18.328.118/0001-09,2023-09-30,1,462523502,0,11600015,0
18.328.118/0001-09,2023-12-31,1,462523502,0,11600015,0
18.328.118/0001-09,2024-03-31,1,462523502,0,11600015,0
18.328.118/0001-09,2024-06-30,1,462523502,0,11600015,0
18.328.118/0001-09,2024-09-30,1,462523502,0,11600015,0
18.328.118/0001-09,2024-12-31,1,462523502,0,11600015,0
18.328.118/0001-09,2025-03-31,1,462739925,0,11600015,0
18.328.118/0001-09,2025-06-30,1,462739925,0,11600015,0
18.328.118/0001-09,2025-09-30,1,462739925,0,11600015,0
18.328.118/0001-09,2025-12-31,1,451139910,0,0,0
18.328.118/0001-09,2026-03-31,1,451139910,0,0,0
18.483.666/0001-03,2020-12-31,3,1100000,0,0,0
18.483.666/0001-03,2021-03-31,3,1100000,0,0,0
18.483.666/0001-03,2021-06-30,1,1100000,0,0,0
18.483.666/0001-03,2021-09-30,1,88000000,0,0,0
18.483.666/0001-03,2021-12-31,1,87964800,0,35200,0
18.483.666/0001-03,2022-03-31,3,88000000,0,932800,0
18.483.666/0001-03,2022-06-30,1,88000000,0,932800,0
18.483.666/0001-03,2022-09-30,1,88000000,0,932800,0
18.483.666/0001-03,2022-12-31,1,88000000,0,1012000,0
18.483.666/0001-03,2023-03-31,1,86912000,0,1088000,0
18.483.666/0001-03,2023-06-30,1,88000000,0,1188000,0
18.483.666/0001-03,2023-09-30,1,95863295,0,1188000,0
18.483.666/0001-03,2023-12-31,1,95863295,0,4874833,0
18.483.666/0001-03,2024-03-31,1,95863295,0,4884477,0
18.483.666/0001-03,2024-06-30,2,95863295,0,4884477,0
18.483.666/0001-03,2024-09-30,1,95863295,0,5993644,0
18.483.666/0001-03,2024-12-31,1,95863295,0,5993644,0
18.483.666/0001-03,2025-03-31,1,95863295,0,5993644,0
18.483.666/0001-03,2025-06-30,1,95863295,0,0,0
18.494.485/0001-82,2020-03-31,1,4060490071,0,0,0
18.494.485/0001-82,2020-06-30,1,4060490071,0,0,0
18.494.485/0001-82,2020-09-30,1,4060490071,0,0,0
18.494.485/0001-82,2020-12-31,1,5333330970,0,0,0
18.494.485/0001-82,2021-03-31,1,5333330970,0,0,0
18.494.485/0001-82,2021-06-30,1,5333330970,0,0,0
18.494.485/0001-82,2021-09-30,1,5333330970,0,0,0
18.494.485/0001-82,2021-12-31,1,5333330970,0,0,0
18.494.485/0001-82,2022-03-31,1,5333330970,0,0,0
18.494.485/0001-82,2022-06-30,1,132075987101,0,0,0
18.494.485/0001-82,2022-09-30,1,132075987101,0,0,0
18.494.485/0001-82,2022-12-31,2,132075987101,0,0,0
18.494.485/0001-82,2023-03-31,1,132075987101,0,0,0
18.494.485/0001-82,2023-06-30,1,132075987101,0,0,0
18.494.485/0001-82,2023-09-30,1,132075987101,0,0,0
18.494.485/0001-82,2023-12-31,1,3602020,0,0,0
18.494.485/0001-82,2024-03-31,1,3602020,0,0,0
18.494.485/0001-82,2024-06-30,1,6602020,0,0,0
18.494.485/0001-82,2024-09-30,1,6602020,0,0,0
18.494.485/0001-82,2024-12-31,1,6602020,0,0,0
18.494.485/0001-82,2025-03-31,1,6602020,0,0,0
18.494.485/0001-82,2025-06-30,1,27331,0,0,0
18.494.485/0001-82,2025-09-30,1,171840,0,0,0
18.494.485/0001-82,2025-12-31,1,171840,0,0,0
18.494.485/0001-82,2026-03-31,1,171840,0,0,0
18.494.485/0001-82,2026-06-30,1,171840,0,0,0
18.572.225/0001-88,2020-03-31,1,380000000,0,0,0
18.572.225/0001-88,2020-06-30,1,380000000,0,0,0
18.572.225/0001-88,2020-09-30,1,380000000,0,0,0
18.572.225/0001-88,2020-12-31,2,380000000,0,0,0
18.572.225/0001-88,2021-03-31,1,380000,0,0,0
18.572.225/0001-88,2021-06-30,1,380000,0,0,0
18.572.225/0001-88,2021-09-30,1,380000,0,0,0
18.572.225/0001-88,2021-12-31,1,380000000,0,0,0
18.572.225/0001-88,2022-03-31,1,380000,0,0,0
18.572.225/0001-88,2022-06-30,1,380000,0,0,0
18.572.225/0001-88,2022-09-30,1,380000,0,0,0
18.572.225/0001-88,2022-12-31,2,380000,0,0,0
18.572.225/0001-88,2023-03-31,1,380000,0,0,0
18.572.225/0001-88,2023-06-30,1,380000,0,0,0
18.572.225/0001-88,2023-09-30,1,380000,0,0,0
18.572.225/0001-88,2023-12-31,1,380000,0,0,0
18.572.225/0001-88,2024-03-31,1,380000,0,0,0
18.572.225/0001-88,2024-06-30,1,380000,0,0,0
18.572.225/0001-88,2024-09-30,1,380000,0,0,0
18.572.225/0001-88,2024-12-31,1,429710,0,0,0
18.572.225/0001-88,2025-03-31,1,429710,0,0,0
18.572.225/0001-88,2025-06-30,1,429710,0,0,0
18.572.225/0001-88,2025-09-30,1,429710,0,0,0
18.572.225/0001-88,2025-12-31,1,429710,0,0,0
18.572.225/0001-88,2026-03-31,1,429710,0,0,0
18.593.815/0001-97,2020-03-31,1,38044801,0,0,0
18.593.815/0001-97,2020-06-30,1,38044801,0,0,0
18.593.815/0001-97,2020-09-30,1,38748616,0,0,0
18.593.815/0001-97,2020-12-31,1,38758616,0,0,0
18.593.815/0001-97,2021-03-31,1,38846627,0,0,0
18.593.815/0001-97,2021-06-30,1,38846627,0,300000,0
18.593.815/0001-97,2021-09-30,1,38846627,0,521000,0
18.593.815/0001-97,2021-12-31,1,38908257,0,800000,0
18.593.815/0001-97,2022-03-31,1,38908257,0,800000,0
18.593.815/0001-97,2022-06-30,1,38908257,0,1313500,0
18.593.815/0001-97,2022-09-30,1,38908257,0,1800000,0
18.593.815/0001-97,2022-12-31,1,38908257,0,1800000,0
18.593.815/0001-97,2023-03-31,1,38908257,0,1800000,0
18.593.815/0001-97,2023-06-30,1,38908257,0,1800000,0
18.593.815/0001-97,2023-09-30,1,38908257,0,1800000,0
18.593.815/0001-97,2023-12-31,2,38908257,0,1800000,0
18.593.815/0001-97,2024-03-31,1,46720757,0,1800000,0
18.593.815/0001-97,2024-06-30,2,46720757,0,1800000,0
18.593.815/0001-97,2024-09-30,1,46720757,0,0,0
18.593.815/0001-97,2024-12-31,1,46720757,0,0,0
18.593.815/0001-97,2025-03-31,1,46720757,0,0,0
18.593.815/0001-97,2025-06-30,1,46720757,0,0,0
18.593.815/0001-97,2025-09-30,1,56720757,0,0,0
18.593.815/0001-97,2025-12-31,1,56720757,0,0,0
18.593.815/0001-97,2026-03-31,1,56720757,0,0,0
18.593.815/0001-97,2026-06-30,1,56987156,0,0,0
18.903.785/0001-78,2020-12-31,1,3000,0,0,0
18.903.785/0001-78,2021-03-31,1,3000,0,0,0
18.903.785/0001-78,2021-06-30,1,4000,0,0,0
18.903.785/0001-78,2021-09-30,1,525000000,0,0,0
18.903.785/0001-78,2021-12-31,1,612883,0,0,0
18.903.785/0001-78,2022-03-31,1,612883,0,0,0
18.903.785/0001-78,2022-06-30,2,612883,0,0,0
18.903.785/0001-78,2022-09-30,1,612883,0,0,0
18.903.785/0001-78,2022-12-31,1,661150,0,0,0
18.903.785/0001-78,2023-03-31,1,661150,0,0,0
18.903.785/0001-78,2023-06-30,1,686150,0,0,0
18.903.785/0001-78,2023-09-30,1,686150,0,0,0
18.903.785/0001-78,2023-12-31,1,686150,0,0,0
18.903.785/0001-78,2024-03-31,1,686150,0,0,0
18.903.785/0001-78,2024-06-30,1,686150,0,0,0
18.903.785/0001-78,2024-09-30,1,686150,0,0,0
18.903.785/0001-78,2024-12-31,1,708377,0,0,0
18.903.785/0001-78,2025-03-31,1,708377,0,0,0
18.903.785/0001-78,2025-06-30,1,740377,0,0,0
18.903.785/0001-78,2025-09-30,1,740377,0,0,0
18.903.785/0001-78,2025-12-31,1,780377,0,0,0
18.903.785/0001-78,2026-03-31,2,780377,0,0,0
18.903.785/0001-78,2026-06-30,1,885377,0,0,0
19.014.221/0001-47,2021-12-31,1,9926535041,0,0,0
19.014.221/0001-47,2022-03-31,1,9926535041,0,0,0
19.014.221/0001-47,2022-06-30,1,9926535041,0,0,0
19.014.221/0001-47,2022-09-30,1,9926535041,0,0,0
19.014.221/0001-47,2022-12-31,1,992653503,0,0,0
19.014.221/0001-47,2023-03-31,1,992653503,0,0,0
19.014.221/0001-47,2023-06-30,1,992653503,0,0,0
19.014.221/0001-47,2023-09-30,1,992653503,0,0,0
19.014.221/0001-47,2023-12-31,1,992653503,0,0,0
19.014.221/0001-47,2024-03-31,1,992653503,0,0,0
19.014.221/0001-47,2024-06-30,1,992653503,0,0,0
19.014.221/0001-47,2024-09-30,1,992653503,0,0,0
19.014.221/0001-47,2024-12-31,1,992653503,0,0,0
19.014.221/0001-47,2025-03-31,1,992653503,0,0,0
19.014.221/0001-47,2025-06-30,1,992653503,0,0,0
19.014.221/0001-47,2025-09-30,1,992653503,0,0,0
19.014.221/0001-47,2025-12-31,2,992653503,0,0,0
19.014.221/0001-47,2026-03-31,1,992653503,0,0,0
19.014.221/0001-47,2026-06-30,1,992653503,0,0,0
19.133.012/0001-12,2020-03-31,1,10,0,0,0
19.133.012/0001-12,2020-06-30,1,10,0,0,0
19.133.012/0001-12,2020-09-30,1,10,0,0,0
19.133.012/0001-12,2020-12-31,1,10,0,0,0
19.208.022/0001-70,2020-03-31,1,459000,0,0,0
19.208.022/0001-70,2020-06-30,1,459000,0,0,0
19.208.022/0001-70,2020-09-30,1,459000,0,0,0
19.208.022/0001-70,2020-12-31,1,459000,0,0,0
19.208.022/0001-70,2021-03-31,1,459000,0,0,0
19.208.022/0001-70,2021-06-30,1,497000,0,0,0
19.208.022/0001-70,2021-09-30,1,621000,0,0,0
19.208.022/0001-70,2021-12-31,1,656000,0,0,0
19.208.022/0001-70,2022-03-31,1,726000,0,0,0
19.208.022/0001-70,2022-06-30,1,726000,0,0,0
19.208.022/0001-70,2022-09-30,1,726000,0,0,0
19.208.022/0001-70,2022-12-31,1,726000,0,0,0
19.208.022/0001-70,2023-03-31,1,726000,0,0,0
19.208.022/0001-70,2023-06-30,1,726000,0,0,0
19.208.022/0001-70,2023-09-30,1,751000,0,0,0
19.208.022/0001-70,2023-12-31,1,813000,0,0,0
19.208.022/0001-70,2024-03-31,1,813000,0,0,0
19.208.022/0001-70,2024-06-30,1,813000,0,0,0
19.208.022/0001-70,2024-09-30,1,813000,0,0,0
19.208.022/0001-70,2024-12-31,1,992477,0,0,0
19.208.022/0001-70,2025-03-31,1,992477,0,0,0
19.208.022/0001-70,2025-06-30,1,992477,0,0,0
19.208.022/0001-70,2025-09-30,1,992477,0,0,0
19.208.022/0001-70,2025-12-31,1,992477,0,0,0
19.208.022/0001-70,2026-03-31,1,993308,0,0,0
19.208.022/0001-70,2026-06-30,1,993308,0,0,0
19.276.528/0001-16,2020-03-31,1,5333080353,0,0,0
19.276.528/0001-16,2020-06-30,2,5333080353,0,0,0
19.276.528/0001-16,2020-09-30,1,5333080,0,0,0
19.276.528/0001-16,2020-12-31,1,5333080353,0,0,0
19.276.528/0001-16,2021-03-31,1,5333080353,0,0,0
19.276.528/0001-16,2021-06-30,1,5333080353,0,0,0
19.276.528/0001-16,2021-09-30,1,5333080353,0,0,0
19.276.528/0001-16,2021-12-31,1,5333080353,0,0,0
19.276.528/0001-16,2022-03-31,1,5538080,0,0,0
19.276.528/0001-16,2022-06-30,1,6898080,0,0,0
19.276.528/0001-16,2022-09-30,1,7048080,0,0,0
19.276.528/0001-16,2022-12-31,1,7048080,0,0,0
19.276.528/0001-16,2023-03-31,1,7792580353,0,0,0
19.296.342/0001-29,2020-03-31,2,574438888,0,35860,0
19.296.342/0001-29,2020-06-30,1,574438888,0,35860,0
19.296.342/0001-29,2020-09-30,2,574438,0,35,0
19.296.342/0001-29,2020-12-31,1,574439,0,36,0
19.296.342/0001-29,2021-03-31,1,574439,0,36,0
19.296.342/0001-29,2021-06-30,1,574439,0,36,0
19.296.342/0001-29,2021-09-30,1,574439,0,36,0
19.296.342/0001-29,2021-12-31,1,574439,0,36,0
19.378.769/0001-76,2020-03-31,1,130979,0,594,0
19.378.769/0001-76,2020-06-30,1,130979,0,594,0
19.378.769/0001-76,2020-09-30,1,130979,0,2599,0
19.378.769/0001-76,2020-12-31,1,130979,0,3139,0
19.378.769/0001-76,2021-03-31,1,130979,0,4139,0
19.378.769/0001-76,2021-06-30,1,130979,0,4139,0
19.378.769/0001-76,2021-09-30,1,130979,0,4139,0
19.378.769/0001-76,2021-12-31,1,130979,0,4139,0
19.378.769/0001-76,2022-03-31,1,130979,0,4139,0
19.378.769/0001-76,2022-06-30,1,130979,0,4139,0
19.378.769/0001-76,2022-09-30,1,130979,0,4139,0
19.378.769/0001-76,2022-12-31,1,130979,0,4139,0
19.378.769/0001-76,2023-03-31,1,130979,0,4139,0
19.403.252/0001-90,2020-12-31,2,50000000,0,0,0
19.403.252/0001-90,2021-03-31,2,50000000,0,0,0
19.403.252/0001-90,2021-06-30,1,50000000,0,0,0
19.403.252/0001-90,2021-09-30,1,51018519,0,0,0
19.403.252/0001-90,2021-12-31,1,51018519,0,0,0
19.403.252/0001-90,2022-03-31,1,51018519,0,0,0
19.403.252/0001-90,2022-06-30,1,51018519,0,0,0
19.403.252/0001-90,2022-09-30,1,51018519,0,0,0
19.403.252/0001-90,2022-12-31,2,51018519,0,0,0
19.403.252/0001-90,2023-03-31,1,51018519,0,0,0
19.403.252/0001-90,2023-06-30,2,51018519,0,0,0
19.403.252/0001-90,2023-09-30,1,51018519,0,0,0
19.403.252/0001-90,2023-12-31,2,51018519,0,0,0
19.403.252/0001-90,2024-03-31,1,51018519,0,0,0
19.403.252/0001-90,2024-06-30,1,51018519,0,0,0
19.403.252/0001-90,2024-09-30,1,51018519,0,0,0
19.403.252/0001-90,2024-12-31,2,51018519,0,0,0
19.403.252/0001-90,2025-03-31,1,51018519,0,0,0
19.403.252/0001-90,2025-06-30,1,51018519,0,0,0
19.403.252/0001-90,2025-09-30,1,51018519,0,0,0
19.403.252/0001-90,2025-12-31,1,51018519,51018519,0,0
19.403.252/0001-90,2026-03-31,1,51018519,51018519,0,0
19.403.252/0001-90,2026-06-30,1,51018519,51018519,0,0
19.521.322/0001-04,2020-03-31,1,363558,0,0,0
19.521.322/0001-04,2020-06-30,1,363558,0,0,0
19.521.322/0001-04,2020-09-30,1,363558,0,0,0
19.521.322/0001-04,2020-12-31,2,363558,0,0,0
19.521.322/0001-04,2021-03-31,1,363558,0,0,0
19.521.322/0001-04,2021-06-30,1,363558,0,0,0
19.521.322/0001-04,2021-09-30,1,363558,0,0,0
19.521.322/0001-04,2021-12-31,1,373082,0,0,0
19.521.322/0001-04,2022-03-31,1,392058,0,0,0
19.521.322/0001-04,2022-06-30,1,392058,0,0,0
19.521.322/0001-04,2022-09-30,1,392058,0,0,0
19.521.322/0001-04,2022-12-31,1,392058,0,0,0
19.521.322/0001-04,2023-03-31,2,392058,0,0,0
19.521.322/0001-04,2023-06-30,1,1351811,0,0,0
19.521.322/0001-04,2023-09-30,1,1351811,0,0,0
19.521.322/0001-04,2023-12-31,2,1861174,0,0,0
19.521.322/0001-04,2024-03-31,1,1521810532,0,0,0
19.521.322/0001-04,2024-06-30,1,1521810533,0,0,0
19.521.322/0001-04,2024-09-30,2,2031810532,0,0,0
19.521.322/0001-04,2024-12-31,1,2031810533,0,0,0
19.521.322/0001-04,2025-03-31,2,2381810532,0,0,0
19.521.322/0001-04,2025-06-30,1,2381810533,0,0,0
19.521.322/0001-04,2025-09-30,1,2381810533,0,0,0
19.521.322/0001-04,2025-12-31,1,2031810533,0,0,0
19.521.322/0001-04,2026-03-31,1,2031810533,0,0,0
19.521.322/0001-04,2026-06-30,1,2731810533,0,0,0
19.526.748/0001-50,2020-03-31,1,144,1,0,0
19.526.748/0001-50,2020-06-30,1,144,1,0,0
19.526.748/0001-50,2020-09-30,1,144,1,0,0
19.526.748/0001-50,2020-12-31,1,144,1,0,0
19.526.748/0001-50,2021-03-31,1,144,1,0,0
19.526.748/0001-50,2021-06-30,1,144,1,0,0
19.526.748/0001-50,2021-09-30,1,144,1,0,0
19.526.748/0001-50,2021-12-31,1,144,1,0,0
19.526.748/0001-50,2022-03-31,1,144,1,0,0
19.526.748/0001-50,2022-06-30,1,144,1,0,0
19.526.748/0001-50,2022-09-30,1,144,1,0,0
19.526.748/0001-50,2022-12-31,1,144,1,0,0
19.526.748/0001-50,2023-03-31,1,144,1,0,0
19.526.748/0001-50,2023-06-30,1,144,1,0,0
19.526.748/0001-50,2023-09-30,1,144,1,0,0
19.526.748/0001-50,2023-12-31,1,144,1,0,0
19.526.748/0001-50,2024-03-31,1,144,1,0,0
19.526.748/0001-50,2024-06-30,1,144,1,0,0
19.526.748/0001-50,2024-09-30,1,144,1,0,0
19.526.748/0001-50,2024-12-31,1,144,1,0,0
19.526.748/0001-50,2025-03-31,1,144,1,0,0
19.526.748/0001-50,2025-06-30,1,144,1,0,0
19.526.748/0001-50,2025-09-30,1,144,1,0,0
19.526.748/0001-50,2025-12-31,1,144,1,0,0
19.526.748/0001-50,2026-03-31,1,144,1,0,0
19.526.748/0001-50,2026-06-30,1,144,1,0,0
19.527.586/0001-75,2020-03-31,1,2234136,0,0,0
19.527.586/0001-75,2020-06-30,1,2234136,0,0,0
19.527.586/0001-75,2020-09-30,1,2234136,0,0,0
19.527.586/0001-75,2020-12-31,1,2234136,0,0,0
19.527.586/0001-75,2021-03-31,1,2234136,0,0,0
19.527.586/0001-75,2021-06-30,1,2234136,0,0,0
19.527.586/0001-75,2021-09-30,1,2234136,0,0,0
19.527.586/0001-75,2021-12-31,1,2234136,0,0,0
19.527.586/0001-75,2022-03-31,1,2234136,0,0,0
19.527.586/0001-75,2022-06-30,1,2234136,0,0,0
19.527.586/0001-75,2022-09-30,1,2234136,0,0,0
19.527.586/0001-75,2022-12-31,1,2234136,0,0,0
19.527.586/0001-75,2023-03-31,1,2234136,0,0,0
19.527.586/0001-75,2023-06-30,1,2234136,0,0,0
19.527.586/0001-75,2023-09-30,1,2234136,0,0,0
19.527.586/0001-75,2023-12-31,1,2234136,0,0,0
19.527.586/0001-75,2024-03-31,1,2234136,0,0,0
19.527.586/0001-75,2024-06-30,1,2234136,0,0,0
19.527.586/0001-75,2024-09-30,1,2234136,0,0,0
19.527.586/0001-75,2024-12-31,1,2234136,0,0,0
19.527.586/0001-75,2025-03-31,1,2234136,0,0,0
19.527.586/0001-75,2025-06-30,1,2234136,0,0,0
19.527.586/0001-75,2025-09-30,1,2234136,0,0,0
19.527.586/0001-75,2025-12-31,1,2234136,0,0,0
19.527.586/0001-75,2026-03-31,1,2234136,0,0,0
19.527.586/0001-75,2026-06-30,1,2234136,0,0,0
19.527.639/0001-58,2020-03-31,1,818607,0,0,0
19.527.639/0001-58,2020-06-30,1,818607,0,0,0
19.527.639/0001-58,2020-09-30,1,818607,0,0,0
19.527.639/0001-58,2020-12-31,1,818607,0,0,0
19.527.639/0001-58,2021-03-31,1,818607,0,0,0
19.527.639/0001-58,2021-06-30,1,818607,0,0,0
19.527.639/0001-58,2021-09-30,1,818607,0,0,0
19.527.639/0001-58,2021-12-31,1,818607,0,0,0
19.527.639/0001-58,2022-03-31,1,818607,0,0,0
19.527.639/0001-58,2022-06-30,1,818607,0,0,0
19.527.639/0001-58,2022-09-30,1,818607,0,0,0
19.527.639/0001-58,2022-12-31,1,1058767,0,0,0
19.527.639/0001-58,2023-03-31,1,1058767,0,0,0
19.527.639/0001-58,2023-06-30,1,1058767,0,0,0
19.527.639/0001-58,2023-09-30,1,1058767,0,0,0
19.527.639/0001-58,2023-12-31,1,1058767,0,0,0
19.527.639/0001-58,2024-03-31,2,1058767,0,0,0
19.527.639/0001-58,2024-06-30,1,1058767,0,0,0
19.527.639/0001-58,2024-09-30,1,1058767,0,0,0
19.527.639/0001-58,2024-12-31,1,1058767,0,0,0
19.527.639/0001-58,2025-03-31,1,1058767,0,0,0
19.527.639/0001-58,2025-06-30,1,1058767,0,0,0
19.527.639/0001-58,2025-09-30,1,1058767,0,0,0
19.527.639/0001-58,2025-12-31,1,1058767,0,0,0
19.527.639/0001-58,2026-03-31,1,1058767,0,0,0
19.527.639/0001-58,2026-06-30,1,1058767,0,0,0
19.642.306/0001-70,2020-03-31,1,916000000,0,0,0
19.642.306/0001-70,2020-06-30,1,916000000,0,0,0
19.642.306/0001-70,2020-09-30,1,916000000,0,0,0
19.642.306/0001-70,2020-12-31,1,916000000,0,0,0
19.642.306/0001-70,2021-03-31,1,916000000,0,0,0
19.642.306/0001-70,2021-06-30,1,916000000,0,0,0
19.642.306/0001-70,2021-09-30,1,916000000,0,0,0
19.642.306/0001-70,2021-12-31,1,976000000,0,0,0
19.642.306/0001-70,2022-03-31,1,976000000,0,0,0
19.642.306/0001-70,2022-06-30,1,976000000,0,0,0
19.642.306/0001-70,2022-09-30,1,976000000,0,0,0
19.642.306/0001-70,2022-12-31,1,1035000000,0,0,0
19.642.306/0001-70,2023-03-31,1,1035000000,0,0,0
19.642.306/0001-70,2023-06-30,1,1088000000,0,0,0
19.642.306/0001-70,2023-09-30,1,1088000000,0,0,0
19.642.306/0001-70,2023-12-31,1,1088000000,0,0,0
19.642.306/0001-70,2024-03-31,1,1088000000,0,0,0
19.642.306/0001-70,2024-06-30,1,1088000000,0,0,0
19.642.306/0001-70,2024-09-30,1,1088000000,0,0,0
19.642.306/0001-70,2024-12-31,1,1088000000,0,0,0
19.642.306/0001-70,2025-03-31,1,1088000000,0,0,0
19.642.306/0001-70,2025-06-30,1,1456422328,0,0,0
19.642.306/0001-70,2025-09-30,1,1456422328,0,0,0
19.642.306/0001-70,2025-12-31,1,1456422328,0,0,0
19.642.306/0001-70,2026-03-31,1,1457000,0,0,0
19.642.306/0001-70,2026-06-30,1,1457000,0,0,0
19.688.956/0001-56,2020-03-31,1,106622306,0,490236,0
19.688.956/0001-56,2020-06-30,1,106622306,0,490236,0
19.726.048/0001-00,2020-03-31,1,1092695128,0,0,0
19.726.048/0001-00,2020-06-30,1,1208938624,0,0,0
19.726.048/0001-00,2020-09-30,1,1397337520,0,0,0
19.726.048/0001-00,2020-12-31,1,1458341009,0,0,0
19.726.048/0001-00,2021-03-31,1,1458341009,0,0,0
19.726.048/0001-00,2021-06-30,1,1658504281,0,0,0
19.726.048/0001-00,2021-09-30,1,1029899,0,0,0
19.726.048/0001-00,2021-12-31,1,1658504281,0,0,0
19.726.048/0001-00,2022-03-31,1,1658504281,0,0,0
19.726.048/0001-00,2022-06-30,1,1779280945,0,0,0
19.726.048/0001-00,2022-09-30,1,1779280945,0,0,0
19.726.048/0001-00,2022-12-31,1,1779280945,0,0,0
19.726.048/0001-00,2023-03-31,1,1104899,0,0,0
19.726.048/0001-00,2023-06-30,1,1104899,0,0,0
19.726.048/0001-00,2023-09-30,1,1104899,0,0,0
19.726.048/0001-00,2023-12-31,1,1867850498,0,0,0
19.726.048/0001-00,2024-03-31,1,1867850498,0,0,0
19.726.048/0001-00,2024-06-30,1,1867850498,0,0,0
19.726.048/0001-00,2024-09-30,1,1867850498,0,0,0
19.796.586/0001-70,2020-12-31,1,66209213,0,0,0
19.796.586/0001-70,2021-03-31,1,66209213,0,0,0
19.796.586/0001-70,2021-06-30,1,71859213,0,0,0
19.796.586/0001-70,2021-09-30,1,449094916,0,0,0
19.796.586/0001-70,2021-12-31,1,449094916,0,0,0
19.796.586/0001-70,2022-03-31,1,449094916,0,405500,0
19.796.586/0001-70,2022-06-30,1,449094916,0,1250000,0
19.796.586/0001-70,2022-09-30,2,449094916,0,3250000,0
19.796.586/0001-70,2022-12-31,1,449094916,0,3350000,0
19.796.586/0001-70,2023-03-31,1,449094916,0,3350000,0
19.796.586/0001-70,2023-06-30,1,449094916,0,3350000,0
19.796.586/0001-70,2023-09-30,1,449094916,0,3350000,0
19.796.586/0001-70,2023-12-31,1,449094916,0,3350000,0
19.796.586/0001-70,2024-03-31,1,449094916,0,3350000,0
19.796.586/0001-70,2024-06-30,1,449094916,0,3350000,0
19.796.586/0001-70,2024-09-30,1,449094916,0,3350000,0
19.851.496/0001-35,2020-03-31,1,1000,0,0,0
19.851.496/0001-35,2020-06-30,1,1000,0,0,0
19.851.496/0001-35,2020-09-30,1,1000,0,0,0
19.851.496/0001-35,2020-12-31,1,1000,0,0,0
19.851.496/0001-35,2021-03-31,1,1000,0,0,0
19.851.496/0001-35,2021-06-30,1,1000,0,0,0
19.851.496/0001-35,2021-09-30,1,1000,0,0,0
19.851.496/0001-35,2021-12-31,2,1000,0,0,0
19.851.496/0001-35,2022-03-31,2,1000,0,0,0
19.851.496/0001-35,2022-06-30,1,1000,0,0,0
19.851.496/0001-35,2022-09-30,1,1000,0,0,0
19.851.496/0001-35,2022-12-31,1,1000,0,0,0
19.853.511/0001-84,2020-03-31,1,603385083,0,308099,0
19.853.511/0001-84,2020-06-30,1,603385083,0,308099,0
19.853.511/0001-84,2020-09-30,1,609479408,0,308099,0
19.853.511/0001-84,2020-12-31,1,609479408,0,308099,0
19.853.511/0001-84,2021-03-31,2,609787507,0,308099,0
19.853.511/0001-84,2021-06-30,1,615242127,0,308099,0
19.853.511/0001-84,2021-09-30,1,615242127,0,308099,0
20.247.322/0001-47,2020-03-31,1,79622,0,0,0
20.247.322/0001-47,2020-06-30,1,79622,0,0,0
20.247.322/0001-47,2020-09-30,1,79622,0,0,0
20.247.322/0001-47,2020-12-31,1,80415,0,0,0
20.247.322/0001-47,2021-03-31,1,90485,0,0,0
20.247.322/0001-47,2021-06-30,2,91774,0,0,0
20.247.322/0001-47,2021-09-30,1,93204,0,0,0
20.247.322/0001-47,2021-12-31,2,93221,0,0,0
20.247.322/0001-47,2022-03-31,3,93221,0,0,0
20.247.322/0001-47,2022-06-30,1,93221,0,0,0
20.247.322/0001-47,2022-09-30,1,93221,0,0,0
20.247.322/0001-47,2022-12-31,1,93221,0,0,0
20.247.322/0001-47,2023-03-31,1,93221,0,0,0
20.247.322/0001-47,2023-06-30,1,93221,0,0,0
20.247.322/0001-47,2023-09-30,1,93221,0,0,0
20.247.322/0001-47,2023-12-31,1,93221,0,0,0
20.247.322/0001-47,2024-03-31,1,93221,0,0,0
20.247.322/0001-47,2024-06-30,1,93834,0,0,0
20.247.322/0001-47,2024-09-30,1,93834,0,0,0
20.247.322/0001-47,2024-12-31,1,94059,0,0,0
20.247.322/0001-47,2025-03-31,1,94414,0,0,0
20.247.322/0001-47,2025-06-30,1,94507,0,0,0
20.247.322/0001-47,2025-09-30,1,94735,0,0,0
20.247.322/0001-47,2025-12-31,1,94931,0,0,0
20.247.322/0001-47,2026-03-31,1,95840,0,0,0
20.247.322/0001-47,2026-06-30,1,95962,0,0,0
20.258.278/0001-70,2020-03-31,1,53949006,0,0,0
20.258.278/0001-70,2020-06-30,1,53949006,0,0,0
20.258.278/0001-70,2020-09-30,1,53949006,0,0,0
20.258.278/0001-70,2020-12-31,1,53949006,0,0,0
20.258.278/0001-70,2021-03-31,1,53949006,0,0,0
20.258.278/0001-70,2021-06-30,1,53949006,0,0,0
20.258.278/0001-70,2021-09-30,1,53949006,0,40600,0
20.258.278/0001-70,2021-12-31,1,53949006,0,181400,0
20.258.278/0001-70,2022-03-31,1,53949006,0,181400,0
20.258.278/0001-70,2022-06-30,1,53949006,0,181400,0
20.258.278/0001-70,2022-09-30,1,53949006,0,181400,0
20.258.278/0001-70,2022-12-31,1,53949006,0,181400,0
20.258.278/0001-70,2023-03-31,1,53949006,0,0,0
20.258.278/0001-70,2023-06-30,1,53949006,0,-181400,0
20.258.278/0001-70,2023-09-30,1,53949006,0,-181400,0
20.258.278/0001-70,2023-12-31,2,53949006,0,181400,0
20.258.278/0001-70,2024-03-31,2,53949006,0,181400,0
20.258.278/0001-70,2024-06-30,2,53949006,0,181400,0
20.258.278/0001-70,2024-09-30,1,53949006,0,181400,0
20.258.278/0001-70,2024-12-31,2,53949006,0,181400,0
20.258.278/0001-70,2025-03-31,1,53949006,0,181400,0
20.258.278/0001-70,2025-06-30,1,53949006,0,181400,0
20.258.278/0001-70,2025-09-30,1,53949006,0,181400,0
20.258.278/0001-70,2025-12-31,1,53949006,0,181400,0
20.258.278/0001-70,2026-03-31,1,53949006,0,181400,0
20.258.278/0001-70,2026-06-30,1,53949006,0,181400,0
20.451.953/0001-83,2020-03-31,1,501,0,0,0
20.451.953/0001-83,2020-06-30,1,501,0,0,0
20.451.953/0001-83,2020-09-30,1,501,0,0,0
20.451.953/0001-83,2020-12-31,1,501,0,0,0
20.451.953/0001-83,2021-03-31,1,501,0,0,0
20.451.953/0001-83,2021-06-30,1,501,0,0,0
20.451.953/0001-83,2021-09-30,1,501,0,0,0
20.451.953/0001-83,2021-12-31,1,501,0,0,0
20.451.953/0001-83,2022-03-31,1,501,0,0,0
20.451.953/0001-83,2022-06-30,1,501,0,0,0
20.512.706/0001-40,2021-12-31,1,738358699,0,1834105,0
20.512.706/0001-40,2022-03-31,1,738358699,0,18341050,0
20.512.706/0001-40,2022-06-30,1,1597664100,0,1834105,0
20.512.706/0001-40,2022-09-30,1,1597664100,0,1834105,0
20.512.706/0001-40,2022-12-31,3,2015664099,0,0,0
20.512.706/0001-40,2023-03-31,3,1749387848,0,0,0
20.512.706/0001-40,2023-06-30,2,1749387848,0,0,0
20.512.706/0001-40,2023-09-30,1,1959751705,0,0,0
20.512.706/0001-40,2023-12-31,2,1959751705,0,0,0
20.512.706/0001-40,2024-03-31,2,1959751705,0,0,0
20.512.706/0001-40,2024-06-30,1,134172428,0,0,0
20.512.706/0001-40,2024-09-30,1,134172428,0,0,0
20.512.706/0001-40,2024-12-31,1,134172428,0,519900,0
20.512.706/0001-40,2025-03-31,2,134172428,0,519900,0
20.512.706/0001-40,2025-06-30,1,134172428,0,519900,0
20.512.706/0001-40,2025-09-30,1,134172428,0,519900,0
20.512.706/0001-40,2025-12-31,3,134172428,0,519900,0
20.512.706/0001-40,2026-03-31,1,134172428,0,519900,0
20.512.706/0001-40,2026-06-30,1,149829337,0,519900,0
20.514.555/0001-69,2020-12-31,1,196301000,0,0,0
20.514.555/0001-69,2021-03-31,1,196301000,0,0,0
20.514.555/0001-69,2021-06-30,1,196301000,0,0,0
20.514.555/0001-69,2021-09-30,1,196301000,0,0,0
20.514.555/0001-69,2021-12-31,1,196301000,0,0,0
20.514.555/0001-69,2022-03-31,1,196301000,0,0,0
20.514.555/0001-69,2022-06-30,1,196301000,0,0,0
20.514.555/0001-69,2022-09-30,1,196301000,0,0,0
20.514.555/0001-69,2022-12-31,1,215600,0,0,0
20.514.555/0001-69,2023-03-31,2,215600280,0,0,0
20.514.555/0001-69,2023-06-30,1,215600280,0,0,0
20.514.555/0001-69,2023-09-30,1,215600280,0,0,0
20.514.555/0001-69,2023-12-31,1,215600280,0,0,0
20.514.555/0001-69,2024-03-31,1,215600280,0,0,0
20.514.555/0001-69,2024-06-30,1,215600280,0,0,0
20.514.555/0001-69,2024-09-30,1,215600280,0,0,0
20.514.555/0001-69,2024-12-31,1,215600280,0,0,0
20.514.555/0001-69,2025-03-31,1,215600280,0,0,0
20.514.555/0001-69,2025-06-30,1,215600280,0,0,0
20.514.555/0001-69,2025-09-30,1,215600280,0,0,0
20.514.555/0001-69,2025-12-31,2,215600280,0,0,0
20.514.555/0001-69,2026-03-31,1,215600280,0,0,0
20.514.555/0001-69,2026-06-30,1,215600280,0,0,0
20.514.590/0001-88,2020-12-31,1,225501000,0,0,0
20.514.590/0001-88,2021-03-31,1,225501000,0,0,0
20.514.590/0001-88,2021-06-30,1,225501000,0,0,0
20.514.590/0001-88,2021-09-30,1,225501000,0,0,0
20.514.590/0001-88,2021-12-31,1,225501000,0,0,0
20.514.590/0001-88,2022-03-31,1,225501000,0,0,0
20.514.590/0001-88,2022-06-30,1,234364655,0,0,0
20.514.590/0001-88,2022-09-30,1,234364655,0,0,0
20.514.590/0001-88,2022-12-31,1,251285,0,0,0
20.514.590/0001-88,2023-03-31,2,251284711,0,0,0
20.514.590/0001-88,2023-06-30,1,251284711,0,0,0
20.514.590/0001-88,2023-09-30,1,251284711,0,0,0
20.514.590/0001-88,2023-12-31,1,251284711,0,0,0
20.514.590/0001-88,2024-03-31,1,251284711,0,0,0
20.514.590/0001-88,2024-06-30,1,251284711,0,0,0
20.514.590/0001-88,2024-09-30,1,251284711,0,0,0
20.514.590/0001-88,2024-12-31,1,251284711,0,0,0
20.514.590/0001-88,2025-03-31,2,251284711,0,0,0
20.514.590/0001-88,2025-06-30,1,251284711,0,0,0
20.514.590/0001-88,2025-09-30,1,251284711,0,0,0
20.514.590/0001-88,2025-12-31,2,251284711,0,0,0
20.514.590/0001-88,2026-03-31,1,251284711,0,0,0
20.514.590/0001-88,2026-06-30,1,251284711,0,0,0
20.553.221/0001-02,2020-12-31,1,43346000,0,0,0
20.553.221/0001-02,2021-03-31,1,43346000,0,0,0
20.553.221/0001-02,2021-06-30,1,93680000,0,0,0
20.553.221/0001-02,2021-09-30,1,93680,0,0,0
20.646.442/0001-17,2020-03-31,1,512,0,0,0
20.646.442/0001-17,2020-06-30,1,520,0,0,0
20.646.442/0001-17,2020-09-30,1,537,0,0,0
20.646.442/0001-17,2020-12-31,2,537,0,0,0
20.646.442/0001-17,2021-03-31,1,537,0,0,0
20.646.442/0001-17,2021-06-30,2,537,0,0,0
21.110.778/0001-23,2020-12-31,1,2346500,2346450,0,0
21.110.778/0001-23,2021-03-31,1,172280750,168869250,0,0
21.110.778/0001-23,2021-06-30,1,172280750,168869250,0,0
21.110.778/0001-23,2021-09-30,1,172280750,168869250,0,0
21.110.778/0001-23,2021-12-31,1,2346500,2346450,0,0
21.110.778/0001-23,2022-03-31,1,168869250,172280750,0,0
21.110.778/0001-23,2022-06-30,1,147149960,118607670,0,0
21.110.778/0001-23,2022-09-30,1,172280750,168869250,0,0
21.110.778/0001-23,2022-12-31,1,172280750,1688692500,0,0
21.110.778/0001-23,2023-03-31,1,172280750,341150000,0,0
21.110.778/0001-23,2023-06-30,1,172280750,168869250,0,0
21.110.778/0001-23,2023-09-30,1,172280750,168869250,0,0
21.110.778/0001-23,2023-12-31,1,172280750,1688692500,0,0
21.110.778/0001-23,2024-03-31,1,172280750,168869250,0,0
21.110.778/0001-23,2024-06-30,1,172280750,168869250,0,0
21.110.778/0001-23,2024-09-30,1,172280750,168869250,0,0
21.110.778/0001-23,2024-12-31,1,172280750,168869250,0,0
21.110.778/0001-23,2025-03-31,1,172280750,168869250,0,0
21.110.778/0001-23,2025-06-30,1,172280750,168869250,0,0
21.110.778/0001-23,2025-09-30,1,172280750,168869250,0,0
21.110.778/0001-23,2025-12-31,1,172280750,168869250,0,0
21.240.146/0001-84,2020-03-31,1,181027330,0,0,0
21.240.146/0001-84,2020-06-30,1,181027330,0,0,0
21.240.146/0001-84,2020-09-30,1,181027330,0,0,0
21.240.146/0001-84,2020-12-31,1,138328524,0,0,0
21.240.146/0001-84,2021-03-31,1,141968923,0,3395679,0
21.240.146/0001-84,2021-06-30,1,145370444,0,3395679,0
21.240.146/0001-84,2021-09-30,1,170824989,0,3395679,0
21.240.146/0001-84,2021-12-31,1,170824989,0,3395679,0
21.240.146/0001-84,2022-03-31,1,170824989,0,3395679,0
21.240.146/0001-84,2022-06-30,1,170824989,0,3395679,0
21.240.146/0001-84,2022-09-30,1,170824989,0,3395679,0
21.240.146/0001-84,2022-12-31,1,170824989,0,3395679,0
21.240.146/0001-84,2023-03-31,1,170824989,0,3395679,0
21.240.146/0001-84,2023-06-30,1,170824989,0,3395679,0
21.240.146/0001-84,2023-09-30,1,170824989,0,3395679,0
21.240.146/0001-84,2023-12-31,1,170824989,0,3395679,0
21.240.146/0001-84,2024-03-31,1,170824989,0,3395679,0
21.240.146/0001-84,2024-06-30,1,254543576,0,3395679,0
21.240.146/0001-84,2024-09-30,3,254543576,0,3395679,0
21.240.146/0001-84,2024-12-31,1,254543576,0,3395679,0
21.240.146/0001-84,2025-03-31,1,16969571,0,226379,0
21.240.146/0001-84,2025-06-30,1,16969571,0,226378,0
21.240.146/0001-84,2025-09-30,1,16969571,0,226378,0
21.254.073/0001-80,2020-03-31,1,9116000,0,0,0
21.254.073/0001-80,2020-06-30,1,9116000,0,0,0
21.254.073/0001-80,2020-09-30,1,9116000,0,0,0
21.254.073/0001-80,2020-12-31,1,9116000,0,0,0
21.254.073/0001-80,2021-03-31,2,9116000,0,0,0
21.254.073/0001-80,2021-06-30,1,9116000,0,0,0
21.254.073/0001-80,2021-09-30,1,9116000,0,0,0
21.254.073/0001-80,2021-12-31,1,9116000,0,7530,0
21.254.073/0001-80,2022-03-31,1,9116000,0,1508760,0
21.254.073/0001-80,2022-06-30,1,9116000,0,1508760,0
21.254.073/0001-80,2022-09-30,1,9116000,0,1526115,0
21.254.073/0001-80,2022-12-31,1,7589885,0,0,0
21.254.073/0001-80,2023-03-31,1,7589885,0,0,0
21.254.073/0001-80,2023-06-30,1,7589885,0,0,0
21.254.073/0001-80,2023-09-30,1,7589885,0,0,0
21.254.073/0001-80,2023-12-31,1,7589885,0,0,0
21.254.073/0001-80,2024-03-31,1,7589905,0,0,0
21.254.073/0001-80,2024-06-30,1,7589905,0,0,0
21.254.073/0001-80,2024-09-30,2,7589905,0,0,0
21.254.073/0001-80,2024-12-31,1,7589885,0,0,0
21.254.073/0001-80,2025-03-31,1,7589905,0,0,0
21.254.073/0001-80,2025-06-30,1,7589905,0,0,0
21.254.073/0001-80,2025-09-30,1,7589905,0,0,0
21.254.073/0001-80,2025-12-31,1,7589885,0,0,0
21.254.073/0001-80,2026-03-31,1,7589905,0,0,0
21.254.073/0001-80,2026-06-30,1,7589905,0,0,0
21.255.567/0001-89,2020-03-31,1,38041,1258,0,0
21.255.567/0001-89,2020-06-30,2,38041,73258,0,0
21.255.567/0001-89,2020-09-30,1,38041,73258,0,0
21.255.567/0001-89,2020-12-31,1,38041,73258,0,0
21.255.567/0001-89,2021-03-31,1,38041,73258,0,0
21.255.567/0001-89,2021-06-30,1,38041,73258,0,0
21.255.567/0001-89,2021-09-30,1,38041,73258,0,0
21.255.567/0001-89,2021-12-31,1,38041,73258,0,0
21.255.567/0001-89,2022-03-31,1,38041,73258,0,0
21.255.567/0001-89,2022-06-30,1,38041,73258,0,0
21.255.567/0001-89,2022-09-30,1,38041,73258,0,0
21.255.567/0001-89,2022-12-31,1,9510,18314,0,0
21.255.567/0001-89,2023-03-31,1,9510,18314,0,0
21.255.567/0001-89,2023-06-30,1,9510,18314,0,0
21.255.567/0001-89,2023-09-30,1,9510,18314,0,0
21.255.567/0001-89,2023-12-31,1,9510277,18314504,0,0
21.255.567/0001-89,2024-03-31,1,9510277,18314504,0,0
21.255.567/0001-89,2024-06-30,1,9510277,18314504,0,0
21.255.567/0001-89,2024-09-30,1,9510277,18314504,0,0
21.255.567/0001-89,2024-12-31,1,9510277,18314504,0,0
21.262.638/0001-70,2020-03-31,1,21000,0,0,0
21.262.638/0001-70,2020-06-30,1,21000,0,0,0
21.262.638/0001-70,2020-09-30,2,21000,0,0,0
21.262.638/0001-70,2020-12-31,1,21000,0,0,0
21.262.638/0001-70,2021-03-31,1,21000,0,0,0
21.262.638/0001-70,2021-06-30,1,21000,0,0,0
21.262.638/0001-70,2021-09-30,2,21000,0,0,0
21.262.638/0001-70,2021-12-31,2,21000,0,0,0
21.262.638/0001-70,2022-03-31,1,21000,0,0,0
21.314.559/0001-66,2020-03-31,2,298921014,0,1714843,0
21.314.559/0001-66,2020-06-30,1,298921014,0,1234078,0
21.314.559/0001-66,2020-09-30,1,298921014,0,1246291,0
21.314.559/0001-66,2020-12-31,1,298921014,0,1246291,0
21.314.559/0001-66,2021-03-31,3,298921014,0,1249624,0
21.314.559/0001-66,2021-06-30,2,298921014,0,973398,0
21.314.559/0001-66,2021-09-30,2,362302086,0,973398,0
21.314.559/0001-66,2021-12-31,2,362302086,0,986406,0
21.314.559/0001-66,2022-03-31,2,362302086,0,987580,0
21.314.559/0001-66,2022-06-30,1,362302086,0,987828,0
21.314.559/0001-66,2022-09-30,1,362302086,0,591337,0
21.314.559/0001-66,2022-12-31,3,362302086,0,653095,0
21.314.559/0001-66,2023-03-31,1,362302086,0,653095,0
21.314.559/0001-66,2023-06-30,1,362302086,0,2671684,0
21.314.559/0001-66,2023-09-30,1,362302086,0,2685016,0
21.314.559/0001-66,2023-12-31,1,362302086,0,4521816,0
21.314.559/0001-66,2024-03-31,1,362302086,0,4522578,0
21.314.559/0001-66,2024-06-30,1,362302086,0,4428456,0
21.314.559/0001-66,2024-09-30,1,362302086,0,4430529,0
21.314.559/0001-66,2024-12-31,2,362302086,0,5189833,0
21.314.559/0001-66,2025-03-31,1,362302086,0,14102333,0
21.314.559/0001-66,2025-06-30,1,347931466,0,4915700,0
21.314.559/0001-66,2025-09-30,1,347931466,0,8015700,0
21.314.559/0001-66,2025-12-31,1,347931466,0,8775700,0
21.314.559/0001-66,2026-03-31,1,338165766,0,200000,0
21.314.559/0001-66,2026-06-30,1,402158941,0,1122663,0
21.331.849/0001-18,2021-12-31,1,1605022,0,0,0
21.331.849/0001-18,2022-03-31,1,1609522,0,0,0
21.331.849/0001-18,2022-06-30,1,1609522,0,0,0
21.331.849/0001-18,2022-09-30,1,1609522,0,0,0
21.331.849/0001-18,2022-12-31,1,1610022,0,0,0
21.389.501/0001-81,2020-03-31,1,628487690,0,0,0
21.389.501/0001-81,2020-06-30,1,628487690,0,0,0
21.389.501/0001-81,2020-09-30,1,628487690,0,0,0
21.389.501/0001-81,2020-12-31,1,628487690,0,0,0
21.389.501/0001-81,2021-03-31,1,628487690,0,0,0
21.389.501/0001-81,2021-06-30,1,628487690,0,0,0
21.389.501/0001-81,2021-09-30,2,628487691,61706062,0,0
21.389.501/0001-81,2021-12-31,1,628487690,85702405,0,0
21.389.501/0001-81,2022-03-31,1,628487690,85702404,0,0
21.389.501/0001-81,2022-06-30,1,628487690,85702404,0,0
21.389.501/0001-81,2022-09-30,1,628487690,85702404,0,0
21.389.501/0001-81,2022-12-31,1,628487691,85702404,0,0
21.389.501/0001-81,2023-03-31,1,628487691,85702404,0,0
21.389.501/0001-81,2023-06-30,1,628487691,85702404,0,0
21.389.501/0001-81,2023-09-30,1,628487691,85702404,0,0
21.389.501/0001-81,2023-12-31,1,628487691,85702404,0,0
21.389.501/0001-81,2024-03-31,1,628487691,85702404,0,0
21.389.501/0001-81,2024-06-30,1,628487691,85702404,0,0
21.389.501/0001-81,2024-09-30,1,628487691,85702404,0,0
21.389.501/0001-81,2024-12-31,1,628487691,85702404,0,0
21.389.501/0001-81,2025-03-31,1,628487691,85702404,0,0
21.389.501/0001-81,2025-06-30,1,628487691,85702404,0,0
21.389.501/0001-81,2025-09-30,1,628487691,85702404,0,0
21.389.501/0001-81,2025-12-31,1,628487691,85702404,0,0
21.389.501/0001-81,2026-03-31,1,628487691,85702404,0,0
21.389.501/0001-81,2026-06-30,1,714190095,0,0,0
21.414.457/0001-12,2020-03-31,1,345000,0,0,0
21.414.457/0001-12,2020-06-30,1,345000,0,0,0
21.414.457/0001-12,2020-09-30,1,345000,0,0,0
21.414.457/0001-12,2020-12-31,1,345000,0,0,0
21.414.457/0001-12,2021-03-31,1,345000,0,0,0
21.414.457/0001-12,2021-06-30,1,345000,0,0,0
21.414.457/0001-12,2021-09-30,1,345000,0,0,0
21.414.457/0001-12,2021-12-31,1,1345000,0,0,0
21.414.457/0001-12,2022-03-31,1,1233169,0,0,0
21.414.457/0001-12,2022-06-30,1,1233169,0,0,0
21.414.457/0001-12,2022-09-30,1,1345000,0,0,0
21.414.457/0001-12,2022-12-31,2,1440349,0,0,0
21.414.457/0001-12,2023-03-31,1,1649997,0,0,0
21.414.457/0001-12,2023-06-30,2,1649997,0,0,0
21.414.457/0001-12,2023-09-30,1,1649997,0,0,0
21.414.457/0001-12,2023-12-31,1,1649997,0,0,0
21.414.457/0001-12,2024-03-31,1,1649997,0,0,0
21.414.457/0001-12,2024-06-30,1,1649997,0,0,0
21.414.457/0001-12,2024-09-30,1,1649997,0,0,0
21.414.457/0001-12,2024-12-31,1,2000000,0,0,0
21.414.457/0001-12,2025-03-31,1,2000000,0,0,0
21.414.457/0001-12,2025-06-30,1,2000000,0,0,0
21.414.457/0001-12,2025-09-30,1,2080206,0,0,0
21.414.457/0001-12,2025-12-31,1,2080206,0,0,0
21.414.457/0001-12,2026-03-31,1,2080206,0,0,0
21.610.416/0001-00,2020-03-31,1,50000,0,0,0
21.610.416/0001-00,2020-06-30,1,50000,0,0,0
21.610.416/0001-00,2020-09-30,1,50000,0,0,0
21.610.416/0001-00,2020-12-31,1,50000,0,0,0
21.610.416/0001-00,2021-03-31,1,50000,0,0,0
21.610.416/0001-00,2021-06-30,1,50000,0,0,0
21.610.416/0001-00,2021-09-30,1,50000,0,0,0
21.610.416/0001-00,2021-12-31,1,50000,0,0,0
21.610.416/0001-00,2022-03-31,1,50000,0,0,0
21.728.083/0001-00,2020-12-31,1,476001000,0,0,0
21.728.083/0001-00,2021-03-31,1,476001000,0,0,0
21.728.083/0001-00,2021-06-30,1,476001000,0,0,0
21.728.083/0001-00,2021-09-30,1,476001000,0,0,0
21.728.083/0001-00,2021-12-31,1,476001000,0,0,0
21.728.083/0001-00,2022-03-31,1,476001000,0,0,0
21.728.083/0001-00,2022-06-30,1,504397379,0,0,0
21.728.083/0001-00,2022-09-30,1,504397379,0,0,0
21.728.083/0001-00,2022-12-31,1,504397,0,0,0
21.728.083/0001-00,2023-03-31,2,504397379,0,0,0
21.728.083/0001-00,2023-06-30,2,504397379,0,0,0
21.728.083/0001-00,2023-09-30,1,504397379,0,0,0
21.728.083/0001-00,2023-12-31,1,504397379,0,0,0
21.728.083/0001-00,2024-03-31,1,504397379,0,0,0
21.728.083/0001-00,2024-06-30,1,504397379,0,0,0
21.728.083/0001-00,2024-09-30,1,504397379,0,0,0
21.728.083/0001-00,2024-12-31,1,504397379,0,0,0
21.728.083/0001-00,2025-03-31,2,504397379,0,0,0
21.728.083/0001-00,2025-06-30,1,504397379,0,0,0
21.728.083/0001-00,2025-09-30,1,504397379,0,0,0
21.728.083/0001-00,2025-12-31,2,504397379,0,0,0
21.728.083/0001-00,2026-03-31,1,504397379,0,0,0
21.728.083/0001-00,2026-06-30,1,504397379,0,0,0
21.748.188/0001-20,2024-12-31,1,392336428,0,0,0
21.748.188/0001-20,2025-03-31,1,392336428,0,0,0
21.748.188/0001-20,2025-06-30,1,392336428,0,0,0
21.748.188/0001-20,2025-09-30,1,392336428,0,0,0
21.748.188/0001-20,2025-12-31,1,392336428,0,0,0
21.748.188/0001-20,2026-03-31,1,392336428,0,0,0
21.748.188/0001-20,2026-06-30,2,392336428,0,0,0
21.948.105/0001-47,2020-03-31,1,650500,0,0,0
21.948.105/0001-47,2020-06-30,1,650500,0,0,0
21.948.105/0001-47,2020-09-30,1,650500,0,0,0
21.948.105/0001-47,2020-12-31,1,650500,0,0,0
21.948.105/0001-47,2021-03-31,1,650500,0,0,0
21.948.105/0001-47,2021-06-30,1,650500,0,0,0
21.948.105/0001-47,2021-09-30,1,800500,0,0,0
21.948.105/0001-47,2021-12-31,1,800500,0,0,0
21.948.105/0001-47,2022-03-31,1,800500,0,0,0
21.948.105/0001-47,2022-06-30,1,1000500,0,0,0
21.948.105/0001-47,2022-09-30,1,1000500,0,0,0
21.948.105/0001-47,2022-12-31,1,1000500,0,0,0
21.948.105/0001-47,2023-03-31,1,1000500,0,0,0
21.948.105/0001-47,2023-06-30,1,1055500,0,0,0
21.948.105/0001-47,2023-09-30,1,1055500,0,0,0
21.948.105/0001-47,2023-12-31,1,1055500,0,0,0
21.948.105/0001-47,2024-03-31,1,0,0,0,0
21.948.105/0001-47,2024-06-30,1,0,0,0,0
21.948.105/0001-47,2024-09-30,1,0,0,0,0
21.976.484/0001-89,2020-03-31,1,3601,0,0,0
21.976.484/0001-89,2020-06-30,1,3601,0,0,0
21.976.484/0001-89,2020-09-30,1,4099,0,0,0
21.976.484/0001-89,2020-12-31,1,6709000,0,0,0
21.976.484/0001-89,2021-03-31,1,6709000,0,0,0
21.976.484/0001-89,2021-06-30,1,10000,0,0,0
21.976.484/0001-89,2021-09-30,1,6709000,0,0,0
21.976.484/0001-89,2021-12-31,1,6709000,0,0,0
21.976.484/0001-89,2022-03-31,1,6709000,0,0,0
21.976.484/0001-89,2022-06-30,1,6709000,0,0,0
21.976.510/0001-79,2020-03-31,1,650500,0,0,0
21.976.510/0001-79,2020-06-30,1,650500,0,0,0
21.976.510/0001-79,2020-09-30,1,650000,0,0,0
21.976.510/0001-79,2020-12-31,1,650500,0,0,0
21.976.510/0001-79,2021-03-31,1,650500,0,0,0
21.976.510/0001-79,2021-06-30,1,650000,0,0,0
21.976.510/0001-79,2021-09-30,1,800500,0,0,0
21.976.510/0001-79,2021-12-31,1,800500,0,0,0
21.976.510/0001-79,2022-03-31,1,800500,0,0,0
21.976.510/0001-79,2022-06-30,1,1000500,0,0,0
21.976.510/0001-79,2022-09-30,1,1000500,0,0,0
21.976.510/0001-79,2022-12-31,1,1000500,0,0,0
21.976.510/0001-79,2023-03-31,1,1000500,0,0,0
21.976.510/0001-79,2023-06-30,1,1100500,0,0,0
21.976.510/0001-79,2023-09-30,1,1100500,0,0,0
21.976.510/0001-79,2023-12-31,1,1100500,0,0,0
21.976.510/0001-79,2024-03-31,1,0,0,0,0
21.976.510/0001-79,2024-06-30,1,0,0,0,0
21.976.510/0001-79,2024-09-30,1,0,0,0,0
22.163.297/0001-49,2020-03-31,1,147368,0,0,0
22.163.297/0001-49,2020-06-30,1,147368,0,0,0
22.163.297/0001-49,2020-09-30,1,147368,0,0,0
22.163.297/0001-49,2020-12-31,1,147368,0,0,0
22.163.297/0001-49,2021-03-31,1,147368,0,0,0
22.163.297/0001-49,2021-06-30,1,147368,0,0,0
22.163.297/0001-49,2021-09-30,1,147368,0,0,0
22.163.297/0001-49,2021-12-31,1,147368,0,0,0
22.163.297/0001-49,2022-03-31,1,147368,0,0,0
22.163.297/0001-49,2022-06-30,1,147368,0,0,0
22.163.297/0001-49,2022-09-30,1,147368,0,0,0
22.163.297/0001-49,2022-12-31,1,147368,0,0,0
22.163.297/0001-49,2023-03-31,1,147368,0,0,0
22.163.297/0001-49,2023-06-30,1,147368,0,0,0
22.163.297/0001-49,2023-09-30,1,147368,0,0,0
22.163.297/0001-49,2023-12-31,1,147368,0,0,0
22.163.297/0001-49,2024-03-31,1,147368,0,0,0
22.163.297/0001-49,2024-06-30,1,147368,0,0,0
22.163.297/0001-49,2024-09-30,1,147368,0,0,0
22.163.297/0001-49,2024-12-31,1,147368,0,0,0
22.163.297/0001-49,2025-03-31,1,157368,0,0,0
22.163.297/0001-49,2025-06-30,1,169918,0,0,0
22.163.297/0001-49,2025-09-30,1,169918,0,0,0
22.163.297/0001-49,2025-12-31,1,169918,0,0,0
22.163.297/0001-49,2026-03-31,1,169918,0,0,0
22.163.297/0001-49,2026-06-30,1,169918,0,0,0
22.261.473/0001-85,2020-03-31,1,204628,204627,0,0
22.261.473/0001-85,2020-06-30,1,204628,204627,0,0
22.261.473/0001-85,2020-09-30,1,204627724,204627741,0,0
22.261.473/0001-85,2020-12-31,1,204628,204627,0,0
22.261.473/0001-85,2021-03-31,1,204627724,204627741,0,0
22.261.473/0001-85,2021-06-30,1,204627724,204627741,0,0
22.261.473/0001-85,2021-09-30,1,204627724,204627741,0,0
22.261.473/0001-85,2021-12-31,1,407495,1760,0,0
22.261.473/0001-85,2022-03-31,1,153470799,153470799,0,0
22.261.473/0001-85,2022-06-30,1,153471,153471,0,0
22.261.473/0001-85,2022-09-30,2,153471,153471,0,0
22.261.473/0001-85,2022-12-31,1,204628,204627,0,0
22.261.473/0001-85,2023-03-31,1,153471,153471,0,0
22.261.473/0001-85,2023-06-30,2,153471,153471,0,0
22.261.473/0001-85,2023-09-30,2,153471,153471,0,0
22.261.473/0001-85,2023-12-31,1,153470799,153470799,0,0
22.261.473/0001-85,2024-03-31,2,153470,153470,0,0
22.261.473/0001-85,2024-06-30,1,153470,153470,0,0
22.261.473/0001-85,2024-09-30,1,153470,153470,0,0
22.261.473/0001-85,2024-12-31,1,153471,153471,0,0
22.261.473/0001-85,2025-03-31,1,153470,153470,0,0
22.261.473/0001-85,2025-06-30,2,153470,153470,0,0
22.261.473/0001-85,2025-09-30,1,153470,153470,0,0
22.261.473/0001-85,2025-12-31,1,153471,153471,0,0
22.261.473/0001-85,2026-03-31,1,153470,153470,0,0
22.261.473/0001-85,2026-06-30,2,153470,153470,0,0
22.266.175/0001-88,2020-03-31,1,53857284,0,0,0
22.266.175/0001-88,2020-06-30,1,53857284,0,0,0
22.266.175/0001-88,2020-09-30,1,53857284,0,0,0
22.266.175/0001-88,2020-12-31,1,53857284,0,0,0
22.266.175/0001-88,2021-03-31,1,53857284,0,0,0
22.266.175/0001-88,2021-06-30,1,53857284,0,0,0
22.266.175/0001-88,2021-09-30,1,53857284,0,0,0
22.266.175/0001-88,2021-12-31,1,53857284,0,0,0
22.266.175/0001-88,2022-03-31,1,53857284,0,0,0
22.266.175/0001-88,2022-06-30,3,53857284,0,0,0
22.266.175/0001-88,2022-09-30,1,53857284,0,0,0
22.266.175/0001-88,2022-12-31,1,53857284,0,0,0
22.266.175/0001-88,2023-03-31,1,53857284,0,0,0
22.266.175/0001-88,2023-06-30,1,53857284,0,0,0
22.266.175/0001-88,2023-09-30,1,53857284,0,0,0
22.266.175/0001-88,2023-12-31,1,53857284,0,0,0
22.266.175/0001-88,2024-03-31,1,53857284,0,0,0
22.266.175/0001-88,2024-06-30,1,53857284,0,0,0
22.266.175/0001-88,2024-09-30,1,53857284,0,0,0
22.266.175/0001-88,2024-12-31,1,53857284,0,0,0
22.266.175/0001-88,2025-03-31,1,53857284,0,0,0
22.266.175/0001-88,2025-06-30,1,53857284,0,0,0
22.266.175/0001-88,2025-09-30,1,53857284,0,0,0
22.266.175/0001-88,2025-12-31,1,53857284,0,0,0
22.266.175/0001-88,2026-03-31,1,53857284,0,0,0
22.266.175/0001-88,2026-06-30,1,53857284,0,0,0
22.495.265/0001-40,2020-03-31,1,10000,0,0,0
22.495.265/0001-40,2020-06-30,1,10000,0,0,0
22.495.265/0001-40,2020-09-30,1,10000,0,0,0
22.495.265/0001-40,2020-12-31,1,10000,0,0,0
22.495.265/0001-40,2021-03-31,1,10000,0,0,0
22.495.265/0001-40,2021-06-30,1,10000,0,0,0
22.495.265/0001-40,2021-09-30,1,10000,0,0,0
22.495.265/0001-40,2021-12-31,1,10000,0,0,0
22.495.265/0001-40,2022-03-31,1,10000,0,0,0
22.543.331/0001-00,2020-03-31,1,1200000,0,0,0
22.543.331/0001-00,2020-06-30,1,1200000,0,0,0
22.543.331/0001-00,2020-09-30,1,3000000,0,0,0
22.543.331/0001-00,2020-12-31,1,3000000,0,0,0
22.543.331/0001-00,2021-03-31,1,3000000,0,0,0
22.543.331/0001-00,2021-06-30,1,3000000,0,0,0
22.543.331/0001-00,2021-09-30,1,3000000,0,0,0
22.543.331/0001-00,2021-12-31,1,3000000,0,0,0
22.543.331/0001-00,2022-03-31,1,3000000,0,0,0
22.543.331/0001-00,2022-06-30,1,3000000000,0,0,0
22.543.331/0001-00,2022-09-30,1,3000000,0,0,0
22.543.331/0001-00,2022-12-31,1,3000000,0,0,0
22.543.331/0001-00,2023-03-31,2,3000000,0,0,0
22.543.331/0001-00,2023-06-30,2,3000000,0,0,0
22.543.331/0001-00,2023-09-30,2,3000000,0,0,0
22.543.331/0001-00,2023-12-31,1,3000000,0,0,0
22.543.331/0001-00,2024-03-31,1,3000000,0,0,0
22.543.331/0001-00,2024-06-30,1,3000000,0,0,0
22.543.331/0001-00,2024-09-30,1,3000000,0,0,0
22.543.331/0001-00,2024-12-31,1,3000000,0,0,0
22.543.331/0001-00,2025-03-31,1,3000000,0,0,0
22.543.331/0001-00,2025-06-30,1,3000000,0,0,0
22.543.331/0001-00,2025-09-30,1,3000000,0,0,0
22.543.331/0001-00,2025-12-31,1,3000000,0,0,0
22.543.331/0001-00,2026-03-31,1,3000000,0,0,0
22.543.331/0001-00,2026-06-30,1,3000000,0,0,0
22.677.520/0001-76,2020-03-31,1,13913,16723,0,0
22.677.520/0001-76,2020-06-30,1,13913,16723,0,0
22.677.520/0001-76,2020-09-30,1,13913,16723,0,0
22.677.520/0001-76,2020-12-31,1,13913,16723,0,0
22.677.520/0001-76,2021-03-31,1,13913,16723,0,0
22.677.520/0001-76,2021-06-30,1,13913,16723,0,0
22.677.520/0001-76,2021-09-30,1,13913,16723,0,0
22.677.520/0001-76,2021-12-31,1,13913,16723,0,0
22.677.520/0001-76,2022-03-31,1,13913,16723,0,0
22.677.520/0001-76,2022-06-30,1,13913,16723,0,0
22.677.520/0001-76,2022-09-30,1,13913,16723,0,0
22.677.520/0001-76,2022-12-31,1,13912800,16723657,0,0
22.677.520/0001-76,2023-03-31,1,13912800,16723657,0,0
22.677.520/0001-76,2023-06-30,2,13912800,16723657,0,0
22.677.520/0001-76,2023-09-30,2,13912800,16723657,0,0
22.677.520/0001-76,2023-12-31,1,13912800,16723657,0,0
22.677.520/0001-76,2024-03-31,1,13912800,16723657,0,0
22.677.520/0001-76,2024-06-30,1,13912800,16723657,0,0
22.677.520/0001-76,2024-09-30,1,13912800,16723657,0,0
22.677.520/0001-76,2024-12-31,1,2782560,3344731,0,0
22.902.694/0001-95,2020-12-31,1,1132078,9204613,0,0
22.902.694/0001-95,2021-03-31,1,1132078,9204613,0,0
22.902.694/0001-95,2021-06-30,1,1132917,11625162,0,0
22.902.694/0001-95,2021-09-30,1,1132917,11625162,0,0
22.902.694/0001-95,2021-12-31,1,63790395,0,0,0
22.902.694/0001-95,2022-03-31,1,63790395,0,0,0
22.902.694/0001-95,2022-06-30,1,63790395,0,0,0
22.902.694/0001-95,2022-09-30,1,63790395,0,0,0
23.041.875/0001-37,2021-12-31,1,448240151,0,635835,0
23.041.875/0001-37,2022-03-31,1,448240151,0,635835,0
23.041.875/0001-37,2022-06-30,1,448240151,0,15618698,0
23.041.875/0001-37,2022-09-30,1,448240151,0,15618698,0
23.041.875/0001-37,2022-12-31,1,1297864359,0,46856094,0
23.041.875/0001-37,2023-03-31,1,1297864359,0,46856094,0
23.041.875/0001-37,2023-06-30,1,1297864359,0,46856094,0
23.041.875/0001-37,2023-09-30,1,1297864359,0,46856094,0
23.041.875/0001-37,2023-12-31,1,1344720453,0,46856094,0
23.041.875/0001-37,2024-03-31,1,1344720453,0,46856094,0
23.041.875/0001-37,2024-06-30,1,1344720453,0,46856094,0
23.041.875/0001-37,2024-09-30,1,1344720453,0,46856094,0
23.041.875/0001-37,2024-12-31,1,1344720453,0,46856094,0
23.041.875/0001-37,2025-03-31,1,1344720453,0,46856094,0
23.096.269/0001-19,2020-03-31,1,7014326211,0,0,0
23.096.269/0001-19,2020-06-30,1,7014326211,0,0,0
23.096.269/0001-19,2020-09-30,1,7014326,0,0,0
23.096.269/0001-19,2020-12-31,1,7014326211,0,0,0
23.096.269/0001-19,2021-03-31,1,7014326211,0,0,0
23.096.269/0001-19,2021-06-30,1,7014326211,0,0,0
23.096.269/0001-19,2021-09-30,1,7014326,0,0,0
23.096.269/0001-19,2021-12-31,1,7014326211,0,0,0
23.096.269/0001-19,2022-03-31,1,7014326211,0,0,0
23.096.269/0001-19,2022-06-30,1,7014326,0,0,0
23.096.269/0001-19,2022-09-30,1,7014326,0,0,0
23.096.269/0001-19,2022-12-31,1,7014326,0,0,0
23.096.269/0001-19,2023-03-31,1,7014326211,0,0,0
23.096.269/0001-19,2023-06-30,1,7014326211,0,0,0
23.096.269/0001-19,2023-09-30,1,7014326211,0,0,0
23.096.269/0001-19,2023-12-31,1,7014326211,0,0,0
23.096.269/0001-19,2024-03-31,1,7014326211,0,0,0
23.096.269/0001-19,2024-06-30,1,7014326211,0,0,0
23.096.269/0001-19,2024-09-30,1,7014326211,0,0,0
23.096.269/0001-19,2024-12-31,1,7014326211,0,0,0
23.096.269/0001-19,2025-03-31,1,7014326211,0,0,0
23.096.269/0001-19,2025-06-30,1,7014326211,0,0,0
23.096.269/0001-19,2025-09-30,1,7014326211,0,0,0
23.096.269/0001-19,2025-12-31,2,7014326211,0,0,0
23.096.269/0001-19,2026-03-31,1,7014326211,0,0,0
23.096.269/0001-19,2026-06-30,1,7014326211,0,0,0
23.236.821/0001-27,2020-03-31,1,27972479422,0,0,0
23.236.821/0001-27,2020-06-30,1,27972479422,0,0,0
23.236.821/0001-27,2020-09-30,2,174827996,0,0,0
23.236.821/0001-27,2020-12-31,1,56026,0,0,0
23.236.821/0001-27,2021-03-31,2,56026,0,0,0
23.236.821/0001-27,2021-06-30,2,56026,0,0,0
23.236.821/0001-27,2021-09-30,2,56026,0,0,0
23.236.821/0001-27,2021-12-31,2,56026,0,0,0
23.236.821/0001-27,2022-03-31,2,56026,0,0,0
23.236.821/0001-27,2022-06-30,2,56026,0,0,0
23.236.821/0001-27,2022-09-30,2,56026,0,0,0
23.236.821/0001-27,2022-12-31,2,56026,0,0,0
23.236.821/0001-27,2023-03-31,2,56026,0,0,0
23.236.821/0001-27,2023-06-30,1,56026,0,0,0
23.236.821/0001-27,2023-09-30,1,56026,0,0,0
23.236.821/0001-27,2023-12-31,1,56026,0,0,0
23.236.821/0001-27,2024-03-31,1,56025501,0,0,0
23.236.821/0001-27,2024-06-30,1,56025501,0,0,0
23.236.821/0001-27,2024-09-30,1,56025501,0,0,0
23.236.821/0001-27,2024-12-31,1,56026,0,0,0
23.236.821/0001-27,2025-03-31,2,56026,0,0,0
23.236.821/0001-27,2025-06-30,2,56026,0,0,0
23.236.821/0001-27,2025-09-30,1,56026,0,0,0
23.236.821/0001-27,2025-12-31,1,56026,0,0,0
23.236.821/0001-27,2026-03-31,1,56026,0,0,0
23.236.821/0001-27,2026-06-30,1,56026,0,0,0
23.373.000/0001-32,2020-03-31,1,191635662,0,2000000,0
23.373.000/0001-32,2020-06-30,1,191635662,0,2000000,0
23.373.000/0001-32,2020-09-30,1,191635662,0,2000000,0
23.373.000/0001-32,2020-12-31,1,191635662,0,2000000,0
23.373.000/0001-32,2021-03-31,1,227850990,0,2000000,0
23.373.000/0001-32,2021-06-30,1,227850990,0,2000000,0
23.373.000/0001-32,2021-09-30,1,976987970,0,8000000,0
23.373.000/0001-32,2021-12-31,1,968987970,0,8000000,0
23.373.000/0001-32,2022-03-31,2,976987970,0,8000000,0
23.373.000/0001-32,2022-06-30,1,976987970,0,8000000,0
23.373.000/0001-32,2022-09-30,1,1025397970,0,7964924,0
23.373.000/0001-32,2022-12-31,1,1025397970,0,7964924,0
23.373.000/0001-32,2023-03-31,1,1025397970,0,7964924,0
23.373.000/0001-32,2023-06-30,1,1025397970,0,7964924,0
23.373.000/0001-32,2023-09-30,1,1104324569,0,7964924,0
23.373.000/0001-32,2023-12-31,1,1104324569,0,7891532,0
23.373.000/0001-32,2024-03-31,1,1104324569,0,11831832,0
23.373.000/0001-32,2024-06-30,2,1104324569,0,13645732,0
23.373.000/0001-32,2024-09-30,1,1104324569,0,13645732,0
23.373.000/0001-32,2024-12-31,2,1081032537,0,499000,0
23.373.000/0001-32,2025-03-31,1,1081032537,0,12493400,0
23.373.000/0001-32,2025-06-30,2,1081032537,0,14946340,0
23.373.000/0001-32,2025-09-30,1,1081032537,0,14946340,0
23.373.000/0001-32,2025-12-31,1,1081032537,0,14946340,0
23.373.000/0001-32,2026-03-31,1,1065982709,0,0,0
23.373.000/0001-32,2026-06-30,1,1221826865,0,86331,0
23.438.929/0001-00,2020-03-31,1,290292,0,0,0
23.438.929/0001-00,2020-06-30,1,290848,0,0,0
23.438.929/0001-00,2020-09-30,2,126882,0,0,0
23.438.929/0001-00,2020-12-31,1,126882,0,0,0
23.438.929/0001-00,2021-03-31,1,126882,0,0,0
23.438.929/0001-00,2021-06-30,1,126882,0,0,0
23.438.929/0001-00,2021-09-30,1,163939,0,0,0
23.438.929/0001-00,2021-12-31,1,183285,0,0,0
23.438.929/0001-00,2022-03-31,1,207674,0,0,0
23.438.929/0001-00,2022-06-30,1,216689,0,0,0
23.438.929/0001-00,2022-09-30,1,216689,0,0,0
23.438.929/0001-00,2022-12-31,2,216689,0,0,0
23.438.929/0001-00,2023-03-31,1,216689,0,0,0
23.438.929/0001-00,2023-06-30,1,232122,0,0,0
23.438.929/0001-00,2023-09-30,1,238266,0,0,0
23.438.929/0001-00,2023-12-31,1,291260,0,0,0
23.438.929/0001-00,2024-03-31,1,291260,0,0,0
23.438.929/0001-00,2024-06-30,1,291260,0,0,0
23.438.929/0001-00,2024-09-30,1,291260,0,0,0
23.438.929/0001-00,2024-12-31,1,347699,0,0,0
23.438.929/0001-00,2025-03-31,1,347699,0,0,0
23.438.929/0001-00,2025-06-30,1,347699,0,0,0
23.438.929/0001-00,2025-09-30,1,347699,0,0,0
23.438.929/0001-00,2025-12-31,1,358978,0,0,0
23.438.929/0001-00,2026-03-31,2,358978,0,0,0
23.438.929/0001-00,2026-06-30,1,358978,0,0,0
23.864.409/0001-51,2020-12-31,1,164690130,0,0,0
23.864.409/0001-51,2021-03-31,1,164690130,0,0,0
23.864.409/0001-51,2021-06-30,1,164690130,0,0,0
23.864.409/0001-51,2021-09-30,1,164690130,0,0,0
23.864.409/0001-51,2021-12-31,1,19966,0,0,0
23.864.409/0001-51,2022-03-31,2,164690130,0,0,0
23.994.857/0001-70,2024-03-31,1,6565000,0,0,0
23.994.857/0001-70,2024-06-30,1,6565000,0,0,0
23.994.857/0001-70,2024-09-30,1,23804,0,0,0
23.994.857/0001-70,2024-12-31,1,23804,0,1318,0
23.994.857/0001-70,2025-03-31,1,23804,0,814,0
23.994.857/0001-70,2025-06-30,1,23804,0,814,0
23.994.857/0001-70,2025-09-30,1,23804,0,814,0
23.994.857/0001-70,2025-12-31,1,23804,0,1318,0
23.994.857/0001-70,2026-03-31,1,23804,0,814,0
23.994.857/0001-70,2026-06-30,1,23804,0,814,0
24.230.275/0001-80,2020-03-31,1,10000,0,0,0
24.230.275/0001-80,2020-06-30,1,10000,0,0,0
24.230.275/0001-80,2020-09-30,2,204256,0,0,0
24.230.275/0001-80,2020-12-31,3,204256,0,0,0
24.230.275/0001-80,2021-03-31,1,204256000,0,0,0
24.230.275/0001-80,2021-06-30,1,204256000,0,0,0
24.230.275/0001-80,2021-09-30,1,204256000,0,1527,0
24.230.275/0001-80,2021-12-31,2,204256000,0,2350000,0
24.230.275/0001-80,2022-03-31,2,204256000,0,4750000,0
24.230.275/0001-80,2022-06-30,2,204256000,0,6000000,0
24.230.275/0001-80,2022-09-30,2,204256000,0,6000000,0
24.230.275/0001-80,2022-12-31,2,204256000,0,6000000,0
24.230.275/0001-80,2023-03-31,3,204256000,0,6000000,0
24.230.275/0001-80,2023-06-30,1,204256000,0,6000000,0
24.230.275/0001-80,2023-09-30,1,204256000,0,6000000,0
24.230.275/0001-80,2023-12-31,2,204256000,0,6000000,0
24.230.275/0001-80,2024-03-31,1,204256000,0,6000000,0
24.230.275/0001-80,2024-06-30,1,204256000,0,6000000,0
24.230.275/0001-80,2024-09-30,1,203901000,0,5333500,0
24.230.275/0001-80,2024-12-31,2,203901000,0,5096500,0
24.230.275/0001-80,2025-03-31,2,203901000,0,4632000,0
24.230.275/0001-80,2025-06-30,1,203901000,0,991220,0
24.230.275/0001-80,2025-09-30,1,203901000,0,991220,0
24.230.275/0001-80,2025-12-31,2,203901000,0,991220,0
24.230.275/0001-80,2026-03-31,1,203901000,0,991220,0
24.230.275/0001-80,2026-06-30,1,203901000,0,955220,0
24.241.659/0001-06,2020-03-31,1,3321,0,0,0
24.241.659/0001-06,2020-06-30,1,19620,0,0,0
24.241.659/0001-06,2020-09-30,1,19620,0,0,0
24.241.659/0001-06,2020-12-31,2,19620,0,0,0
24.241.659/0001-06,2021-03-31,2,19620,0,0,0
24.241.659/0001-06,2021-06-30,1,26825,0,0,0
24.241.659/0001-06,2021-09-30,1,40397,0,0,0
24.396.489/0001-20,2020-03-31,1,1385666601,0,0,0
24.396.489/0001-20,2020-06-30,1,1385666601,0,0,0
24.396.489/0001-20,2020-09-30,1,4008807,0,0,0
24.396.489/0001-20,2020-12-31,1,2646299065,0,0,0
24.396.489/0001-20,2021-03-31,1,2646299065,0,0,0
24.396.489/0001-20,2021-06-30,1,2646299065,0,0,0
24.396.489/0001-20,2021-09-30,1,2646299065,0,0,0
24.396.489/0001-20,2021-12-31,3,2646299065,0,0,0
24.396.489/0001-20,2022-03-31,2,2646299065,0,0,0
24.396.489/0001-20,2022-06-30,1,2646299065,0,0,0
24.396.489/0001-20,2022-09-30,1,2646299065,0,0,0
24.396.489/0001-20,2022-12-31,1,2646299065,0,0,0
24.396.489/0001-20,2023-03-31,2,2646299065,0,0,0
24.396.489/0001-20,2023-06-30,1,2646299065,0,0,0
24.396.489/0001-20,2023-09-30,1,2646299065,0,0,0
24.396.489/0001-20,2023-12-31,1,2646299065,0,0,0
24.396.489/0001-20,2024-03-31,1,2646299065,0,0,0
24.396.489/0001-20,2024-06-30,1,2646299065,0,0,0
24.396.489/0001-20,2024-09-30,1,2646299065,0,0,0
24.396.489/0001-20,2024-12-31,1,2646299065,0,0,0
24.396.489/0001-20,2025-03-31,1,2646299065,0,0,0
24.396.489/0001-20,2025-06-30,1,2646299065,0,0,0
24.396.489/0001-20,2025-09-30,1,2646299065,0,0,0
24.396.489/0001-20,2025-12-31,1,2646299065,0,0,0
24.396.489/0001-20,2026-03-31,1,661574766,0,0,0
24.396.489/0001-20,2026-06-30,1,661574766,0,0,0
24.410.913/0001-44,2020-12-31,1,222659593,422057050,0,0
24.410.913/0001-44,2021-03-31,1,225978192,433815754,0,0
24.410.913/0001-44,2021-06-30,1,228441079,468633788,0,0
24.410.913/0001-44,2021-09-30,1,1432965235,2811802728,0,0
24.410.913/0001-44,2021-12-31,1,4609988545,0,0,0
24.410.913/0001-44,2022-03-31,2,4663178725,0,0,0
24.410.913/0001-44,2022-06-30,1,4676348189,0,0,0
24.410.913/0001-44,2022-09-30,1,4685563942,0,0,0
24.410.913/0001-44,2022-12-31,1,4694787854,0,0,0
24.410.913/0001-44,2023-03-31,1,4714203759,0,0,0
24.410.913/0001-44,2023-06-30,1,4742615887,0,0,0
24.624.490/0001-65,2020-03-31,1,499811000,0,0,0
24.624.490/0001-65,2020-06-30,1,499811000,0,0,0
24.624.490/0001-65,2020-09-30,1,499811,0,0,0
24.624.490/0001-65,2020-12-31,1,499811,0,0,0
24.624.490/0001-65,2021-03-31,1,499811000,0,0,0
24.624.490/0001-65,2021-06-30,1,499811000,0,0,0
24.624.490/0001-65,2021-09-30,1,499811000,0,0,0
24.624.490/0001-65,2021-12-31,1,499811,0,0,0
24.624.490/0001-65,2022-03-31,1,499811,0,0,0
24.624.490/0001-65,2022-06-30,1,499811,0,0,0
24.624.490/0001-65,2022-09-30,1,499811,0,0,0
24.624.490/0001-65,2022-12-31,1,499811,0,0,0
24.624.490/0001-65,2023-03-31,2,499811000,0,0,0
24.624.490/0001-65,2023-06-30,1,499811000,0,0,0
24.624.490/0001-65,2023-09-30,1,499811000,0,0,0
24.624.490/0001-65,2023-12-31,1,499811000,0,0,0
24.624.490/0001-65,2024-03-31,1,499811000,0,0,0
24.624.490/0001-65,2024-06-30,1,499811000,0,0,0
24.624.490/0001-65,2024-09-30,1,499811000,0,0,0
24.624.490/0001-65,2024-12-31,1,499811000,0,0,0
24.624.490/0001-65,2025-03-31,1,500000000,0,0,0
24.624.490/0001-65,2025-06-30,1,499811000,0,0,0
24.624.490/0001-65,2025-09-30,1,4998110000,0,499811000,0
24.624.490/0001-65,2025-12-31,2,499811000,0,0,0
24.624.490/0001-65,2026-03-31,1,499811000,0,0,0
24.624.490/0001-65,2026-06-30,1,499811000,0,0,0
24.624.551/0001-94,2020-03-31,1,360549746,0,0,0
24.624.551/0001-94,2020-06-30,1,360549746,0,0,0
24.624.551/0001-94,2020-09-30,1,360549746,0,0,0
24.624.551/0001-94,2020-12-31,1,360549746,0,0,0
24.624.551/0001-94,2021-03-31,1,528483,0,0,0
24.624.551/0001-94,2021-06-30,1,360549746,0,0,0
24.624.551/0001-94,2021-09-30,1,360549746,0,0,0
24.624.551/0001-94,2021-12-31,1,360549746,38155607,0,0
24.624.551/0001-94,2022-03-31,1,360549,38155,0,0
24.624.551/0001-94,2022-06-30,1,360549746,38155607,0,0
24.624.551/0001-94,2022-09-30,1,360549746,38155607,0,0
24.624.551/0001-94,2022-12-31,1,1759419386,38155607,0,0
24.624.551/0001-94,2023-03-31,2,1759419386,38155607,0,0
24.624.551/0001-94,2023-06-30,1,1759419386,0,0,0
24.624.551/0001-94,2023-09-30,1,1759419386,0,0,0
24.624.551/0001-94,2023-12-31,1,1759420,0,0,0
24.624.551/0001-94,2024-03-31,1,1759419386,0,0,0
24.624.551/0001-94,2024-06-30,1,1759419386,0,0,0
24.624.551/0001-94,2024-09-30,1,2618483,0,0,0
24.624.551/0001-94,2024-12-31,1,1759420,0,0,0
24.624.551/0001-94,2025-03-31,2,1759419386,0,0,0
24.624.551/0001-94,2025-06-30,2,1759419386,0,0,0
24.624.551/0001-94,2025-09-30,1,1759419386,0,0,0
24.624.551/0001-94,2025-12-31,3,2131350,0,0,0
24.624.551/0001-94,2026-03-31,1,2131350884,0,0,0
24.624.551/0001-94,2026-06-30,1,2131350,0,0,0
24.921.465/0001-43,2020-12-31,1,536382,0,0,0
24.921.465/0001-43,2021-03-31,1,536985,0,0,0
24.921.465/0001-43,2021-06-30,1,613669,0,0,0
24.921.465/0001-43,2021-09-30,1,73640280,0,0,0
24.921.465/0001-43,2021-12-31,1,73640280,0,0,0
24.921.465/0001-43,2022-03-31,1,73640280,0,0,0
24.921.465/0001-43,2022-06-30,1,73640280,0,0,0
24.921.465/0001-43,2022-09-30,1,73634040,0,0,0
24.921.465/0001-43,2022-12-31,1,81815600,0,0,0
24.921.465/0001-43,2023-03-31,1,81815600,0,0,0
24.921.465/0001-43,2023-06-30,1,82938920,0,0,0
24.921.465/0001-43,2023-09-30,1,82938920,0,0,0
24.921.465/0001-43,2023-12-31,1,134775745,0,0,0
24.921.465/0001-43,2024-03-31,1,134775745,0,0,0
24.921.465/0001-43,2024-06-30,1,134775745,0,0,0
24.921.465/0001-43,2024-09-30,1,134775745,0,0,0
24.921.465/0001-43,2024-12-31,1,134775745,0,0,0
24.921.465/0001-43,2025-03-31,1,134775745,0,0,0
24.921.465/0001-43,2025-06-30,1,134775745,0,0,0
24.921.465/0001-43,2025-09-30,1,134775745,0,0,0
24.921.465/0001-43,2025-12-31,2,134775745,0,0,0
24.921.465/0001-43,2026-03-31,1,134775745,0,0,0
24.921.465/0001-43,2026-06-30,1,134775745,0,0,0
24.962.466/0001-36,2020-03-31,1,1107698070,81714293,0,0
24.962.466/0001-36,2020-06-30,1,1107698070,81714293,0,0
24.962.466/0001-36,2020-09-30,1,1107698070,81714293,0,0
24.962.466/0001-36,2020-12-31,1,1107698070,81714293,0,0
24.962.466/0001-36,2021-03-31,1,1107698070,81714293,0,0
24.962.466/0001-36,2021-06-30,1,1107698070,81714293,0,0
24.962.466/0001-36,2021-09-30,1,1107698070,81714293,0,0
24.962.466/0001-36,2021-12-31,1,1107698070,81714293,0,0
24.962.466/0001-36,2022-03-31,1,1107698070,81714293,0,0
24.962.466/0001-36,2022-06-30,1,1107698070,81714293,0,0
24.962.466/0001-36,2022-09-30,1,1107698070,81714293,0,0
24.962.466/0001-36,2022-12-31,1,1107698070,81714293,0,0
24.962.466/0001-36,2023-03-31,1,1107698070,81714293,0,0
24.962.466/0001-36,2023-06-30,1,1107698070,81714293,0,0
24.962.466/0001-36,2023-09-30,1,1107698070,81714293,0,0
24.962.466/0001-36,2023-12-31,1,1107698070,81714293,0,0
24.962.466/0001-36,2024-03-31,1,1107698070,81714293,0,0
24.962.466/0001-36,2024-06-30,1,1107698070,81714293,0,0
24.962.466/0001-36,2024-09-30,1,1107698070,81714293,0,0
24.962.466/0001-36,2024-12-31,1,1107698070,81714293,0,0
24.962.466/0001-36,2025-03-31,1,1107698070,81714293,0,0
24.962.466/0001-36,2025-06-30,1,1107698070,81714293,0,0
24.962.466/0001-36,2025-09-30,1,1107698070,81714293,0,0
24.962.466/0001-36,2025-12-31,1,1107698070,81714293,0,0
24.962.466/0001-36,2026-03-31,1,1107698070,81714293,0,0
24.962.466/0001-36,2026-06-30,1,1107698070,81714293,0,0
24.990.777/0001-09,2020-03-31,1,911201039,0,0,0
24.990.777/0001-09,2020-06-30,1,1863829196,0,0,0
24.990.777/0001-09,2020-09-30,2,1863829195,0,0,0
24.990.777/0001-09,2020-12-31,1,2209346079,0,0,0
24.990.777/0001-09,2021-03-31,2,2209346079,0,0,0
24.990.777/0001-09,2021-06-30,1,2209346079,0,0,0
24.990.777/0001-09,2021-09-30,2,2209346079,0,0,0
24.990.777/0001-09,2021-12-31,1,2209346079,0,0,0
24.990.777/0001-09,2022-03-31,1,2209346079,0,0,0
24.990.777/0001-09,2022-06-30,1,22093460790,0,0,0
24.990.777/0001-09,2022-09-30,1,2209346079,0,0,0
24.990.777/0001-09,2022-12-31,3,2209346079,0,0,0
24.990.777/0001-09,2023-03-31,1,2209346079,0,0,0
24.990.777/0001-09,2023-06-30,1,463952163,0,0,0
24.990.777/0001-09,2023-09-30,2,2209346079,0,0,0
24.990.777/0001-09,2023-12-31,1,2209346079,0,171437,0
24.990.777/0001-09,2024-03-31,1,2209346079,0,171437,0
24.990.777/0001-09,2024-06-30,1,2207674642,0,1671437,0
24.990.777/0001-09,2024-09-30,1,2209091132,0,254947,0
24.990.777/0001-09,2024-12-31,3,2248469834,0,254947,0
24.990.777/0001-09,2025-03-31,1,2248469834,0,2754947,0
24.990.777/0001-09,2025-06-30,1,2248469834,0,1394947,0
24.990.777/0001-09,2025-09-30,1,2248469834,0,3644947,0
24.990.777/0001-09,2025-12-31,1,2248469834,0,3644947,0
24.990.777/0001-09,2026-03-31,1,2300047621,0,3644947,0
24.990.777/0001-09,2026-06-30,1,2302987204,0,705364,0
25.005.683/0001-09,2020-03-31,1,100000,11,0,0
25.005.683/0001-09,2020-06-30,1,100000,11,0,0
25.005.683/0001-09,2020-09-30,1,100000,11,0,0
25.005.683/0001-09,2020-12-31,2,100000,11,0,0
25.005.683/0001-09,2021-03-31,1,100000,11,0,0
25.005.683/0001-09,2021-06-30,1,1199,1,0,0
25.005.683/0001-09,2021-09-30,1,100000,11,0,0
25.005.683/0001-09,2021-12-31,1,100000,11,0,0
25.005.683/0001-09,2022-03-31,1,100000,11,0,0
25.089.509/0001-83,2020-03-31,1,1891616,5912,32,5907
25.089.509/0001-83,2020-06-30,1,1891616,5912,32,5907
25.089.509/0001-83,2020-09-30,1,1891616,5912,32,5907
25.089.509/0001-83,2020-12-31,1,2514021,5912,32,5907
25.089.509/0001-83,2021-03-31,1,2513989,5,0,0
25.089.509/0001-83,2021-06-30,1,2513989,5,0,0
25.089.509/0001-83,2021-09-30,1,2513957,5,0,0
25.089.509/0001-83,2021-12-31,1,2513957,5,0,0
25.089.509/0001-83,2022-03-31,1,2513957,5,0,0
25.089.509/0001-83,2022-06-30,1,2513957,5,0,0
25.089.509/0001-83,2022-09-30,1,2513957,5,0,0
25.089.509/0001-83,2022-12-31,1,2513957,5,0,0
25.089.509/0001-83,2023-03-31,1,2513957,5,0,0
25.089.509/0001-83,2023-06-30,1,7137811,5,0,0
25.089.509/0001-83,2023-09-30,1,7137811,5,0,0
25.089.509/0001-83,2023-12-31,1,7137811,5,0,0
25.249.439/0001-83,2020-12-31,1,381680831,18186727,0,0
25.249.439/0001-83,2021-03-31,1,99969078,0,0,0
25.249.439/0001-83,2021-06-30,2,129351918,0,0,0
25.249.439/0001-83,2021-09-30,1,129351918,0,0,0
25.249.439/0001-83,2021-12-31,1,129351918,0,0,0
25.249.439/0001-83,2022-03-31,1,129351918,0,0,0
25.249.439/0001-83,2022-06-30,1,129351918,0,0,0
25.249.439/0001-83,2022-09-30,1,129351918,0,0,0
25.249.439/0001-83,2022-12-31,1,129351918,0,0,0
25.249.439/0001-83,2023-03-31,1,129351918,0,0,0
25.249.439/0001-83,2023-06-30,1,129351918,0,0,0
25.249.439/0001-83,2023-09-30,2,129351918,0,0,0
25.249.439/0001-83,2023-12-31,2,129351918,42796005,0,0
25.249.439/0001-83,2024-03-31,1,129351918,42796005,0,0
25.249.439/0001-83,2024-06-30,1,129351918,42796005,0,0
25.249.439/0001-83,2024-09-30,1,129351918,42796005,0,0
25.249.439/0001-83,2024-12-31,2,129351918,42796005,3873509,0
25.249.439/0001-83,2025-03-31,1,129351918,42796005,3873509,0
25.249.439/0001-83,2025-06-30,1,129351918,42796005,3873509,0
25.249.439/0001-83,2025-09-30,1,129351918,42796005,3873509,0
25.249.439/0001-83,2025-12-31,1,129351918,42796005,3873509,0
25.249.439/0001-83,2026-03-31,1,129351918,42796005,3873509,0
25.369.840/0001-57,2020-12-31,1,172065270,0,0,0
25.369.840/0001-57,2021-03-31,1,208126375,0,0,0
25.369.840/0001-57,2021-06-30,1,260157968,0,0,0
25.369.840/0001-57,2021-09-30,1,86719323,0,0,0
25.369.840/0001-57,2021-12-31,1,243108754,0,0,0
25.369.840/0001-57,2022-03-31,1,363029262,0,0,0
25.369.840/0001-57,2022-06-30,1,363029262,0,0,0
25.369.840/0001-57,2022-09-30,1,363029262,0,0,0
25.369.840/0001-57,2022-12-31,1,363029262,0,0,0
25.369.840/0001-57,2023-03-31,1,363029262,0,0,0
25.369.840/0001-57,2023-06-30,1,363029262,0,0,0
25.369.840/0001-57,2023-09-30,1,363029262,0,0,0
25.369.840/0001-57,2023-12-31,1,363029262,0,0,0
25.369.840/0001-57,2024-03-31,1,363029262,0,0,0
25.369.840/0001-57,2024-06-30,1,363029262,0,0,0
25.369.840/0001-57,2024-09-30,1,363029262,0,0,0
25.369.840/0001-57,2024-12-31,1,363029262,0,0,0
25.369.840/0001-57,2025-03-31,2,583842235,0,0,0
25.369.840/0001-57,2025-06-30,1,583842235,0,0,0
25.369.840/0001-57,2025-09-30,1,608183269,0,0,0
25.369.840/0001-57,2025-12-31,1,608183269,0,0,0
25.369.840/0001-57,2026-03-31,1,657425979,0,0,0
25.369.840/0001-57,2026-06-30,1,784086749,0,0,0
26.072.786/0001-46,2021-12-31,1,118672,0,0,0
26.072.786/0001-46,2022-03-31,1,587393000,0,0,0
26.072.786/0001-46,2022-06-30,1,587393000,0,0,0
26.072.786/0001-46,2022-09-30,1,587393000,587393000,0,0
26.072.786/0001-46,2022-12-31,1,560177,0,0,0
26.072.786/0001-46,2023-03-31,3,593360000,0,59832000,0
26.072.786/0001-46,2023-06-30,1,593360000,0,93534,0
26.072.786/0001-46,2023-09-30,1,593360000,0,93534,0
26.072.786/0001-46,2023-12-31,1,404800,0,211011,0
26.072.786/0001-46,2024-03-31,2,404800,0,211011,0
26.072.786/0001-46,2024-06-30,2,4048000,0,211011,0
26.072.786/0001-46,2024-09-30,1,304187000,0,0,0
26.072.786/0001-46,2024-12-31,1,229410,0,0,0
26.072.786/0001-46,2025-03-31,1,118672000,0,0,0
26.345.998/0001-50,2021-03-31,1,200000000,0,0,0
26.345.998/0001-50,2021-06-30,1,212145280,0,0,0
26.345.998/0001-50,2021-09-30,1,281647138,0,0,0
26.345.998/0001-50,2021-12-31,3,281647,0,1989,0
26.345.998/0001-50,2022-03-31,1,281647,0,1989,0
26.345.998/0001-50,2022-06-30,1,281647,0,1989,0
26.345.998/0001-50,2022-09-30,1,280147,0,489,0
26.345.998/0001-50,2022-09-30,2,280147,0,489,0
26.345.998/0001-50,2022-12-31,3,280147,0,189,0
26.345.998/0001-50,2023-03-31,1,280147,0,176,0
26.345.998/0001-50,2023-06-30,1,280147,0,161,0
26.345.998/0001-50,2023-09-30,1,280147,0,161,0
26.345.998/0001-50,2023-12-31,1,280147,0,4712,0
26.345.998/0001-50,2024-03-31,2,280147,0,4712,0
26.345.998/0001-50,2024-06-30,1,40021,0,672,0
26.345.998/0001-50,2024-09-30,1,40021,0,675,0
26.345.998/0001-50,2024-12-31,1,40021,0,592,0
26.345.998/0001-50,2025-03-31,1,40021,0,592,0
26.345.998/0001-50,2025-06-30,1,40021,0,573,0
26.345.998/0001-50,2025-09-30,1,40021,0,388,0
26.345.998/0001-50,2025-12-31,1,40021,0,388,0
26.345.998/0001-50,2026-03-31,1,40021,0,388,0
26.345.998/0001-50,2026-06-30,1,40021,0,388,0
26.462.693/0001-28,2020-03-31,1,106516652,0,0,0
26.462.693/0001-28,2020-06-30,1,106516652,0,0,0
26.462.693/0001-28,2020-09-30,1,214628652,0,0,0
26.462.693/0001-28,2020-12-31,1,214628652,0,0,0
26.462.693/0001-28,2021-03-31,1,214628652,0,0,0
26.462.693/0001-28,2021-06-30,1,214628652,0,0,0
26.462.693/0001-28,2021-09-30,1,214628652,0,1662500,0
26.462.693/0001-28,2021-12-31,2,208191252,0,3143600,0
26.462.693/0001-28,2022-03-31,2,208191252,0,5796900,0
26.462.693/0001-28,2022-06-30,1,199534352,0,4100000,0
26.462.693/0001-28,2022-09-30,1,199534352,0,4100000,0
26.462.693/0001-28,2022-12-31,1,199534352,0,4100000,0
26.462.693/0001-28,2023-03-31,1,199534352,0,4100000,0
26.462.693/0001-28,2023-06-30,1,199534352,0,4100000,0
26.462.693/0001-28,2023-09-30,1,199534352,0,4100000,0
26.462.693/0001-28,2023-12-31,1,199534352,0,4100000,0
26.462.693/0001-28,2024-03-31,1,199534352,0,4100000,0
26.462.693/0001-28,2024-06-30,1,199534352,0,4100000,0
26.462.693/0001-28,2024-09-30,1,199534352,0,4100000,0
26.462.693/0001-28,2024-12-31,1,199534352,0,4100000,0
26.462.693/0001-28,2025-03-31,1,195434352,0,0,0
26.462.693/0001-28,2025-06-30,2,195434352,0,0,0
26.462.693/0001-28,2025-09-30,1,195434352,0,0,0
26.462.693/0001-28,2025-12-31,1,195434352,0,0,0
26.462.693/0001-28,2026-03-31,1,195434352,0,0,0
26.462.693/0001-28,2026-06-30,1,1954343520,0,0,0
26.609.050/0001-64,2020-03-31,1,50000,0,0,0
26.609.050/0001-64,2020-06-30,1,237677,0,0,0
26.609.050/0001-64,2020-09-30,1,237677,0,0,0
26.609.050/0001-64,2020-12-31,1,237677,0,0,0
26.609.050/0001-64,2021-03-31,1,237677,0,0,0
26.609.050/0001-64,2021-06-30,1,237677,0,0,0
26.609.050/0001-64,2021-09-30,1,238,0,0,0
26.609.050/0001-64,2021-12-31,1,238,0,0,0
26.609.050/0001-64,2022-03-31,1,238,0,0,0
26.609.050/0001-64,2022-06-30,1,238,0,0,0
26.609.050/0001-64,2022-09-30,1,238,0,0,0
26.609.050/0001-64,2022-12-31,1,238,0,0,0
26.609.050/0001-64,2023-03-31,1,238,0,0,0
26.609.050/0001-64,2023-06-30,1,238,0,0,0
26.609.050/0001-64,2023-09-30,2,238,0,0,0
26.609.050/0001-64,2023-12-31,1,238,0,0,0
26.609.050/0001-64,2024-03-31,1,238,0,0,0
26.609.050/0001-64,2024-06-30,1,237677,0,0,0
26.609.050/0001-64,2024-09-30,1,237677,0,0,0
26.609.050/0001-64,2024-12-31,3,237677,0,0,0
26.609.050/0001-64,2025-03-31,1,237677,0,0,0
26.609.050/0001-64,2025-06-30,1,237677,0,0,0
26.609.050/0001-64,2025-09-30,1,237677,0,0,0
26.609.050/0001-64,2025-12-31,1,237677,0,0,0
26.609.050/0001-64,2026-03-31,1,237677,0,0,0
26.609.050/0001-64,2026-06-30,1,237677,0,0,0
26.659.061/0001-59,2020-03-31,1,5894122,2907461,0,0
26.659.061/0001-59,2020-06-30,1,5894122,2907461,0,0
26.659.061/0001-59,2020-09-30,1,5894122,2907461,0,0
26.659.061/0001-59,2020-12-31,1,8801583,0,0,0
26.659.061/0001-59,2021-03-31,1,244235566,0,0,0
26.659.061/0001-59,2021-06-30,1,244235566,0,0,0
26.659.061/0001-59,2021-09-30,2,244235566,0,0,0
26.659.061/0001-59,2021-12-31,1,244235566,0,0,0
26.659.061/0001-59,2022-03-31,1,244235566,0,0,0
26.659.061/0001-59,2022-06-30,1,244235566,0,0,0
26.659.061/0001-59,2022-09-30,1,244235566,0,0,0
26.659.061/0001-59,2022-12-31,1,361423066,0,0,0
26.659.061/0001-59,2023-03-31,1,361423066,0,0,0
26.659.061/0001-59,2023-06-30,1,361423066,0,0,0
26.659.061/0001-59,2023-09-30,1,361423066,0,0,0
26.659.061/0001-59,2023-12-31,2,361423066,0,0,0
26.659.061/0001-59,2024-03-31,1,361423066,0,0,0
26.659.061/0001-59,2024-06-30,2,361423066,0,0,0
26.659.061/0001-59,2024-09-30,1,361423066,0,0,0
26.659.061/0001-59,2024-12-31,1,361423066,0,0,0
26.659.061/0001-59,2025-03-31,1,361423066,0,0,0
26.659.061/0001-59,2025-06-30,1,361423066,0,0,0
26.659.061/0001-59,2025-09-30,1,361423066,0,681,0
26.659.061/0001-59,2025-12-31,1,361423066,0,2343681,0
26.659.061/0001-59,2026-03-31,1,361423066,0,3185111,0
26.659.061/0001-59,2026-06-30,1,35821501,0,320805,0
26.664.057/0001-89,2020-03-31,1,580628,0,0,0
26.664.057/0001-89,2020-06-30,1,580628,0,0,0
26.664.057/0001-89,2020-09-30,1,580628,0,0,0
26.664.057/0001-89,2020-12-31,1,580628,0,0,0
26.664.057/0001-89,2021-03-31,1,580628,0,0,0
26.664.057/0001-89,2021-06-30,1,580628,0,0,0
26.664.057/0001-89,2021-09-30,1,580628,0,0,0
26.664.057/0001-89,2021-12-31,1,580628,0,0,0
26.664.057/0001-89,2022-03-31,1,580628,0,0,0
26.664.057/0001-89,2022-06-30,1,580628,0,0,0
26.664.057/0001-89,2022-09-30,1,580628,0,0,0
26.664.057/0001-89,2022-12-31,1,580628,0,0,0
26.664.057/0001-89,2023-03-31,1,580628,0,0,0
26.664.057/0001-89,2023-06-30,1,580628,0,0,0
26.664.057/0001-89,2023-09-30,1,580628,0,0,0
26.664.057/0001-89,2023-12-31,2,560628,0,0,0
26.664.057/0001-89,2024-03-31,1,580628,0,0,0
26.664.057/0001-89,2024-06-30,1,580628,0,0,0
26.664.057/0001-89,2024-09-30,1,580628,0,0,0
26.664.057/0001-89,2024-12-31,1,560628,0,0,0
26.664.057/0001-89,2025-03-31,1,580628,0,0,0
26.664.057/0001-89,2025-06-30,1,580628,0,0,0
26.664.057/0001-89,2025-09-30,1,580628,0,0,0
26.664.057/0001-89,2025-12-31,1,528628,0,0,0
26.664.057/0001-89,2026-03-31,1,580628,0,0,0
26.664.057/0001-89,2026-06-30,3,580628,0,0,0
26.735.020/0001-02,2020-03-31,1,23601011,0,0,0
26.735.020/0001-02,2020-06-30,1,23601011,0,0,0
26.735.020/0001-02,2020-09-30,1,23601012,0,0,0
26.735.020/0001-02,2020-12-31,1,23601013,0,0,0
26.735.020/0001-02,2021-03-31,2,89654856,0,0,0
26.735.020/0001-02,2021-06-30,1,89654856,0,0,0
26.735.020/0001-02,2021-09-30,1,89654856,0,0,0
26.845.702/0001-60,2020-03-31,1,98021217,0,0,0
26.845.702/0001-60,2020-06-30,1,98021217,0,0,0
26.845.702/0001-60,2020-09-30,1,105857116,0,0,0
26.845.702/0001-60,2020-12-31,1,146857116,0,0,0
26.845.702/0001-60,2021-03-31,1,146857116,0,0,0
26.845.702/0001-60,2021-06-30,1,146857116,0,0,0
26.845.702/0001-60,2021-09-30,1,146857116,0,0,0
26.845.702/0001-60,2021-12-31,2,146857116,0,0,0
26.845.702/0001-60,2022-03-31,2,146857116,0,0,0
26.845.702/0001-60,2022-06-30,1,146857116,0,0,0
26.845.702/0001-60,2022-09-30,1,146857116,0,0,0
26.845.702/0001-60,2022-12-31,1,146857116,0,0,0
26.845.702/0001-60,2023-03-31,1,146857116,0,0,0
26.845.702/0001-60,2023-06-30,2,146857116,0,0,0
26.845.702/0001-60,2023-09-30,1,146857116,0,0,0
26.845.702/0001-60,2023-12-31,1,146857116,0,0,0
26.845.702/0001-60,2024-03-31,1,146857116,0,0,0
26.845.702/0001-60,2024-06-30,2,146857116,0,0,0
26.845.702/0001-60,2024-09-30,1,146857116,0,0,0
26.845.702/0001-60,2024-12-31,1,146857116,0,0,0
26.845.702/0001-60,2025-03-31,1,146857116,0,0,0
26.845.702/0001-60,2025-06-30,1,146857116,146857116,0,0
26.845.702/0001-60,2025-09-30,1,146857116,0,0,0
26.845.702/0001-60,2025-12-31,2,146857116,0,0,0
26.845.702/0001-60,2026-03-31,1,146857116,0,0,0
26.845.702/0001-60,2026-06-30,1,146857116,0,0,0
26.982.634/0001-80,2021-12-31,1,11447,0,0,0
26.982.634/0001-80,2022-03-31,1,11447,0,0,0
26.982.634/0001-80,2022-06-30,1,11447,0,0,0
26.982.634/0001-80,2022-09-30,1,11447,0,0,0
26.982.634/0001-80,2022-12-31,1,12520,6448,0,0
26.982.634/0001-80,2023-03-31,1,12520,6448,0,0
26.982.634/0001-80,2023-06-30,1,12520,6448,0,0
26.982.634/0001-80,2023-09-30,1,12520,6448,0,0
26.982.634/0001-80,2023-12-31,1,12520,6448,0,0
26.982.634/0001-80,2024-03-31,2,12520,10335,0,0
26.982.634/0001-80,2024-06-30,2,12520,10335,0,0
26.982.634/0001-80,2024-09-30,2,12520,20132,0,0
26.982.634/0001-80,2024-12-31,3,7356,51323,1696,478
26.982.634/0001-80,2025-03-31,5,6658,51323,1696,478
26.982.634/0001-80,2025-06-30,1,6658,51323,1696,478
26.982.634/0001-80,2025-09-30,1,9052,51801,1696,478
26.982.634/0001-80,2025-12-31,1,9052,51801,0,0
26.982.634/0001-80,2026-03-31,1,6658,51323,2174,0
26.982.634/0001-80,2026-06-30,1,6658,51323,0,2174
27.093.558/0001-15,2020-03-31,1,251866,0,1689,0
27.093.558/0001-15,2020-06-30,1,251907,0,1689,0
27.093.558/0001-15,2020-09-30,1,251954,0,1689,0
27.093.558/0001-15,2020-12-31,1,251954,0,1689,0
27.093.558/0001-15,2021-03-31,1,251956,0,1689,0
27.093.558/0001-15,2021-06-30,1,252168,0,4037,0
27.093.558/0001-15,2021-09-30,2,252169,0,7528,0
27.093.558/0001-15,2021-12-31,2,252169,0,8730,0
27.093.558/0001-15,2022-03-31,2,245971,0,3050,0
27.093.558/0001-15,2022-06-30,1,246184,0,6664,0
27.093.558/0001-15,2022-09-30,1,246309,0,5502,0
27.093.558/0001-15,2022-12-31,2,246309,0,5502,0
27.093.558/0001-15,2023-03-31,1,246309,0,5501,0
27.093.558/0001-15,2023-06-30,1,246309,0,4809,0
27.093.558/0001-15,2023-09-30,1,246309,0,4809,0
27.093.558/0001-15,2023-12-31,1,246309,0,4809,0
27.093.558/0001-15,2024-03-31,1,246309,0,4809,0
27.093.558/0001-15,2024-06-30,3,244151,0,9690,0
27.093.558/0001-15,2024-09-30,2,239166,0,6340,0
27.093.558/0001-15,2024-12-31,1,234178,0,7250,0
27.093.558/0001-15,2025-03-31,1,234178,0,8612,0
27.093.558/0001-15,2025-06-30,1,234178,0,7503,0
27.093.558/0001-15,2025-09-30,1,234178,0,7503,0
27.093.558/0001-15,2025-12-31,1,234178,0,7502,0
27.093.558/0001-15,2026-03-31,1,234178,0,6765,0
27.093.558/0001-15,2026-06-30,1,234239,0,6406,0
27.137.879/0001-74,2020-03-31,1,10000,0,0,0
27.137.879/0001-74,2020-06-30,1,10000,0,0,0
27.137.879/0001-74,2020-09-30,1,10000,0,0,0
27.137.879/0001-74,2020-12-31,1,10000,0,0,0
27.137.879/0001-74,2021-03-31,1,10000,0,0,0
27.137.879/0001-74,2021-06-30,1,10000,0,0,0
27.137.879/0001-74,2021-09-30,1,10000,0,0,0
27.137.879/0001-74,2021-12-31,1,10,0,0,0
27.137.879/0001-74,2022-03-31,1,10000,0,0,0
27.137.879/0001-74,2022-06-30,1,10,0,0,0
27.137.879/0001-74,2022-09-30,1,72,0,0,0
27.137.879/0001-74,2022-12-31,1,72,0,0,0
27.137.879/0001-74,2023-03-31,1,72,0,0,0
27.137.879/0001-74,2023-06-30,1,72,0,0,0
27.137.879/0001-74,2023-09-30,1,72,0,0,0
27.137.879/0001-74,2023-12-31,1,72,0,0,0
27.137.879/0001-74,2024-03-31,1,72,0,0,0
27.137.879/0001-74,2024-06-30,1,72,0,0,0
27.137.879/0001-74,2024-09-30,1,72,0,0,0
27.137.879/0001-74,2024-12-31,1,72,0,0,0
27.137.879/0001-74,2025-03-31,2,72,0,0,0
27.137.879/0001-74,2025-06-30,1,72,0,0,0
27.137.879/0001-74,2025-09-30,1,72,0,0,0
27.137.879/0001-74,2025-12-31,1,72,0,0,0
27.137.879/0001-74,2026-03-31,1,72,0,0,0
27.137.879/0001-74,2026-06-30,1,72,0,0,0
27.157.474/0001-06,2020-03-31,1,12987872,0,0,0
27.157.474/0001-06,2020-06-30,1,12987872,0,0,0
27.157.474/0001-06,2020-09-30,1,12987872,0,0,0
27.157.474/0001-06,2020-12-31,1,12987872,0,0,0
27.157.474/0001-06,2021-03-31,1,86579150,0,0,0
27.157.474/0001-06,2021-06-30,1,86579150,0,0,0
27.157.474/0001-06,2021-09-30,1,86579150,0,0,0
27.157.474/0001-06,2021-12-31,1,86579150,0,0,0
27.157.474/0001-06,2022-03-31,1,86579150,0,0,0
27.157.474/0001-06,2022-06-30,1,86579150,0,0,0
27.157.474/0001-06,2022-09-30,1,86579150,0,0,0
27.157.474/0001-06,2022-12-31,1,86579150,0,0,0
27.157.474/0001-06,2023-03-31,1,86579150,0,0,0
27.157.474/0001-06,2023-06-30,1,86579150,0,0,0
27.157.474/0001-06,2023-09-30,1,86579150,0,0,0
27.157.474/0001-06,2023-12-31,1,86579150,0,0,0
27.157.474/0001-06,2024-03-31,1,86579150,0,0,0
27.157.474/0001-06,2024-06-30,1,86579150,0,0,0
27.157.474/0001-06,2024-09-30,1,86579150,0,0,0
27.157.474/0001-06,2024-12-31,1,86579150,0,0,0
27.157.474/0001-06,2025-03-31,1,86579150,0,0,0
27.157.474/0001-06,2025-06-30,1,86579150,0,0,0
27.157.474/0001-06,2025-09-30,1,86579150,0,0,0
27.157.474/0001-06,2025-12-31,1,86579150,0,0,0
27.157.474/0001-06,2026-03-31,1,86579150,0,0,0
27.157.474/0001-06,2026-06-30,1,86579150,0,0,0
27.743.642/0001-37,2022-12-31,1,15000,0,0,0
27.743.642/0001-37,2023-03-31,1,15000,0,0,0
27.743.642/0001-37,2023-06-30,1,15000,0,0,0
27.743.642/0001-37,2023-09-30,1,15000,0,0,0
27.743.642/0001-37,2023-12-31,2,15000,0,0,0
27.743.642/0001-37,2024-03-31,1,15000,0,0,0
27.743.642/0001-37,2024-06-30,1,15000,0,0,0
27.743.642/0001-37,2024-09-30,1,15000,0,0,0
27.743.642/0001-37,2024-12-31,2,15000,0,0,0
27.743.642/0001-37,2025-03-31,1,15450,0,0,0
27.743.642/0001-37,2025-06-30,1,15450,0,0,0
27.743.642/0001-37,2025-09-30,2,15450,0,0,0
27.743.642/0001-37,2025-12-31,2,15450,1545,0,0
27.743.642/0001-37,2026-03-31,1,15450000,1545000,0,0
27.743.642/0001-37,2026-06-30,1,15450000,1545000,0,0
27.902.165/0002-96,2024-12-31,1,3515471251,0,0,0
27.902.165/0002-96,2025-03-31,1,3595101251,0,0,0
27.902.165/0002-96,2025-06-30,1,3595101251,0,0,0
27.902.165/0002-96,2025-09-30,1,3595101251,0,0,0
27.902.165/0002-96,2025-12-31,1,3515471251,0,0,0
27.902.165/0002-96,2026-03-31,1,3515471251,0,0,0
27.902.165/0002-96,2026-06-30,1,3515471251,0,0,0
27.956.690/0001-03,2020-03-31,1,100000,0,0,0
27.956.690/0001-03,2020-06-30,1,541266,0,0,0
27.956.690/0001-03,2020-09-30,1,546266,0,0,0
27.956.690/0001-03,2020-12-31,1,601666,0,0,0
27.956.690/0001-03,2021-03-31,1,565266,0,0,0
27.956.690/0001-03,2021-06-30,1,565266,0,0,0
27.956.690/0001-03,2021-09-30,1,565266,0,0,0
27.956.690/0001-03,2021-12-31,2,601666,0,0,0
27.956.690/0001-03,2022-03-31,1,601666,0,0,0
27.956.690/0001-03,2022-06-30,2,601666,0,0,0
27.956.690/0001-03,2022-09-30,3,601666,0,0,0
27.956.690/0001-03,2022-12-31,2,601666,0,0,0
27.956.690/0001-03,2023-03-31,3,601666,0,0,0
27.956.690/0001-03,2023-06-30,1,601666,0,0,0
27.956.690/0001-03,2023-09-30,1,601666,0,0,0
27.956.690/0001-03,2023-12-31,1,601666,0,0,0
27.956.690/0001-03,2024-03-31,3,601666,0,0,0
27.956.690/0001-03,2024-06-30,2,601666,0,0,0
27.956.690/0001-03,2024-09-30,2,601666,0,0,0
27.956.690/0001-03,2024-12-31,2,601666,0,0,0
27.956.690/0001-03,2025-03-31,2,601666,0,0,0
27.967.244/0001-02,2020-03-31,1,164628205,0,0,0
27.967.244/0001-02,2020-06-30,1,164628205,0,0,0
27.967.244/0001-02,2020-09-30,1,171170601,0,0,0
27.967.244/0001-02,2020-12-31,1,171170601,0,0,0
27.967.244/0001-02,2021-03-31,1,171170601,0,0,0
27.967.244/0001-02,2021-06-30,1,171170601,0,0,0
27.967.244/0001-02,2021-09-30,1,171170601,0,0,0
27.967.244/0001-02,2021-12-31,2,171170601,0,0,0
27.967.244/0001-02,2022-03-31,2,171170601,0,0,0
27.967.244/0001-02,2022-06-30,1,171170601,0,0,0
27.967.244/0001-02,2022-09-30,1,171170601,0,0,0
27.967.244/0001-02,2022-12-31,1,171170601,0,0,0
27.967.244/0001-02,2023-03-31,1,171170601,0,0,0
27.967.244/0001-02,2023-06-30,3,171170600,0,0,0
27.967.244/0001-02,2023-09-30,1,171170600,0,0,0
27.967.244/0001-02,2023-12-31,1,171170601,0,0,0
27.967.244/0001-02,2024-03-31,1,171170601,0,0,0
27.967.244/0001-02,2024-06-30,1,171170601,0,0,0
27.967.244/0001-02,2024-09-30,1,171170600,0,0,0
27.967.244/0001-02,2024-12-31,1,171171600,0,0,0
27.967.244/0001-02,2025-03-31,1,171170600,0,0,0
27.967.244/0001-02,2025-06-30,1,171170600,0,0,0
27.967.244/0001-02,2025-09-30,1,171170600,0,0,0
27.967.244/0001-02,2025-12-31,1,171170600,0,0,0
27.967.244/0001-02,2026-03-31,1,164628205,0,0,0
27.967.244/0001-02,2026-06-30,1,171170600,0,0,0
28.019.100/0001-89,2020-03-31,1,1397784793,0,0,0
28.019.100/0001-89,2020-06-30,1,1397784793,0,0,0
28.019.100/0001-89,2020-09-30,1,1397784793,0,0,0
28.019.100/0001-89,2020-12-31,1,1397784793,0,0,0
28.019.100/0001-89,2021-03-31,1,1397784793,0,0,0
28.019.100/0001-89,2021-06-30,1,1397784793,0,0,0
28.019.100/0001-89,2021-09-30,1,1397784793,0,0,0
28.019.100/0001-89,2021-12-31,1,1397784793,0,0,0
28.019.100/0001-89,2022-03-31,1,1397784793,0,0,0
28.019.100/0001-89,2022-06-30,1,1397784793,0,0,0
28.019.100/0001-89,2022-09-30,1,1397784793,0,0,0
28.019.100/0001-89,2022-12-31,1,1397784793,0,0,0
28.019.100/0001-89,2023-03-31,2,1397784793,0,0,0
28.019.100/0001-89,2023-06-30,1,1398793,0,0,0
28.019.100/0001-89,2023-09-30,1,1429209698,0,0,0
28.019.100/0001-89,2023-12-31,2,1444292919,0,0,0
28.019.100/0001-89,2024-03-31,1,1489050740,0,0,0
28.019.100/0001-89,2024-06-30,2,1489050740,0,0,0
28.019.100/0001-89,2024-09-30,1,1489050740,0,0,0
28.019.100/0001-89,2024-12-31,1,1489050740,0,0,0
28.019.100/0001-89,2025-03-31,1,1489050740,0,0,0
28.019.100/0001-89,2025-06-30,1,1489050740,0,0,0
28.019.100/0001-89,2025-09-30,1,1489050740,0,0,0
28.019.100/0001-89,2025-12-31,1,1489050740,0,0,0
28.019.100/0001-89,2026-03-31,1,1191240592,0,0,0
28.019.100/0001-89,2026-06-30,1,1191240592,0,0,0
28.127.603/0001-78,2020-03-31,1,231329,84583,0,0
28.127.603/0001-78,2020-06-30,1,231329,84583,0,0
28.127.603/0001-78,2020-09-30,2,231329,84583,0,0
28.127.603/0001-78,2020-12-31,2,231329,84583,0,0
28.127.603/0001-78,2021-03-31,1,231329,84583,0,0
28.127.603/0001-78,2021-06-30,1,231329,84583,0,0
28.127.603/0001-78,2021-09-30,1,231065,84847,0,0
28.127.603/0001-78,2021-12-31,2,231065,84847,0,0
28.127.603/0001-78,2022-03-31,1,231065,84847,0,0
28.127.603/0001-78,2022-06-30,2,231006,84906,0,0
28.127.603/0001-78,2022-09-30,1,231006,84906,0,0
28.127.603/0001-78,2022-12-31,1,231006,84906,0,0
28.127.603/0001-78,2023-03-31,1,231006,84906,0,0
28.127.603/0001-78,2023-06-30,2,231006,84906,0,0
28.127.603/0001-78,2023-09-30,1,231006,84906,0,0
28.127.603/0001-78,2023-12-31,1,231006,84906,0,0
28.127.603/0001-78,2024-03-31,1,231006,84906,0,0
28.127.603/0001-78,2024-06-30,2,231006,84906,0,0
28.127.603/0001-78,2024-09-30,1,231006000,84906860,0,0
28.127.603/0001-78,2024-12-31,2,231006,84906,0,0
28.127.603/0001-78,2025-03-31,2,231006,84906,0,0
28.127.603/0001-78,2025-06-30,2,231006,84906,0,0
28.127.603/0001-78,2025-09-30,1,254107,93397,0,0
28.127.603/0001-78,2025-12-31,2,254107,93397,0,0
28.127.603/0001-78,2026-03-31,1,254107,93397,0,0
28.127.603/0001-78,2026-06-30,1,254106600,93397546,0,0
28.152.650/0001-71,2020-03-31,1,5876,0,0,0
28.152.650/0001-71,2020-06-30,1,5876,0,0,0
28.152.650/0001-71,2020-09-30,1,5876,0,0,0
28.152.650/0001-71,2020-12-31,1,5876,0,0,0
28.152.650/0001-71,2021-03-31,1,5876,0,0,0
28.152.650/0001-71,2021-06-30,1,5876,0,0,0
28.152.650/0001-71,2021-09-30,1,5876,0,0,0
28.152.650/0001-71,2021-12-31,1,5876,0,0,0
28.152.650/0001-71,2022-03-31,1,5876,0,0,0
28.152.650/0001-71,2022-06-30,1,5876,0,0,0
28.152.650/0001-71,2022-09-30,1,5876,0,0,0
28.152.650/0001-71,2022-12-31,1,5876,0,0,0
28.152.650/0001-71,2023-03-31,1,5876,0,0,0
28.152.650/0001-71,2023-06-30,1,5876,0,0,0
28.152.650/0001-71,2023-09-30,1,5876,0,0,0
28.152.650/0001-71,2023-12-31,1,5876,0,0,0
28.152.650/0001-71,2024-03-31,1,5876,0,0,0
28.152.650/0001-71,2024-06-30,1,5876,0,0,0
28.152.650/0001-71,2024-09-30,1,5876,0,0,0
28.152.650/0001-71,2024-12-31,1,5876,0,0,0
28.152.650/0001-71,2025-03-31,1,5876012,0,0,0
28.152.650/0001-71,2025-06-30,1,5876,0,0,0
28.152.650/0001-71,2025-09-30,1,5876,0,0,0
28.152.650/0001-71,2025-12-31,1,5876012,0,0,0
28.152.650/0001-71,2026-03-31,1,5876012,0,0,0
28.152.650/0001-71,2026-06-30,1,5876012,0,0,0
28.195.667/0001-06,2020-03-31,1,109496432,108862625,0,4864055
28.195.667/0001-06,2020-06-30,1,109496432,108862625,0,4919798
28.195.667/0001-06,2020-09-30,1,109496432,108862625,0,3535332
28.195.667/0001-06,2020-12-31,2,110795134,110095733,0,3535332
28.195.667/0001-06,2021-03-31,1,113445475,112644643,0,4261884
28.195.667/0001-06,2021-06-30,2,113445475,112644643,0,5931884
28.195.667/0001-06,2021-09-30,1,113445475,112644643,0,5986277
28.195.667/0001-06,2021-12-31,2,113445475,112644643,0,5997557
28.195.667/0001-06,2022-03-31,2,113445475,112644643,0,5645637
28.195.667/0001-06,2022-06-30,2,113445475,112644643,0,5640977
28.195.667/0001-06,2022-09-30,2,113445475,112644643,0,5254302
28.195.667/0001-06,2022-12-31,2,113445475,112644643,0,5237311
28.195.667/0001-06,2023-03-31,2,113445475,112644643,0,4634993
28.195.667/0001-06,2023-06-30,2,113445475,112644643,0,4990497
28.195.667/0001-06,2023-09-30,2,113445475,112644643,0,4509546
28.195.667/0001-06,2023-12-31,3,119010510,117925586,0,4385728
28.195.667/0001-06,2024-03-31,1,122961704,121695153,0,3387048
28.195.667/0001-06,2024-06-30,1,122961704,121695153,0,4561796
28.195.667/0001-06,2024-09-30,1,122961704,121695153,0,4561796
28.195.667/0001-06,2024-12-31,2,122961704,121695153,0,4360960
28.195.667/0001-06,2025-03-31,2,122961704,121695153,0,4208852
28.195.667/0001-06,2025-06-30,1,122961704,121695153,0,4208852
28.195.667/0001-06,2025-09-30,1,122961704,121695153,0,3688406
28.195.667/0001-06,2025-12-31,1,122961704,121695153,0,3493826
28.195.667/0001-06,2026-03-31,1,122961704,121695153,0,2641533
28.195.667/0001-06,2026-06-30,2,131090713,129510368,0,2641393
28.201.130/0001-01,2020-03-31,1,32656674,0,0,0
28.201.130/0001-01,2020-06-30,1,32706674,0,0,0
28.201.130/0001-01,2020-09-30,1,32706674,0,0,0
28.201.130/0001-01,2020-12-31,1,32706674,0,0,0
28.201.130/0001-01,2021-03-31,1,32706674,0,0,0
28.201.130/0001-01,2021-06-30,1,36181674,0,0,0
28.201.130/0001-01,2021-09-30,1,36181674,0,0,0
28.201.130/0001-01,2021-12-31,1,36181674,0,0,0
28.201.130/0001-01,2022-03-31,1,63304246,0,0,0
28.201.130/0001-01,2022-06-30,1,63304246,0,0,0
28.201.130/0001-01,2022-09-30,1,63304246,0,0,0
28.201.130/0001-01,2022-12-31,2,63304246,0,0,0
28.201.130/0001-01,2023-03-31,1,1053978900,0,0,0
28.201.130/0001-01,2023-06-30,1,1053978900,0,0,0
28.201.130/0001-01,2023-09-30,1,1053978900,0,0,0
28.201.130/0001-01,2023-12-31,1,1053978900,0,0,0
28.201.130/0001-01,2024-03-31,2,1053978900,0,0,0
28.201.130/0001-01,2024-06-30,3,1792196544,0,0,0
28.201.130/0001-01,2024-09-30,1,1792196544,0,0,0
28.201.130/0001-01,2024-12-31,1,1792196544,0,0,0
28.201.130/0001-01,2025-03-31,1,1792196544,0,0,0
28.201.130/0001-01,2025-06-30,1,2806651544,0,0,0
28.201.130/0001-01,2025-09-30,1,2806641544,0,0,0
28.201.130/0001-01,2025-12-31,1,2806641544,0,0,0
28.201.130/0001-01,2026-03-31,1,2806641544,0,0,0
28.201.130/0001-01,2026-06-30,1,3453571545,0,0,0
28.367.479/0001-18,2024-12-31,1,210912183,0,0,0
28.367.479/0001-18,2025-03-31,1,210912183,0,0,0
28.367.479/0001-18,2025-06-30,1,250729117,0,0,0
28.367.479/0001-18,2025-09-30,1,250729117,0,0,0
28.367.479/0001-18,2025-12-31,1,266029117,0,0,0
28.367.479/0001-18,2026-03-31,1,266029117,0,0,0
28.367.479/0001-18,2026-06-30,1,286674503,0,0,0
28.442.718/0001-57,2020-03-31,1,1,0,0,0
28.442.718/0001-57,2020-06-30,1,1,0,0,0
28.442.718/0001-57,2020-09-30,1,1,0,0,0
28.442.718/0001-57,2020-12-31,1,1,0,0,0
28.442.718/0001-57,2021-03-31,1,1,0,0,0
28.442.718/0001-57,2021-06-30,1,1,0,0,0
28.442.718/0001-57,2021-09-30,1,1000,0,0,0
28.442.718/0001-57,2021-12-31,1,1,0,0,0
28.442.718/0001-57,2022-03-31,1,65,0,0,0
28.594.234/0001-23,2021-03-31,1,1985094892,0,0,0
28.594.234/0001-23,2021-06-30,1,1985094888,0,0,0
28.594.234/0001-23,2021-09-30,1,1985094888,0,0,0
28.594.234/0001-23,2021-12-31,1,1985095,0,0,0
28.594.234/0001-23,2022-03-31,2,1000000000,0,0,0
28.594.234/0001-23,2022-06-30,1,1000000,0,0,0
28.594.234/0001-23,2022-09-30,1,1000000000,0,0,0
28.594.234/0001-23,2022-12-31,1,1000000,0,0,0
28.594.234/0001-23,2023-03-31,2,1000000000,0,0,0
28.594.234/0001-23,2023-06-30,1,1000000000,0,0,0
28.594.234/0001-23,2023-09-30,1,1000000000,0,0,0
28.594.234/0001-23,2023-12-31,2,1000000,0,0,0
28.594.234/0001-23,2024-03-31,1,1000000,0,0,0
28.594.234/0001-23,2024-06-30,1,1000000,0,0,0
28.594.234/0001-23,2024-09-30,1,1000000,0,0,0
28.594.234/0001-23,2024-12-31,1,1050378,0,5400,0
28.594.234/0001-23,2025-03-31,1,1050378,0,5400,0
28.594.234/0001-23,2025-06-30,1,1050378,0,5400,0
28.594.234/0001-23,2025-09-30,1,1050378,0,5400,0
28.594.234/0001-23,2025-12-31,1,1050378,0,5850,0
28.594.234/0001-23,2026-03-31,1,1050378,0,5850,0
28.594.234/0001-23,2026-06-30,1,1050378,0,5743,0
28.925.264/0001-75,2020-03-31,1,854408805,0,0,0
28.925.264/0001-75,2020-06-30,1,854408805,0,0,0
28.925.264/0001-75,2020-09-30,1,854408805,0,0,0
28.925.264/0001-75,2020-12-31,1,854408805,0,0,0
28.925.264/0001-75,2021-03-31,1,854408805,0,0,0
28.925.264/0001-75,2021-06-30,1,854408805,0,0,0
28.925.264/0001-75,2021-09-30,1,854408805,0,0,0
28.925.264/0001-75,2021-12-31,1,854408805,0,0,0
28.925.264/0001-75,2022-03-31,2,854408805,0,0,0
28.925.264/0001-75,2022-06-30,1,854408805,0,0,0
28.925.264/0001-75,2022-09-30,1,854408805,0,0,0
28.925.264/0001-75,2022-12-31,1,854408805,0,0,0
28.925.264/0001-75,2023-03-31,1,854408805,0,0,0
28.925.264/0001-75,2023-06-30,1,854408805,0,0,0
28.925.264/0001-75,2023-09-30,1,854408805,0,0,0
28.925.264/0001-75,2023-12-31,1,875448805,0,0,0
28.925.264/0001-75,2024-03-31,1,854408805,0,0,0
28.925.264/0001-75,2024-06-30,1,875448805,0,0,0
28.925.264/0001-75,2024-09-30,1,875448805,0,0,0
28.925.264/0001-75,2024-12-31,2,875448805,0,0,0
28.925.264/0001-75,2025-03-31,2,875448805,0,0,0
28.925.264/0001-75,2025-06-30,1,875448805,0,0,0
28.925.264/0001-75,2025-09-30,1,875448805,0,0,0
28.925.264/0001-75,2025-12-31,1,875448805,0,0,0
28.925.264/0001-75,2026-03-31,1,875448805,0,0,0
28.925.264/0001-75,2026-06-30,1,875448805,0,0,0
28.942.127/0001-49,2020-03-31,1,582663140,0,0,0
28.942.127/0001-49,2020-06-30,1,582663140,0,0,0
28.942.127/0001-49,2020-09-30,1,582663140,0,0,0
28.942.127/0001-49,2020-12-31,1,582663140,0,0,0
28.942.127/0001-49,2021-03-31,1,582663140,0,0,0
28.942.127/0001-49,2021-06-30,1,582663140,0,0,0
28.942.127/0001-49,2021-09-30,1,582663140,0,0,0
28.942.127/0001-49,2021-12-31,1,582663140,0,0,0
28.942.127/0001-49,2022-03-31,1,582663140,0,0,0
28.942.127/0001-49,2022-06-30,1,582663140,0,0,0
28.942.127/0001-49,2022-09-30,1,582663140,0,0,0
28.942.127/0001-49,2022-12-31,1,815927740,0,0,0
28.942.127/0001-49,2023-03-31,1,582663140,0,0,0
28.942.127/0001-49,2023-06-30,1,582663140,0,0,0
28.942.127/0001-49,2023-09-30,1,582663140,0,0,0
28.942.127/0001-49,2023-12-31,1,590713140,0,0,0
28.942.127/0001-49,2024-03-31,1,582663140,0,0,0
28.942.127/0001-49,2024-06-30,1,590713140,0,0,0
28.942.127/0001-49,2024-09-30,1,590713140,0,0,0
28.942.127/0001-49,2024-12-31,1,590713140,0,0,0
28.942.127/0001-49,2025-03-31,2,590713140,0,0,0
28.942.127/0001-49,2025-06-30,1,590713140,0,0,0
28.942.127/0001-49,2025-09-30,1,590713140,0,0,0
28.942.127/0001-49,2025-12-31,1,590713140,0,0,0
28.942.127/0001-49,2026-03-31,1,590713140,0,0,0
28.942.127/0001-49,2026-06-30,1,590713140,0,0,0
29.088.092/0001-95,2020-03-31,1,100000,0,0,0
29.088.092/0001-95,2020-06-30,1,100000,0,0,0
29.088.092/0001-95,2020-09-30,1,100000,0,0,0
29.088.092/0001-95,2020-12-31,1,100000,0,0,0
29.088.092/0001-95,2021-03-31,1,100000,0,0,0
29.088.092/0001-95,2021-06-30,1,100000,0,0,0
29.088.092/0001-95,2021-09-30,1,100000,0,0,0
29.088.092/0001-95,2021-12-31,1,100000,0,0,0
29.088.092/0001-95,2022-03-31,1,100000,0,0,0
29.780.061/0001-09,2020-03-31,1,57737,0,1187,0
29.780.061/0001-09,2020-06-30,1,57737,0,1187,0
29.780.061/0001-09,2020-09-30,1,57737,0,1187,0
29.780.061/0001-09,2020-12-31,1,57737,0,1187,0
29.780.061/0001-09,2021-03-31,1,57737,0,1108,0
29.780.061/0001-09,2021-06-30,1,57737,0,1161,0
29.780.061/0001-09,2021-09-30,1,57737,0,1170,0
29.780.061/0001-09,2021-12-31,1,57737,0,1257,0
29.780.061/0001-09,2022-03-31,1,57737,0,804,0
29.780.061/0001-09,2022-06-30,1,57737,0,804,0
29.780.061/0001-09,2022-09-30,1,57737,0,804,0
29.780.061/0001-09,2022-12-31,3,57737,0,876,0
29.780.061/0001-09,2023-03-31,1,57737,0,876,0
29.780.061/0001-09,2023-06-30,1,57737,0,629,0
29.780.061/0001-09,2023-09-30,1,57737,0,629,0
29.780.061/0001-09,2023-12-31,1,57737,0,629,0
29.780.061/0001-09,2024-03-31,1,57737,0,341,0
29.780.061/0001-09,2024-06-30,1,57737,0,343,0
29.780.061/0001-09,2024-09-30,2,57737,0,397,0
29.780.061/0001-09,2024-12-31,2,57737,0,430,0
29.780.061/0001-09,2025-03-31,1,57737,0,484,0
29.780.061/0001-09,2025-06-30,1,57737,0,516,0
29.780.061/0001-09,2025-09-30,1,57737,0,535,0
29.780.061/0001-09,2025-12-31,1,57737,0,535,0
29.780.061/0001-09,2026-03-31,1,57737,0,333,0
29.780.061/0001-09,2026-06-30,1,57737,0,333,0
29.845.329/0001-35,2020-03-31,1,1000,0,0,0
29.845.329/0001-35,2020-06-30,1,1000,0,0,0
29.884.545/0001-90,2022-12-31,1,441281,0,0,0
29.884.545/0001-90,2023-03-31,1,441281,0,0,0
29.884.545/0001-90,2023-06-30,1,441281,0,0,0
29.884.545/0001-90,2023-09-30,1,799995,0,0,0
29.884.545/0001-90,2023-12-31,1,799995,0,0,0
29.884.545/0001-90,2024-03-31,1,799995,0,0,0
29.884.545/0001-90,2024-06-30,1,799995,0,0,0
29.884.545/0001-90,2024-09-30,1,799995,0,0,0
29.884.545/0001-90,2024-12-31,1,823706,0,0,0
29.884.545/0001-90,2025-03-31,1,823706,0,0,0
29.884.545/0001-90,2025-06-30,1,823706,0,0,0
29.884.545/0001-90,2025-09-30,1,823706,0,0,0
29.884.545/0001-90,2025-12-31,1,903706,0,0,0
29.884.545/0001-90,2026-03-31,1,903706,0,0,0
29.884.545/0001-90,2026-06-30,1,903706,0,0,0
29.894.663/0001-89,2020-03-31,1,10000,0,0,0
29.894.663/0001-89,2020-06-30,2,10000,0,0,0
29.894.663/0001-89,2020-09-30,1,10000,0,0,0
29.894.663/0001-89,2020-12-31,1,10000,0,0,0
29.894.663/0001-89,2021-03-31,1,17100,0,0,0
29.894.663/0001-89,2021-06-30,1,17100,0,0,0
29.894.663/0001-89,2021-09-30,1,17100,0,0,0
29.894.663/0001-89,2021-12-31,1,17100,0,0,0
29.894.663/0001-89,2022-03-31,1,17100,0,0,0
29.950.060/0001-57,2020-03-31,1,11877,0,0,0
29.950.060/0001-57,2020-06-30,1,11877,0,0,0
29.950.060/0001-57,2020-09-30,1,11877,0,0,0
29.950.060/0001-57,2020-12-31,1,11877,0,0,0
29.950.060/0001-57,2021-03-31,1,11877,0,0,0
29.950.060/0001-57,2021-06-30,1,11759,118,0,0
29.950.060/0001-57,2021-09-30,1,11758622,118773,0,0
29.950.060/0001-57,2021-12-31,1,11758,119,0,0
29.950.060/0001-57,2022-03-31,1,11759,119,0,0
29.950.060/0001-57,2022-06-30,1,11759,119,0,0
29.950.060/0001-57,2022-09-30,1,11759,119,0,0
29.950.060/0001-57,2022-12-31,1,11759,119,0,0
29.950.060/0001-57,2023-03-31,1,11759,119,0,0
29.950.060/0001-57,2023-06-30,1,11759,119,0,0
29.950.060/0001-57,2023-09-30,1,11759,119,0,0
29.950.060/0001-57,2023-12-31,1,11759,119,0,0
29.950.060/0001-57,2024-03-31,1,11759,119,0,0
29.950.060/0001-57,2024-06-30,1,11759,119,0,0
29.950.060/0001-57,2024-09-30,1,11759,119,0,0
29.950.060/0001-57,2024-12-31,1,11877,0,0,0
29.950.060/0001-57,2025-03-31,1,11877,0,0,0
29.978.814/0001-87,2020-03-31,1,592688393,589773510,7090978,14181961
29.978.814/0001-87,2020-06-30,1,592688393,589773510,6217796,12435597
29.978.814/0001-87,2020-09-30,1,592688393,589773510,16273183,32546371
29.978.814/0001-87,2020-12-31,1,603835151,600865447,20856046,41712099
29.978.814/0001-87,2021-03-31,1,640341527,637192283,24290280,48580569
29.978.814/0001-87,2021-06-30,1,640341527,637192283,24884523,49769055
29.978.814/0001-87,2021-09-30,1,640341527,637192283,25280433,50560875
29.978.814/0001-87,2021-12-31,1,640341527,637192283,25368145,50736299
29.978.814/0001-87,2022-03-31,1,640341527,637192283,25476755,50953519
29.978.814/0001-87,2022-06-30,1,640341527,637192283,24824849,49649707
29.978.814/0001-87,2022-09-30,1,640341527,637192283,24743580,49487169
29.980.141/0001-08,2021-12-31,1,30000000,0,0,0
29.980.141/0001-08,2022-03-31,1,30000000,0,0,0
29.980.141/0001-08,2022-06-30,1,30000000,0,0,0
29.980.141/0001-08,2022-09-30,1,30000000,0,0,0
29.980.141/0001-08,2022-12-31,1,30000000,0,0,0
29.980.141/0001-08,2023-03-31,1,30000000,0,0,0
29.980.141/0001-08,2023-06-30,1,30000000,0,0,0
29.980.141/0001-08,2023-09-30,1,30000000,0,0,0
29.980.141/0001-08,2023-12-31,1,30000000,0,0,0
29.980.141/0001-08,2024-03-31,1,30000000,0,0,0
29.980.141/0001-08,2024-06-30,1,30000000,0,0,0
29.980.141/0001-08,2024-09-30,1,30000000,0,0,0
29.980.141/0001-08,2024-12-31,2,30000000,0,0,0
29.980.141/0001-08,2025-03-31,1,30000000,0,0,0
29.980.141/0001-08,2025-06-30,2,30000000,0,0,0
29.980.141/0001-08,2025-09-30,1,30000000,0,0,0
29.980.141/0001-08,2025-12-31,1,30000000,0,0,0
29.980.141/0001-08,2026-03-31,1,30000000,0,0,0
29.980.141/0001-08,2026-06-30,1,30000000,0,0,0
30.213.493/0001-09,2020-12-31,1,215068850,0,0,0
30.213.493/0001-09,2021-03-31,1,215068850,0,0,0
30.213.493/0001-09,2021-06-30,1,215068850,0,0,0
30.213.493/0001-09,2021-09-30,1,570071893,0,0,0
30.213.493/0001-09,2021-12-31,2,570071893,0,0,0
30.213.493/0001-09,2022-03-31,1,570071893,0,0,0
30.213.493/0001-09,2022-06-30,2,310008272,0,0,0
30.213.493/0001-09,2022-09-30,1,310008272,0,0,0
30.213.493/0001-09,2022-12-31,1,310008272,0,0,0
30.213.493/0001-09,2023-03-31,1,334150965,0,0,0
30.213.493/0001-09,2023-06-30,1,334150965,0,0,0
30.213.493/0001-09,2023-09-30,1,334150965,0,0,0
30.213.493/0001-09,2023-12-31,1,334150965,0,0,0
30.213.493/0001-09,2024-03-31,1,334150965,0,0,0
30.213.493/0001-09,2024-06-30,1,334150965,0,0,0
30.213.493/0001-09,2024-09-30,1,334150965,0,0,0
30.213.493/0001-09,2024-12-31,1,334150965,0,0,0
30.213.493/0001-09,2025-03-31,1,334150965,0,0,0
30.213.493/0001-09,2025-06-30,1,334150965,0,0,0
30.213.493/0001-09,2025-09-30,1,334150965,0,0,0
30.213.493/0001-09,2025-12-31,1,334150965,0,0,0
30.213.493/0001-09,2026-03-31,1,334150965,0,0,0
30.213.493/0001-09,2026-06-30,1,334150965,0,0,0
30.219.233/0001-40,2020-03-31,1,1001,0,0,0
30.219.233/0001-40,2020-06-30,1,1001,0,0,0
30.219.233/0001-40,2020-09-30,1,1001,0,0,0
30.219.233/0001-40,2020-12-31,1,10000,0,0,0
30.219.233/0001-40,2021-03-31,1,10000,0,0,0
30.219.233/0001-40,2021-06-30,1,10000,0,0,0
30.219.233/0001-40,2021-09-30,1,10000,0,0,0
30.219.233/0001-40,2021-12-31,1,10000,0,0,0
30.219.233/0001-40,2022-03-31,1,10,0,0,0
30.219.233/0001-40,2022-06-30,1,10,0,0,0
30.306.294/0001-45,2020-03-31,2,1731276922,905959650,9948900,19897800
30.306.294/0001-45,2020-06-30,2,1756433722,956273250,0,0
30.306.294/0001-45,2020-09-30,1,1756433722,956273250,0,0
30.306.294/0001-45,2020-12-31,3,1756433722,956273250,0,0
30.306.294/0001-45,2021-03-31,1,1784211500,1011828806,0,0
30.306.294/0001-45,2021-06-30,2,7234454500,4242531224,0,0
30.306.294/0001-45,2021-09-30,1,7234454000,4242531224,1756433722,956273250
30.306.294/0001-45,2021-12-31,3,7244165568,4261954360,0,0
30.306.294/0001-45,2022-03-31,6,7244165568,4261954360,847900,1695800
30.306.294/0001-45,2022-06-30,5,7244165568,4261954360,0,0
30.306.294/0001-45,2022-09-30,5,7244165568,4261954360,4547800,9095600
30.306.294/0001-45,2022-12-31,4,7244165568,4261954360,10000000,0
30.306.294/0001-45,2023-03-31,2,7244165568,4261954360,24119600,48239200
30.306.294/0001-45,2023-06-30,2,7244165568,4261954360,24119600,48239200
30.306.294/0001-45,2023-09-30,3,7244165568,4261954360,24119600,48239200
30.306.294/0001-45,2023-12-31,3,7244165568,4261954360,0,0
30.306.294/0001-45,2024-03-31,3,7244165568,4261954360,0,0
30.306.294/0001-45,2024-06-30,2,7244165568,4261954360,24119600,48239200
30.306.294/0001-45,2024-09-30,2,7244165568,4261954360,24119600,48239200
30.306.294/0001-45,2024-12-31,3,7244165569,4261954360,27469600,54939200
30.306.294/0001-45,2025-03-31,6,7244165569,4261954360,27469600,54939200
30.306.294/0001-45,2025-06-30,3,7244165569,4261954360,27469600,54939200
30.306.294/0001-45,2025-09-30,2,7244165569,4261954360,27469600,54939200
30.306.294/0001-45,2025-12-31,2,7298813414,4371250052,27469600,54939200
30.306.294/0001-45,2026-03-31,2,7298813414,4371250052,27469600,54939200
30.306.294/0001-45,2026-06-30,3,7298813414,4371250052,27469600,54939200
30.418.658/0001-89,2020-03-31,1,1001,0,0,0
30.418.658/0001-89,2020-06-30,1,1001,0,0,0
30.418.658/0001-89,2020-09-30,1,1001,0,0,0
30.418.658/0001-89,2020-12-31,1,10000,0,0,0
30.418.658/0001-89,2021-03-31,1,10000,0,0,0
30.418.658/0001-89,2021-06-30,1,10,0,0,0
30.418.658/0001-89,2021-09-30,1,10000,0,0,0
30.418.658/0001-89,2021-12-31,1,10000,0,0,0
30.418.658/0001-89,2022-03-31,1,10000,0,0,0
30.418.658/0001-89,2022-06-30,1,10,0,0,0
30.540.991/0001-66,2020-03-31,1,3966667,7933333,0,0
30.540.991/0001-66,2020-06-30,2,3966667,7933333,0,0
30.540.991/0001-66,2020-09-30,1,3966667,7933333,0,0
30.540.991/0001-66,2020-12-31,1,3966667,7933333,0,0
30.540.991/0001-66,2021-03-31,1,3966667,7933333,0,0
30.540.991/0001-66,2021-06-30,1,3966667,7933333,0,0
30.540.991/0001-66,2021-09-30,1,3966667,7933333,0,0
30.540.991/0001-66,2021-12-31,1,3966667,7933333,0,0
30.540.991/0001-66,2022-03-31,2,3966667,7933333,0,0
30.540.991/0001-66,2022-06-30,1,3966667,7933333,0,0
30.540.991/0001-66,2022-09-30,1,3966667,7933333,0,0
30.540.991/0001-66,2022-12-31,1,3966667,7933333,0,0
30.540.991/0001-66,2023-03-31,1,3966667,7933333,0,0
30.540.991/0001-66,2023-06-30,1,3966667,7933333,0,0
30.540.991/0001-66,2023-09-30,1,3966667,7933333,0,0
30.540.991/0001-66,2023-12-31,1,3966667,7933333,0,0
30.540.991/0001-66,2024-03-31,1,3966667,7933333,0,0
30.540.991/0001-66,2024-06-30,1,3966667,7933333,0,0
30.540.991/0001-66,2024-09-30,1,3966667,7933333,0,0
30.540.991/0001-66,2024-12-31,1,3966667,7933333,0,0
30.540.991/0001-66,2025-03-31,1,3966667,7933333,0,0
30.540.991/0001-66,2025-06-30,1,3966667,7933333,0,0
30.540.991/0001-66,2025-09-30,1,3966667,7933333,0,0
30.540.991/0001-66,2025-12-31,1,3966667,7933333,0,0
30.540.991/0001-66,2026-03-31,1,3966667,7933333,0,0
30.540.991/0001-66,2026-06-30,1,3966667,7933333,0,0
30.545.324/0001-76,2020-03-31,1,10000,0,0,0
30.545.324/0001-76,2020-06-30,1,10000,0,0,0
30.545.324/0001-76,2020-09-30,1,10000,0,0,0
30.545.324/0001-76,2020-12-31,1,10000,0,0,0
30.545.324/0001-76,2021-03-31,1,10000,0,0,0
30.545.324/0001-76,2021-06-30,1,10000,0,0,0
30.545.324/0001-76,2021-09-30,1,10000,0,0,0
30.545.324/0001-76,2021-12-31,1,10000,0,0,0
30.545.324/0001-76,2022-03-31,1,10,0,0,0
30.545.324/0001-76,2022-06-30,1,10,0,0,0
30.702.767/0001-23,2020-03-31,1,1000,0,0,0
30.723.886/0001-62,2020-12-31,1,32600,32600,0,1072
30.723.886/0001-62,2021-03-31,1,412566001,174233999,0,0
30.723.886/0001-62,2021-06-30,1,412566001,291633999,0,0
30.723.886/0001-62,2021-09-30,1,412566001,291633999,5436400,10872800
30.723.886/0001-62,2021-12-31,2,412566001,291633999,9143400,18286800
30.723.886/0001-62,2022-03-31,1,412566001,291633999,6223615,12447230
30.723.886/0001-62,2022-06-30,1,412566001,291633999,6223615,12447230
30.723.886/0001-62,2022-09-30,1,704200000,0,18670845,0
30.723.886/0001-62,2022-12-31,1,704200000,0,18670845,0
30.723.886/0001-62,2023-03-31,1,704200000,0,18670845,0
30.788.149/0001-48,2020-03-31,1,100000,0,0,0
30.788.149/0001-48,2020-06-30,1,100000,0,0,0
30.788.149/0001-48,2020-09-30,1,100000,0,0,0
30.788.149/0001-48,2020-12-31,1,100000,0,0,0
30.788.149/0001-48,2021-03-31,1,100000,0,0,0
30.788.149/0001-48,2021-06-30,1,100000,0,0,0
30.788.149/0001-48,2021-09-30,1,100000,0,0,0
30.788.149/0001-48,2021-12-31,1,100000,0,0,0
30.788.149/0001-48,2022-03-31,1,100000,0,0,0
30.788.149/0001-48,2022-06-30,1,100000,0,0,0
30.788.149/0001-48,2022-09-30,1,100000,0,0,0
30.788.149/0001-48,2022-12-31,1,100000,0,0,0
30.788.149/0001-48,2022-12-31,2,100000,0,0,0
30.788.149/0001-48,2023-03-31,1,100000,0,0,0
30.788.149/0001-48,2023-06-30,1,100000,0,0,0
30.788.149/0001-48,2023-09-30,1,100000,0,0,0
30.788.149/0001-48,2023-12-31,1,100000,0,0,0
31.001.230/0001-07,2020-03-31,1,85600000,0,0,0
31.001.230/0001-07,2020-06-30,1,85600000,0,0,0
31.001.230/0001-07,2020-09-30,1,85600,0,0,0
31.001.230/0001-07,2020-12-31,1,85600,0,0,0
31.001.230/0001-07,2021-03-31,1,85600,0,0,0
31.001.230/0001-07,2021-06-30,1,85600,0,0,0
31.001.230/0001-07,2021-09-30,1,85600,0,0,0
31.001.230/0001-07,2021-12-31,1,85600,0,0,0
31.001.230/0001-07,2022-03-31,1,85600,0,0,0
31.001.230/0001-07,2022-06-30,1,85000,0,0,0
31.001.230/0001-07,2022-09-30,1,85600,0,0,0
31.001.230/0001-07,2022-12-31,1,85600,0,0,0
31.001.230/0001-07,2023-03-31,1,301066722,0,0,0
31.001.230/0001-07,2023-06-30,1,301066722,0,0,0
31.001.230/0001-07,2023-09-30,1,85600,0,0,0
31.001.230/0001-07,2023-12-31,1,85600,0,0,0
31.001.230/0001-07,2024-03-31,2,85600000,0,0,0
31.001.230/0001-07,2024-06-30,1,85600000,0,0,0
31.001.230/0001-07,2024-09-30,1,85600000,0,0,0
31.001.230/0001-07,2024-12-31,1,85600,0,0,0
31.001.230/0001-07,2025-03-31,1,85600000,0,0,0
31.001.230/0001-07,2025-06-30,1,85600000,0,0,0
31.001.230/0001-07,2025-09-30,1,85600000,0,0,0
31.001.230/0001-07,2025-12-31,1,85600,0,0,0
31.001.230/0001-07,2026-03-31,1,85600000,0,0,0
31.001.230/0001-07,2026-06-30,1,85600000,0,0,0
31.468.139/0001-98,2020-03-31,1,20,0,0,0
31.468.139/0001-98,2020-06-30,1,20,0,0,0
31.468.139/0001-98,2020-09-30,1,20,0,0,0
31.468.139/0001-98,2020-12-31,1,20,0,0,0
31.468.139/0001-98,2021-03-31,1,20,0,0,0
31.468.139/0001-98,2021-06-30,1,20,0,0,0
31.468.139/0001-98,2021-09-30,1,20,0,0,0
31.468.139/0001-98,2021-12-31,1,20,0,0,0
31.468.139/0001-98,2022-03-31,1,20,0,0,0
31.468.139/0001-98,2022-06-30,1,20,0,0,0
31.468.139/0001-98,2022-09-30,1,20,0,0,0
31.468.139/0001-98,2022-12-31,1,20,0,0,0
31.468.139/0001-98,2023-03-31,1,20,0,0,0
31.468.139/0001-98,2023-06-30,1,20,0,0,0
31.468.139/0001-98,2023-09-30,1,20,0,0,0
31.468.139/0001-98,2023-12-31,1,20,0,0,0
31.468.139/0001-98,2024-03-31,1,20,0,0,0
31.468.139/0001-98,2024-06-30,1,20,0,0,0
31.468.139/0001-98,2024-09-30,1,20,0,0,0
31.468.139/0001-98,2024-12-31,1,20,0,0,0
31.468.139/0001-98,2025-03-31,1,20,0,0,0
31.468.139/0001-98,2025-06-30,1,20,0,0,0
31.468.139/0001-98,2025-09-30,2,20,0,0,0
31.468.139/0001-98,2025-12-31,1,20,0,0,0
31.468.139/0001-98,2026-03-31,1,20,0,0,0
31.468.139/0001-98,2026-06-30,1,20,0,0,0
31.553.627/0001-01,2020-03-31,1,347195,0,0,0
31.553.627/0001-01,2020-06-30,1,347195,0,0,0
31.553.627/0001-01,2020-09-30,1,347195,0,0,0
31.553.627/0001-01,2020-12-31,2,342634,0,0,0
31.553.627/0001-01,2021-03-31,3,106490,0,0,0
31.553.627/0001-01,2021-06-30,4,106490,0,0,0
31.553.627/0001-01,2021-09-30,2,106490,0,0,0
31.553.627/0001-01,2021-12-31,1,106490,0,0,0
31.553.627/0001-01,2022-03-31,1,106490,0,0,0
31.553.627/0001-01,2022-06-30,1,106490,0,0,0
31.553.627/0001-01,2022-09-30,1,106490,0,0,0
31.553.627/0001-01,2022-12-31,1,106490,0,0,0
31.553.627/0001-01,2023-03-31,1,106490,0,0,0
31.553.627/0001-01,2023-06-30,1,106490,0,0,0
31.553.627/0001-01,2023-09-30,1,106490,0,0,0
31.553.627/0001-01,2023-12-31,1,106490,0,0,0
31.553.627/0001-01,2024-03-31,2,106489,0,0,0
31.553.627/0001-01,2024-06-30,2,106489,0,0,0
31.553.627/0001-01,2024-09-30,1,106489,0,0,0
31.553.627/0001-01,2024-12-31,2,122763,0,0,0
31.553.627/0001-01,2025-03-31,3,122763403,0,0,0
31.553.627/0001-01,2025-06-30,2,122763,0,0,0
31.553.627/0001-01,2025-09-30,4,122763403,0,0,0
31.553.627/0001-01,2025-12-31,2,216786,0,0,0
31.553.627/0001-01,2026-03-31,2,216786,0,0,0
31.553.627/0001-01,2026-06-30,2,54197,0,0,0
31.594.055/0001-09,2020-03-31,1,100,0,0,0
31.594.055/0001-09,2020-06-30,1,100,0,0,0
31.701.408/0001-14,2020-12-31,1,1632969618,0,0,0
31.701.408/0001-14,2021-03-31,1,1643653868,0,0,0
31.701.408/0001-14,2021-06-30,1,419519705,0,0,0
31.701.408/0001-14,2021-09-30,2,419519705,0,0,0
31.701.408/0001-14,2021-12-31,1,420384757,0,0,0
31.701.408/0001-14,2022-03-31,1,420758081,0,0,0
31.701.408/0001-14,2022-03-31,2,420758081,0,0,0
31.701.408/0001-14,2022-06-30,1,420758081,0,0,0
31.701.408/0001-14,2022-09-30,1,420758081,0,0,0
31.748.174/0001-60,2020-12-31,1,850526691,0,0,0
31.748.174/0001-60,2021-03-31,1,850526691,0,0,0
31.748.174/0001-60,2021-06-30,1,850526691,0,0,0
31.748.174/0001-60,2021-09-30,1,85052673,0,0,0
31.748.174/0001-60,2021-12-31,1,85052673,0,0,0
31.748.174/0001-60,2022-03-31,1,85052673,0,0,0
31.748.174/0001-60,2022-06-30,1,85052673,0,0,0
31.748.174/0001-60,2022-09-30,1,85052673,0,0,0
31.748.174/0001-60,2022-12-31,1,85052673,0,0,0
31.748.174/0001-60,2023-03-31,1,85052673,0,0,0
31.748.174/0001-60,2023-06-30,1,85052673,0,0,0
31.748.174/0001-60,2023-09-30,1,85052673,0,0,0
31.748.174/0001-60,2023-12-31,1,143696308,0,0,0
31.748.174/0001-60,2024-03-31,1,143696308,0,0,0
31.748.174/0001-60,2024-06-30,1,151371429,0,0,0
31.748.174/0001-60,2024-09-30,1,151371429,0,0,0
31.748.174/0001-60,2024-12-31,2,151371429,0,0,0
31.748.174/0001-60,2025-03-31,1,156934120,0,0,0
31.748.174/0001-60,2025-06-30,1,156934120,0,0,0
31.748.174/0001-60,2025-09-30,1,156934120,0,0,0
31.748.174/0001-60,2025-12-31,1,156934120,0,0,0
31.748.174/0001-60,2026-03-31,1,156934120,0,0,0
31.748.174/0001-60,2026-06-30,1,156934120,0,0,0
31.907.982/0001-23,2020-03-31,1,10000,0,0,0
31.907.982/0001-23,2020-06-30,1,10000,0,0,0
31.907.982/0001-23,2020-09-30,1,10000,0,0,0
31.907.982/0001-23,2020-12-31,1,53650,0,0,0
31.907.982/0001-23,2021-03-31,1,53650,0,0,0
31.907.982/0001-23,2021-06-30,1,53650,0,0,0
31.907.982/0001-23,2021-09-30,1,53650,0,0,0
31.907.982/0001-23,2021-12-31,1,53650,0,0,0
31.907.982/0001-23,2022-03-31,1,53650,0,0,0
32.021.201/0001-61,2022-12-31,1,1172961899,0,0,0
32.021.201/0001-61,2023-03-31,1,1172961899,0,0,0
32.021.201/0001-61,2023-06-30,1,1172961899,0,0,0
32.021.201/0001-61,2023-09-30,1,1172961899,0,0,0
32.021.201/0001-61,2023-12-31,1,1175900169,0,0,0
32.021.201/0001-61,2024-03-31,1,926357532,0,0,0
32.021.201/0001-61,2024-06-30,1,926357532,0,0,0
32.021.201/0001-61,2024-09-30,1,926357532,0,0,0
32.021.201/0001-61,2024-12-31,2,926357532,0,0,0
32.021.201/0001-61,2025-03-31,1,926357532,0,0,0
32.021.201/0001-61,2025-06-30,1,926357352,0,0,0
32.021.201/0001-61,2025-09-30,1,926357532,0,0,0
32.021.201/0001-61,2025-12-31,1,911643460,0,0,0
32.021.201/0001-61,2026-03-31,1,911643460,0,0,0
32.021.201/0001-61,2026-06-30,1,911643460,0,0,0
32.161.500/0001-00,2020-03-31,1,1188456196,0,0,0
32.161.500/0001-00,2020-06-30,1,1188456196,0,0,0
32.161.500/0001-00,2020-09-30,1,1188456196,0,0,0
32.161.500/0001-00,2020-12-31,1,1188456196,0,0,0
32.161.500/0001-00,2021-03-31,1,1188456196,0,0,0
32.161.500/0001-00,2021-06-30,1,1188456196,0,0,0
32.161.500/0001-00,2021-09-30,1,1188456196,0,0,0
32.161.500/0001-00,2021-12-31,1,1188456196,0,0,0
32.161.500/0001-00,2022-03-31,1,1188456196,0,0,0
32.161.500/0001-00,2022-06-30,1,1188456196,0,0,0
32.161.500/0001-00,2022-09-30,1,1188456196,0,0,0
32.161.500/0001-00,2022-12-31,1,1188456196,0,0,0
32.161.500/0001-00,2023-03-31,1,1188456196,0,0,0
32.161.500/0001-00,2023-06-30,1,1188456196,1188456196,0,0
32.161.500/0001-00,2023-09-30,1,1188456196,0,0,0
32.161.500/0001-00,2023-12-31,1,1188456196,0,0,0
32.161.500/0001-00,2024-03-31,1,1188456196,0,0,0
32.161.500/0001-00,2024-06-30,1,1188456196,0,0,0
32.161.500/0001-00,2024-09-30,1,1188456196,0,0,0
32.161.500/0001-00,2024-12-31,1,1188456196,0,0,0
32.161.500/0001-00,2025-03-31,1,1188456196,0,0,0
32.161.500/0001-00,2025-06-30,1,1288456196,0,0,0
32.161.500/0001-00,2025-09-30,1,1288456196,0,0,0
32.161.500/0001-00,2025-12-31,1,1408456196,0,0,0
32.161.500/0001-00,2026-03-31,1,1667456196,0,0,0
32.161.500/0001-00,2026-06-30,1,1667456196,0,0,0
32.372.085/0001-25,2020-03-31,1,10000,0,0,0
32.372.085/0001-25,2020-06-30,1,10000,0,0,0
32.372.085/0001-25,2020-09-30,1,10000,0,0,0
32.372.085/0001-25,2020-12-31,1,10000,0,0,0
32.372.085/0001-25,2021-03-31,1,10000,0,0,0
32.372.085/0001-25,2021-06-30,1,10000,0,0,0
32.372.085/0001-25,2021-09-30,1,10000,0,0,0
32.372.085/0001-25,2021-12-31,1,10000,0,0,0
32.372.085/0001-25,2022-03-31,1,210000,0,0,0
32.431.519/0001-10,2023-03-31,1,540000000,540000000,0,0
32.431.519/0001-10,2023-06-30,1,594000000,0,0,0
32.431.519/0001-10,2023-09-30,1,594000000,0,0,0
32.431.519/0001-10,2023-12-31,1,594000000,0,0,0
32.431.519/0001-10,2024-03-31,1,594000000,0,0,0
32.431.519/0001-10,2024-06-30,1,594000000,0,0,0
32.431.519/0001-10,2024-09-30,1,594000000,0,0,0
32.431.519/0001-10,2024-12-31,1,594000000,0,0,0
32.431.519/0001-10,2025-03-31,1,10495940000,0,0,0
32.431.519/0001-10,2025-06-30,1,10495940000,0,0,0
32.431.519/0001-10,2025-09-30,1,594000000,0,0,0
32.431.519/0001-10,2025-12-31,1,594000000,0,0,0
32.431.519/0001-10,2026-03-31,1,594000000,0,0,0
32.431.519/0001-10,2026-06-30,1,634000000,0,0,0
32.681.371/0001-72,2020-03-31,1,84706,0,0,0
32.681.371/0001-72,2020-06-30,1,84706,0,0,0
32.681.371/0001-72,2020-09-30,1,84706,0,0,0
32.681.371/0001-72,2020-12-31,1,84706,0,0,0
32.681.371/0001-72,2021-03-31,1,84706,0,0,0
32.681.371/0001-72,2021-06-30,1,84706,0,0,0
32.681.371/0001-72,2021-09-30,1,84706,0,0,0
32.681.371/0001-72,2021-12-31,1,84706,0,0,0
32.681.371/0001-72,2022-03-31,1,84706,0,0,0
32.681.371/0001-72,2022-06-30,1,84706,0,0,0
32.681.371/0001-72,2022-09-30,1,84706,0,0,0
32.681.371/0001-72,2022-12-31,1,84706,0,0,0
32.681.371/0001-72,2023-03-31,1,84706,0,0,0
32.681.371/0001-72,2023-06-30,1,84706,0,0,0
32.681.371/0001-72,2023-09-30,1,84706,0,0,0
32.681.371/0001-72,2023-12-31,1,84706,0,0,0
32.681.371/0001-72,2024-03-31,2,84706,0,0,0
32.681.371/0001-72,2024-06-30,1,84706,0,0,0
32.681.371/0001-72,2024-09-30,1,84706,0,0,0
32.681.371/0001-72,2024-12-31,1,84706,0,0,0
32.681.371/0001-72,2025-03-31,1,88706,0,0,0
32.681.371/0001-72,2025-06-30,2,88706,0,0,0
32.681.371/0001-72,2025-09-30,1,88706,0,0,0
32.681.371/0001-72,2025-12-31,1,88706331,0,0,0
32.681.371/0001-72,2026-03-31,1,88706331,0,0,0
32.681.371/0001-72,2026-06-30,1,88706321,0,0,0
32.770.457/0001-71,2020-03-31,1,1001,0,0,0
32.770.457/0001-71,2020-06-30,1,1001,0,0,0
32.770.457/0001-71,2020-09-30,1,1001,0,0,0
32.770.457/0001-71,2020-12-31,1,10000,0,0,0
32.770.457/0001-71,2021-03-31,1,10000,0,0,0
32.770.457/0001-71,2021-06-30,1,10,0,0,0
32.770.457/0001-71,2021-09-30,1,10000,0,0,0
32.770.457/0001-71,2021-12-31,1,10000,0,0,0
32.770.457/0001-71,2022-03-31,1,10,0,0,0
32.770.457/0001-71,2022-06-30,1,10,0,0,0
32.785.497/0001-97,2020-03-31,2,1188271,0,428,0
32.785.497/0001-97,2020-06-30,2,1251240,0,374,0
32.785.497/0001-97,2020-09-30,1,1253618,0,307,0
32.785.497/0001-97,2020-12-31,1,1375158,0,317,0
32.785.497/0001-97,2021-03-31,2,1375876,0,218,0
32.785.497/0001-97,2021-06-30,1,1379036,0,208,0
32.785.497/0001-97,2021-09-30,2,1379458,0,193,0
32.785.497/0001-97,2021-12-31,1,1379585,0,4900,0
32.785.497/0001-97,2022-03-31,1,1379737,0,9978,0
32.785.497/0001-97,2022-06-30,1,1380947,0,9978,0
32.785.497/0001-97,2022-09-30,2,1383088,0,9978,0
32.785.497/0001-97,2022-12-31,1,1383206,0,9914,0
32.785.497/0001-97,2023-03-31,2,1383206,0,9768,0
32.785.497/0001-97,2023-06-30,1,1383206,0,7419,0
32.785.497/0001-97,2023-09-30,1,1386848,0,6221,0
32.785.497/0001-97,2023-12-31,1,1386848,0,6204,0
32.785.497/0001-97,2024-03-31,1,1386848,0,3163,0
32.785.497/0001-97,2024-06-30,1,1386848,0,2075,0
32.785.497/0001-97,2024-09-30,1,1386848,0,1156,0
32.785.497/0001-97,2024-12-31,2,1386848,0,756,0
32.785.497/0001-97,2025-03-31,1,1390615,0,6073,0
32.785.497/0001-97,2025-06-30,1,1374558,0,0,0
32.803.503/0001-91,2020-12-31,1,108464782,0,0,0
32.803.503/0001-91,2021-03-31,1,108464782,0,0,0
32.803.503/0001-91,2021-06-30,1,108464782,0,0,0
33.000.167/0001-01,2020-03-31,1,7442454,5602043,223,73
33.000.167/0001-01,2020-06-30,1,7442454,5602043,223,73
33.000.167/0001-01,2020-09-30,1,7442454,5602043,223,73
33.000.167/0001-01,2020-12-31,2,7442454,5602043,223,73
33.000.167/0001-01,2021-03-31,1,7442454,5602043,223,73
33.000.167/0001-01,2021-06-30,1,7442454142,5602042788,222760,72909
33.000.167/0001-01,2021-09-30,1,7442454142,5602042788,222760,72909
33.000.167/0001-01,2021-12-31,1,7442454142,5602042788,222760,72909
33.000.167/0001-01,2022-03-31,1,7442454142,5602042788,222760,72909
33.000.167/0001-01,2022-06-30,1,7442454142,5602042788,222760,72909
33.000.167/0001-01,2022-09-30,1,7442454142,5602042788,222760,72909
33.000.167/0001-01,2022-12-31,1,7442454142,5602042788,222760,72909
33.000.167/0001-01,2023-03-31,1,7442454142,5602042788,222760,72909
33.000.167/0001-01,2023-06-30,1,7442454142,5602042788,222760,72909
33.000.167/0001-01,2023-09-30,1,7442454142,5602042788,222760,28808609
33.000.167/0001-01,2023-12-31,2,7442454142,5602042788,222760,104136909
33.000.167/0001-01,2024-03-31,1,7442454142,5602042788,222760,134986509
33.000.167/0001-01,2024-06-30,1,7442454142,5602042788,222760,155541409
33.000.167/0001-01,2024-09-30,1,7442454142,5602042788,222760,155541409
33.000.167/0001-01,2024-12-31,1,7442454142,5602042788,222760,155541409
33.000.167/0001-01,2025-03-31,1,7442231382,5446501379,0,0
33.000.167/0001-01,2025-06-30,2,7442231382,5446501379,0,0
33.000.167/0001-01,2025-09-30,1,7442231382,5446501379,0,0
33.000.167/0001-01,2025-12-31,1,7442231382,5446501379,0,0
33.000.167/0001-01,2026-03-31,2,7442231382,5446501379,0,0
33.000.167/0001-01,2026-06-30,1,7442231382,5446501379,0,0
33.014.556/0001-96,2020-03-31,1,545154656,1075694696,0,2300719
33.014.556/0001-96,2020-06-30,1,545154656,1078406137,0,2300719
33.014.556/0001-96,2020-09-30,1,653154656,1214196917,0,2300719
33.014.556/0001-96,2020-12-31,1,653154656,1214381060,0,2300719
33.014.556/0001-96,2021-03-31,1,659310925,1225959488,0,2300719
33.014.556/0001-96,2021-06-30,1,659310925,1225996806,0,2300719
33.014.556/0001-96,2021-09-30,1,659310925,1225996806,0,2300719
33.035.536/0001-00,2020-03-31,1,105203815,0,0,0
33.035.536/0001-00,2020-06-30,1,105203815,0,0,0
33.035.536/0001-00,2020-09-30,1,105203815,0,0,0
33.035.536/0001-00,2020-12-31,1,105203815,0,0,0
33.035.536/0001-00,2021-03-31,1,105203815,0,0,0
33.035.536/0001-00,2021-06-30,1,105203815,0,0,0
33.035.536/0001-00,2021-09-30,1,105203815,0,0,0
33.035.536/0001-00,2021-12-31,1,105203815,0,0,0
33.035.536/0001-00,2022-03-31,1,105203815,0,0,0
33.035.536/0001-00,2022-06-30,1,105203815,0,0,0
33.035.536/0001-00,2022-09-30,1,105203815,0,0,0
33.035.536/0001-00,2022-12-31,1,105203815,0,0,0
33.035.536/0001-00,2023-03-31,1,21040763,0,0,0
33.035.536/0001-00,2023-06-30,1,21040763,0,0,0
33.035.536/0001-00,2023-09-30,2,21040763,0,0,0
33.035.536/0001-00,2023-12-31,1,21040763,0,0,0
33.035.536/0001-00,2024-03-31,1,21040763,0,0,0
33.035.536/0001-00,2024-06-30,1,246374418,0,0,0
33.035.536/0001-00,2024-09-30,1,246374418,0,0,0
33.035.536/0001-00,2024-12-31,1,12318720,0,0,0
33.035.536/0001-00,2025-03-31,1,12318720,0,0,0
33.035.536/0001-00,2025-06-30,1,12318720,0,0,0
33.035.536/0001-00,2025-09-30,1,12802745,0,0,0
33.035.536/0001-00,2025-12-31,1,12802745,0,0,0
33.035.536/0001-00,2026-03-31,1,12802745,0,0,0
33.035.536/0001-00,2026-06-30,1,12802745,0,0,0
33.040.601/0001-87,2020-03-31,1,10180,7830,0,0
33.040.601/0001-87,2020-06-30,1,10180,7830,0,0
33.040.601/0001-87,2020-09-30,1,10180,7830,0,0
33.040.601/0001-87,2020-12-31,2,10180,7830,0,0
33.040.601/0001-87,2021-03-31,1,10180,7830,0,0
33.040.601/0001-87,2021-06-30,1,10180,7830,0,0
33.040.601/0001-87,2021-09-30,1,10180,7830,0,0
33.040.601/0001-87,2021-12-31,1,10180,7830,0,0
33.040.601/0001-87,2022-03-31,1,10180,7830,0,0
33.040.601/0001-87,2022-06-30,1,10180,7830,0,0
33.040.601/0001-87,2022-09-30,1,10180,7830,0,0
33.040.601/0001-87,2022-12-31,1,10180,7830,0,0
33.040.601/0001-87,2023-03-31,1,10180,7830,0,0
33.040.601/0001-87,2023-06-30,1,10180,7830,0,0
33.040.601/0001-87,2023-09-30,1,10180,7830,0,0
33.040.601/0001-87,2023-12-31,1,10180,7830,0,0
33.040.601/0001-87,2024-03-31,1,10180,7830,0,0
33.040.601/0001-87,2024-06-30,1,10180,7830,0,0
33.040.601/0001-87,2024-09-30,1,10180,7830,0,0
33.040.601/0001-87,2024-12-31,1,24081,16914,0,0
33.040.601/0001-87,2025-03-31,1,24081,16914,0,0
33.040.601/0001-87,2025-06-30,1,24081,16914,0,0
33.040.601/0001-87,2025-09-30,1,24081,16914,0,0
33.040.601/0001-87,2025-12-31,1,24081,16914,0,0
33.041.260/0652-90,2020-03-31,2,1299715,0,300,0
33.041.260/0652-90,2020-06-30,1,1596717,0,300,0
33.041.260/0652-90,2020-09-30,1,1597017,0,300,0
33.041.260/0652-90,2020-12-31,1,1597342,0,300,0
33.041.260/0652-90,2021-03-31,1,1597354,0,300,0
33.041.260/0652-90,2021-06-30,1,1597354,0,300000,0
33.041.260/0652-90,2021-09-30,1,1597441,0,300,0
33.041.260/0652-90,2021-12-31,1,1598426,0,2294,0
33.041.260/0652-90,2022-03-31,1,1598426,0,9649,0
33.041.260/0652-90,2022-06-30,1,1598426,0,18293,0
33.041.260/0652-90,2022-09-30,1,1598431,0,18293,0
33.041.260/0652-90,2022-12-31,1,1598431,0,18095,0
33.041.260/0652-90,2023-03-31,1,1598431,0,16963,0
33.041.260/0652-90,2023-06-30,1,1598431,0,12394,0
33.041.260/0652-90,2023-09-30,1,2377081,0,12143,0
33.041.260/0652-90,2023-12-31,2,95083,0,220,0
33.041.260/0652-90,2024-03-31,1,95084,0,99,0
33.041.260/0652-90,2024-06-30,1,95084,0,60,0
33.041.260/0652-90,2024-09-30,1,95085,0,16,0
33.041.260/0652-90,2024-12-31,1,95087,0,15,0
33.041.260/0652-90,2025-03-31,1,95087,0,15,0
33.041.260/0652-90,2025-06-30,1,95087,0,15,0
33.041.260/0652-90,2025-09-30,1,653878,0,15,0
33.041.260/0652-90,2025-12-31,1,653878,0,15,0
33.041.260/0652-90,2026-03-31,1,950628,0,15,0
33.041.260/0652-90,2026-06-30,1,975865,0,15,0
33.042.730/0001-04,2020-03-31,1,1387524047,0,7409500,0
33.042.730/0001-04,2020-06-30,1,1387524047,0,7409500,0
33.042.730/0001-04,2020-09-30,1,1387524047,0,7409500,0
33.042.730/0001-04,2020-12-31,1,1387524047,0,7409500,0
33.042.730/0001-04,2021-03-31,1,1387524047,0,7409500,0
33.042.730/0001-04,2021-06-30,1,1387524047,0,7409500,0
33.042.730/0001-04,2021-09-30,1,1387524047,0,7409500,0
33.042.730/0001-04,2021-12-31,1,1387524047,0,45790000,0
33.042.730/0001-04,2022-03-31,1,1387524047,0,60530100,0
33.042.730/0001-04,2022-06-30,1,1326093947,0,0,0
33.042.730/0001-04,2022-09-30,1,1326093947,0,0,0
33.042.730/0001-04,2022-12-31,2,1326093947,0,0,0
33.042.730/0001-04,2023-03-31,1,1326093947,0,0,0
33.042.730/0001-04,2023-06-30,2,1326093947,0,0,0
33.042.730/0001-04,2023-09-30,1,1326093947,0,0,0
33.042.730/0001-04,2023-12-31,1,1326093947,0,0,0
33.042.730/0001-04,2024-03-31,1,1326093947,0,0,0
33.042.730/0001-04,2024-06-30,2,1326093947,0,0,0
33.042.730/0001-04,2024-09-30,2,1326093947,0,0,0
33.042.730/0001-04,2024-12-31,1,1326093947,0,0,0
33.042.730/0001-04,2025-03-31,1,1326093947,0,0,0
33.042.730/0001-04,2025-06-30,1,1326093947,0,0,0
33.042.730/0001-04,2025-09-30,1,1326093947,0,0,0
33.042.730/0001-04,2025-12-31,1,1326093947,0,0,0
33.042.730/0001-04,2026-03-31,1,1326093947,0,0,0
33.042.730/0001-04,2026-06-30,1,1326093947,0,0,0
33.050.071/0001-58,2020-03-31,1,166634,0,0,0
33.050.071/0001-58,2020-06-30,1,166634,0,0,0
33.050.071/0001-58,2020-09-30,1,166634,0,0,0
33.050.071/0001-58,2020-12-31,1,166634,0,0,0
33.050.071/0001-58,2021-03-31,1,166634,0,0,0
33.050.071/0001-58,2021-06-30,1,166634,0,0,0
33.050.071/0001-58,2021-09-30,1,166634,0,0,0
33.050.071/0001-58,2021-12-31,1,166634,0,0,0
33.050.071/0001-58,2022-03-31,2,240210,0,0,0
33.050.071/0001-58,2022-06-30,2,240210,0,0,0
33.050.071/0001-58,2022-09-30,1,240210,0,0,0
33.050.071/0001-58,2022-12-31,1,240210,0,0,0
33.050.071/0001-58,2023-03-31,1,240210,0,0,0
33.050.071/0001-58,2023-06-30,1,240210,0,0,0
33.050.071/0001-58,2023-09-30,1,254035,0,0,0
33.050.071/0001-58,2023-12-31,1,254035,0,0,0
33.050.071/0001-58,2024-03-31,1,254035,0,0,0
33.050.071/0001-58,2024-06-30,2,254035,0,0,0
33.050.071/0001-58,2024-09-30,1,294372,0,0,0
33.050.071/0001-58,2024-12-31,2,380040,0,0,0
33.050.071/0001-58,2025-03-31,2,380040,0,0,0
33.050.071/0001-58,2025-06-30,1,380040,0,0,0
33.050.071/0001-58,2025-09-30,1,380040,0,0,0
33.050.071/0001-58,2025-12-31,1,453224,0,0,0
33.050.071/0001-58,2026-03-31,1,453224,0,0,0
33.050.071/0001-58,2026-06-30,1,453224,0,0,0
33.050.196/0001-88,2020-03-31,1,880653030,0,1,0
33.050.196/0001-88,2020-06-30,1,880653030,0,1,0
33.050.196/0001-88,2020-09-30,1,880653030,0,1,0
33.050.196/0001-88,2020-12-31,1,880653030,0,1,0
33.050.196/0001-88,2021-03-31,1,880653030,0,1,0
33.050.196/0001-88,2021-06-30,1,880653030,0,1,0
33.050.196/0001-88,2021-09-30,1,880653030,0,1,0
33.050.196/0001-88,2021-12-31,1,880653030,0,1,0
33.050.196/0001-88,2022-03-31,1,880653030,0,1,0
33.050.196/0001-88,2022-06-30,1,880653030,0,1,0
33.050.196/0001-88,2022-09-30,1,880653030,0,1,0
33.050.196/0001-88,2022-12-31,1,880653030,0,1,0
33.050.196/0001-88,2023-03-31,1,880653030,0,1,0
33.050.196/0001-88,2023-06-30,1,880653030,0,1,0
33.050.196/0001-88,2023-09-30,1,880653030,0,1,0
33.050.196/0001-88,2023-12-31,1,880653030,0,1,0
33.050.196/0001-88,2024-03-31,1,880653030,0,1,0
33.050.196/0001-88,2024-06-30,1,880653030,0,1,0
33.050.196/0001-88,2024-09-30,1,880653030,0,1,0
33.050.196/0001-88,2024-12-31,1,880653030,0,1,0
33.050.196/0001-88,2025-03-31,1,880653030,0,1,0
33.050.196/0001-88,2025-06-30,1,880653030,0,1,0
33.050.196/0001-88,2025-09-30,1,880653030,0,1,0
33.050.196/0001-88,2025-12-31,1,880653030,0,1,0
33.050.196/0001-88,2026-03-31,1,880653030,0,1,0
33.050.196/0001-88,2026-06-30,2,880653030,0,1,0
33.102.476/0001-92,2020-03-31,1,12251221,0,0,0
33.102.476/0001-92,2020-06-30,1,12251221,0,0,0
33.102.476/0001-92,2020-09-30,1,12251221,0,0,0
33.102.476/0001-92,2020-12-31,1,12251221,0,0,0
33.102.476/0001-92,2021-03-31,1,12251221,0,0,0
33.102.476/0001-92,2021-06-30,1,12251221,0,0,0
33.102.476/0001-92,2021-09-30,1,12251221,0,0,0
33.102.476/0001-92,2021-12-31,1,12251221,0,0,0
33.102.476/0001-92,2022-03-31,1,12251221,0,0,0
33.102.476/0001-92,2022-06-30,1,12251221,0,0,0
33.102.476/0001-92,2022-09-30,2,12251221,0,0,0
33.102.476/0001-92,2022-12-31,1,12251221,0,0,0
33.102.476/0001-92,2023-03-31,1,12251221,0,0,0
33.102.476/0001-92,2023-06-30,1,12251221,0,0,0
33.102.476/0001-92,2023-09-30,1,12251221,0,0,0
33.102.476/0001-92,2023-12-31,1,12251221,0,0,0
33.102.476/0001-92,2024-03-31,1,12251221,0,0,0
33.102.476/0001-92,2024-06-30,1,12251221,0,0,0
33.102.476/0001-92,2024-09-30,1,12251221,0,0,0
33.102.476/0001-92,2024-12-31,2,12251221,0,0,0
33.102.476/0001-92,2025-03-31,1,12251221,0,0,0
33.102.476/0001-92,2025-06-30,1,12251221,0,0,0
33.102.476/0001-92,2025-09-30,1,12251221,0,0,0
33.111.246/0001-90,2020-03-31,1,2353,4267,0,0
33.111.246/0001-90,2020-06-30,2,2353,4267,0,0
33.111.246/0001-90,2020-09-30,1,2353,4267,0,0
33.111.246/0001-90,2020-12-31,1,2353,4267,0,0
33.111.246/0001-90,2021-03-31,2,2353,4267,0,0
33.111.246/0001-90,2021-06-30,1,2353,4267,0,0
33.111.246/0001-90,2021-09-30,1,2353,4267,0,0
33.111.246/0001-90,2021-12-31,1,2353,4267,0,0
33.111.246/0001-90,2022-03-31,1,2353,4267,0,0
33.111.246/0001-90,2022-06-30,1,2353,4267,0,0
33.113.309/0001-47,2020-03-31,1,71225,0,1345,0
33.113.309/0001-47,2020-06-30,1,71225,0,1345,0
33.113.309/0001-47,2020-09-30,1,71225,0,1345,0
33.113.309/0001-47,2020-12-31,2,71225,0,1920,0
33.113.309/0001-47,2021-03-31,1,82070,0,1920,0
33.113.309/0001-47,2021-06-30,1,82070,0,1751,0
33.113.309/0001-47,2021-09-30,1,82070,0,1597,0
33.113.309/0001-47,2021-12-31,2,82070387,0,2357358,0
33.113.309/0001-47,2022-03-31,1,82475442,0,3293458,0
33.113.309/0001-47,2022-06-30,2,82475442,0,3206814,0
33.113.309/0001-47,2022-09-30,1,83836375,0,3206814,0
33.113.309/0001-47,2022-12-31,2,81836375,0,2011873,0
33.113.309/0001-47,2023-03-31,1,81836375,0,1994382,0
33.113.309/0001-47,2023-06-30,2,81836375,0,1755985,0
33.113.309/0001-47,2023-09-30,1,81836375,0,1708072,0
33.113.309/0001-47,2023-12-31,1,81836375,0,1708072,0
33.113.309/0001-47,2024-03-31,1,81836375,0,1664823,0
33.113.309/0001-47,2024-06-30,1,81836375,0,1557278,0
33.113.309/0001-47,2024-09-30,1,81836375,0,1970478,0
33.113.309/0001-47,2024-12-31,1,81836375,0,2691878,0
33.113.309/0001-47,2025-03-31,2,81836375,0,3155149,0
33.113.309/0001-47,2025-06-30,2,81836375,0,3004603,0
33.113.309/0001-47,2025-09-30,2,81836375,0,3369827,0
33.113.309/0001-47,2025-12-31,3,81836375,0,3376430,0
33.113.309/0001-47,2026-03-31,1,81836375,0,3402130,0
33.113.309/0001-47,2026-06-30,1,79836375,0,1593298,0
33.130.691/0001-05,2020-12-31,1,126197677,0,0,0
33.130.691/0001-05,2021-03-31,1,129441321,0,0,0
33.130.691/0001-05,2021-06-30,1,129441321,0,0,0
33.130.691/0001-05,2021-09-30,1,129606513,0,0,0
33.130.691/0001-05,2021-12-31,1,72859960,0,0,0
33.130.691/0001-05,2022-03-31,1,73008588,0,0,0
33.130.691/0001-05,2022-06-30,1,439122530,0,601400,0
33.130.691/0001-05,2022-09-30,1,439122530,0,627200,0
33.130.691/0001-05,2022-12-31,1,438901933,0,509800,0
33.130.691/0001-05,2023-03-31,1,439028900,0,939700,0
33.130.691/0001-05,2023-06-30,1,439988900,0,0,0
33.130.691/0001-05,2023-09-30,1,439988900,0,0,0
33.130.691/0001-05,2023-12-31,1,439988900,0,0,0
33.130.691/0001-05,2024-03-31,1,439988900,0,0,0
33.130.691/0001-05,2024-06-30,1,439988900,0,0,0
33.130.691/0001-05,2024-09-30,1,440384900,0,0,0
33.130.691/0001-05,2024-12-31,1,440977900,0,0,0
33.130.691/0001-05,2025-03-31,1,440977900,0,0,0
33.130.691/0001-05,2025-06-30,1,440977900,0,0,0
33.130.691/0001-05,2025-09-30,1,442931900,0,0,0
33.200.049/0001-47,2020-03-31,1,10478,7894,0,0
33.200.049/0001-47,2020-06-30,1,10478,7894,0,0
33.200.049/0001-47,2020-09-30,1,10478,7894,0,0
33.200.049/0001-47,2020-12-31,1,10478,7894,0,0
33.200.049/0001-47,2021-03-31,1,10478,7894,0,0
33.200.049/0001-47,2021-06-30,1,10478,7894,0,0
33.200.049/0001-47,2021-09-30,1,10478,7894,0,0
33.200.049/0001-47,2021-12-31,1,10478,7894,0,0
33.200.049/0001-47,2022-03-31,1,10478,7894,0,0
33.200.049/0001-47,2022-06-30,1,10478,7894,0,0
33.200.049/0001-47,2022-09-30,1,10478,7894,0,0
33.200.049/0001-47,2022-12-31,1,10478,7894,0,0
33.200.049/0001-47,2023-03-31,1,10478,7894,0,0
33.200.049/0001-47,2023-06-30,1,10478,7894,0,0
33.200.049/0001-47,2023-09-30,1,10478,7894,0,0
33.200.049/0001-47,2023-12-31,1,10478,7894,0,0
33.200.049/0001-47,2024-03-31,2,10478,7894,0,0
33.200.049/0001-47,2024-06-30,2,10478,7894,0,0
33.200.049/0001-47,2024-09-30,1,10478,7894,0,0
33.200.049/0001-47,2024-12-31,1,10478,7894,0,0
33.200.049/0001-47,2025-03-31,1,10478,7894,0,0
33.200.049/0001-47,2025-06-30,2,10478,7894,0,0
33.200.049/0001-47,2025-09-30,1,10478,7894,0,0
33.200.049/0001-47,2025-12-31,1,10478,7894,0,0
33.200.049/0001-47,2026-03-31,1,10478,7894,0,0
33.200.049/0001-47,2026-06-30,1,10478,7894,0,0
33.228.024/0001-51,2020-03-31,1,16571220,19843450,0,0
33.228.024/0001-51,2020-06-30,1,16571220,19843450,0,0
33.228.024/0001-51,2020-09-30,1,16571220,19843450,0,0
33.228.024/0001-51,2020-12-31,1,16571220,19843450,0,0
33.228.024/0001-51,2021-03-31,1,16571220,19843450,0,0
33.228.024/0001-51,2021-06-30,1,16571220,19843450,0,0
33.228.024/0001-51,2021-09-30,1,16571220,19843450,0,0
33.228.024/0001-51,2021-12-31,1,16571220,19843450,0,0
33.228.024/0001-51,2022-03-31,2,16571220,19843450,0,0
33.228.024/0001-51,2022-06-30,1,16571220,19843450,0,0
33.228.024/0001-51,2022-09-30,1,16571220,19843450,0,0
33.228.024/0001-51,2022-12-31,1,16571220,19843450,0,0
33.228.024/0001-51,2023-03-31,1,16571220,19843450,0,0
33.228.024/0001-51,2023-06-30,1,16571220,19843450,0,0
33.228.024/0001-51,2023-09-30,1,16571220,19843450,0,0
33.228.024/0001-51,2023-12-31,1,16571220,19843450,0,0
33.228.024/0001-51,2024-03-31,1,16571220,19843450,0,0
33.228.024/0001-51,2024-06-30,1,16571220,19843450,0,0
33.228.024/0001-51,2024-09-30,1,16571220,19843450,0,0
33.228.024/0001-51,2024-12-31,1,16571220,19843450,0,0
33.228.024/0001-51,2025-03-31,1,16571220,19843450,0,0
33.228.024/0001-51,2025-06-30,1,16571220,19843450,0,0
33.228.024/0001-51,2025-09-30,1,16571220,19843450,0,0
33.228.024/0001-51,2025-12-31,1,16571220,19843450,0,0
33.228.024/0001-51,2026-03-31,1,16571220,19843450,0,0
33.228.024/0001-51,2026-06-30,1,16571220,19843450,0,0
33.256.439/0001-39,2020-03-31,1,1114918734,0,26780298,0
33.256.439/0001-39,2020-06-30,1,1114918734,0,26780298,0
33.256.439/0001-39,2020-09-30,1,1115005712,0,26780298,0
33.256.439/0001-39,2020-12-31,2,1115005712,0,24739626,0
33.256.439/0001-39,2021-03-31,1,1115076651,0,24739626,0
33.256.439/0001-39,2021-06-30,1,1115076651,0,24739626,0
33.256.439/0001-39,2021-09-30,1,1115107683,0,24739626,0
33.256.439/0001-39,2021-12-31,2,1115107683,0,23756393,0
33.256.439/0001-39,2022-03-31,1,1115151608,0,24256989,0
33.256.439/0001-39,2022-06-30,1,1115151608,0,24153447,0
33.256.439/0001-39,2022-09-30,1,1115173080,0,21475665,0
33.256.439/0001-39,2022-12-31,1,1115173080,0,19974556,0
33.256.439/0001-39,2023-03-31,1,1115204291,0,20056904,0
33.256.439/0001-39,2023-06-30,1,1115204291,0,20020516,0
33.256.439/0001-39,2023-09-30,1,1115212490,0,20010287,0
33.256.439/0001-39,2023-12-31,1,1115212490,0,16195439,0
33.256.439/0001-39,2024-03-31,1,1115404268,0,16193287,0
33.256.439/0001-39,2024-06-30,1,1115404268,0,11635147,0
33.256.439/0001-39,2024-09-30,1,1115439503,0,11555737,0
33.256.439/0001-39,2024-12-31,1,1115439503,0,19283471,0
33.256.439/0001-39,2025-03-31,1,1115507182,0,26157971,0
33.256.439/0001-39,2025-06-30,1,1115507182,0,27878935,0
33.256.439/0001-39,2025-09-30,1,1115849873,0,29194512,0
33.256.439/0001-39,2025-12-31,1,1115849873,0,28542005,0
33.256.439/0001-39,2026-03-31,1,1115849873,0,27495338,0
33.256.439/0001-39,2026-06-30,1,1115849873,0,25102398,0
33.352.394/0001-04,2020-03-31,1,629071608,0,0,0
33.352.394/0001-04,2020-06-30,1,629071608,0,0,0
33.352.394/0001-04,2020-09-30,1,629071608,0,0,0
33.352.394/0001-04,2020-12-31,1,629071608,0,0,0
33.352.394/0001-04,2021-03-31,1,629071608,0,0,0
33.352.394/0001-04,2021-06-30,1,629071608,0,0,0
33.352.394/0001-04,2021-09-30,1,629071608,0,0,0
33.352.394/0001-04,2021-12-31,1,629071608,0,0,0
33.352.394/0001-04,2022-03-31,1,629071608,0,0,0
33.352.394/0001-04,2022-06-30,1,629071608,0,0,0
33.352.394/0001-04,2022-09-30,1,629071608,0,0,0
33.352.394/0001-04,2022-12-31,1,629071608,0,0,0
33.352.394/0001-04,2023-03-31,1,629071608,0,0,0
33.352.394/0001-04,2023-06-30,1,629071608,0,0,0
33.352.394/0001-04,2023-09-30,1,629071608,0,0,0
33.352.394/0001-04,2023-12-31,1,629071608,0,0,0
33.352.394/0001-04,2024-03-31,1,629071608,0,0,0
33.352.394/0001-04,2024-06-30,1,629071608,0,0,0
33.352.394/0001-04,2024-09-30,1,629071608,0,0,0
33.352.394/0001-04,2024-12-31,1,629071608,0,0,0
33.352.394/0001-04,2025-03-31,1,629071608,0,0,0
33.352.394/0001-04,2025-06-30,1,629071608,0,0,0
33.352.394/0001-04,2025-09-30,1,629071608,0,0,0
33.352.394/0001-04,2025-12-31,1,629071608,0,0,0
33.352.394/0001-04,2026-03-31,1,629071608,0,0,0
33.352.394/0001-04,2026-06-30,1,629071608,0,0,0
33.376.989/0001-91,2020-03-31,2,936000000,1,12513209,0
33.376.989/0001-91,2020-06-30,1,936000000,1,12513209,0
33.376.989/0001-91,2020-09-30,1,1267890331,1,12513209,0
33.376.989/0001-91,2020-12-31,1,1267890331,1,12603800,0
33.376.989/0001-91,2021-03-31,1,1267890331,1,12603800,0
33.376.989/0001-91,2021-06-30,2,1267890331,1,12603800,0
33.376.989/0001-91,2021-09-30,1,1267890331,1,12603800,0
33.376.989/0001-91,2021-12-31,1,1267890331,1,12603800,0
33.376.989/0001-91,2022-03-31,1,1267890331,1,12603800,0
33.376.989/0001-91,2022-06-30,2,1267890331,1,12603800,0
33.376.989/0001-91,2022-09-30,1,2467890331,1,12603800,0
33.376.989/0001-91,2022-12-31,3,82263011,1,420125,0
33.376.989/0001-91,2023-03-31,3,82263011,1,420125,0
33.376.989/0001-91,2023-06-30,4,82263011,1,420125,0
33.376.989/0001-91,2023-09-30,4,82263011,1,420125,0
33.376.989/0001-91,2023-12-31,1,82263011,1,420125,0
33.376.989/0001-91,2024-03-31,1,82263011,1,420125,0
33.376.989/0001-91,2024-06-30,2,82263011,1,420125,0
33.376.989/0001-91,2024-09-30,1,82263011,1,420125,0
33.376.989/0001-91,2024-12-31,2,82263011,1,420125,0
33.376.989/0001-91,2025-03-31,2,81842886,0,0,0
33.376.989/0001-91,2025-06-30,1,81842886,0,0,0
33.376.989/0001-91,2025-09-30,1,81842886,0,0,0
33.376.989/0001-91,2025-12-31,3,81842886,1,220000,0
33.376.989/0001-91,2026-03-31,1,81842886,0,220000,0
33.376.989/0001-91,2026-06-30,2,81842886,1,674090,0
33.386.210/0001-19,2020-03-31,1,856,1575,0,27
33.386.210/0001-19,2020-06-30,1,856,1575,0,27
33.386.210/0001-19,2020-09-30,1,856,1575,0,27
33.386.210/0001-19,2020-12-31,2,856,1575,0,27
33.386.210/0001-19,2021-03-31,2,856,1602,0,27
33.386.210/0001-19,2021-06-30,1,856,1602,0,27
33.386.210/0001-19,2021-09-30,1,856,1602,0,27
33.386.210/0001-19,2021-12-31,2,856,1602,0,27
33.386.210/0001-19,2022-03-31,1,856,1602,0,27
33.386.210/0001-19,2022-06-30,1,856,1602,0,27
33.386.210/0001-19,2022-09-30,1,856,1602,0,27
33.386.210/0001-19,2022-12-31,2,856,1602,0,27
33.386.210/0001-19,2023-03-31,1,856,1602,0,27
33.386.210/0001-19,2023-06-30,1,856,1602,0,27
33.386.210/0001-19,2023-09-30,1,856,1602,0,27
33.386.210/0001-19,2023-12-31,1,856,1602,0,27
33.386.210/0001-19,2024-03-31,1,856,1602,0,27
33.386.210/0001-19,2024-06-30,1,856,1602,0,27
33.386.210/0001-19,2024-09-30,1,856,1602,0,27
33.386.210/0001-19,2024-12-31,1,856,1602,0,27
33.386.210/0001-19,2025-03-31,1,856,1602,0,27
33.386.210/0001-19,2025-06-30,1,856,1602,0,27
33.386.210/0001-19,2025-09-30,1,856,1602,0,27
33.386.210/0001-19,2025-12-31,1,856,1602,0,27
33.386.210/0001-19,2026-03-31,1,856,1602,0,27
33.386.210/0001-19,2026-06-30,1,856,1602,0,27
33.412.081/0001-96,2020-03-31,1,67692,0,7,0
33.412.081/0001-96,2020-06-30,1,67692,0,7,0
33.412.081/0001-96,2020-09-30,1,67692,0,7,0
33.412.081/0001-96,2020-12-31,1,67692,0,7,0
33.412.081/0001-96,2021-03-31,1,67692,0,7,0
33.412.081/0001-96,2021-06-30,1,67692,0,7,0
33.412.081/0001-96,2021-09-30,1,67692,0,7,0
33.412.081/0001-96,2021-12-31,2,67692,0,7,0
33.412.081/0001-96,2022-03-31,1,67692,0,7,0
33.412.081/0001-96,2022-06-30,1,67692,0,7,0
33.412.081/0001-96,2022-09-30,1,67692,0,7,0
33.412.081/0001-96,2022-12-31,1,67692,0,7,0
33.412.081/0001-96,2023-03-31,1,67692,0,7,0
33.412.081/0001-96,2023-06-30,1,67692,0,7,0
33.412.081/0001-96,2023-09-30,1,67692,0,7,0
33.412.081/0001-96,2023-12-31,1,67692,0,7,0
33.412.081/0001-96,2024-03-31,1,67692,0,7,0
33.412.081/0001-96,2024-06-30,1,67692,0,7,0
33.412.081/0001-96,2024-09-30,1,67692,0,7,0
33.412.081/0001-96,2024-12-31,1,67692,0,7,0
33.412.081/0001-96,2025-03-31,1,67692,0,7,0
33.412.081/0001-96,2025-06-30,1,67692,0,7,0
33.453.598/0001-23,2020-03-31,1,1661418472,81997058,0,0
33.453.598/0001-23,2020-06-30,1,1661418472,81997058,0,0
33.453.598/0001-23,2020-09-30,1,1661418472,81997058,0,0
33.453.598/0001-23,2020-12-31,1,1661418472,81997058,0,0
33.453.598/0001-23,2021-03-31,1,1661418472,81997058,0,0
33.453.598/0001-23,2021-06-30,1,8993572584,0,0,0
33.453.598/0001-23,2021-09-30,1,8993572584,1358936900,0,0
33.453.598/0001-23,2021-12-31,1,8993572584,1358936900,0,0
33.453.598/0001-23,2022-03-31,1,8993572584,1358936900,0,6907800
33.453.598/0001-23,2022-06-30,1,8993572584,1358936900,0,40000000
33.453.598/0001-23,2022-09-30,1,8993572584,1324652366,0,34284534
33.453.598/0001-23,2022-12-31,2,8993572584,1358936900,0,34284534
33.453.598/0001-23,2023-03-31,1,8993572584,1358936900,0,34284534
33.453.598/0001-23,2023-06-30,1,8993572584,1358936900,0,34284534
33.453.598/0001-23,2023-09-30,1,8993572584,1358936900,0,26394646
33.453.598/0001-23,2023-12-31,1,8993572584,1358936900,0,26394646
33.453.598/0001-23,2024-03-31,1,8993572584,1358936900,0,26394646
33.453.598/0001-23,2024-06-30,1,8993572584,1358936900,0,26394646
33.453.598/0001-23,2024-09-30,1,8993572584,1358936900,0,18345996
33.453.598/0001-23,2024-12-31,1,8993572584,1358936900,0,18263674
33.453.598/0001-23,2025-03-31,1,8993572584,1358936900,0,18263674
33.453.598/0001-23,2025-06-30,1,8993572584,1358936900,0,18263674
33.453.598/0001-23,2025-09-30,1,8993572584,1358936900,0,9393603
33.453.598/0001-23,2025-12-31,1,8993572584,1358936900,0,9393603
33.453.598/0001-23,2026-03-31,1,8993572584,1358936900,0,9393603
33.453.598/0001-23,2026-06-30,1,4496786292,60810825,0,9393603
33.467.572/0001-34,2020-03-31,1,1361,1587,0,0
33.467.572/0001-34,2020-06-30,1,1361,1587,0,0
33.467.572/0001-34,2020-09-30,1,1361,1587,0,0
33.467.572/0001-34,2020-12-31,1,1361,1587,0,0
33.467.572/0001-34,2021-03-31,1,1361,1587,0,0
33.467.572/0001-34,2021-06-30,1,1361,1587,0,0
33.467.572/0001-34,2021-09-30,1,1361,1587,0,0
33.467.572/0001-34,2021-12-31,1,1587,1361,0,0
33.467.572/0001-34,2022-03-31,1,1587,1361,0,0
33.467.572/0001-34,2022-06-30,1,1587,1361,0,0
33.467.572/0001-34,2022-09-30,1,1587,1361,0,0
33.467.572/0001-34,2022-12-31,1,1587,1361,0,0
33.467.572/0001-34,2023-03-31,1,1587,1361,0,0
33.467.572/0001-34,2023-06-30,1,1587,1361,0,0
33.467.572/0001-34,2023-09-30,1,1587,1361,0,0
33.467.572/0001-34,2023-12-31,1,1587,1361,0,0
33.467.572/0001-34,2024-03-31,1,1587,1361,0,0
33.467.572/0001-34,2024-06-30,1,1587,1361,0,0
33.467.572/0001-34,2024-09-30,1,1587,1361,0,0
33.467.572/0001-34,2024-12-31,2,1587,1361,0,0
33.467.572/0001-34,2025-03-31,1,1587,1361,0,0
33.467.572/0001-34,2025-06-30,1,1587,1361,0,0
33.467.572/0001-34,2025-09-30,1,1587,1361,0,0
33.467.572/0001-34,2025-12-31,1,1587,1360,0,0
33.541.368/0001-16,2020-03-31,2,54151,1754,0,0
33.541.368/0001-16,2020-06-30,1,54151,1754,0,0
33.541.368/0001-16,2020-09-30,1,54151,1754,0,0
33.541.368/0001-16,2020-12-31,1,54151,1754,0,0
33.541.368/0001-16,2021-03-31,1,54151,1754,0,0
33.541.368/0001-16,2021-06-30,1,54151,1754,0,0
33.541.368/0001-16,2021-09-30,1,54151,1754,0,0
33.541.368/0001-16,2021-12-31,1,54151,1754,0,0
33.541.368/0001-16,2022-03-31,1,54151,1754,0,0
33.541.368/0001-16,2022-06-30,1,54151,1754,0,0
33.541.368/0001-16,2022-09-30,1,54151,1754,0,0
33.541.368/0001-16,2022-12-31,1,54151,1754,0,0
33.541.368/0001-16,2023-03-31,1,54151,1535,0,219
33.541.368/0001-16,2023-06-30,1,54151,1535,0,219
33.541.368/0001-16,2023-09-30,1,54151,1535,0,219
33.541.368/0001-16,2023-12-31,2,54151,1535,0,219
33.541.368/0001-16,2024-03-31,1,54151,1535,0,219
33.541.368/0001-16,2024-06-30,2,54151,1754,0,219
33.541.368/0001-16,2024-09-30,1,54151,1754,0,219
33.541.368/0001-16,2024-12-31,1,54151,1754,0,219
33.541.368/0001-16,2025-03-31,1,54151,1754,0,219
33.541.368/0001-16,2025-06-30,1,54151,1754,0,219
33.541.368/0001-16,2025-09-30,1,54151,1754,0,219
33.541.368/0001-16,2025-12-31,1,54151,1754,0,219
33.541.368/0001-16,2026-03-31,1,54151,1754,0,219
33.541.368/0001-16,2026-06-30,2,54151,1754,0,219
33.572.408/0001-97,2020-12-31,1,4470908744,0,0,0
33.572.408/0001-97,2021-03-31,1,4470908744,0,0,0
33.572.408/0001-97,2021-06-30,1,4470908744,0,0,0
33.572.408/0001-97,2021-09-30,1,4470908744,0,0,0
33.572.408/0001-97,2021-12-31,1,4470908744,0,0,0
33.572.408/0001-97,2022-03-31,1,4470908744,0,0,0
33.572.408/0001-97,2022-06-30,1,4470908744,0,0,0
33.572.408/0001-97,2022-09-30,1,4470908744,0,0,0
33.572.408/0001-97,2022-12-31,1,4470908744,0,0,0
33.572.408/0001-97,2023-03-31,1,4470908744,0,0,0
33.572.408/0001-97,2023-06-30,1,4470908744,0,0,0
33.572.408/0001-97,2023-09-30,1,4470908744,0,0,0
33.572.408/0001-97,2023-12-31,1,4470908744,0,0,0
33.572.408/0001-97,2024-03-31,1,4470908744,0,0,0
33.572.408/0001-97,2024-06-30,1,4470908744,0,0,0
33.572.408/0001-97,2024-09-30,1,4470908744,0,0,0
33.572.408/0001-97,2024-12-31,1,4470908744,0,0,0
33.572.408/0001-97,2025-03-31,1,4470908744,0,0,0
33.572.408/0001-97,2025-06-30,1,4470908744,0,0,0
33.572.408/0001-97,2025-09-30,1,4470908744,0,0,0
33.572.408/0001-97,2025-12-31,1,4470908744,0,0,0
33.572.408/0001-97,2026-03-31,1,4470908744,0,0,0
33.572.408/0001-97,2026-06-30,1,4470908744,0,0,0
33.592.510/0001-54,2020-03-31,1,5284475,0,154564,0
33.592.510/0001-54,2020-06-30,1,5284475,0,154564,0
33.592.510/0001-54,2020-09-30,2,5284475,0,154564,0
33.592.510/0001-54,2020-12-31,1,5284474,0,154563,0
33.592.510/0001-54,2021-03-31,2,5284474,0,153673,0
33.592.510/0001-54,2021-06-30,2,5284474,0,246761,0
33.592.510/0001-54,2021-09-30,1,5132458,0,240517,0
33.592.510/0001-54,2021-12-31,1,5132458,0,292841,0
33.592.510/0001-54,2022-03-31,2,4999040,0,258675,0
33.592.510/0001-54,2022-06-30,1,4999040,0,407778,0
33.592.510/0001-54,2022-09-30,1,4778889,0,236298,0
33.592.510/0001-54,2022-12-31,2,4778889,0,295811,0
33.592.510/0001-54,2023-03-31,1,4539007,0,99008,0
33.592.510/0001-54,2023-06-30,1,4539007,0,195614,0
33.592.510/0001-54,2023-09-30,1,4539007,0,236153,0
33.592.510/0001-54,2023-12-31,1,4539007,0,239153,0
33.592.510/0001-54,2024-03-31,1,4539008,0,258676,0
33.592.510/0001-54,2024-06-30,1,4539008,0,268105,0
33.592.510/0001-54,2024-09-30,1,4539008,0,269969,0
33.592.510/0001-54,2024-12-31,3,4539008,0,270288,0
33.592.510/0001-54,2025-03-31,2,4539008,0,270228,0
33.592.510/0001-54,2025-06-30,1,4539008,0,270288,0
33.592.510/0001-54,2025-09-30,1,4539007,0,270228,0
33.592.510/0001-54,2025-12-31,2,4539007,0,270228,0
33.592.510/0001-54,2026-03-31,1,4262534,0,174626,0
33.592.510/0001-54,2026-06-30,3,4255763,0,183397,0
33.611.500/0001-19,2020-03-31,1,573627483,1146031245,1697538,17810590
33.611.500/0001-19,2020-06-30,1,573627483,1146031245,1697538,16824594
33.611.500/0001-19,2020-09-30,1,573627483,1146031245,1697538,16799758
33.611.500/0001-19,2020-12-31,1,573627483,1146031245,1697538,16799758
33.611.500/0001-19,2021-03-31,1,573627483,1146031245,1697538,12623265
33.611.500/0001-19,2021-06-30,1,573627483,1146031245,1697538,12384853
33.611.500/0001-19,2021-09-30,1,573627483,1146031245,1697538,12378824
33.611.500/0001-19,2021-12-31,1,573627483,1146031245,1697538,12214344
33.611.500/0001-19,2022-03-31,1,573627483,1146031245,1697538,10131850
33.611.500/0001-19,2022-06-30,1,573627483,1146031245,1697538,23967203
33.611.500/0001-19,2022-09-30,1,573627483,1146031245,1697538,49032116
33.611.500/0001-19,2022-12-31,1,571929945,1101467245,0,9836850
33.611.500/0001-19,2023-03-31,1,600526442,1156540608,0,7976647
33.611.500/0001-19,2023-06-30,1,600526442,1156540608,0,7925918
33.611.500/0001-19,2023-09-30,1,600526442,1156540608,0,7736450
33.611.500/0001-19,2023-12-31,1,600526442,1156540608,0,7544641
33.611.500/0001-19,2024-03-31,2,600526442,1156540608,0,4103221
33.611.500/0001-19,2024-06-30,1,720631730,1387848730,0,4828842
33.611.500/0001-19,2024-09-30,1,720631730,1387848730,581200,22858873
33.611.500/0001-19,2024-12-31,2,719956830,1358848730,1093011,36419068
33.611.500/0001-19,2025-03-31,1,718863819,1333848730,445300,23248554
33.611.500/0001-19,2025-06-30,1,718346219,1309848730,222900,30177504
33.611.500/0001-19,2025-09-30,1,718066519,1295747330,236200,28636281
33.611.500/0001-19,2025-12-31,1,717782619,1283097330,418800,25317258
33.611.500/0001-19,2026-03-31,1,717363819,1275397330,152000,25134167
33.611.500/0001-19,2026-06-30,1,717138819,1268017330,128000,21847510
33.679.797/0001-54,2020-03-31,1,100000,0,0,0
33.679.797/0001-54,2020-06-30,1,100000,0,0,0
33.679.797/0001-54,2020-09-30,1,100000,0,0,0
33.679.797/0001-54,2020-12-31,1,100000,0,0,0
33.679.797/0001-54,2021-03-31,1,100000,0,0,0
33.679.797/0001-54,2021-06-30,2,100000,0,0,0
33.679.797/0001-54,2021-09-30,1,100000,0,0,0
33.679.797/0001-54,2021-12-31,1,100000,0,0,0
33.679.797/0001-54,2022-03-31,1,100000,0,0,0
33.839.910/0001-11,2020-03-31,1,236197769,0,0,0
33.839.910/0001-11,2020-06-30,1,236197769,0,0,0
33.839.910/0001-11,2020-09-30,1,236197769,0,0,0
33.839.910/0001-11,2020-12-31,1,236197769,0,0,0
33.839.910/0001-11,2021-03-31,1,236197769,0,0,0
33.839.910/0001-11,2021-06-30,1,236197769,0,0,0
33.839.910/0001-11,2021-09-30,1,236197769,0,0,0
33.839.910/0001-11,2021-12-31,1,236917769,0,0,0
33.839.910/0001-11,2022-03-31,1,236197769,0,68600,0
33.839.910/0001-11,2022-06-30,1,236197769,0,418412,0
33.839.910/0001-11,2022-09-30,1,236197769,0,607612,0
33.839.910/0001-11,2022-12-31,1,236197769,0,607612,0
33.839.910/0001-11,2023-03-31,2,236197769,0,874500,0
33.839.910/0001-11,2023-06-30,1,236197769,0,829407,0
33.839.910/0001-11,2023-09-30,1,236197769,0,996955,0
33.839.910/0001-11,2023-12-31,1,236197769,0,996955,0
33.839.910/0001-11,2024-03-31,1,236197769,0,984090,0
33.839.910/0001-11,2024-06-30,1,236197769,0,1222164,0
33.839.910/0001-11,2024-09-30,1,236197769,0,1221419,0
33.839.910/0001-11,2024-12-31,1,236197769,0,1134590,0
33.839.910/0001-11,2025-03-31,1,236197769,0,1133024,0
33.839.910/0001-11,2025-06-30,1,236197769,0,1071681,0
33.839.910/0001-11,2025-09-30,1,236197769,0,1125955,0
33.839.910/0001-11,2025-12-31,1,236197769,0,1125955,0
33.839.910/0001-11,2026-03-31,1,236197769,0,1125955,0
33.839.910/0001-11,2026-06-30,1,236197769,0,1062717,0
33.938.119/0001-69,2020-03-31,1,259638,0,0,0
33.938.119/0001-69,2020-06-30,1,259638,0,0,0
33.938.119/0001-69,2020-09-30,1,259638,0,12206,0
33.938.119/0001-69,2020-12-31,1,259638,0,12206,0
33.938.119/0001-69,2021-03-31,1,259638,0,12206,0
33.938.119/0001-69,2021-06-30,1,259638,0,12206,0
33.938.119/0001-69,2021-09-30,1,259638,0,12206,0
33.938.119/0001-69,2021-12-31,2,259638,0,12206,0
33.938.119/0001-69,2022-03-31,1,259638,0,12206,0
33.938.119/0001-69,2022-06-30,1,259638,0,12206,0
33.938.119/0001-69,2022-09-30,1,259638,0,12206,0
33.938.119/0001-69,2022-12-31,1,259638,0,12206,0
33.938.119/0001-69,2023-03-31,1,259638,0,12206,0
33.938.119/0001-69,2023-06-30,1,259638,0,12206,0
33.938.119/0001-69,2023-09-30,1,259638,0,12206,0
33.938.119/0001-69,2023-12-31,1,259638,0,12206,0
33.938.119/0001-69,2024-03-31,1,259638,0,12206,0
33.938.119/0001-69,2024-06-30,1,259638,0,12206,0
33.938.119/0001-69,2024-09-30,1,259638,0,12206,0
33.938.119/0001-69,2024-12-31,1,259638,0,12206,0
33.938.119/0001-69,2025-03-31,1,259638,0,12206,0
33.938.119/0001-69,2025-06-30,1,259638,0,12206,0
33.938.119/0001-69,2025-09-30,1,259638,0,12206,0
33.938.119/0001-69,2025-12-31,1,259638,0,12206,0
33.938.119/0001-69,2026-03-31,1,259638,0,12206,0
33.938.119/0001-69,2026-06-30,1,259638,0,12206,0
33.958.695/0001-78,2020-03-31,1,34462,63356,111,1020
33.958.695/0001-78,2020-06-30,1,34462,63356,204,1442
33.958.695/0001-78,2020-09-30,1,33703,61914,696,487
33.958.695/0001-78,2020-12-31,1,33007,61425,0,25
33.958.695/0001-78,2021-03-31,2,33007,61425,0,30
33.958.695/0001-78,2021-06-30,2,33007,61425,0,30
33.958.695/0001-78,2021-09-30,1,33007970,61424902,0,30100
33.958.695/0001-78,2021-12-31,1,33007970,61424902,0,30100
33.958.695/0001-78,2022-03-31,1,33007970,61424902,0,30100
33.958.695/0001-78,2022-06-30,1,36308767,67567391,206600,164510
33.958.695/0001-78,2022-09-30,1,36308767,67567391,318900,58192
33.958.695/0001-78,2022-12-31,1,36308767,67567391,318900,58192
33.958.695/0001-78,2023-03-31,1,36308767,67567391,318900,58192
33.958.695/0001-78,2023-06-30,1,36308767,67567391,318900,79892
33.958.695/0001-78,2023-09-30,1,36308767,67567391,318900,27699
33.958.695/0001-78,2023-12-31,1,35989867,67521571,318900,27699
33.958.695/0001-78,2024-03-31,1,36308767,67567391,540600,62699
33.958.695/0001-78,2024-06-30,1,39939643,74324129,594660,68968
33.958.695/0001-78,2024-09-30,1,39939643,74324129,596260,100586
33.958.695/0001-78,2024-12-31,1,39059883,74113382,16800,433624
33.958.695/0001-78,2025-03-31,1,39059883,74113382,42400,915824
33.958.695/0001-78,2025-06-30,1,39059883,74113382,66400,1367824
33.958.695/0001-78,2025-09-30,1,39059883,74113382,74500,1476612
33.958.695/0001-78,2025-12-31,1,39059883,74113382,74500,1476612
33.958.695/0001-78,2026-03-31,1,39059883,74113382,74500,1476612
33.958.695/0001-78,2026-06-30,1,39059883,74113382,74500,1476612
34.169.557/0001-72,2020-03-31,1,4115,710,0,0
34.169.557/0001-72,2020-06-30,1,4115,710,0,0
34.169.557/0001-72,2020-09-30,1,4115,710,0,0
34.169.557/0001-72,2020-12-31,1,4115,710,0,0
34.169.557/0001-72,2021-03-31,1,4115,710,0,0
34.169.557/0001-72,2021-06-30,1,4115,710,0,0
34.169.557/0001-72,2021-09-30,1,4115,710,0,0
34.169.557/0001-72,2021-12-31,1,4115,710,0,0
34.169.557/0001-72,2022-03-31,1,4115,710,0,0
34.169.557/0001-72,2022-06-30,1,4115,710,0,0
34.169.557/0001-72,2022-09-30,1,4115,710,0,0
34.169.557/0001-72,2022-12-31,1,4115,710,0,0
34.169.557/0001-72,2023-03-31,1,4115,710,0,0
34.169.557/0001-72,2023-06-30,1,4115,710,0,0
34.169.557/0001-72,2023-09-30,1,4115,710,0,0
34.169.557/0001-72,2023-12-31,1,4115,710,0,0
34.169.557/0001-72,2024-03-31,1,4115,710,0,0
34.169.557/0001-72,2024-06-30,1,4115,710,0,0
34.169.557/0001-72,2024-09-30,1,4115,710,0,0
34.169.557/0001-72,2024-12-31,1,4115,710,0,0
34.169.557/0001-72,2025-03-31,1,4115,710,0,0
34.169.557/0001-72,2025-06-30,1,4115,710,0,0
34.169.557/0001-72,2025-09-30,1,4115,710,0,0
34.169.557/0001-72,2025-12-31,1,4115,710,0,0
34.169.557/0001-72,2026-03-31,1,4115,710,0,0
34.169.557/0001-72,2026-06-30,1,4115,710,0,0
34.274.233/0001-02,2020-03-31,1,1165000,0,0,0
34.274.233/0001-02,2020-06-30,1,1165000,0,0,0
34.274.233/0001-02,2020-09-30,1,1165000,0,0,0
34.274.233/0001-02,2020-12-31,1,1165000,0,0,0
34.274.233/0001-02,2021-03-31,1,1165000,0,0,0
34.274.233/0001-02,2021-06-30,1,1165000,0,0,0
34.274.233/0001-02,2021-09-30,1,1165000,0,27570,0
34.274.233/0001-02,2021-12-31,1,1165000,0,37390,0
34.274.233/0001-02,2022-03-31,1,1165000,0,39109,0
34.274.233/0001-02,2022-06-30,1,1165000,0,50096,0
34.274.233/0001-02,2022-09-30,1,1165000,0,50096,0
34.274.233/0001-02,2022-12-31,1,1165000,0,50096,0
34.274.233/0001-02,2023-03-31,1,1165000,0,50096,0
34.274.233/0001-02,2023-06-30,1,1165000,0,50096,0
34.274.233/0001-02,2023-09-30,1,1165000,0,50096,0
34.274.233/0001-02,2023-12-31,1,1165000,0,50040,0
34.274.233/0001-02,2024-03-31,1,1165000,0,49887,0
34.274.233/0001-02,2024-06-30,1,1119000,0,3650,0
34.274.233/0001-02,2024-09-30,1,1119000,0,4503,0
34.274.233/0001-02,2024-12-31,1,1119000,0,4489,0
34.274.233/0001-02,2025-03-31,1,1119000,0,4489,0
34.274.233/0001-02,2025-06-30,1,1119000,0,5908,0
34.274.233/0001-02,2025-09-30,1,1119000,0,5814,0
34.274.233/0001-02,2025-12-31,1,1198000,0,6026,0
34.274.233/0001-02,2026-03-31,2,1198000,0,6007,0
34.274.233/0001-02,2026-06-30,1,1198563,0,2350,0
34.469.625/0001-19,2020-03-31,1,10000,0,0,0
34.469.625/0001-19,2020-06-30,1,10,0,0,0
34.469.625/0001-19,2020-09-30,1,10,0,0,0
34.469.625/0001-19,2020-12-31,1,10000,0,0,0
34.469.625/0001-19,2021-03-31,1,10000,0,0,0
34.469.625/0001-19,2021-06-30,1,10,0,0,0
34.469.625/0001-19,2021-09-30,1,10000,0,0,0
34.469.625/0001-19,2021-12-31,2,10000,0,0,0
34.469.625/0001-19,2022-03-31,1,10,0,0,0
34.469.625/0001-19,2022-06-30,2,10,0,0,0
34.591.574/0001-01,2020-03-31,1,20000,0,0,0
34.591.574/0001-01,2020-06-30,1,20000,0,0,0
35.082.277/0001-95,2020-03-31,1,10000,0,0,0
35.082.277/0001-95,2020-06-30,1,10000,0,0,0
35.082.277/0001-95,2020-09-30,1,10000,0,0,0
35.082.277/0001-95,2020-12-31,1,10000,0,0,0
35.082.277/0001-95,2021-03-31,1,10000,0,0,0
35.082.277/0001-95,2021-06-30,1,10000,0,0,0
35.082.277/0001-95,2021-09-30,1,10000,0,0,0
35.082.277/0001-95,2021-12-31,1,10000,0,0,0
35.082.277/0001-95,2022-03-31,1,10000,0,0,0
35.082.277/0001-95,2022-06-30,1,10000,0,0,0
35.082.277/0001-95,2022-09-30,1,10000,0,0,0
35.082.277/0001-95,2022-12-31,1,10000,0,0,0
35.082.277/0001-95,2023-03-31,1,10000,0,0,0
35.082.277/0001-95,2023-06-30,1,10000,0,0,0
35.082.277/0001-95,2023-09-30,1,10000,0,0,0
35.502.310/0001-99,2020-03-31,1,365458000,0,0,0
35.502.310/0001-99,2020-06-30,1,365458478,0,0,0
35.502.310/0001-99,2020-09-30,1,365458000,0,0,0
35.502.310/0001-99,2020-12-31,1,365458000,0,0,0
35.502.310/0001-99,2021-03-31,1,365458,0,0,0
35.502.310/0001-99,2021-06-30,1,365458,0,0,0
35.502.310/0001-99,2021-09-30,1,365458,0,0,0
35.502.310/0001-99,2021-12-31,1,365458,0,0,0
35.522.178/0001-87,2020-12-31,1,10000,0,0,0
35.522.178/0001-87,2021-03-31,1,10000,0,0,0
35.522.178/0001-87,2021-06-30,1,10000,0,0,0
35.522.178/0001-87,2021-09-30,1,10000,0,0,0
35.522.178/0001-87,2021-12-31,1,10000,0,0,0
35.522.178/0001-87,2022-03-31,1,10,0,0,0
35.522.178/0001-87,2022-06-30,1,10,0,0,0
35.522.178/0001-87,2022-09-30,1,10,0,0,0
35.522.178/0001-87,2022-12-31,1,10,0,0,0
35.522.178/0001-87,2023-03-31,1,10,0,0,0
35.522.178/0001-87,2023-06-30,1,10,0,0,0
35.522.178/0001-87,2023-09-30,1,10,0,0,0
35.522.178/0001-87,2023-12-31,1,10,0,0,0
35.522.178/0001-87,2024-03-31,1,10,0,0,0
35.522.178/0001-87,2024-06-30,1,10,0,0,0
35.522.178/0001-87,2024-09-30,1,10,0,0,0
35.522.178/0001-87,2024-12-31,1,10,0,0,0
35.522.178/0001-87,2025-03-31,2,10,0,0,0
35.522.178/0001-87,2025-06-30,1,10,0,0,0
35.522.178/0001-87,2025-09-30,1,10,0,0,0
35.522.178/0001-87,2025-12-31,1,10,0,0,0
35.522.178/0001-87,2026-03-31,1,10,0,0,0
35.522.178/0001-87,2026-06-30,1,10,0,0,0
35.522.281/0001-27,2020-12-31,1,1,0,0,0
35.522.281/0001-27,2021-03-31,1,1,0,0,0
35.522.281/0001-27,2021-06-30,1,10,1,0,0
35.522.281/0001-27,2021-09-30,1,1001,0,0,0
35.522.281/0001-27,2021-12-31,1,10000,0,0,0
35.522.281/0001-27,2022-03-31,1,10,0,0,0
35.522.281/0001-27,2022-06-30,1,10,0,0,0
35.593.905/0001-05,2020-12-31,1,622404,0,0,0
35.593.905/0001-05,2021-03-31,1,622404,0,0,0
35.593.905/0001-05,2021-06-30,1,622404,0,0,0
35.593.905/0001-05,2021-09-30,1,622405,0,0,0
35.593.905/0001-05,2021-12-31,1,622407,0,0,0
35.593.905/0001-05,2022-03-31,1,622407,0,0,0
35.593.905/0001-05,2022-06-30,1,622407,0,0,0
35.593.905/0001-05,2022-09-30,1,622407,0,0,0
35.593.905/0001-05,2022-12-31,1,622407,0,0,0
35.593.905/0001-05,2023-03-31,1,622407,0,0,0
35.593.905/0001-05,2023-06-30,1,622407,0,0,0
35.593.905/0001-05,2023-09-30,1,622407,0,0,0
35.593.905/0001-05,2023-12-31,1,622407,0,0,0
35.593.905/0001-05,2024-03-31,1,622407,0,0,0
35.593.905/0001-05,2024-06-30,1,622407,0,0,0
35.593.905/0001-05,2024-09-30,1,622407,0,0,0
35.593.905/0001-05,2024-12-31,1,819407,0,0,0
35.593.905/0001-05,2025-03-31,1,819407,0,0,0
35.593.905/0001-05,2025-06-30,1,819407,0,0,0
35.593.905/0001-05,2025-09-30,1,819407,0,0,0
35.593.905/0001-05,2025-12-31,1,819407,0,0,0
35.593.905/0001-05,2026-03-31,1,819407,0,0,0
35.593.905/0001-05,2026-06-30,1,819407,0,0,0
35.654.688/0001-08,2023-12-31,1,1044661577,0,0,0
35.654.688/0001-08,2024-03-31,1,1044661577,0,0,0
35.654.688/0001-08,2024-06-30,1,1244661577,0,0,0
35.654.688/0001-08,2024-09-30,1,1244661577,0,0,0
35.654.688/0001-08,2024-12-31,2,1894302852,0,0,0
35.654.688/0001-08,2025-03-31,1,1894302852,0,0,0
35.654.688/0001-08,2025-06-30,1,3788605704,0,0,0
35.654.688/0001-08,2025-09-30,1,3788605704,0,0,0
35.654.688/0001-08,2025-12-31,1,37886057,0,0,0
35.654.688/0001-08,2026-03-31,1,37886057,0,0,0
35.654.688/0001-08,2026-06-30,1,37886057,0,0,0
35.727.157/0001-06,2020-03-31,1,1000,0,0,0
35.727.157/0001-06,2020-06-30,1,200000000,0,0,0
35.727.157/0001-06,2020-09-30,1,200000000,0,0,0
35.727.157/0001-06,2020-12-31,1,200000000,0,0,0
35.727.157/0001-06,2021-03-31,1,200000000,0,0,0
35.727.157/0001-06,2021-06-30,1,200000000,0,0,0
35.727.157/0001-06,2021-09-30,1,200000000,0,0,0
35.727.157/0001-06,2021-12-31,1,200000000,0,0,0
35.727.157/0001-06,2022-03-31,1,200000000,0,0,0
35.727.157/0001-06,2022-06-30,1,200000000,0,0,0
35.727.157/0001-06,2022-09-30,1,200000000,0,0,0
35.727.157/0001-06,2022-12-31,1,200000000,0,0,0
35.727.157/0001-06,2023-03-31,1,200000000,0,0,0
35.727.157/0001-06,2023-06-30,1,200000000,0,0,0
35.727.157/0001-06,2023-09-30,1,200000000,0,0,0
35.727.157/0001-06,2023-12-31,1,200000000,0,0,0
35.727.157/0001-06,2024-03-31,1,200000,0,0,0
35.727.157/0001-06,2024-06-30,1,200000,0,0,0
35.727.157/0001-06,2024-09-30,1,200000,0,0,0
35.727.157/0001-06,2024-12-31,1,200000,0,0,0
35.727.157/0001-06,2025-03-31,1,200000,0,0,0
35.727.157/0001-06,2025-06-30,1,200000,0,0,0
35.727.157/0001-06,2025-09-30,1,200000,0,0,0
35.727.157/0001-06,2025-12-31,1,200000,0,0,0
35.727.157/0001-06,2026-03-31,1,200000,0,0,0
35.727.157/0001-06,2026-06-30,1,200000,0,0,0
35.764.708/0001-01,2023-12-31,1,141383700,0,0,0
35.764.708/0001-01,2024-03-31,1,141383700,0,0,0
35.764.708/0001-01,2024-06-30,1,141383700,0,0,0
35.764.708/0001-01,2024-09-30,1,141383700,0,0,0
35.764.708/0001-01,2024-12-31,1,154529600,0,0,0
35.764.708/0001-01,2025-03-31,1,168272421,0,0,0
35.764.708/0001-01,2025-06-30,1,155001800,21748921,0,0
35.764.708/0001-01,2025-09-30,1,148606300,29231644,0,0
35.764.708/0001-01,2025-12-31,1,155398600,30181529,0,0
35.764.708/0001-01,2026-03-31,1,155398600,32366084,0,0
35.764.708/0001-01,2026-06-30,1,156825800,33516959,0,0
35.791.391/0001-94,2020-03-31,2,861605,0,0,0
35.791.391/0001-94,2020-06-30,1,861605,0,0,0
35.791.391/0001-94,2020-09-30,4,861605,0,0,0
35.791.391/0001-94,2020-12-31,1,861605,0,0,0
35.791.391/0001-94,2021-03-31,1,861605,0,0,0
35.791.391/0001-94,2021-06-30,1,861605,0,0,0
35.791.391/0001-94,2021-09-30,1,861605,0,0,0
35.791.391/0001-94,2021-12-31,2,861605,0,0,0
35.791.391/0001-94,2022-03-31,1,861605,0,0,0
35.791.391/0001-94,2022-06-30,1,861605,0,0,0
35.791.391/0001-94,2022-09-30,1,861605,0,0,0
35.791.391/0001-94,2022-12-31,1,861605,0,0,0
35.791.391/0001-94,2023-03-31,1,861605,0,0,0
35.791.391/0001-94,2023-06-30,2,861605,0,0,0
35.791.391/0001-94,2023-09-30,1,861605,0,0,0
35.791.391/0001-94,2023-12-31,2,861605,0,0,0
35.791.391/0001-94,2024-03-31,2,861605,0,0,0
35.791.391/0001-94,2024-06-30,1,861605,0,0,0
35.791.391/0001-94,2024-09-30,1,861605,0,0,0
35.791.391/0001-94,2024-12-31,2,861605,0,0,0
35.791.391/0001-94,2025-03-31,2,861605,0,0,0
35.791.391/0001-94,2025-06-30,1,861605,0,0,0
35.791.391/0001-94,2025-09-30,1,861605,0,0,0
35.791.391/0001-94,2025-12-31,1,861605,0,0,0
35.791.391/0001-94,2026-03-31,1,861605,0,0,0
35.791.391/0001-94,2026-06-30,1,8616050,0,0,0
35.822.503/0001-27,2022-12-31,1,355906780,0,0,0
35.822.503/0001-27,2023-03-31,1,355907,0,0,0
35.822.503/0001-27,2023-06-30,1,355906780,0,0,0
35.822.503/0001-27,2023-09-30,1,355906780,0,0,0
35.822.503/0001-27,2023-12-31,1,355906781,0,0,0
35.822.503/0001-27,2024-03-31,1,360660838,0,0,0
35.822.503/0001-27,2024-06-30,1,360660838,0,0,0
35.822.503/0001-27,2024-09-30,1,360660838,0,0,0
35.822.503/0001-27,2024-12-31,2,360743639,0,0,0
35.822.503/0001-27,2025-03-31,1,360743639,0,0,0
35.822.503/0001-27,2025-06-30,1,360743639,0,0,0
35.822.503/0001-27,2025-09-30,1,360742428,0,1211,0
35.822.503/0001-27,2025-12-31,3,360771409,0,70,0
35.822.503/0001-27,2026-03-31,1,360771409,0,15819,0
35.822.503/0001-27,2026-06-30,1,360801409,0,108939,0
35.980.592/0001-30,2021-12-31,1,10948437,0,0,0
35.980.592/0001-30,2022-03-31,1,10948437,0,0,0
35.980.592/0001-30,2022-06-30,1,10948437,0,0,0
35.980.592/0001-30,2022-09-30,1,74720161,0,0,0
35.980.592/0001-30,2022-12-31,1,10948437,0,0,0
35.980.592/0001-30,2023-03-31,1,74720161,0,0,0
35.980.592/0001-30,2023-06-30,1,74720161,0,0,0
35.980.592/0001-30,2023-09-30,1,74720161,0,0,0
35.980.592/0001-30,2023-12-31,1,74720161,0,0,0
35.980.592/0001-30,2024-03-31,1,74720161,0,0,0
35.980.592/0001-30,2024-06-30,1,74720161,0,0,0
35.980.592/0001-30,2024-09-30,1,74720161,0,0,0
35.980.592/0001-30,2024-12-31,1,74720161,0,0,0
35.980.592/0001-30,2025-03-31,1,74720161,0,0,0
35.980.592/0001-30,2025-06-30,1,74720161,0,0,0
35.980.592/0001-30,2025-09-30,1,74720161,0,0,0
35.980.592/0001-30,2025-12-31,1,74720161,0,0,0
35.980.592/0001-30,2026-03-31,1,74720161,0,0,0
35.980.592/0001-30,2026-06-30,1,607570077,0,0,0
36.146.575/0001-64,2021-12-31,1,969857,0,0,0
36.146.575/0001-64,2022-03-31,1,969857,0,0,0
36.146.575/0001-64,2022-06-30,1,969857,0,0,0
36.146.575/0001-64,2022-09-30,1,969857,0,0,0
36.146.575/0001-64,2022-12-31,1,969857,0,0,0
36.146.575/0001-64,2023-03-31,1,969857,0,0,0
36.146.575/0001-64,2023-06-30,1,969857,0,0,0
36.146.575/0001-64,2023-09-30,1,969857,0,0,0
36.146.575/0001-64,2023-12-31,1,969857,0,0,0
36.146.575/0001-64,2024-03-31,1,969857,0,0,0
36.146.575/0001-64,2024-06-30,1,969857,0,0,0
36.146.575/0001-64,2024-09-30,1,969857,0,0,0
36.146.575/0001-64,2024-12-31,2,969857,0,0,0
36.146.575/0001-64,2025-03-31,1,969857,0,0,0
36.146.575/0001-64,2025-06-30,1,969857,0,0,0
36.146.575/0001-64,2025-09-30,2,1177584,0,0,0
36.146.575/0001-64,2025-12-31,1,1177584,0,0,0
36.146.575/0001-64,2026-03-31,1,1177584,0,0,0
36.146.575/0001-64,2026-06-30,1,1177584,0,0,0
36.243.187/0001-00,2020-03-31,1,10000,0,0,0
36.243.187/0001-00,2020-06-30,1,10000,0,0,0
36.243.187/0001-00,2020-09-30,1,10000,0,0,0
36.243.187/0001-00,2020-12-31,1,10000,0,0,0
36.243.187/0001-00,2021-03-31,1,10000,0,0,0
36.243.187/0001-00,2021-06-30,1,10000,0,0,0
36.243.187/0001-00,2021-09-30,1,10000,0,0,0
36.243.187/0001-00,2021-12-31,1,10000,0,0,0
36.243.187/0001-00,2022-03-31,1,10000,0,0,0
36.542.025/0001-64,2020-03-31,1,133186083,0,671173,0
36.542.025/0001-64,2020-06-30,1,133186083,0,671173,0
36.542.025/0001-64,2020-09-30,2,133186083,0,575956,0
36.542.025/0001-64,2020-12-31,1,132975127,0,210956,0
36.542.025/0001-64,2021-03-31,1,132803910,0,382173,0
36.542.025/0001-64,2021-06-30,1,132803910,0,382173,0
36.542.025/0001-64,2021-09-30,1,132803910,0,382173,0
36.542.025/0001-64,2021-12-31,2,133186083,0,382173,0
36.542.025/0001-64,2022-03-31,1,133186083,0,382173,0
36.542.025/0001-64,2022-06-30,1,133186083,0,322173,0
36.542.025/0001-64,2022-09-30,1,133186083,0,322173,0
36.542.025/0001-64,2022-12-31,1,133186083,0,322173,0
36.542.025/0001-64,2023-03-31,1,133186083,0,322173,0
36.542.025/0001-64,2023-06-30,1,133186083,0,676085,0
36.542.025/0001-64,2023-09-30,1,133186083,0,676085,0
36.542.025/0001-64,2023-12-31,1,133186083,0,676085,0
36.542.025/0001-64,2024-03-31,1,133186083,0,676085,0
36.542.025/0001-64,2024-06-30,1,133186083,0,1120216,0
36.542.025/0001-64,2024-09-30,1,133186083,0,1318911,0
36.542.025/0001-64,2024-12-31,1,133186083,0,1318911,0
36.542.025/0001-64,2025-03-31,2,133186083,0,1318911,0
36.542.025/0001-64,2025-06-30,1,133186083,0,1415867,0
36.542.025/0001-64,2025-09-30,1,133186083,0,1415867,0
36.542.025/0001-64,2025-12-31,1,133186083,0,1415867,0
36.542.025/0001-64,2026-03-31,1,133186083,5345652,2075432,0
36.542.025/0001-64,2026-06-30,1,133186083,5345652,2075432,0
36.729.398/0001-49,2020-12-31,1,10000,0,0,0
36.729.398/0001-49,2021-03-31,1,10000,0,0,0
36.729.398/0001-49,2021-06-30,1,1,0,0,0
36.729.398/0001-49,2021-09-30,1,10000,0,0,0
36.729.398/0001-49,2021-12-31,1,10000,0,0,0
36.729.398/0001-49,2022-03-31,1,10,0,0,0
36.729.398/0001-49,2022-06-30,1,10,0,0,0
36.763.716/0001-98,2021-12-31,1,991031991,0,0,0
36.763.716/0001-98,2022-03-31,1,991031991,0,0,0
36.763.716/0001-98,2022-06-30,1,991031991,0,0,0
36.763.716/0001-98,2022-09-30,1,991031991,0,0,0
36.763.716/0001-98,2022-12-31,2,991031991,991031991,0,0
36.763.716/0001-98,2023-03-31,1,991031991,991031991,0,0
36.763.716/0001-98,2023-06-30,1,991031991,0,0,0
36.763.716/0001-98,2023-09-30,1,991031991,0,0,0
36.763.716/0001-98,2023-12-31,1,991031991,0,0,0
36.763.716/0001-98,2024-03-31,1,991031991,0,0,0
36.763.716/0001-98,2024-06-30,1,991031991,0,0,0
36.763.716/0001-98,2024-09-30,1,991031991,0,0,0
36.763.716/0001-98,2024-12-31,1,991031991,0,0,0
36.763.716/0001-98,2025-03-31,2,991031991,0,0,0
36.763.716/0001-98,2025-06-30,1,991031991,0,0,0
36.763.716/0001-98,2025-09-30,1,991031991,0,0,0
36.763.716/0001-98,2025-12-31,1,991031991,0,0,0
36.763.716/0001-98,2026-03-31,1,991031991,0,0,0
36.763.716/0001-98,2026-06-30,1,991031991,0,0,0
37.368.315/0001-04,2020-06-30,1,5000,0,0,0
37.368.315/0001-04,2020-09-30,1,5000,0,0,0
37.368.315/0001-04,2020-09-30,1,5000,0,0,0
37.368.315/0001-04,2020-12-31,1,5000,0,0,0
37.368.315/0001-04,2021-03-31,1,5000,0,0,0
37.368.315/0001-04,2021-06-30,1,5000,0,0,0
37.368.315/0001-04,2021-09-30,1,5000,0,0,0
37.368.315/0001-04,2021-12-31,1,5000,0,0,0
37.368.315/0001-04,2022-03-31,1,5000,0,0,0
37.368.315/0001-04,2022-06-30,1,5000,0,0,0
37.592.100/0001-64,2020-06-30,1,1000,0,0,0
37.592.100/0001-64,2020-09-30,1,1000,0,0,0
37.592.100/0001-64,2020-12-31,1,1140,0,0,0
37.592.100/0001-64,2021-03-31,1,6459,0,0,0
37.592.100/0001-64,2021-06-30,1,10000,0,0,0
37.592.100/0001-64,2021-09-30,1,10000,0,0,0
37.592.100/0001-64,2021-12-31,1,10000,0,0,0
37.592.100/0001-64,2022-03-31,1,10000,0,0,0
37.663.076/0001-07,2020-03-31,1,500,0,0,0
37.663.076/0001-07,2020-06-30,1,500,0,0,0
37.663.076/0001-07,2020-09-30,1,500,0,0,0
37.663.076/0001-07,2020-12-31,1,500,0,0,0
37.663.076/0001-07,2021-03-31,1,399106517,0,3,0
37.663.076/0001-07,2021-06-30,2,399106520,0,0,0
37.663.076/0001-07,2021-09-30,3,399106517,0,3,0
37.663.076/0001-07,2021-12-31,3,492106495,0,0,0
37.663.076/0001-07,2022-03-31,1,492106495,0,0,0
37.663.076/0001-07,2022-06-30,1,492106495,0,0,0
37.663.076/0001-07,2022-09-30,1,492106495,0,0,0
37.663.076/0001-07,2022-12-31,1,601927311,0,0,0
37.663.076/0001-07,2023-03-31,1,601927311,0,0,0
37.663.076/0001-07,2023-06-30,1,601927311,0,0,0
37.663.076/0001-07,2023-09-30,1,601927311,0,0,0
37.663.076/0001-07,2023-12-31,1,601927311,0,0,0
37.663.076/0001-07,2024-03-31,1,601927311,0,0,0
37.663.076/0001-07,2024-06-30,1,601927311,0,0,0
37.663.076/0001-07,2024-09-30,1,604049682,0,0,0
37.663.076/0001-07,2024-12-31,1,751076090,0,3140,0
37.663.076/0001-07,2025-03-31,1,858844482,0,3140,0
37.663.076/0001-07,2025-06-30,1,858845,0,3,0
37.663.076/0001-07,2025-09-30,1,943773,0,3,0
37.663.076/0001-07,2025-12-31,1,943770,0,3,0
37.663.076/0001-07,2026-03-31,1,1030528,0,3,0
37.702.340/0001-74,2021-03-31,1,1000,0,0,0
37.702.340/0001-74,2021-06-30,1,471064376,0,0,0
37.702.340/0001-74,2021-06-30,1,471064376,0,0,0
37.702.340/0001-74,2021-09-30,2,472264376,0,0,0
37.702.340/0001-74,2021-12-31,2,472264376,0,0,0
37.702.340/0001-74,2022-03-31,1,472264376,0,0,0
37.702.340/0001-74,2022-06-30,1,472264376,0,0,0
37.702.340/0001-74,2022-09-30,1,472264376,0,0,0
37.702.340/0001-74,2022-12-31,1,472264376,0,0,0
37.702.340/0001-74,2023-03-31,1,472264376,0,0,0
37.702.340/0001-74,2023-06-30,1,472264376,0,0,0
37.702.340/0001-74,2023-09-30,1,472264376,0,0,0
37.702.340/0001-74,2023-12-31,1,472264376,0,0,0
37.702.340/0001-74,2024-03-31,1,4722643760,0,0,0
37.702.340/0001-74,2024-06-30,1,472264376,0,0,0
37.702.340/0001-74,2024-09-30,2,472264376,0,0,0
37.702.340/0001-74,2024-12-31,1,136264376,0,0,0
37.702.340/0001-74,2025-03-31,1,136264376,0,0,0
37.702.340/0001-74,2025-06-30,1,136264376,0,0,0
37.702.340/0001-74,2025-09-30,1,136264376,0,0,0
37.702.340/0001-74,2025-12-31,1,143961479,0,0,0
37.702.340/0001-74,2026-03-31,1,143961479,0,0,0
37.702.340/0001-74,2026-06-30,1,143961479,0,0,0
38.042.694/0001-00,2020-09-30,1,500,0,0,0
38.042.694/0001-00,2020-12-31,1,500,0,0,0
38.042.694/0001-00,2021-03-31,1,500,0,0,0
38.042.694/0001-00,2021-06-30,1,500,0,0,0
38.042.694/0001-00,2021-09-30,1,1,0,0,0
38.042.694/0001-00,2021-12-31,2,500,0,0,0
38.042.694/0001-00,2022-03-31,1,1,0,0,0
38.042.694/0001-00,2022-06-30,1,1,0,0,0
38.042.694/0001-00,2022-09-30,1,1,0,0,0
38.042.694/0001-00,2022-12-31,1,500,0,0,0
38.042.694/0001-00,2023-03-31,1,500,0,0,0
38.042.694/0001-00,2023-06-30,1,500,0,0,0
38.042.694/0001-00,2023-09-30,1,500,0,0,0
38.042.694/0001-00,2023-12-31,1,500,0,0,0
38.042.694/0001-00,2024-03-31,1,500,0,0,0
38.042.694/0001-00,2024-06-30,1,500,0,0,0
38.042.694/0001-00,2024-09-30,1,500,0,0,0
38.042.694/0001-00,2024-12-31,1,500,0,0,0
38.042.694/0001-00,2025-03-31,1,500,0,0,0
38.042.694/0001-00,2025-06-30,1,500,0,0,0
38.042.694/0001-00,2025-09-30,1,500,0,0,0
38.042.694/0001-00,2025-12-31,1,500,0,0,0
38.042.694/0001-00,2026-03-31,1,500,0,0,0
38.042.694/0001-00,2026-06-30,1,500,0,0,0
38.126.888/0001-86,2020-12-31,1,12016207,0,0,0
38.126.888/0001-86,2021-03-31,1,701219687,0,0,0
38.126.888/0001-86,2021-06-30,1,701219748,0,0,0
38.126.888/0001-86,2021-09-30,1,701219748,0,0,0
38.126.888/0001-86,2021-12-31,1,701219748,0,0,0
38.126.888/0001-86,2022-03-31,2,701219748,0,0,0
38.126.888/0001-86,2022-06-30,1,701219748,0,0,0
38.126.888/0001-86,2022-09-30,1,701219748,0,0,0
38.126.888/0001-86,2022-12-31,1,783227667,0,0,0
38.126.888/0001-86,2023-03-31,1,936529002,0,0,0
38.199.406/0001-18,2020-12-31,1,23571000,0,0,0
38.199.406/0001-18,2021-03-31,1,46000,0,0,0
38.199.406/0001-18,2021-06-30,1,46000,0,0,0
38.199.406/0001-18,2021-09-30,1,46000,0,0,0
38.199.406/0001-18,2021-12-31,1,46000,0,0,0
38.199.406/0001-18,2021-12-31,1,46000,0,0,0
38.199.406/0001-18,2022-03-31,1,46000,0,0,0
38.199.406/0001-18,2022-06-30,1,46000,0,0,0
38.199.406/0001-18,2022-09-30,2,46,0,0,0
38.199.406/0001-18,2022-12-31,2,46,0,0,0
38.199.406/0001-18,2023-03-31,1,46,0,0,0
38.199.406/0001-18,2023-06-30,2,46000,0,0,0
38.199.406/0001-18,2023-09-30,3,46000,0,0,0
38.199.406/0001-18,2023-12-31,2,46000,0,0,0
38.199.406/0001-18,2024-03-31,2,46000,0,0,0
38.199.406/0001-18,2024-06-30,2,46000,0,0,0
38.199.406/0001-18,2024-09-30,1,46,0,0,0
38.199.406/0001-18,2024-12-31,1,46000,0,0,0
38.199.406/0001-18,2025-03-31,1,46000,0,0,0
38.199.406/0001-18,2025-06-30,1,46000,0,0,0
38.199.406/0001-18,2025-09-30,2,46000,0,0,0
38.199.406/0001-18,2025-12-31,1,46151,0,0,0
38.199.406/0001-18,2026-03-31,1,46000,0,0,0
38.199.406/0001-18,2026-06-30,1,46000,0,0,0
38.286.323/0001-66,2024-03-31,1,633123134,583059344,0,0
38.286.323/0001-66,2024-06-30,1,633123134,451188190,0,0
38.286.323/0001-66,2024-09-30,1,633123134,456899648,0,0
38.286.323/0001-66,2024-12-31,1,633123134,456899648,0,0
38.286.323/0001-66,2025-03-31,1,633123134,456899648,0,0
38.286.323/0001-66,2025-06-30,1,633123134,456899648,0,0
38.286.323/0001-66,2025-09-30,1,633123134,456899648,0,0
38.286.323/0001-66,2025-12-31,1,633123134,419827666,0,0
38.286.323/0001-66,2026-03-31,1,633123134,419827666,0,0
38.286.323/0001-66,2026-06-30,1,633123134,419827666,0,0
38.307.135/0001-77,2020-12-31,1,66025325,0,0,0
38.307.135/0001-77,2021-03-31,2,66025325,0,0,0
38.307.135/0001-77,2021-06-30,3,105279851,0,0,0
38.307.135/0001-77,2021-09-30,1,105279851,0,0,0
38.307.135/0001-77,2021-12-31,2,73128538,32151313,0,0
38.307.135/0001-77,2022-03-31,1,73128538,32151313,0,0
38.307.135/0001-77,2022-06-30,1,73128538,32151313,0,0
38.307.135/0001-77,2022-09-30,1,73433953,31845898,0,0
38.307.135/0001-77,2022-12-31,1,84975995,30080393,0,0
38.307.135/0001-77,2023-03-31,1,84975995,30080393,0,0
38.307.135/0001-77,2023-06-30,1,84975995,30080393,0,0
38.307.135/0001-77,2023-09-30,1,84975995,30080393,0,0
38.307.135/0001-77,2023-12-31,1,84975995,30080393,0,0
38.307.135/0001-77,2024-03-31,1,84975995,30080393,0,0
38.307.135/0001-77,2024-06-30,1,84975995,30080393,0,0
38.307.135/0001-77,2024-09-30,1,84975995,30080393,0,0
38.307.135/0001-77,2024-12-31,1,84975995,30080393,0,0
38.307.135/0001-77,2025-03-31,1,84975995,30080393,0,0
38.307.135/0001-77,2025-06-30,1,84975995,30080393,0,0
38.307.135/0001-77,2025-09-30,1,84975995,30080393,0,0
38.307.135/0001-77,2025-12-31,1,84975995,30080393,0,0
38.307.135/0001-77,2026-03-31,1,84975995,30080393,0,0
38.307.135/0001-77,2026-06-30,1,115056388,0,0,0
38.456.921/0001-36,2020-12-31,1,220861983,0,0,0
38.456.921/0001-36,2021-03-31,1,183285726,0,0,0
38.456.921/0001-36,2021-06-30,2,239684976,0,0,0
38.456.921/0001-36,2021-09-30,2,243958681,0,0,0
38.456.921/0001-36,2021-12-31,2,278256540,0,0,0
38.456.921/0001-36,2022-03-31,2,281636472,0,0,0
38.456.921/0001-36,2022-06-30,1,281938552,0,0,0
38.456.921/0001-36,2022-09-30,2,281938552,0,0,0
38.456.921/0001-36,2022-12-31,2,365529734,0,0,0
38.456.921/0001-36,2023-03-31,1,365529734,0,0,0
38.456.921/0001-36,2023-06-30,2,387335513,0,0,0
38.456.921/0001-36,2023-09-30,1,387335513,0,0,0
38.456.921/0001-36,2023-12-31,1,637335513,0,0,0
38.456.921/0001-36,2024-03-31,2,637483368,0,0,0
38.456.921/0001-36,2024-06-30,2,637483368,0,0,0
38.456.921/0001-36,2024-09-30,1,637483368,0,0,0
38.456.921/0001-36,2024-12-31,4,797937202,0,0,0
38.456.921/0001-36,2025-03-31,1,797937202,0,0,0
38.456.921/0001-36,2025-06-30,1,1480408287,0,0,0
38.456.921/0001-36,2025-09-30,1,2238871110,0,0,0
38.456.921/0001-36,2025-12-31,1,121258965,0,0,0
38.456.921/0001-36,2026-03-31,1,130861748,0,0,0
38.456.921/0001-36,2026-06-30,1,2410393229,0,0,0
38.482.780/0001-26,2021-12-31,1,197000063,0,0,0
38.482.780/0001-26,2022-03-31,1,197000,0,0,0
38.482.780/0001-26,2022-06-30,1,197000,0,0,0
38.482.780/0001-26,2022-09-30,1,197000,0,0,0
38.482.780/0001-26,2022-12-31,1,197000,0,0,0
38.482.780/0001-26,2023-03-31,2,197000,0,0,0
38.482.780/0001-26,2023-06-30,1,197000,0,0,0
38.482.780/0001-26,2023-09-30,1,370555,0,0,0
38.482.780/0001-26,2023-12-31,1,49155276,49155276,0,0
38.482.780/0001-26,2024-03-31,1,49155,49155,0,0
38.482.780/0001-26,2024-06-30,1,49155,49155,0,0
38.482.780/0001-26,2024-09-30,1,49155,49155,0,0
38.482.780/0001-26,2024-12-31,2,49155276,49155276,0,0
38.482.780/0001-26,2025-03-31,1,49155,49155,0,0
38.482.780/0001-26,2025-06-30,1,49155,49155,0,0
38.482.780/0001-26,2025-09-30,1,49155,49155,0,0
38.543.489/0001-10,2021-12-31,1,100000,0,0,0
38.543.489/0001-10,2022-06-30,1,100000,0,0,0
38.543.489/0001-10,2022-09-30,1,100000,0,0,0
38.543.489/0001-10,2022-12-31,1,100000,0,0,0
38.543.489/0001-10,2023-03-31,1,100000,0,0,0
39.115.514/0001-28,2020-03-31,1,459057998,19402076,0,0
39.115.514/0001-28,2020-06-30,1,459057998,19402076,0,0
39.115.514/0001-28,2020-09-30,1,459057998,19402076,0,0
39.115.514/0001-28,2020-12-31,1,459057998,19402076,0,0
39.115.514/0001-28,2021-03-31,1,459057998,19402076,0,0
39.115.514/0001-28,2021-06-30,1,459057998,19402076,0,0
39.115.514/0001-28,2021-09-30,1,459057998,19402076,0,0
39.115.514/0001-28,2021-12-31,1,459057998,19402076,0,0
39.115.514/0001-28,2022-03-31,1,459057998,19402076,0,0
39.115.514/0001-28,2022-06-30,1,459057998,19402076,0,0
39.115.514/0001-28,2022-09-30,1,469852195,19858293,0,0
39.115.514/0001-28,2022-12-31,1,469852195,19858293,0,0
39.115.514/0001-28,2023-03-31,1,10064341317,425369171,0,0
39.115.514/0001-28,2023-06-30,1,10064341317,425369171,0,0
39.115.514/0001-28,2023-09-30,1,10064341317,425369171,0,0
39.115.514/0001-28,2023-12-31,1,10064341317,425369171,0,0
39.115.514/0001-28,2024-03-31,1,10064341317,425369171,0,0
39.115.514/0001-28,2024-06-30,1,20138554895,851155593,0,0
39.115.514/0001-28,2024-09-30,1,27814146193,1175564295,0,0
39.115.514/0001-28,2024-12-31,1,27814146193,1175564295,0,0
39.115.514/0001-28,2025-03-31,1,40286982052,1702728436,0,0
39.115.514/0001-28,2025-06-30,1,40286982052,1702728436,0,0
39.115.514/0001-28,2025-09-30,1,40286982052,1702728436,0,0
39.115.514/0001-28,2025-12-31,1,40286982052,1702728436,0,0
39.115.514/0001-28,2026-03-31,1,40286982052,1702728436,0,0
39.115.514/0001-28,2026-06-30,1,40286982052,1702728436,0,0
39.346.861/0350-38,2020-12-31,1,6801464243,0,0,0
39.346.861/0350-38,2021-03-31,1,6801464243,0,0,0
39.346.861/0350-38,2021-06-30,1,6801464243,0,0,0
39.346.861/0350-38,2021-09-30,1,6801464,0,0,0
39.346.861/0350-38,2021-12-31,1,6801464243,0,0,0
39.346.861/0350-38,2022-03-31,1,6801464243,0,0,0
39.346.861/0350-38,2022-06-30,1,6801464243,0,0,0
39.346.861/0350-38,2022-09-30,1,6801464243,0,0,0
39.346.861/0350-38,2022-12-31,1,6801464243,0,0,0
39.346.861/0350-38,2023-03-31,1,6801464243,0,0,0
39.346.861/0350-38,2023-06-30,1,6801464243,0,0,0
39.346.861/0350-38,2023-09-30,1,6801464243,0,0,0
39.346.861/0350-38,2023-12-31,1,6801464243,0,0,0
39.346.861/0350-38,2024-03-31,1,8442290243,0,0,0
39.346.861/0350-38,2024-06-30,1,8442290243,0,0,0
39.346.861/0350-38,2024-09-30,1,8442290243,0,0,0
39.393.829/0001-37,2020-10-08,1,250000,0,0,0
39.393.829/0001-37,2020-12-31,1,250000,0,0,0
39.393.829/0001-37,2021-03-31,1,250000,0,0,0
39.393.829/0001-37,2021-06-30,1,250000,0,0,0
39.393.829/0001-37,2021-09-30,1,250000,0,0,0
39.580.673/0001-01,2021-12-31,1,683598688,0,0,0
39.580.673/0001-01,2022-03-31,1,683598688,0,0,0
39.580.673/0001-01,2022-06-30,1,840926897,0,0,0
39.580.673/0001-01,2022-09-30,1,840926897,0,0,0
39.580.673/0001-01,2022-12-31,1,840926897,0,0,0
39.580.673/0001-01,2023-03-31,1,1407552519,0,0,0
39.580.673/0001-01,2023-06-30,1,1407552519,0,0,0
39.580.673/0001-01,2023-09-30,1,1407552519,0,0,0
39.580.673/0001-01,2023-12-31,1,1407552519,0,0,0
39.580.673/0001-01,2024-03-31,1,1407552519,0,0,0
39.580.673/0001-01,2024-06-30,1,1407552519,0,0,0
39.580.673/0001-01,2024-09-30,1,1407552519,0,0,0
39.580.673/0001-01,2024-12-31,1,1407552519,0,0,0
39.580.673/0001-01,2025-03-31,1,1407552519,0,0,0
39.580.673/0001-01,2025-06-30,2,1488754772,0,0,0
39.580.673/0001-01,2025-09-30,1,1488754772,0,0,0
39.580.673/0001-01,2025-12-31,1,1488754772,0,0,0
39.580.673/0001-01,2026-03-31,1,1488754772,0,0,0
39.580.673/0001-01,2026-06-30,1,1488754772,0,0,0
39.881.421/0001-04,2021-12-31,1,9491023,145543,0,0
39.881.421/0001-04,2022-03-31,1,9491023,145543,0,0
39.881.421/0001-04,2022-06-30,1,9491023,145543,0,0
39.881.421/0001-04,2022-09-30,1,9491023,145543,0,0
39.881.421/0001-04,2022-12-31,1,9491023,145543,0,0
39.881.421/0001-04,2023-03-31,1,9491023,145543,0,0
39.881.421/0001-04,2023-06-30,1,9491023,145543,0,0
39.881.421/0001-04,2023-09-30,1,9491023,145543,0,0
39.881.421/0001-04,2023-12-31,1,9491023,145543,0,0
39.881.421/0001-04,2024-03-31,1,9449127,89064,0,0
39.881.421/0001-04,2024-06-30,1,9449127,89064,0,0
39.881.421/0001-04,2024-09-30,1,9449127,89064,0,0
39.881.421/0001-04,2024-12-31,1,9449127,89064,0,0
39.881.421/0001-04,2025-03-31,1,9449127,89064,0,0
39.881.421/0001-04,2025-06-30,1,9449127,89064,0,0
39.881.421/0001-04,2025-09-30,1,9449127,89064,0,0
39.881.421/0001-04,2025-12-31,1,15926774,89064,0,0
39.881.421/0001-04,2026-03-31,1,15926774,89064,0,0
39.881.421/0001-04,2026-06-30,1,15926774,89064,0,0
40.159.947/0001-64,2020-12-31,1,250000,0,0,0
40.159.947/0001-64,2021-03-31,1,250000,0,0,0
40.159.947/0001-64,2021-06-30,1,250000,0,0,0
40.159.947/0001-64,2021-09-30,1,237500,12500,0,0
40.159.947/0001-64,2021-12-31,4,1834130255,0,0,0
40.159.947/0001-64,2022-03-31,2,1834130,0,0,0
40.159.947/0001-64,2022-06-30,2,1834130255,0,0,0
40.159.947/0001-64,2022-09-30,2,1834130255,0,0,0
40.159.947/0001-64,2022-12-31,2,1833880255,0,0,0
40.159.947/0001-64,2023-03-31,2,1834130255,0,0,0
40.159.947/0001-64,2023-06-30,1,1834130255,0,0,0
40.159.947/0001-64,2023-09-30,2,1834130255,0,0,0
40.159.947/0001-64,2023-12-31,3,1834130255,0,0,0
40.159.947/0001-64,2024-03-31,3,1834130255,0,0,0
40.159.947/0001-64,2024-06-30,1,1834130255,0,0,0
40.159.947/0001-64,2024-09-30,1,1834130255,0,0,0
40.159.947/0001-64,2024-12-31,1,1834130255,0,0,0
40.159.947/0001-64,2025-03-31,1,1834130255,0,0,0
40.159.947/0001-64,2025-06-30,1,1834130255,0,0,0
40.159.947/0001-64,2025-09-30,1,1834130255,0,0,0
40.159.947/0001-64,2025-12-31,1,1834130255,0,0,0
40.159.947/0001-64,2026-03-31,1,1834130255,0,0,0
40.159.947/0001-64,2026-06-30,1,1834130255,0,0,0
40.180.943/0001-68,2022-12-31,1,995517914,0,0,0
40.180.943/0001-68,2023-03-31,1,995517914,0,0,0
40.180.943/0001-68,2023-06-30,1,1297432997,0,0,0
40.180.943/0001-68,2023-09-30,1,1297433,0,0,0
40.180.943/0001-68,2023-12-31,1,1297432997,0,0,0
40.180.943/0001-68,2024-03-31,1,1297432997,0,0,0
40.263.170/0001-83,2022-03-31,1,129195979,0,0,0
40.263.170/0001-83,2022-06-30,1,281382075,0,0,0
40.263.170/0001-83,2022-09-30,1,281382075,0,0,0
40.263.170/0001-83,2022-12-31,1,281382075,0,0,0
40.263.170/0001-83,2023-03-31,1,281382075,0,0,0
40.263.170/0001-83,2023-06-30,1,281832075,0,0,0
40.263.170/0001-83,2023-09-30,1,281382075,0,0,0
40.263.170/0001-83,2023-12-31,1,281382075,0,0,0
40.263.170/0001-83,2024-03-31,1,281382075,0,0,0
40.263.170/0001-83,2024-06-30,1,281382075,0,0,0
40.263.170/0001-83,2024-09-30,1,281382075,0,0,0
40.263.170/0001-83,2024-12-31,1,281382075,0,0,0
40.263.170/0001-83,2025-03-31,1,281382075,0,0,0
40.263.170/0001-83,2025-06-30,1,281382075,0,0,0
40.263.170/0001-83,2025-09-30,1,281382075,0,0,0
40.263.170/0001-83,2025-12-31,1,281382075,0,0,0
40.263.170/0001-83,2026-03-31,1,281382075,0,0,0
40.263.170/0001-83,2026-06-30,1,281382075,0,0,0
40.337.136/0001-06,2021-03-31,1,673588,0,0,0
40.337.136/0001-06,2021-06-30,1,96226,0,0,0
40.337.136/0001-06,2021-09-30,1,96227,0,0,0
40.337.136/0001-06,2021-12-31,1,96227,0,0,0
40.337.136/0001-06,2022-03-31,1,96227,0,0,0
40.337.136/0001-06,2022-06-30,1,96227,0,0,0
40.337.136/0001-06,2022-09-30,1,96227,0,40,0
40.337.136/0001-06,2022-12-31,1,96227,0,20,0
40.337.136/0001-06,2023-03-31,1,96227,0,20,0
40.337.136/0001-06,2023-06-30,1,96227,0,20,0
40.337.136/0001-06,2023-09-30,1,96227,0,20,0
40.337.136/0001-06,2023-12-31,1,96227,0,20,0
40.337.136/0001-06,2024-03-31,1,96227,0,20,0
40.337.136/0001-06,2024-06-30,1,96227,0,20,0
40.337.136/0001-06,2024-09-30,1,96227,0,20,0
40.337.136/0001-06,2024-12-31,1,96227,0,20,0
40.337.136/0001-06,2025-03-31,1,96227,0,20,0
40.337.136/0001-06,2025-06-30,1,96227,0,20,0
40.337.136/0001-06,2025-09-30,1,96227,0,20,0
40.337.136/0001-06,2025-12-31,1,96227,0,20,0
40.337.136/0001-06,2026-03-31,1,96227,0,20,0
40.337.136/0001-06,2026-06-30,1,96227,0,20,0
40.446.476/0001-75,2020-12-31,1,10000,0,0,0
40.446.476/0001-75,2021-03-31,1,10000,0,0,0
40.446.476/0001-75,2021-03-31,1,10000,0,0,0
40.446.476/0001-75,2021-06-30,1,10000,0,0,0
40.446.476/0001-75,2021-09-30,1,220,0,10,0
40.446.476/0001-75,2021-12-31,1,220,0,0,0
40.446.476/0001-75,2022-03-31,1,220,0,0,0
40.480.481/0001-02,2021-12-31,1,48000000,0,0,0
40.480.481/0001-02,2022-03-31,1,48000000,0,0,0
40.480.481/0001-02,2022-06-30,1,48000000,0,0,0
40.480.481/0001-02,2022-09-30,1,77106000,0,0,0
40.480.481/0001-02,2022-12-31,1,478106000,0,0,0
40.480.481/0001-02,2022-12-31,2,478106000,0,0,0
40.480.481/0001-02,2023-03-31,1,478106000,0,0,0
40.480.481/0001-02,2023-06-30,2,478106,0,0,0
40.480.481/0001-02,2023-09-30,3,479000,0,0,0
40.480.481/0001-02,2023-12-31,3,479000,0,0,0
40.480.481/0001-02,2024-03-31,3,479000,0,0,0
40.480.481/0001-02,2024-06-30,1,479000,0,0,0
40.480.481/0001-02,2024-09-30,1,479000,0,0,0
40.480.481/0001-02,2024-12-31,1,479000,0,0,0
40.480.481/0001-02,2025-03-31,1,479000,0,0,0
40.480.481/0001-02,2025-06-30,1,479000,0,0,0
40.593.395/0001-06,2020-12-31,1,1000,0,0,0
40.593.395/0001-06,2021-12-31,1,1000,0,0,0
40.593.395/0001-06,2022-02-28,1,1000,0,0,0
40.593.395/0001-06,2022-03-31,1,1000,0,0,0
40.593.395/0001-06,2022-06-30,1,1000,0,0,0
40.593.395/0001-06,2022-09-30,1,1000,0,0,0
40.593.395/0001-06,2022-12-31,1,1000,0,0,0
40.593.395/0001-06,2023-03-31,1,1000,0,0,0
40.593.395/0001-06,2023-06-30,1,1000,0,0,0
40.593.395/0001-06,2023-09-30,1,1000,0,0,0
40.593.395/0001-06,2023-12-31,3,1000,0,0,0
40.593.395/0001-06,2024-03-31,1,1000,0,0,0
40.593.395/0001-06,2024-06-30,1,1000,0,0,0
40.593.395/0001-06,2024-09-30,1,1000,0,0,0
40.593.395/0001-06,2024-12-31,1,1000,0,0,0
40.593.395/0001-06,2025-03-31,1,1000,0,0,0
40.593.395/0001-06,2025-06-30,1,1000,0,0,0
40.593.395/0001-06,2025-09-30,1,1000,0,0,0
40.593.395/0001-06,2025-12-31,1,1000,0,0,0
40.760.921/0001-77,2020-12-31,1,1000,0,0,0
40.760.921/0001-77,2021-03-31,1,1000,0,0,0
40.760.921/0001-77,2021-06-30,1,1000,0,0,0
40.760.921/0001-77,2021-09-30,1,1000,0,0,0
40.760.921/0001-77,2021-12-31,1,10000,0,0,0
40.760.921/0001-77,2022-03-31,1,10000,0,0,0
40.885.785/0001-41,2021-03-31,1,5000,0,0,0
40.885.785/0001-41,2021-06-30,1,5000,0,0,0
40.885.785/0001-41,2021-06-30,1,5000,0,0,0
40.885.785/0001-41,2021-09-30,1,5000,0,0,0
40.885.785/0001-41,2021-12-31,1,10000,0,0,0
40.885.785/0001-41,2022-03-31,1,5,0,0,0
40.885.785/0001-41,2022-06-30,1,5,0,0,0
40.997.635/0001-20,2021-03-31,1,500,0,0,0
40.997.635/0001-20,2021-03-31,1,500,0,0,0
40.997.635/0001-20,2021-06-30,1,500,0,0,0
40.997.635/0001-20,2021-09-30,1,1,0,0,0
40.997.635/0001-20,2021-12-31,2,500,0,0,0
40.997.635/0001-20,2022-03-31,1,1,0,0,0
40.997.635/0001-20,2022-06-30,1,1,0,0,0
40.997.635/0001-20,2022-09-30,1,500,0,0,0
40.997.635/0001-20,2022-12-31,1,500,0,0,0
40.997.635/0001-20,2023-03-31,1,500,0,0,0
40.997.635/0001-20,2023-06-30,1,500,0,0,0
40.997.635/0001-20,2023-09-30,1,500,0,0,0
40.997.635/0001-20,2023-12-31,1,500,0,0,0
40.997.635/0001-20,2023-12-31,1,500,0,0,0
40.997.635/0001-20,2024-03-31,1,500,0,0,0
40.997.635/0001-20,2024-06-30,1,500,0,0,0
40.997.635/0001-20,2024-09-30,1,500,0,0,0
40.997.635/0001-20,2024-12-31,1,500,0,0,0
40.997.635/0001-20,2025-03-31,1,500,0,0,0
40.997.635/0001-20,2025-06-30,1,500,0,0,0
40.997.635/0001-20,2025-09-30,1,500,0,0,0
40.997.635/0001-20,2025-12-31,1,500,0,0,0
41.052.420/0001-07,2021-12-31,1,1879814828,0,0,0
41.052.420/0001-07,2022-03-31,1,2331049259,0,0,0
41.052.420/0001-07,2022-06-30,1,2331049259,0,0,0
41.052.420/0001-07,2022-09-30,1,1190097985,1140951274,0,0
41.052.420/0001-07,2022-12-31,1,1190097985,1140951274,0,0
41.052.420/0001-07,2023-03-31,1,1190097985,1140951274,0,0
41.052.420/0001-07,2023-06-30,1,1190097985,1140951274,0,0
41.052.420/0001-07,2023-09-30,1,1190097985,1140951274,0,0
41.052.420/0001-07,2023-12-31,2,1190097985,1140951274,0,0
41.052.420/0001-07,2024-03-31,1,1190097985,1140951274,0,0
41.052.420/0001-07,2024-06-30,1,1190097985,1140951274,0,0
41.052.420/0001-07,2024-09-30,1,1190097985,1140951274,0,0
41.052.420/0001-07,2024-12-31,1,1190097985,1140951274,0,0
41.052.420/0001-07,2025-03-31,1,1190097985,1140951274,0,0
41.052.420/0001-07,2025-06-30,1,1190097985,1140951274,0,0
41.052.420/0001-07,2025-09-30,1,1190097985,1140951274,0,0
41.052.420/0001-07,2025-12-31,2,1190097985,1140951274,0,0
41.052.420/0001-07,2026-03-31,1,1190097985,1140951274,0,0
41.052.420/0001-07,2026-06-30,1,1190097985,1140951274,0,0
41.096.674/0001-19,2021-09-30,1,100500,0,0,0
41.096.674/0001-19,2021-12-31,1,100500,0,0,0
41.096.674/0001-19,2022-03-31,1,100500,0,0,0
41.096.674/0001-19,2022-06-30,1,100500,0,0,0
41.096.674/0001-19,2022-09-30,1,150750000,0,0,0
41.096.674/0001-19,2022-12-31,1,150750000,0,0,0
41.096.674/0001-19,2023-03-31,1,156971294,42141281,0,0
41.096.674/0001-19,2023-06-30,1,156971294,42141281,0,0
41.096.674/0001-19,2023-09-30,1,156971294,49483963,0,0
41.096.674/0001-19,2023-12-31,1,156971294,49483963,0,0
41.096.674/0001-19,2024-03-31,1,156971294,49483963,0,0
41.096.674/0001-19,2024-06-30,1,156971294,49483963,0,0
41.096.674/0001-19,2024-09-30,1,156971294,49483963,0,0
41.096.674/0001-19,2024-12-31,1,206741876,0,0,0
41.096.674/0001-19,2025-03-31,1,206741876,0,0,0
41.096.674/0001-19,2025-06-30,1,161080,50084,0,0
41.096.674/0001-19,2025-09-30,2,236671154,0,0,0
41.096.674/0001-19,2025-12-31,1,161366246,75591527,0,0
41.096.674/0001-19,2026-03-31,1,236957774,0,0,0
41.096.674/0001-19,2026-06-30,1,236957774,0,0,0
41.335.131/0001-07,2021-03-31,1,5000,0,0,0
41.335.131/0001-07,2021-06-30,1,5000,0,0,0
41.335.131/0001-07,2021-09-30,1,5000,0,0,0
41.335.131/0001-07,2021-12-31,1,5000,0,0,0
41.335.131/0001-07,2022-03-31,1,5,0,0,0
41.335.131/0001-07,2022-06-30,1,5,0,0,0
41.335.131/0001-07,2022-09-30,1,5,0,0,0
41.335.131/0001-07,2022-12-31,1,13627,0,0,0
41.335.131/0001-07,2023-03-31,1,13626597,0,0,0
41.335.131/0001-07,2023-06-30,1,13626597,0,0,0
41.335.131/0001-07,2023-09-30,1,13626597,0,0,0
41.335.131/0001-07,2023-12-31,1,13627,0,0,0
41.335.131/0001-07,2024-03-31,1,13627,0,0,0
41.335.131/0001-07,2024-06-30,1,13627,0,0,0
41.335.131/0001-07,2024-09-30,1,13627,0,0,0
41.335.131/0001-07,2024-12-31,1,13627,0,0,0
41.335.131/0001-07,2025-03-31,1,13627,0,0,0
41.335.131/0001-07,2025-06-30,1,13627,0,0,0
41.508.382/0001-46,2021-03-31,1,1000,0,0,0
41.508.382/0001-46,2021-06-30,1,927070207,0,0,0
41.508.382/0001-46,2021-09-30,1,927070207,0,0,0
41.508.382/0001-46,2021-12-31,1,927070207,0,0,0
41.508.382/0001-46,2022-03-31,1,927070207,0,0,0
41.508.382/0001-46,2022-06-30,2,927570000,0,0,0
41.508.382/0001-46,2022-09-30,1,928270206,0,0,0
41.508.382/0001-46,2022-12-31,1,928270206,0,0,0
41.508.382/0001-46,2023-03-31,1,928270206,0,0,0
41.508.382/0001-46,2023-06-30,1,928270207,0,0,0
41.508.382/0001-46,2023-09-30,1,928270207,0,0,0
41.508.382/0001-46,2023-12-31,1,928270206,0,0,0
41.508.382/0001-46,2024-03-31,1,928270207,0,0,0
41.508.382/0001-46,2024-06-30,1,928270207,0,0,0
41.508.382/0001-46,2024-09-30,1,928270207,0,0,0
41.508.382/0001-46,2024-12-31,1,928270206,0,0,0
41.508.382/0001-46,2025-03-31,1,928270207,0,0,0
41.508.382/0001-46,2025-06-30,1,928270206,0,0,0
41.508.382/0001-46,2025-09-30,1,928270206,0,0,0
41.508.382/0001-46,2025-12-31,1,928270206,0,0,0
41.508.382/0001-46,2026-03-31,1,928270206,0,0,0
41.508.382/0001-46,2026-06-30,1,928270206,0,0,0
41.534.746/0001-62,2021-06-30,1,10000,0,0,0
41.534.746/0001-62,2021-09-30,1,10000,0,0,0
41.534.746/0001-62,2021-12-31,1,10000,0,0,0
41.534.746/0001-62,2022-03-31,1,10000,0,0,0
41.534.746/0001-62,2022-06-30,1,10000,0,0,0
41.570.356/0001-48,2022-12-31,1,31376303,0,0,0
41.570.356/0001-48,2023-03-31,1,31376303,0,0,0
41.570.356/0001-48,2023-06-30,1,31376303,0,0,0
41.570.356/0001-48,2023-09-30,1,31376303,0,0,0
41.570.356/0001-48,2023-12-31,1,31376303,0,0,0
41.570.356/0001-48,2024-03-31,2,31601079,0,0,0
41.570.356/0001-48,2024-06-30,2,31601079,0,0,0
41.570.356/0001-48,2024-09-30,1,32831446,0,0,0
41.570.356/0001-48,2024-12-31,1,32831446,0,0,0
41.570.356/0001-48,2025-03-31,1,32831446,0,0,0
41.570.356/0001-48,2025-06-30,2,32831446,0,0,0
41.570.356/0001-48,2025-09-30,1,32831446,0,0,0
41.570.356/0001-48,2025-12-31,3,437790739,0,2229629,0
41.570.356/0001-48,2026-03-31,1,437790739,0,2229629,0
41.570.356/0001-48,2026-06-30,1,437790739,0,2229629,0
41.811.375/0001-19,2021-06-30,1,1000,0,0,0
41.811.375/0001-19,2021-09-30,1,1000,0,0,0
41.811.375/0001-19,2021-12-31,1,66100,0,0,0
41.811.375/0001-19,2022-03-31,1,117100,0,0,0
41.811.375/0001-19,2022-06-30,1,150000,0,0,0
41.886.692/0001-02,2021-12-31,1,75000000,0,0,0
41.886.692/0001-02,2022-12-31,1,260234200,0,0,0
41.886.692/0001-02,2023-03-31,1,260234200,0,0,0
41.886.692/0001-02,2023-06-30,1,270234200,0,0,0
41.886.692/0001-02,2023-09-30,1,270234200,0,0,0
41.886.692/0001-02,2023-12-31,1,270234200,0,0,0
41.886.692/0001-02,2024-03-31,1,270234200,0,0,0
41.886.692/0001-02,2024-06-30,1,300000000,0,0,0
41.886.692/0001-02,2024-09-30,1,300000000,0,0,0
41.886.692/0001-02,2024-12-31,1,310000000000,0,0,0
41.886.692/0001-02,2025-03-31,1,310000000,0,0,0
41.886.692/0001-02,2025-06-30,1,310000000,0,0,0
41.886.692/0001-02,2025-09-30,1,310000000,0,0,0
41.886.692/0001-02,2025-12-31,1,310000000,0,0,0
41.886.692/0001-02,2026-03-31,1,310000000,0,0,0
41.886.692/0001-02,2026-06-30,1,340000000,0,0,0
42.150.391/0001-70,2020-03-31,2,451668652,345549902,0,1226599
42.150.391/0001-70,2020-06-30,1,451668652,345549902,0,1226599
42.150.391/0001-70,2020-09-30,1,451668652,345549902,0,1224878
42.150.391/0001-70,2020-12-31,1,451668652,345549902,0,1224878
42.150.391/0001-70,2021-03-31,2,451668652,345549902,0,1224878
42.150.391/0001-70,2021-06-30,1,451668652,345549902,0,902166
42.150.391/0001-70,2021-09-30,1,451668652,345549902,0,902166
42.150.391/0001-70,2021-12-31,1,451668652,345539182,0,902166
42.150.391/0001-70,2022-03-31,1,451668652,345539182,0,902166
42.150.391/0001-70,2022-06-30,1,451668652,345539182,0,665408
42.150.391/0001-70,2022-09-30,1,451668652,345539182,0,665408
42.150.391/0001-70,2022-12-31,1,451668652,345539182,0,665408
42.150.391/0001-70,2023-03-31,1,451668652,345060392,0,665408
42.150.391/0001-70,2023-06-30,2,451668652,345060392,0,27
42.150.391/0001-70,2023-09-30,1,451668652,345060365,0,27
42.150.391/0001-70,2023-12-31,3,451668652,345539182,0,27
42.150.391/0001-70,2024-03-31,2,451668652,345060365,0,27
42.150.391/0001-70,2024-06-30,1,451668652,345539182,0,27
42.150.391/0001-70,2024-09-30,1,451668652,345539155,0,27
42.150.391/0001-70,2024-12-31,1,451668652,345539155,0,27
42.150.391/0001-70,2025-03-31,1,451668652,345539155,0,27
42.150.391/0001-70,2025-06-30,1,451668652,345539155,0,27
42.150.391/0001-70,2025-09-30,2,451668652,345539155,0,27
42.150.391/0001-70,2025-12-31,1,451668652,345539155,0,27
42.150.391/0001-70,2026-03-31,1,451668652,345539155,0,27
42.150.391/0001-70,2026-06-30,1,451668652,345539155,0,27
42.233.757/0001-75,2021-06-30,1,1000,0,0,0
42.233.757/0001-75,2021-09-30,1,1000,0,0,0
42.233.757/0001-75,2021-12-31,1,1000,0,0,0
42.233.757/0001-75,2022-03-31,1,1000,0,0,0
42.233.757/0001-75,2022-06-30,1,1000,0,0,0
42.233.757/0001-75,2022-09-30,1,1000,0,0,0
42.233.757/0001-75,2022-12-31,1,1000,0,0,0
42.233.757/0001-75,2023-03-31,1,1000,0,0,0
42.233.757/0001-75,2023-06-30,1,1000,0,0,0
42.233.757/0001-75,2023-09-30,1,1000,0,0,0
42.233.757/0001-75,2023-12-31,1,1000,0,0,0
42.233.757/0001-75,2024-03-31,1,1000,0,0,0
42.233.757/0001-75,2024-06-30,1,1000,0,0,0
42.233.757/0001-75,2024-09-30,1,1000,0,0,0
42.233.757/0001-75,2024-12-31,1,1000,0,0,0
42.233.757/0001-75,2025-03-31,1,1000,0,0,0
42.233.757/0001-75,2025-06-30,1,1000,0,0,0
42.233.757/0001-75,2025-09-30,1,1000,0,0,0
42.233.757/0001-75,2025-12-31,1,1000,0,0,0
42.233.757/0001-75,2026-03-31,1,4251800,0,0,0
42.233.757/0001-75,2026-06-30,1,4251800,0,0,0
42.276.907/0001-28,2025-12-31,1,380101007254,0,0,0
42.276.907/0001-28,2026-03-31,1,380101007254,0,0,0
42.276.907/0001-28,2026-06-30,1,380101007253,0,0,0
42.278.291/0001-24,2020-03-31,3,104199191,0,1218772,0
42.278.291/0001-24,2020-06-30,2,105489191,0,1218772,0
42.278.291/0001-24,2020-09-30,1,105489191,0,1218772,0
42.278.291/0001-24,2020-12-31,1,105489191,0,1218772,0
42.278.291/0001-24,2021-03-31,1,105489191,0,1218772,0
42.278.291/0001-24,2021-06-30,1,105841152,0,1218772,0
42.278.291/0001-24,2021-09-30,1,105841152,0,1218772,0
42.278.291/0001-24,2021-12-31,1,105841152,0,1218772,0
42.278.291/0001-24,2022-03-31,1,105841152,0,1218772,0
42.278.291/0001-24,2022-06-30,1,106476691,0,1218772,0
42.278.291/0001-24,2022-09-30,1,106476691,0,1218772,0
42.278.291/0001-24,2022-12-31,1,106476691,0,1218772,0
42.278.291/0001-24,2023-03-31,1,106476691,0,1218772,0
42.278.291/0001-24,2023-06-30,1,107058818,0,1218772,0
42.278.291/0001-24,2023-09-30,1,107058818,0,1218772,0
42.278.291/0001-24,2023-12-31,1,107058818,0,1218772,0
42.278.291/0001-24,2024-03-31,1,107058818,0,1218772,0
42.278.291/0001-24,2024-06-30,1,107306486,0,1218772,0
42.278.291/0001-24,2024-09-30,1,107306486,0,1218772,0
42.278.291/0001-24,2024-12-31,1,107306486,0,1218772,0
42.278.291/0001-24,2025-03-31,1,107306486,0,1218772,0
42.278.291/0001-24,2025-06-30,1,107306486,0,1218772,0
42.278.291/0001-24,2025-09-30,1,107306486,0,1218772,0
42.278.291/0001-24,2025-12-31,1,107306486,0,1218772,0
42.278.291/0001-24,2026-03-31,1,107306486,0,1218772,0
42.278.291/0001-24,2026-06-30,1,107306486,0,1218772,0
42.278.473/0001-03,2020-03-31,1,159907182,0,0,0
42.278.473/0001-03,2020-06-30,1,159907282,0,0,0
42.278.473/0001-03,2020-09-30,2,159907282,0,0,0
42.278.473/0001-03,2020-12-31,1,159907282,0,0,0
42.278.473/0001-03,2021-03-31,1,159907282,0,0,0
42.278.473/0001-03,2021-06-30,2,159907282,0,0,0
42.278.473/0001-03,2021-09-30,1,159907282,0,0,0
42.278.473/0001-03,2021-12-31,1,159907282,0,0,0
42.278.473/0001-03,2022-03-31,2,159907282,0,0,0
42.278.473/0001-03,2022-06-30,1,159907282,0,0,0
42.278.473/0001-03,2022-09-30,1,159907282,0,0,0
42.278.473/0001-03,2022-12-31,1,159907282,0,0,0
42.278.473/0001-03,2023-03-31,1,159907282,0,0,0
42.278.473/0001-03,2023-06-30,1,159907156,0,126,0
42.278.473/0001-03,2023-09-30,1,159907282,0,0,0
42.278.473/0001-03,2023-12-31,2,159907282,0,0,0
42.278.473/0001-03,2024-03-31,2,159907282,0,0,0
42.278.473/0001-03,2024-06-30,1,159907282,0,0,0
42.278.473/0001-03,2024-09-30,1,159907282,0,0,0
42.278.473/0001-03,2024-12-31,2,159907282,0,0,0
42.278.473/0001-03,2025-03-31,1,159907282,0,0,0
42.278.473/0001-03,2025-06-30,1,159907282,0,0,0
42.278.473/0001-03,2025-09-30,1,159907282,0,0,0
42.278.473/0001-03,2025-12-31,1,159907282,0,0,0
42.278.473/0001-03,2026-03-31,1,159907282,0,0,0
42.278.473/0001-03,2026-06-30,1,159907282,0,0,0
42.292.007/0001-74,2022-03-31,1,875002500,0,0,0
42.292.007/0001-74,2022-06-30,1,875002500,0,0,0
42.292.007/0001-74,2022-09-30,1,875002500,0,0,0
42.292.007/0001-74,2022-12-31,1,875002500,0,0,0
42.292.007/0001-74,2023-03-31,1,875002500,0,0,0
42.292.007/0001-74,2023-06-30,1,875002500,0,0,0
42.292.007/0001-74,2023-09-30,1,875002500,0,0,0
42.292.007/0001-74,2023-12-31,1,675002500,0,0,0
42.292.007/0001-74,2024-03-31,1,675002500,0,0,0
42.292.007/0001-74,2024-06-30,1,675002500,0,0,0
42.292.007/0001-74,2024-09-30,1,675002500,0,0,0
42.292.007/0001-74,2024-12-31,1,675002500,0,0,0
42.292.007/0001-74,2025-03-31,1,675002500,0,0,0
42.292.007/0001-74,2025-06-30,1,675002500,0,0,0
42.292.007/0001-74,2025-09-30,1,675002500,0,0,0
42.292.007/0001-74,2025-12-31,1,675002500,0,0,0
42.292.007/0001-74,2026-03-31,1,675002500,0,0,0
42.292.007/0001-74,2026-06-30,1,675002500,0,0,0
42.310.775/0001-03,2021-07-31,1,56438395,358920470,0,0
42.310.775/0001-03,2021-09-30,1,56438395,358920470,0,0
42.310.775/0001-03,2021-12-31,1,56438395,403311595,0,0
42.310.775/0001-03,2022-03-31,1,56438395,403311595,0,0
42.310.775/0001-03,2022-06-30,1,56438395,406595023,0,0
42.310.775/0001-03,2022-09-30,1,56438395,406595023,0,0
42.310.775/0001-03,2022-12-31,1,56438395,439027236,0,0
42.310.775/0001-03,2023-03-31,1,56438395,439027236,0,0
42.310.775/0001-03,2023-06-30,1,56438395,456601195,0,0
42.310.775/0001-03,2023-09-30,1,688011298,0,0,0
42.310.775/0001-03,2023-12-31,1,688011298,0,0,0
42.310.775/0001-03,2024-03-31,1,688011298,0,0,0
42.310.775/0001-03,2024-06-30,1,688011298,0,0,0
42.310.775/0001-03,2024-09-30,1,688011298,0,0,0
42.310.775/0001-03,2024-12-31,1,688011298,0,0,0
42.310.775/0001-03,2025-03-31,1,753593642,0,0,0
42.310.775/0001-03,2025-06-30,1,753593642,0,0,0
42.310.775/0001-03,2025-09-30,1,753593642,0,0,0
42.310.775/0001-03,2025-12-31,3,753593642,0,0,0
42.310.775/0001-03,2026-03-31,2,753593642,0,0,0
42.310.775/0001-03,2026-06-30,1,835326912,0,0,0
42.331.462/0001-31,2020-03-31,2,14860,0,0,0
42.331.462/0001-31,2020-06-30,3,14860,0,0,0
42.331.462/0001-31,2020-09-30,3,14860,0,0,0
42.331.462/0001-31,2020-12-31,1,14860,0,0,0
42.331.462/0001-31,2021-03-31,1,14860,0,0,0
42.331.462/0001-31,2021-06-30,1,14860,0,0,0
42.331.462/0001-31,2021-09-30,1,14860,0,0,0
42.331.462/0001-31,2021-12-31,1,14860,0,0,0
42.331.462/0001-31,2022-03-31,1,14860,0,0,0
42.331.462/0001-31,2022-06-30,1,14860,0,0,0
42.331.462/0001-31,2022-09-30,1,14860,0,0,0
42.331.462/0001-31,2022-12-31,1,14860,0,0,0
42.331.462/0001-31,2023-03-31,1,14860,0,0,0
42.331.462/0001-31,2023-06-30,1,14860,0,0,0
42.331.462/0001-31,2023-09-30,1,14860568,0,0,0
42.331.462/0001-31,2023-12-31,1,14860,0,0,0
42.331.462/0001-31,2024-03-31,2,14860,0,0,0
42.331.462/0001-31,2024-06-30,1,14860,0,0,0
42.331.462/0001-31,2024-09-30,1,14860,0,0,0
42.331.462/0001-31,2024-12-31,1,14860,0,0,0
42.331.462/0001-31,2025-03-31,1,14860,0,0,0
42.331.462/0001-31,2025-06-30,1,14860,0,0,0
42.331.462/0001-31,2025-09-30,1,14860,0,0,0
42.331.462/0001-31,2025-12-31,1,14860,0,0,0
42.331.462/0001-31,2026-03-31,1,14860,0,0,0
42.331.462/0001-31,2026-06-30,1,14860,0,0,0
42.353.180/0001-35,2021-06-30,1,100,0,0,0
42.353.180/0001-35,2021-09-30,1,510000,0,0,0
42.353.180/0001-35,2021-12-31,1,510001,0,0,0
42.353.180/0001-35,2022-03-31,1,510001,0,0,0
42.353.180/0001-35,2022-06-30,2,510001,0,0,0
42.353.180/0001-35,2022-09-30,2,560001,0,0,0
42.353.180/0001-35,2022-12-31,2,560001,0,0,0
42.353.180/0001-35,2023-03-31,1,560001,0,0,0
42.353.180/0001-35,2023-06-30,1,560001,0,0,0
42.353.180/0001-35,2023-09-30,1,560001,0,0,0
42.353.180/0001-35,2023-12-31,1,560001,0,0,0
42.353.180/0001-35,2024-03-31,1,560001,0,0,0
42.353.180/0001-35,2024-06-30,1,560001,0,0,0
42.353.180/0001-35,2024-09-30,1,608830,0,0,0
42.353.180/0001-35,2024-12-31,1,608830,0,0,0
42.353.180/0001-35,2025-03-31,1,608830,0,0,0
42.353.180/0001-35,2025-06-30,1,608830,0,0,0
42.353.180/0001-35,2025-09-30,1,608830,0,0,0
42.353.180/0001-35,2025-12-31,1,661030,0,0,0
42.353.180/0001-35,2026-03-31,1,661030,0,0,0
42.353.180/0001-35,2026-06-30,1,661030,0,0,0
42.500.384/0001-51,2021-06-30,1,10,0,0,0
42.500.384/0001-51,2021-09-30,1,100,0,0,0
42.500.384/0001-51,2021-12-31,4,555114291,0,0,0
42.500.384/0001-51,2022-03-31,1,555114291,0,0,0
42.500.384/0001-51,2022-06-30,2,569598368,0,0,0
42.500.384/0001-51,2022-09-30,1,569598368,0,0,0
42.500.384/0001-51,2022-12-31,5,622730556,0,0,0
42.500.384/0001-51,2023-03-31,2,622730556,0,0,0
42.500.384/0001-51,2023-06-30,2,622730556,0,0,0
42.500.384/0001-51,2023-09-30,1,622730556,0,0,0
42.500.384/0001-51,2023-12-31,2,622730556,0,36210,0
42.500.384/0001-51,2024-03-31,1,622730556,0,36210,0
42.500.384/0001-51,2024-06-30,1,622730556,0,36210,0
42.500.384/0001-51,2024-09-30,1,622730556,0,36210,0
42.500.384/0001-51,2024-12-31,1,622730556,0,42205,0
42.500.384/0001-51,2025-03-31,1,622730556,0,42205,0
42.500.384/0001-51,2025-06-30,2,622730556,0,42205,0
42.500.384/0001-51,2025-09-30,1,622730556,0,42205,0
42.500.384/0001-51,2025-12-31,1,622730556,0,53486,0
42.500.384/0001-51,2026-03-31,2,622730556,0,53486,0
42.500.384/0001-51,2026-06-30,1,622730556,0,53486,0
42.603.513/0001-37,2021-06-30,1,10000,0,0,0
42.603.513/0001-37,2021-09-30,1,10000,0,0,0
42.603.513/0001-37,2021-12-31,1,1000,0,0,0
42.603.513/0001-37,2022-03-31,1,10000,0,0,0
42.644.220/0001-06,2021-07-31,1,79440239,505200895,0,0
42.644.220/0001-06,2021-09-30,1,79440239,505200895,0,0
42.644.220/0001-06,2021-12-31,1,79440239,583456419,0,0
42.644.220/0001-06,2022-03-31,1,79440239,583456419,0,0
42.644.220/0001-06,2022-06-30,1,79440239,583456419,0,0
42.644.220/0001-06,2022-09-30,1,79440239,583456419,0,0
42.644.220/0001-06,2022-12-31,1,79440239,636322028,0,0
42.644.220/0001-06,2023-03-31,1,79440239,636322028,0,0
42.644.220/0001-06,2023-06-30,1,79440239,677144851,0,0
42.644.220/0001-06,2023-09-30,1,951782189,0,0,0
42.644.220/0001-06,2023-12-31,1,951782189,0,0,0
42.644.220/0001-06,2024-03-31,1,951782189,0,0,0
42.644.220/0001-06,2024-06-30,1,951782189,0,0,0
42.644.220/0001-06,2024-09-30,1,951782189,0,0,0
42.644.220/0001-06,2024-12-31,1,951782189,0,0,0
42.644.220/0001-06,2025-03-31,1,951782189,0,0,0
42.644.220/0001-06,2025-06-30,1,951782189,0,0,0
42.644.220/0001-06,2025-09-30,1,951782189,0,0,0
42.644.220/0001-06,2025-12-31,3,951782189,0,0,0
42.644.220/0001-06,2026-03-31,2,951782189,0,0,0
42.644.220/0001-06,2026-06-30,1,956123627,0,0,0
42.737.954/0001-21,2021-12-31,1,228521790,37718654,0,0
42.737.954/0001-21,2021-12-31,2,228521790,37718654,0,0
42.737.954/0001-21,2022-03-31,1,228521790,37718654,0,0
42.737.954/0001-21,2022-06-30,1,284122436,117037105,0,0
42.737.954/0001-21,2022-09-30,1,284122436,117037105,0,0
42.737.954/0001-21,2022-12-31,2,401803041,0,0,0
42.737.954/0001-21,2023-03-31,1,401873146,0,160875,0
42.737.954/0001-21,2023-06-30,1,401873146,0,104876,0
42.737.954/0001-21,2023-09-30,1,401873146,0,82526,0
42.737.954/0001-21,2023-12-31,2,402190540,0,0,0
42.737.954/0001-21,2024-03-31,2,438990540,0,12783,0
42.737.954/0001-21,2024-06-30,1,438990540,0,13687,0
42.737.954/0001-21,2024-09-30,1,438990540,0,6566,0
42.737.954/0001-21,2024-12-31,2,439701921,0,0,0
42.737.954/0001-21,2025-03-31,1,439704171,0,144308,0
42.737.954/0001-21,2025-06-30,1,440040918,0,0,0
42.737.954/0001-21,2025-09-30,2,440182823,0,0,0
42.737.954/0001-21,2025-12-31,2,441321663,0,0,0
42.737.954/0001-21,2026-03-31,1,441488373,0,0,0
42.737.954/0001-21,2026-06-30,1,441513472,0,0,0
42.771.949/0001-35,2020-03-31,1,118292816,0,5900,0
42.771.949/0001-35,2020-06-30,1,118292816,0,4961,0
42.771.949/0001-35,2020-09-30,1,118292816,0,4961,0
42.771.949/0001-35,2020-12-31,1,118292816,0,18961,0
42.771.949/0001-35,2021-03-31,1,118292816,0,12477,0
42.771.949/0001-35,2021-06-30,1,118292816,0,12477,0
42.771.949/0001-35,2021-09-30,1,118292816,0,1010160,0
42.771.949/0001-35,2021-12-31,1,118292816,0,596208,0
42.771.949/0001-35,2022-03-31,1,118292816,0,596208,0
42.771.949/0001-35,2022-06-30,1,118292816,0,495135,0
42.771.949/0001-35,2022-09-30,1,118292816,0,482521,0
42.771.949/0001-35,2022-12-31,1,118292816,0,482521,0
42.771.949/0001-35,2023-03-31,1,118292816,0,326567,0
42.771.949/0001-35,2023-06-30,1,118292816,0,212814,0
42.771.949/0001-35,2023-09-30,1,118292816,0,212814,0
42.771.949/0001-35,2023-12-31,3,118292816,0,212361,0
42.771.949/0001-35,2024-03-31,2,118292816,0,90827,0
42.771.949/0001-35,2024-06-30,3,118292816,0,90827,0
42.771.949/0001-35,2024-09-30,4,118292816,0,90827,0
42.771.949/0001-35,2024-12-31,2,118292816,0,90827,0
42.771.949/0001-35,2025-03-31,1,152359482,0,76259,0
42.771.949/0001-35,2025-06-30,1,152359482,0,37605,0
42.771.949/0001-35,2025-09-30,1,152359482,0,37605,0
42.771.949/0001-35,2025-12-31,1,152359482,0,37605,0
42.937.550/0001-81,2021-12-31,1,5000,0,0,0
42.937.550/0001-81,2022-03-31,1,5,0,0,0
42.937.550/0001-81,2022-06-30,1,5,0,0,0
42.938.083/0001-04,2021-09-30,1,5000,0,0,0
42.938.083/0001-04,2021-12-31,1,5000,0,0,0
42.938.083/0001-04,2022-03-31,1,5000,0,0,0
42.938.083/0001-04,2022-06-30,1,5000,0,0,0
42.945.876/0001-50,2021-12-31,1,5000,0,0,0
42.945.876/0001-50,2022-03-31,1,5,0,0,0
42.945.876/0001-50,2022-06-30,1,5000,0,0,0
43.185.362/0001-07,2020-03-31,1,12504967,0,0,0
43.185.362/0001-07,2020-06-30,1,12504967,0,0,0
43.185.362/0001-07,2020-09-30,1,12504967,0,0,0
43.185.362/0001-07,2020-12-31,1,12504967,0,0,0
43.185.362/0001-07,2021-03-31,2,12504967,0,0,0
43.185.362/0001-07,2021-06-30,1,12504967,0,0,0
43.185.362/0001-07,2021-09-30,1,12504967,0,0,0
43.185.362/0001-07,2021-12-31,1,12504967,0,0,0
43.185.362/0001-07,2022-03-31,1,1250496,0,0,0
43.185.362/0001-07,2022-06-30,1,1250496,0,0,0
43.185.362/0001-07,2022-09-30,1,1250496,0,0,0
43.283.811/0001-50,2020-03-31,1,500000000,0,0,0
43.283.811/0001-50,2020-06-30,1,500000000,0,0,0
43.283.811/0001-50,2020-09-30,1,500000000,0,0,0
43.283.811/0001-50,2020-12-31,2,500000000,0,0,0
43.283.811/0001-50,2021-03-31,1,500000000,0,0,0
43.283.811/0001-50,2021-06-30,1,500000000,0,0,0
43.283.811/0001-50,2021-09-30,1,500000000,0,0,0
43.283.811/0001-50,2021-12-31,2,500000000,0,0,0
43.283.811/0001-50,2022-03-31,1,500000000,0,0,0
43.283.811/0001-50,2022-06-30,1,622139776,0,0,0
43.283.811/0001-50,2022-09-30,1,622139776,0,0,0
43.283.811/0001-50,2022-12-31,1,622139776,0,0,0
43.283.811/0001-50,2023-03-31,1,622139776,0,0,0
43.283.811/0001-50,2023-06-30,2,622139776,0,0,0
43.283.811/0001-50,2023-09-30,1,622139776,0,0,0
43.283.811/0001-50,2023-12-31,1,622139776,0,0,0
43.283.811/0001-50,2024-03-31,1,622139776,0,0,0
43.283.811/0001-50,2024-06-30,1,622139776,0,0,0
43.283.811/0001-50,2024-09-30,1,622139776,0,0,0
43.283.811/0001-50,2024-12-31,1,622139776,0,0,0
43.283.811/0001-50,2025-03-31,1,622139776,0,0,0
43.283.811/0001-50,2025-06-30,1,622139776,0,0,0
43.283.811/0001-50,2025-09-30,1,622139776,0,0,0
43.283.811/0001-50,2025-12-31,1,622139776,88643080,0,0
43.283.811/0001-50,2026-03-31,1,622139776,88643080,0,0
43.283.811/0001-50,2026-06-30,1,622139776,88643080,0,0
43.335.774/0001-86,2021-12-31,1,500,0,0,0
43.335.774/0001-86,2022-03-31,1,500,0,0,0
43.335.774/0001-86,2022-06-30,1,500,0,0,0
43.335.774/0001-86,2022-09-30,1,500,0,0,0
43.335.774/0001-86,2022-12-31,1,500,0,0,0
43.335.774/0001-86,2023-03-31,1,1,0,0,0
43.335.774/0001-86,2023-06-30,1,1,0,0,0
43.335.774/0001-86,2023-09-30,1,1,0,0,0
43.335.774/0001-86,2023-12-31,1,1,0,0,0
43.335.774/0001-86,2024-03-31,2,500,0,0,0
43.335.774/0001-86,2024-06-30,1,500,0,0,0
43.335.774/0001-86,2024-09-30,1,500,0,0,0
43.335.774/0001-86,2024-12-31,2,500,0,0,0
43.335.774/0001-86,2025-03-31,2,500,0,0,0
43.335.774/0001-86,2025-06-30,1,500,0,0,0
43.335.774/0001-86,2025-09-30,1,500,0,0,0
43.335.774/0001-86,2025-12-31,1,500,0,0,0
43.335.774/0001-86,2026-03-31,1,500,0,0,0
43.470.988/0001-65,2020-03-31,1,217000000,0,6261224,0
43.470.988/0001-65,2020-06-30,1,212000000,0,5732057,0
43.470.988/0001-65,2020-09-30,2,212000000,0,5732057,0
43.470.988/0001-65,2020-12-31,1,212000000,0,4872306,0
43.470.988/0001-65,2021-03-31,1,212000000,0,4872306,0
43.470.988/0001-65,2021-06-30,1,212000000,0,4872306,0
43.470.988/0001-65,2021-09-30,1,212000000,0,7872306,0
43.470.988/0001-65,2021-12-31,1,212000000,0,7834267,0
43.470.988/0001-65,2022-03-31,1,212000000,0,7834267,0
43.470.988/0001-65,2022-06-30,1,212000000,0,5349176,0
43.470.988/0001-65,2022-09-30,1,212000000,0,5349176,0
43.470.988/0001-65,2022-12-31,1,212000000,0,5349176,0
43.470.988/0001-65,2023-03-31,1,212000000,0,5349176,0
43.470.988/0001-65,2023-06-30,1,210000000,0,3260670,0
43.470.988/0001-65,2023-09-30,1,200000000,0,1403668,0
43.470.988/0001-65,2023-12-31,1,200000000,0,1346976,0
43.470.988/0001-65,2024-03-31,1,200000000,0,2832176,0
43.470.988/0001-65,2024-06-30,2,200000000,0,1152964,0
43.470.988/0001-65,2024-09-30,1,200000000,0,1143749,0
43.470.988/0001-65,2024-12-31,1,200000000,0,3143749,0
43.470.988/0001-65,2025-03-31,2,200000000,0,3143749,0
43.470.988/0001-65,2025-06-30,1,200000000,0,3590926,0
43.470.988/0001-65,2025-09-30,1,200000000,0,3776044,0
43.470.988/0001-65,2025-12-31,1,200000000,0,3979536,0
43.470.988/0001-65,2026-03-31,1,200000000,0,4183029,0
43.470.988/0001-65,2026-06-30,1,200000000,0,1406013,0
43.513.237/0001-89,2022-12-31,1,715013974,0,0,0
43.513.237/0001-89,2023-03-31,1,715013974,0,0,0
43.513.237/0001-89,2023-06-30,1,715013974,0,0,0
43.513.237/0001-89,2023-09-30,1,875068697,0,0,0
43.513.237/0001-89,2023-12-31,1,875068697,0,0,0
43.513.237/0001-89,2024-03-31,1,923420950,0,0,0
43.513.237/0001-89,2024-06-30,2,875068697,0,0,0
43.513.237/0001-89,2024-09-30,3,875068697,0,0,0
43.514.079/0001-81,2022-12-31,1,800000500,0,0,0
43.514.079/0001-81,2023-03-31,1,800000500,0,0,0
43.514.079/0001-81,2023-06-30,1,800000500,0,0,0
43.514.079/0001-81,2023-09-30,1,800000500,0,0,0
43.514.079/0001-81,2023-12-31,1,435000500,0,0,0
43.514.079/0001-81,2024-03-31,1,435000500,0,0,0
43.514.079/0001-81,2024-06-30,1,543750625,0,0,0
43.514.079/0001-81,2024-09-30,1,543750625,0,0,0
43.514.079/0001-81,2024-12-31,1,435000500,0,0,0
43.514.079/0001-81,2025-03-31,1,543750625,0,0,0
43.514.079/0001-81,2025-06-30,1,543750625,0,0,0
43.514.079/0001-81,2025-09-30,1,543750625,0,0,0
43.514.079/0001-81,2025-12-31,1,543750625,0,0,0
43.514.079/0001-81,2026-03-31,1,543750625,0,0,0
43.514.079/0001-81,2026-06-30,1,543750625,0,0,0
43.776.517/0001-80,2020-03-31,1,683509869,0,0,0
43.776.517/0001-80,2020-06-30,1,683509869,0,0,0
43.776.517/0001-80,2020-09-30,1,683509869,0,0,0
43.776.517/0001-80,2020-12-31,1,683509869,0,0,0
43.776.517/0001-80,2021-03-31,1,683509869,0,0,0
43.776.517/0001-80,2021-06-30,1,683509869,0,0,0
43.776.517/0001-80,2021-09-30,1,683509869,0,0,0
43.776.517/0001-80,2021-12-31,1,683509869,0,0,0
43.776.517/0001-80,2022-03-31,1,683509869,0,0,0
43.776.517/0001-80,2022-06-30,1,683509869,0,0,0
43.776.517/0001-80,2022-09-30,1,683509689,0,0,0
43.776.517/0001-80,2022-12-31,1,683509869,0,0,0
43.776.517/0001-80,2023-03-31,1,683509869,0,0,0
43.776.517/0001-80,2023-06-30,1,683509869,0,0,0
43.776.517/0001-80,2023-09-30,1,683509869,0,0,0
43.776.517/0001-80,2023-12-31,1,683509869,0,0,0
43.776.517/0001-80,2024-03-31,1,683509869,0,0,0
43.776.517/0001-80,2024-06-30,2,683509869,0,0,0
43.776.517/0001-80,2024-09-30,2,683509869,0,0,0
43.776.517/0001-80,2024-12-31,3,683509868,1,0,0
43.776.517/0001-80,2025-03-31,1,683509868,1,0,0
43.776.517/0001-80,2025-06-30,2,683509868,1,0,0
43.776.517/0001-80,2025-09-30,1,683509868,1,0,0
43.776.517/0001-80,2025-12-31,2,703773868,1,3554431,0
43.776.517/0001-80,2026-03-31,1,704906806,1,3554431,0
43.776.517/0001-80,2026-06-30,1,3524534025,1,17703549,0
43.948.405/0001-69,2020-12-31,1,200000000,0,2406314,0
43.948.405/0001-69,2021-03-31,1,200000000,0,2406314,0
43.948.405/0001-69,2021-06-30,1,200000000,0,2406314,0
43.948.405/0001-69,2021-09-30,1,200000000,0,0,0
43.948.405/0001-69,2021-12-31,1,197593686,0,0,0
43.948.405/0001-69,2022-03-31,1,197593686,0,0,0
43.948.405/0001-69,2022-06-30,1,197593686,0,0,0
43.948.405/0001-69,2022-09-30,2,197593686,0,0,0
43.948.405/0001-69,2022-12-31,3,197593686,0,0,0
43.948.405/0001-69,2023-03-31,1,197593686,0,0,0
43.948.405/0001-69,2023-06-30,1,197593686,0,0,0
43.948.405/0001-69,2023-09-30,1,197593686,0,0,0
43.948.405/0001-69,2023-12-31,2,197593686,0,0,0
43.948.405/0001-69,2024-03-31,1,197593686,0,0,0
43.948.405/0001-69,2024-06-30,1,197593686,0,0,0
43.948.405/0001-69,2024-09-30,1,197593686,0,0,0
43.948.405/0001-69,2024-12-31,2,197593686,0,0,0
43.948.405/0001-69,2025-03-31,1,197593686,0,0,0
43.948.405/0001-69,2025-06-30,1,197593686,0,0,0
43.948.405/0001-69,2025-09-30,1,197593686,0,0,0
43.948.405/0001-69,2025-12-31,1,197593686,0,0,0
43.948.405/0001-69,2026-03-31,1,197593686,0,0,0
43.948.405/0001-69,2026-06-30,1,197593686,0,0,0
44.067.725/0001-72,2021-12-31,1,10000,0,0,0
44.067.725/0001-72,2022-03-31,1,407000000,0,0,0
44.067.725/0001-72,2022-06-30,1,407000000,0,0,0
44.067.725/0001-72,2022-09-30,1,250000000,0,0,0
44.067.725/0001-72,2022-12-31,1,250000000,0,0,0
44.067.725/0001-72,2023-03-31,1,250000,0,0,0
44.067.725/0001-72,2023-06-30,1,250000,0,0,0
44.067.725/0001-72,2023-09-30,1,295000,0,0,0
44.067.725/0001-72,2023-12-31,2,407185000,0,0,0
44.067.725/0001-72,2024-03-31,4,407185000,0,0,0
44.067.725/0001-72,2024-06-30,4,407185000,0,0,0
44.067.725/0001-72,2024-09-30,6,407185000,0,0,0
44.067.725/0001-72,2024-12-31,1,500000000,0,0,0
44.067.725/0001-72,2025-03-31,2,500000000,0,0,0
44.067.725/0001-72,2025-06-30,1,657000000,0,0,0
44.067.725/0001-72,2025-09-30,1,657000000,0,0,0
44.067.725/0001-72,2025-12-31,1,657000000,0,0,0
44.067.725/0001-72,2026-03-31,1,657000000,0,0,0
44.067.725/0001-72,2026-06-30,1,657000000,0,0,0
44.319.688/0001-42,2022-12-31,1,2034122500,0,0,0
44.319.688/0001-42,2023-03-31,1,2034122500,0,0,0
44.319.688/0001-42,2023-06-30,1,2034122500,0,0,0
44.319.688/0001-42,2023-09-30,1,2034122500,0,0,0
44.319.688/0001-42,2023-12-31,1,2034122500,0,0,0
44.319.688/0001-42,2024-03-31,1,2034122500,0,0,0
44.319.688/0001-42,2024-06-30,1,2034122500,0,0,0
44.319.688/0001-42,2024-09-30,1,2034122500,0,0,0
44.319.688/0001-42,2024-12-31,1,2034122500,0,0,0
44.319.688/0001-42,2025-03-31,1,2034122500,0,0,0
44.319.688/0001-42,2025-06-30,1,2034122500,0,0,0
44.319.688/0001-42,2025-09-30,1,2034122500,0,0,0
44.319.688/0001-42,2025-12-31,1,2034122500,0,0,0
44.319.688/0001-42,2026-03-31,1,2034122500,0,0,0
44.319.688/0001-42,2026-06-30,1,2034122500,0,0,0
44.841.035/0001-29,2022-03-31,1,100,0,0,0
44.841.035/0001-29,2022-06-30,1,100,0,0,0
44.854.238/0001-50,2023-03-31,1,33145446,1724661,0,0
44.854.238/0001-50,2023-06-30,1,50000000,50000000,0,0
44.854.238/0001-50,2023-09-30,1,50000000,50000000,0,0
44.854.238/0001-50,2023-12-31,1,50000000,50000000,0,0
44.854.238/0001-50,2024-03-31,1,50000000,50000000,0,0
44.854.238/0001-50,2024-06-30,1,50000000,50000000,0,0
44.854.238/0001-50,2024-09-30,1,50000000,50000000,0,0
44.854.238/0001-50,2024-12-31,1,50000000,50000000,0,0
44.854.238/0001-50,2025-03-31,2,33333333,66666667,0,0
44.854.238/0001-50,2025-06-30,2,33333333,66666667,0,0
44.854.238/0001-50,2025-09-30,1,33333333,66666667,0,0
44.854.238/0001-50,2025-12-31,1,33333333,66666667,0,0
44.854.238/0001-50,2026-03-31,1,33333333,66666667,0,0
44.854.238/0001-50,2026-06-30,1,33333333,66666667,0,0
45.242.914/0001-05,2020-03-31,1,308245068,0,0,0
45.242.914/0001-05,2020-06-30,1,308245068,0,0,0
45.242.914/0001-05,2020-09-30,1,308245068,0,0,0
45.242.914/0001-05,2020-12-31,1,308245068,0,0,0
45.242.914/0001-05,2021-03-31,1,308245068,0,0,0
45.242.914/0001-05,2021-06-30,1,308245068,0,0,0
45.242.914/0001-05,2021-09-30,1,308245068,0,0,0
45.242.914/0001-05,2021-12-31,1,308245068,0,214500,0
45.242.914/0001-05,2022-03-31,2,308245068,0,214500,0
45.242.914/0001-05,2022-06-30,1,308245068,0,981300,0
45.242.914/0001-05,2022-09-30,1,308245068,0,1308400,0
45.242.914/0001-05,2022-12-31,1,308245068,0,1969900,0
45.242.914/0001-05,2023-03-31,1,308245068,0,2650500,0
45.242.914/0001-05,2023-06-30,1,308245068,0,2650500,0
45.242.914/0001-05,2023-09-30,1,308245068,0,2650500,0
45.242.914/0001-05,2023-12-31,1,308245068,0,2650500,0
45.242.914/0001-05,2024-03-31,1,308245068,0,624809,0
45.242.914/0001-05,2024-06-30,1,308245068,0,3324126,0
45.242.914/0001-05,2024-09-30,1,308245068,0,3324126,0
45.242.914/0001-05,2024-12-31,1,308245068,0,3624126,0
45.242.914/0001-05,2025-03-31,1,308245068,0,7787926,0
45.242.914/0001-05,2025-06-30,1,308245068,0,5330734,0
45.242.914/0001-05,2025-09-30,1,308245068,0,5330734,0
45.242.914/0001-05,2025-12-31,1,308245068,0,5330734,0
45.242.914/0001-05,2026-03-31,1,308245068,0,5880734,0
45.242.914/0001-05,2026-06-30,1,308245068,0,8231945,0
45.365.558/0001-09,2020-03-31,1,123752332,0,0,0
45.365.558/0001-09,2020-06-30,1,123752332,0,0,0
45.365.558/0001-09,2020-09-30,1,123752332,0,0,0
45.365.558/0001-09,2020-12-31,1,144865,0,0,0
45.365.558/0001-09,2021-03-31,1,128443,0,0,0
45.365.558/0001-09,2021-06-30,1,128443072,0,0,0
45.365.558/0001-09,2021-09-30,1,143049107,0,0,0
45.365.558/0001-09,2021-12-31,2,143049107,0,0,0
45.365.558/0001-09,2022-03-31,1,143049107,0,0,0
45.365.558/0001-09,2022-06-30,1,143049107,0,300000,0
45.365.558/0001-09,2022-09-30,1,143049107,0,750000,0
45.365.558/0001-09,2022-12-31,1,143049107,0,728997,0
45.365.558/0001-09,2023-03-31,1,143049107,0,4648000,0
45.365.558/0001-09,2023-06-30,1,143049107,0,554913,0
45.365.558/0001-09,2023-09-30,1,143049107,0,709613,0
45.365.558/0001-09,2023-12-31,1,143049107,0,823312,0
45.365.558/0001-09,2024-03-31,1,140649107,0,450612,0
45.365.558/0001-09,2024-06-30,1,154714018,0,3481373,0
45.365.558/0001-09,2024-09-30,1,154714018,0,4468199,0
45.365.558/0001-09,2024-12-31,1,150314018,0,304779,0
45.365.558/0001-09,2025-03-31,1,150314018,0,1138279,0
45.365.558/0001-09,2025-06-30,2,150314018,0,2364779,0
45.365.558/0001-09,2025-09-30,1,150314018,0,3130979,0
45.365.558/0001-09,2025-12-31,1,147314018,0,555436,0
45.365.558/0001-09,2026-03-31,1,147314018,0,555436,0
45.365.558/0001-09,2026-06-30,1,157589984,0,757405,0
45.453.214/0001-51,2020-03-31,1,123813,0,1202,0
45.453.214/0001-51,2020-06-30,1,123813,0,1202,0
45.453.214/0001-51,2020-09-30,1,123813,0,1202,0
45.453.214/0001-51,2020-12-31,1,123813,0,1202,0
45.453.214/0001-51,2021-03-31,1,123813,0,1202,0
45.453.214/0001-51,2021-06-30,1,123813,0,1202,0
45.453.214/0001-51,2021-09-30,1,123813,0,1202,0
45.453.214/0001-51,2021-12-31,1,123813,0,1202,0
45.453.214/0001-51,2022-03-31,1,123813,0,1202,0
45.453.214/0001-51,2022-06-30,2,123813,0,1202,0
45.453.214/0001-51,2022-09-30,1,123813,0,1202,0
45.453.214/0001-51,2022-12-31,2,123813,0,1202,0
45.453.214/0001-51,2023-03-31,1,123813,0,1202,0
45.453.214/0001-51,2023-06-30,1,123813,0,1202,0
45.453.214/0001-51,2023-09-30,1,123813,0,1202,0
45.453.214/0001-51,2023-12-31,1,123813,0,1202,0
45.453.214/0001-51,2024-03-31,1,123813,0,1202,0
45.453.214/0001-51,2024-06-30,1,123813,0,1202,0
45.453.214/0001-51,2024-09-30,1,123813,0,1202,0
45.453.214/0001-51,2024-12-31,1,123813,0,1202,0
45.453.214/0001-51,2025-03-31,1,123813,0,1202,0
45.453.214/0001-51,2025-06-30,1,123813,0,1202,0
45.453.214/0001-51,2025-09-30,1,123813,0,1202,0
45.453.214/0001-51,2025-12-31,2,123813,0,1202,0
45.453.214/0001-51,2026-03-31,1,123813,0,1202,0
45.453.214/0001-51,2026-06-30,1,123813,0,1202,0
45.456.117/0001-12,2022-12-31,1,550000000,0,0,0
45.456.117/0001-12,2023-03-31,1,550000000,0,0,0
45.456.117/0001-12,2023-06-30,1,550000000,0,0,0
45.456.117/0001-12,2023-09-30,1,550000000,0,0,0
45.456.117/0001-12,2023-12-31,2,550000000,0,0,0
45.456.117/0001-12,2024-03-31,1,550000000,0,0,0
45.456.117/0001-12,2024-06-30,1,550000000,0,0,0
45.456.117/0001-12,2024-09-30,1,550000000,0,550000,0
45.456.117/0001-12,2024-12-31,1,550000000,0,0,0
45.456.117/0001-12,2025-03-31,1,550000000,0,0,0
45.456.117/0001-12,2025-06-30,1,625000000,0,0,0
45.456.117/0001-12,2025-09-30,1,625000000,0,0,0
45.456.117/0001-12,2025-12-31,1,679000000,0,0,0
45.456.117/0001-12,2026-03-31,1,679000000,0,0,0
45.456.117/0001-12,2026-06-30,1,679000000,0,0,0
45.736.131/0001-70,2023-03-31,1,2560253,0,0,0
45.736.131/0001-70,2023-06-30,1,2560253374,0,0,0
45.736.131/0001-70,2023-09-30,1,3258907349,0,0,0
45.736.131/0001-70,2023-12-31,1,3258907349,0,0,0
45.736.131/0001-70,2024-03-31,1,3969383601,0,0,0
45.736.131/0001-70,2024-06-30,1,3969383601,0,0,0
45.736.131/0001-70,2024-09-30,1,3969383601,0,0,0
45.736.131/0001-70,2024-12-31,1,3969383601,0,0,0
45.736.131/0001-70,2025-03-31,1,3969383601,0,0,0
45.736.131/0001-70,2025-06-30,1,3969383601,0,0,0
45.736.131/0001-70,2025-09-30,2,3969384,0,0,0
45.736.131/0001-70,2025-12-31,1,3969384,0,0,0
45.736.131/0001-70,2026-03-31,1,3969383601,0,0,0
45.736.131/0001-70,2026-06-30,1,3969383601,0,0,0
45.987.245/0001-92,2020-03-31,1,2219359,0,0,0
45.987.245/0001-92,2020-06-30,1,2219359,0,0,0
45.987.245/0001-92,2020-09-30,1,2219359,0,0,0
45.987.245/0001-92,2020-12-31,1,2242459,0,0,0
45.987.245/0001-92,2021-03-31,1,2242459,0,0,0
45.987.245/0001-92,2021-06-30,2,2597640,0,0,0
45.987.245/0001-92,2021-09-30,1,15315160,0,0,0
45.987.245/0001-92,2021-12-31,1,16352035,0,0,0
45.987.245/0001-92,2022-03-31,1,23686065,0,0,0
45.987.245/0001-92,2022-06-30,1,23778724,0,0,0
45.987.245/0001-92,2022-09-30,2,23778724,0,0,0
45.987.245/0001-92,2022-12-31,1,23897724,0,0,0
45.987.245/0001-92,2023-03-31,1,23897724,0,0,0
45.987.245/0001-92,2023-06-30,1,26390582,0,0,0
45.987.245/0001-92,2023-09-30,1,26390582,0,0,0
45.987.245/0001-92,2023-12-31,1,26390582,0,0,0
45.987.245/0001-92,2024-03-31,1,26390582,0,0,0
45.987.245/0001-92,2024-06-30,1,26390582,0,0,0
45.987.245/0001-92,2024-09-30,1,26390582,0,0,0
45.987.245/0001-92,2024-12-31,1,26390582,0,0,0
45.987.245/0001-92,2025-03-31,1,26390582,0,0,0
45.987.245/0001-92,2025-06-30,1,26390583,0,0,0
45.987.245/0001-92,2025-09-30,1,26633197,0,0,0
45.987.245/0001-92,2025-12-31,1,26633197,0,0,0
45.987.245/0001-92,2026-03-31,1,26633197,0,0,0
45.987.245/0001-92,2026-06-30,1,26633197,0,0,0
46.119.855/0001-37,2020-03-31,1,453185,0,0,0
46.119.855/0001-37,2020-06-30,1,453185,0,0,0
46.119.855/0001-37,2020-09-30,1,453185,0,0,0
46.119.855/0001-37,2020-12-31,1,453185,0,0,0
46.119.855/0001-37,2021-03-31,1,453185,0,0,0
46.119.855/0001-37,2021-06-30,1,453185,0,0,0
46.119.855/0001-37,2021-09-30,1,453185,0,0,0
46.119.855/0001-37,2021-12-31,1,453185,0,0,0
46.119.855/0001-37,2022-03-31,1,453185,0,0,0
46.119.855/0001-37,2022-06-30,1,508210,0,0,0
46.119.855/0001-37,2022-09-30,1,508210,0,0,0
46.119.855/0001-37,2022-12-31,1,508210,0,0,0
46.119.855/0001-37,2023-03-31,2,508210,0,0,0
46.119.855/0001-37,2023-06-30,1,600534,0,0,0
46.119.855/0001-37,2023-09-30,1,600534,0,0,0
46.119.855/0001-37,2023-12-31,1,600534,0,0,0
46.119.855/0001-37,2024-03-31,1,600534,0,30,0
46.119.855/0001-37,2024-06-30,1,600534,0,30,0
46.119.855/0001-37,2024-09-30,1,600534,0,30,0
46.119.855/0001-37,2024-12-31,1,600534,0,30,0
46.119.855/0001-37,2025-03-31,1,600534,0,30,0
46.119.855/0001-37,2025-06-30,1,660399,0,30,0
46.119.855/0001-37,2025-09-30,1,660399,0,30,0
46.119.855/0001-37,2025-12-31,1,660399,0,30,0
46.119.855/0001-37,2026-03-31,1,660399,0,10,0
46.119.855/0001-37,2026-06-30,1,704799,0,30,0
46.568.486/0001-60,2024-12-31,1,1000,0,0,0
46.568.486/0001-60,2025-03-31,1,666000,0,0,0
46.568.486/0001-60,2025-06-30,1,354602494,0,0,0
46.568.486/0001-60,2025-09-30,1,354602494,0,0,0
46.568.486/0001-60,2025-12-31,1,354602494,0,0,0
46.568.486/0001-60,2026-03-31,1,354602494,0,0,0
46.568.486/0001-60,2026-06-30,1,354602494,0,0,0
46.573.272/0001-81,2023-12-31,1,1076245175,0,0,0
46.573.272/0001-81,2024-03-31,1,1084560822,0,0,0
46.573.272/0001-81,2024-06-30,1,1103101747,0,0,0
46.573.272/0001-81,2024-09-30,1,1156375743,0,0,0
46.573.272/0001-81,2024-12-31,1,1246832885,0,0,0
46.573.272/0001-81,2025-03-31,1,1246832,0,0,0
46.573.272/0001-81,2025-06-30,1,1297511,0,0,0
46.573.272/0001-81,2025-09-30,1,1340577,0,0,0
46.573.272/0001-81,2025-12-31,1,1450056509,0,0,0
46.573.272/0001-81,2026-03-31,1,1477493414,0,0,0
46.573.272/0001-81,2026-06-30,1,1486251130,0,0,0
47.155.252/0001-53,2024-12-31,1,735074,0,0,0
47.155.252/0001-53,2025-03-31,1,735074,0,0,0
47.155.252/0001-53,2025-06-30,1,735074,0,0,0
47.155.252/0001-53,2025-09-30,1,735074,0,0,0
47.155.252/0001-53,2025-12-31,1,735074,0,0,0
47.155.252/0001-53,2026-03-31,1,735074,0,0,0
47.155.252/0001-53,2026-06-30,1,735074,0,0,0
47.193.149/0001-06,2020-03-31,1,11044653,0,0,0
47.193.149/0001-06,2020-06-30,1,11044653,0,0,0
47.193.149/0001-06,2020-09-30,1,84951,0,0,0
47.508.411/0001-56,2020-03-31,2,268046,0,239,0
47.508.411/0001-56,2020-06-30,1,268049,0,239,0
47.508.411/0001-56,2020-09-30,2,268336,0,239,0
47.508.411/0001-56,2020-12-31,1,268352,0,239,0
47.508.411/0001-56,2021-03-31,1,268352,0,239,0
47.508.411/0001-56,2021-06-30,1,268896,0,162,0
47.508.411/0001-56,2021-09-30,1,269303,0,160,0
47.508.411/0001-56,2021-12-31,1,269376,0,160,0
47.508.411/0001-56,2022-03-31,1,269395,0,160,0
47.508.411/0001-56,2022-06-30,1,269455,0,160,0
47.508.411/0001-56,2022-09-30,1,269637,0,160,0
47.508.411/0001-56,2022-12-31,1,270139,0,160,0
47.508.411/0001-56,2023-03-31,1,270139,0,160,0
47.508.411/0001-56,2023-06-30,1,270139,0,160,0
47.508.411/0001-56,2023-09-30,1,270139,0,160,0
47.508.411/0001-56,2023-12-31,1,270139,0,160,0
47.508.411/0001-56,2024-03-31,2,490175,0,160,0
47.508.411/0001-56,2024-06-30,1,490175,0,160,0
47.508.411/0001-56,2024-09-30,1,490177,0,160,0
47.508.411/0001-56,2024-12-31,1,490198,0,160,0
47.508.411/0001-56,2025-03-31,1,490286,0,160,0
47.508.411/0001-56,2025-06-30,1,490286,0,160,0
47.508.411/0001-56,2025-09-30,1,490392,0,160,0
47.508.411/0001-56,2025-12-31,1,490797,0,160,0
47.508.411/0001-56,2026-03-31,1,490797,0,160,0
47.508.411/0001-56,2026-06-30,1,492577,0,30,0
47.509.120/0001-82,2020-03-31,1,24,0,0,0
47.509.120/0001-82,2020-06-30,1,24,0,0,0
47.509.120/0001-82,2020-09-30,1,24,0,0,0
47.509.120/0001-82,2020-12-31,1,24,0,0,0
47.509.120/0001-82,2021-03-31,1,24,0,0,0
47.509.120/0001-82,2021-06-30,1,24,0,0,0
47.509.120/0001-82,2021-09-30,1,24,0,0,0
47.509.120/0001-82,2021-12-31,2,24,0,0,0
47.509.120/0001-82,2022-03-31,1,24,0,0,0
47.509.120/0001-82,2022-06-30,1,24,0,0,0
47.509.120/0001-82,2022-09-30,1,24,0,0,0
47.509.120/0001-82,2022-12-31,1,24,0,0,0
47.509.120/0001-82,2023-03-31,1,24,0,0,0
47.509.120/0001-82,2023-06-30,1,24,0,0,0
47.509.120/0001-82,2023-09-30,1,24,0,0,0
47.509.120/0001-82,2023-12-31,1,24,0,0,0
47.509.120/0001-82,2024-03-31,1,24,0,0,0
47.509.120/0001-82,2024-06-30,1,24,0,0,0
47.509.120/0001-82,2024-09-30,1,24,0,0,0
47.509.120/0001-82,2024-12-31,1,24,0,0,0
47.509.120/0001-82,2025-03-31,1,24,0,0,0
47.509.120/0001-82,2025-06-30,1,24,0,0,0
47.509.120/0001-82,2025-09-30,1,24,0,0,0
47.509.120/0001-82,2025-12-31,1,24,0,0,0
47.509.120/0001-82,2026-03-31,1,24,0,0,0
47.509.120/0001-82,2026-06-30,1,24,0,0,0
47.586.663/0001-01,2022-09-30,1,1000,0,0,0
47.586.663/0001-01,2022-12-31,1,1000,0,0,0
47.586.663/0001-01,2023-03-31,1,1,0,0,0
47.586.663/0001-01,2023-06-30,1,1,0,0,0
47.586.663/0001-01,2023-09-30,1,1,0,0,0
47.586.663/0001-01,2023-12-31,1,1,0,0,0
47.586.663/0001-01,2024-03-31,1,1,0,0,0
47.586.663/0001-01,2024-06-30,1,12007,0,0,0
47.586.663/0001-01,2024-09-30,1,12007,0,0,0
47.586.663/0001-01,2024-12-31,2,12007,0,0,0
47.586.663/0001-01,2025-03-31,1,12007,0,0,0
47.586.663/0001-01,2025-06-30,1,12007,0,0,0
47.586.663/0001-01,2025-09-30,1,12007,0,0,0
47.586.663/0001-01,2025-12-31,1,12007,0,0,0
47.586.663/0001-01,2026-03-31,1,12007,0,0,0
47.586.663/0001-01,2026-06-30,1,12007,0,0,0
47.815.827/0001-17,2024-12-31,1,283066000,0,0,0
47.815.827/0001-17,2025-03-31,1,283066000,0,0,0
47.815.827/0001-17,2025-06-30,1,283066000,0,0,0
47.815.827/0001-17,2025-09-30,1,283066000,0,0,0
47.815.827/0001-17,2025-12-31,1,302310000,0,0,0
47.815.827/0001-17,2026-03-31,2,303327588,0,0,0
47.815.827/0001-17,2026-06-30,1,303327588,0,0,0
47.960.950/0001-21,2020-03-31,1,1624731712,0,5355068,0
47.960.950/0001-21,2020-06-30,1,1624731712,0,3931333,0
47.960.950/0001-21,2020-09-30,1,6498926848,0,23026588,0
47.960.950/0001-21,2020-12-31,1,6498926848,0,35539688,0
47.960.950/0001-21,2021-03-31,1,6498926848,0,51357771,0
47.960.950/0001-21,2021-06-30,2,6498926848,0,45277327,0
47.960.950/0001-21,2021-09-30,1,6673926848,0,71084351,0
47.960.950/0001-21,2021-12-31,1,6748926848,0,83408504,0
47.960.950/0001-21,2022-03-31,1,6748926848,0,83351541,0
47.960.950/0001-21,2022-06-30,1,6748926848,0,73429698,0
47.960.950/0001-21,2022-09-30,1,6748926848,0,72813424,0
47.960.950/0001-21,2022-12-31,1,6748926848,0,71704378,0
47.960.950/0001-21,2023-03-31,1,6748926848,0,71533711,0
47.960.950/0001-21,2023-06-30,1,6748926848,0,59231143,0
47.960.950/0001-21,2023-09-30,3,6748926848,0,57647136,0
47.960.950/0001-21,2023-12-31,1,6748926848,0,57015634,0
47.960.950/0001-21,2024-03-31,1,7389952489,0,54788485,0
47.960.950/0001-21,2024-06-30,2,738995248,0,3049991,0
47.960.950/0001-21,2024-09-30,1,738995248,0,2935027,0
47.960.950/0001-21,2024-12-31,1,738995248,0,2935027,0
47.960.950/0001-21,2025-03-31,1,738995248,0,2340518,0
47.960.950/0001-21,2025-06-30,1,738995248,0,1534402,0
47.960.950/0001-21,2025-09-30,1,738995248,0,1300167,0
47.960.950/0001-21,2025-12-31,1,775945010,0,1343449,0
47.960.950/0001-21,2026-03-31,1,775945010,0,1064665,0
47.960.950/0001-21,2026-06-30,1,775945010,0,286572,0
48.127.008/0001-40,2023-12-31,1,26000000,26000000,0,0
48.127.008/0001-40,2024-03-31,1,26000000,26000000,0,0
48.127.008/0001-40,2024-06-30,1,26000000,26000000,0,0
48.127.008/0001-40,2024-09-30,1,26000000,26000000,0,0
48.127.008/0001-40,2024-12-31,2,26000000,26000000,0,0
48.127.008/0001-40,2025-03-31,1,26000000,26000000,0,0
48.127.008/0001-40,2025-06-30,1,26000000,26000000,0,0
48.127.008/0001-40,2025-09-30,1,26000000,26000000,0,0
48.127.008/0001-40,2025-12-31,1,26000000,26000000,0,0
48.127.008/0001-40,2026-03-31,1,26000000,26000000,26000,26000
48.127.008/0001-40,2026-06-30,1,36827015,38827015,0,0
48.127.012/0001-08,2023-12-31,1,125000000,125000000,0,0
48.127.012/0001-08,2024-03-31,1,125000000,125000000,0,0
48.127.012/0001-08,2024-06-30,2,125000000,125000000,0,0
48.127.012/0001-08,2024-09-30,1,125000000,125000000,0,0
48.127.012/0001-08,2024-12-31,2,125000000,125000000,0,0
48.127.012/0001-08,2025-03-31,1,128951770,121048230,0,0
48.127.012/0001-08,2025-06-30,1,130119582,119880418,0,0
48.127.012/0001-08,2025-09-30,2,131283259,118716741,0,0
48.127.012/0001-08,2025-12-31,1,133543076,116456924,0,0
48.127.012/0001-08,2026-03-31,1,133543076,116456924,0,0
48.127.012/0001-08,2026-06-30,1,133543076,116456924,0,0
48.344.725/0007-19,2020-12-31,1,30304848,0,0,0
48.344.725/0007-19,2021-03-31,1,30304848,0,0,0
48.344.725/0007-19,2021-06-30,1,30304848,0,0,0
48.710.127/0001-20,2023-12-31,2,81422085,0,0,0
48.710.127/0001-20,2024-03-31,1,109421585,0,0,0
48.710.127/0001-20,2024-06-30,1,109421585,0,0,0
48.710.127/0001-20,2024-09-30,1,109421585,0,0,0
48.710.127/0001-20,2024-12-31,1,115250874,0,0,0
48.710.127/0001-20,2025-03-31,1,81422085,0,0,0
48.710.127/0001-20,2025-06-30,1,115250874,0,0,0
48.710.127/0001-20,2025-09-30,1,115250874,0,0,0
48.710.127/0001-20,2025-12-31,1,115250874,0,0,0
48.710.127/0001-20,2026-03-31,1,166622758,0,0,0
48.710.127/0001-20,2026-06-30,1,166622578,0,0,0
48.851.242/0001-15,2023-12-31,1,122000000,0,0,0
48.851.242/0001-15,2024-03-31,1,122000000,0,0,0
48.851.242/0001-15,2024-06-30,1,122000000,0,0,0
48.851.242/0001-15,2024-09-30,1,122000000,0,0,0
48.851.242/0001-15,2024-12-31,1,122000000,0,0,0
48.851.242/0001-15,2025-03-31,1,122000000,0,0,0
48.851.242/0001-15,2025-06-30,1,122000000,0,0,0
48.851.242/0001-15,2025-09-30,1,122000000,0,0,0
48.851.242/0001-15,2025-12-31,1,122000000,0,0,0
48.851.242/0001-15,2026-03-31,1,122000000,0,0,0
48.851.242/0001-15,2026-06-30,1,122000000,0,0,0
49.115.815/0001-05,2023-12-31,1,1166514949,0,624500000,0
49.115.815/0001-05,2024-03-31,1,1166514949,0,624500000,0
49.115.815/0001-05,2024-06-30,1,1166514949,0,624500000,0
49.115.815/0001-05,2024-09-30,1,1166514949,0,624500000,0
49.115.815/0001-05,2024-12-31,1,1166514949,0,624500000,0
49.115.815/0001-05,2025-03-31,1,1166514949,0,607300000,0
49.115.815/0001-05,2025-06-30,2,1109058185,0,53988226,0
49.115.815/0001-05,2025-09-30,1,1109058185,0,75400659,0
49.115.815/0001-05,2025-12-31,1,1109058185,0,94537534,0
49.115.815/0001-05,2026-03-31,1,1109058185,0,92169548,0
49.115.815/0001-05,2026-06-30,1,1070929187,0,92117224,0
49.263.189/0001-02,2020-03-31,1,669255,0,5787,0
49.263.189/0001-02,2020-06-30,1,669255,0,5787,0
49.263.189/0001-02,2020-09-30,1,133851,0,1157,0
49.263.189/0001-02,2020-12-31,2,133851,0,1157,0
49.263.189/0001-02,2021-03-31,2,133851,0,1157,0
49.263.189/0001-02,2021-06-30,1,133851,0,1157,0
49.263.189/0001-02,2021-09-30,1,133851,0,1157,0
49.263.189/0001-02,2021-12-31,1,133851,0,1157,0
49.263.189/0001-02,2022-03-31,1,133851,0,1157,0
49.263.189/0001-02,2022-06-30,1,133851,0,1157,0
49.263.189/0001-02,2022-09-30,1,133851,0,1157,0
49.263.189/0001-02,2022-12-31,2,133851,0,1157,0
49.263.189/0001-02,2023-03-31,1,133851,0,1157,0
49.263.189/0001-02,2023-06-30,1,133851,0,1157,0
49.263.189/0001-02,2023-09-30,1,133851,0,1157,0
49.263.189/0001-02,2023-12-31,1,133851,0,1157,0
49.263.189/0001-02,2024-03-31,1,133851,0,1157,0
49.263.189/0001-02,2024-06-30,1,133851,0,1157,0
49.263.189/0001-02,2024-09-30,1,133851,0,1157,0
49.263.189/0001-02,2024-12-31,1,133851,0,1157,0
49.263.189/0001-02,2025-03-31,1,133851,0,1157,0
49.263.189/0001-02,2025-06-30,1,133851,0,1157,0
49.263.189/0001-02,2025-09-30,1,133851,0,1157,0
49.263.189/0001-02,2025-12-31,1,133851,0,1157,0
49.263.189/0001-02,2026-03-31,1,133851,0,1157,0
49.263.189/0001-02,2026-06-30,1,133851,0,1157,0
49.314.049/0001-08,2023-03-31,1,1,0,0,0
49.314.049/0001-08,2023-06-30,1,580558,0,0,0
49.314.049/0001-08,2023-09-30,1,580558,0,0,0
49.314.049/0001-08,2023-12-31,1,58057,0,0,0
49.314.049/0001-08,2024-03-31,1,58057,0,0,0
49.314.049/0001-08,2024-06-30,1,58057,0,0,0
49.314.049/0001-08,2024-09-30,1,58057,0,0,0
49.314.049/0001-08,2024-12-31,1,58057,0,0,0
49.314.049/0001-08,2025-03-31,1,58057,0,0,0
49.314.049/0001-08,2025-06-30,1,265557,0,0,0
49.314.049/0001-08,2025-09-30,1,265557,0,0,0
49.314.049/0001-08,2025-12-31,1,265557,0,0,0
49.314.049/0001-08,2026-03-31,1,265557,0,0,0
49.314.049/0001-08,2026-06-30,1,503273,0,0,0
49.669.856/0001-43,2020-03-31,1,68851,0,0,0
49.669.856/0001-43,2020-06-30,1,68851,0,0,0
49.669.856/0001-43,2020-09-30,1,68851,0,0,0
49.669.856/0001-43,2020-12-31,1,68851,0,0,0
49.669.856/0001-43,2021-03-31,1,68851,0,0,0
49.669.856/0001-43,2021-06-30,1,68851,0,0,0
49.669.856/0001-43,2021-09-30,1,68851,0,0,0
49.669.856/0001-43,2021-12-31,1,68851,0,0,0
49.669.856/0001-43,2022-03-31,1,68851,0,0,0
49.669.856/0001-43,2022-06-30,1,68851,0,0,0
49.669.856/0001-43,2022-09-30,1,68851,0,0,0
49.669.856/0001-43,2022-12-31,2,848592,0,0,0
49.669.856/0001-43,2023-03-31,1,113247,0,0,0
49.669.856/0001-43,2023-06-30,1,113247,0,0,0
49.669.856/0001-43,2023-09-30,2,113427,0,0,0
49.669.856/0001-43,2023-12-31,1,113427,0,0,0
49.669.856/0001-43,2024-03-31,1,114001,0,0,0
49.669.856/0001-43,2024-06-30,1,114001,0,0,0
49.669.856/0001-43,2024-09-30,1,114001,0,0,0
49.669.856/0001-43,2024-12-31,1,114001,0,0,0
49.669.856/0001-43,2025-03-31,1,114001,0,0,0
49.669.856/0001-43,2025-06-30,1,114334,0,0,0
49.669.856/0001-43,2025-09-30,1,114334,0,0,0
49.669.856/0001-43,2025-12-31,1,114334,0,0,0
49.669.856/0001-43,2026-03-31,1,114334,0,0,0
49.669.856/0001-43,2026-06-30,1,114501,0,0,0
49.703.913/0001-63,2024-12-31,1,5,5,0,0
49.703.913/0001-63,2025-03-31,1,5,5,0,0
49.703.913/0001-63,2025-06-30,1,5,5,0,0
49.703.913/0001-63,2025-09-30,1,5,5,0,0
49.703.913/0001-63,2025-12-31,1,5,5,0,0
50.399.553/0001-37,2023-12-31,1,218001000,0,0,0
50.399.553/0001-37,2024-03-31,1,419788,0,0,0
50.399.553/0001-37,2024-06-30,1,419788,0,0,0
50.399.553/0001-37,2024-09-30,1,419788,0,0,0
50.399.553/0001-37,2024-12-31,1,218001000,0,0,0
50.399.553/0001-37,2025-03-31,1,419788,0,0,0
50.399.553/0001-37,2025-06-30,1,419788,0,0,0
50.399.553/0001-37,2025-09-30,1,419788,0,0,0
50.399.553/0001-37,2025-12-31,1,419788391,0,0,0
50.399.553/0001-37,2026-03-31,1,419788,0,0,0
50.399.553/0001-37,2026-06-30,1,419788,0,0,0
50.564.053/0001-03,2020-03-31,1,137615,122894,0,0
50.564.053/0001-03,2020-06-30,1,137615,122894,0,0
50.564.053/0001-03,2020-09-30,1,137615,122894,0,0
50.564.053/0001-03,2020-12-31,1,137615,122894,0,0
50.564.053/0001-03,2021-03-31,1,137615,122894,0,0
50.564.053/0001-03,2021-06-30,1,137615,122894,0,0
50.564.053/0001-03,2021-09-30,1,137615,122894,0,0
50.564.053/0001-03,2021-12-31,1,137615,122894,0,0
50.564.053/0001-03,2022-03-31,1,137615,122894,0,0
50.564.053/0001-03,2022-06-30,1,137615,122894,0,0
50.564.053/0001-03,2022-09-30,1,137615,122894,0,0
50.564.053/0001-03,2022-12-31,1,137615,122894,0,0
50.564.053/0001-03,2023-03-31,1,137615,122894,0,0
50.564.053/0001-03,2023-06-30,2,137615,122894,0,0
50.564.053/0001-03,2023-09-30,1,137615,122894,0,0
50.564.053/0001-03,2023-12-31,2,137615,122894,0,0
50.564.053/0001-03,2024-03-31,1,137615,122894,0,0
50.564.053/0001-03,2024-06-30,1,137615,122894,0,0
50.564.053/0001-03,2024-09-30,1,137615,122894,0,0
50.564.053/0001-03,2024-12-31,1,137615,122894,0,0
50.564.053/0001-03,2025-03-31,1,137615317,122894461,0,100
50.564.053/0001-03,2025-06-30,1,137615317,122894461,0,100
50.564.053/0001-03,2025-09-30,1,137615317,122894461,0,100
50.564.053/0001-03,2025-12-31,1,137615317,122894461,0,0
50.746.577/0001-15,2020-03-31,1,394210000,0,9048506,0
50.746.577/0001-15,2020-06-30,1,394210000,0,9611139,0
50.746.577/0001-15,2020-09-30,1,394210000,0,9336006,0
50.746.577/0001-15,2020-12-31,1,394210000,0,11749038,0
50.746.577/0001-15,2021-03-31,2,466721682,0,1796051,0
50.746.577/0001-15,2021-06-30,1,1866886728,0,7184204,0
50.746.577/0001-15,2021-09-30,1,1867975282,0,6095650,0
50.746.577/0001-15,2021-12-31,2,1874070932,0,5440772,0
50.746.577/0001-15,2022-03-31,1,1874070932,0,5453347,0
50.746.577/0001-15,2022-06-30,1,1874070932,0,5453347,0
50.746.577/0001-15,2022-09-30,2,1874070932,0,4084368,0
50.746.577/0001-15,2022-12-31,1,1874070932,0,7432832,0
50.746.577/0001-15,2023-03-31,1,1874070932,0,7440691,0
50.746.577/0001-15,2023-06-30,2,1874070932,0,7440733,0
50.746.577/0001-15,2023-09-30,1,1874070932,0,6570872,0
50.746.577/0001-15,2023-12-31,3,1874070932,0,6514511,0
50.746.577/0001-15,2024-03-31,1,1874070932,0,10135507,0
50.746.577/0001-15,2024-06-30,1,1874070932,0,13509150,0
50.746.577/0001-15,2024-09-30,1,1866570932,0,1417546,0
50.746.577/0001-15,2024-12-31,1,1866570932,0,3747965,0
50.746.577/0001-15,2025-03-31,1,1866570932,0,7925940,0
50.746.577/0001-15,2025-06-30,1,1866570932,0,7894568,0
50.746.577/0001-15,2025-09-30,1,1866570932,0,7349057,0
50.746.577/0001-15,2025-12-31,1,3966570932,0,7142335,0
50.746.577/0001-15,2026-03-31,1,3966570932,0,47618410,0
50.746.577/0001-15,2026-06-30,1,3966570932,0,22204467,0
50.926.955/0001-42,2020-03-31,1,245756,0,0,0
50.926.955/0001-42,2020-06-30,1,245756,0,0,0
50.926.955/0001-42,2020-09-30,1,245756,0,0,0
50.926.955/0001-42,2020-12-31,1,245756,0,0,0
50.926.955/0001-42,2021-03-31,1,245756,0,0,0
50.926.955/0001-42,2021-06-30,1,245756,0,0,0
50.926.955/0001-42,2021-09-30,1,245756,0,0,0
50.926.955/0001-42,2021-12-31,1,245756,0,0,0
50.926.955/0001-42,2022-03-31,1,245756,0,0,0
50.926.955/0001-42,2022-06-30,1,245756,0,0,0
50.926.955/0001-42,2022-09-30,1,245756,0,0,0
50.926.955/0001-42,2022-12-31,3,245756,0,492,0
50.926.955/0001-42,2023-03-31,1,245916,0,567,0
50.926.955/0001-42,2023-06-30,1,245916,0,680,0
50.926.955/0001-42,2023-09-30,1,245916,0,766,0
50.926.955/0001-42,2023-12-31,1,245916,0,766,0
50.926.955/0001-42,2024-03-31,1,274656,0,766,0
50.926.955/0001-42,2024-06-30,1,274656,0,1989,0
50.926.955/0001-42,2024-09-30,1,274656,0,2456,0
50.926.955/0001-42,2024-12-31,2,274656,0,3107,0
50.926.955/0001-42,2025-03-31,1,275536,0,3869,0
50.926.955/0001-42,2025-06-30,2,275536,0,3869,0
50.926.955/0001-42,2025-09-30,1,275536,0,3869,0
50.926.955/0001-42,2025-12-31,1,316502,0,3869,0
50.926.955/0001-42,2026-03-31,1,317982,0,3869,0
50.926.955/0001-42,2026-06-30,1,317982,0,3869,0
51.128.999/0001-90,2020-03-31,1,127944,0,110,0
51.128.999/0001-90,2020-06-30,1,127944,0,110,0
51.128.999/0001-90,2020-09-30,1,127944,0,110,0
51.128.999/0001-90,2020-12-31,1,127944,0,110,0
51.128.999/0001-90,2021-03-31,1,127944,0,110,0
51.128.999/0001-90,2021-06-30,1,127944,0,110,0
51.128.999/0001-90,2021-09-30,1,127944,0,110,0
51.128.999/0001-90,2021-12-31,1,127944,0,110,0
51.128.999/0001-90,2022-03-31,1,127944,0,110,0
51.128.999/0001-90,2022-06-30,1,132444,0,110,0
51.128.999/0001-90,2022-09-30,1,132444,0,110,0
51.128.999/0001-90,2022-12-31,1,132444,0,110,0
51.128.999/0001-90,2023-03-31,1,132444,0,110,0
51.128.999/0001-90,2023-06-30,1,13244400,0,11000,0
51.128.999/0001-90,2023-09-30,1,13244400,0,11000,0
51.128.999/0001-90,2023-12-31,1,13244400,0,11000,0
51.128.999/0001-90,2024-03-31,1,13244400,0,11000,0
51.128.999/0001-90,2024-06-30,1,13244400,0,11000,0
51.128.999/0001-90,2024-09-30,2,13244400,0,11000,0
51.128.999/0001-90,2024-12-31,1,13244400,0,11000,0
51.128.999/0001-90,2025-03-31,1,13244400,0,11000,0
51.128.999/0001-90,2025-06-30,1,13244400,0,11000,0
51.128.999/0001-90,2025-09-30,1,13244400,0,11000,0
51.128.999/0001-90,2025-12-31,1,13244400,0,11000,0
51.128.999/0001-90,2026-03-31,1,13244400,0,11000,0
51.128.999/0001-90,2026-06-30,1,13244400,0,11000,0
51.136.974/0001-38,2023-12-31,1,256625000,256625000,0,0
51.136.974/0001-38,2024-03-31,1,256625000,256625000,0,0
51.136.974/0001-38,2024-06-30,1,256625000,256625000,0,0
51.136.974/0001-38,2024-09-30,1,256625000,256625000,0,0
51.136.974/0001-38,2024-12-31,2,256625000,256625000,0,0
51.136.974/0001-38,2025-03-31,1,264786792,248463208,0,0
51.136.974/0001-38,2025-06-30,2,273824212,239425788,0,0
51.136.974/0001-38,2025-09-30,1,282650423,230599577,0,0
51.136.974/0001-38,2025-12-31,1,290690553,222559447,0,0
51.136.974/0001-38,2026-03-31,1,294213359,219036641,0,0
51.136.974/0001-38,2026-06-30,1,294213359,219036641,0,0
51.137.031/0001-20,2023-12-31,1,999999990,10,0,0
51.137.031/0001-20,2024-03-31,1,1000000000,0,0,0
51.137.031/0001-20,2024-06-30,1,1000000000,0,0,0
51.137.031/0001-20,2024-09-30,1,1000000000,0,0,0
51.137.031/0001-20,2024-12-31,1,1000000000,0,0,0
51.137.031/0001-20,2025-03-31,1,1020000000,0,0,0
51.137.031/0001-20,2025-06-30,1,1020000000,0,0,0
51.137.031/0001-20,2025-09-30,1,1020000000,0,0,0
51.137.031/0001-20,2025-12-31,1,1020000000,0,0,0
51.137.031/0001-20,2026-03-31,1,1020000000,0,0,0
51.137.031/0001-20,2026-06-30,1,1020000000,0,0,0
51.218.147/0001-93,2020-03-31,1,176611578,0,447923,0
51.218.147/0001-93,2020-06-30,1,176611578,0,648723,0
51.218.147/0001-93,2020-09-30,1,176611578,0,477801,0
51.218.147/0001-93,2020-12-31,1,176611578,0,477801,0
51.218.147/0001-93,2021-03-31,1,176611578,0,477801,0
51.218.147/0001-93,2021-06-30,1,176611578,0,316549,0
51.218.147/0001-93,2021-09-30,1,176611578,0,314106,0
51.218.147/0001-93,2021-12-31,2,176611578,0,478493,0
51.218.147/0001-93,2022-03-31,1,176611578,0,478493,0
51.218.147/0001-93,2022-06-30,1,176611578,0,478493,0
51.218.147/0001-93,2022-09-30,1,181843316,0,0,0
51.218.147/0001-93,2022-12-31,2,181843316,0,0,0
51.218.147/0001-93,2023-03-31,1,181843316,0,0,0
51.218.147/0001-93,2023-06-30,1,181843316,0,0,0
51.218.147/0001-93,2023-09-30,1,181843316,0,0,0
51.218.147/0001-93,2023-12-31,1,181843316,0,0,0
51.218.147/0001-93,2024-03-31,1,181843316,0,0,0
51.218.147/0001-93,2024-06-30,1,164955322,0,0,0
51.218.147/0001-93,2024-09-30,1,164955322,0,0,0
51.218.147/0001-93,2024-12-31,2,164955322,0,0,0
51.218.147/0001-93,2025-03-31,1,164955322,0,0,0
51.218.147/0001-93,2025-06-30,1,164955322,0,0,0
51.218.147/0001-93,2025-09-30,1,164955322,0,0,0
51.218.147/0001-93,2025-12-31,1,164955322,0,0,0
51.218.147/0001-93,2026-03-31,1,164997069,0,0,0
51.218.147/0001-93,2026-06-30,1,164995322,164995322,478493,478493
51.430.503/0001-38,2023-12-31,1,978570481,0,0,0
51.430.503/0001-38,2024-03-31,1,978570481,0,0,0
51.430.503/0001-38,2024-06-30,1,978570481,0,0,0
51.430.503/0001-38,2024-09-30,1,978570481,0,0,0
51.430.503/0001-38,2024-12-31,1,978570481,0,0,0
51.430.503/0001-38,2025-03-31,1,978570481,0,0,0
51.430.503/0001-38,2025-06-30,1,9785704810,0,0,0
51.430.503/0001-38,2025-09-30,1,978570,0,0,0
51.430.503/0001-38,2025-12-31,1,1119101535,0,0,0
51.430.503/0001-38,2026-03-31,1,1119101535,0,0,0
51.430.503/0001-38,2026-06-30,1,801383617,0,0,0
51.466.860/0001-56,2020-03-31,1,354011329,0,7267063,0
51.466.860/0001-56,2020-06-30,1,354011329,0,7267063,0
51.466.860/0001-56,2020-09-30,2,354011329,0,7636263,0
51.466.860/0001-56,2020-12-31,2,354011329,0,7636263,0
51.466.860/0001-56,2021-03-31,1,354011329,0,7636263,0
51.466.860/0001-56,2021-06-30,1,354011329,0,7636263,0
51.466.860/0001-56,2021-09-30,1,354011329,0,7636263,0
51.466.860/0001-56,2021-12-31,1,354011329,0,7636263,0
51.466.860/0001-56,2022-03-31,1,354011329,0,7636263,0
51.466.860/0001-56,2022-06-30,1,354011329,0,7636263,0
51.466.860/0001-56,2022-09-30,1,354011329,0,7636263,0
51.466.860/0001-56,2022-12-31,1,354011329,0,7636263,0
51.466.860/0001-56,2023-03-31,1,354011329,0,7636263,0
51.466.860/0001-56,2023-06-30,1,354011329,0,7636263,0
51.466.860/0001-56,2023-09-30,1,354011329,0,7636263,0
51.466.860/0001-56,2023-12-31,1,354011329,0,7636263,0
51.466.860/0001-56,2024-03-31,1,346375066,0,544400,0
51.466.860/0001-56,2024-06-30,1,346375066,0,9850775,0
51.466.860/0001-56,2024-09-30,1,332435391,0,0,0
51.466.860/0001-56,2024-12-31,1,332435391,0,2083700,0
51.466.860/0001-56,2025-03-31,1,332435391,0,3857600,0
51.466.860/0001-56,2025-06-30,1,332435391,0,3857600,0
51.466.860/0001-56,2025-09-30,1,332435391,0,3857600,0
51.466.860/0001-56,2025-12-31,1,332435391,0,7020300,0
51.466.860/0001-56,2026-03-31,1,332435391,0,9662100,0
51.466.860/0001-56,2026-06-30,1,332435391,0,9662100,0
51.742.485/0001-20,2023-12-31,1,60000000,60000000,0,0
51.742.485/0001-20,2024-03-31,1,60000000,60000000,0,0
51.742.485/0001-20,2024-06-30,1,60000000,60000000,0,0
51.742.485/0001-20,2024-09-30,1,60000000,60000000,0,0
51.742.485/0001-20,2024-12-31,1,60000000,60000000,0,0
51.742.485/0001-20,2025-03-31,1,69723095,50276905,0,0
51.742.485/0001-20,2025-06-30,1,70646882,49353118,0,0
51.742.485/0001-20,2025-09-30,1,71081906,48918094,0,0
51.742.485/0001-20,2025-12-31,2,75325716,44674284,0,0
51.742.485/0001-20,2026-03-31,1,75325716,44674284,0,0
51.742.485/0001-20,2026-06-30,1,75325716,44674284,0,0
51.928.174/0001-50,2020-03-31,1,12425,0,0,0
51.928.174/0001-50,2020-06-30,1,12425,0,0,0
51.928.174/0001-50,2020-09-30,1,12425,0,0,0
51.928.174/0001-50,2020-12-31,1,12425,0,0,0
51.928.174/0001-50,2021-03-31,1,12425,0,0,0
51.928.174/0001-50,2021-06-30,1,12425,0,0,0
51.928.174/0001-50,2021-09-30,1,12425,0,0,0
51.928.174/0001-50,2021-12-31,1,12425,0,0,0
51.928.174/0001-50,2022-03-31,1,12425,0,0,0
51.928.174/0001-50,2022-06-30,1,12425,0,0,0
51.928.174/0001-50,2022-09-30,1,12425,0,0,0
51.928.174/0001-50,2022-12-31,1,12425,0,0,0
51.928.174/0001-50,2023-03-31,1,12425,0,0,0
51.928.174/0001-50,2023-06-30,1,12425,0,0,0
51.928.174/0001-50,2023-09-30,1,12425,0,0,0
51.928.174/0001-50,2023-12-31,1,12425,0,0,0
51.928.174/0001-50,2024-03-31,1,12425,0,0,0
51.928.174/0001-50,2024-06-30,1,12425,0,0,0
51.928.174/0001-50,2024-09-30,1,12425,0,0,0
51.928.174/0001-50,2024-12-31,2,12425,0,0,0
51.928.174/0001-50,2025-03-31,1,12425,0,0,0
51.928.174/0001-50,2025-06-30,1,12425,0,0,0
51.928.174/0001-50,2025-09-30,1,12425,0,0,0
51.928.174/0001-50,2025-12-31,1,12425,0,0,0
51.928.174/0001-50,2026-03-31,1,12425,0,0,0
51.928.174/0001-50,2026-06-30,1,12425,0,0,0
52.017.473/0001-03,2023-12-31,1,1000,0,0,0
52.017.473/0001-03,2024-03-31,2,1000,0,0,0
52.017.473/0001-03,2024-06-30,1,1000,0,0,0
52.017.473/0001-03,2024-09-30,3,1,0,0,0
52.017.473/0001-03,2024-12-31,1,197584471,0,0,0
52.017.473/0001-03,2025-03-31,1,197584471,0,0,0
52.017.473/0001-03,2025-06-30,1,197584471,0,0,0
52.017.473/0001-03,2025-09-30,3,339094779,0,0,0
52.017.473/0001-03,2025-12-31,1,339094779,0,0,0
52.017.473/0001-03,2026-03-31,1,339094779,0,0,0
52.017.473/0001-03,2026-06-30,1,40011514,0,0,0
52.123.916/0001-32,2020-12-31,1,1000000,0,0,0
52.123.916/0001-32,2021-03-31,1,1000000,0,0,0
52.123.916/0001-32,2021-06-30,1,1000000,0,0,0
52.123.916/0001-32,2021-09-30,1,1000000,0,0,0
52.123.916/0001-32,2021-12-31,1,1000000,0,0,0
52.123.916/0001-32,2022-03-31,1,961024,0,0,0
52.123.916/0001-32,2022-06-30,1,961024,0,0,0
52.123.916/0001-32,2022-09-30,1,961024,0,0,0
52.123.916/0001-32,2022-12-31,1,961024,0,0,0
52.123.916/0001-32,2023-03-31,1,961024,0,0,0
52.123.916/0001-32,2023-06-30,1,961024,0,0,0
52.123.916/0001-32,2023-09-30,1,961024,0,0,0
52.270.350/0001-71,2023-12-31,2,1000,0,0,0
52.270.350/0001-71,2024-03-31,1,1000,0,0,0
52.270.350/0001-71,2024-06-30,1,1000,0,0,0
52.270.350/0001-71,2024-09-30,2,1000,0,0,0
52.270.350/0001-71,2024-12-31,2,94000,0,0,0
52.270.350/0001-71,2025-03-31,1,508557,0,0,0
52.270.350/0001-71,2025-06-30,2,5834014,0,1918,0
52.270.350/0001-71,2025-09-30,1,5834014,0,1918,0
52.270.350/0001-71,2025-12-31,3,5834014,0,1918,0
52.270.350/0001-71,2026-03-31,1,5834014,0,1918,0
52.270.350/0001-71,2026-06-30,1,29459983,0,1918,0
52.475.549/0001-36,2023-12-31,1,1000,0,0,0
52.475.549/0001-36,2024-03-31,1,1000,0,0,0
52.475.549/0001-36,2024-06-30,1,1000,0,0,0
52.475.549/0001-36,2024-09-30,1,1000,0,0,0
52.475.549/0001-36,2024-12-31,2,1000,0,0,0
52.475.549/0001-36,2025-03-31,1,1000,0,0,0
52.475.549/0001-36,2025-06-30,1,1000,0,0,0
52.475.549/0001-36,2025-09-30,1,101000,0,0,0
52.475.549/0001-36,2025-12-31,1,101000,0,0,0
52.475.549/0001-36,2026-03-31,1,101000,0,0,0
52.475.549/0001-36,2026-06-30,1,101000,0,0,0
52.548.435/0001-79,2020-03-31,1,206798715,0,41794,0
52.548.435/0001-79,2020-06-30,1,207735316,0,1531343,0
52.548.435/0001-79,2020-09-30,1,279991078,0,1703235,0
52.548.435/0001-79,2020-12-31,1,278287843,0,1703235,0
52.548.435/0001-79,2021-03-31,2,279991078,0,1703235,0
52.548.435/0001-79,2021-06-30,1,278287843,0,1703235,0
52.548.435/0001-79,2021-09-30,1,286431078,0,1703235,0
52.548.435/0001-79,2021-12-31,3,286431078,0,1703235,0
52.548.435/0001-79,2022-03-31,2,286431078,0,1917569,0
52.548.435/0001-79,2022-06-30,1,286431078,0,1917569,0
52.548.435/0001-79,2022-09-30,1,286431078,0,1917569,0
52.548.435/0001-79,2022-12-31,1,286431078,0,1904072,0
52.548.435/0001-79,2023-03-31,1,286431078,0,1904072,0
52.548.435/0001-79,2023-06-30,1,286431078,0,1890324,0
52.548.435/0001-79,2023-09-30,1,286431078,0,1896022,0
52.548.435/0001-79,2023-12-31,1,286431078,0,1896022,0
52.548.435/0001-79,2024-03-31,1,286431078,0,1896022,0
52.548.435/0001-79,2024-06-30,1,286431078,0,1882358,0
52.548.435/0001-79,2024-09-30,1,286431078,0,1882358,0
52.548.435/0001-79,2024-12-31,1,286431078,0,1916372,0
52.548.435/0001-79,2025-03-31,1,286431078,0,2012972,0
52.548.435/0001-79,2025-06-30,1,286431078,0,1999664,0
52.548.435/0001-79,2025-09-30,1,286431078,0,1999664,0
52.548.435/0001-79,2025-12-31,1,286431078,0,1986132,0
52.548.435/0001-79,2026-03-31,1,285368917,0,0,0
52.548.435/0001-79,2026-06-30,1,285368917,0,0,0
52.805.925/0001-03,2023-12-31,1,1000,0,0,0
52.805.925/0001-03,2024-03-31,1,1000,0,0,0
52.805.925/0001-03,2024-06-30,2,1000,0,0,0
52.805.925/0001-03,2024-09-30,1,1000,0,0,0
52.805.925/0001-03,2024-12-31,1,149000,0,0,0
52.805.925/0001-03,2025-03-31,1,153464,0,0,0
52.805.925/0001-03,2025-06-30,1,153464,0,0,0
52.805.925/0001-03,2025-09-30,1,153464,0,0,0
52.805.925/0001-03,2025-12-31,1,153464,0,0,0
52.810.883/0001-07,2023-12-31,1,1000,0,0,0
52.810.883/0001-07,2024-03-31,1,1000,0,0,0
52.810.883/0001-07,2024-06-30,2,1000,0,0,0
52.810.883/0001-07,2024-09-30,1,1000,0,0,0
52.810.883/0001-07,2024-12-31,2,1000,0,0,0
52.810.883/0001-07,2025-03-31,1,1000,0,0,0
52.810.883/0001-07,2025-06-30,1,1000,0,0,0
52.810.883/0001-07,2025-09-30,1,6694000,0,0,0
52.810.883/0001-07,2025-12-31,1,6633000,0,0,0
52.810.883/0001-07,2026-03-31,1,6701000,0,0,0
52.810.883/0001-07,2026-06-30,1,6751000,0,0,0
52.841.191/0001-18,2023-12-31,2,1000,0,0,0
52.841.191/0001-18,2024-03-31,1,1000,0,0,0
52.841.191/0001-18,2024-06-30,1,1000,0,0,0
52.841.191/0001-18,2024-09-30,1,1000,0,0,0
52.841.191/0001-18,2024-12-31,2,115081,0,0,0
52.841.191/0001-18,2025-03-31,2,115000,0,0,0
52.841.191/0001-18,2025-06-30,1,1017115,0,0,0
52.841.191/0001-18,2025-09-30,1,10171150,0,0,0
52.841.191/0001-18,2025-12-31,2,120115000,0,0,0
52.841.191/0001-18,2026-03-31,1,120115000,0,0,0
52.841.191/0001-18,2026-06-30,1,120115000,0,0,0
53.113.791/0001-22,2020-03-31,2,192637727,0,2403743,0
53.113.791/0001-22,2020-06-30,2,577913181,0,10158278,0
53.113.791/0001-22,2020-09-30,2,577913181,0,10155830,0
53.113.791/0001-22,2020-12-31,2,577913181,0,10153586,0
53.113.791/0001-22,2021-03-31,2,577913181,0,10149529,0
53.113.791/0001-22,2021-06-30,2,577913181,0,9112234,0
53.113.791/0001-22,2021-09-30,3,617183181,0,9104893,0
53.113.791/0001-22,2021-12-31,1,617183181,0,9104876,0
53.113.791/0001-22,2022-03-31,1,617183181,0,9101168,0
53.113.791/0001-22,2022-06-30,1,617183181,0,11450078,0
53.113.791/0001-22,2022-09-30,1,617183181,0,11447335,0
53.113.791/0001-22,2022-12-31,1,617183181,0,11435754,0
53.113.791/0001-22,2023-03-31,1,617183181,0,15431431,0
53.113.791/0001-22,2023-06-30,1,617183181,0,13392422,0
53.113.791/0001-22,2023-09-30,1,617183181,0,13383462,0
53.113.791/0001-22,2023-12-31,1,617183181,0,13376899,0
53.113.791/0001-22,2024-03-31,1,617183181,0,16238433,0
53.113.791/0001-22,2024-06-30,1,617183181,0,22350752,0
53.113.791/0001-22,2024-09-30,1,617183181,0,24495214,0
53.113.791/0001-22,2024-12-31,1,599401581,0,13512321,0
53.113.791/0001-22,2025-03-31,1,599401581,0,13492877,0
53.113.791/0001-22,2025-06-30,1,599401581,0,11777699,0
53.113.791/0001-22,2025-09-30,1,599401581,0,11773085,0
53.113.791/0001-22,2025-12-31,1,599401581,0,11758500,0
53.113.791/0001-22,2026-03-31,1,599401581,0,19553338,0
53.113.791/0001-22,2026-06-30,1,599401581,0,26206578,0
53.153.938/0001-08,2023-12-31,1,3686823,0,0,0
53.153.938/0001-08,2024-03-31,1,3686823,0,0,0
53.153.938/0001-08,2024-06-30,1,3686823,0,0,0
53.153.938/0001-08,2024-09-30,1,3686823,0,11611,0
53.153.938/0001-08,2024-12-31,1,3686823,0,11611,0
53.153.938/0001-08,2025-03-31,1,409653901,0,3686823,0
53.153.938/0001-08,2025-06-30,1,409653901,0,3686823,0
53.153.938/0001-08,2025-09-30,2,409653901,0,3686823,0
53.153.938/0001-08,2025-12-31,1,409653901,0,3686823,0
53.153.938/0001-08,2026-03-31,1,860793811,0,3113385,0
53.153.938/0001-08,2026-06-30,1,860793811,0,3113385,0
55.231.969/0001-65,2024-12-31,1,340000100,0,0,0
55.231.969/0001-65,2025-03-31,1,340000100,0,0,0
55.231.969/0001-65,2025-06-30,1,348000000,0,0,0
55.231.969/0001-65,2025-09-30,1,348000000,0,0,0
55.231.969/0001-65,2025-12-31,1,348000000,0,0,0
55.231.969/0001-65,2026-03-31,1,348000000,0,0,0
55.231.969/0001-65,2026-06-30,1,348000000,0,0,0
56.444.250/0001-75,2020-03-31,1,2327,0,0,0
56.444.250/0001-75,2020-06-30,1,2327,0,0,0
56.444.250/0001-75,2020-09-30,2,2327,0,0,0
56.444.250/0001-75,2020-12-31,1,2327,0,0,0
56.444.250/0001-75,2021-03-31,1,2327,0,0,0
56.444.250/0001-75,2021-06-30,2,2327,0,0,0
56.444.250/0001-75,2021-09-30,1,2327,0,0,0
56.444.250/0001-75,2021-12-31,1,2327,0,0,0
56.444.250/0001-75,2022-03-31,1,2327,0,0,0
56.444.250/0001-75,2022-06-30,1,2327,0,0,0
56.444.250/0001-75,2022-09-30,1,2327,0,0,0
56.444.250/0001-75,2022-12-31,1,2327,0,0,0
56.444.250/0001-75,2023-03-31,1,2327,0,0,0
56.444.250/0001-75,2023-06-30,1,2327,0,0,0
56.444.250/0001-75,2023-09-30,1,2327,0,0,0
56.444.250/0001-75,2023-12-31,1,2327,0,0,0
56.444.250/0001-75,2024-03-31,1,2327,0,0,0
56.444.250/0001-75,2024-06-30,1,2327,0,0,0
56.444.250/0001-75,2024-09-30,1,2327,0,0,0
56.444.250/0001-75,2024-12-31,1,2327,0,0,0
56.444.250/0001-75,2025-03-31,1,2327,0,0,0
56.444.250/0001-75,2025-06-30,1,2327,0,0,0
56.444.250/0001-75,2025-09-30,1,2327,0,0,0
56.444.250/0001-75,2025-12-31,1,2327,0,0,0
56.444.250/0001-75,2026-03-31,1,2327,0,0,0
56.444.250/0001-75,2026-06-30,1,2327,0,0,0
56.643.018/0001-66,2020-03-31,1,31258,61361,0,483
56.643.018/0001-66,2020-06-30,1,31258,61361,0,483
56.643.018/0001-66,2020-09-30,1,31258,61361,0,426
56.643.018/0001-66,2020-12-31,1,31258,61361,0,426
56.643.018/0001-66,2021-03-31,2,31258,61361,0,426
56.643.018/0001-66,2021-06-30,1,31258,61361,0,426
56.643.018/0001-66,2021-09-30,1,31258,61361,0,426
56.643.018/0001-66,2021-12-31,1,31258,61361,0,426
56.643.018/0001-66,2022-03-31,1,31258,61361,0,426
56.643.018/0001-66,2022-06-30,1,31258,61361,0,426
56.643.018/0001-66,2022-09-30,1,31258,61361,0,426
56.643.018/0001-66,2022-12-31,1,31258,61361,0,426
56.643.018/0001-66,2023-03-31,1,31258,61361,0,426
56.643.018/0001-66,2023-06-30,1,31258,61361,0,426
56.643.018/0001-66,2023-09-30,1,31258,61361,0,426
56.643.018/0001-66,2023-12-31,2,31258,61361,5,474
56.643.018/0001-66,2024-03-31,2,31258,61361,5,474
56.643.018/0001-66,2024-06-30,1,31258,61361,5,474
56.643.018/0001-66,2024-09-30,1,31258,61361,5,474
56.643.018/0001-66,2024-12-31,1,31258,61361,5,474
56.643.018/0001-66,2025-03-31,1,31258,61361,5,474
56.643.018/0001-66,2025-06-30,1,31258,61361,5,474
56.643.018/0001-66,2025-09-30,2,31258,61361,5,474
56.643.018/0001-66,2025-12-31,1,31258,61361,5,474
56.643.018/0001-66,2026-03-31,1,31258,61361,5,474
56.643.018/0001-66,2026-06-30,1,31258,61361,5,474
56.720.428/0001-63,2020-03-31,1,62857647,0,0,0
56.720.428/0001-63,2020-06-30,1,62857647,0,0,0
56.720.428/0001-63,2020-09-30,1,62857647,0,0,0
56.720.428/0001-63,2020-12-31,1,73333922,0,0,0
56.720.428/0001-63,2021-03-31,1,73333922,0,0,0
56.720.428/0001-63,2021-06-30,1,73333922,0,0,0
56.720.428/0001-63,2021-09-30,2,73333922,0,0,0
56.720.428/0001-63,2021-12-31,2,73333922,0,0,0
56.720.428/0001-63,2022-03-31,1,73333922,0,0,0
56.720.428/0001-63,2022-06-30,1,73333922,0,0,0
56.720.428/0001-63,2022-09-30,1,80667314,0,0,0
56.720.428/0001-63,2022-12-31,1,80667314,0,0,0
56.720.428/0001-63,2023-03-31,1,88734045,0,0,0
56.720.428/0001-63,2023-06-30,1,88734045,0,0,0
56.720.428/0001-63,2023-09-30,1,88734045,0,0,0
56.720.428/0001-63,2023-12-31,1,88734045,0,0,0
56.720.428/0001-63,2024-03-31,1,93170747,0,0,0
56.720.428/0001-63,2024-06-30,2,93170747,0,0,0
56.720.428/0001-63,2024-09-30,1,93170747,0,0,0
56.720.428/0001-63,2024-12-31,2,93170747,0,0,0
56.720.428/0001-63,2025-03-31,1,93170747,0,0,0
56.720.428/0001-63,2025-06-30,2,93170747,0,0,0
56.720.428/0001-63,2025-09-30,1,93170747,0,0,0
56.720.428/0001-63,2025-12-31,2,93170747,0,0,0
56.720.428/0001-63,2026-03-31,1,93170747,0,0,0
56.720.428/0001-63,2026-06-30,1,93170747,0,0,0
56.992.423/0001-90,2020-03-31,1,454750,0,0,0
56.992.423/0001-90,2020-06-30,1,454750,0,0,0
56.992.423/0001-90,2020-09-30,1,454750,0,0,0
56.992.423/0001-90,2020-12-31,1,454750,0,0,0
56.992.423/0001-90,2021-03-31,1,454750,0,0,0
56.992.423/0001-90,2021-06-30,1,454750,0,0,0
56.992.423/0001-90,2021-09-30,1,454750,0,0,0
56.992.423/0001-90,2021-12-31,1,454750,0,0,0
56.992.423/0001-90,2022-03-31,1,454750,0,0,0
56.992.423/0001-90,2022-06-30,3,454750,0,0,0
56.992.423/0001-90,2022-09-30,1,454750,0,0,0
56.992.423/0001-90,2022-12-31,1,454750,0,0,0
56.992.423/0001-90,2023-03-31,1,454750,0,0,0
56.992.423/0001-90,2023-06-30,1,454750,0,0,0
56.992.423/0001-90,2023-09-30,1,454750,0,0,0
56.992.423/0001-90,2023-12-31,1,454750,0,0,0
56.992.423/0001-90,2024-03-31,1,454750,0,0,0
56.992.423/0001-90,2024-06-30,1,454750,0,0,0
56.992.423/0001-90,2024-09-30,1,454750,0,0,0
56.992.423/0001-90,2024-12-31,1,454750,0,0,0
56.992.423/0001-90,2025-03-31,1,454750,0,0,0
56.992.423/0001-90,2025-06-30,1,454750,0,0,0
56.992.423/0001-90,2025-09-30,1,454750,0,0,0
56.992.423/0001-90,2025-12-31,1,454750,0,0,0
56.992.423/0001-90,2026-03-31,1,454750,0,0,0
58.056.046/0001-02,2025-03-31,1,690000000,0,0,0
58.056.046/0001-02,2025-06-30,1,690000000,0,0,0
58.056.046/0001-02,2025-09-30,1,690000000,0,0,0
58.056.046/0001-02,2025-12-31,1,334000000,0,0,0
58.056.046/0001-02,2026-03-31,1,670477,0,0,0
58.056.046/0001-02,2026-06-30,1,670477,0,0,0
58.070.452/0001-20,2024-12-31,1,640001,0,0,0
58.070.452/0001-20,2025-03-31,1,640001,0,0,0
58.070.452/0001-20,2025-06-30,1,640001,0,0,0
58.070.452/0001-20,2025-09-30,1,640001,0,0,0
58.070.452/0001-20,2025-12-31,1,640001,0,0,0
58.070.452/0001-20,2026-03-31,1,640001,0,0,0
58.070.452/0001-20,2026-06-30,1,640001,0,0,0
58.119.199/0001-51,2020-03-31,1,531294792,0,927010,0
58.119.199/0001-51,2020-06-30,1,531294792,0,927010,0
58.119.199/0001-51,2020-09-30,1,531294792,0,893541,0
58.119.199/0001-51,2020-12-31,1,531294792,0,893541,0
58.119.199/0001-51,2021-03-31,1,531294792,0,890541,0
58.119.199/0001-51,2021-06-30,1,531294792,0,7709034,0
58.119.199/0001-51,2021-09-30,1,531294792,0,10774034,0
58.119.199/0001-51,2021-12-31,1,531294792,0,14507698,0
58.119.199/0001-51,2022-03-31,1,531294792,0,18775098,0
58.119.199/0001-51,2022-06-30,3,568465803,0,12304340,0
58.119.199/0001-51,2022-09-30,1,568465803,0,15120140,0
58.119.199/0001-51,2022-12-31,1,568465803,0,15970140,0
58.119.199/0001-51,2023-03-31,1,568465803,0,15970140,0
58.119.199/0001-51,2023-06-30,1,552495663,0,0,0
58.119.199/0001-51,2023-09-30,3,552495663,0,0,0
58.119.199/0001-51,2023-12-31,1,552495663,0,0,0
58.119.199/0001-51,2024-03-31,1,552495663,0,1854600,0
58.119.199/0001-51,2024-06-30,1,552495663,0,5069100,0
58.119.199/0001-51,2024-09-30,1,552495663,0,5069100,0
58.119.199/0001-51,2024-12-31,1,552495663,0,6188777,0
58.119.199/0001-51,2025-03-31,1,552495663,0,6930377,0
58.119.199/0001-51,2025-06-30,1,545825286,0,732100,0
58.119.199/0001-51,2025-09-30,1,545825286,0,732100,0
58.119.199/0001-51,2025-12-31,1,545825286,0,732100,0
58.119.199/0001-51,2026-03-31,1,545825286,0,732100,0
58.119.199/0001-51,2026-06-30,1,2924199731,0,732100,0
58.430.828/0001-60,2020-03-31,1,148000000,0,0,0
58.430.828/0001-60,2020-06-30,1,148000000,0,0,0
58.430.828/0001-60,2020-09-30,1,148000000,0,0,0
58.430.828/0001-60,2020-12-31,2,148000000,0,0,0
58.430.828/0001-60,2021-03-31,2,148000000,0,0,0
58.430.828/0001-60,2021-06-30,1,179393939,0,0,0
58.430.828/0001-60,2021-09-30,1,179393939,0,0,0
58.430.828/0001-60,2021-12-31,1,179393939,0,0,0
58.430.828/0001-60,2022-03-31,1,179393939,0,0,0
58.430.828/0001-60,2022-06-30,2,179393939,0,622000,0
58.430.828/0001-60,2022-09-30,1,179393939,0,1563200,0
58.430.828/0001-60,2022-12-31,1,179393939,0,1563200,0
58.430.828/0001-60,2023-03-31,1,179393939,0,1563200,0
58.430.828/0001-60,2023-06-30,1,179393939,0,1713200,0
58.430.828/0001-60,2023-09-30,3,179393939,0,1713200,0
58.430.828/0001-60,2023-12-31,1,179393939,0,1713200,0
58.430.828/0001-60,2024-03-31,2,179393939,0,1713200,0
58.430.828/0001-60,2024-06-30,3,179393939,0,1713200,0
58.430.828/0001-60,2024-09-30,2,179393939,0,1713200,0
58.430.828/0001-60,2024-12-31,1,179393939,0,1713200,0
58.430.828/0001-60,2025-03-31,1,179393939,0,1713200,0
58.430.828/0001-60,2025-06-30,2,179393939,0,1713200,0
58.430.828/0001-60,2025-09-30,1,179393939,0,1713200,0
58.430.828/0001-60,2025-12-31,2,230984962,0,2227160,0
58.430.828/0001-60,2026-03-31,1,230984962,0,2227160,0
58.430.828/0001-60,2026-06-30,1,230984962,0,2227160,0
59.105.999/0001-86,2020-03-31,1,1028701,474084,0,1
59.105.999/0001-86,2020-06-30,1,1028701,474084,0,1
59.105.999/0001-86,2020-09-30,3,1028701,474085,0,1
59.105.999/0001-86,2020-12-31,1,1028701,474085,0,0
59.105.999/0001-86,2021-03-31,1,1028701,474085,0,0
59.105.999/0001-86,2021-06-30,1,1028701,474085,0,0
59.105.999/0001-86,2021-09-30,1,1028701,474085,0,0
59.105.999/0001-86,2021-12-31,1,1028701,474085,0,0
59.105.999/0001-86,2022-03-31,1,1028701,474085,0,0
59.105.999/0001-86,2022-06-30,2,1028701,474085,0,0
59.105.999/0001-86,2022-09-30,1,1028701,474085,0,0
59.105.999/0001-86,2022-12-31,4,1028701,474085,0,0
59.105.999/0001-86,2023-03-31,1,1028701,474085,0,0
59.105.999/0001-86,2023-06-30,1,1028701,474085,0,0
59.105.999/0001-86,2023-09-30,2,1028701,474085,0,0
59.105.999/0001-86,2023-12-31,2,1028701,474085,0,0
59.105.999/0001-86,2024-03-31,1,1028701,474085,0,0
59.105.999/0001-86,2024-06-30,1,1028701,474085,0,0
59.105.999/0001-86,2024-09-30,1,1028701,474085,0,0
59.105.999/0001-86,2024-12-31,1,1028701,474085,0,0
59.105.999/0001-86,2025-03-31,1,1028701,474085,0,0
59.105.999/0001-86,2025-06-30,1,1028701,474085,0,0
59.105.999/0001-86,2025-09-30,1,1028701,474085,0,0
59.105.999/0001-86,2025-12-31,1,1028701,474085,0,0
59.105.999/0001-86,2026-03-31,1,1028701,474085,0,0
59.105.999/0001-86,2026-06-30,1,1028701,474085,0,0
59.115.685/0001-64,2025-03-31,1,1413099721,0,0,0
59.115.685/0001-64,2025-06-30,1,230484637,0,0,0
59.115.685/0001-64,2025-09-30,1,230484637,0,0,0
59.115.685/0001-64,2025-12-31,2,217436365,0,0,0
59.115.685/0001-64,2026-03-31,1,217436365,0,0,0
59.115.685/0001-64,2026-06-30,1,217436365,0,0,0
59.196.897/0001-13,2025-03-31,1,1117148161,0,0,0
59.196.897/0001-13,2025-06-30,1,1117148161,0,0,0
59.196.897/0001-13,2025-09-30,1,1117148161,0,0,0
59.196.897/0001-13,2025-12-31,1,1117148161,0,0,0
59.196.897/0001-13,2026-03-31,1,1129576924,0,0,0
59.196.897/0001-13,2026-06-30,1,1129576924,0,0,0
59.285.411/0001-13,2020-03-31,1,657560635,547495486,0,0
59.285.411/0001-13,2020-06-30,2,657560635,547495486,0,0
59.285.411/0001-13,2020-09-30,1,657560635,547495486,0,0
59.285.411/0001-13,2020-12-31,3,657560635,547495486,0,0
59.285.411/0001-13,2021-03-31,1,657560635,547495486,0,0
59.285.411/0001-13,2021-06-30,1,657560635,547495486,0,0
59.285.411/0001-13,2021-09-30,2,657560635,547495486,0,0
59.285.411/0001-13,2021-12-31,2,657560635,547495486,0,0
59.285.411/0001-13,2022-03-31,2,657560635,648772080,0,30
59.285.411/0001-13,2022-06-30,1,657560635,640550861,0,8221249
59.285.411/0001-13,2022-09-30,1,657560635,635242431,0,13529679
59.285.411/0001-13,2022-12-31,1,657560635,615619049,0,33153061
59.285.411/0001-13,2023-03-31,1,657560635,615631757,0,33140353
59.285.411/0001-13,2023-06-30,1,657560635,612022937,0,3615697
59.285.411/0001-13,2023-09-30,1,657560635,612022937,0,3615697
59.285.411/0001-13,2023-12-31,1,657560635,611478937,0,4159697
59.285.411/0001-13,2024-03-31,1,657560635,593009137,0,22629497
59.285.411/0001-13,2024-06-30,2,657560635,611509455,0,18500318
59.285.411/0001-13,2024-09-30,1,657560635,611509455,0,18500318
59.285.411/0001-13,2024-12-31,1,657560635,611509455,0,18500318
59.285.411/0001-13,2025-03-31,1,657560635,611509455,0,18500318
59.285.411/0001-13,2025-06-30,1,657560635,611509455,0,18500318
59.285.411/0001-13,2025-09-30,1,657560635,611509455,0,18500318
59.418.806/0001-47,2020-03-31,1,929526239,0,0,0
59.418.806/0001-47,2020-06-30,1,929526239,0,0,0
59.418.806/0001-47,2020-09-30,1,877251375,52274864,0,2975000
59.418.806/0001-47,2020-12-31,1,877251375,68980161,0,3012703
59.418.806/0001-47,2021-03-31,2,877251375,68980161,0,3012703
59.418.806/0001-47,2021-06-30,1,877251375,68980161,0,3012703
59.418.806/0001-47,2021-09-30,1,877251375,68980161,0,3012703
59.418.806/0001-47,2021-12-31,3,877251375,71992864,0,3012703
59.418.806/0001-47,2022-03-31,1,877251375,71992864,0,3012703
59.418.806/0001-47,2022-06-30,1,877251375,71992864,0,3012703
59.418.806/0001-47,2022-09-30,1,877251375,71992864,0,3322903
59.418.806/0001-47,2022-12-31,1,877251375,71992864,0,4222903
59.418.806/0001-47,2023-03-31,1,877251375,71992864,0,4185047
59.418.806/0001-47,2023-06-30,1,877251375,71992864,0,4185047
59.418.806/0001-47,2023-09-30,1,877251375,71992864,0,4185047
59.418.806/0001-47,2023-12-31,1,877251375,71992864,0,4185047
59.418.806/0001-47,2024-03-31,1,877251375,71992864,0,4105673
59.418.806/0001-47,2024-06-30,2,877251375,71992864,0,4725473
59.418.806/0001-47,2024-09-30,1,877251375,71992864,0,5778273
59.418.806/0001-47,2024-12-31,2,877251375,68992864,0,3899373
59.418.806/0001-47,2025-03-31,1,877251375,65492864,0,1978791
59.418.806/0001-47,2025-06-30,1,877251375,65492864,0,1730117
59.418.806/0001-47,2025-09-30,1,877251375,65492864,0,1730117
59.418.806/0001-47,2025-12-31,1,877251375,65492864,0,1730117
59.418.806/0001-47,2026-03-31,1,877251375,65492864,0,1460447
59.418.806/0001-47,2026-06-30,1,877251375,65492864,0,1460447
59.546.515/0001-34,2023-12-31,1,1168847027,0,0,0
59.546.515/0001-34,2024-03-31,1,1168847027,0,0,0
59.546.515/0001-34,2024-06-30,1,1168847027,0,0,0
59.546.515/0001-34,2024-09-30,1,1168847027,0,0,0
59.546.515/0001-34,2024-12-31,1,1168847027,0,0,0
59.546.515/0001-34,2025-03-31,1,1168847027,0,0,0
59.546.515/0001-34,2025-06-30,1,1168847027,0,0,0
59.546.515/0001-34,2025-09-30,1,1168847027,0,0,0
59.546.515/0001-34,2025-12-31,1,1168847027,0,0,0
59.546.515/0001-34,2026-03-31,1,1168847027,0,0,0
59.546.515/0001-34,2026-06-30,1,1168847027,0,0,0
59.693.110/0001-29,2025-03-31,1,2000,0,0,0
59.693.110/0001-29,2025-06-30,1,739800,315000,82200,35000
59.693.110/0001-29,2025-09-30,1,739800,82200,315000,35000
59.693.110/0001-29,2025-12-31,1,168608200,149005540,13096200,13701500
59.693.110/0001-29,2026-03-31,1,168608200,149005540,13370400,13705000
59.693.110/0001-29,2026-06-30,1,168608200,149005540,17900100,13705000
59.717.553/0001-02,2020-12-31,1,205271563,10803766,5033306,0
59.717.553/0001-02,2021-03-31,1,205271563,10803766,2999640,0
59.717.553/0001-02,2021-06-30,1,205271563,10803766,2999640,0
59.717.553/0001-02,2021-09-30,3,820539226,0,7891884,0
59.717.553/0001-02,2021-12-31,1,820539225,0,7891885,0
59.717.553/0001-02,2022-03-31,1,820539225,0,0,0
59.717.553/0001-02,2022-06-30,2,820539225,0,7891885,0
59.717.553/0001-02,2022-09-30,1,820539226,0,7891884,0
59.717.553/0001-02,2022-12-31,1,820539225,0,7981885,0
59.717.553/0001-02,2023-03-31,2,820539225,0,7891885,0
59.717.553/0001-02,2023-06-30,1,820539225,0,7891885,0
59.717.553/0001-02,2023-09-30,1,820539225,0,7891885,0
59.717.553/0001-02,2023-12-31,1,820539225,0,7891885,0
59.717.553/0001-02,2024-03-31,1,820539225,0,7891885,0
59.717.553/0001-02,2024-06-30,1,820539225,0,11676585,0
59.717.553/0001-02,2024-09-30,2,820539225,0,13126485,0
59.717.553/0001-02,2024-12-31,1,820539225,0,13126485,0
59.717.553/0001-02,2025-03-31,1,820539225,0,13126485,0
59.717.553/0001-02,2025-06-30,1,820539225,0,13123495,0
59.717.553/0001-02,2025-09-30,1,820539225,0,13123495,0
59.717.553/0001-02,2025-12-31,1,820539225,0,13123495,0
59.717.553/0001-02,2026-03-31,1,820539225,0,13123495,0
59.717.553/0001-02,2026-06-30,1,820539225,0,13107697,0
59.789.545/0001-71,2020-03-31,1,34,40,0,0
59.789.545/0001-71,2020-06-30,1,34,40,0,0
59.789.545/0001-71,2020-09-30,1,34,40,0,0
59.789.545/0001-71,2020-12-31,1,34,40,0,0
59.789.545/0001-71,2021-03-31,1,34,40,0,0
59.789.545/0001-71,2021-06-30,1,34,40,0,0
59.789.545/0001-71,2021-09-30,1,34,40,0,0
59.789.545/0001-71,2021-12-31,1,34,40,0,0
59.789.545/0001-71,2022-03-31,1,34,40,0,0
59.789.545/0001-71,2022-06-30,1,34,40,0,0
59.789.545/0001-71,2022-09-30,1,34,40,0,0
59.789.545/0001-71,2022-12-31,1,34,40,0,0
59.789.545/0001-71,2023-03-31,1,34,40,0,0
59.789.545/0001-71,2023-06-30,1,68,80,0,0
59.789.545/0001-71,2023-09-30,1,68,80,0,0
59.789.545/0001-71,2023-12-31,1,68,80,0,0
59.789.545/0001-71,2024-03-31,1,68,80,0,0
59.789.545/0001-71,2024-06-30,1,68,80,0,0
59.789.545/0001-71,2024-09-30,1,68,80,0,0
59.789.545/0001-71,2024-12-31,1,68,80,0,0
59.789.545/0001-71,2025-03-31,1,68,80,0,0
59.789.545/0001-71,2025-06-30,1,68,80,0,0
59.789.545/0001-71,2025-09-30,1,68,80,0,0
59.789.545/0001-71,2025-12-31,1,102001,120000,0,0
59.789.545/0001-71,2026-03-31,1,101695,120000,0,0
59.789.545/0001-71,2026-06-30,1,101695,120000,0,0
59.981.829/0001-65,2020-12-31,1,546006118,400811126,0,2489004
59.981.829/0001-65,2021-03-31,1,548920372,407374120,0,2489004
59.981.829/0001-65,2021-06-30,1,548920372,407374120,0,2489004
59.981.829/0001-65,2021-09-30,1,548920372,407374120,0,2489004
59.981.829/0001-65,2021-12-31,1,548920372,407374120,0,2489004
59.981.829/0001-65,2022-03-31,1,548920372,407374120,0,2489004
59.981.829/0001-65,2022-06-30,1,548920372,407374120,0,2489004
59.981.829/0001-65,2022-09-30,1,548920372,407374120,0,2489004
59.981.829/0001-65,2022-12-31,1,548920372,407374120,0,2489004
59.981.829/0001-65,2023-03-31,1,548920372,407374120,0,2489004
59.981.829/0001-65,2023-06-30,1,548920372,407374120,0,2489004
59.981.829/0001-65,2023-09-30,1,548920372,407374120,0,2489004
59.981.829/0001-65,2023-12-31,1,548920372,407374120,0,2489004
59.981.829/0001-65,2024-03-31,1,548920372,407374120,0,2489004
59.981.829/0001-65,2024-06-30,1,548920372,407374120,0,2489004
59.981.829/0001-65,2024-09-30,1,548920372,407374120,0,2489004
59.981.829/0001-65,2024-12-31,1,548920372,407374120,0,2489004
59.981.829/0001-65,2025-03-31,1,548920372,407374120,0,2489004
59.981.829/0001-65,2025-06-30,1,548920372,407374120,0,2489004
59.981.829/0001-65,2025-09-30,1,548920372,407374120,0,2489004
59.981.829/0001-65,2025-12-31,1,711983027,528422249,0,2489004
59.981.829/0001-65,2026-03-31,1,711983027,525933245,0,2489004
59.981.829/0001-65,2026-06-30,1,711983027,525933245,0,2489004
60.398.369/0004-79,2020-03-31,1,43403849,0,1441,0
60.398.369/0004-79,2020-06-30,2,43403849,0,1441,0
60.398.369/0004-79,2020-09-30,1,43403849,0,1441,0
60.398.369/0004-79,2020-12-31,3,43403849,0,1441,0
60.398.369/0004-79,2021-03-31,1,43403849,0,1441,0
60.398.369/0004-79,2021-06-30,1,43403849,0,1441,0
60.398.369/0004-79,2021-09-30,1,43403849,0,1411,0
60.398.369/0004-79,2021-12-31,1,43403849,0,1441,0
60.398.369/0004-79,2022-03-31,1,43403849,0,1441,0
60.398.369/0004-79,2022-06-30,1,43403849,0,1441,0
60.398.369/0004-79,2022-09-30,1,43403849,0,1441,0
60.398.369/0004-79,2022-12-31,1,43403849,0,1441,0
60.398.369/0004-79,2023-03-31,1,43403849,0,1441,0
60.398.369/0004-79,2023-06-30,1,434038490,0,14410,0
60.398.369/0004-79,2023-09-30,1,43403849,0,1441,0
60.398.369/0004-79,2023-12-31,1,43403849,0,1441,0
60.398.369/0004-79,2024-03-31,1,56607699,0,1441,0
60.398.369/0004-79,2024-06-30,1,63043068,0,1441,0
60.398.369/0004-79,2024-09-30,1,62257319,0,1441,0
60.398.369/0004-79,2024-12-31,2,69561031,0,14410,0
60.398.369/0004-79,2025-03-31,1,75422892,0,1441,0
60.398.369/0004-79,2025-06-30,1,80327981,0,1441,0
60.398.369/0004-79,2025-09-30,1,81433053,0,1441,0
60.398.369/0004-79,2025-12-31,1,120541596,0,1441,0
60.398.369/0004-79,2026-03-31,1,139454642,0,1441,0
60.398.369/0004-79,2026-06-30,1,297198233,0,1441,0
60.444.437/0001-46,2020-03-31,1,392849277746,0,0,0
60.444.437/0001-46,2020-06-30,1,392849277746,0,0,0
60.444.437/0001-46,2020-09-30,1,392849277746,0,0,0
60.444.437/0001-46,2020-12-31,1,392849277746,0,0,0
60.444.437/0001-46,2021-03-31,1,489146367202,0,0,0
60.444.437/0001-46,2021-06-30,1,489146367202,0,0,0
60.444.437/0001-46,2021-09-30,2,489146367202,0,0,0
60.444.437/0001-46,2021-12-31,1,489146367202,0,0,0
60.444.437/0001-46,2022-03-31,2,489146367202,0,0,0
60.444.437/0001-46,2022-06-30,1,489146367202,0,0,0
60.444.437/0001-46,2022-09-30,2,494310225787,0,0,0
60.444.437/0001-46,2022-12-31,1,494310225787,0,0,0
60.444.437/0001-46,2023-03-31,2,494310225787,0,0,0
60.444.437/0001-46,2023-06-30,1,494310225787,0,0,0
60.444.437/0001-46,2023-09-30,1,494310225787,0,0,0
60.444.437/0001-46,2023-12-31,1,494310225787,0,0,0
60.444.437/0001-46,2024-03-31,2,494310225787,0,0,0
60.444.437/0001-46,2024-06-30,1,494310225787,0,0,0
60.444.437/0001-46,2024-09-30,1,699383780916,0,0,0
60.444.437/0001-46,2024-12-31,1,699383780916,0,0,0
60.444.437/0001-46,2025-03-31,1,699383780916,0,0,0
60.444.437/0001-46,2025-06-30,1,1234512210179,0,0,0
60.444.437/0001-46,2025-09-30,1,1234512210179,0,0,0
60.444.437/0001-46,2025-12-31,1,1234512210179,0,0,0
60.444.437/0001-46,2026-03-31,1,1234512210179,0,0,0
60.444.437/0001-46,2026-06-30,1,1234512210179,0,0,0
60.476.884/0001-87,2020-03-31,1,128308500,0,0,0
60.476.884/0001-87,2020-06-30,1,128308500,0,0,0
60.476.884/0001-87,2020-09-30,1,128308500,0,0,0
60.476.884/0001-87,2020-12-31,1,128308500,0,0,0
60.476.884/0001-87,2021-03-31,1,128308500,0,0,0
60.476.884/0001-87,2021-06-30,1,128308500,0,0,0
60.476.884/0001-87,2021-09-30,1,128308500,0,0,0
60.476.884/0001-87,2021-12-31,3,128308500,0,0,0
60.476.884/0001-87,2022-03-31,1,128308500,0,0,0
60.476.884/0001-87,2022-06-30,1,128308500,0,0,0
60.476.884/0001-87,2022-09-30,1,128308500,0,0,0
60.476.884/0001-87,2022-12-31,2,128308500,0,0,0
60.476.884/0001-87,2023-03-31,1,128308500,0,0,0
60.476.884/0001-87,2023-06-30,1,128308500,0,0,0
60.476.884/0001-87,2023-09-30,1,128308500,0,0,0
60.476.884/0001-87,2023-12-31,1,135539000,0,0,0
60.476.884/0001-87,2024-03-31,1,135539000,0,0,0
60.476.884/0001-87,2024-06-30,1,135539000,0,0,0
60.476.884/0001-87,2024-09-30,1,135539000,0,0,0
60.476.884/0001-87,2024-12-31,1,135539000,0,0,0
60.476.884/0001-87,2025-03-31,1,135539000,0,0,0
60.476.884/0001-87,2025-06-30,1,135539000,0,0,0
60.476.884/0001-87,2025-09-30,1,135539000,0,0,0
60.476.884/0001-87,2025-12-31,1,135539000,0,0,0
60.476.884/0001-87,2026-03-31,1,135539000,0,0,0
60.476.884/0001-87,2026-06-30,1,135539000,0,0,0
60.500.139/0001-26,2020-03-31,1,18621,20325,16,0
60.500.139/0001-26,2020-06-30,1,18621,20325,16,0
60.500.139/0001-26,2020-09-30,1,22481,35766,16,0
60.500.139/0001-26,2020-12-31,1,23514,39896,16,0
60.500.139/0001-26,2021-03-31,1,23514,38896,16,0
60.500.139/0001-26,2021-06-30,1,23514,38896,16,0
60.500.139/0001-26,2021-09-30,1,23514,38896,16,0
60.500.139/0001-26,2021-12-31,1,672,1140,0,0
60.500.139/0001-26,2022-03-31,2,672,1140,0,0
60.500.139/0001-26,2022-06-30,1,672,1140,0,0
60.500.139/0001-26,2022-09-30,1,672,8963,0,0
60.500.139/0001-26,2022-12-31,1,672,8963,0,0
60.500.139/0001-26,2023-03-31,1,672,8963,0,0
60.500.139/0001-26,2023-06-30,1,672,8963,0,0
60.537.263/0001-66,2020-03-31,2,161335,0,0,0
60.537.263/0001-66,2020-06-30,1,193771,0,0,0
60.537.263/0001-66,2020-09-30,1,193771,0,0,0
60.537.263/0001-66,2020-12-31,3,193771106,0,0,0
60.537.263/0001-66,2021-03-31,2,193771106,0,0,0
60.537.263/0001-66,2021-06-30,1,193771106,0,0,0
60.537.263/0001-66,2021-09-30,2,193941206,0,0,0
60.537.263/0001-66,2021-12-31,2,209231726,0,0,0
60.537.263/0001-66,2022-03-31,1,209231726,0,0,0
60.537.263/0001-66,2022-06-30,1,214426523,0,148900,0
60.537.263/0001-66,2022-09-30,1,214426523,0,148900,0
60.537.263/0001-66,2022-12-31,1,214426523,0,148900,0
60.537.263/0001-66,2023-03-31,1,214426523,0,148900,0
60.537.263/0001-66,2023-06-30,1,214426523,0,148900,0
60.537.263/0001-66,2023-09-30,1,214426523,0,594500,0
60.537.263/0001-66,2023-12-31,1,217024025,0,1258600,0
60.537.263/0001-66,2024-03-31,1,217024025,0,1160945,0
60.537.263/0001-66,2024-06-30,1,217024025,0,1250845,0
60.537.263/0001-66,2024-09-30,1,217024025,0,1403245,0
60.537.263/0001-66,2024-12-31,1,217024025,0,1858045,0
60.537.263/0001-66,2025-03-31,1,217024025,0,1420945,0
60.537.263/0001-66,2025-06-30,1,217024025,0,1420945,0
60.537.263/0001-66,2025-09-30,1,219305733,0,1272045,0
60.537.263/0001-66,2025-12-31,1,219305733,0,1420945,0
60.537.263/0001-66,2026-03-31,1,219305733,0,606833,0
60.537.263/0001-66,2026-06-30,1,219305733,0,606833,0
60.543.816/0001-93,2020-03-31,1,87889,0,0,0
60.543.816/0001-93,2020-06-30,1,87889,0,0,0
60.543.816/0001-93,2020-09-30,1,87889,0,0,0
60.543.816/0001-93,2020-12-31,1,87889,0,0,0
60.543.816/0001-93,2021-03-31,1,87889,0,0,0
60.543.816/0001-93,2021-06-30,1,87889,0,0,0
60.543.816/0001-93,2021-09-30,1,87889,0,0,0
60.543.816/0001-93,2021-12-31,2,764687130,361358700,16700,0
60.543.816/0001-93,2022-03-31,2,830937870,339275120,434348,0
60.543.816/0001-93,2022-06-30,4,761136750,362542160,641048,0
60.543.816/0001-93,2022-09-30,1,797612750,435494160,120419,207426
60.543.816/0001-93,2022-12-31,1,797612750,435494160,120419,207426
60.543.816/0001-93,2023-03-31,1,797612750,435494160,120419,207426
60.543.816/0001-93,2023-06-30,1,797612750,435494160,95434,157456
60.543.816/0001-93,2023-09-30,1,785167052,439642726,838995,1644578
60.543.816/0001-93,2023-12-31,1,797612750,435494160,2013963,3994514
60.543.816/0001-93,2024-03-31,1,797612750,435494160,3278042,6522672
60.543.816/0001-93,2024-06-30,1,774849080,443082050,3597631,7195254
60.543.816/0001-93,2024-09-30,1,774849080,443082050,3581612,7163216
60.543.816/0001-93,2024-12-31,1,774849080,443082050,3856651,7713294
60.543.816/0001-93,2025-03-31,2,770992429,435368756,673000,1346000
60.543.816/0001-93,2025-06-30,1,770992429,435368756,55287,110574
60.543.816/0001-93,2025-09-30,1,770992429,435368756,28253,56106
60.543.816/0001-93,2025-12-31,1,770992429,435368756,28053,56106
60.543.816/0001-93,2026-03-31,1,770992429,435368756,868053,1736106
60.543.816/0001-93,2026-06-30,1,770992429,435368756,1592454,201108
60.637.238/0001-54,2020-03-31,1,1673066,3346095,0,0
60.637.238/0001-54,2020-06-30,1,1673066,3346095,0,0
60.637.238/0001-54,2020-09-30,1,1673066,3346095,0,0
60.637.238/0001-54,2020-12-31,1,1673066,3346095,0,0
60.637.238/0001-54,2021-03-31,1,1673066,3346095,0,0
60.637.238/0001-54,2021-06-30,1,1673066,3346095,0,0
60.637.238/0001-54,2021-09-30,1,6692264,13384380,0,0
60.637.238/0001-54,2021-12-31,1,6692264,13384380,0,0
60.651.809/0001-05,2020-03-31,1,75034,97893,0,0
60.651.809/0001-05,2020-06-30,1,75034,97893,0,0
60.651.809/0001-05,2020-09-30,1,75034,97893,0,0
60.651.809/0001-05,2020-12-31,1,75034,97893,0,0
60.651.809/0001-05,2021-03-31,1,75034,97893,0,0
60.651.809/0001-05,2021-06-30,1,75034,97893,0,0
60.651.809/0001-05,2021-09-30,1,75034,97893,0,0
60.651.809/0001-05,2021-12-31,1,75034,97893,0,0
60.651.809/0001-05,2022-03-31,1,75034,97893,0,0
60.651.809/0001-05,2022-06-30,1,75034,97893,0,0
60.651.809/0001-05,2022-09-30,1,75034,97893,0,0
60.651.809/0001-05,2022-12-31,1,75034,97893,0,0
60.651.809/0001-05,2023-03-31,1,75034,97893,0,0
60.651.809/0001-05,2023-06-30,1,150068,195787,0,0
60.651.809/0001-05,2023-09-30,1,150068,195787,0,0
60.651.809/0001-05,2023-12-31,1,150068,195787,0,0
60.651.809/0001-05,2024-03-31,1,150068,195787,0,0
60.651.809/0001-05,2024-06-30,1,300136584,391572628,0,0
60.651.809/0001-05,2024-09-30,1,300136,391573,0,0
60.651.809/0001-05,2024-12-31,1,300136,391573,0,0
60.651.809/0001-05,2025-03-31,1,300136,391573,0,0
60.651.809/0001-05,2025-06-30,1,300136,391573,0,0
60.651.809/0001-05,2025-09-30,1,300136,391573,0,0
60.651.809/0001-05,2025-12-31,1,478527,624310,0,0
60.651.809/0001-05,2026-03-31,1,478527,624310,0,0
60.651.809/0001-05,2026-06-30,1,358840,0,0,0
60.665.981/0001-18,2021-12-31,1,636636857,0,0,0
60.665.981/0001-18,2022-03-31,1,636636857,0,0,0
60.665.981/0001-18,2022-06-30,1,636636857,0,0,0
60.665.981/0001-18,2022-09-30,1,636636857,0,0,0
60.665.981/0001-18,2022-12-31,1,807352850,0,0,0
60.665.981/0001-18,2023-03-31,1,807352850,0,0,0
60.665.981/0001-18,2023-06-30,1,489219959,0,0,0
60.665.981/0001-18,2023-09-30,1,489219959,0,0,0
60.665.981/0001-18,2023-12-31,1,591629015,0,0,0
60.665.981/0001-18,2024-03-31,1,591629015,0,0,0
60.665.981/0001-18,2024-06-30,1,591629015,0,0,0
60.665.981/0001-18,2024-09-30,1,591629015,0,0,0
60.665.981/0001-18,2024-12-31,1,591629015,0,0,0
60.665.981/0001-18,2025-03-31,1,591629015,0,0,0
60.665.981/0001-18,2025-06-30,1,591629015,0,0,0
60.665.981/0001-18,2025-09-30,1,591629015,0,0,0
60.665.981/0001-18,2025-12-31,1,591629015,0,0,0
60.665.981/0001-18,2026-03-31,1,591629015,0,0,0
60.665.981/0001-18,2026-06-30,1,591629015,0,0,0
60.730.348/0001-66,2020-03-31,1,5629,770,2,4
60.730.348/0001-66,2020-06-30,1,5629,770,2,4
60.730.348/0001-66,2020-09-30,1,5629,770,2,4
60.730.348/0001-66,2020-12-31,1,5629,770,2,4
60.730.348/0001-66,2021-03-31,2,5631,774,2,4
60.730.348/0001-66,2021-06-30,2,5631,773,2,4
60.730.348/0001-66,2021-09-30,1,5631,773,2,4
60.730.348/0001-66,2021-12-31,2,5631,773,2,4
60.730.348/0001-66,2022-03-31,1,5631,773,2,4
60.730.348/0001-66,2022-06-30,1,5631,773,2,4
60.730.348/0001-66,2022-09-30,1,5631,773,2,4
60.730.348/0001-66,2022-12-31,1,5631,773,2,4
60.730.348/0001-66,2023-03-31,1,5631,773,2,4
60.730.348/0001-66,2023-06-30,1,5631,773,2,4
60.730.348/0001-66,2023-09-30,1,5631,773,2,4
60.730.348/0001-66,2023-12-31,1,5631,773,2,4
60.730.348/0001-66,2024-03-31,1,5631,773,2,4
60.730.348/0001-66,2024-06-30,1,5631,773,2,4
60.730.348/0001-66,2024-09-30,1,5631,773,2,4
60.730.348/0001-66,2024-12-31,1,5631,773,2,4
60.730.348/0001-66,2025-03-31,1,5631,773,2,4
60.730.348/0001-66,2025-06-30,1,5631,773,2,4
60.730.348/0001-66,2025-09-30,1,5631,773,2,4
60.730.348/0001-66,2025-12-31,1,5631,773,2,4
60.730.348/0001-66,2026-03-31,1,5631,773,2,4
60.730.348/0001-66,2026-06-30,1,5631,773,2,4
60.746.948/0001-12,2020-03-31,1,4435107,4435106,7307,27379
60.746.948/0001-12,2020-06-30,1,4435107,4435106,7307,27379
60.746.948/0001-12,2020-09-30,1,4435107,4435106,7307,27379
60.746.948/0001-12,2020-12-31,2,4435107,4435106,7307,27379
60.746.948/0001-12,2021-03-31,1,4870579,4848500,0,0
60.746.948/0001-12,2021-06-30,1,4870579,4848500,5402,3845
60.746.948/0001-12,2021-09-30,1,4870579,4848500,17494,12051
60.746.948/0001-12,2021-12-31,2,4870579,4848500,17494,12051
60.746.948/0001-12,2022-03-31,1,5338394,5320094,0,0
60.746.948/0001-12,2022-06-30,1,5338394,5320094,0,0
60.746.948/0001-12,2022-09-30,1,5338394,5320094,0,0
60.746.948/0001-12,2022-12-31,1,5338394,5320094,-8089,-8229
60.746.948/0001-12,2023-03-31,1,5338394,5320094,8089,8229
60.746.948/0001-12,2023-06-30,1,5330305,5311865,0,0
60.746.948/0001-12,2023-09-30,1,5330305,5311866,0,0
60.746.948/0001-12,2023-12-31,1,5330305,5311865,0,0
60.746.948/0001-12,2024-03-31,1,5330305,5311865,-11971,-10589
60.746.948/0001-12,2024-06-30,1,5312259,5295834,18046,16032
60.746.948/0001-12,2024-09-30,1,5330305,5311865,18046,16032
60.746.948/0001-12,2024-12-31,1,5330304681,5311865547,23843100,21344200
60.746.948/0001-12,2025-03-31,1,5303870781,5288141247,7500000,7500000
60.746.948/0001-12,2025-06-30,1,5303870781,5288141247,7500000,7500000
60.746.948/0001-12,2025-09-30,1,5303870781,5288141247,7500000,7500000
60.746.948/0001-12,2025-12-31,2,5303870781,5288141247,7500000,7500000
60.746.948/0001-12,2026-03-31,1,5303870781,5288141247,10650000,10650000
60.746.948/0001-12,2026-06-30,1,5303870781,5288141247,10650000,10650000
60.770.336/0001-65,2020-03-31,1,53482129,35118455,66800,0
60.770.336/0001-65,2020-06-30,1,53482129,35118455,68300,0
60.770.336/0001-65,2020-09-30,1,53482129,35118455,68300,0
60.770.336/0001-65,2020-12-31,2,53482129,35118455,68300,0
60.770.336/0001-65,2021-03-31,1,53482129,35118455,68300,0
60.770.336/0001-65,2021-06-30,1,53482129,35118455,68300,0
60.770.336/0001-65,2021-09-30,2,53482129,35118455,68300,0
60.770.336/0001-65,2021-12-31,1,53482129,35118455,68300,0
60.770.336/0001-65,2022-03-31,1,53482129,35118455,68300,0
60.770.336/0001-65,2022-06-30,1,53482129,35118455,68300,0
60.770.336/0001-65,2022-09-30,1,53482129,35118455,68300,0
60.770.336/0001-65,2022-12-31,1,53482129,35118455,68300,0
60.770.336/0001-65,2023-03-31,1,53482129,35118455,68300,0
60.770.336/0001-65,2023-06-30,1,53482129,35118455,68300,0
60.770.336/0001-65,2023-09-30,1,53482129,35118455,68300,0
60.770.336/0001-65,2023-12-31,1,53482129,35118455,68300,0
60.840.055/0001-31,2020-03-31,1,316788210,0,0,0
60.840.055/0001-31,2020-06-30,1,316788210,0,0,0
60.840.055/0001-31,2020-09-30,1,317366103,0,0,0
60.840.055/0001-31,2020-12-31,1,317266103,0,100000,0
60.840.055/0001-31,2021-03-31,1,317366103,0,975233,0
60.840.055/0001-31,2021-06-30,1,317366103,0,975233,0
60.840.055/0001-31,2021-09-30,1,317943996,0,975233,0
60.840.055/0001-31,2021-12-31,1,317943996,0,975233,0
60.840.055/0001-31,2022-03-31,1,317943996,0,905972,0
60.840.055/0001-31,2022-06-30,1,317943996,0,793123,0
60.840.055/0001-31,2022-09-30,1,318137880,0,793123,0
60.840.055/0001-31,2022-12-31,1,367197096,0,793123,0
60.840.055/0001-31,2023-03-31,1,367197096,0,366644,0
60.840.055/0001-31,2023-06-30,1,547185685,0,384976,0
60.840.055/0001-31,2023-09-30,1,547191026,0,384976,0
60.840.055/0001-31,2023-12-31,1,547191026,0,2150089,0
60.840.055/0001-31,2024-03-31,1,547191026,0,1601287,0
60.840.055/0001-31,2024-06-30,1,547191026,0,1601287,0
60.840.055/0001-31,2024-09-30,1,547191026,0,2911287,0
60.840.055/0001-31,2024-12-31,1,547191026,0,2911287,0
60.840.055/0001-31,2025-03-31,1,547191026,0,2175555,0
60.840.055/0001-31,2025-06-30,1,547191026,0,2175555,0
60.840.055/0001-31,2025-09-30,1,547191026,0,2175555,0
60.840.055/0001-31,2025-12-31,1,547191026,0,2175555,0
60.840.055/0001-31,2026-03-31,1,547191026,0,3566046,0
60.840.055/0001-31,2026-06-30,1,547191026,0,3564818,0
60.851.615/0001-53,2020-03-31,1,607192,992808,0,0
60.851.615/0001-53,2020-06-30,1,607192,992808,0,0
60.851.615/0001-53,2020-09-30,1,607192,992808,0,0
60.851.615/0001-53,2020-12-31,1,607192,992808,0,0
60.851.615/0001-53,2021-03-31,1,607192,992808,0,0
60.851.615/0001-53,2021-06-30,1,607192,992808,0,0
60.851.615/0001-53,2021-09-30,1,607192,992808,0,0
60.851.615/0001-53,2021-12-31,1,607192,992808,0,0
60.851.615/0001-53,2022-03-31,1,607192,992808,0,0
60.851.615/0001-53,2022-06-30,1,607192,992808,0,0
60.851.615/0001-53,2022-09-30,1,607192,992808,0,0
60.851.615/0001-53,2022-12-31,1,607192,992808,0,0
60.851.615/0001-53,2023-03-31,1,607192,992808,0,0
60.851.615/0001-53,2023-06-30,1,607192,992808,0,0
60.851.615/0001-53,2023-09-30,1,607192,992808,0,0
60.851.615/0001-53,2023-12-31,1,607192,992808,0,0
60.851.615/0001-53,2024-03-31,1,607192,992808,0,0
60.851.615/0001-53,2024-06-30,1,607192,992808,0,0
60.851.615/0001-53,2024-09-30,1,607192,992808,0,0
60.851.615/0001-53,2024-12-31,1,607192,992808,0,0
60.851.615/0001-53,2025-03-31,1,607192,992808,0,0
60.851.615/0001-53,2025-06-30,1,607192,992808,0,0
60.851.615/0001-53,2025-09-30,1,607192,992808,0,0
60.851.615/0001-53,2025-12-31,1,607192,992808,0,0
60.851.615/0001-53,2026-03-31,1,607192,992808,0,0
60.851.615/0001-53,2026-06-30,1,607192,992808,0,0
60.872.504/0001-23,2020-03-31,1,4958290,4845845,0,41876
60.872.504/0001-23,2020-06-30,1,4958290,4845845,41679,0
60.872.504/0001-23,2020-09-30,1,4958290,4845845,0,41678
60.872.504/0001-23,2020-12-31,3,4958290,4845845,0,41678
60.872.504/0001-23,2021-03-31,1,4958290,4845845,0,24476
60.872.504/0001-23,2021-06-30,1,4958290,4845845,0,24248
60.872.504/0001-23,2021-09-30,1,4958290,4845845,0,24248
60.872.504/0001-23,2021-12-31,1,4958290,4845845,0,24245
60.872.504/0001-23,2022-03-31,1,4958290,4845845,0,3639
60.872.504/0001-23,2022-06-30,1,4958290,4845845,0,3274
60.872.504/0001-23,2022-09-30,1,4958290,4845845,0,3269
60.872.504/0001-23,2022-12-31,1,4958290,4845845,0,3269
60.872.504/0001-23,2023-03-31,1,4958290,4845845,0,4556
60.872.504/0001-23,2023-06-30,1,4958290,4845845,0,4191
60.872.504/0001-23,2023-09-30,1,4958290,4845845,0,1255
60.872.504/0001-23,2023-12-31,1,4958290,4845845,0,436
60.872.504/0001-23,2024-03-31,1,4958290,4845845,0,2053
60.872.504/0001-23,2024-06-30,1,4958290,4845845,0,11688
60.872.504/0001-23,2024-09-30,1,4958290,4845845,0,11452
60.872.504/0001-23,2024-12-31,1,4958290,4817814,0,28031
60.872.504/0001-23,2025-03-31,1,5454119,5330430,0,954
60.872.504/0001-23,2025-06-30,1,5454119,5330430,0,578
60.872.504/0001-23,2025-09-30,1,5454119,5330430,0,48
60.872.504/0001-23,2025-12-31,2,5617743,5409126,0,345
60.872.504/0001-23,2026-03-31,1,5617743,5409126,0,5510
60.872.504/0001-23,2026-06-30,1,5617743,5409126,0,4997
60.884.319/0001-59,2020-03-31,1,6621,0,0,0
60.884.319/0001-59,2020-06-30,1,6621,0,0,0
60.884.319/0001-59,2020-09-30,1,6621,0,0,0
60.884.319/0001-59,2020-12-31,1,6621,0,0,0
60.884.319/0001-59,2021-03-31,1,6621,0,0,0
60.884.319/0001-59,2021-06-30,1,6621,0,0,0
60.884.319/0001-59,2021-09-30,1,6621,0,0,0
60.884.319/0001-59,2021-12-31,1,6621,0,0,0
60.884.319/0001-59,2022-03-31,1,6621,0,0,0
60.884.319/0001-59,2022-06-30,1,6621,0,0,0
60.884.319/0001-59,2022-09-30,1,6621,0,0,0
60.884.319/0001-59,2022-12-31,1,6621,0,0,0
60.884.319/0001-59,2023-03-31,1,6621,0,0,0
60.884.319/0001-59,2023-06-30,1,6621,0,0,0
60.884.319/0001-59,2023-09-30,1,6621,0,0,0
60.884.319/0001-59,2023-12-31,1,6621,0,0,0
60.884.319/0001-59,2024-03-31,1,6621,0,0,0
60.884.319/0001-59,2024-06-30,1,6621,0,0,0
60.884.319/0001-59,2024-09-30,1,6621,0,0,0
60.884.319/0001-59,2024-12-31,1,6621,0,0,0
60.884.319/0001-59,2025-03-31,1,6621,0,0,0
60.884.319/0001-59,2025-06-30,1,6621,0,0,0
60.884.319/0001-59,2025-09-30,1,6621,0,0,0
60.884.319/0001-59,2025-12-31,1,6621,0,0,0
60.884.319/0001-59,2026-03-31,1,6621,0,0,0
60.884.319/0001-59,2026-06-30,1,6621,0,0,0
60.894.730/0001-05,2020-03-31,1,705260684,547818424,2526656,20962367
60.894.730/0001-05,2020-06-30,1,705260684,547818424,2526656,20962367
60.894.730/0001-05,2020-09-30,1,705260684,547818424,2526656,20817506
60.894.730/0001-05,2020-12-31,1,705260684,547818424,2526656,20019445
60.894.730/0001-05,2021-03-31,1,705260684,547818424,2526656,19933468
60.894.730/0001-05,2021-06-30,1,705260684,547818424,2526656,19933468
60.894.730/0001-05,2021-09-30,1,705260684,547818424,2526656,19933468
60.894.730/0001-05,2021-12-31,1,705260684,547818424,2526656,19609792
60.894.730/0001-05,2022-03-31,2,705260684,547818424,2526656,19609792
60.894.730/0001-05,2022-06-30,1,705260684,547818424,2526656,19609792
60.894.730/0001-05,2022-09-30,1,705260684,547818424,2526656,19609792
60.894.730/0001-05,2022-12-31,1,705260684,547818424,2526656,19609792
60.894.730/0001-05,2023-03-31,1,705260684,547818424,2526656,19609792
60.894.730/0001-05,2023-06-30,1,705260684,547818424,2526656,19609792
60.894.730/0001-05,2023-09-30,1,705260684,547818424,2526656,19609792
60.894.730/0001-05,2023-12-31,2,705260684,547818424,2526656,19609792
60.894.730/0001-05,2024-03-31,1,705260684,547818424,2526656,19609792
60.894.730/0001-05,2024-06-30,1,705260684,547818424,2526656,19609792
60.894.730/0001-05,2024-09-30,1,705260684,547818424,2526656,19609792
60.894.730/0001-05,2024-12-31,1,705260684,547818424,2526656,19609792
60.894.730/0001-05,2025-03-31,1,705260684,547818424,2526656,19609792
60.894.730/0001-05,2025-06-30,1,705260684,547818424,2526656,19609792
60.894.730/0001-05,2025-09-30,1,705260684,547818424,2526656,19609792
60.894.730/0001-05,2025-12-31,1,705260684,547818424,2526656,19609792
60.894.730/0001-05,2026-03-31,1,705260684,547818424,2526656,19609792
60.894.730/0001-05,2026-06-30,1,705260684,547818424,2526656,19609792
60.933.603/0001-78,2020-03-31,2,109168,218335,0,3
60.933.603/0001-78,2020-06-30,1,109168,218335,0,3
60.933.603/0001-78,2020-09-30,1,109168,218335,0,3
60.933.603/0001-78,2020-12-31,4,109168,218335,26,87
60.933.603/0001-78,2021-03-31,1,109168,218335,26,87
60.933.603/0001-78,2021-06-30,1,109168,218335,26,87
60.933.603/0001-78,2021-09-30,3,109168,218335,26,87
60.933.603/0001-78,2021-12-31,1,109168,218335,26,87
60.933.603/0001-78,2022-03-31,1,109168,218335,26,87
60.933.603/0001-78,2022-06-30,1,109168,218335,26,87
60.933.603/0001-78,2022-09-30,1,109168,218335,26,87
60.933.603/0001-78,2022-12-31,1,327390,0,113,0
60.933.603/0001-78,2023-03-31,1,348711,0,0,0
60.933.603/0001-78,2023-06-30,1,348711,0,0,0
60.933.603/0001-78,2023-09-30,1,348711,0,0,0
60.933.603/0001-78,2023-12-31,2,348711,0,0,0
60.933.603/0001-78,2024-03-31,1,348598,0,113,0
60.933.603/0001-78,2024-06-30,1,348598,0,113,0
60.933.603/0001-78,2024-09-30,1,348598,0,113,0
60.933.603/0001-78,2024-12-31,1,348598,0,113,0
60.933.603/0001-78,2025-03-31,1,348598,0,113,0
60.933.603/0001-78,2025-06-30,1,348598,0,113,0
60.933.603/0001-78,2025-09-30,1,348598,0,113,0
60.933.603/0001-78,2025-12-31,1,327503,0,113,0
60.933.603/0001-78,2026-03-31,1,327390,0,113,0
60.933.603/0001-78,2026-06-30,1,327390,0,113,0
60.978.495/0001-50,2026-03-31,1,798000000,0,0,0
60.978.495/0001-50,2026-06-30,1,798000000,0,0,0
61.022.042/0001-18,2020-03-31,1,124040,248079,0,0
61.022.042/0001-18,2020-06-30,1,124040,248079,0,0
61.022.042/0001-18,2020-09-30,1,124040,248079,0,0
61.022.042/0001-18,2020-12-31,1,124040,248079,0,0
61.022.042/0001-18,2021-03-31,1,124040,248079,0,0
61.022.042/0001-18,2021-06-30,1,124040,248079,0,0
61.022.042/0001-18,2021-09-30,1,124040,248079,0,0
61.022.042/0001-18,2021-12-31,1,124040,248079,0,0
61.022.042/0001-18,2022-03-31,1,124040,248079,0,0
61.022.042/0001-18,2022-06-30,1,3720971,0,0,0
61.022.042/0001-18,2022-09-30,1,3720971,0,0,0
61.022.042/0001-18,2022-12-31,1,3720971,0,0,0
61.022.042/0001-18,2023-03-31,1,3720971,0,0,0
61.022.042/0001-18,2023-06-30,1,3720971,0,0,0
61.022.042/0001-18,2023-09-30,1,3720971,0,0,0
61.022.042/0001-18,2023-12-31,1,3720971,0,0,0
61.022.042/0001-18,2024-03-31,1,3720971,0,0,0
61.022.042/0001-18,2024-06-30,1,3720971,0,0,0
61.022.042/0001-18,2024-09-30,1,3720971,0,0,0
61.022.042/0001-18,2024-12-31,2,3721065,0,0,0
61.022.042/0001-18,2025-03-31,1,6988800,0,0,0
61.022.042/0001-18,2025-06-30,1,6988800,0,0,0
61.022.042/0001-18,2025-09-30,1,6988800,0,0,0
61.022.042/0001-18,2025-12-31,1,6988800,0,0,0
61.022.042/0001-18,2026-03-31,1,6988800,0,0,0
61.022.042/0001-18,2026-06-30,1,6988800,0,0,0
61.024.352/0001-71,2020-03-31,2,83049425,3749410,0,54340
61.024.352/0001-71,2020-06-30,1,99072523,3749410,0,54340
61.024.352/0001-71,2020-09-30,2,99072523,3749410,0,54340
61.065.298/0001-02,2020-03-31,1,2067243,3715969,0,0
61.065.298/0001-02,2020-06-30,1,2067243,3715969,0,0
61.065.298/0001-02,2020-09-30,1,2067243,3715969,0,0
61.065.298/0001-02,2020-12-31,1,2067243,3715969,0,0
61.065.298/0001-02,2021-03-31,1,2067243,3715969,0,0
61.065.298/0001-02,2021-06-30,1,2067243,3715969,0,0
61.065.298/0001-02,2021-09-30,1,2067243,3715969,0,0
61.065.298/0001-02,2021-12-31,1,2067243,3715969,0,0
61.065.298/0001-02,2022-03-31,1,2067243,3715969,0,0
61.065.298/0001-02,2022-06-30,1,2067243,3715969,0,0
61.065.298/0001-02,2022-09-30,1,2067243,3715969,0,0
61.065.298/0001-02,2022-12-31,1,2067243,3715969,0,0
61.065.298/0001-02,2023-03-31,1,2067243,3715969,0,0
61.065.298/0001-02,2023-06-30,1,2067243,3715969,0,0
61.065.298/0001-02,2023-09-30,1,2067243,3715969,0,0
61.065.298/0001-02,2023-12-31,1,2067243,3715969,0,0
61.065.298/0001-02,2024-03-31,1,2067243,3715969,0,0
61.065.298/0001-02,2024-06-30,1,2067243,3715969,0,0
61.065.298/0001-02,2024-09-30,1,2067243,3715969,0,0
61.065.298/0001-02,2024-12-31,1,2067243,3715969,0,0
61.065.298/0001-02,2025-03-31,1,2067243,3715969,0,0
61.065.298/0001-02,2025-06-30,1,2067243,3715969,0,0
61.065.298/0001-02,2025-09-30,1,2067243,3715969,0,0
61.065.298/0001-02,2025-12-31,1,2067243,3715969,0,0
61.065.298/0001-02,2026-03-31,1,2067243,3715969,0,0
61.065.298/0001-02,2026-06-30,1,2067243,3715969,0,0
61.065.751/0001-80,2020-03-31,1,17153337,0,245081,0
61.065.751/0001-80,2020-06-30,1,17153337,0,245081,0
61.065.751/0001-80,2020-09-30,1,17153337,0,245081,0
61.065.751/0001-80,2020-12-31,1,17153337,0,245081,0
61.065.751/0001-80,2021-03-31,1,17153337,0,245081,0
61.065.751/0001-80,2021-06-30,1,17153337,0,245081,0
61.065.751/0001-80,2021-09-30,1,17153337,0,245081,0
61.065.751/0001-80,2021-12-31,1,17153337,0,245081,0
61.065.751/0001-80,2022-03-31,1,20000000,0,245081,0
61.065.751/0001-80,2022-06-30,1,20000000,0,245081,0
61.065.751/0001-80,2022-09-30,3,20000000,0,245081,0
61.065.751/0001-80,2022-12-31,2,20000000,0,245081,0
61.065.751/0001-80,2023-03-31,2,20000000,0,245081,0
61.065.751/0001-80,2023-06-30,1,20000000,0,245081,0
61.065.751/0001-80,2023-09-30,1,20000000,0,245081,0
61.065.751/0001-80,2023-12-31,3,20000000,0,245081,0
61.065.751/0001-80,2024-03-31,2,20000000,0,245081,0
61.065.751/0001-80,2024-06-30,1,200000000,0,245081,0
61.065.751/0001-80,2024-09-30,2,20000000,0,245081,0
61.065.751/0001-80,2024-12-31,3,20000000,0,245081,0
61.065.751/0001-80,2025-03-31,2,20000000,0,245081,0
61.065.751/0001-80,2025-06-30,1,20000000,0,245081,0
61.065.751/0001-80,2025-09-30,1,20000000,0,245081,0
61.065.751/0001-80,2025-12-31,1,20272198,0,245081,0
61.067.901/0001-95,2025-06-30,1,724868311,0,0,0
61.067.901/0001-95,2025-09-30,1,724868311,0,0,0
61.067.901/0001-95,2025-12-31,1,724868311,0,0,0
61.067.901/0001-95,2026-03-31,1,724868311,0,0,0
61.067.901/0001-95,2026-06-30,1,724868311,0,0,0
61.067.902/0001-30,2025-06-30,1,466592572,0,0,0
61.067.902/0001-30,2025-09-30,1,466592572,0,0,0
61.067.902/0001-30,2025-12-31,1,466592572,0,0,0
61.067.902/0001-30,2026-03-31,1,466592572,0,0,0
61.067.902/0001-30,2026-06-30,1,466592572,0,0,0
61.067.904/0001-29,2025-06-30,1,450046001,0,0,0
61.067.904/0001-29,2025-09-30,1,450046001,0,0,0
61.067.904/0001-29,2025-12-31,1,450046001,0,0,0
61.067.904/0001-29,2026-03-31,1,450046001,0,0,0
61.067.904/0001-29,2026-06-30,1,450046001,0,0,0
61.079.117/0001-05,2020-03-31,1,302010689,286051533,32,9245471
61.079.117/0001-05,2020-06-30,1,302010689,286051533,32,9245471
61.079.117/0001-05,2020-09-30,1,302010689,286051533,32,9150762
61.079.117/0001-05,2020-12-31,1,302010689,286051533,32,9150762
61.079.117/0001-05,2021-03-31,1,302010689,286051533,32,9117409
61.079.117/0001-05,2021-06-30,2,302010657,277007759,32,9043774
61.079.117/0001-05,2021-09-30,1,302010657,277007759,32,9043774
61.079.117/0001-05,2021-12-31,3,302010689,286051533,32,8980162
61.079.117/0001-05,2022-03-31,1,339510689,343551533,32,8980162
61.079.117/0001-05,2022-06-30,1,339510689,343551533,32,8794667
61.079.117/0001-05,2022-09-30,1,339510689,343551533,32,8793758
61.079.117/0001-05,2022-12-31,3,339510689,343551533,32,8712148
61.079.117/0001-05,2023-03-31,1,339510689,343551533,32,8646824
61.079.117/0001-05,2023-06-30,1,339510689,343551533,32,8094639
61.079.117/0001-05,2023-09-30,1,339510689,343551533,32,7970458
61.079.117/0001-05,2023-12-31,2,339510689,343551533,32,7925622
61.079.117/0001-05,2024-03-31,1,339510689,343551533,32,7227902
61.079.117/0001-05,2024-06-30,1,339510689,343551533,32,7122818
61.079.117/0001-05,2024-09-30,1,339510689,343551533,32,6640881
61.079.117/0001-05,2024-12-31,3,339510689,343551533,32,6632532
61.079.117/0001-05,2025-03-31,1,339510689,343551533,32,6167757
61.079.117/0001-05,2025-06-30,1,339510689,343551533,32,5251413
61.079.117/0001-05,2025-09-30,1,339510689,343551533,32,5251413
61.079.117/0001-05,2025-12-31,1,339510689,343551533,32,5209466
61.079.117/0001-05,2026-03-31,1,339510689,343551533,32,4957898
61.079.117/0001-05,2026-06-30,1,339510689,343551533,32,3859604
61.080.313/0001-91,2020-03-31,1,403041,622808,0,0
61.080.313/0001-91,2020-06-30,1,403041,622808,0,0
61.080.313/0001-91,2020-09-30,1,403041,622808,0,0
61.080.313/0001-91,2020-12-31,1,403041,622808,0,0
61.080.313/0001-91,2021-03-31,1,403041,622808,0,0
61.080.313/0001-91,2021-06-30,1,403041,622808,0,0
61.080.313/0001-91,2021-09-30,1,403041,622808,0,0
61.080.313/0001-91,2021-12-31,2,403041,622808,0,0
61.080.313/0001-91,2022-03-31,1,403041,622808,622,0
61.080.313/0001-91,2022-06-30,1,403041,622808,622,0
61.080.313/0001-91,2022-09-30,1,403041,622808,622,0
61.080.313/0001-91,2022-12-31,1,403041,622808,0,0
61.080.313/0001-91,2023-03-31,1,403041,622808,0,0
61.080.313/0001-91,2023-06-30,1,403041,622808,0,0
61.080.313/0001-91,2023-09-30,2,403041,622808,0,0
61.080.313/0001-91,2023-12-31,1,403041,622808,0,0
61.080.313/0001-91,2024-03-31,1,403041,622808,0,0
61.080.313/0001-91,2024-06-30,1,403041,622808,0,0
61.080.313/0001-91,2024-09-30,1,403041,622808,0,0
61.080.313/0001-91,2024-12-31,1,403041,622808,0,0
61.080.313/0001-91,2025-03-31,1,403041,622808,0,0
61.080.313/0001-91,2025-06-30,1,403041,622808,0,0
61.080.313/0001-91,2025-09-30,1,165260409,1,0,0
61.080.313/0001-91,2025-12-31,1,0,0,0,0
61.080.313/0001-91,2026-03-31,1,165260409,622808,0,0
61.080.313/0001-91,2026-06-30,1,165260,2,1,1
61.082.004/0001-50,2020-03-31,1,269,539,0,0
61.082.004/0001-50,2020-06-30,1,269,539,0,0
61.082.004/0001-50,2020-09-30,1,269,539,0,0
61.082.004/0001-50,2020-12-31,2,269,539,0,0
61.082.004/0001-50,2021-03-31,1,269,539,0,0
61.082.004/0001-50,2021-06-30,1,269,539,0,0
61.082.004/0001-50,2021-09-30,2,269,539,0,0
61.082.004/0001-50,2021-12-31,2,269,539,0,0
61.082.004/0001-50,2022-03-31,1,269,539,0,0
61.082.004/0001-50,2022-06-30,1,269,539,0,0
61.082.004/0001-50,2022-09-30,1,269,539,0,0
61.082.004/0001-50,2022-12-31,1,269,539,0,0
61.082.004/0001-50,2023-03-31,1,269,539,0,0
61.082.004/0001-50,2023-06-30,1,2695,5389,0,0
61.082.004/0001-50,2023-09-30,1,2695,5389,0,0
61.082.004/0001-50,2023-12-31,3,2695,5389,0,0
61.082.004/0001-50,2024-03-31,1,2695,5389,0,0
61.082.004/0001-50,2024-06-30,1,2694500,5389000,0,0
61.082.004/0001-50,2024-09-30,1,2694500,5389000,0,0
61.082.004/0001-50,2024-12-31,2,2695,5389,0,0
61.082.004/0001-50,2025-03-31,1,2695,5389,0,0
61.082.004/0001-50,2025-06-30,1,2695,5389,0,0
61.082.004/0001-50,2025-09-30,1,2694500,5389000,0,0
61.082.004/0001-50,2025-12-31,1,2695,5389,0,0
61.088.894/0001-08,2020-03-31,1,41980080,0,0,0
61.088.894/0001-08,2020-06-30,1,41980080,0,0,0
61.088.894/0001-08,2020-09-30,1,42100080,0,0,0
61.088.894/0001-08,2020-12-31,1,42100080,0,0,0
61.088.894/0001-08,2021-03-31,1,42265,0,0,0
61.088.894/0001-08,2021-06-30,1,42265,0,0,0
61.088.894/0001-08,2021-09-30,1,42275,0,0,0
61.088.894/0001-08,2021-12-31,1,42275080,0,0,0
61.088.894/0001-08,2022-03-31,2,42275080,0,0,0
61.088.894/0001-08,2022-06-30,1,42275080,0,0,0
61.088.894/0001-08,2022-09-30,1,42275080,0,305707,0
61.088.894/0001-08,2022-12-31,2,42275080,0,305707,0
61.088.894/0001-08,2023-03-31,1,42275080,0,350407,0
61.088.894/0001-08,2023-06-30,1,42275080,0,346807,0
61.088.894/0001-08,2023-09-30,1,42275080,0,346807,0
61.088.894/0001-08,2023-12-31,1,42275080,0,346807,0
61.088.894/0001-08,2024-03-31,1,42275080,0,346807,0
61.088.894/0001-08,2024-06-30,1,42275080,0,336007,0
61.088.894/0001-08,2024-09-30,1,42275080,0,401507,0
61.088.894/0001-08,2024-12-31,1,42275080,0,435507,0
61.088.894/0001-08,2025-03-31,2,42275080,0,435507,0
61.088.894/0001-08,2025-06-30,1,42275080,0,435507,0
61.088.894/0001-08,2025-09-30,1,42275080,0,435507,0
61.088.894/0001-08,2025-12-31,1,42275080,0,435507,0
61.088.894/0001-08,2026-03-31,1,42275080,0,435507,0
61.088.894/0001-08,2026-06-30,1,42275080,0,435507,0
61.092.037/0001-81,2020-03-31,2,31774,0,10,0
61.092.037/0001-81,2020-06-30,1,31774,0,10,0
61.092.037/0001-81,2020-09-30,2,51676,0,10,0
61.092.037/0001-81,2020-12-31,1,51676,0,10,0
61.092.037/0001-81,2021-03-31,1,51676,0,10,0
61.092.037/0001-81,2021-06-30,1,61777,0,10,0
61.092.037/0001-81,2021-09-30,1,61777,0,10,0
61.092.037/0001-81,2021-12-31,2,61777,0,10,0
61.092.037/0001-81,2022-03-31,1,61777,0,10,0
61.092.037/0001-81,2022-06-30,1,61777,0,10,0
61.092.037/0001-81,2022-09-30,1,61777,0,10,0
61.092.037/0001-81,2022-12-31,1,61777,0,10,0
61.092.037/0001-81,2023-03-31,1,61777,0,78,0
61.092.037/0001-81,2023-06-30,1,61777,0,55,0
61.092.037/0001-81,2023-09-30,1,61777,0,55,0
61.092.037/0001-81,2023-12-31,1,61777,0,55,0
61.092.037/0001-81,2024-03-31,2,61777,0,55,0
61.092.037/0001-81,2024-06-30,2,61777,0,126,0
61.092.037/0001-81,2024-09-30,2,61650,0,126,0
61.092.037/0001-81,2024-12-31,2,61777,0,126,0
61.092.037/0001-81,2025-03-31,1,61777,0,126,0
61.092.037/0001-81,2025-06-30,1,61777,0,20,0
61.092.037/0001-81,2025-09-30,1,61777,0,12,0
61.092.037/0001-81,2025-12-31,3,61777,0,12,0
61.092.037/0001-81,2026-03-31,1,61777,0,12,0
61.092.037/0001-81,2026-06-30,1,61777,0,12,0
61.101.895/0001-45,2020-03-31,1,16918,0,0,0
61.101.895/0001-45,2020-06-30,1,16918,0,0,0
61.101.895/0001-45,2020-09-30,1,16918,0,0,0
61.156.113/0001-75,2020-03-31,1,153720,0,1355,0
61.156.113/0001-75,2020-06-30,1,153720,0,1355,0
61.156.113/0001-75,2020-09-30,1,153720,0,1355,0
61.156.113/0001-75,2020-12-31,1,153720,0,1350,0
61.156.113/0001-75,2021-03-31,1,153720,0,1350,0
61.156.113/0001-75,2021-06-30,1,153720,0,1350,0
61.156.113/0001-75,2021-09-30,1,153720,0,1350,0
61.156.113/0001-75,2021-12-31,1,153720,0,1350,0
61.156.113/0001-75,2022-03-31,1,153720,0,2250,0
61.156.113/0001-75,2022-06-30,1,153720,0,2250,0
61.156.113/0001-75,2022-09-30,1,153720,0,2250,0
61.156.113/0001-75,2022-12-31,1,153720,0,1350,0
61.156.113/0001-75,2023-03-31,2,153207,0,2823,0
61.156.113/0001-75,2023-06-30,1,153720,0,3450,0
61.156.113/0001-75,2023-09-30,1,153720,0,3450,0
61.156.113/0001-75,2023-12-31,1,153720,0,3450,0
61.156.113/0001-75,2024-03-31,1,153720,0,3950,0
61.156.113/0001-75,2024-06-30,1,153720,0,3950,0
61.156.113/0001-75,2024-09-30,1,153720,0,3950,0
61.156.113/0001-75,2024-12-31,1,153720,0,3950,0
61.156.113/0001-75,2025-03-31,1,153720,0,3950,0
61.156.113/0001-75,2025-06-30,1,153720,0,3950,0
61.156.113/0001-75,2025-09-30,1,153720,0,3950,0
61.156.113/0001-75,2025-12-31,1,153720,0,3950,0
61.156.113/0001-75,2026-03-31,1,153720,0,3950,0
61.156.113/0001-75,2026-06-30,1,153720,0,3950,0
61.156.931/0001-78,2020-03-31,1,6250,12345,0,380
61.156.931/0001-78,2020-06-30,1,6250,12345,0,380
61.156.931/0001-78,2020-09-30,1,6250,12345,0,380
61.156.931/0001-78,2020-12-31,1,6250,12345,0,380
61.156.931/0001-78,2021-03-31,1,6250,12345,0,380
61.156.931/0001-78,2021-06-30,1,6250,12345,0,380
61.156.931/0001-78,2021-09-30,1,6250,12345,0,380
61.156.931/0001-78,2021-12-31,1,6250,12345,0,380
61.156.931/0001-78,2022-03-31,1,6250,12345,0,380
61.156.931/0001-78,2022-06-30,1,6250,12345,0,380
61.156.931/0001-78,2022-09-30,1,6250,0,0,0
61.156.931/0001-78,2022-12-31,1,6250,12345,0,380
61.156.931/0001-78,2023-03-31,1,6250,11956,0,0
61.156.931/0001-78,2023-06-30,1,6250,12345,0,380
61.156.931/0001-78,2023-09-30,1,6250,12345,0,380
61.156.931/0001-78,2023-12-31,1,6250,12345,0,380
61.156.931/0001-78,2024-03-31,2,6250,11965,0,380
61.156.931/0001-78,2024-06-30,1,6250,11965,0,380
61.156.931/0001-78,2024-09-30,2,6250,12345,0,380
61.156.931/0001-78,2024-12-31,2,6250,12345,0,380
61.156.931/0001-78,2025-03-31,1,6250,12345,0,380
61.156.931/0001-78,2025-06-30,1,6250,12345,0,380
61.156.931/0001-78,2025-09-30,1,6250,12345,0,380
61.156.931/0001-78,2025-12-31,1,6250,12345,0,380
61.156.931/0001-78,2026-03-31,1,6250,12345,0,380
61.156.931/0001-78,2026-06-30,1,6250,12345,0,380
61.186.680/0001-74,2020-03-31,2,400007354,191467177,0,2698700
61.186.680/0001-74,2020-06-30,3,400007354,191467177,0,3592500
61.186.680/0001-74,2020-09-30,1,400007354,191467177,0,3592500
61.186.680/0001-74,2020-12-31,1,400007354,191467177,0,3592500
61.186.680/0001-74,2021-03-31,2,398696198,184536213,0,0
61.186.680/0001-74,2021-06-30,1,398696198,184536213,0,51107
61.186.680/0001-74,2021-09-30,1,372696198,210536213,0,51107
61.186.680/0001-74,2021-12-31,1,372696198,210536213,0,51107
61.186.680/0001-74,2021-12-31,1,372696198,210536213,0,51107
61.186.680/0001-74,2022-03-31,1,372696198,210536213,0,249558
61.186.680/0001-74,2022-06-30,2,372696198,210536213,0,202532
61.186.680/0001-74,2022-09-30,1,372696198,210536213,0,202532
61.186.680/0001-74,2022-12-31,1,372696198,210536213,0,202532
61.186.680/0001-74,2023-03-31,1,372696198,210536213,0,200182
61.186.680/0001-74,2023-06-30,1,372696198,210536213,0,197350
61.186.680/0001-74,2023-09-30,1,372696198,210536213,0,169017
61.186.680/0001-74,2023-12-31,1,372696198,210536213,0,158999
61.186.680/0001-74,2024-03-31,1,372696198,210536213,0,395193
61.186.680/0001-74,2024-06-30,1,372696198,210536213,0,228376
61.186.680/0001-74,2024-09-30,1,372696198,210536213,0,367546
61.186.680/0001-74,2024-12-31,2,372696198,210536213,0,2750309
61.186.680/0001-74,2025-03-31,2,372696198,210536213,0,132328
61.186.680/0001-74,2025-06-30,1,372696198,210536213,0,272048
61.186.680/0001-74,2025-09-30,1,372696198,210536213,0,1152048
61.186.680/0001-74,2025-12-31,1,382836779,216251515,0,2601348
61.186.680/0001-74,2026-03-31,1,382836779,216251515,0,131871
61.186.680/0001-74,2026-06-30,1,414425631,233858065,0,3481871
61.189.288/0001-89,2020-03-31,2,261667,0,169,0
61.189.288/0001-89,2020-06-30,1,261667,0,169,0
61.189.288/0001-89,2020-09-30,1,261667,0,169,0
61.189.288/0001-89,2020-12-31,1,261667,0,169,0
61.189.288/0001-89,2021-03-31,1,261667,0,169,0
61.189.288/0001-89,2021-06-30,1,261667,0,169,0
61.189.288/0001-89,2021-09-30,1,261667,0,169,0
61.189.288/0001-89,2021-12-31,1,261667,0,169,0
61.189.288/0001-89,2022-03-31,2,342836,0,190,0
61.189.288/0001-89,2022-06-30,1,342836,0,190,0
61.189.288/0001-89,2022-09-30,1,342836,0,190,0
61.189.288/0001-89,2022-12-31,2,342842,0,190,0
61.189.288/0001-89,2023-03-31,1,342842,0,190,0
61.189.288/0001-89,2023-06-30,1,342842,0,190,0
61.189.288/0001-89,2023-09-30,2,342842,0,213,0
61.189.288/0001-89,2023-12-31,2,68569,0,41,0
61.189.288/0001-89,2024-03-31,4,68569,0,41,0
61.189.288/0001-89,2024-06-30,1,68568,0,41,0
61.189.288/0001-89,2024-09-30,1,344205,0,31,0
61.189.288/0001-89,2024-12-31,1,513546,0,13458,0
61.189.288/0001-89,2025-03-31,1,513442585,0,13458,0
61.189.288/0001-89,2025-06-30,1,513442585,0,13458,0
61.189.288/0001-89,2025-09-30,1,513442585,0,13458,0
61.189.288/0001-89,2025-12-31,1,513516302,0,27551,0
61.189.288/0001-89,2026-03-31,1,513488751,0,27551,0
61.189.288/0001-89,2026-06-30,1,513488751,0,27551,0
61.190.096/0001-92,2020-12-31,1,855863854,0,0,0
61.190.096/0001-92,2021-03-31,1,857863854,0,0,0
61.190.096/0001-92,2021-06-30,1,858714812,0,0,0
61.190.096/0001-92,2021-09-30,1,858714812,0,0,0
61.190.096/0001-92,2021-12-31,1,858714812,0,0,0
61.190.096/0001-92,2022-03-31,1,858714812,0,0,0
61.190.096/0001-92,2022-06-30,2,858714812,0,0,0
61.190.096/0001-92,2022-09-30,1,858714812,0,0,0
61.190.096/0001-92,2022-12-31,1,987568073,0,0,0
61.190.096/0001-92,2023-03-31,1,987568073,0,0,0
61.190.096/0001-92,2023-06-30,1,987568073,0,0,0
61.190.096/0001-92,2023-09-30,1,987568073,0,0,0
61.190.096/0001-92,2023-12-31,1,987568073,0,0,0
61.190.096/0001-92,2024-03-31,2,987568073,0,0,0
61.190.096/0001-92,2024-06-30,1,987568073,0,0,0
61.190.096/0001-92,2024-09-30,1,987568073,0,0,0
61.190.096/0001-92,2024-12-31,2,989212309,0,0,0
61.190.096/0001-92,2025-03-31,2,989212309,0,0,0
61.190.096/0001-92,2025-06-30,1,989212309,0,0,0
61.190.096/0001-92,2025-09-30,1,989212309,0,0,0
61.190.096/0001-92,2025-12-31,1,989212309,0,0,0
61.190.096/0001-92,2026-03-31,1,989212309,0,0,0
61.190.096/0001-92,2026-06-30,1,989212309,0,0,0
61.351.532/0001-68,2020-03-31,3,1800000,3600000,0,0
61.351.532/0001-68,2020-06-30,1,1800000,3600000,0,0
61.351.532/0001-68,2020-09-30,1,1800000,3600000,0,0
61.351.532/0001-68,2020-12-31,2,6600000,13200000,0,0
61.351.532/0001-68,2021-03-31,2,6600000,13200000,0,0
61.351.532/0001-68,2021-06-30,2,6600000,13200000,0,0
61.351.532/0001-68,2021-09-30,1,18150000,36300000,0,0
61.351.532/0001-68,2021-12-31,2,18150000,36300000,0,0
61.351.532/0001-68,2022-03-31,2,18150000,36300000,0,0
61.351.532/0001-68,2022-06-30,2,18150000,36300000,0,0
61.351.532/0001-68,2022-09-30,1,26539706,50640763,0,0
61.351.532/0001-68,2022-12-31,2,26539706,50640763,0,0
61.351.532/0001-68,2023-03-31,1,26539706,50640763,0,0
61.351.532/0001-68,2023-06-30,1,26539706,50640763,0,0
61.351.532/0001-68,2023-09-30,1,31860373,61282097,0,0
61.351.532/0001-68,2023-12-31,1,57401341,110409124,0,0
61.351.532/0001-68,2024-03-31,2,57401341,110409124,0,0
61.351.532/0001-68,2024-06-30,1,63853520,123313482,0,0
61.351.532/0001-68,2024-09-30,1,67326343,130259128,0,0
61.351.532/0001-68,2024-12-31,1,67326343,130259128,0,0
61.351.532/0001-68,2025-03-31,1,201978135,390775596,0,0
61.351.532/0001-68,2025-06-30,1,201978135,390775596,0,0
61.351.532/0001-68,2025-09-30,1,201978757,390776840,0,0
61.351.532/0001-68,2025-12-31,1,201978758,390776842,0,0
61.351.532/0001-68,2026-03-31,2,201978758,390776842,0,0
61.351.532/0001-68,2026-06-30,1,37899458,73325687,0,0
61.374.161/0001-30,2020-03-31,1,4900000,4900000,11900,3100
61.374.161/0001-30,2020-06-30,1,4900000,4900000,11900,3100
61.374.161/0001-30,2020-09-30,1,4900000,4900000,11890,3100
61.374.161/0001-30,2020-12-31,3,4900000,4900000,11890,3100
61.374.161/0001-30,2021-03-31,1,4900000,4900000,11890,3100
61.374.161/0001-30,2021-06-30,1,4900000,4900000,11890,3100
61.374.161/0001-30,2021-09-30,1,4900000,4900000,11890,3600
61.374.161/0001-30,2021-12-31,2,4900000,4900000,11890,3600
61.374.161/0001-30,2022-03-31,1,4900000,4900000,11890,3600
61.374.161/0001-30,2022-06-30,1,4900000,4900000,11890,3600
61.374.161/0001-30,2022-09-30,1,4900000,4900000,11890,3600
61.374.161/0001-30,2022-12-31,1,4900000,4900000,11890,3600
61.374.161/0001-30,2023-03-31,1,4900000,4900000,11890,3600
61.374.161/0001-30,2023-06-30,1,4900000,4900000,11890,3600
61.374.161/0001-30,2023-09-30,1,4900000,4900000,11890,3600
61.374.161/0001-30,2023-12-31,1,4900000,4900000,11890,3600
61.374.161/0001-30,2024-03-31,1,4900000,4900000,11890,3600
61.374.161/0001-30,2024-06-30,1,4900000,4900000,11890,3600
61.374.161/0001-30,2024-09-30,1,4900000,4900000,11890,3600
61.374.161/0001-30,2024-12-31,2,4900000,4900000,11890,3600
61.374.161/0001-30,2025-03-31,1,4900000,4900000,11890,3600
61.374.161/0001-30,2025-06-30,1,4900000,4900000,11890,3600
61.374.161/0001-30,2025-09-30,1,4900000,4900000,11890,3600
61.374.161/0001-30,2025-12-31,1,4900000,4900000,11890,3600
61.374.161/0001-30,2026-03-31,1,4900000,4900000,11890,3600
61.374.161/0001-30,2026-06-30,1,4900000,4900000,11890,3600
61.409.892/0001-73,2020-12-31,1,1420294211,0,0,0
61.409.892/0001-73,2021-03-31,1,1233375761,0,0,0
61.409.892/0001-73,2021-06-30,4,533333333,0,0,0
61.409.892/0001-73,2021-09-30,3,595833333,0,0,0
61.409.892/0001-73,2021-12-31,2,595833333,0,0,0
61.409.892/0001-73,2022-03-31,1,595833333,0,0,0
61.409.892/0001-73,2022-06-30,1,595833333,0,0,0
61.409.892/0001-73,2022-09-30,1,595833333,0,0,0
61.409.892/0001-73,2022-12-31,2,595833333,0,0,0
61.409.892/0001-73,2023-03-31,1,595833333,0,0,0
61.409.892/0001-73,2023-06-30,1,595833333,0,0,0
61.409.892/0001-73,2023-09-30,1,595833333,0,0,0
61.409.892/0001-73,2023-12-31,1,645477321,0,0,0
61.409.892/0001-73,2024-03-31,2,651073,0,0,0
61.409.892/0001-73,2024-06-30,1,651073,0,0,0
61.409.892/0001-73,2024-09-30,1,651073,0,0,0
61.409.892/0001-73,2024-12-31,2,651073,0,0,0
61.409.892/0001-73,2025-03-31,1,651073,0,0,0
61.409.892/0001-73,2025-06-30,1,651073,0,0,0
61.409.892/0001-73,2025-09-30,1,651073,0,0,0
61.409.892/0001-73,2025-12-31,1,651073,0,0,0
61.409.892/0001-73,2026-03-31,1,651073,0,0,0
61.409.892/0001-73,2026-06-30,1,651073,0,0,0
61.486.650/0001-83,2020-03-31,1,480813758,0,109199,0
61.486.650/0001-83,2020-06-30,1,480813758,0,109199,0
61.486.650/0001-83,2020-09-30,1,480813758,0,109200,0
61.486.650/0001-83,2020-12-31,1,480722092,0,91666,0
61.486.650/0001-83,2021-03-31,1,480813758,0,91666,0
61.486.650/0001-83,2021-06-30,1,547963188,0,91666,0
61.486.650/0001-83,2021-09-30,1,547963188,0,91666,0
61.486.650/0001-83,2021-12-31,2,560510880,0,91666,0
61.486.650/0001-83,2022-03-31,1,560578264,0,91666,0
61.486.650/0001-83,2022-06-30,1,560578264,0,91666,0
61.486.650/0001-83,2022-09-30,1,560578264,0,751266,0
61.486.650/0001-83,2022-12-31,1,560578264,0,23943660,0
61.486.650/0001-83,2023-03-31,1,555942170,0,5920197,0
61.486.650/0001-83,2023-06-30,1,752799844,0,5920197,0
61.486.650/0001-83,2023-09-30,1,752799844,0,5839733,0
61.486.650/0001-83,2023-12-31,2,752799844,0,5751757,0
61.486.650/0001-83,2024-03-31,1,752799844,0,5609222,0
61.486.650/0001-83,2024-06-30,1,752799844,0,5378193,0
61.486.650/0001-83,2024-09-30,1,752799844,0,5361750,0
61.486.650/0001-83,2024-12-31,1,1255006644,0,5361750,0
61.486.650/0001-83,2025-03-31,2,1255006644,0,5361750,0
61.486.650/0001-83,2025-06-30,1,1255006644,0,5344126,0
61.486.650/0001-83,2025-09-30,1,1255007048,0,5232506,0
61.486.650/0001-83,2025-12-31,1,1255007048,0,5232506,0
61.486.650/0001-83,2026-03-31,1,1255007048,0,5232506,0
61.486.650/0001-83,2026-06-30,1,1255007048,0,5182665,0
61.532.644/0001-15,2020-03-31,1,2889838,5520977,0,0
61.532.644/0001-15,2020-06-30,1,2889838,5520977,0,0
61.532.644/0001-15,2020-09-30,1,2889838,5520977,0,0
61.532.644/0001-15,2020-12-31,1,2889838,5520977,0,0
61.532.644/0001-15,2021-03-31,1,2889838,5520977,0,0
61.532.644/0001-15,2021-06-30,1,2889838,5520977,0,0
61.532.644/0001-15,2021-09-30,1,2889838,5520977,0,8000
61.532.644/0001-15,2021-12-31,1,3034330,5797026,0,8400
61.532.644/0001-15,2022-03-31,2,3034330,5797026,3492,8400
61.532.644/0001-15,2022-06-30,1,3034330,5797026,3492,8400
61.532.644/0001-15,2022-09-30,1,3034330,5797026,3492,8400
61.532.644/0001-15,2022-12-31,1,3333921,6367489,0,0
61.532.644/0001-15,2023-03-31,1,3333921,6367489,0,0
61.532.644/0001-15,2023-06-30,1,3333921,6367489,0,0
61.532.644/0001-15,2023-09-30,1,3333921,6367489,0,0
61.532.644/0001-15,2023-12-31,1,3549302,6778847,0,0
61.532.644/0001-15,2024-03-31,2,3549302,6778847,0,1500
61.532.644/0001-15,2024-06-30,1,3549302,6778847,0,1253
61.532.644/0001-15,2024-09-30,1,3549302,6778847,0,1253
61.532.644/0001-15,2024-12-31,2,3726767,7117790,0,2890
61.532.644/0001-15,2025-03-31,2,3726767,7117790,0,2890
61.532.644/0001-15,2025-06-30,1,3778073,7215738,0,2294
61.532.644/0001-15,2025-09-30,1,3778073,7215738,0,2294
61.532.644/0001-15,2025-12-31,1,3853634,7360053,0,2340
61.532.644/0001-15,2026-03-31,1,3853634,7360053,0,2340
61.532.644/0001-15,2026-06-30,2,3853634,7360053,0,6337
61.584.140/0001-49,2020-03-31,2,2057874630,0,0,0
61.584.140/0001-49,2020-06-30,1,2110323374,0,0,0
61.584.140/0001-49,2020-09-30,1,2110323374,0,0,0
61.584.140/0001-49,2020-12-31,1,2110323374,0,0,0
61.584.140/0001-49,2021-03-31,1,2110323374,0,0,0
61.584.140/0001-49,2021-06-30,1,2110323374,0,0,0
61.584.140/0001-49,2021-09-30,1,2110323374,0,0,0
61.584.140/0001-49,2021-12-31,2,2110323374,0,0,0
61.584.140/0001-49,2022-03-31,1,2110323374,0,0,0
61.584.140/0001-49,2022-06-30,1,2110323374,0,0,0
61.584.140/0001-49,2022-09-30,1,2110323374,0,0,0
61.584.140/0001-49,2022-12-31,1,2110323374,0,0,0
61.584.140/0001-49,2023-03-31,1,2110323374,0,0,0
61.584.140/0001-49,2023-06-30,1,2110323374,0,0,0
61.584.140/0001-49,2023-09-30,1,2110323374,0,0,0
61.584.140/0001-49,2023-12-31,1,2110323374,0,0,0
61.584.140/0001-49,2024-03-31,3,2110323374,0,0,0
61.584.140/0001-49,2024-06-30,1,2110323374,0,0,0
61.584.140/0001-49,2024-09-30,2,2110323374,0,0,0
61.584.140/0001-49,2024-12-31,1,2110323374,0,0,0
61.584.140/0001-49,2025-03-31,1,2110323374,0,0,0
61.584.140/0001-49,2025-06-30,1,2110323374,0,0,0
61.584.140/0001-49,2025-09-30,1,2110323374,0,0,0
61.584.140/0001-49,2025-12-31,1,2568204239,0,0,0
61.584.140/0001-49,2026-03-31,1,2568204239,0,0,0
61.584.140/0001-49,2026-06-30,1,2568204239,0,0,0
61.585.865/0001-51,2020-03-31,1,330386000,0,508589,0
61.585.865/0001-51,2020-06-30,1,330386000,0,508589,0
61.585.865/0001-51,2020-09-30,1,1651930000,0,2542945,0
61.585.865/0001-51,2020-12-31,1,1651930000,0,2479480,0
61.585.865/0001-51,2021-03-31,1,1651930000,0,1823831,0
61.585.865/0001-51,2021-06-30,1,1651930000,0,1770355,0
61.585.865/0001-51,2021-09-30,1,1651930000,0,4770355,0
61.585.865/0001-51,2021-12-31,1,1651930000,0,4770375,0
61.585.865/0001-51,2022-03-31,3,1651930000,0,4182567,0
61.585.865/0001-51,2022-06-30,1,1647747433,0,41825670,0
61.585.865/0001-51,2022-09-30,1,1651930000,0,4182567,0
61.585.865/0001-51,2022-12-31,1,1651930000,0,4179812,0
61.585.865/0001-51,2023-03-31,2,1651930000,0,3485425,0
61.585.865/0001-51,2023-06-30,1,1718007200,0,3624842,0
61.585.865/0001-51,2023-09-30,1,1718007200,0,3624842,0
61.585.865/0001-51,2023-12-31,1,1718007200,0,3624842,0
61.585.865/0001-51,2024-03-31,1,1718007200,0,2883339,0
61.585.865/0001-51,2024-06-30,2,1718007200,0,2880891,0
61.585.865/0001-51,2024-09-30,2,1718007200,0,2880891,0
61.585.865/0001-51,2024-12-31,2,1718007200,0,6012572,0
61.585.865/0001-51,2025-03-31,1,1718007200,0,5006657,0
61.585.865/0001-51,2025-06-30,1,1718007200,0,5003383,0
61.585.865/0001-51,2025-09-30,1,1718007200,0,5003383,0
61.585.865/0001-51,2025-12-31,1,1752367344,0,5103450,0
61.585.865/0001-51,2026-03-31,1,1752367344,0,3831107,0
61.585.865/0001-51,2026-06-30,2,1752367344,0,3831107,0
61.695.227/0001-93,2020-03-31,1,197467,0,0,0
61.695.227/0001-93,2020-06-30,1,197467,0,0,0
61.695.227/0001-93,2020-09-30,1,197467,0,0,0
61.695.227/0001-93,2020-12-31,1,197467,0,0,0
61.695.227/0001-93,2021-03-31,1,197467,0,0,0
61.695.227/0001-93,2021-06-30,1,197466,0,0,0
61.695.227/0001-93,2021-09-30,1,197467,0,0,0
61.695.227/0001-93,2021-12-31,1,197467,0,0,0
61.695.227/0001-93,2022-03-31,1,197467,0,0,0
61.695.227/0001-93,2022-06-30,1,197467,0,0,0
61.695.227/0001-93,2022-09-30,1,197467,0,0,0
61.695.227/0001-93,2022-12-31,1,197467,0,0,0
61.695.227/0001-93,2023-03-31,1,197467,0,0,0
61.695.227/0001-93,2023-06-30,1,197467,0,0,0
61.695.227/0001-93,2023-09-30,1,197467,0,0,0
61.695.227/0001-93,2023-12-31,1,197467,0,0,0
61.695.227/0001-93,2024-03-31,1,197467,0,0,0
61.695.227/0001-93,2024-06-30,2,299075,0,0,0
61.695.227/0001-93,2024-09-30,1,299075,0,0,0
61.695.227/0001-93,2024-12-31,1,299075,0,0,0
61.695.227/0001-93,2025-03-31,1,299075,0,0,0
61.695.227/0001-93,2025-06-30,1,299075,0,0,0
61.695.227/0001-93,2025-09-30,1,299075,0,0,0
61.695.227/0001-93,2025-12-31,1,299075,0,0,0
61.695.227/0001-93,2026-03-31,1,299075,0,0,0
61.695.227/0001-93,2026-06-30,1,299075,0,0,0
61.856.571/0001-17,2020-03-31,1,103862768,28657819,0,0
61.856.571/0001-17,2020-06-30,1,103862768,28657819,0,0
61.856.571/0001-17,2020-09-30,1,103862768,28657819,0,0
61.856.571/0001-17,2020-12-31,1,103862768,28657819,0,0
61.856.571/0001-17,2021-03-31,1,103862768,28657819,0,0
61.856.571/0001-17,2021-06-30,1,103862768,28657819,0,0
61.856.571/0001-17,2021-09-30,1,103862768,28657819,0,0
61.856.571/0001-17,2021-12-31,1,103862768,28657819,0,0
61.856.571/0001-17,2022-03-31,1,103862768,28657819,0,0
61.856.571/0001-17,2022-06-30,1,103862768,28657819,0,0
61.856.571/0001-17,2022-09-30,1,103862768,28657819,0,0
61.856.571/0001-17,2022-12-31,1,103862768,28657819,0,0
61.856.571/0001-17,2023-03-31,1,103862768,28657819,0,0
61.856.571/0001-17,2023-06-30,1,103862768,28657819,0,0
61.856.571/0001-17,2023-09-30,1,103862768,28657819,0,0
61.856.571/0001-17,2023-12-31,1,103862768,28657819,0,0
61.856.571/0001-17,2024-03-31,1,103862768,28657819,0,0
61.856.571/0001-17,2024-06-30,1,103862768,28657819,0,0
61.856.571/0001-17,2024-09-30,1,103862768,28657819,0,0
61.856.571/0001-17,2024-12-31,1,103862768,28657819,0,0
61.856.571/0001-17,2025-03-31,1,103862768,28657819,0,0
61.856.571/0001-17,2025-06-30,1,103862768,28657819,0,0
61.856.571/0001-17,2025-09-30,1,103862768,28657819,0,0
61.856.571/0001-17,2025-12-31,1,103862768,28657819,0,0
61.856.571/0001-17,2026-03-31,1,103862768,28657819,0,0
61.856.571/0001-17,2026-06-30,1,103862768,28657819,0,0
62.002.886/0001-60,2020-03-31,2,7390,131,0,1
62.002.886/0001-60,2020-06-30,2,8407,135,0,1
62.002.886/0001-60,2020-09-30,3,8407,136,0,1
62.002.886/0001-60,2020-12-31,1,8407,136,0,1
62.002.886/0001-60,2021-03-31,2,8407,136,0,1
62.002.886/0001-60,2021-06-30,1,8407,136,0,1
62.002.886/0001-60,2021-09-30,1,8407,136,0,1
62.002.886/0001-60,2021-12-31,3,8407,136,0,1
62.002.886/0001-60,2022-03-31,2,8407,136,0,1
62.002.886/0001-60,2022-06-30,1,8407,136,0,1
62.002.886/0001-60,2022-09-30,1,8407,136,0,1
62.002.886/0001-60,2022-12-31,2,8407,135,0,1
62.002.886/0001-60,2023-03-31,1,8407,135,0,1
62.002.886/0001-60,2023-06-30,1,8407,135,0,1
62.002.886/0001-60,2023-09-30,1,8407,135,0,1
62.002.886/0001-60,2023-12-31,1,8407,135,0,1
62.002.886/0001-60,2024-03-31,1,8407,135,0,1
62.002.886/0001-60,2024-06-30,1,8407,135,0,1
62.002.886/0001-60,2024-09-30,1,8407,135,0,1
62.002.886/0001-60,2024-12-31,1,8407,135,0,1
62.002.886/0001-60,2025-03-31,1,8407,135,0,1
62.002.886/0001-60,2025-06-30,1,8407,135,0,1
62.002.886/0001-60,2025-09-30,1,8407,135,0,1
62.002.886/0001-60,2025-12-31,1,8407,135,0,1
62.002.886/0001-60,2026-03-31,1,8407,135,0,1
62.002.886/0001-60,2026-06-30,1,8407,135,0,1
62.070.362/0001-06,2021-12-31,1,7911,0,0,0
62.070.362/0001-06,2022-03-31,1,7911,0,0,0
62.070.362/0001-06,2022-06-30,1,7911,0,0,0
62.070.362/0001-06,2022-09-30,1,7911,0,0,0
62.070.362/0001-06,2022-12-31,1,8463,0,0,0
62.070.362/0001-06,2023-03-31,1,8463,0,0,0
62.070.362/0001-06,2023-06-30,1,8463,0,0,0
62.070.362/0001-06,2023-09-30,1,8463,0,0,0
62.070.362/0001-06,2023-12-31,1,9110,0,0,0
62.070.362/0001-06,2024-03-31,1,9110,0,0,0
62.070.362/0001-06,2024-06-30,1,9110,0,0,0
62.070.362/0001-06,2024-09-30,1,9110,0,0,0
62.070.362/0001-06,2024-12-31,1,10109,0,0,0
62.070.362/0001-06,2025-03-31,1,10109,0,0,0
62.070.362/0001-06,2025-06-30,1,10109,0,0,0
62.070.362/0001-06,2025-09-30,1,10109,0,0,0
62.070.362/0001-06,2025-12-31,1,11307,0,0,0
62.070.362/0001-06,2026-03-31,1,11307,0,0,0
62.070.362/0001-06,2026-06-30,1,11307,0,0,0
62.144.175/0001-20,2020-03-31,1,75577842,72579922,0,0
62.144.175/0001-20,2020-06-30,1,75577842,72579922,0,0
62.144.175/0001-20,2020-09-30,1,75577842,72579922,0,0
62.144.175/0001-20,2020-12-31,2,75577842,72579922,0,0
62.144.175/0001-20,2021-03-31,1,75577842,72579922,0,0
62.144.175/0001-20,2021-06-30,1,75577842,72579922,0,0
62.144.175/0001-20,2021-09-30,1,75577842,72579922,0,0
62.144.175/0001-20,2021-12-31,2,75577842,72579922,0,0
62.144.175/0001-20,2022-03-31,1,75577842,72579922,0,0
62.144.175/0001-20,2022-06-30,2,97895475,88545732,0,0
62.144.175/0001-20,2022-09-30,2,97895475,88545732,0,0
62.144.175/0001-20,2022-12-31,4,97895475,88545732,0,0
62.144.175/0001-20,2023-03-31,3,97895475,88545732,0,2948100
62.144.175/0001-20,2023-06-30,2,97895917,88546616,0,3476400
62.144.175/0001-20,2023-09-30,1,97912865,88580512,0,3613500
62.144.175/0001-20,2023-12-31,3,98007123,88769028,0,3911584
62.144.175/0001-20,2024-03-31,2,105407754,103570290,0,1607731
62.144.175/0001-20,2024-06-30,2,105835051,104424884,0,3417442
62.144.175/0001-20,2024-09-30,1,105871975,104498732,0,3417442
62.144.175/0001-20,2024-12-31,2,115953618,113794003,0,4675742
62.144.175/0001-20,2025-03-31,2,115969072,113824911,0,2038615
62.144.175/0001-20,2025-06-30,3,115914712,110513658,0,1706089
62.144.175/0001-20,2025-09-30,1,116044153,110695415,0,647965
62.144.175/0001-20,2025-12-31,3,119162783,113288564,0,823248
62.144.175/0001-20,2026-03-31,3,129784217,129734095,0,2708576
62.144.175/0001-20,2026-06-30,2,129856723,129843535,0,5382476
62.232.889/0001-90,2020-03-31,2,1323471042,567201876,0,0
62.232.889/0001-90,2020-06-30,2,1323471042,567201876,0,0
62.232.889/0001-90,2020-09-30,1,1323471042,567201876,0,0
62.232.889/0001-90,2020-12-31,2,1323471042,567201876,0,0
62.232.889/0001-90,2021-03-31,1,1323471042,567201876,0,0
62.232.889/0001-90,2021-06-30,1,1323471042,567201876,0,0
62.232.889/0001-90,2021-09-30,1,1323471042,567201876,0,0
62.232.889/0001-90,2021-12-31,2,1323471042,567201876,0,0
62.232.889/0001-90,2022-03-31,2,1323471042,567201876,0,0
62.232.889/0001-90,2022-06-30,2,1323471042,567201876,0,0
62.232.889/0001-90,2022-09-30,2,1323471042,567201876,0,0
62.232.889/0001-90,2022-12-31,2,1323471042,567201876,0,0
62.232.889/0001-90,2023-03-31,2,1323471042,567201876,0,0
62.232.889/0001-90,2023-06-30,2,1323471042,567201876,0,0
62.232.889/0001-90,2023-09-30,3,1323471042,567201876,0,0
62.232.889/0001-90,2023-12-31,2,1323471042,567201876,0,0
62.232.889/0001-90,2024-03-31,2,1323471042,567201876,0,0
62.232.889/0001-90,2024-06-30,2,1323471042,567201876,0,0
62.232.889/0001-90,2024-09-30,2,1323471042,567201876,0,0
62.232.889/0001-90,2024-12-31,2,1323471042,567201876,0,0
62.232.889/0001-90,2025-03-31,2,1323471042,567201876,0,0
62.232.889/0001-90,2025-06-30,2,1323471042,567201876,0,0
62.232.889/0001-90,2025-09-30,2,1323471042,567201876,0,0
62.232.889/0001-90,2025-12-31,2,1863693299,798725701,0,0
62.232.889/0001-90,2026-03-31,2,1863693299,798725701,0,0
62.232.889/0001-90,2026-06-30,2,1863693299,798725701,0,0
62.258.884/0001-36,2020-12-31,1,2469585273,0,0,0
62.258.884/0001-36,2021-03-31,1,2469585273,0,0,0
62.258.884/0001-36,2021-06-30,1,411597545,0,0,0
62.258.884/0001-36,2021-09-30,2,411597545,0,0,0
62.258.884/0001-36,2021-12-31,1,411597545,0,0,0
62.258.884/0001-36,2022-03-31,1,411597545,0,0,0
62.258.884/0001-36,2022-06-30,1,411597545,0,0,0
62.258.884/0001-36,2022-09-30,1,411597545,0,0,0
62.258.884/0001-36,2022-12-31,1,411597545,0,0,0
62.258.884/0001-36,2023-03-31,1,411597545,0,0,0
62.258.884/0001-36,2023-06-30,1,411597545,0,0,0
62.258.884/0001-36,2023-09-30,1,411597545,0,0,0
62.258.884/0001-36,2023-12-31,2,411597545,0,0,0
62.258.884/0001-36,2024-03-31,2,411597545,0,0,0
62.258.884/0001-36,2024-06-30,3,411597545,0,0,0
62.258.884/0001-36,2024-09-30,1,411597545,0,0,0
62.258.884/0001-36,2024-12-31,1,411597545,0,0,0
62.258.884/0001-36,2025-03-31,1,411597545,0,0,0
62.258.884/0001-36,2025-06-30,1,411597545,0,0,0
62.258.884/0001-36,2025-09-30,1,411597545,0,0,0
62.258.884/0001-36,2025-12-31,1,411597545,0,0,0
62.307.848/0001-15,2020-03-31,1,202512,201941,0,0
62.307.848/0001-15,2020-06-30,2,202512,201941,0,0
62.307.848/0001-15,2020-09-30,1,202512,201941,0,0
62.307.848/0001-15,2020-12-31,2,202512,201941,0,0
62.307.848/0001-15,2021-03-31,1,202512,201941,0,0
62.307.848/0001-15,2021-06-30,1,202512,201941,0,0
62.307.848/0001-15,2021-09-30,1,202512,201941,0,0
62.307.848/0001-15,2021-12-31,2,202512,201941,0,0
62.307.848/0001-15,2022-03-31,1,202512,201941,0,0
62.307.848/0001-15,2022-06-30,1,202512,201941,0,0
62.307.848/0001-15,2022-09-30,1,202512,201941,0,0
62.307.848/0001-15,2022-12-31,1,202512,201941,0,0
62.307.848/0001-15,2023-03-31,1,202512,201941,0,0
62.307.848/0001-15,2023-06-30,1,202512,201941,0,0
62.307.848/0001-15,2023-09-30,1,202512,201941,0,0
62.307.848/0001-15,2023-12-31,2,202512,201941,0,0
62.307.848/0001-15,2024-03-31,1,202512,201941,0,0
62.307.848/0001-15,2024-06-30,1,202512,201941,0,0
62.307.848/0001-15,2024-09-30,1,202512,201941,0,0
62.307.848/0001-15,2024-12-31,2,202512,201941,0,0
62.307.848/0001-15,2025-03-31,1,202512,201941,0,0
62.307.848/0001-15,2025-06-30,1,202512,201941,0,0
62.307.848/0001-15,2025-09-30,1,202512,201941,0,0
62.307.848/0001-15,2025-12-31,1,202512,201941,0,0
62.984.091/0001-02,2020-03-31,1,7633056,0,0,0
62.984.091/0001-02,2020-06-30,1,7633056,0,0,0
62.984.091/0001-02,2020-09-30,1,7633056,0,0,0
62.984.091/0001-02,2020-12-31,1,7633056,0,0,0
62.984.091/0001-02,2021-03-31,1,305322240,0,0,0
62.984.091/0001-02,2021-06-30,2,348708952,0,0,0
62.984.091/0001-02,2021-09-30,2,381822240,0,0,0
62.984.091/0001-02,2021-12-31,1,381822240,0,0,0
62.984.091/0001-02,2022-03-31,1,381822240,0,0,0
62.984.091/0001-02,2022-06-30,1,381822240,0,0,0
62.984.091/0001-02,2022-09-30,1,381822240,0,1421800,0
62.984.091/0001-02,2022-12-31,1,381822240,0,5602700,0
62.984.091/0001-02,2023-03-31,2,374046720,0,8847968,0
62.984.091/0001-02,2023-06-30,1,364542552,0,2506200,0
62.984.091/0001-02,2023-09-30,1,364542552,0,2506200,0
62.984.091/0001-02,2023-12-31,2,364542552,0,0,0
62.984.091/0001-02,2024-03-31,1,364542552,0,0,0
62.984.091/0001-02,2024-06-30,1,364542552,0,0,0
62.984.091/0001-02,2024-09-30,1,364542552,0,0,0
62.984.091/0001-02,2024-12-31,1,364542552,0,0,0
62.984.091/0001-02,2025-03-31,1,364542552,0,0,0
62.984.091/0001-02,2025-06-30,1,364542552,0,0,0
62.984.091/0001-02,2025-09-30,2,364542552,0,0,0
62.984.091/0001-02,2025-12-31,1,364542552,0,0,0
62.984.091/0001-02,2026-03-31,1,364542552,0,0,0
62.984.091/0001-02,2026-06-30,1,364542552,0,0,0
64.904.295/0001-03,2020-02-29,2,370000000,0,0,0
64.904.295/0001-03,2020-05-31,2,370000000,0,0,0
64.904.295/0001-03,2020-08-31,2,370000000,0,0,0
64.904.295/0001-03,2020-11-30,1,370000000,0,1857600,0
64.904.295/0001-03,2021-02-28,1,370000000,0,3706600,0
64.904.295/0001-03,2021-05-31,1,370000000,0,4865900,0
64.904.295/0001-03,2021-08-31,1,370000000,0,6390900,0
64.904.295/0001-03,2021-11-30,2,370000000,0,7986500,0
64.904.295/0001-03,2022-02-28,2,370000000,0,9986500,0
64.904.295/0001-03,2022-05-31,1,360000000,0,1418300,0
64.904.295/0001-03,2022-08-31,1,360000000,0,6313400,0
64.904.295/0001-03,2022-11-30,1,360000000,0,9986500,0
64.904.295/0001-03,2023-02-28,1,350000000,0,486500,0
64.904.295/0001-03,2023-05-31,1,350000000,0,1886500,0
64.904.295/0001-03,2023-08-31,1,350000000,0,4686500,0
64.904.295/0001-03,2023-11-30,1,350000000,0,7536500,0
64.904.295/0001-03,2024-02-28,1,350000000,0,8928768,0
64.904.295/0001-03,2024-05-31,1,350000000,0,8928768,0
64.904.295/0001-03,2024-08-31,1,350000000,0,8928768,0
64.904.295/0001-03,2024-11-30,1,350000000,0,8928768,0
64.904.295/0001-03,2025-02-28,1,350000000,0,8928768,0
64.904.295/0001-03,2025-05-31,1,350000000,0,8928768,0
64.904.295/0001-03,2025-08-31,1,350000000,0,8928768,0
64.904.295/0001-03,2025-11-30,1,350000000,0,8928768,0
64.904.295/0001-03,2026-02-28,1,350000000,0,8928768,0
64.904.295/0001-03,2026-05-31,1,350000000,0,8928768,0
65.654.303/0001-73,2020-03-31,1,1504997,0,0,0
65.654.303/0001-73,2020-06-30,1,1504997,0,0,0
65.654.303/0001-73,2020-09-30,1,1504997,0,0,0
65.654.303/0001-73,2020-12-31,1,1504997,0,0,0
65.654.303/0001-73,2021-03-31,1,1504997,0,0,0
65.654.303/0001-73,2021-06-30,1,1504997,0,0,0
65.654.303/0001-73,2021-09-30,1,1504997,0,0,0
65.654.303/0001-73,2021-12-31,3,1504997,0,0,0
65.654.303/0001-73,2022-03-31,1,1504997,0,0,0
65.654.303/0001-73,2022-06-30,1,1504997,0,0,0
65.654.303/0001-73,2022-09-30,1,2215856,0,0,0
65.654.303/0001-73,2022-12-31,1,2215856,0,0,0
65.654.303/0001-73,2023-03-31,1,2215856,0,0,0
65.654.303/0001-73,2023-06-30,1,2215856,0,0,0
65.654.303/0001-73,2023-09-30,1,2215856,0,0,0
65.654.303/0001-73,2023-12-31,1,2215856,0,0,0
65.654.303/0001-73,2024-03-31,1,2215856,0,0,0
65.654.303/0001-73,2024-06-30,1,2215856,0,0,0
65.654.303/0001-73,2024-09-30,1,2215856,0,0,0
65.654.303/0001-73,2024-12-31,1,2215856,0,0,0
65.654.303/0001-73,2025-03-31,1,2215856,0,0,0
65.654.303/0001-73,2025-06-30,1,2215856,0,0,0
65.654.303/0001-73,2025-09-30,1,2215856,0,0,0
65.654.303/0001-73,2025-12-31,1,2215856,0,0,0
65.654.303/0001-73,2026-03-31,1,2215856,0,0,0
65.654.303/0001-73,2026-06-30,1,2215856,0,0,0
67.010.660/0001-24,2020-03-31,1,43770,0,1567,0
67.010.660/0001-24,2020-06-30,1,43770,0,1567,0
67.010.660/0001-24,2020-09-30,1,43770,0,1567,0
67.010.660/0001-24,2020-12-31,1,43770,0,1567,0
67.010.660/0001-24,2021-03-31,1,43770,0,1567,0
67.010.660/0001-24,2021-06-30,1,43770,0,1567,0
67.010.660/0001-24,2021-09-30,1,43770,0,1567,0
67.010.660/0001-24,2021-12-31,1,43770,0,1567,0
67.010.660/0001-24,2022-03-31,1,43770,0,1567,0
67.010.660/0001-24,2022-06-30,1,43770,0,1567,0
67.010.660/0001-24,2022-09-30,1,43770,0,1567,0
67.010.660/0001-24,2022-12-31,3,43770,0,1567,0
67.010.660/0001-24,2023-03-31,1,43770,0,1567,0
67.010.660/0001-24,2023-06-30,1,43770,0,1567,0
67.010.660/0001-24,2023-09-30,1,43770,0,1567,0
67.010.660/0001-24,2023-12-31,1,43770,0,1567,0
67.010.660/0001-24,2024-03-31,1,43770,0,1567,0
67.010.660/0001-24,2024-06-30,1,43770,0,1567,0
67.010.660/0001-24,2024-09-30,1,43770,0,1567,0
67.010.660/0001-24,2024-12-31,1,43770,0,1576,0
67.010.660/0001-24,2025-03-31,1,43770,0,1576,0
67.010.660/0001-24,2025-06-30,1,43770,0,1567,0
67.010.660/0001-24,2025-09-30,1,43770,0,1567,0
67.010.660/0001-24,2025-12-31,1,43770,0,1567,0
67.010.660/0001-24,2026-03-31,1,45117,0,1567,0
67.010.660/0001-24,2026-06-30,1,45117,0,1567,0
67.571.414/0001-41,2020-03-31,1,46572,0,0,0
67.571.414/0001-41,2020-06-30,1,60430,0,0,0
67.571.414/0001-41,2020-09-30,1,95168,0,0,0
67.571.414/0001-41,2020-12-31,1,97029,0,0,0
67.571.414/0001-41,2021-03-31,1,97029,0,0,0
67.571.414/0001-41,2021-06-30,2,106507,0,0,0
67.571.414/0001-41,2021-09-30,3,140430,0,0,0
67.571.414/0001-41,2021-12-31,1,142903,0,0,0
67.571.414/0001-41,2022-03-31,2,142903,0,0,0
67.571.414/0001-41,2022-06-30,3,142903,0,0,0
67.571.414/0001-41,2022-09-30,1,164409,0,0,0
67.571.414/0001-41,2022-12-31,2,192397,0,0,0
67.571.414/0001-41,2023-03-31,3,234784,0,0,0
67.571.414/0001-41,2023-06-30,3,23478,0,0,0
67.571.414/0001-41,2023-09-30,2,23676,0,0,0
67.571.414/0001-41,2023-12-31,1,23677,0,0,0
67.571.414/0001-41,2024-03-31,1,27346,0,0,0
67.571.414/0001-41,2024-06-30,1,27346,0,0,0
67.571.414/0001-41,2024-09-30,1,38366082,0,0,0
67.571.414/0001-41,2024-12-31,1,38366,0,0,0
67.571.414/0001-41,2025-03-31,1,38366,0,0,0
67.571.414/0001-41,2025-06-30,2,38366,0,0,0
67.571.414/0001-41,2025-09-30,1,38366,0,0,0
67.571.414/0001-41,2025-12-31,3,48764066,0,0,0
67.571.414/0001-41,2026-03-31,1,48800409,0,0,0
67.571.414/0001-41,2026-06-30,1,4880040,0,0,0
67.620.377/0001-14,2020-03-31,1,485580177,0,3150000,0
67.620.377/0001-14,2020-06-30,1,486478283,0,3150000,0
67.620.377/0001-14,2020-09-30,1,548413533,0,3150000,0
67.620.377/0001-14,2020-12-31,1,548426499,0,23053200,0
67.620.377/0001-14,2021-03-31,1,549621694,0,23053200,0
67.620.377/0001-14,2021-06-30,1,549634220,0,23053200,0
67.620.377/0001-14,2021-09-30,1,549645853,0,23053200,0
67.620.377/0001-14,2021-12-31,1,606700828,0,23053200,0
67.620.377/0001-14,2022-03-31,1,607283407,0,23053200,0
67.620.377/0001-14,2022-06-30,1,607283407,0,23053200,0
67.620.377/0001-14,2022-09-30,1,607283407,0,23053200,0
67.620.377/0001-14,2022-12-31,1,607283407,0,22353200,0
67.620.377/0001-14,2023-03-31,1,607283407,0,22353200,0
67.620.377/0001-14,2023-06-30,1,607283407,0,20482794,0
67.620.377/0001-14,2023-09-30,1,607283407,0,20482794,0
67.620.377/0001-14,2023-12-31,1,607283407,0,20482794,0
67.620.377/0001-14,2024-03-31,1,607283407,0,20482794,0
67.620.377/0001-14,2024-06-30,1,607283407,0,20482794,0
67.620.377/0001-14,2024-09-30,1,607283407,0,18957451,0
67.620.377/0001-14,2024-12-31,1,607283407,0,18957451,0
67.620.377/0001-14,2025-03-31,1,607283407,0,18957451,0
67.620.377/0001-14,2025-06-30,1,994130603,0,18957451,0
67.620.377/0001-14,2025-09-30,1,999977699,0,14887274,0
67.620.377/0001-14,2025-12-31,1,1000296097,0,14887274,0
67.620.377/0001-14,2026-03-31,1,1000536892,0,13101777,0
67.620.377/0001-14,2026-06-30,2,1000540922,0,9398415,0
68.400.225/0001-79,2021-06-30,1,712457,0,0,0
68.400.225/0001-79,2021-09-30,1,118743,0,0,0
68.400.225/0001-79,2021-12-31,1,118743,0,0,0
68.400.225/0001-79,2022-03-31,1,118743000,0,0,0
68.400.225/0001-79,2022-06-30,2,118743,0,0,0
68.400.225/0001-79,2022-09-30,1,118743000,0,0,0
68.400.225/0001-79,2022-12-31,1,118743000,0,118473000,0
68.400.225/0001-79,2023-03-31,1,118743,0,0,0
68.400.225/0001-79,2023-06-30,1,118743,0,0,0
68.400.225/0001-79,2023-09-30,1,118974000,0,0,0
68.400.225/0001-79,2023-12-31,1,118974,0,0,0
68.400.225/0001-79,2024-03-31,1,118974,0,0,0
69.720.910/0001-45,2020-03-31,1,180920,0,0,0
69.720.910/0001-45,2020-06-30,1,180920,0,0,0
69.720.910/0001-45,2020-09-30,1,180920,0,0,0
69.720.910/0001-45,2020-12-31,1,180920,0,0,0
69.720.910/0001-45,2021-03-31,1,180920,0,0,0
69.720.910/0001-45,2021-06-30,1,180920,0,0,0
71.208.516/0001-74,2020-03-31,2,295020,0,0,0
71.208.516/0001-74,2020-06-30,2,295020,0,0,0
71.208.516/0001-74,2020-09-30,1,295020,0,0,0
71.208.516/0001-74,2020-12-31,1,295020,0,0,0
71.208.516/0001-74,2021-03-31,1,295020,0,0,0
71.208.516/0001-74,2021-06-30,1,295020,0,0,0
71.208.516/0001-74,2021-09-30,1,295020,0,0,0
71.208.516/0001-74,2021-12-31,1,295020,0,573,0
71.208.516/0001-74,2022-03-31,2,295020,0,573,0
71.208.516/0001-74,2022-06-30,1,295020,0,573,0
71.208.516/0001-74,2022-09-30,1,295020,0,573,0
71.208.516/0001-74,2022-12-31,1,295020,0,573,0
71.208.516/0001-74,2023-03-31,1,295020,0,573,0
71.208.516/0001-74,2023-06-30,3,295020,0,573,0
71.208.516/0001-74,2023-09-30,3,295020,0,573,0
71.208.516/0001-74,2023-12-31,2,295020,0,573,0
71.208.516/0001-74,2024-03-31,2,295020,0,573,0
71.208.516/0001-74,2024-06-30,2,295020,0,573,0
71.208.516/0001-74,2024-09-30,1,295020,0,573,0
71.208.516/0001-74,2024-12-31,1,295020,573,0,0
71.208.516/0001-74,2025-03-31,1,295020,0,573,0
71.208.516/0001-74,2025-06-30,1,295020,0,573,0
71.208.516/0001-74,2025-09-30,1,295020,573,0,0
71.208.516/0001-74,2025-12-31,1,295020,0,573,0
71.208.516/0001-74,2026-03-31,1,295020,0,573,0
71.208.516/0001-74,2026-06-30,1,295020,573,0,0
71.476.527/0001-35,2020-03-31,1,104344,0,6988,0
71.476.527/0001-35,2020-06-30,1,104344,0,6055,0
71.476.527/0001-35,2020-09-30,1,104344,0,5838,0
71.476.527/0001-35,2020-12-31,1,104344,0,5992,0
71.476.527/0001-35,2021-03-31,2,104344,0,8009,0
71.476.527/0001-35,2021-06-30,1,104344,0,8191,0
71.476.527/0001-35,2021-09-30,2,104344,0,8130,0
71.476.527/0001-35,2021-12-31,2,104344,0,8086,0
71.476.527/0001-35,2022-03-31,1,104344,0,7750,0
71.476.527/0001-35,2022-06-30,1,104344,0,7698,0
71.476.527/0001-35,2022-09-30,1,104344,0,7698,0
71.476.527/0001-35,2022-12-31,1,104344,0,3184,0
71.476.527/0001-35,2023-03-31,1,104344,0,3075,0
71.476.527/0001-35,2023-03-31,1,104344,0,3075,0
71.476.527/0001-35,2023-06-30,1,104344,0,0,0
71.476.527/0001-35,2023-09-30,1,123094,0,0,0
71.476.527/0001-35,2023-12-31,1,123094,0,0,0
71.476.527/0001-35,2024-03-31,1,123094,0,0,0
71.476.527/0001-35,2024-06-30,1,123094,0,0,0
71.476.527/0001-35,2024-09-30,1,123094,0,0,0
71.476.527/0001-35,2024-12-31,1,123094,0,0,0
71.476.527/0001-35,2025-03-31,2,122578,0,0,0
71.476.527/0001-35,2025-06-30,1,122578,0,0,0
71.476.527/0001-35,2025-09-30,1,122578,0,0,0
71.476.527/0001-35,2025-12-31,1,122578,0,1396,0
71.476.527/0001-35,2026-03-31,1,122578,0,0,0
71.476.527/0001-35,2026-06-30,2,122578,0,65148,0
71.673.990/0001-77,2020-03-31,1,865660,0,0,0
71.673.990/0001-77,2020-06-30,1,865660,0,0,0
71.673.990/0001-77,2020-09-30,1,920205,0,0,0
71.673.990/0001-77,2020-12-31,1,920205,0,0,0
71.673.990/0001-77,2021-03-31,1,920205,0,0,0
71.673.990/0001-77,2021-06-30,1,920205,0,0,0
71.673.990/0001-77,2021-09-30,1,920205397,0,0,0
71.673.990/0001-77,2021-12-31,2,920205,0,0,0
71.673.990/0001-77,2022-03-31,2,920205,0,0,0
71.673.990/0001-77,2022-06-30,1,920205,0,0,0
71.673.990/0001-77,2022-09-30,2,920205,0,0,0
71.673.990/0001-77,2022-12-31,1,920205,0,0,0
71.673.990/0001-77,2023-03-31,1,920205,0,0,0
71.673.990/0001-77,2023-06-30,1,920205,0,0,0
71.673.990/0001-77,2023-09-30,1,920205,0,0,0
71.673.990/0001-77,2023-12-31,1,920205,0,0,0
71.673.990/0001-77,2024-03-31,1,920205,0,0,0
71.673.990/0001-77,2024-06-30,1,920205,0,0,0
71.673.990/0001-77,2024-09-30,1,920205,0,0,0
71.673.990/0001-77,2024-12-31,1,920205,0,0,0
71.673.990/0001-77,2025-03-31,1,920205,0,0,0
71.673.990/0001-77,2025-06-30,1,920205,0,0,0
71.673.990/0001-77,2025-09-30,1,1374557,0,773,0
71.673.990/0001-77,2025-12-31,1,1773371,0,385,0
71.673.990/0001-77,2026-03-31,1,1374558,0,377,0
71.673.990/0001-77,2026-06-30,1,1374558,0,323,0
73.178.600/0001-18,2020-03-31,1,399743,0,15316,0
73.178.600/0001-18,2020-06-30,1,399743,0,15316,0
73.178.600/0001-18,2020-09-30,1,399743,0,15239,0
73.178.600/0001-18,2020-12-31,1,399743,0,15239,0
73.178.600/0001-18,2021-03-31,1,399743,0,15239,0
73.178.600/0001-18,2021-06-30,1,399743,0,15239,0
73.178.600/0001-18,2021-09-30,1,399743,0,15239,0
73.178.600/0001-18,2021-12-31,1,399743,0,15239,0
73.178.600/0001-18,2022-03-31,1,399743,0,15239,0
73.178.600/0001-18,2022-06-30,1,399743,0,16918,0
73.178.600/0001-18,2022-09-30,1,399743,0,20772,0
73.178.600/0001-18,2022-12-31,1,399743,0,24012,0
73.178.600/0001-18,2023-03-31,1,399743,0,24822,0
73.178.600/0001-18,2023-06-30,1,399743,0,24822,0
73.178.600/0001-18,2023-09-30,1,399743,0,24822,0
73.178.600/0001-18,2023-12-31,1,399743,0,24822,0
73.178.600/0001-18,2024-03-31,1,399743,0,24822,0
73.178.600/0001-18,2024-06-30,1,399743,0,24822,0
73.178.600/0001-18,2024-09-30,1,399743,0,24822,0
73.178.600/0001-18,2024-12-31,1,384000,0,17468,0
73.178.600/0001-18,2025-03-31,1,384000,0,17689,0
73.178.600/0001-18,2025-06-30,1,384000,0,17689,0
73.178.600/0001-18,2025-09-30,1,384000,0,17689,0
73.178.600/0001-18,2025-12-31,1,384000,0,17689,0
73.178.600/0001-18,2026-03-31,1,384000,72800,17689,3354
73.178.600/0001-18,2026-06-30,1,384000,69446,17689,0
73.903.718/0001-61,2020-03-31,1,2902487,0,0,0
73.903.718/0001-61,2020-06-30,1,2902487,0,0,0
73.903.718/0001-61,2020-09-30,1,2902487,0,0,0
73.903.718/0001-61,2020-12-31,1,2902487,0,0,0
73.903.718/0001-61,2021-03-31,1,2902487,0,0,0
73.903.718/0001-61,2021-06-30,1,2902487,0,0,0
73.903.718/0001-61,2021-09-30,1,2902487,0,0,0
73.903.718/0001-61,2021-12-31,1,2902487,0,0,0
73.903.718/0001-61,2022-03-31,1,2902487,0,0,0
73.903.718/0001-61,2022-06-30,1,2902487,0,0,0
73.903.718/0001-61,2022-09-30,1,2902487,0,0,0
73.903.718/0001-61,2022-12-31,1,2902487,0,0,0
73.903.718/0001-61,2023-03-31,1,2902487,0,0,0
73.903.718/0001-61,2023-06-30,1,2902487,0,0,0
73.903.718/0001-61,2023-09-30,1,2902487,0,0,0
73.903.718/0001-61,2023-12-31,1,2902487,0,0,0
73.903.718/0001-61,2024-03-31,1,2902487,0,0,0
73.903.718/0001-61,2024-06-30,1,2902487,0,0,0
73.903.718/0001-61,2024-09-30,1,2902487,0,0,0
73.903.718/0001-61,2024-12-31,1,2902487,0,0,0
73.903.718/0001-61,2025-03-31,1,2902487,0,0,0
73.903.718/0001-61,2025-06-30,1,2902487,0,0,0
73.903.718/0001-61,2025-09-30,1,2902487,0,0,0
73.903.718/0001-61,2025-12-31,1,2902487,0,0,0
73.903.718/0001-61,2026-03-31,1,2902487,0,0,0
73.903.718/0001-61,2026-06-30,1,2902487,0,0,0
75.315.333/0001-09,2020-03-31,1,1984942648,0,0,0
75.315.333/0001-09,2020-06-30,1,1985019050,0,0,0
75.315.333/0001-09,2020-09-30,1,1985199050,0,0,0
75.315.333/0001-09,2020-12-31,1,1985199050,0,0,0
75.315.333/0001-09,2021-03-31,1,1985232385,0,0,0
75.315.333/0001-09,2021-06-30,1,1985292385,0,0,0
75.315.333/0001-09,2021-09-30,1,1985339550,0,0,0
75.315.333/0001-09,2021-12-31,2,1985339550,0,0,0
75.315.333/0001-09,2022-03-31,1,1986164550,0,0,0
75.315.333/0001-09,2022-06-30,1,2103046980,0,0,0
75.315.333/0001-09,2022-09-30,1,2103645270,0,0,0
75.315.333/0001-09,2022-12-31,1,2103665270,0,0,0
75.315.333/0001-09,2023-03-31,1,2104765615,0,0,0
75.315.333/0001-09,2023-06-30,1,2107764631,0,0,0
75.315.333/0001-09,2023-09-30,1,2107764631,0,0,0
75.315.333/0001-09,2023-12-31,1,2108294411,0,0,0
75.315.333/0001-09,2024-03-31,1,2108294411,0,0,0
75.315.333/0001-09,2024-06-30,1,2108294411,0,0,0
75.315.333/0001-09,2024-09-30,1,2109056711,0,0,0
75.315.333/0001-09,2024-12-31,1,2109056711,0,0,0
75.315.333/0001-09,2025-03-31,1,2109056711,0,0,0
75.315.333/0001-09,2025-06-30,1,2109056711,0,0,0
75.315.333/0001-09,2025-09-30,1,2109056711,0,0,0
75.609.123/0001-23,2020-03-31,1,371975418,0,0,0
75.609.123/0001-23,2020-06-30,1,371975418,0,0,0
75.609.123/0001-23,2020-09-30,1,371975418,0,0,0
75.609.123/0001-23,2020-12-31,1,371975418,0,0,0
75.609.123/0001-23,2021-03-31,1,371975418,0,0,0
75.609.123/0001-23,2021-06-30,1,371975418,0,0,0
75.609.123/0001-23,2021-09-30,1,466906294,0,0,0
75.609.123/0001-23,2021-12-31,2,469839012,0,0,0
75.609.123/0001-23,2022-03-31,1,526810557,0,0,0
75.609.123/0001-23,2022-06-30,1,568765115,0,0,0
75.609.123/0001-23,2022-09-30,1,568765115,0,0,0
75.609.123/0001-23,2022-12-31,2,568765115,0,0,0
75.609.123/0001-23,2023-03-31,1,568765115,0,0,0
75.609.123/0001-23,2023-06-30,1,1458675998,0,0,0
75.609.123/0001-23,2023-09-30,1,1458675998,0,0,0
75.609.123/0001-23,2023-12-31,2,1458675998,0,0,0
75.609.123/0001-23,2024-03-31,1,1458675998,0,0,0
75.609.123/0001-23,2024-06-30,1,1458675998,0,0,0
75.609.123/0001-23,2024-09-30,1,1458675998,0,0,0
75.609.123/0001-23,2024-12-31,2,1458675998,0,0,0
75.609.123/0001-23,2025-03-31,1,1458675998,0,0,0
75.609.123/0001-23,2025-06-30,1,1458675998,0,0,0
75.609.123/0001-23,2025-09-30,1,2315555571,0,1458675998,0
75.609.123/0001-23,2025-12-31,1,2315555571,0,1458675998,0
75.609.123/0001-23,2026-03-31,1,1458675998,0,0,0
75.609.123/0001-23,2026-06-30,1,1458675998,0,0,0
76.483.817/0001-20,2020-03-31,1,145031080,128624295,0,0
76.483.817/0001-20,2020-06-30,1,145031080,128624295,0,0
76.483.817/0001-20,2020-09-30,1,145031080,128624295,0,0
76.483.817/0001-20,2020-12-31,2,1450310800,1286242950,0,0
76.483.817/0001-20,2021-03-31,1,1450310800,1286242950,0,0
76.483.817/0001-20,2021-06-30,1,1054090460,1682463290,0,0
76.483.817/0001-20,2021-09-30,1,1054090460,1682463290,0,0
76.483.817/0001-20,2021-12-31,1,1054090460,1682463290,0,0
76.483.817/0001-20,2022-03-31,1,1054090460,1682463290,0,0
76.483.817/0001-20,2022-06-30,1,1054090460,1682463290,0,0
76.483.817/0001-20,2022-09-30,1,1054090460,1682463290,0,0
76.483.817/0001-20,2022-12-31,1,1054090460,1682463290,0,0
76.483.817/0001-20,2023-03-31,2,1054090460,1682463290,0,0
76.483.817/0001-20,2023-06-30,1,1054090460,1682463290,0,0
76.483.817/0001-20,2023-09-30,1,1300347300,1682463291,0,0
76.483.817/0001-20,2023-12-31,1,1300347300,1682463291,0,0
76.483.817/0001-20,2024-03-31,1,1300347300,1682463291,0,0
76.483.817/0001-20,2024-06-30,1,1300347300,1682463291,0,0
76.483.817/0001-20,2024-09-30,1,1300347300,1682463291,0,0
76.483.817/0001-20,2024-12-31,1,1300347300,1682463291,2623800,3074600
76.483.817/0001-20,2025-03-31,1,1300347300,1682463291,6168500,7352900
76.483.817/0001-20,2025-06-30,1,1300347300,1682463291,6168500,7352900
76.483.817/0001-20,2025-09-30,1,1300347300,1682463291,5825239,7352900
76.483.817/0001-20,2025-12-31,1,2982810590,1,12740266,0
76.483.817/0001-20,2026-03-31,1,2982810590,1,12723294,0
76.483.817/0001-20,2026-06-30,1,2982810590,1,12690804,0
76.484.013/0001-45,2020-03-31,1,503735259,1007470260,0,0
76.484.013/0001-45,2020-06-30,1,503735259,1007470260,0,0
76.484.013/0001-45,2020-09-30,1,503735259,1007470260,0,0
76.484.013/0001-45,2020-12-31,1,503735259,1007470260,0,0
76.484.013/0001-45,2021-03-31,1,503735259,1007470260,0,0
76.484.013/0001-45,2021-06-30,1,503735259,1007470260,0,0
76.484.013/0001-45,2021-09-30,1,503735259,1007470260,0,0
76.484.013/0001-45,2021-12-31,1,503735259,1007470260,0,0
76.484.013/0001-45,2022-03-31,1,503735259,1007470260,0,0
76.484.013/0001-45,2022-06-30,1,503735259,1007470260,0,0
76.484.013/0001-45,2022-09-30,1,503735259,1007470260,0,0
76.484.013/0001-45,2022-12-31,1,503735259,1007470260,0,0
76.484.013/0001-45,2023-03-31,1,503735259,1007470260,0,0
76.484.013/0001-45,2023-06-30,1,503735259,1007470260,0,0
76.484.013/0001-45,2023-09-30,1,503735259,1007470260,0,0
76.484.013/0001-45,2023-12-31,1,503735259,1007470260,0,0
76.484.013/0001-45,2024-03-31,1,503735259,1007470260,0,0
76.484.013/0001-45,2024-06-30,1,503735259,1007470260,0,0
76.484.013/0001-45,2024-09-30,1,503735259,1007470260,0,0
76.484.013/0001-45,2024-12-31,1,503735259,1007470260,0,0
76.484.013/0001-45,2025-03-31,1,503735259,1007470260,0,0
76.484.013/0001-45,2025-06-30,1,503735259,1007470260,0,0
76.484.013/0001-45,2025-09-30,1,503735259,1007470260,0,0
76.484.013/0001-45,2025-12-31,1,503735259,1007470260,0,0
76.484.013/0001-45,2026-03-31,1,503735259,1007470260,0,0
76.484.013/0001-45,2026-06-30,1,503735259,1007470260,0,0
76.535.764/0001-43,2020-03-31,1,5796478,157727,30,1812
76.535.764/0001-43,2020-06-30,1,5796478,157727,30,1812
76.535.764/0001-43,2020-09-30,1,5796478,157727,30,1812
76.535.764/0001-43,2020-12-31,2,5796478,157727,30,1812
76.535.764/0001-43,2021-03-31,2,5796478,157727,30,1812
76.535.764/0001-43,2021-06-30,1,6440497,157727,644020,1812
76.535.764/0001-43,2021-09-30,1,5796478,157727,30,1812
76.535.764/0001-43,2021-12-31,1,6440497,157727,644050,1812
76.535.764/0001-43,2022-03-31,1,6440497,157727,644050,1812
76.535.764/0001-43,2022-06-30,1,6445310,157727,644050,1812
76.535.764/0001-43,2022-09-30,1,6445310,157727,644050,1812
76.535.764/0001-43,2022-12-31,1,6445310,157727,644050,1812
76.535.764/0001-43,2023-03-31,1,644531,15773,64405,181
76.535.764/0001-43,2023-06-30,1,644531,15773,64405,181
76.535.764/0001-43,2023-09-30,1,644531,15773,64405,181
76.535.764/0001-43,2023-12-31,1,644531,15773,64405,181
76.535.764/0001-43,2024-03-31,1,644531,15773,64405,181
76.535.764/0001-43,2024-06-30,1,64453,1577,6440,18
76.535.764/0001-43,2024-09-30,1,64453,1577,6440,18
76.535.764/0001-43,2024-12-31,1,328544,1577,6440,18
76.535.764/0001-43,2025-03-31,1,328544,1577,6440,18
76.535.764/0001-43,2025-06-30,1,328544,1577,6440,18
76.627.504/0001-06,2020-03-31,1,4812,3157,0,0
76.627.504/0001-06,2020-06-30,2,5047,3157,0,0
76.627.504/0001-06,2020-09-30,1,5047,3157,0,0
76.627.504/0001-06,2020-12-31,1,4812,3157,0,0
76.627.504/0001-06,2021-03-31,2,5066,3157,0,0
76.627.504/0001-06,2021-06-30,1,5108,3157,0,0
76.627.504/0001-06,2021-09-30,1,102165,63136,0,0
76.627.504/0001-06,2021-12-31,1,103546,63136,0,0
76.627.504/0001-06,2022-03-31,2,110978,63136,0,0
76.627.504/0001-06,2022-06-30,1,114429660,63136160,0,0
76.627.504/0001-06,2022-09-30,1,118002,63136,0,0
76.627.504/0001-06,2022-12-31,1,119917,63136,0,0
76.627.504/0001-06,2023-03-31,2,120295,63136,0,0
76.627.504/0001-06,2023-06-30,1,24059,12627,0,0
76.627.504/0001-06,2023-09-30,1,30800,12627,0,0
76.627.504/0001-06,2023-12-31,2,31685,12627,0,0
76.627.504/0001-06,2024-03-31,1,31685622,12627232,0,0
76.627.504/0001-06,2024-06-30,1,31978720,12627232,0,0
76.627.504/0001-06,2024-09-30,1,31978720,12627232,0,0
76.627.504/0001-06,2024-12-31,2,31979,12627,0,0
76.627.504/0001-06,2025-03-31,1,31979,12627,0,0
76.627.504/0001-06,2025-06-30,1,31979,12627,0,0
76.627.504/0001-06,2025-09-30,1,33577,12627,0,0
76.627.504/0001-06,2025-12-31,1,36324,12627,0,0
76.627.504/0001-06,2026-03-31,1,36324,12627,0,0
76.627.504/0001-06,2026-06-30,1,41772,12627,0,0
78.876.950/0001-71,2020-03-31,1,162534,0,1597,0
78.876.950/0001-71,2020-06-30,1,162534,0,1597,0
78.876.950/0001-71,2020-09-30,1,162534,0,3857,0
78.876.950/0001-71,2020-12-31,1,162534,0,3857,0
78.876.950/0001-71,2021-03-31,1,162534,0,3857,0
78.876.950/0001-71,2021-06-30,1,162534,0,6786,0
78.876.950/0001-71,2021-09-30,1,162534,0,4309,0
79.430.682/0001-22,2020-03-31,1,21720362,0,0,0
79.430.682/0001-22,2020-06-30,1,21720362,0,0,0
79.430.682/0001-22,2020-09-30,1,21720362,0,0,0
79.430.682/0001-22,2020-12-31,1,152042534,0,0,0
79.430.682/0001-22,2021-03-31,1,152042534,0,0,0
79.430.682/0001-22,2021-06-30,1,152042534,0,0,0
79.430.682/0001-22,2021-09-30,1,152042534,0,0,0
79.430.682/0001-22,2021-12-31,1,152042534,0,0,0
79.430.682/0001-22,2021-12-31,1,152042534,0,0,0
79.430.682/0001-22,2022-03-31,1,152042534,0,0,0
79.430.682/0001-22,2022-06-30,1,152042534,0,0,0
79.430.682/0001-22,2022-09-30,1,152042534,0,0,0
79.430.682/0001-22,2022-12-31,1,152042534,0,0,0
79.430.682/0001-22,2023-03-31,2,152042534,0,0,0
79.430.682/0001-22,2023-06-30,1,1520425340,0,152042534,0
79.430.682/0001-22,2023-09-30,1,152042534,0,0,0
79.430.682/0001-22,2023-12-31,1,152042534,0,0,0
79.430.682/0001-22,2024-03-31,1,152042534,0,0,0
79.430.682/0001-22,2024-06-30,5,200000000,0,0,0
79.430.682/0001-22,2024-09-30,1,200000000,0,0,0
79.430.682/0001-22,2024-12-31,1,200000000,0,0,0
79.430.682/0001-22,2025-03-31,2,200000000,0,0,0
79.430.682/0001-22,2025-06-30,1,200000,0,0,0
79.430.682/0001-22,2025-09-30,1,200000,0,0,0
79.430.682/0001-22,2025-12-31,1,200000,0,0,0
79.430.682/0001-22,2026-03-31,1,200000,0,0,0
79.430.682/0001-22,2026-06-30,1,200000,0,0,0
80.227.184/0001-66,2020-03-31,1,80448,160896,0,0
80.227.184/0001-66,2020-06-30,1,80448,160896,0,0
80.227.184/0001-66,2020-09-30,1,80448,160896,0,0
80.227.184/0001-66,2020-12-31,2,80448,160896,0,0
80.227.184/0001-66,2021-03-31,2,80448,160896,0,0
80.227.184/0001-66,2021-06-30,1,80448,160896,0,0
80.227.184/0001-66,2021-09-30,1,80448,160896,0,0
80.227.184/0001-66,2021-12-31,1,80448,160896,0,0
80.227.184/0001-66,2022-03-31,1,80448,160896,0,0
80.227.184/0001-66,2022-06-30,1,80448,160896,0,0
80.227.184/0001-66,2022-09-30,1,122190540,160896,0,0
80.227.184/0001-66,2022-12-31,2,91418464,160896,0,0
80.680.093/0001-81,2021-12-31,1,1269683,0,28012,0
80.680.093/0001-81,2022-03-31,1,1269683,0,26655,0
80.680.093/0001-81,2022-06-30,1,1269683,0,26655,0
80.680.093/0001-81,2022-09-30,1,1269683,0,26655,0
80.680.093/0001-81,2022-12-31,1,1269683,0,26655,0
80.680.093/0001-81,2023-03-31,2,1269683,0,24443,0
80.680.093/0001-81,2023-06-30,1,1269683,0,24511,0
80.680.093/0001-81,2023-09-30,1,1269683,0,24511,0
80.680.093/0001-81,2023-12-31,1,1269683,0,24511,0
80.680.093/0001-81,2024-03-31,1,1269683,0,22118,0
80.680.093/0001-81,2024-06-30,1,1269683,0,22300,0
80.680.093/0001-81,2024-09-30,1,1269683,0,22500,0
80.680.093/0001-81,2024-12-31,1,1269683,0,22457,0
80.680.093/0001-81,2025-03-31,1,1269683,0,20321,0
80.680.093/0001-81,2025-06-30,1,1269683,0,20346,0
80.680.093/0001-81,2025-09-30,1,1269683,0,21560,0
80.680.093/0001-81,2025-12-31,1,1269683,0,21560,0
80.680.093/0001-81,2026-03-31,1,1269683,0,13825,0
80.680.093/0001-81,2026-06-30,1,126968300,0,1667700,0
81.106.957/0001-19,2023-03-31,1,199000,0,0,0
81.106.957/0001-19,2023-06-30,1,199000,0,0,0
81.106.957/0001-19,2023-09-30,1,199000,0,0,0
81.106.957/0001-19,2023-12-31,1,199000,0,0,0
81.106.957/0001-19,2024-03-31,1,199000,0,0,0
81.106.957/0001-19,2024-06-30,1,1610022,0,0,0
81.243.735/0001-48,2020-03-31,1,141800,0,1090,0
81.243.735/0001-48,2020-06-30,1,142112,0,1402,0
81.243.735/0001-48,2020-09-30,1,141800,0,1402,0
81.243.735/0001-48,2020-12-31,2,141800,0,1402,0
81.243.735/0001-48,2021-03-31,1,141800,0,1254,0
81.243.735/0001-48,2021-06-30,1,141800,0,1461,0
81.243.735/0001-48,2021-09-30,1,141800,0,2031,0
81.243.735/0001-48,2021-12-31,2,141800,0,2022,0
81.243.735/0001-48,2022-03-31,1,141800,0,2003,0
81.243.735/0001-48,2022-06-30,1,141800,0,2003,0
81.243.735/0001-48,2022-09-30,1,141800,0,1822,0
81.243.735/0001-48,2022-12-31,1,141800,0,1822,0
81.243.735/0001-48,2023-03-31,2,141800,0,1822,0
81.243.735/0001-48,2023-06-30,1,141800,0,1728,0
81.243.735/0001-48,2023-09-30,1,141800,0,1674,0
81.243.735/0001-48,2023-12-31,2,141800,0,1674,0
81.243.735/0001-48,2024-03-31,1,141800,0,1502,0
81.243.735/0001-48,2024-06-30,1,141800,0,1725,0
81.243.735/0001-48,2024-09-30,1,141800,0,2290,0
81.243.735/0001-48,2024-12-31,1,141800,0,2259,0
81.243.735/0001-48,2025-03-31,1,141800,0,2329,0
81.243.735/0001-48,2025-06-30,1,141800,0,2589,0
81.243.735/0001-48,2025-09-30,1,141800,0,2589,0
81.243.735/0001-48,2025-12-31,1,141800,0,2589,0
81.243.735/0001-48,2026-03-31,1,141800,0,2589,0
81.243.735/0001-48,2026-06-30,1,141800,0,3329,0
81.616.807/0001-55,2022-12-31,1,14945789847,0,0,0
81.616.807/0001-55,2023-03-31,1,14945789847,0,0,0
81.616.807/0001-55,2023-06-30,1,14945789847,0,0,0
81.616.807/0001-55,2023-09-30,1,14945789847,0,0,0
81.616.807/0001-55,2023-12-31,1,14945789847,0,0,0
81.616.807/0001-55,2024-03-31,2,14945789847,0,0,0
81.616.807/0001-55,2024-06-30,1,14945789847,0,0,0
81.616.807/0001-55,2024-09-30,1,14945789847,0,0,0
81.616.807/0001-55,2024-12-31,1,14945789847,0,0,0
81.616.807/0001-55,2025-03-31,1,14945789847,0,0,0
81.616.807/0001-55,2025-06-30,1,14945789847,0,0,0
81.616.807/0001-55,2025-09-30,1,14945789847,0,0,0
81.616.807/0001-55,2025-12-31,1,14945789847,0,0,0
81.616.807/0001-55,2026-03-31,1,14945789847,0,0,0
81.616.807/0001-55,2026-06-30,1,14945789847,0,0,0
82.120.676/0001-83,2020-12-31,1,130000000,0,0,0
82.120.676/0001-83,2021-03-31,1,130000000,0,0,0
82.120.676/0001-83,2021-06-30,1,130000000,0,0,0
82.120.676/0001-83,2021-09-30,1,130000000,0,0,0
82.120.676/0001-83,2021-12-31,1,130000000,0,0,0
82.120.676/0001-83,2022-03-31,1,130000000,0,0,0
82.120.676/0001-83,2022-06-30,1,130000000,0,0,0
82.120.676/0001-83,2022-09-30,1,130000000,0,0,0
82.120.676/0001-83,2022-12-31,1,130000000,0,0,0
82.120.676/0001-83,2023-03-31,1,130000000,0,0,0
82.120.676/0001-83,2023-06-30,1,130000000,0,0,0
82.120.676/0001-83,2023-09-30,1,130000000,0,0,0
82.120.676/0001-83,2023-12-31,1,130000000,0,0,0
82.120.676/0001-83,2024-03-31,1,130000000,0,0,0
82.120.676/0001-83,2024-06-30,1,130000000,0,0,0
82.120.676/0001-83,2024-09-30,1,130000000,0,0,0
82.120.676/0001-83,2024-12-31,1,130000000,0,0,0
82.120.676/0001-83,2025-03-31,1,130000000,0,0,0
82.120.676/0001-83,2025-06-30,1,130000000,0,0,0
82.120.676/0001-83,2025-09-30,1,130000000,0,0,0
82.120.676/0001-83,2025-12-31,1,179338983,0,0,0
82.120.676/0001-83,2026-03-31,1,179338983,0,0,0
82.120.676/0001-83,2026-06-30,1,179338983,0,0,0
82.508.433/0001-17,2020-03-31,3,357547216,357547216,0,0
82.508.433/0001-17,2020-06-30,1,357547216,357547216,0,0
82.508.433/0001-17,2020-09-30,1,375538169,375792673,0,0
82.508.433/0001-17,2020-12-31,1,375538169,375792673,0,0
82.508.433/0001-17,2021-03-31,1,399999993,399999997,0,0
82.508.433/0001-17,2021-06-30,2,399999993,399999997,0,0
82.508.433/0001-17,2021-09-30,1,399999993,399999997,0,0
82.508.433/0001-17,2021-12-31,1,436887780,438072631,0,0
82.508.433/0001-17,2022-03-31,1,436887780,438072631,0,0
82.508.433/0001-17,2022-06-30,2,436887780,438072631,0,0
82.508.433/0001-17,2022-09-30,1,473629304,476110281,0,0
82.508.433/0001-17,2022-12-31,1,473629304,476110281,0,0
82.508.433/0001-17,2023-03-31,1,473629304,476110281,0,0
82.508.433/0001-17,2023-06-30,1,473629304,476110281,0,0
82.508.433/0001-17,2023-09-30,1,473629304,476110281,0,0
82.508.433/0001-17,2023-12-31,1,517368721,522286437,0,0
82.508.433/0001-17,2024-03-31,1,517368721,522286437,0,0
82.508.433/0001-17,2024-06-30,1,517368721,522286437,0,0
82.508.433/0001-17,2024-09-30,1,572078479,578578081,0,0
82.508.433/0001-17,2024-12-31,1,572078479,578578081,0,0
82.508.433/0001-17,2025-03-31,1,572078479,578578081,0,0
82.508.433/0001-17,2025-06-30,1,572078479,578578081,0,0
82.508.433/0001-17,2025-09-30,1,572078479,578578081,0,0
82.508.433/0001-17,2025-12-31,2,592975802,601851675,0,0
82.508.433/0001-17,2026-03-31,1,592975802,601851675,0,0
82.508.433/0001-17,2026-06-30,1,592975802,601851675,0,0
82.636.986/0001-55,2020-03-31,1,168,335,0,0
82.636.986/0001-55,2020-06-30,1,168,335,0,0
82.636.986/0001-55,2020-09-30,1,168,335,0,0
82.636.986/0001-55,2020-12-31,1,168,335,0,0
82.636.986/0001-55,2021-03-31,1,168,335,0,0
82.636.986/0001-55,2021-06-30,1,168,335,0,0
82.636.986/0001-55,2021-09-30,1,168,335,0,0
82.636.986/0001-55,2021-12-31,1,168,335,0,0
82.636.986/0001-55,2022-03-31,1,168,335,0,0
82.636.986/0001-55,2022-06-30,1,168,335,0,0
82.636.986/0001-55,2022-09-30,1,168,335,0,0
82.636.986/0001-55,2022-12-31,1,168,335,0,0
82.636.986/0001-55,2023-03-31,1,168,335,0,0
82.636.986/0001-55,2023-06-30,1,168,335,0,0
82.636.986/0001-55,2023-09-30,1,168,335,0,0
82.636.986/0001-55,2023-12-31,1,168,335,0,0
82.636.986/0001-55,2024-03-31,1,168,335,0,0
82.636.986/0001-55,2024-06-30,1,168,335,0,0
82.636.986/0001-55,2024-09-30,1,168,335,0,0
82.636.986/0001-55,2024-12-31,1,168,335,0,0
82.636.986/0001-55,2025-03-31,1,168,335,0,0
82.636.986/0001-55,2025-06-30,1,168,335,0,0
82.636.986/0001-55,2025-09-30,1,168,335,0,0
82.636.986/0001-55,2025-12-31,2,168,335,0,0
82.640.558/0001-04,2020-03-31,1,2878,3327,0,0
82.640.558/0001-04,2020-06-30,1,2878,3327,0,0
82.640.558/0001-04,2020-09-30,1,2878,3327,0,0
82.640.558/0001-04,2020-12-31,1,2878,3327,0,0
82.640.558/0001-04,2021-03-31,1,2878,3327,0,0
82.640.558/0001-04,2021-06-30,1,2878,3327,0,0
82.640.558/0001-04,2021-09-30,1,2878,3327,0,0
82.640.558/0001-04,2021-12-31,1,2878,3327,0,0
82.640.558/0001-04,2022-03-31,2,2878,3327,0,0
82.640.558/0001-04,2022-06-30,1,2878,3327,0,0
82.640.558/0001-04,2022-09-30,1,2878,3327,0,0
82.640.558/0001-04,2022-12-31,2,2878,3327,0,0
82.640.558/0001-04,2023-03-31,1,2878,3327,0,0
82.640.558/0001-04,2023-06-30,1,2878,3327,0,0
82.640.558/0001-04,2023-09-30,1,2878,3327,0,0
82.640.558/0001-04,2023-12-31,1,2878,3327,0,0
82.640.558/0001-04,2024-03-31,1,2878,3327,0,0
82.640.558/0001-04,2024-06-30,1,2878,3327,0,0
82.640.558/0001-04,2024-09-30,1,2878,3327,0,0
82.640.558/0001-04,2024-12-31,1,2878,3327,0,0
82.640.558/0001-04,2025-03-31,1,2878,3327,0,0
82.640.558/0001-04,2025-06-30,1,2878,3327,0,0
82.640.558/0001-04,2025-09-30,1,2878,3327,0,0
82.640.558/0001-04,2025-12-31,1,2878,3327,0,0
82.640.558/0001-04,2026-03-31,1,2878,3327,0,0
82.640.558/0001-04,2026-06-30,1,2878,3327,0,0
82.643.537/0001-34,2020-03-31,3,9755,12745,0,0
82.643.537/0001-34,2020-06-30,1,9755,12745,0,0
82.643.537/0001-34,2020-09-30,1,9750,12750,0,0
82.643.537/0001-34,2020-12-31,1,9750,12750,0,0
82.643.537/0001-34,2021-03-31,1,9750,12750,0,0
82.643.537/0001-34,2021-06-30,2,9750,12750,0,0
82.643.537/0001-34,2021-09-30,2,9750,12750,0,0
82.643.537/0001-34,2021-12-31,1,9750,12750,0,0
82.643.537/0001-34,2022-03-31,1,9750,12750,0,0
82.643.537/0001-34,2022-06-30,1,9750,12750,0,0
82.643.537/0001-34,2022-09-30,2,9750,12750,0,0
82.643.537/0001-34,2022-12-31,1,9750,12750,0,0
82.643.537/0001-34,2023-03-31,1,9750,12750,0,0
82.643.537/0001-34,2023-06-30,1,9750,12750,0,0
82.643.537/0001-34,2023-09-30,1,9750,12750,0,0
82.643.537/0001-34,2023-12-31,1,9750,12750,0,0
82.643.537/0001-34,2024-03-31,1,9750,12750,0,0
82.643.537/0001-34,2024-06-30,1,9750,12750,0,0
82.643.537/0001-34,2024-09-30,1,9750,12750,0,0
82.643.537/0001-34,2024-12-31,1,9750,12750,0,0
82.643.537/0001-34,2025-03-31,3,9750,12750,100,100
82.643.537/0001-34,2025-06-30,1,12750,9750,100,100
82.643.537/0001-34,2025-09-30,1,12750,9750,100,100
82.643.537/0001-34,2025-12-31,1,12750,9750,0,0
82.643.537/0001-34,2026-03-31,1,9750,12750,0,0
82.643.537/0001-34,2026-06-30,1,12750,9750,100,100
82.901.000/0001-27,2020-03-31,1,28161111,0,0,0
82.901.000/0001-27,2020-06-30,1,28161111,0,0,0
82.901.000/0001-27,2020-09-30,1,28161111,0,0,0
82.901.000/0001-27,2020-12-31,2,28161111,0,0,0
82.901.000/0001-27,2021-03-31,1,327611110,0,0,0
82.901.000/0001-27,2021-06-30,1,327611110,0,0,0
82.901.000/0001-27,2021-09-30,2,327611110,0,0,0
82.901.000/0001-27,2021-12-31,3,327611110,0,0,0
82.901.000/0001-27,2022-03-31,1,327611110,0,0,0
82.901.000/0001-27,2022-06-30,1,327611110,0,0,0
82.901.000/0001-27,2022-09-30,1,327611110,0,0,0
82.901.000/0001-27,2022-12-31,2,327611110,0,0,0
82.901.000/0001-27,2023-03-31,1,327611110,0,0,0
82.901.000/0001-27,2023-06-30,2,327611110,0,0,0
82.901.000/0001-27,2023-09-30,1,327611110,0,0,0
82.901.000/0001-27,2023-12-31,1,327611110,0,0,0
82.901.000/0001-27,2024-03-31,1,327611110,0,0,0
82.901.000/0001-27,2024-06-30,1,327611110,0,0,0
82.901.000/0001-27,2024-09-30,1,327611110,0,0,0
82.901.000/0001-27,2024-12-31,1,327611110,0,46730,0
82.901.000/0001-27,2025-03-31,1,327611110,0,71270,0
82.901.000/0001-27,2025-06-30,1,327611110,0,188500,0
82.901.000/0001-27,2025-09-30,1,327611110,0,259000,0
82.901.000/0001-27,2025-12-31,1,327611110,0,329500,0
82.901.000/0001-27,2026-03-31,1,327611110,0,400000,0
82.901.000/0001-27,2026-06-30,1,327611110,0,400000,0
82.981.929/0001-03,2020-03-31,1,480,480,0,0
82.981.929/0001-03,2020-06-30,1,480,480,0,0
82.981.929/0001-03,2020-09-30,1,480,480,0,0
82.981.929/0001-03,2020-12-31,1,480,480,0,0
82.981.929/0001-03,2021-03-31,1,480,480,0,0
82.981.929/0001-03,2021-06-30,1,480,480,0,0
82.981.929/0001-03,2021-09-30,1,480,480,0,0
82.981.929/0001-03,2021-12-31,1,480,480,0,0
82.981.929/0001-03,2022-03-31,1,480,480,460,460
82.981.929/0001-03,2022-06-30,1,480,480,460,460
82.981.929/0001-03,2022-09-30,1,480,480,460,460
82.981.929/0001-03,2022-12-31,1,480,480,460,460
82.981.929/0001-03,2023-03-31,1,480,480,460,460
82.981.929/0001-03,2023-06-30,1,480,480,460,460
82.981.929/0001-03,2023-09-30,1,480,480,460,460
82.981.929/0001-03,2023-12-31,1,480,480,460,460
82.981.929/0001-03,2024-03-31,1,480,480,460,460
82.981.929/0001-03,2024-06-30,1,480,480,460,460
82.981.929/0001-03,2024-09-30,1,480,480,460,460
82.981.929/0001-03,2024-12-31,1,480,480,460,460
82.981.929/0001-03,2025-03-31,1,480,480,460,460
82.981.929/0001-03,2025-06-30,1,480,480,460,460
82.981.929/0001-03,2025-09-30,1,480,480,460,460
82.981.929/0001-03,2025-12-31,1,480,480,460,460
82.981.929/0001-03,2026-03-31,1,480,480,460,460
82.981.929/0001-03,2026-06-30,1,480,480,460,460
82.982.075/0001-80,2020-03-31,2,1456,2803,0,0
82.982.075/0001-80,2020-06-30,1,1456,2803,0,0
82.982.075/0001-80,2020-09-30,1,1456,2803,0,0
82.982.075/0001-80,2020-12-31,1,1456,2803,0,0
82.982.075/0001-80,2021-03-31,1,1456,2803,0,0
82.982.075/0001-80,2021-06-30,1,1456,2803,0,0
82.982.075/0001-80,2021-09-30,1,1456,2803,0,0
82.982.075/0001-80,2021-12-31,1,1456,2803,0,0
82.982.075/0001-80,2022-03-31,1,1456,2803,0,0
82.982.075/0001-80,2022-06-30,1,1456,2803,0,0
82.982.075/0001-80,2022-09-30,2,1456,2803,0,0
82.982.075/0001-80,2022-12-31,1,1456,2803,0,0
82.982.075/0001-80,2023-03-31,1,1456,2803,0,0
82.982.075/0001-80,2023-06-30,1,1456,2803,0,0
82.982.075/0001-80,2023-09-30,1,1456,2803,0,0
82.982.075/0001-80,2023-12-31,1,1456,2803,0,0
82.982.075/0001-80,2024-03-31,1,1456,2803,0,0
82.982.075/0001-80,2024-06-30,1,1456,2803,0,0
82.982.075/0001-80,2024-09-30,1,1456,2803,0,0
82.982.075/0001-80,2024-12-31,1,1456,2803,0,0
82.982.075/0001-80,2025-03-31,1,1456,2803,0,0
82.982.075/0001-80,2025-06-30,1,1456,2803,0,0
82.982.075/0001-80,2025-09-30,1,1456,2803,0,0
82.982.075/0001-80,2025-12-31,1,1456,2803,0,0
82.982.075/0001-80,2026-03-31,1,1456,2803,0,0
82.982.075/0001-80,2026-06-30,1,1456,2803,0,0
83.475.913/0001-91,2020-03-31,3,158485,0,0,0
83.475.913/0001-91,2020-06-30,2,155649,0,2839,0
83.475.913/0001-91,2020-09-30,2,158489,0,3177,0
83.475.913/0001-91,2020-12-31,2,158488,0,3959,0
83.475.913/0001-91,2021-03-31,1,154529,0,7000,0
83.475.913/0001-91,2021-06-30,3,147530,0,71,0
83.475.913/0001-91,2021-09-30,1,147529,0,6543,0
83.475.913/0001-91,2021-12-31,1,147530,0,6543,0
83.475.913/0001-91,2022-03-31,1,140987,0,0,0
83.475.913/0001-91,2022-06-30,1,140987,0,0,0
83.475.913/0001-91,2022-09-30,1,140987,0,0,0
83.475.913/0001-91,2022-12-31,1,140987,0,0,0
83.475.913/0001-91,2023-03-31,1,140987,0,0,0
83.475.913/0001-91,2023-06-30,2,140987,0,0,0
83.475.913/0001-91,2023-09-30,1,140987,0,0,0
83.475.913/0001-91,2023-12-31,1,140987,0,0,0
83.475.913/0001-91,2024-03-31,2,140987,0,0,0
83.475.913/0001-91,2024-06-30,1,140987,0,0,0
83.475.913/0001-91,2024-09-30,3,140987,0,0,0
83.475.913/0001-91,2024-12-31,1,140987,0,0,0
83.475.913/0001-91,2025-03-31,1,140987,0,0,0
83.475.913/0001-91,2025-06-30,1,140987,0,0,0
83.475.913/0001-91,2025-09-30,1,140987,0,0,0
83.475.913/0001-91,2025-12-31,1,140987,0,0,0
83.475.913/0001-91,2026-03-31,1,140987,0,0,0
83.475.913/0001-91,2026-06-30,1,140987,0,0,0
83.878.892/0001-55,2020-03-31,1,15527,23044,0,0
83.878.892/0001-55,2020-06-30,1,15527,23044,0,0
83.878.892/0001-55,2020-09-30,1,15527,23044,0,0
83.878.892/0001-55,2020-12-31,1,15527,23044,0,0
83.878.892/0001-55,2021-03-31,1,15527,23044,0,0
83.878.892/0001-55,2021-06-30,1,15527,23044,0,0
83.878.892/0001-55,2021-09-30,2,15527,23044,0,0
83.878.892/0001-55,2021-12-31,1,15527,23044,0,0
83.878.892/0001-55,2022-03-31,2,15527,23044,0,0
83.878.892/0001-55,2022-06-30,1,15527,23044,0,0
83.878.892/0001-55,2022-09-30,1,15527,23044,0,0
83.878.892/0001-55,2022-12-31,1,15527,23044,0,0
83.878.892/0001-55,2023-03-31,1,15527,23044,0,0
83.878.892/0001-55,2023-06-30,1,15527,23044,0,0
83.878.892/0001-55,2023-09-30,1,15527,23044,0,0
83.878.892/0001-55,2023-12-31,1,15527,23044,0,0
83.878.892/0001-55,2024-03-31,1,15527,23044,0,0
83.878.892/0001-55,2024-06-30,1,15527,23044,0,0
83.878.892/0001-55,2024-09-30,1,15527,23044,0,0
83.878.892/0001-55,2024-12-31,1,15527,23044,0,0
83.878.892/0001-55,2025-03-31,1,15527,23044,0,0
83.878.892/0001-55,2025-06-30,1,15527,23044,0,0
83.878.892/0001-55,2025-09-30,1,15527,23044,0,0
83.878.892/0001-55,2025-12-31,1,15527,23044,0,0
83.878.892/0001-55,2026-03-31,1,15527,23044,0,0
83.878.892/0001-55,2026-06-30,1,15527,23044,0,0
84.429.695/0001-11,2020-03-31,1,2098658999,0,989904,0
84.429.695/0001-11,2020-06-30,1,2098658999,0,959216,0
84.429.695/0001-11,2020-09-30,1,2098658999,0,918948,0
84.429.695/0001-11,2020-12-31,1,2098658999,0,918948,0
84.429.695/0001-11,2021-03-31,1,2098658999,0,693780,0
84.429.695/0001-11,2021-06-30,1,4197317998,0,1387560,0
84.429.695/0001-11,2021-09-30,1,4197317998,0,1306348,0
84.429.695/0001-11,2021-12-31,1,4197317998,0,1306348,0
84.429.695/0001-11,2022-03-31,1,4197317998,0,1277793,0
84.429.695/0001-11,2022-06-30,1,4197317998,0,1337793,0
84.429.695/0001-11,2022-09-30,1,4197317998,0,1302592,0
84.429.695/0001-11,2022-12-31,1,4197317998,0,1302592,0
84.429.695/0001-11,2023-03-31,1,4197317998,0,1105670,0
84.429.695/0001-11,2023-06-30,1,4197317998,0,1105670,0
84.429.695/0001-11,2023-09-30,1,4197317998,0,2083696,0
84.429.695/0001-11,2023-12-31,1,4197317998,0,2083696,0
84.429.695/0001-11,2024-03-31,1,4197317998,0,1964872,0
84.429.695/0001-11,2024-06-30,1,4197317998,0,1825057,0
84.429.695/0001-11,2024-09-30,1,4197317998,0,1807626,0
84.429.695/0001-11,2024-12-31,1,4197317998,0,1780620,0
84.429.695/0001-11,2025-03-31,1,4197317998,0,1645411,0
84.429.695/0001-11,2025-06-30,1,4197317998,0,1622025,0
84.429.695/0001-11,2025-09-30,1,4197317998,0,1622025,0
84.429.695/0001-11,2025-12-31,1,4197317998,0,1622025,0
84.429.695/0001-11,2026-03-31,1,4197317998,0,1488307,0
84.429.695/0001-11,2026-06-30,1,4197317998,0,1488307,0
84.683.374/0001-49,2020-03-31,1,144178,0,140,0
84.683.374/0001-49,2020-06-30,1,144178,0,140,0
84.683.374/0001-49,2020-09-30,1,144178,0,140,0
84.683.374/0001-49,2020-12-31,1,144178,0,25,0
84.683.374/0001-49,2021-03-31,1,144178,0,10,0
84.683.374/0001-49,2021-06-30,1,144178,0,0,0
84.683.374/0001-49,2021-09-30,1,144178,0,0,0
84.683.374/0001-49,2021-12-31,1,144178,0,0,0
84.683.374/0001-49,2022-03-31,1,144178,0,0,0
84.683.374/0001-49,2022-06-30,1,144178,0,50,0
84.683.374/0001-49,2022-09-30,1,144178,0,51,0
84.683.374/0001-49,2022-12-31,2,144178,0,21,0
84.683.374/0001-49,2023-03-31,1,144178,0,162,0
84.683.374/0001-49,2023-06-30,1,144178,0,39,0
84.683.374/0001-49,2023-09-30,1,144178,0,100,0
84.683.374/0001-49,2023-12-31,1,144178,0,184,0
84.683.374/0001-49,2024-03-31,1,144178,0,247,0
84.683.374/0001-49,2024-06-30,1,144178,0,1064,0
84.683.374/0001-49,2024-09-30,1,144178,0,1164,0
84.683.374/0001-49,2024-12-31,1,144178,0,7711,0
84.683.374/0001-49,2025-03-31,1,144178,0,9173,0
84.683.374/0001-49,2025-06-30,1,144178,0,13227,0
84.683.374/0001-49,2025-09-30,1,132450,0,1398,0
84.683.374/0001-49,2025-12-31,1,132450,0,1373,0
84.683.374/0001-49,2026-03-31,1,132450,0,1369,0
84.683.374/0001-49,2026-06-30,1,132450,0,1369,0
84.683.408/0001-03,2020-03-31,1,43574256,16941972,0,0
84.683.408/0001-03,2020-06-30,1,43574256,16941972,0,0
84.683.408/0001-03,2020-09-30,1,54467820,21177465,0,0
84.683.408/0001-03,2020-12-31,1,54467820,21177465,0,0
84.683.408/0001-03,2021-03-31,1,54467820,21177465,0,0
84.683.408/0001-03,2021-06-30,1,54467820,21177465,0,0
84.683.408/0001-03,2021-09-30,1,54467820,21177465,0,0
84.683.408/0001-03,2021-12-31,1,54467820,21177465,0,0
84.683.408/0001-03,2022-03-31,1,54467820,21177465,0,0
84.683.408/0001-03,2022-06-30,1,54467820,21177465,0,0
84.683.408/0001-03,2022-09-30,1,54467820,21177465,0,0
84.683.408/0001-03,2022-12-31,1,54467820,21177465,0,0
84.683.408/0001-03,2023-03-31,1,54467820,21177465,0,0
84.683.408/0001-03,2023-06-30,1,54467820,21177465,0,0
84.683.408/0001-03,2023-09-30,1,54467820,21177465,0,0
84.683.408/0001-03,2023-12-31,1,54467820,21177465,0,91500
84.683.408/0001-03,2024-03-31,1,54467820,21177465,0,141500
84.683.408/0001-03,2024-06-30,1,54467820,21177465,0,192800
84.683.408/0001-03,2024-09-30,1,54467820,21177465,0,207134
84.683.408/0001-03,2024-12-31,1,54467820,21177465,0,233697
84.683.408/0001-03,2025-03-31,1,54467820,21177465,0,247947
84.683.408/0001-03,2025-06-30,1,54467820,21177465,0,288097
84.683.408/0001-03,2025-09-30,1,54467820,21177465,0,341497
84.683.408/0001-03,2025-12-31,1,54467820,21177465,0,443193
84.683.408/0001-03,2026-03-31,1,54467820,21177465,0,469193
84.683.408/0001-03,2026-06-30,1,54467820,21177465,0,559091
84.683.671/0001-94,2020-03-31,1,686,1372,107,217
84.683.671/0001-94,2020-06-30,1,686,1372,107,217
84.683.671/0001-94,2020-09-30,1,686,1372,107,217
84.683.671/0001-94,2020-12-31,1,686,1372,107,217
84.683.671/0001-94,2021-03-31,1,686,1372,107,217
84.683.671/0001-94,2021-06-30,1,686,1372,107,217
84.683.671/0001-94,2021-09-30,1,686,1372,107,217
84.683.671/0001-94,2021-12-31,1,686,1372,0,0
84.683.671/0001-94,2022-03-31,1,686,1372,0,0
84.683.671/0001-94,2022-06-30,1,686,1372,0,0
84.683.671/0001-94,2022-09-30,1,686,1372,0,0
84.683.671/0001-94,2022-12-31,1,686,1372,0,0
84.683.671/0001-94,2023-03-31,1,686,1372,0,0
84.683.671/0001-94,2023-06-30,1,686001,1372002,107,217
84.683.671/0001-94,2023-09-30,1,686001,1372002,107,217
84.683.671/0001-94,2023-12-31,1,686,1372,0,0
84.683.671/0001-94,2024-03-31,1,686,1372,0,0
84.683.671/0001-94,2024-06-30,1,686,1372,0,0
84.683.671/0001-94,2024-09-30,1,686,1372,0,0
84.683.671/0001-94,2024-12-31,1,686,1372,0,0
84.683.671/0001-94,2025-03-31,1,686,1372,0,0
84.683.671/0001-94,2025-06-30,1,686,1372,0,0
84.683.671/0001-94,2025-09-30,1,686,1372,0,0
84.683.671/0001-94,2025-12-31,1,686,1372,0,0
84.683.671/0001-94,2026-03-31,1,686,1372,0,0
84.683.671/0001-94,2026-06-30,1,686,1372,0,0
84.684.455/0001-63,2020-12-31,1,11363,0,0,0
84.684.455/0001-63,2021-03-31,1,11363,0,0,0
84.684.455/0001-63,2021-06-30,1,11363,0,0,0
84.684.455/0001-63,2021-09-30,1,11363,0,0,0
84.684.455/0001-63,2021-12-31,1,11363048,0,0,0
84.684.455/0001-63,2022-03-31,1,11363048,3787683,0,0
84.684.455/0001-63,2022-06-30,1,11363000,3788000,0,0
84.684.455/0001-63,2022-09-30,1,11363048,3802746,0,0
84.684.455/0001-63,2022-12-31,1,11363048,3873264,0,0
84.684.455/0001-63,2023-03-31,1,11363048,3873264,0,0
84.684.455/0001-63,2023-06-30,1,11363048,3832197,0,0
84.684.455/0001-63,2023-09-30,1,11363048,3846728,0,16133
84.684.455/0001-63,2023-12-31,1,11363048,3849278,0,14439
84.684.455/0001-63,2024-03-31,1,11363048,3839072,0,14439
84.684.455/0001-63,2024-06-30,1,15150731,66428,0,15421
84.684.455/0001-63,2024-09-30,1,15150731,75542,0,11997
84.684.455/0001-63,2024-12-31,1,15150731,47906,0,39633
84.684.455/0001-63,2025-03-31,2,15150731,47906,0,39633
84.684.455/0001-63,2025-06-30,1,15150731,87539,0,62531
84.684.455/0001-63,2025-09-30,1,15150731,87539,0,63400
84.684.455/0001-63,2025-12-31,1,15150731,87539,0,63092
84.684.455/0001-63,2026-03-31,1,15150731,87539,0,63793
84.684.455/0001-63,2026-06-30,1,15150731,87539,64718,0
84.693.183/0001-68,2020-03-31,1,38173191,51170504,7560,83711
84.693.183/0001-68,2020-06-30,1,38173191,51170504,7560,83711
84.693.183/0001-68,2020-09-30,1,38173191,51170504,7560,83711
84.693.183/0001-68,2020-12-31,3,38173191,51170504,7560,83711
84.693.183/0001-68,2021-03-31,1,38173191,51170504,7560,82111
84.693.183/0001-68,2021-06-30,1,76346382,102341008,15120,161822
84.693.183/0001-68,2021-09-30,1,76346382,102341008,15120,161822
84.693.183/0001-68,2021-12-31,1,76346382,102341008,15120,161822
84.693.183/0001-68,2022-03-31,1,76346382,102341008,15120,114200
84.693.183/0001-68,2022-06-30,1,152692764,204682016,30240,228400
84.693.183/0001-68,2022-09-30,1,152692764,204682016,30340,228400
84.693.183/0001-68,2022-12-31,1,152692764,204682016,3036,228400
84.693.183/0001-68,2023-03-31,1,152692764,204682016,3036,228400
84.693.183/0001-68,2023-06-30,1,152692764,204682016,3036,226000
84.693.183/0001-68,2023-09-30,1,152692764,204682016,3036,223000
84.693.183/0001-68,2023-12-31,1,152692764,204682016,3036,223000
84.693.183/0001-68,2024-03-31,1,152692764,204682016,3036,223000
84.693.183/0001-68,2024-06-30,2,152692764,204682016,3036,223000
84.693.183/0001-68,2024-09-30,1,152692764,204682016,3036,223000
84.693.183/0001-68,2024-12-31,2,152692764,204682016,3141,223120
84.693.183/0001-68,2025-03-31,2,152692764,204682016,3141,223120
84.693.183/0001-68,2025-06-30,1,152692764,204682016,3141,407420
84.693.183/0001-68,2025-09-30,1,152692764,204682016,3141,817420
84.693.183/0001-68,2025-12-31,1,152692764,204682016,3141,817420
84.693.183/0001-68,2026-03-31,1,152692764,204682016,3141,817420
84.693.183/0001-68,2026-06-30,1,152692764,204682016,3141,817420
85.041.333/0001-11,2020-03-31,1,85937,145450,0,0
85.041.333/0001-11,2020-06-30,1,85937,145450,0,0
85.041.333/0001-11,2020-09-30,1,85937,145450,0,0
85.041.333/0001-11,2020-12-31,1,85937,145450,0,0
85.041.333/0001-11,2021-03-31,1,85937,145450,0,0
85.041.333/0001-11,2021-06-30,1,85937,145450,0,0
85.041.333/0001-11,2021-09-30,1,85937,145450,0,0
85.041.333/0001-11,2021-12-31,1,85937,145450,0,0
85.041.333/0001-11,2022-03-31,1,85937,145450,0,0
85.041.333/0001-11,2022-06-30,2,85937,145450,0,0
85.041.333/0001-11,2022-09-30,1,85937,145450,0,0
85.041.333/0001-11,2022-12-31,2,85937,145450,0,0
85.041.333/0001-11,2023-03-31,1,85937,145450,0,0
85.041.333/0001-11,2023-06-30,1,85937,145450,0,0
85.041.333/0001-11,2023-09-30,1,85937,145450,0,0
85.041.333/0001-11,2023-12-31,1,85937,145450,0,0
85.041.333/0001-11,2024-03-31,1,85937,145450,0,0
85.041.333/0001-11,2024-06-30,1,85937,145450,0,0
85.041.333/0001-11,2024-09-30,1,85937,145450,0,0
85.041.333/0001-11,2024-12-31,1,85937,145450,0,0
85.041.333/0001-11,2025-03-31,1,85937,145450,0,0
85.041.333/0001-11,2025-06-30,1,85937,145450,0,0
85.041.333/0001-11,2025-09-30,1,85937,145450,0,0
85.778.074/0001-06,2020-03-31,1,343000,240000,0,0
85.778.074/0001-06,2020-06-30,1,343000,240000,0,0
85.778.074/0001-06,2020-09-30,1,343000,240000,0,0
85.778.074/0001-06,2020-12-31,1,343000,240000,0,0
85.778.074/0001-06,2021-03-31,1,343000,240000,0,0
85.778.074/0001-06,2021-06-30,2,343000,240000,0,0
85.778.074/0001-06,2021-09-30,1,3430000,2400000,0,0
85.778.074/0001-06,2021-12-31,1,3430000,2400000,0,0
85.778.074/0001-06,2022-03-31,1,3430000,2400000,0,0
85.778.074/0001-06,2022-06-30,1,3430000,2400000,0,0
85.778.074/0001-06,2022-09-30,3,3430000,2409868,0,0
85.778.074/0001-06,2022-12-31,1,3493960,2444753,0,0
85.778.074/0001-06,2023-03-31,2,3493960,2444753,0,0
85.778.074/0001-06,2023-06-30,1,3493960,2444753,0,0
85.778.074/0001-06,2023-09-30,1,3576903,2495225,0,0
85.778.074/0001-06,2023-12-31,1,3576903,2495225,0,0
85.778.074/0001-06,2024-03-31,1,3576903,2495225,0,0
85.778.074/0001-06,2024-06-30,1,3576903,2495225,0,0
85.778.074/0001-06,2024-09-30,1,3576903,2495225,0,0
85.778.074/0001-06,2024-12-31,1,3576903,2495225,0,0
85.778.074/0001-06,2025-03-31,1,3576903,2495225,0,0
85.778.074/0001-06,2025-06-30,1,3576903,2495225,0,0
85.778.074/0001-06,2025-09-30,1,3576903,2495225,0,0
85.778.074/0001-06,2025-12-31,1,3576903,2495225,0,0
85.778.074/0001-06,2026-03-31,1,3576903,2495225,0,0
85.778.074/0001-06,2026-06-30,1,3576903,2495225,0,0
86.375.425/0001-09,2020-03-31,1,4212530,4924733,0,156400
86.375.425/0001-09,2020-06-30,1,4212530,4924733,0,160700
86.375.425/0001-09,2020-09-30,1,4212530,4924733,0,253700
86.375.425/0001-09,2020-12-31,1,4212530,4924733,0,314833
86.375.425/0001-09,2021-03-31,1,4212530,4924733,0,332533
86.375.425/0001-09,2021-06-30,1,4212530,4924733,0,346033
86.375.425/0001-09,2021-09-30,1,4212530,4924730,0,347533
86.375.425/0001-09,2021-12-31,1,4212530,4924733,0,347533
86.375.425/0001-09,2022-03-31,1,4212530,4924733,0,347533
86.375.425/0001-09,2022-06-30,1,4212530,4577200,0,0
86.375.425/0001-09,2022-09-30,1,4212530,4577200,0,0
86.375.425/0001-09,2022-12-31,1,4212530,4577200,0,0
86.375.425/0001-09,2023-03-31,1,4212530,4577200,0,0
86.375.425/0001-09,2023-06-30,1,4212530,4577200,0,0
86.375.425/0001-09,2023-09-30,1,4212530,4577200,0,0
86.375.425/0001-09,2023-12-31,1,4212530,4577200,0,40000
86.375.425/0001-09,2024-03-31,1,4212530,4577200,0,40000
86.375.425/0001-09,2024-06-30,1,4212530,4577200,0,41600
86.375.425/0001-09,2024-09-30,1,4212530,4577200,0,41600
86.375.425/0001-09,2024-12-31,1,4212530,4577200,0,87600
86.375.425/0001-09,2025-03-31,1,4212530,4577200,0,87600
86.375.425/0001-09,2025-06-30,1,4212530,4577200,0,87600
86.375.425/0001-09,2025-09-30,1,4212530,4577200,0,220600
86.375.425/0001-09,2025-12-31,1,4212530,4577200,0,249800
86.375.425/0001-09,2026-03-31,1,4212530,4577200,0,249800
86.375.425/0001-09,2026-06-30,1,4212530,4577200,0,285800
86.550.951/0001-50,2020-03-31,1,2001106,0,0,0
86.550.951/0001-50,2020-06-30,5,2001106,0,0,0
86.550.951/0001-50,2020-09-30,1,2001106,0,0,0
86.550.951/0001-50,2020-12-31,1,2001106,0,0,0
86.550.951/0001-50,2021-03-31,1,2001106,0,0,0
86.550.951/0001-50,2021-06-30,1,2001106,0,0,0
86.550.951/0001-50,2021-09-30,1,2053606,0,0,0
86.550.951/0001-50,2021-12-31,1,2053606,0,0,0
86.550.951/0001-50,2022-03-31,2,2053606,0,0,0
86.550.951/0001-50,2022-06-30,1,2053606,0,0,0
86.550.951/0001-50,2022-09-30,1,2053606,0,0,0
86.550.951/0001-50,2022-12-31,1,2053606,0,0,0
86.550.951/0001-50,2023-03-31,1,2053606,0,0,0
86.550.951/0001-50,2023-06-30,1,2053606,0,0,0
86.550.951/0001-50,2023-09-30,1,2053606,0,0,0
86.550.951/0001-50,2023-12-31,1,2053606,0,0,0
87.043.832/0001-73,2020-03-31,1,8573186,10491038,0,0
87.043.832/0001-73,2020-06-30,1,8573186,10491038,0,0
87.043.832/0001-73,2020-09-30,1,8573186,10491038,0,0
87.043.832/0001-73,2020-12-31,1,8573186,10491038,0,0
87.043.832/0001-73,2021-03-31,1,8573186,10491038,0,0
87.043.832/0001-73,2021-06-30,1,8573186,10491038,0,0
87.043.832/0001-73,2021-09-30,1,8573186,10491038,0,0
87.043.832/0001-73,2021-12-31,1,8573186,10491038,0,0
87.043.832/0001-73,2022-03-31,1,8573186,10491038,0,0
87.043.832/0001-73,2022-06-30,1,8573186,10491038,0,0
87.043.832/0001-73,2022-09-30,1,8573186,10491038,0,0
87.043.832/0001-73,2022-12-31,1,8573186,10491038,0,0
87.043.832/0001-73,2023-03-31,1,8573186,10491038,0,0
87.043.832/0001-73,2023-06-30,1,8573186,10491038,0,0
87.043.832/0001-73,2023-09-30,1,8573186,10491038,0,0
87.043.832/0001-73,2023-12-31,1,8573186,10491038,0,0
87.043.832/0001-73,2024-03-31,2,8573186,10491038,0,0
87.043.832/0001-73,2024-06-30,1,8573186,10491038,0,0
87.043.832/0001-73,2024-09-30,1,8573186,10491038,0,0
87.043.832/0001-73,2024-12-31,2,8573186,10491038,0,0
87.043.832/0001-73,2025-03-31,1,8573186,10491038,0,0
87.043.832/0001-73,2025-06-30,1,8573186,10491038,0,0
87.043.832/0001-73,2025-09-30,1,8573186,10491038,0,0
87.043.832/0001-73,2025-12-31,1,8573186,10491038,0,0
87.043.832/0001-73,2026-03-31,1,8573186,10491038,0,0
87.043.832/0001-73,2026-06-30,1,8573186,10491038,0,0
87.456.562/0001-22,2020-03-31,1,10451,131,0,0
87.456.562/0001-22,2020-06-30,1,10451,131,0,0
87.456.562/0001-22,2020-09-30,1,10451,131,0,0
87.456.562/0001-22,2020-12-31,1,10451,131,0,0
87.456.562/0001-22,2021-03-31,1,10451,131,0,0
87.456.562/0001-22,2021-06-30,1,10451,131,0,0
87.456.562/0001-22,2021-09-30,1,10451,131,0,0
87.456.562/0001-22,2021-12-31,1,10451,131,0,0
87.456.562/0001-22,2022-03-31,1,10451,131,0,0
87.456.562/0001-22,2022-06-30,1,10451,131,0,0
87.456.562/0001-22,2022-09-30,1,10451,131,0,0
87.456.562/0001-22,2022-12-31,1,10451,131,0,0
87.456.562/0001-22,2023-03-31,1,10451,131,0,0
87.456.562/0001-22,2023-06-30,1,10451,131,0,0
87.456.562/0001-22,2023-09-30,1,10451,131,0,0
87.456.562/0001-22,2023-12-31,1,10451,131,0,0
87.456.562/0001-22,2024-03-31,1,10451,131,0,0
87.456.562/0001-22,2024-06-30,1,10451,131,0,0
87.456.562/0001-22,2024-09-30,1,10451,131,0,0
87.456.562/0001-22,2024-12-31,1,10451,131,0,0
87.456.562/0001-22,2025-03-31,1,10451,131,0,0
87.456.562/0001-22,2025-06-30,1,10451,131,0,0
87.456.562/0001-22,2025-09-30,1,10451,131,0,0
87.456.562/0001-22,2025-12-31,1,10451,131,0,0
87.456.562/0001-22,2026-03-31,1,10451,131,0,0
87.456.562/0001-22,2026-06-30,1,10451,131,0,0
87.762.563/0001-03,2020-03-31,1,3152764,5980923,0,0
87.762.563/0001-03,2020-06-30,1,3152764,5980923,0,0
87.762.563/0001-03,2020-09-30,1,3152764,5980923,0,0
87.762.563/0001-03,2020-12-31,1,3152764,5980923,0,0
87.762.563/0001-03,2021-03-31,1,3152764,5980923,0,0
87.762.563/0001-03,2021-06-30,1,3152764,5980923,0,0
87.762.563/0001-03,2021-09-30,1,3152764,5980923,0,0
87.762.563/0001-03,2021-12-31,1,3152764,5980923,0,0
87.762.563/0001-03,2022-03-31,1,3152764,5980923,0,0
87.762.563/0001-03,2022-06-30,1,3152764,5980923,0,0
87.762.563/0001-03,2022-09-30,1,3152764,5980923,0,0
87.762.563/0001-03,2022-12-31,1,3152764,5980923,0,0
87.762.563/0001-03,2023-03-31,1,3152764,5980923,0,0
87.762.563/0001-03,2023-06-30,1,3152764,5980923,0,0
87.762.563/0001-03,2023-09-30,1,3152764,5980923,0,0
87.762.563/0001-03,2023-12-31,1,3152764,5980923,0,0
87.762.563/0001-03,2024-03-31,1,3152764,5980923,0,0
87.762.563/0001-03,2024-06-30,1,3152764,5980923,0,0
87.762.563/0001-03,2024-09-30,1,3152764,5980923,0,0
87.762.563/0001-03,2024-12-31,2,3152764,5980923,0,0
87.762.563/0001-03,2025-03-31,1,3152764,5980923,0,0
87.762.563/0001-03,2025-06-30,2,3152764,5980923,0,0
87.762.563/0001-03,2025-09-30,1,3152764,5980923,0,0
87.762.563/0001-03,2025-12-31,1,3152764,5980923,0,0
87.762.563/0001-03,2026-03-31,2,3152764,5980923,0,0
87.762.563/0001-03,2026-06-30,1,3152764,5980923,0,0
87.870.952/0001-44,2021-12-31,1,331684,0,0,0
87.870.952/0001-44,2022-03-31,1,331684,0,0,0
87.870.952/0001-44,2022-06-30,1,233164,0,0,0
87.870.952/0001-44,2022-09-30,1,233164,0,0,0
87.870.952/0001-44,2022-12-31,1,233164,0,0,0
87.870.952/0001-44,2023-03-31,1,233164,0,0,0
87.870.952/0001-44,2023-06-30,1,234206,0,0,0
87.870.952/0001-44,2023-09-30,1,234207,0,0,0
87.870.952/0001-44,2023-12-31,1,234207,0,0,0
87.870.952/0001-44,2024-03-31,1,234207,0,0,0
87.870.952/0001-44,2024-06-30,1,234207,0,0,0
87.870.952/0001-44,2024-09-30,1,234207,0,0,0
87.870.952/0001-44,2024-12-31,1,234207,0,0,0
87.870.952/0001-44,2025-03-31,1,234207,0,0,0
87.870.952/0001-44,2025-06-30,1,234207,0,0,0
87.870.952/0001-44,2025-09-30,1,234207,0,0,0
87.870.952/0001-44,2025-12-31,1,234207,0,0,0
87.870.952/0001-44,2026-03-31,1,234207,0,0,0
87.870.952/0001-44,2026-06-30,1,234207,0,0,0
88.610.126/0001-29,2020-03-31,1,217566,0,3000,0
88.610.126/0001-29,2020-06-30,1,217566,0,3000,0
88.610.126/0001-29,2020-09-30,1,217566,0,3000,0
88.610.126/0001-29,2020-12-31,2,217566,0,3000,0
88.610.126/0001-29,2021-03-31,1,217566,0,3000,0
88.610.126/0001-29,2021-06-30,2,217566,0,3000,0
88.610.126/0001-29,2021-09-30,2,217566,0,3000,0
88.610.126/0001-29,2021-12-31,1,217566,0,3000,0
88.610.126/0001-29,2022-03-31,1,217566,0,3000,0
88.610.126/0001-29,2022-06-30,1,267016,0,3000,0
88.610.126/0001-29,2022-09-30,2,270016,0,3000,0
88.610.126/0001-29,2022-12-31,2,270016,0,3000,0
88.610.126/0001-29,2023-03-31,1,270016,0,3000,0
88.610.126/0001-29,2023-06-30,1,270016,0,3000,0
88.610.126/0001-29,2023-09-30,1,270016,0,3000,0
88.610.126/0001-29,2023-12-31,1,270016,0,3000,0
88.610.126/0001-29,2024-03-31,1,270016,0,3000,0
88.610.126/0001-29,2024-06-30,1,270016,0,3000,0
88.610.126/0001-29,2024-09-30,1,270016,0,3000,0
88.610.126/0001-29,2024-12-31,1,267016,0,3000,0
88.610.126/0001-29,2025-03-31,1,267016,0,3000,0
88.610.126/0001-29,2025-06-30,1,267016,0,3000,0
88.610.126/0001-29,2025-09-30,4,277335,0,3000,0
88.610.126/0001-29,2025-12-31,1,277335,0,3000,0
88.610.126/0001-29,2026-03-31,2,277335,0,3000,0
88.610.126/0001-29,2026-06-30,1,277335,3000,0,0
88.610.191/0001-54,2020-03-31,1,2480260,0,780,0
88.610.191/0001-54,2020-06-30,1,2480260,0,780,0
88.610.191/0001-54,2020-09-30,1,2480260,0,780,0
88.610.191/0001-54,2020-12-31,1,2480260,0,780,0
88.610.191/0001-54,2021-03-31,1,2480260,0,780,0
88.610.191/0001-54,2021-06-30,1,2480260,0,780,0
88.610.191/0001-54,2021-09-30,1,2480260,0,780,0
88.610.191/0001-54,2021-12-31,1,2480260,0,780,0
88.610.191/0001-54,2022-03-31,1,2480260,0,780,0
88.610.191/0001-54,2022-06-30,2,2480260,0,780,0
88.610.191/0001-54,2022-09-30,1,2480260,0,780,0
88.610.191/0001-54,2022-12-31,1,2480260,0,780,0
88.610.191/0001-54,2023-03-31,1,2480260,0,780,0
88.610.191/0001-54,2023-06-30,1,2480260,0,780,0
88.610.191/0001-54,2023-09-30,1,2480260,0,780,0
88.610.191/0001-54,2023-12-31,1,2480260,0,780,0
88.610.191/0001-54,2024-03-31,3,2480260,0,780,0
88.610.191/0001-54,2024-06-30,1,9921040,0,3080,0
88.610.191/0001-54,2024-09-30,1,9921040,0,3064,0
88.610.191/0001-54,2024-12-31,1,9921040,0,3064,0
88.610.191/0001-54,2025-03-31,1,2480260,0,780,0
88.610.191/0001-54,2025-06-30,1,9921040,0,3064,0
88.610.191/0001-54,2025-09-30,1,9921040,0,3064,0
88.610.191/0001-54,2025-12-31,1,9921040,0,3064,0
88.610.191/0001-54,2026-03-31,1,9921040,0,3064,0
88.610.191/0001-54,2026-06-30,1,9921040,0,3064,0
88.611.835/0001-29,2020-03-31,1,341625744,605267138,0,7951506
88.611.835/0001-29,2020-06-30,1,341625744,605267138,0,7951506
88.611.835/0001-29,2020-09-30,1,341625744,605267138,0,7478248
88.611.835/0001-29,2020-12-31,1,341625744,605267138,0,7527291
88.611.835/0001-29,2021-03-31,1,341625744,605267138,0,7527291
88.611.835/0001-29,2021-06-30,1,341625744,605267138,0,7252882
88.611.835/0001-29,2021-09-30,1,341625744,605267138,0,7205550
88.611.835/0001-29,2021-12-31,1,341625744,605267138,0,7057813
88.611.835/0001-29,2022-03-31,1,341625744,605267138,0,6979720
88.611.835/0001-29,2022-06-30,1,341625744,605267138,0,6583647
88.611.835/0001-29,2022-09-30,1,341625744,605267138,0,6497567
88.611.835/0001-29,2022-12-31,1,341625744,605267138,0,6497567
88.611.835/0001-29,2023-03-31,1,341625744,605267138,0,5755369
88.611.835/0001-29,2023-06-30,1,341625744,605267138,0,5400510
88.611.835/0001-29,2023-09-30,1,341625744,605267138,0,5400510
88.611.835/0001-29,2023-12-31,1,341625744,605267138,0,5380139
88.611.835/0001-29,2024-03-31,1,409950893,726320565,0,6456171
88.611.835/0001-29,2024-06-30,1,409950893,726320565,0,5452169
88.611.835/0001-29,2024-09-30,1,409950893,726320565,0,5862600
88.611.835/0001-29,2024-12-31,1,409950893,726320565,0,10208000
88.611.835/0001-29,2025-03-31,1,409950893,726320565,0,9238131
88.611.835/0001-29,2025-06-30,1,409950893,726320565,0,9218917
88.611.835/0001-29,2025-09-30,1,409950893,726320565,0,8676907
88.611.835/0001-29,2025-12-31,1,450945982,798952621,0,9306656
88.611.835/0001-29,2026-03-31,1,450945982,798952621,0,8559270
88.611.835/0001-29,2026-06-30,1,450945982,798952621,0,8498257
88.613.658/0001-10,2020-03-31,1,16016924,32029564,0,0
88.613.658/0001-10,2020-06-30,1,16016924,32029564,0,0
88.613.658/0001-10,2020-09-30,2,16016924,32029564,0,0
88.613.658/0001-10,2020-12-31,2,16016924,32029564,0,0
88.613.658/0001-10,2021-03-31,1,16016924,32029564,0,0
88.613.658/0001-10,2021-06-30,1,16016924,32029564,0,0
88.613.658/0001-10,2021-09-30,1,16016924,32029564,0,0
88.613.658/0001-10,2021-12-31,1,16016924,32029564,0,0
88.613.658/0001-10,2022-03-31,1,16016924,32029564,0,0
88.613.658/0001-10,2022-06-30,1,16016924,32029564,0,0
88.613.658/0001-10,2022-09-30,1,16016924,32029564,0,0
88.613.658/0001-10,2022-12-31,1,16016924,32029564,0,0
88.613.658/0001-10,2023-03-31,1,16016924,32029564,0,0
88.613.658/0001-10,2023-06-30,1,16016924,32029564,0,0
88.613.658/0001-10,2023-09-30,1,16016924,32029564,0,0
88.613.658/0001-10,2023-12-31,1,16016924,32029564,0,0
88.613.658/0001-10,2024-03-31,2,16016924,32029564,0,0
88.613.658/0001-10,2024-06-30,1,16016924,32029564,0,0
88.613.658/0001-10,2024-09-30,1,16016924,32029564,0,0
88.613.658/0001-10,2024-12-31,1,16016924,32029564,0,0
88.613.658/0001-10,2025-03-31,1,16016924,32029564,0,0
88.613.658/0001-10,2025-06-30,1,16016924,32029564,0,0
88.613.658/0001-10,2025-09-30,1,16016924,32029564,0,0
88.613.658/0001-10,2025-12-31,1,16016924,32029564,0,0
88.613.658/0001-10,2026-03-31,1,16016924,32029564,0,0
88.613.658/0001-10,2026-06-30,1,15954418,31560577,321754,10116660
89.086.144/0001-16,2020-03-31,1,116516,229260,0,3445
89.086.144/0001-16,2020-06-30,1,116516,229260,0,8026
89.086.144/0001-16,2020-09-30,1,116516,229260,0,15757
89.086.144/0001-16,2020-12-31,3,116516,229260,0,16445
89.086.144/0001-16,2021-03-31,4,116516,229260,0,16445
89.086.144/0001-16,2021-06-30,2,116516,229260,0,16445
89.086.144/0001-16,2021-09-30,3,116516,229260,0,16445
89.086.144/0001-16,2021-12-31,1,116516,212815,0,0
89.086.144/0001-16,2022-03-31,2,116516,212815,0,0
89.086.144/0001-16,2022-06-30,2,116516,212815,0,0
89.086.144/0001-16,2022-09-30,2,116516,212815,0,718
89.086.144/0001-16,2022-12-31,1,116516,212815,0,1037
89.086.144/0001-16,2023-03-31,1,116516,212815,0,1037
89.086.144/0001-16,2023-06-30,1,116516,212815,0,1037
89.086.144/0001-16,2023-09-30,1,116516,212815,0,1037
89.086.144/0001-16,2023-12-31,1,116516,212815,0,1037
89.086.144/0001-16,2024-03-31,1,116516,212815,0,1037
89.086.144/0001-16,2024-06-30,1,116516,212815,0,1037
89.086.144/0001-16,2024-09-30,1,116516,212815,0,1037
89.086.144/0001-16,2024-12-31,1,116516,212815,0,1037
89.086.144/0001-16,2025-03-31,1,116516,212815,0,1037
89.086.144/0001-16,2025-06-30,2,116516,212815,0,1037
89.086.144/0001-16,2025-09-30,1,125842,223883,0,1037
89.086.144/0001-16,2025-12-31,1,223882733,125841938,0,1036900
89.086.144/0001-16,2026-03-31,1,125842,223883,0,1037
89.086.144/0001-16,2026-06-30,1,125842,223883,0,1037
89.096.457/0001-55,2020-03-31,1,190595000,0,3486012,0
89.096.457/0001-55,2020-06-30,1,190595000,0,3312972,0
89.096.457/0001-55,2020-09-30,2,190595000,0,3271492,0
89.096.457/0001-55,2020-12-31,1,190595000,0,3010430,0
89.096.457/0001-55,2021-03-31,1,190595000,0,2746780,0
89.096.457/0001-55,2021-06-30,1,190595000,0,2648464,0
89.096.457/0001-55,2021-09-30,1,193111454,0,3309854,0
89.096.457/0001-55,2021-12-31,1,212422599,0,4625621,0
89.096.457/0001-55,2022-03-31,2,212422599,0,4507946,0
89.096.457/0001-55,2022-06-30,1,212422599,0,4610697,0
89.096.457/0001-55,2022-09-30,1,212422599,0,6015774,0
89.096.457/0001-55,2022-12-31,2,212422599,0,8197429,0
89.096.457/0001-55,2023-03-31,1,212422599,0,8096625,0
89.096.457/0001-55,2023-06-30,3,226664858,0,4485872,0
89.096.457/0001-55,2023-09-30,1,226664858,0,6567702,0
89.096.457/0001-55,2023-12-31,2,443329716,0,3184086,0
89.096.457/0001-55,2024-03-31,1,443329716,0,3489190,0
89.096.457/0001-55,2024-06-30,1,443329716,0,3489190,0
89.096.457/0001-55,2024-09-30,1,443329716,0,3401008,0
89.096.457/0001-55,2024-12-31,3,443329716,0,2612586,0
89.096.457/0001-55,2025-03-31,1,443329716,0,2442360,0
89.096.457/0001-55,2025-06-30,2,443329716,0,2124632,0
89.096.457/0001-55,2025-09-30,2,443329716,0,2122605,0
89.096.457/0001-55,2025-12-31,1,498745930,0,1925172,0
89.096.457/0001-55,2026-03-31,1,498745930,0,1933359,0
89.096.457/0001-55,2026-06-30,1,498745930,0,2434606,0
89.463.822/0001-12,2020-03-31,1,25034015,0,0,0
89.463.822/0001-12,2020-06-30,1,25437456,0,0,0
89.463.822/0001-12,2020-09-30,1,25847142,0,0,0
89.463.822/0001-12,2020-12-31,1,26262840,0,0,0
89.463.822/0001-12,2021-03-31,1,26684638,0,0,0
89.463.822/0001-12,2021-06-30,1,28477701,0,0,0
89.463.822/0001-12,2021-09-30,2,29115943,0,0,0
89.463.822/0001-12,2021-12-31,1,29116703,0,0,0
89.463.822/0001-12,2022-03-31,1,29211160,0,0,0
89.463.822/0001-12,2022-06-30,1,29211160,0,0,0
89.463.822/0001-12,2022-09-30,1,30353198,0,0,0
89.463.822/0001-12,2022-12-31,2,30353234,0,0,0
89.463.822/0001-12,2023-03-31,2,31040244,0,0,0
89.463.822/0001-12,2023-06-30,1,32477168,0,0,0
89.463.822/0001-12,2023-09-30,1,39275611,0,0,0
89.463.822/0001-12,2023-12-31,1,41037776,0,0,0
89.463.822/0001-12,2024-03-31,1,41109776,0,0,0
89.463.822/0001-12,2024-06-30,1,41476298,0,0,0
89.463.822/0001-12,2024-09-30,1,42129719,0,0,0
89.463.822/0001-12,2024-12-31,1,42130719,0,0,0
89.463.822/0001-12,2025-03-31,1,42139719,0,0,0
89.463.822/0001-12,2025-06-30,1,43716192,0,0,0
89.463.822/0001-12,2025-09-30,1,46687694,0,0,0
89.463.822/0001-12,2025-12-31,1,46687694,0,0,0
89.463.822/0001-12,2026-03-31,1,47318103,0,0,0
89.463.822/0001-12,2026-06-30,1,4731810,0,0,0
89.637.490/0001-45,2020-03-31,3,1984594655,3425207185,26525322,106101288
89.637.490/0001-45,2020-06-30,2,2012333899,3536164161,26526677,106106708
89.637.490/0001-45,2020-09-30,2,2012333899,3536164161,26527032,106108128
89.637.490/0001-45,2020-12-31,1,2081728595,3536164161,26528918,106115672
89.637.490/0001-45,2021-03-31,2,2081728595,3536164161,25831006,103324024
89.637.490/0001-45,2021-06-30,2,2081728595,3536164161,25130985,100523940
89.637.490/0001-45,2021-09-30,1,2081728595,3536164161,25130985,100523940
89.637.490/0001-45,2021-12-31,3,2081728595,3536164161,25140398,100561592
89.637.490/0001-45,2022-03-31,1,2081728595,3536164161,25168327,100673308
89.637.490/0001-45,2022-06-30,1,2081728595,3536164161,23150192,92600768
89.637.490/0001-45,2022-09-30,1,2081728595,3536164161,23164278,92657112
89.637.490/0001-45,2022-12-31,1,2081728595,3536164161,23172552,92690208
89.637.490/0001-45,2023-03-31,1,2081728595,3536164161,23208243,92832972
89.637.490/0001-45,2023-06-30,1,2081728595,3536164161,20124550,80498200
89.637.490/0001-45,2023-09-30,1,2081728595,3536164161,20243492,80973968
89.637.490/0001-45,2023-12-31,1,2081728595,3536164161,20262477,81049908
89.637.490/0001-45,2024-03-31,1,2081728595,3536164161,20282026,81128104
89.637.490/0001-45,2024-06-30,1,2289901455,3889780576,20024495,80097982
89.637.490/0001-45,2024-09-30,2,2289901455,3889780576,20067009,80268130
89.637.490/0001-45,2024-12-31,1,2289901455,3889780576,20080051,80320413
89.637.490/0001-45,2025-03-31,1,2289901455,3889780576,20081043,80324420
89.637.490/0001-45,2025-06-30,1,2289901455,3889780576,20998377,84003174
89.637.490/0001-45,2025-09-30,1,2289901455,3889780576,20998303,84002875
89.637.490/0001-45,2025-12-31,1,2312800469,3928678381,21208284,84842901
89.637.490/0001-45,2026-03-31,1,2312800469,3928678381,19645988,78582414
89.637.490/0001-45,2026-06-30,1,2312800469,3928678381,17717011,70866506
89.723.993/0001-33,2020-03-31,1,7490,5110,0,0
89.723.993/0001-33,2020-06-30,1,7490,5110,0,0
89.723.993/0001-33,2020-09-30,1,7490,5110,0,0
89.723.993/0001-33,2020-12-31,1,7490,5110,0,0
89.723.993/0001-33,2021-03-31,1,7490,5110,0,0
89.723.993/0001-33,2021-06-30,1,7490,5110,0,0
89.723.993/0001-33,2021-09-30,1,7490,5110,0,0
89.723.993/0001-33,2021-12-31,1,7490,5110,0,0
89.723.993/0001-33,2022-03-31,1,7490,5110,0,0
89.723.993/0001-33,2022-06-30,1,7490,5110,0,0
89.723.993/0001-33,2022-09-30,1,7490,5110,0,0
89.723.993/0001-33,2022-12-31,1,7490,5110,0,0
89.723.993/0001-33,2023-03-31,1,7490,5110,0,0
89.723.993/0001-33,2023-06-30,2,7490,5110,0,0
89.723.993/0001-33,2023-09-30,1,7490,5110,0,0
89.723.993/0001-33,2023-12-31,1,7490,5110,0,0
89.723.993/0001-33,2024-03-31,1,7490,5110,0,0
89.723.993/0001-33,2024-06-30,1,7490,5110,0,0
89.723.993/0001-33,2024-09-30,1,7490,5110,0,0
89.723.993/0001-33,2024-12-31,1,7490,5110,0,0
89.723.993/0001-33,2025-03-31,1,7490,5110,0,0
89.723.993/0001-33,2025-06-30,1,7490,5110,0,0
89.723.993/0001-33,2025-09-30,1,7489720,5110280,0,0
89.723.993/0001-33,2025-12-31,1,7490,5110,0,0
89.723.993/0001-33,2026-03-31,1,7489720,5110280,0,0
89.723.993/0001-33,2026-06-30,1,7489720,5110280,0,0
89.850.341/0001-60,2020-03-31,2,902160,0,150,0
89.850.341/0001-60,2020-06-30,2,902160,0,150,0
89.850.341/0001-60,2020-09-30,2,902160,0,657,0
89.850.341/0001-60,2020-12-31,1,902160,0,657,0
89.850.341/0001-60,2021-03-31,1,902160,0,0,0
89.850.341/0001-60,2021-06-30,1,902160,0,0,0
89.850.341/0001-60,2021-09-30,1,902160,0,0,0
89.850.341/0001-60,2021-12-31,1,902160,0,206,0
89.850.341/0001-60,2022-03-31,1,902160,0,3,0
89.850.341/0001-60,2022-06-30,1,902160,0,231,0
89.850.341/0001-60,2022-09-30,1,902160,0,468,0
89.850.341/0001-60,2022-12-31,1,902160,0,468,0
89.850.341/0001-60,2023-03-31,1,902160,0,3,0
89.850.341/0001-60,2023-06-30,1,902160,0,3,0
89.850.341/0001-60,2023-09-30,1,902160,0,3,0
89.850.341/0001-60,2023-12-31,1,902157,0,3,0
89.850.341/0001-60,2024-03-31,1,902160,0,0,0
89.850.341/0001-60,2024-06-30,1,902160,0,0,0
89.850.341/0001-60,2024-09-30,1,902160,0,0,0
89.850.341/0001-60,2024-12-31,1,902160,0,0,0
89.850.341/0001-60,2025-03-31,1,902160,0,0,0
89.850.341/0001-60,2025-06-30,1,902160,0,0,0
89.850.341/0001-60,2025-09-30,1,902160,0,0,0
89.850.341/0001-60,2025-12-31,1,902160,0,0,0
89.850.341/0001-60,2026-03-31,1,902106,0,0,0
89.850.341/0001-60,2026-06-30,1,902160,0,0,0
90.076.886/0001-40,2020-03-31,1,7100,0,0,0
90.076.886/0001-40,2020-06-30,1,7100,0,0,0
90.076.886/0001-40,2020-09-30,1,7100,0,0,0
90.076.886/0001-40,2020-12-31,2,7100,0,0,0
90.076.886/0001-40,2021-03-31,1,7100,0,0,0
90.076.886/0001-40,2021-06-30,1,7100,0,0,0
90.076.886/0001-40,2021-09-30,1,7100,0,0,0
90.076.886/0001-40,2021-12-31,1,7100,0,0,0
90.076.886/0001-40,2022-03-31,1,7100,0,0,0
90.076.886/0001-40,2022-06-30,1,7100,0,0,0
90.076.886/0001-40,2022-09-30,1,7100,0,0,0
90.076.886/0001-40,2022-12-31,1,7100,0,0,0
90.076.886/0001-40,2023-03-31,1,7100,0,0,0
90.076.886/0001-40,2023-06-30,1,7100,0,0,0
90.076.886/0001-40,2023-09-30,1,7100,0,0,0
90.076.886/0001-40,2023-12-31,1,7100,0,0,0
90.076.886/0001-40,2024-03-31,1,7100,0,0,0
90.076.886/0001-40,2024-06-30,1,7100,0,0,0
90.076.886/0001-40,2024-09-30,1,7100,0,0,0
90.076.886/0001-40,2024-12-31,1,7100,0,0,0
90.076.886/0001-40,2025-03-31,1,7100,0,0,0
90.076.886/0001-40,2025-06-30,1,7100,0,0,0
90.076.886/0001-40,2025-09-30,1,7100,0,0,0
90.076.886/0001-40,2025-12-31,1,71001,0,0,0
90.076.886/0001-40,2026-03-31,1,71001,0,0,0
90.076.886/0001-40,2026-06-30,1,71001,0,0,0
90.400.888/0001-42,2020-03-31,1,3818695,3679836,18947,18947
90.400.888/0001-42,2020-06-30,1,3818695,3679836,18871,18871
90.400.888/0001-42,2020-09-30,1,3818695,3679836,18838,18838
90.400.888/0001-42,2020-12-31,2,3818695,3679836,18829,18829
90.400.888/0001-42,2021-03-31,1,3818695,3679836,15821,15821
90.400.888/0001-42,2021-06-30,1,3818695,3679836,15821,15821
90.400.888/0001-42,2021-09-30,1,3818695,3679836,15821,15821
90.400.888/0001-42,2021-12-31,2,3818695,3679836,15755,15755
90.400.888/0001-42,2022-03-31,1,3818695,3679836,19580,19580
90.400.888/0001-42,2022-06-30,1,3818695,3679836,27776,27776
90.400.888/0001-42,2022-09-30,1,3818695,3679836,28017,28017
90.400.888/0001-42,2022-12-31,2,3818695,3679836,31162,31162
90.400.888/0001-42,2023-03-31,1,3818695,3679836,26288,26288
90.400.888/0001-42,2023-06-30,2,3818695,3679836,27064,27064
90.400.888/0001-42,2023-09-30,1,3818695,3679836,27240,27240
90.400.888/0001-42,2023-12-31,2,3818695,3679836,27193,27193
90.400.888/0001-42,2024-03-31,1,3818695,3679836,18317,18317
90.400.888/0001-42,2024-06-30,3,3818695,3679836,19270,19270
90.400.888/0001-42,2024-09-30,1,3818695,3679836,19031,19031
90.400.888/0001-42,2024-12-31,2,3818695,3679836,19452,19452
90.400.888/0001-42,2025-03-31,2,3818695,3679836,13830,13830
90.400.888/0001-42,2025-06-30,1,3818695,3679836,13780,13780
90.400.888/0001-42,2025-09-30,1,3818695,3679836,13735,13735
90.400.888/0001-42,2025-12-31,2,3818695,3679836,13666,13665
90.400.888/0001-42,2026-03-31,1,3818695,3679836,5550,5550
90.400.888/0001-42,2026-06-30,1,3818695,3679836,5502,5502
90.441.460/0001-48,2020-03-31,1,66086364,0,0,0
90.441.460/0001-48,2020-06-30,1,66086364,0,0,0
90.441.460/0001-48,2020-09-30,2,66086364,0,0,0
90.441.460/0001-48,2020-12-31,1,66086364,0,0,0
90.441.460/0001-48,2021-03-31,1,66086064,0,0,0
90.441.460/0001-48,2021-06-30,1,66086364,0,0,0
90.441.460/0001-48,2021-09-30,1,66086364,0,0,0
90.441.460/0001-48,2021-12-31,1,66086364,0,0,0
90.441.460/0001-48,2022-03-31,1,66086364,0,0,0
90.441.460/0001-48,2022-06-30,1,66086364,0,0,0
90.441.460/0001-48,2022-09-30,1,66086364,0,0,0
90.441.460/0001-48,2022-12-31,4,66086364,0,0,0
90.441.460/0001-48,2023-03-31,1,66086364,0,0,0
90.441.460/0001-48,2023-06-30,1,66086364,0,0,0
90.441.460/0001-48,2023-09-30,1,66086364,0,0,0
90.441.460/0001-48,2023-12-31,2,66086364,0,0,0
90.441.460/0001-48,2024-03-31,1,66086364,0,0,0
90.441.460/0001-48,2024-06-30,1,66086364,0,0,0
90.441.460/0001-48,2024-09-30,2,66086364,0,0,0
90.441.460/0001-48,2024-12-31,1,66086364,0,0,0
90.441.460/0001-48,2025-03-31,1,66086364,0,0,0
90.441.460/0001-48,2025-06-30,1,66086364,0,0,0
90.441.460/0001-48,2025-09-30,1,66086364,0,0,0
90.441.460/0001-48,2025-12-31,1,66086364,0,0,0
90.441.460/0001-48,2026-03-31,1,66086364,0,0,0
90.441.460/0001-48,2026-06-30,1,66086364,0,0,0
91.333.666/0001-17,2020-03-31,2,25409,50414,0,0
91.333.666/0001-17,2020-06-30,1,25409,50414,0,0
91.333.666/0001-17,2020-09-30,1,25409,50414,0,0
91.333.666/0001-17,2020-12-31,1,25409,50414,0,0
91.333.666/0001-17,2021-03-31,1,25409,50414,0,0
91.333.666/0001-17,2021-06-30,1,25409,50414,0,0
91.333.666/0001-17,2021-09-30,2,25409,50414,0,0
91.333.666/0001-17,2021-12-31,1,25409,50414,0,0
91.333.666/0001-17,2022-03-31,1,25409,50414,0,0
91.333.666/0001-17,2022-06-30,1,12704,25207,0,0
91.333.666/0001-17,2022-09-30,1,12704,25207,0,0
91.333.666/0001-17,2022-12-31,1,12704,25207,0,0
91.333.666/0001-17,2023-03-31,1,12704,25207,0,0
91.333.666/0001-17,2023-06-30,1,42655,84634,0,0
91.333.666/0001-17,2023-09-30,1,42655,84634,0,0
91.333.666/0001-17,2023-12-31,1,42655,84634,0,0
91.333.666/0001-17,2024-03-31,1,42655,84634,0,0
91.333.666/0001-17,2024-06-30,1,10663,21158,0,0
91.333.666/0001-17,2024-09-30,1,10663,21158,0,0
91.333.666/0001-17,2024-12-31,1,10663,21158,0,0
91.333.666/0001-17,2025-03-31,1,10663,21158,0,0
91.333.666/0001-17,2025-06-30,1,10663,21158,0,0
91.333.666/0001-17,2025-09-30,1,10663,21158,0,0
91.333.666/0001-17,2025-12-31,2,10663,21158,0,0
91.333.666/0001-17,2026-03-31,2,42656,84634,0,0
91.333.666/0001-17,2026-06-30,1,42656,84634,0,0
91.495.499/0001-00,2020-03-31,1,297498383,0,0,0
91.495.499/0001-00,2020-06-30,1,297498383,0,0,0
91.495.499/0001-00,2020-09-30,1,297498383,0,0,0
91.495.499/0001-00,2020-12-31,1,297498383,0,0,0
91.495.499/0001-00,2021-03-31,1,297498383,0,0,0
91.495.499/0001-00,2021-06-30,1,297498383,0,0,0
91.495.499/0001-00,2021-09-30,1,297498383,0,0,0
91.669.747/0001-92,2020-03-31,1,913,0,2,0
91.669.747/0001-92,2020-06-30,1,913,0,2,0
91.669.747/0001-92,2020-09-30,1,913,0,0,0
91.669.747/0001-92,2020-12-31,1,913,0,0,0
91.669.747/0001-92,2021-03-31,1,913,0,0,0
91.669.747/0001-92,2021-06-30,1,913,0,2,0
91.669.747/0001-92,2021-09-30,1,913,0,2,0
91.669.747/0001-92,2021-12-31,1,913,0,2,0
91.669.747/0001-92,2022-03-31,1,913,0,2,0
91.669.747/0001-92,2022-06-30,1,913,0,2,0
91.669.747/0001-92,2022-09-30,1,914,0,3,0
91.669.747/0001-92,2022-12-31,1,914,0,3,0
91.669.747/0001-92,2023-03-31,1,914,0,3,0
91.669.747/0001-92,2023-06-30,1,914,0,3,0
91.669.747/0001-92,2023-09-30,1,914,0,3,0
91.669.747/0001-92,2023-12-31,1,914,0,3,0
91.669.747/0001-92,2024-03-31,1,914,0,3,0
91.669.747/0001-92,2024-06-30,1,61791,0,3,0
91.669.747/0001-92,2024-09-30,1,61791,0,3,0
91.669.747/0001-92,2024-12-31,1,61791,0,3,0
91.669.747/0001-92,2025-03-31,1,61791,0,3,0
91.983.056/0001-69,2020-03-31,1,26312,0,0,0
91.983.056/0001-69,2020-06-30,1,26312,0,0,0
91.983.056/0001-69,2020-09-30,1,26312,0,0,0
91.983.056/0001-69,2020-12-31,1,26312,0,0,0
91.983.056/0001-69,2021-03-31,1,26312,0,0,0
91.983.056/0001-69,2021-06-30,1,30351,0,15,0
91.983.056/0001-69,2021-09-30,1,30351,0,15,0
91.983.056/0001-69,2021-12-31,1,30351,0,344,0
91.983.056/0001-69,2022-03-31,1,29953,0,65,0
91.983.056/0001-69,2022-06-30,1,89860,0,196,0
91.983.056/0001-69,2022-09-30,1,89860,0,532,0
91.983.056/0001-69,2022-12-31,1,89860,0,532,0
91.983.056/0001-69,2023-03-31,1,89860,0,532,0
91.983.056/0001-69,2023-06-30,1,179720,0,2960,0
91.983.056/0001-69,2023-09-30,1,179720,0,2960,0
91.983.056/0001-69,2023-12-31,1,179720,0,2960,0
91.983.056/0001-69,2024-03-31,1,179720,0,2960,0
91.983.056/0001-69,2024-06-30,1,179720,0,2940,0
91.983.056/0001-69,2024-09-30,1,179720,0,5450,0
91.983.056/0001-69,2024-12-31,1,179720,0,6353,0
91.983.056/0001-69,2025-03-31,1,179720,0,6452,0
91.983.056/0001-69,2025-06-30,1,179720,0,6388,0
91.983.056/0001-69,2025-09-30,1,179720,0,6388,0
91.983.056/0001-69,2025-12-31,1,179720,0,6388,0
91.983.056/0001-69,2026-03-31,1,179720,0,6388,0
91.983.056/0001-69,2026-06-30,1,179720,0,6462,0
92.012.467/0001-70,2020-03-31,2,8174413,11926570,23100,297600
92.012.467/0001-70,2020-06-30,2,8174413,11926570,23100,297600
92.012.467/0001-70,2020-09-30,2,8174413,11973166,23100,297600
92.012.467/0001-70,2020-12-31,1,8174413,11973166,78942,429911
92.012.467/0001-70,2021-03-31,1,8174413,11973166,83042,510011
92.012.467/0001-70,2021-06-30,2,8091371,11505332,0,0
92.012.467/0001-70,2021-09-30,1,8091371,11505332,7200,78800
92.012.467/0001-70,2021-12-31,1,8091371,11505332,19800,260600
92.012.467/0001-70,2022-03-31,1,8071571,11244732,0,0
92.012.467/0001-70,2022-06-30,1,8071571,11251180,0,0
92.012.467/0001-70,2022-09-30,1,8071571,11275300,0,0
92.012.467/0001-70,2022-12-31,2,8071571,11275300,0,0
92.012.467/0001-70,2023-03-31,1,8071571,11275300,0,0
92.012.467/0001-70,2023-06-30,1,8071571,11329551,0,0
92.012.467/0001-70,2023-09-30,1,8347011,11735604,0,0
92.012.467/0001-70,2023-12-31,3,8347011,11735604,0,0
92.012.467/0001-70,2024-03-31,1,8347011,11735604,0,0
92.012.467/0001-70,2024-06-30,1,8651752,12207058,0,0
92.012.467/0001-70,2024-09-30,1,8651752,12207058,0,0
92.012.467/0001-70,2024-12-31,1,8651752,12207058,20700,51400
92.012.467/0001-70,2025-03-31,2,8651752,12207058,52300,292300
92.012.467/0001-70,2025-06-30,1,8599452,11986164,36900,72600
92.012.467/0001-70,2025-09-30,1,8599452,11986164,37000,74700
92.012.467/0001-70,2025-12-31,1,10007950,13949369,70284,343317
92.012.467/0001-70,2026-03-31,1,10007950,13949369,70284,343317
92.012.467/0001-70,2026-06-30,1,9937666,13679262,0,0
92.660.570/0001-26,2020-03-31,1,2298,2898,0,0
92.660.570/0001-26,2020-06-30,1,2298,2898,0,0
92.660.570/0001-26,2020-09-30,1,2298,2898,0,0
92.660.570/0001-26,2020-12-31,1,2298,2898,0,0
92.660.570/0001-26,2021-03-31,2,2298,2898,0,0
92.660.570/0001-26,2021-06-30,2,2298,2898,0,0
92.660.570/0001-26,2021-09-30,1,2298,2898,0,0
92.660.570/0001-26,2021-12-31,1,2298,2898,0,0
92.660.570/0001-26,2022-03-31,1,2298,2898,0,0
92.660.570/0001-26,2022-06-30,1,2298,2898,0,0
92.660.570/0001-26,2022-09-30,1,2298,2898,0,0
92.660.570/0001-26,2022-12-31,1,2298,2898,0,0
92.660.570/0001-26,2023-03-31,1,2298,2898,0,0
92.660.570/0001-26,2023-06-30,1,9192,11592,0,0
92.660.570/0001-26,2023-09-30,1,9192,11592,0,0
92.660.570/0001-26,2023-12-31,1,9192,11592,0,0
92.660.570/0001-26,2024-03-31,1,9192,11592,0,0
92.660.570/0001-26,2024-06-30,1,9192,11592,0,0
92.660.570/0001-26,2024-09-30,1,9192,11592,0,0
92.660.570/0001-26,2024-12-31,1,9192,11592,0,0
92.660.570/0001-26,2025-03-31,1,9192,11592,0,0
92.660.570/0001-26,2025-06-30,1,18384,23184,0,0
92.660.570/0001-26,2025-09-30,1,18384,23184,0,0
92.660.570/0001-26,2025-12-31,1,18384,23184,0,0
92.660.570/0001-26,2026-03-31,1,18384,23184,0,0
92.660.570/0001-26,2026-06-30,1,18384,23184,0,0
92.665.611/0001-77,2020-03-31,1,121994700,13485690,0,0
92.665.611/0001-77,2020-06-30,1,121994700,13485690,0,0
92.665.611/0001-77,2020-09-30,1,137994700,13485690,292034,0
92.665.611/0001-77,2020-12-31,1,137994700,13485690,766234,0
92.665.611/0001-77,2021-03-31,1,137994700,13485690,1369802,0
92.665.611/0001-77,2021-06-30,1,137994700,13485690,1369802,0
92.665.611/0001-77,2021-09-30,1,150377481,0,1729157,0
92.665.611/0001-77,2021-12-31,1,151028925,0,1849157,0
92.665.611/0001-77,2022-03-31,1,150377481,0,1899157,0
92.665.611/0001-77,2022-06-30,1,150377481,0,1733390,0
92.665.611/0001-77,2022-09-30,1,150377481,0,1733422,0
92.665.611/0001-77,2022-12-31,2,150377481,0,1843422,0
92.665.611/0001-77,2023-03-31,1,150377481,0,1898815,0
92.665.611/0001-77,2023-06-30,1,150377481,0,1525357,0
92.665.611/0001-77,2023-09-30,1,150377481,0,1525357,0
92.665.611/0001-77,2023-12-31,1,150377481,0,1525357,0
92.665.611/0001-77,2024-03-31,1,150377481,0,1525357,0
92.665.611/0001-77,2024-06-30,1,150377481,0,1019740,0
92.665.611/0001-77,2024-09-30,1,150377841,0,1019944,0
92.665.611/0001-77,2024-12-31,1,150377841,0,1584230,0
92.665.611/0001-77,2025-03-31,1,150377481,0,1374434,0
92.665.611/0001-77,2025-06-30,1,150377481,0,1121346,0
92.665.611/0001-77,2025-09-30,1,150377481,0,1120466,0
92.665.611/0001-77,2025-12-31,1,150377481,0,1692866,0
92.665.611/0001-77,2026-03-31,1,150377481,0,1353418,0
92.665.611/0001-77,2026-06-30,1,150377481,0,1001855,0
92.690.783/0001-09,2020-03-31,1,365111201,722132003,0,6258200
92.690.783/0001-09,2020-06-30,1,365111201,722132003,0,6258200
92.690.783/0001-09,2020-09-30,1,365111201,722132003,0,6258200
92.690.783/0001-09,2020-12-31,1,365111201,722132003,0,6258200
92.690.783/0001-09,2021-03-31,1,365111201,722132003,0,6258200
92.690.783/0001-09,2021-06-30,1,365111201,722132003,0,6258200
92.690.783/0001-09,2021-09-30,1,365111201,722132003,0,6258200
92.690.783/0001-09,2021-12-31,1,365111201,722132003,0,6258200
92.690.783/0001-09,2022-03-31,1,365111201,722132003,0,6258200
92.690.783/0001-09,2022-06-30,1,365111201,722132003,0,18491600
92.690.783/0001-09,2022-09-30,1,365111201,722132003,0,42044500
92.690.783/0001-09,2022-12-31,1,365111201,668729603,0,1135000
92.690.783/0001-09,2023-03-31,1,365111201,668729603,0,1135000
92.690.783/0001-09,2023-06-30,1,365111201,668729603,0,1135000
92.690.783/0001-09,2023-09-30,1,365111201,668729603,0,1135000
92.690.783/0001-09,2023-12-31,1,365111201,667594603,0,0
92.690.783/0001-09,2024-03-31,2,365111201,667594603,0,0
92.690.783/0001-09,2024-06-30,1,365111201,667594603,0,0
92.690.783/0001-09,2024-09-30,1,365111201,667594603,0,8918900
92.690.783/0001-09,2024-12-31,2,365111201,649238303,0,9936900
92.690.783/0001-09,2025-03-31,1,365111201,634594603,0,5130500
92.690.783/0001-09,2025-06-30,1,365111201,628594603,0,0
92.690.783/0001-09,2025-09-30,1,365111201,628594603,0,0
92.690.783/0001-09,2025-12-31,1,486802764,838105184,959,1724
92.690.783/0001-09,2026-03-31,1,486802764,838105184,0,0
92.690.783/0001-09,2026-06-30,1,486802764,838105184,0,2033400
92.693.019/0001-89,2020-03-31,1,17487,783,0,0
92.693.019/0001-89,2020-06-30,1,17487,783,0,0
92.693.019/0001-89,2020-09-30,1,17487,783,0,0
92.693.019/0001-89,2020-12-31,1,17487,783,0,0
92.693.019/0001-89,2021-03-31,1,17487,783,0,0
92.693.019/0001-89,2021-06-30,1,17487,783,0,0
92.693.019/0001-89,2021-09-30,1,22907,1025,0,0
92.693.019/0001-89,2021-12-31,1,22907,1025,0,0
92.693.019/0001-89,2022-03-31,1,22907,1025,0,0
92.693.019/0001-89,2022-06-30,1,22907,1025,0,0
92.693.019/0001-89,2022-09-30,1,22907,1025,0,0
92.693.019/0001-89,2022-12-31,1,22907,1025,0,0
92.693.019/0001-89,2023-03-31,1,22907,1025,0,0
92.693.019/0001-89,2023-06-30,1,22907,1025,0,0
92.693.019/0001-89,2023-09-30,1,22907,1025,0,0
92.693.019/0001-89,2023-12-31,1,22907,1025,0,0
92.693.019/0001-89,2024-03-31,1,22907,1025,0,0
92.693.019/0001-89,2024-06-30,1,22907,1025,0,0
92.693.019/0001-89,2024-09-30,1,22907,1025,0,0
92.693.019/0001-89,2024-12-31,2,22907,1025,0,0
92.693.019/0001-89,2025-03-31,1,22907,1025,0,0
92.693.019/0001-89,2025-06-30,1,22907,1025,0,0
92.693.019/0001-89,2025-09-30,1,22907,1025,0,0
92.693.019/0001-89,2025-12-31,1,22907,1025,0,0
92.693.019/0001-89,2026-03-31,1,22907,1025,0,0
92.693.019/0001-89,2026-06-30,1,22907,1025,0,0
92.702.067/0001-96,2020-03-31,1,205065,203909,0,0
92.702.067/0001-96,2020-06-30,1,205065,203909,0,0
92.702.067/0001-96,2020-09-30,1,205065,203909,0,0
92.702.067/0001-96,2020-12-31,2,205065,203909,0,0
92.702.067/0001-96,2021-03-31,1,205065,203909,0,0
92.702.067/0001-96,2021-06-30,1,205065,203909,0,0
92.702.067/0001-96,2021-09-30,1,205065,203909,0,0
92.702.067/0001-96,2021-12-31,2,205065,203909,0,0
92.702.067/0001-96,2022-03-31,1,205065,203909,0,0
92.702.067/0001-96,2022-06-30,1,205065,203909,0,0
92.702.067/0001-96,2022-09-30,1,205065,203909,0,0
92.702.067/0001-96,2022-12-31,2,205065,203909,0,0
92.702.067/0001-96,2023-03-31,1,205065,203909,0,218
92.702.067/0001-96,2023-06-30,1,205065,203909,0,343
92.702.067/0001-96,2023-09-30,1,205065,203909,0,1203
92.702.067/0001-96,2023-12-31,1,205065,203909,0,0
92.702.067/0001-96,2024-03-31,1,205065,203909,0,0
92.702.067/0001-96,2024-06-30,1,205065,203909,0,0
92.702.067/0001-96,2024-09-30,1,205065,203909,0,0
92.702.067/0001-96,2024-12-31,1,205065,203909,0,0
92.702.067/0001-96,2025-03-31,1,205065,203909,0,0
92.702.067/0001-96,2025-06-30,1,205064,203909,0,0
92.702.067/0001-96,2025-09-30,1,205064,2039090,0,0
92.702.067/0001-96,2025-12-31,1,205065,203909,0,0
92.702.067/0001-96,2026-03-31,1,205065,203909,0,0
92.702.067/0001-96,2026-06-30,1,205065,203909,0,0
92.715.812/0001-31,2020-03-31,3,9516732,164014,0,0
92.715.812/0001-31,2020-06-30,1,9516732,164014,0,0
92.715.812/0001-31,2020-09-30,1,9507970,153287,0,0
92.715.812/0001-31,2020-12-31,1,9512337,158621,0,0
92.715.812/0001-31,2021-03-31,2,9507970,153287,0,0
92.715.812/0001-31,2021-06-30,1,9512337,158621,0,0
92.715.812/0001-31,2021-09-30,1,9506875,151572,0,0
92.715.812/0001-31,2021-12-31,1,9506875,151572,0,0
92.715.812/0001-31,2022-03-31,1,9506875,151572,0,0
92.715.812/0001-31,2022-06-30,1,9506875,151572,0,0
92.715.812/0001-31,2022-09-30,1,9506875,151572,0,0
92.715.812/0001-31,2022-12-31,1,9480088,112356,0,0
92.715.812/0001-31,2023-03-31,2,9480088,112356,0,0
92.715.812/0001-31,2023-06-30,1,9480088,112356,0,0
92.715.812/0001-31,2023-09-30,1,9480088,112356,0,0
92.715.812/0001-31,2023-12-31,1,9480088,112356,0,0
92.715.812/0001-31,2024-03-31,1,9677114,114691,0,0
92.715.812/0001-31,2024-06-30,1,15241703,180641,0,0
92.715.812/0001-31,2024-09-30,1,15241703,180641,0,0
92.715.812/0001-31,2024-12-31,1,15241703,180641,0,0
92.715.812/0001-31,2025-03-31,1,15241703,180641,0,0
92.715.812/0001-31,2025-06-30,1,15241703,180641,0,0
92.715.812/0001-31,2025-09-30,1,15241703,180641,0,0
92.715.812/0001-31,2025-12-31,1,12959953,9071967,0,0
92.715.812/0001-31,2026-03-31,1,12959953,9071967,0,0
92.715.812/0001-31,2026-06-30,1,12959953,9071967,0,0
92.721.232/0001-57,2020-03-31,1,700000,0,0,0
92.721.232/0001-57,2020-06-30,1,700000,0,0,0
92.721.232/0001-57,2020-09-30,1,700000,0,0,0
92.721.232/0001-57,2020-12-31,1,700000,0,0,0
92.721.232/0001-57,2021-03-31,1,700000,0,0,0
92.721.232/0001-57,2021-06-30,1,700000,0,0,0
92.721.232/0001-57,2021-09-30,1,700000,0,0,0
92.721.232/0001-57,2021-12-31,1,700000,0,0,0
92.721.232/0001-57,2022-03-31,1,700000,0,0,0
92.721.232/0001-57,2022-06-30,1,700000,0,0,0
92.721.232/0001-57,2022-09-30,1,700000,0,0,0
92.721.232/0001-57,2022-12-31,3,700000,0,0,0
92.721.232/0001-57,2023-03-31,1,700000,0,0,0
92.721.232/0001-57,2023-06-30,1,700000,0,0,0
92.721.232/0001-57,2023-09-30,1,700000,0,0,0
92.721.232/0001-57,2023-12-31,1,700000,0,0,0
92.721.232/0001-57,2024-03-31,1,700000,0,0,0
92.721.232/0001-57,2024-06-30,1,700000,0,0,0
92.721.232/0001-57,2024-09-30,1,700000,0,0,0
92.721.232/0001-57,2024-12-31,1,700000,0,0,0
92.749.225/0001-63,2020-03-31,1,171198,338801,0,0
92.749.225/0001-63,2020-06-30,1,171198,338801,0,0
92.749.225/0001-63,2020-09-30,1,171198,338801,0,0
92.749.225/0001-63,2020-12-31,1,171198,338801,0,0
92.749.225/0001-63,2021-03-31,1,171198,338801,0,0
92.749.225/0001-63,2021-06-30,1,171198,338801,0,0
92.749.225/0001-63,2021-09-30,1,171198,338801,0,0
92.749.225/0001-63,2021-12-31,1,171198,338801,0,0
92.749.225/0001-63,2022-03-31,1,171198,338801,0,0
92.749.225/0001-63,2022-06-30,1,171198,338801,0,0
92.749.225/0001-63,2022-09-30,1,171198,338801,0,0
92.749.225/0001-63,2022-12-31,1,171198,338801,0,0
92.749.225/0001-63,2023-03-31,1,171198,338801,0,0
92.749.225/0001-63,2023-06-30,1,171198,338801,0,0
92.749.225/0001-63,2023-09-30,1,171198,338801,0,0
92.749.225/0001-63,2023-12-31,1,171198,338801,0,0
92.749.225/0001-63,2024-03-31,1,171198,338801,0,0
92.749.225/0001-63,2024-06-30,1,171198,338801,0,0
92.749.225/0001-63,2024-09-30,1,171198,338801,0,0
92.749.225/0001-63,2024-12-31,1,171198,338801,0,0
92.749.225/0001-63,2025-03-31,1,171198,338801,0,0
92.749.225/0001-63,2025-06-30,1,171198,338801,0,0
92.749.225/0001-63,2025-09-30,1,171198,338801,0,0
92.749.225/0001-63,2025-12-31,1,171198,338801,0,0
92.749.225/0001-63,2026-03-31,1,171198,338801,0,0
92.749.225/0001-63,2026-06-30,1,171198,338801,0,0
92.754.738/0001-62,2020-03-31,1,795558,0,3159,0
92.754.738/0001-62,2020-06-30,1,795590,0,3159,0
92.754.738/0001-62,2020-09-30,1,795648,0,3159,0
92.754.738/0001-62,2020-12-31,1,796170,0,3159,0
92.754.738/0001-62,2021-03-31,1,796170,0,2920,0
92.754.738/0001-62,2021-06-30,1,898508,0,2872,0
92.754.738/0001-62,2021-09-30,1,898584,0,2872,0
92.754.738/0001-62,2021-12-31,1,988779,0,3159,0
92.754.738/0001-62,2022-03-31,1,988779,0,7767,0
92.754.738/0001-62,2022-06-30,1,989304,0,20842,0
92.754.738/0001-62,2022-09-30,1,990063,0,20842,0
92.754.738/0001-62,2022-12-31,1,991227,0,20842,0
92.754.738/0001-62,2023-03-31,1,963227,0,7636,0
92.754.738/0001-62,2023-06-30,2,963227,0,7636,0
92.754.738/0001-62,2023-09-30,1,963227,0,7626,0
92.754.738/0001-62,2023-12-31,1,963227,0,7626,0
92.754.738/0001-62,2024-03-31,1,963227,0,7107,0
92.754.738/0001-62,2024-06-30,1,963227,0,7107,0
92.754.738/0001-62,2024-09-30,1,963227,0,7107,0
92.754.738/0001-62,2024-12-31,1,1059550,0,7818,0
92.754.738/0001-62,2025-03-31,1,1059550,0,49815,0
92.754.738/0001-62,2025-06-30,4,1059550,0,59035,0
92.754.738/0001-62,2025-09-30,1,1059837,0,72070,0
92.754.738/0001-62,2025-12-31,2,1006845,0,24646,0
92.754.738/0001-62,2026-03-31,1,1006845,0,30522,0
92.754.738/0001-62,2026-06-30,1,1006845,0,45562,0
92.781.335/0001-02,2020-03-31,1,46445314,42042380,0,0
92.781.335/0001-02,2020-06-30,1,46445314,42043312,0,0
92.781.335/0001-02,2020-09-30,2,46445314,42609796,0,0
92.781.335/0001-02,2020-12-31,1,46445314,49684169,0,0
92.781.335/0001-02,2021-03-31,1,46445314,53723119,0,0
92.781.335/0001-02,2021-06-30,1,46445314,63200351,0,0
92.781.335/0001-02,2021-09-30,1,46445314,70665482,0,0
92.781.335/0001-02,2021-12-31,1,46445314,71564231,0,0
92.781.335/0001-02,2022-03-31,1,46445314,72373492,0,0
92.781.335/0001-02,2022-06-30,1,46445314,74874046,0,0
92.781.335/0001-02,2022-09-30,1,46445314,79949225,0,0
92.781.335/0001-02,2022-12-31,1,46445314,80189120,0,0
92.781.335/0001-02,2023-03-31,1,46445314,80189120,0,0
92.781.335/0001-02,2023-06-30,1,46445314,80189120,0,0
92.781.335/0001-02,2023-09-30,1,46445314,80189120,0,0
92.781.335/0001-02,2023-12-31,1,46445314,80189120,0,440900
92.781.335/0001-02,2024-03-31,1,46445314,80189120,0,699900
92.781.335/0001-02,2024-06-30,1,46445314,80189120,0,335900
92.781.335/0001-02,2024-09-30,1,46445314,80189120,0,323100
92.781.335/0001-02,2024-12-31,1,46445314,80189120,0,323100
92.781.335/0001-02,2025-03-31,1,46445314,80189120,0,248700
92.781.335/0001-02,2025-06-30,1,51089845,88208032,0,98273
92.781.335/0001-02,2025-09-30,1,51089845,88208032,0,98273
92.781.335/0001-02,2025-12-31,1,51089845,88208032,0,98273
92.781.335/0001-02,2026-03-31,1,51089845,88208032,0,37285
92.781.335/0001-02,2026-06-30,1,51089845,88208032,0,15285
92.791.243/0001-03,2020-03-31,1,153910,12810,24,2352
92.791.243/0001-03,2020-06-30,1,153910,12810,24,2352
92.791.243/0001-03,2020-09-30,1,243910,12810,24,2352
92.791.243/0001-03,2020-12-31,1,256720,0,2376,0
92.791.243/0001-03,2021-03-31,1,256720,0,2376,0
92.791.243/0001-03,2021-06-30,1,256720,0,2376,0
92.791.243/0001-03,2021-09-30,1,256720,0,2376,0
92.791.243/0001-03,2021-12-31,1,256720,0,5166,0
92.791.243/0001-03,2022-03-31,2,256720,0,7097,0
92.791.243/0001-03,2022-06-30,1,256720,0,9093,0
92.791.243/0001-03,2022-09-30,1,246359,0,936,0
92.791.243/0001-03,2022-12-31,1,246359,0,1488,0
92.791.243/0001-03,2023-03-31,1,246359,0,4403,0
92.791.243/0001-03,2023-06-30,1,246359,0,6529,0
92.791.243/0001-03,2023-09-30,1,246359,0,6529,0
92.791.243/0001-03,2023-12-31,1,246359,0,6529,0
92.791.243/0001-03,2024-03-31,1,239830,0,0,0
92.791.243/0001-03,2024-06-30,1,239830,0,586,0
92.791.243/0001-03,2024-09-30,1,239830,0,3897,0
92.791.243/0001-03,2024-12-31,1,239830,0,6301,0
92.791.243/0001-03,2025-03-31,1,239830,0,8136,0
92.791.243/0001-03,2025-06-30,1,239830,0,8791,0
92.791.243/0001-03,2025-09-30,1,230501,0,0,0
92.791.243/0001-03,2025-12-31,1,230501,0,0,0
92.791.243/0001-03,2026-03-31,1,230501,0,0,0
92.791.243/0001-03,2026-06-30,1,230501,0,605,0
92.802.784/0001-90,2020-03-31,1,306756816,306756816,0,0
92.802.784/0001-90,2020-06-30,1,306756816,306756816,0,0
92.802.784/0001-90,2020-09-30,1,315592525,315592525,0,0
92.802.784/0001-90,2020-12-31,4,315592525,315592525,0,0
92.802.784/0001-90,2021-03-31,1,315592525,315592525,0,0
92.802.784/0001-90,2021-06-30,3,315592525,315592525,0,0
92.802.784/0001-90,2021-09-30,2,315592525,315592525,0,0
92.802.784/0001-90,2021-12-31,3,317619442,317619442,0,0
92.802.784/0001-90,2022-03-31,2,315592505,315592505,0,0
92.802.784/0001-90,2022-06-30,1,315592525,315592525,0,0
92.802.784/0001-90,2022-09-30,1,317630893,315592525,0,0
92.802.784/0001-90,2022-12-31,1,317630893,315592525,0,0
92.802.784/0001-90,2023-03-31,1,317630893,315592525,0,0
92.802.784/0001-90,2023-06-30,1,317630893,315592525,0,0
92.802.784/0001-90,2023-09-30,2,4786604,82393289,0,0
92.802.784/0001-90,2023-12-31,1,4786604,82393289,0,0
92.802.784/0001-90,2024-03-31,1,4786604,82393289,0,0
92.802.784/0001-90,2024-06-30,1,4786604,82393289,0,0
92.802.784/0001-90,2024-09-30,1,4786604,82393289,0,0
92.802.784/0001-90,2024-12-31,1,4786604,82393289,0,0
92.802.784/0001-90,2025-03-31,1,4786604,82393289,0,0
92.802.784/0001-90,2025-06-30,1,4786604,82393289,0,0
92.802.784/0001-90,2025-09-30,1,4786604,82393289,0,0
92.802.784/0001-90,2025-12-31,1,4786604,82393289,0,0
92.802.784/0001-90,2026-03-31,1,4786604,82393289,0,0
92.802.784/0001-90,2026-06-30,1,4786604,82393289,0,0
92.929.520/0001-00,2020-03-31,1,1889004,640415,0,0
92.929.520/0001-00,2020-06-30,1,1889004,640415,0,0
92.934.215/0001-06,2020-03-31,1,204487239,204487238,0,0
92.934.215/0001-06,2020-06-30,1,204487239,204487238,0,0
92.934.215/0001-06,2020-09-30,1,204487239,204487238,0,0
92.934.215/0001-06,2020-12-31,1,204487239,204487238,0,0
92.934.215/0001-06,2021-03-31,1,204487239,204487238,0,0
92.934.215/0001-06,2021-06-30,1,204487239,204487238,0,0
92.934.215/0001-06,2021-09-30,1,204487239,204487238,0,0
92.934.215/0001-06,2021-12-31,1,204487239,204487238,0,0
92.934.215/0001-06,2022-03-31,1,204487239,204487238,0,0
92.934.215/0001-06,2022-06-30,1,204487239,204487238,0,0
92.934.215/0001-06,2022-09-30,1,204487239,204487238,0,0
93.828.986/0001-73,2020-03-31,2,454455,464440,0,0
93.828.986/0001-73,2020-06-30,1,454455,464440,0,0
93.828.986/0001-73,2020-09-30,1,454455,464440,0,0
93.828.986/0001-73,2020-12-31,1,454455,464440,0,0
93.828.986/0001-73,2021-03-31,1,454455,464440,0,0
93.828.986/0001-73,2021-06-30,2,454455,464440,0,0
93.828.986/0001-73,2021-09-30,1,454455,464440,0,0
93.828.986/0001-73,2021-12-31,1,454455,464440,0,0
93.828.986/0001-73,2022-03-31,1,454455,464440,0,0
93.828.986/0001-73,2022-06-30,1,454455,464440,0,0
93.828.986/0001-73,2022-09-30,1,454455,464440,0,0
93.828.986/0001-73,2022-12-31,2,454455,464440,0,0
93.828.986/0001-73,2023-03-31,1,454455,464440,0,0
93.828.986/0001-73,2023-06-30,1,454455,464440,0,0
93.828.986/0001-73,2023-09-30,1,454455,464440,0,0
93.828.986/0001-73,2023-12-31,1,454455,464440,0,0
93.828.986/0001-73,2024-03-31,1,454455,464440,0,0
93.828.986/0001-73,2024-06-30,1,454455,464440,0,0
93.828.986/0001-73,2024-09-30,1,454455,464440,0,0
93.828.986/0001-73,2024-12-31,1,454455,464440,0,0
93.828.986/0001-73,2025-03-31,1,454455,464440,0,0
93.828.986/0001-73,2025-06-30,2,454455,464440,0,0
93.828.986/0001-73,2025-09-30,1,454455,464440,0,0
93.828.986/0001-73,2025-12-31,1,454455,464440,0,0
93.828.986/0001-73,2026-03-31,1,454455,464440,0,0
93.828.986/0001-73,2026-06-30,1,454455,464440,0,0
94.813.102/0001-70,2020-12-31,1,400000000,0,0,0
94.813.102/0001-70,2021-03-31,1,400000000,0,0,0
94.813.102/0001-70,2021-06-30,1,400000,0,0,0
94.813.102/0001-70,2021-09-30,2,494118,0,0,0
94.813.102/0001-70,2021-12-31,1,494118,0,0,0
94.813.102/0001-70,2022-03-31,1,496218,0,0,0
94.813.102/0001-70,2022-06-30,1,496218,0,0,0
94.813.102/0001-70,2022-09-30,1,496218,0,0,0
94.813.102/0001-70,2022-12-31,1,497018,0,0,0
94.813.102/0001-70,2023-03-31,1,498298,0,0,0
94.813.102/0001-70,2023-06-30,1,498298,0,85,0
94.813.102/0001-70,2023-09-30,1,498298,0,85,0
94.813.102/0001-70,2023-12-31,1,498298,0,135,0
94.813.102/0001-70,2024-03-31,1,498298,0,135,0
94.813.102/0001-70,2024-06-30,1,498298,0,710,0
94.813.102/0001-70,2024-09-30,1,498298,0,110,0
94.813.102/0001-70,2024-12-31,2,498297647,0,110000,0
94.813.102/0001-70,2025-03-31,1,498297647,0,337200,0
94.813.102/0001-70,2025-06-30,1,499497647,0,247200,0
94.813.102/0001-70,2025-09-30,1,499497647,0,17200,0
94.813.102/0001-70,2025-12-31,1,499497647,0,17200,0
94.813.102/0001-70,2026-03-31,1,500737647,0,847200,0
94.813.102/0001-70,2026-06-30,1,500737647,0,297200,0
95.426.862/0001-97,2020-03-31,1,2847,2375,0,0
95.426.862/0001-97,2020-06-30,2,2847,2375,0,0
95.426.862/0001-97,2020-09-30,2,2847,2375,0,0
95.426.862/0001-97,2020-12-31,1,2847,2375,0,0
95.426.862/0001-97,2021-03-31,1,2847,2375,0,0
95.426.862/0001-97,2021-06-30,1,2847,2375,0,0
95.426.862/0001-97,2021-09-30,1,2847,2375,0,0
95.426.862/0001-97,2021-12-31,1,2847,2375,0,0
95.426.862/0001-97,2022-03-31,1,2847,2375,0,0
95.426.862/0001-97,2022-06-30,1,2847,2375,0,0
95.426.862/0001-97,2022-09-30,1,2847,2375,0,0
95.426.862/0001-97,2022-12-31,1,2847,2375,0,0
95.426.862/0001-97,2023-03-31,1,2847,2375,0,0
95.426.862/0001-97,2023-06-30,2,2847,2375,0,0
95.426.862/0001-97,2023-09-30,2,2847,2375,0,0
95.426.862/0001-97,2023-12-31,1,2846929,2375293,0,0
95.426.862/0001-97,2024-03-31,2,2846929,2375293,0,0
95.426.862/0001-97,2024-06-30,1,2846929,2375293,0,0
95.426.862/0001-97,2024-09-30,1,2846929,2375293,0,0
95.426.862/0001-97,2024-12-31,1,2846929,2375293,0,0
95.426.862/0001-97,2025-03-31,1,2846929,2375293,0,0
95.426.862/0001-97,2025-06-30,1,2846929,2375293,0,0
95.426.862/0001-97,2025-09-30,1,2846929,2375293,0,0
95.426.862/0001-97,2025-12-31,1,2846929,2375293,0,0
95.426.862/0001-97,2026-03-31,1,2846929,2375293,0,0
95.426.862/0001-97,2026-06-30,1,2846929,2375293,0,0
96.298.013/0001-68,2020-03-31,1,26064000,0,0,0
96.298.013/0001-68,2020-06-30,1,26064000,0,0,0
96.298.013/0001-68,2020-09-30,2,128894845,0,0,0
96.298.013/0001-68,2020-12-31,1,128894845,0,0,0
96.298.013/0001-68,2021-03-31,1,128984845,0,0,0
96.298.013/0001-68,2021-06-30,1,128894845,0,0,0
96.298.013/0001-68,2021-09-30,1,128894845,0,0,0
96.298.013/0001-68,2021-12-31,1,129315845,0,0,0
96.298.013/0001-68,2022-03-31,1,128894845,0,0,0
96.298.013/0001-68,2022-06-30,1,129335845,0,0,0
96.298.013/0001-68,2022-09-30,1,129335845,0,0,0
96.298.013/0001-68,2022-12-31,1,129335845,129335845,0,0
96.298.013/0001-68,2023-03-31,1,129335845,0,0,0
96.298.013/0001-68,2023-06-30,1,129335845,0,0,0
96.298.013/0001-68,2023-09-30,1,129335845,0,0,0
96.298.013/0001-68,2023-12-31,1,129513845,0,0,0
96.298.013/0001-68,2024-03-31,1,129513845,0,0,0
96.298.013/0001-68,2024-06-30,1,129513845,0,0,0
96.298.013/0001-68,2024-09-30,1,129583845,0,0,0
96.298.013/0001-68,2024-12-31,2,129880845,0,0,0
96.298.013/0001-68,2025-03-31,1,129940845,0,0,0
96.298.013/0001-68,2025-06-30,1,129996845,0,0,0
96.298.013/0001-68,2025-09-30,1,130180845,0,0,0
96.298.013/0001-68,2025-12-31,1,130353845,0,0,0
96.298.013/0001-68,2026-03-31,1,130353845,0,0,0
96.298.013/0001-68,2026-06-30,1,130409845,0,0,0
96.418.264/0218-02,2020-03-31,1,148109,0,0,0
96.418.264/0218-02,2020-06-30,1,148109,0,0,0
96.418.264/0218-02,2020-09-30,1,187290,0,0,0
96.418.264/0218-02,2020-12-31,1,187290,0,0,0
96.418.264/0218-02,2021-03-31,1,187290,0,0,0
96.418.264/0218-02,2021-06-30,1,187290,0,0,0
96.418.264/0218-02,2021-09-30,1,187290,0,0,0
96.418.264/0218-02,2021-12-31,1,187290,0,0,0
96.418.264/0218-02,2022-03-31,1,187290,0,0,0
96.418.264/0218-02,2022-06-30,1,187290,0,0,0
96.418.264/0218-02,2022-09-30,1,187290,0,0,0
96.418.264/0218-02,2022-12-31,1,187290,0,0,0
96.418.264/0218-02,2023-03-31,1,187290,0,0,0
96.418.264/0218-02,2023-06-30,1,187290,0,0,0
96.418.264/0218-02,2023-09-30,1,187290,0,0,0
96.418.264/0218-02,2023-12-31,1,187290,0,0,0
96.418.264/0218-02,2024-03-31,1,195073,0,0,0
96.418.264/0218-02,2024-06-30,1,195073,0,0,0
96.418.264/0218-02,2024-09-30,1,195073,0,0,0
96.418.264/0218-02,2024-12-31,1,195073,0,0,0
96.418.264/0218-02,2025-03-31,1,206917,0,0,0
96.418.264/0218-02,2025-06-30,2,206917,0,0,0
96.418.264/0218-02,2025-09-30,1,206917,0,0,0
96.418.264/0218-02,2025-12-31,1,206917,0,0,0
96.418.264/0218-02,2026-03-31,1,206917,0,0,0
96.418.264/0218-02,2026-06-30,1,206917,0,0,0
97.191.902/0001-94,2020-03-31,1,9859,1428,0,0
97.191.902/0001-94,2020-06-30,2,9859,1428,0,0
97.191.902/0001-94,2020-09-30,1,9859,1428,0,0
97.191.902/0001-94,2020-12-31,2,9859,1428,0,0
97.191.902/0001-94,2021-03-31,2,9859,1428,0,0
97.191.902/0001-94,2021-06-30,1,9859,1428,0,0
97.191.902/0001-94,2021-09-30,1,9859,1428,0,0
97.191.902/0001-94,2021-12-31,1,9858,1428,0,0
97.191.902/0001-94,2022-03-31,1,9859,1428,0,0
97.191.902/0001-94,2022-06-30,1,9859,1428,0,0
97.191.902/0001-94,2022-09-30,1,9859,1428,0,0
97.191.902/0001-94,2022-12-31,1,9858,1428,0,0
97.191.902/0001-94,2023-03-31,1,9859,1428,0,0
97.191.902/0001-94,2023-06-30,1,9859,1428,0,0
97.191.902/0001-94,2023-09-30,1,9859,1428,0,0
97.191.902/0001-94,2023-12-31,2,9858,1428,0,0
97.191.902/0001-94,2024-03-31,1,9859,1428,0,0
97.191.902/0001-94,2024-06-30,1,9859,1428,0,0
97.191.902/0001-94,2024-09-30,1,9859,1428,0,0
97.191.902/0001-94,2024-12-31,1,9858,1428,0,0
97.191.902/0001-94,2025-03-31,1,9859,1428,0,0
97.191.902/0001-94,2025-06-30,1,9859,1428,0,0
97.191.902/0001-94,2025-09-30,1,9859,1428,0,0
97.191.902/0001-94,2025-12-31,1,9858,1428,0,0
97.191.902/0001-94,2026-03-31,1,9859,1428,0,0
97.191.902/0001-94,2026-06-30,1,9859,1428,0,0
97.837.181/0001-47,2020-03-31,1,691785,0,1642,0
97.837.181/0001-47,2020-06-30,1,691785,0,1642,0
97.837.181/0001-47,2020-09-30,1,691785,0,1577,0
97.837.181/0001-47,2020-12-31,1,691785,0,1224,0
97.837.181/0001-47,2021-03-31,1,691785,0,4651,0
97.837.181/0001-47,2021-06-30,1,691785,0,4411,0
97.837.181/0001-47,2021-09-30,1,691785,0,5906,0
97.837.181/0001-47,2021-12-31,1,760963,0,6489,0
97.837.181/0001-47,2022-03-31,1,760963,0,26489,0
97.837.181/0001-47,2022-06-30,1,760963,0,26489,0
97.837.181/0001-47,2022-09-30,1,760963,0,26489,0
97.837.181/0001-47,2022-12-31,1,837059,0,29138,0
97.837.181/0001-47,2023-03-31,2,837059,0,29138,0
97.837.181/0001-47,2023-06-30,1,820566,0,12491,0
97.837.181/0001-47,2023-09-30,1,820566,0,12424,0
97.837.181/0001-47,2023-12-31,1,820566,0,12424,0
97.837.181/0001-47,2024-03-31,1,820566,0,12424,0
97.837.181/0001-47,2024-06-30,1,820566,0,12202,0
97.837.181/0001-47,2024-09-30,1,820566,0,12202,0
97.837.181/0001-47,2024-12-31,1,820566,0,12202,0
97.837.181/0001-47,2025-03-31,1,820566,0,12201,0
97.837.181/0001-47,2025-06-30,1,820566,0,10161,0
97.837.181/0001-47,2025-09-30,1,820566,0,10161,0
97.837.181/0001-47,2025-12-31,1,919034,0,11381,0
97.837.181/0001-47,2026-03-31,1,919034,0,11381,0
97.837.181/0001-47,2026-06-30,1,919034,0,11164,0
