data,spx_pe,ibov_valuation_idx
2010-01-04,20.869221,
2010-01-05,20.934242,
2010-01-06,20.945662,
2010-01-07,21.02947,
2010-01-08,21.090071,
2010-01-11,21.126911,
2010-01-12,20.928716,
2010-01-13,21.102967,
2010-01-14,21.154171,
2010-01-15,20.925217,
2010-01-19,21.186774,
2010-01-20,20.962241,
2010-01-21,20.565113,
2010-01-22,20.109781,
2010-01-25,20.202248,
2010-01-26,20.117334,
2010-01-27,20.215509,
2010-01-28,19.976608,
2010-01-29,19.780254,
2010-02-01,18.906265,
2010-02-02,19.151535,
2010-02-03,19.046694,
2010-02-04,18.453567,
2010-02-05,18.507029,
2010-02-08,18.342996,
2010-02-09,18.582191,
2010-02-10,18.540705,
2010-02-11,18.720187,
2010-02-12,18.668808,
2010-02-16,19.00486,
2010-02-17,19.085402,
2010-02-18,19.211074,
2010-02-19,19.253082,
2010-02-22,19.232946,
2010-02-23,19.000173,
2010-02-24,19.184864,
2010-02-25,19.144939,
2010-02-26,19.171845,
2010-03-01,18.31134,
2010-03-02,18.354014,
2010-03-03,18.361891,
2010-03-04,18.430494,
2010-03-05,18.688658,
2010-03-08,18.685377,
2010-03-09,18.71738,
2010-03-10,18.802068,
2010-03-11,18.878057,
2010-03-12,18.873954,
2010-03-15,18.882488,
2010-03-16,19.029377,
2010-03-17,19.14016,
2010-03-18,19.133923,
2010-03-19,19.0366,
2010-03-22,19.133597,
2010-03-23,19.270803,
2010-03-24,19.164943,
2010-03-25,19.132283,
2010-03-26,19.146397,
2010-03-29,19.25521,
2010-03-30,19.256032,
2010-03-31,19.193009,
2010-04-01,18.703958,
2010-04-05,18.852243,
2010-04-06,18.883996,
2010-04-07,18.77302,
2010-04-08,18.836367,
2010-04-09,18.962267,
2010-04-12,18.995766,
2010-04-13,19.008786,
2010-04-14,19.220735,
2010-04-15,19.236929,
2010-04-16,18.926704,
2010-04-19,19.012278,
2010-04-20,19.165485,
2010-04-21,19.145956,
2010-04-22,19.1893,
2010-04-23,19.325995,
2010-04-26,19.242962,
2010-04-27,18.793024,
2010-04-28,18.914479,
2010-04-29,19.159293,
2010-04-30,18.840336,
2010-05-03,18.483985,
2010-05-04,18.043355,
2010-05-05,17.924512,
2010-05-06,17.344591,
2010-05-07,17.079076,
2010-05-10,17.830113,
2010-05-11,17.769539,
2010-05-12,18.013684,
2010-05-13,17.794905,
2010-05-14,17.460361,
2010-05-17,17.479731,
2010-05-18,17.23159,
2010-05-19,17.143187,
2010-05-20,16.475016,
2010-05-21,16.722543,
2010-05-24,16.506688,
2010-05-25,16.512531,
2010-05-26,16.419053,
2010-05-27,16.958849,
2010-05-28,16.748988,
2010-06-01,15.956929,
2010-06-02,16.3693,
2010-06-03,16.435618,
2010-06-04,15.870045,
2010-06-07,15.65529,
2010-06-08,15.827124,
2010-06-09,15.733084,
2010-06-10,16.197317,
2010-06-11,16.268256,
2010-06-14,16.238897,
2010-06-15,16.620417,
2010-06-16,16.611177,
2010-06-17,16.632489,
2010-06-18,16.654397,
2010-06-21,16.590163,
2010-06-22,16.323548,
2010-06-23,16.274814,
2010-06-24,16.00134,
2010-06-25,16.047094,
2010-06-28,16.014455,
2010-06-29,15.517735,
2010-06-30,15.360804,
2010-07-01,14.957342,
2010-07-02,14.887606,
2010-07-06,14.967389,
2010-07-07,15.43633,
2010-07-08,15.581627,
2010-07-09,15.693875,
2010-07-12,15.705377,
2010-07-13,15.946908,
2010-07-14,15.944434,
2010-07-15,15.963505,
2010-07-16,15.503446,
2010-07-19,15.596186,
2010-07-20,15.77424,
2010-07-21,15.572017,
2010-07-22,15.922596,
2010-07-23,16.05348,
2010-07-26,16.233282,
2010-07-27,16.216247,
2010-07-28,16.103999,
2010-07-29,16.037028,
2010-07-30,16.038047,
2010-08-02,16.021155,
2010-08-03,15.944312,
2010-08-04,16.040793,
2010-08-05,16.020445,
2010-08-06,15.961104,
2010-08-09,16.04862,
2010-08-10,15.952852,
2010-08-11,15.50332,
2010-08-12,15.419931,
2010-08-13,15.357888,
2010-08-16,15.359738,
2010-08-17,15.547007,
2010-08-18,15.57006,
2010-08-19,15.306375,
2010-08-20,15.250307,
2010-08-23,15.188692,
2010-08-24,14.968267,
2010-08-25,15.017502,
2010-08-26,14.902096,
2010-08-27,15.149274,
2010-08-30,14.926288,
2010-08-31,14.932122,
2010-09-01,15.03326,
2010-09-02,15.169774,
2010-09-03,15.370304,
2010-09-07,15.193988,
2010-09-08,15.291817,
2010-09-09,15.365712,
2010-09-10,15.44044,
2010-09-13,15.612302,
2010-09-14,15.601169,
2010-09-15,15.656415,
2010-09-16,15.65071,
2010-09-17,15.663651,
2010-09-20,15.901892,
2010-09-21,15.861119,
2010-09-22,15.784582,
2010-09-23,15.653075,
2010-09-24,15.984832,
2010-09-27,15.894239,
2010-09-28,15.971332,
2010-09-29,15.930003,
2010-09-30,15.880879,
2010-10-01,15.554892,
2010-10-04,15.429909,
2010-10-05,15.751798,
2010-10-06,15.741213,
2010-10-07,15.715295,
2010-10-08,15.811508,
2010-10-11,15.813814,
2010-10-12,15.874203,
2010-10-13,15.987244,
2010-10-14,15.929028,
2010-10-15,15.961324,
2010-10-18,16.076943,
2010-10-19,15.821686,
2010-10-20,15.988194,
2010-10-21,16.016556,
2010-10-22,16.054824,
2010-10-25,16.089293,
2010-10-26,16.089565,
2010-10-27,16.046274,
2010-10-28,16.064324,
2010-10-29,16.057267,
2010-11-01,15.682998,
2010-11-02,15.804687,
2010-11-03,15.862817,
2010-11-04,16.168698,
2010-11-05,16.232124,
2010-11-08,16.197696,
2010-11-09,16.067267,
2010-11-10,16.137579,
2010-11-11,16.069121,
2010-11-12,15.879369,
2010-11-15,15.860037,
2010-11-16,15.603019,
2010-11-17,15.606329,
2010-11-18,15.846,
2010-11-19,15.886255,
2010-11-22,15.861228,
2010-11-23,15.634666,
2010-11-24,15.867982,
2010-11-26,15.749471,
2010-11-29,15.727754,
2010-11-30,15.632283,
2010-12-01,15.592372,
2010-12-02,15.792243,
2010-12-03,15.833354,
2010-12-06,15.812799,
2010-12-07,15.820944,
2010-12-08,15.879509,
2010-12-09,15.94053,
2010-12-10,16.036199,
2010-12-13,16.036974,
2010-12-14,16.051583,
2010-12-15,15.96936,
2010-12-16,16.068132,
2010-12-17,16.081578,
2010-12-20,16.122559,
2010-12-21,16.21978,
2010-12-22,16.274596,
2010-12-23,16.247835,
2010-12-27,16.25779,
2010-12-28,16.27033,
2010-12-29,16.286749,
2010-12-30,16.262185,
2010-12-31,16.259082,
2011-01-03,16.167154,
2011-01-04,16.145925,
2011-01-05,16.226771,
2011-01-06,16.192322,
2011-01-07,16.162451,
2011-01-10,16.140206,
2011-01-11,16.20033,
2011-01-12,16.346256,
2011-01-13,16.318292,
2011-01-14,16.438795,
2011-01-18,16.461421,
2011-01-19,16.294903,
2011-01-20,16.273802,
2011-01-21,16.31308,
2011-01-24,16.408287,
2011-01-25,16.41261,
2011-01-26,16.481886,
2011-01-27,16.518877,
2011-01-28,16.223973,
2011-01-31,16.34829,
2011-02-01,16.346918,
2011-02-02,16.302413,
2011-02-03,16.340792,
2011-02-04,16.387923,
2011-02-07,16.490187,
2011-02-08,16.559194,
2011-02-09,16.513064,
2011-02-10,16.525441,
2011-02-11,16.616452,
2011-02-14,16.656081,
2011-02-15,16.6022,
2011-02-16,16.706088,
2011-02-17,16.75747,
2011-02-18,16.789724,
2011-02-22,16.445055,
2011-02-23,16.344543,
2011-02-24,16.328291,
2011-02-25,16.500563,
2011-02-28,16.592324,
2011-03-01,16.066043,
2011-03-02,16.091993,
2011-03-03,16.369081,
2011-03-04,16.248309,
2011-03-07,16.112778,
2011-03-08,16.256548,
2011-03-09,16.234412,
2011-03-10,15.928053,
2011-03-11,16.040832,
2011-03-14,15.943796,
2011-03-15,15.765219,
2011-03-16,15.457877,
2011-03-17,15.664985,
2011-03-18,15.732505,
2011-03-21,15.96827,
2011-03-22,15.911573,
2011-03-23,15.957939,
2011-03-24,16.106998,
2011-03-25,16.157915,
2011-03-28,16.113515,
2011-03-29,16.227278,
2011-03-30,16.335752,
2011-03-31,16.305866,
2011-04-01,16.216601,
2011-04-04,16.2222,100.0
2011-04-05,16.219279,100.192241
2011-04-06,16.254696,99.043097
2011-04-07,16.229989,99.242511
2011-04-08,16.164997,98.585447
2011-04-11,16.119842,97.790658
2011-04-12,15.994483,95.971537
2011-04-13,15.997526,95.383335
2011-04-14,15.998864,95.086365
2011-04-15,16.061666,95.667394
2011-04-18,15.884701,93.846838
2011-04-19,15.975739,94.912774
2011-04-20,16.191651,96.203948
2011-04-21,16.27709,
2011-04-25,16.251166,96.080569
2011-04-26,16.397095,96.327327
2011-04-27,16.499574,95.064846
2011-04-28,16.558237,94.216975
2011-04-29,16.596332,94.876908
2011-05-02,16.396948,93.915701
2011-05-03,16.341538,92.27304
2011-05-04,16.229511,91.265924
2011-05-05,16.082312,90.966085
2011-05-06,16.143746,92.415069
2011-05-09,16.217105,92.70917
2011-05-10,16.348043,93.075003
2011-05-11,16.166392,91.495467
2011-05-12,16.245533,91.821129
2011-05-13,16.114475,90.719327
2011-05-16,16.014495,90.138299
2011-05-17,16.008592,91.347699
2011-05-18,16.149529,90.15408
2011-05-19,16.184702,89.474062
2011-05-20,16.060269,89.804028
2011-05-23,15.868741,89.4425
2011-05-24,15.855612,90.865661
2011-05-25,15.906083,90.938827
2011-05-26,15.968961,91.958855
2011-05-27,16.034129,92.240044
2011-05-30,,91.750832
2011-05-31,16.203975,92.706301
2011-06-01,15.673662,90.971824
2011-06-02,15.654465,92.129576
2011-06-03,15.502087,92.306037
2011-06-06,15.335281,90.479743
2011-06-07,15.320615,90.694939
2011-06-08,15.256469,90.429531
2011-06-09,15.369023,91.055033
2011-06-10,15.154167,89.947492
2011-06-13,15.164301,88.980546
2011-06-14,15.35555,88.777987
2011-06-15,15.087875,87.920249
2011-06-16,15.114344,86.888395
2011-06-17,15.160367,87.143861
2011-06-20,15.24216,87.297997
2011-06-21,15.446763,87.663356
2011-06-22,15.346846,87.335104
2011-06-23,15.303446,
2011-06-24,15.124001,87.082492
2011-06-27,15.262907,87.367929
2011-06-28,15.460475,88.917851
2011-06-29,15.58853,88.962093
2011-06-30,15.746274,89.061996
2011-07-01,15.778149,90.474909
2011-07-04,,91.184219
2011-07-05,15.757067,89.968258
2011-07-06,15.772848,89.291773
2011-07-07,15.937735,88.780841
2011-07-08,15.826791,87.790375
2011-07-11,15.540476,85.950735
2011-07-12,15.471577,85.210026
2011-07-13,15.519629,86.587259
2011-07-14,15.415397,85.17292
2011-07-15,15.501021,84.886056
2011-07-18,15.374999,83.972658
2011-07-19,15.625746,84.320891
2011-07-20,15.615263,84.375124
2011-07-21,15.826791,86.006395
2011-07-22,15.841159,86.016385
2011-07-25,15.751767,85.589657
2011-07-26,15.687107,84.689104
2011-07-27,15.368522,83.187707
2011-07-28,15.318821,83.787124
2011-07-29,15.220007,83.95125
2011-08-01,14.974285,83.541648
2011-08-02,14.591592,81.793348
2011-08-03,14.664779,79.946572
2011-08-04,13.963502,75.371019
2011-08-05,13.955475,75.567971
2011-08-08,13.025559,69.458196
2011-08-09,13.64306,73.001894
2011-08-10,13.040686,73.350127
2011-08-11,13.644339,76.130281
2011-08-12,13.716131,76.315815
2011-08-15,14.014932,77.998465
2011-08-16,13.878447,77.530349
2011-08-17,13.891595,78.59931
2011-08-18,13.272118,75.832
2011-08-19,13.072917,74.852951
2011-08-22,13.07629,74.841534
2011-08-23,13.524609,76.763951
2011-08-24,13.702051,76.776796
2011-08-25,13.488772,75.573679
2011-08-26,13.692744,76.141699
2011-08-29,14.079975,78.296747
2011-08-30,14.113021,79.044591
2011-08-31,14.182485,80.628766
2011-09-01,13.847092,82.945085
2011-09-02,13.49701,80.681571
2011-09-05,,78.492271
2011-09-06,13.396643,80.78861
2011-09-07,13.780409,
2011-09-08,13.634169,82.240056
2011-09-09,13.270062,79.605475
2011-09-12,13.362497,79.472746
2011-09-13,13.484364,79.271513
2011-09-14,13.666131,80.330484
2011-09-15,13.901012,80.466067
2011-09-16,13.98034,81.649202
2011-09-19,13.843297,81.496493
2011-09-20,13.820303,80.463212
2011-09-21,13.414118,79.89662
2011-09-22,12.986434,76.040369
2011-09-23,13.065418,75.969009
2011-09-26,13.370314,76.708291
2011-09-27,13.513221,76.953766
2011-09-28,13.233618,76.026097
2011-09-29,13.340998,76.190223
2011-09-30,13.007818,74.675981
2011-10-03,12.639186,72.489535
2011-10-04,12.923421,72.338253
2011-10-05,13.154306,72.806369
2011-10-06,13.395078,74.627456
2011-10-07,13.28573,73.134622
2011-10-10,13.739106,76.030378
2011-10-11,13.74658,76.836737
2011-10-12,13.881223,
2011-10-13,13.839945,77.925679
2011-10-14,14.080487,78.537941
2011-10-17,13.80775,76.940922
2011-10-18,14.089686,78.540795
2011-10-19,13.911464,78.446601
2011-10-20,13.974819,77.082213
2011-10-21,14.237668,78.859057
2011-10-24,14.420949,81.195358
2011-10-25,14.131885,80.330484
2011-10-26,14.280786,81.555008
2011-10-27,14.770495,84.589201
2011-10-28,14.776244,84.936007
2011-10-31,14.410717,83.259066
2011-11-01,14.00966,81.810474
2011-11-02,14.235281,
2011-11-03,14.502645,83.056406
2011-11-04,14.411568,83.732891
2011-11-07,14.5023,84.487871
2011-11-08,14.672494,84.240968
2011-11-09,14.134084,82.134445
2011-11-10,14.255979,81.809047
2011-11-11,14.533693,83.557347
2011-11-14,14.394895,83.144891
2011-11-15,14.464237,
2011-11-16,14.223896,83.575901
2011-11-17,13.984936,81.333794
2011-11-18,13.979416,80.965581
2011-11-21,13.718721,80.329057
2011-11-22,13.661914,79.748193
2011-11-23,13.360051,78.455164
2011-11-24,,78.894737
2011-11-25,13.324173,78.343844
2011-11-28,13.713777,79.946572
2011-11-29,13.744135,78.923281
2011-11-30,14.339466,81.171095
2011-12-01,14.313743,82.980765
2011-12-02,14.310294,82.613979
2011-12-05,14.457504,84.075415
2011-12-06,14.47349,84.968832
2011-12-07,14.502703,83.722901
2011-12-08,14.196089,81.998862
2011-12-09,14.435767,83.113493
2011-12-12,14.220471,81.844726
2011-12-13,14.096952,82.05595
2011-12-14,13.936975,80.845698
2011-12-15,13.982174,80.394707
2011-12-16,14.027142,80.060746
2011-12-19,13.862564,78.920426
2011-12-20,14.276021,81.156824
2011-12-21,14.303852,80.854261
2011-12-22,14.422082,81.846154
2011-12-23,14.552386,82.34995
2011-12-26,,82.30428
2011-12-27,14.553537,82.783814
2011-12-28,14.371938,80.684426
2011-12-29,14.52582,80.998406
2011-12-30,14.463484,
2012-01-03,14.598309,84.582065
2012-01-04,14.601052,84.724784
2012-01-05,14.644034,83.55592
2012-01-06,14.606882,83.632988
2012-01-09,14.639917,84.322318
2012-01-10,14.770004,85.354172
2012-01-11,14.774577,85.576813
2012-01-12,14.809099,85.518298
2012-01-13,14.735825,84.413658
2012-01-16,,85.56825
2012-01-17,14.788181,86.553007
2012-01-18,14.952447,88.090084
2012-01-19,15.026292,88.38123
2012-01-20,15.036351,88.930695
2012-01-23,15.043439,89.036307
2012-01-24,15.028007,89.179025
2012-01-25,15.158437,
2012-01-26,15.071217,89.84552
2012-01-27,15.04721,89.775588
2012-01-30,15.009259,89.584346
2012-01-31,15.002401,90.015355
2012-02-01,15.044767,92.148996
2012-02-02,15.061243,92.186102
2012-02-03,15.281218,93.076665
2012-02-06,15.274741,93.086656
2012-02-07,15.305648,94.075694
2012-02-08,15.338711,93.952956
2012-02-09,15.361322,93.523374
2012-02-10,15.255539,91.336928
2012-02-13,15.359278,93.754578
2012-02-14,15.344847,92.822626
2012-02-15,15.262243,93.29217
2012-02-16,15.43052,94.396811
2012-02-17,15.466765,94.485296
2012-02-21,15.4779,
2012-02-22,15.426202,
2012-02-23,15.492103,93.937257
2012-02-24,15.518009,94.112801
2012-02-27,15.539029,93.110918
2012-02-28,15.591183,94.135636
2012-02-29,15.517328,93.92584
2012-03-01,15.519426,95.350169
2012-03-02,15.469054,96.737392
2012-03-05,15.409193,95.569956
2012-03-06,15.172351,92.929665
2012-03-07,15.27705,94.218412
2012-03-08,15.427039,95.490034
2012-03-09,15.483058,95.198888
2012-03-12,15.485543,94.743616
2012-03-13,15.76632,97.610829
2012-03-14,15.747459,97.415305
2012-03-15,15.841427,96.690295
2012-03-16,15.85916,96.597528
2012-03-19,15.922182,96.663179
2012-03-20,15.874407,96.043781
2012-03-21,15.844703,95.421529
2012-03-22,15.730518,93.948675
2012-03-23,15.779422,93.927267
2012-03-26,15.998532,95.171771
2012-03-27,15.953468,94.246956
2012-03-28,15.874633,92.879714
2012-03-29,15.849108,92.584287
2012-03-30,15.907725,92.069073
2012-04-02,16.064604,86.526198
2012-04-03,16.000528,85.289655
2012-04-04,15.837283,84.287949
2012-04-05,15.82732,84.502884
2012-04-09,15.647547,83.48393
2012-04-10,15.380264,81.911715
2012-04-11,15.49483,81.321306
2012-04-12,15.708339,83.663043
2012-04-13,15.512377,82.399964
2012-04-16,15.504565,82.199623
2012-04-17,15.74468,83.186735
2012-04-18,15.68083,83.599358
2012-04-19,15.587774,83.079267
2012-04-20,15.606,82.914748
2012-04-23,15.474792,81.64769
2012-04-24,15.531736,82.220851
2012-04-25,15.74366,81.927637
2012-04-26,15.84883,82.522027
2012-04-27,15.887094,81.849358
2012-04-30,15.825397,82.02051
2012-05-01,15.952265,
2012-05-02,15.912437,82.821875
2012-05-03,15.790566,82.397311
2012-05-04,15.535592,80.695073
2012-05-07,15.541039,81.224452
2012-05-08,15.474544,80.090069
2012-05-09,15.370829,79.321873
2012-05-10,15.409524,79.210425
2012-05-11,15.357327,78.869447
2012-05-14,15.186663,76.341963
2012-05-15,15.099403,74.614517
2012-05-16,15.032908,74.15015
2012-05-17,14.806642,71.695638
2012-05-18,14.697254,72.32585
2012-05-21,14.932937,75.081538
2012-05-22,14.9402,73.023728
2012-05-23,14.965504,72.466487
2012-05-24,14.986157,71.728807
2012-05-25,14.953702,72.259512
2012-05-28,,73.254585
2012-05-29,15.119374,72.485062
2012-05-30,14.90264,71.377214
2012-05-31,14.868711,72.295335
2012-06-01,14.536397,70.853143
2012-06-04,14.53799,70.871718
2012-06-05,14.621247,69.629867
2012-06-06,14.958258,71.852196
2012-06-07,14.956665,
2012-06-08,15.078026,72.215729
2012-06-11,14.887739,71.646547
2012-06-12,15.061193,73.036995
2012-06-13,14.955414,73.835707
2012-06-14,15.117152,72.595452
2012-06-15,15.27343,73.583029
2012-06-18,15.295496,73.701067
2012-06-19,15.445632,75.01259
2012-06-20,15.419585,74.975867
2012-06-21,15.076319,72.796115
2012-06-22,15.184486,72.710866
2012-06-25,14.94222,70.566525
2012-06-26,15.013535,70.608494
2012-06-27,15.14843,69.653705
2012-06-28,15.11647,69.054339
2012-06-29,15.493176,71.287863
2012-07-02,15.615347,71.731158
2012-07-03,15.712663,73.156784
2012-07-04,,73.546307
2012-07-05,15.639018,73.942387
2012-07-06,15.4915,72.650536
2012-07-09,15.466112,
2012-07-10,15.340436,70.436684
2012-07-11,15.340207,70.257006
2012-07-12,15.263704,70.0629
2012-07-13,15.515515,71.256387
2012-07-16,15.479607,70.037981
2012-07-17,15.594306,70.702924
2012-07-18,15.698483,71.586891
2012-07-19,15.741138,72.588895
2012-07-20,15.582756,71.078019
2012-07-23,15.443928,69.555341
2012-07-24,15.3043,69.037289
2012-07-25,15.299497,68.996632
2012-07-26,15.552566,70.826207
2012-07-27,15.849317,74.170592
2012-07-30,15.841656,75.07292
2012-07-31,15.773271,73.572537
2012-08-01,15.813122,72.950875
2012-08-02,15.694466,72.815788
2012-08-03,15.993293,75.091282
2012-08-06,16.030546,76.520842
2012-08-07,16.11241,75.709009
2012-08-08,16.122413,77.315625
2012-08-09,16.129082,77.113651
2012-08-10,16.16438,77.748428
2012-08-13,16.144144,77.541208
2012-08-14,16.142075,76.177223
2012-08-15,16.160471,76.316245
2012-08-16,16.275219,77.96483
2012-08-17,16.305688,77.487435
2012-08-20,16.305343,77.751051
2012-08-21,16.248314,77.272345
2012-08-22,16.251993,77.879581
2012-08-23,16.120803,76.739867
2012-08-24,16.224858,76.627076
2012-08-27,16.216924,76.213946
2012-08-28,16.203818,76.600845
2012-08-29,16.2175,75.240795
2012-08-30,16.090909,75.092593
2012-08-31,16.172543,74.836846
2012-09-03,,75.125381
2012-09-04,16.24208,73.752216
2012-09-05,16.224739,74.578476
2012-09-06,16.556301,76.489366
2012-09-07,16.623353,
2012-09-10,16.521156,76.598222
2012-09-11,16.572949,77.934665
2012-09-12,16.607631,78.589115
2012-09-13,16.878497,81.259377
2012-09-14,16.945318,81.452171
2012-09-17,16.892369,81.060025
2012-09-18,16.870751,81.057402
2012-09-19,16.890752,80.858051
2012-09-20,16.881619,80.905265
2012-09-21,16.880347,80.422625
2012-09-24,16.842659,81.196424
2012-09-25,16.66578,79.348487
2012-09-26,16.570173,79.318322
2012-09-27,16.730058,79.006179
2012-09-28,16.655145,77.610718
2012-10-01,16.698663,78.12877
2012-10-02,16.713229,77.671048
2012-10-03,16.773804,76.890692
2012-10-04,16.894147,76.669044
2012-10-05,16.888714,76.818558
2012-10-08,16.830334,77.795643
2012-10-09,16.663866,77.299887
2012-10-10,16.56075,76.666421
2012-10-11,16.563986,77.592357
2012-10-12,16.514855,
2012-10-15,16.64826,78.169427
2012-10-16,16.819237,78.355664
2012-10-17,16.888483,78.805516
2012-10-18,16.847212,78.342548
2012-10-19,16.568031,77.277591
2012-10-22,16.575314,76.986433
2012-10-23,16.335902,75.661794
2012-10-24,16.2855,74.967998
2012-10-25,16.334284,75.854588
2012-10-26,16.322376,75.120135
2012-10-29,,74.988983
2012-10-30,,75.653925
2012-10-31,16.32492,74.846027
2012-11-01,16.502658,76.57068
2012-11-02,16.347872,
2012-11-05,16.383246,76.343787
2012-11-06,16.511907,77.981879
2012-11-07,16.120492,76.746424
2012-11-08,15.923744,75.444081
2012-11-09,15.950793,75.226368
2012-11-12,15.952875,74.840781
2012-11-13,15.889296,75.394243
2012-11-14,15.669197,73.811235
2012-11-15,15.644227,
2012-11-16,15.719945,72.661028
2012-11-19,16.032175,74.036817
2012-11-20,16.04281,
2012-11-21,16.080033,73.762708
2012-11-22,,74.018455
2012-11-23,16.289496,75.509658
2012-11-26,16.256435,74.411912
2012-11-27,16.17147,73.770577
2012-11-28,16.298513,74.152231
2012-11-29,16.368102,75.875573
2012-11-30,16.370762,75.379817
2012-12-03,16.292451,76.333294
2012-12-04,16.264594,75.495231
2012-12-05,16.290371,75.647368
2012-12-06,16.344237,75.617202
2012-12-07,16.391977,76.707079
2012-12-10,16.397527,77.705148
2012-12-11,16.504912,78.196969
2012-12-12,16.51231,78.001552
2012-12-13,16.407929,77.795643
2012-12-14,16.340076,78.173362
2012-12-17,16.534042,78.123524
2012-12-18,16.723963,79.296026
2012-12-19,16.597041,80.000314
2012-12-20,16.688128,80.364918
2012-12-21,16.531615,80.012118
2012-12-24,16.491273,
2012-12-26,16.412322,79.950476
2012-12-27,16.392324,79.237008
2012-12-28,16.21119,79.939984
2012-12-31,16.485839,
2013-01-02,16.827478,82.035799
2013-01-03,16.792383,83.03518
2013-01-04,16.874079,82.000388
2013-01-07,16.821379,81.226589
2013-01-08,16.766838,80.170812
2013-01-09,16.811369,80.762309
2013-01-10,16.939092,80.89215
2013-01-11,16.938287,80.654764
2013-01-14,16.922523,81.420694
2013-01-15,16.941623,80.957726
2013-01-16,16.94496,81.035106
2013-01-17,17.040579,81.568896
2013-01-18,17.098573,81.256754
2013-01-21,,81.183308
2013-01-22,17.174287,80.910512
2013-01-23,17.200177,81.269869
2013-01-24,17.200291,80.225896
2013-01-25,17.293955,
2013-01-28,17.261967,78.726825
2013-01-29,17.350107,79.223892
2013-01-30,17.282448,77.821874
2013-01-31,17.238148,78.37796
2013-02-01,17.332328,79.151758
2013-02-04,17.132335,78.135328
2013-02-05,17.310794,77.963518
2013-02-06,17.320301,77.315625
2013-02-07,17.289031,76.556253
2013-02-08,17.386851,76.721505
2013-02-11,17.376313,
2013-02-12,17.404033,
2013-02-13,17.41434,76.600845
2013-02-14,17.426368,76.169354
2013-02-15,17.408156,75.941149
2013-02-18,,75.562118
2013-02-19,17.53587,75.168661
2013-02-20,17.318353,73.678771
2013-02-21,17.209195,73.648606
2013-02-22,17.360162,74.359451
2013-02-25,17.042304,74.255841
2013-02-26,17.146424,74.689955
2013-02-27,17.364629,75.1162
2013-02-28,17.349625,75.312929
2013-03-01,17.311288,74.604706
2013-03-04,17.391105,74.09977
2013-03-05,17.557469,73.381055
2013-03-06,17.57651,75.989675
2013-03-07,17.608438,77.179227
2013-03-08,17.687344,76.636256
2013-03-11,17.744812,76.783147
2013-03-12,17.702166,76.342475
2013-03-13,17.725428,75.263091
2013-03-14,17.824743,75.125381
2013-03-15,17.795895,74.585033
2013-03-18,17.697833,74.721432
2013-03-19,17.65496,73.918779
2013-03-20,17.773204,73.484665
2013-03-21,17.625998,72.890545
2013-03-22,17.752452,72.452496
2013-03-25,17.693158,71.967232
2013-03-26,17.830901,73.013828
2013-03-27,17.82041,73.489911
2013-03-28,17.892702,73.906976
2013-04-01,17.595307,73.31679
2013-04-02,17.686315,113.07264
2013-04-03,17.499793,114.461096
2013-04-04,17.57064,112.576174
2013-04-05,17.495176,113.406364
2013-04-08,17.605443,113.490825
2013-04-09,17.667843,115.180044
2013-04-10,17.883199,115.746551
2013-04-11,17.946724,114.127372
2013-04-12,17.895814,113.225082
2013-04-15,17.484813,109.078254
2013-04-16,17.734972,111.222739
2013-04-17,17.480871,108.938172
2013-04-18,17.363732,109.523219
2013-04-19,17.517364,111.095017
2013-04-22,17.599024,111.855166
2013-04-23,17.782392,113.0644
2013-04-24,17.782505,113.268342
2013-04-25,17.854252,113.225082
2013-04-26,17.821363,111.760405
2013-04-29,17.949427,113.06852
2013-04-30,17.99403,115.175924
2013-05-01,17.611646,
2013-05-02,17.777336,113.96463
2013-05-03,17.964615,114.306594
2013-05-06,17.998887,114.187113
2013-05-07,18.093026,115.927833
2013-05-08,18.167915,114.959622
2013-05-09,18.100928,114.224193
2013-05-10,18.179154,113.523785
2013-05-13,18.179933,112.164169
2013-05-14,18.364317,112.615315
2013-05-15,18.458235,113.169461
2013-05-16,18.365764,112.833677
2013-05-17,18.554933,113.639146
2013-05-20,18.541803,114.745379
2013-05-21,18.573739,115.907233
2013-05-22,18.420066,116.245076
2013-05-23,18.366209,116.082335
2013-05-24,18.356083,116.197696
2013-05-27,,116.177096
2013-05-28,18.472478,115.435487
2013-05-29,18.342285,112.549394
2013-05-30,18.409607,
2013-05-31,18.146217,110.223627
2013-06-03,18.036504,111.125918
2013-06-04,17.937108,111.278359
2013-06-05,17.68994,108.76719
2013-06-06,17.840133,108.944352
2013-06-07,18.069049,106.336362
2013-06-10,18.062782,105.714235
2013-06-11,17.879384,102.527379
2013-06-12,17.729742,101.314025
2013-06-13,17.991864,103.856094
2013-06-14,17.885981,103.398979
2013-06-17,18.021331,102.889656
2013-06-18,18.161738,103.677745
2013-06-19,17.910171,100.382861
2013-06-20,17.462231,101.055672
2013-06-21,17.508852,98.628524
2013-06-24,17.296206,96.341808
2013-06-25,17.460473,98.286879
2013-06-26,17.627928,98.871658
2013-06-27,17.737218,99.787602
2013-06-28,17.661133,99.469013
2013-07-01,17.536757,98.993225
2013-07-02,17.527201,94.799166
2013-07-03,17.541644,94.411409
2013-07-04,,95.91842
2013-07-05,17.7206,94.759342
2013-07-08,17.81366,94.47848
2013-07-09,17.942447,
2013-07-10,17.945705,95.331545
2013-07-11,18.188946,97.727252
2013-07-12,18.245086,95.436344
2013-07-15,18.27017,97.964098
2013-07-16,18.202411,98.236576
2013-07-17,18.252905,99.364214
2013-07-18,18.344771,99.88821
2013-07-19,18.374307,99.349542
2013-07-22,18.411663,101.810225
2013-07-23,18.377566,102.325837
2013-07-24,18.307525,101.391029
2013-07-25,18.354327,102.843544
2013-07-26,18.36953,103.587618
2013-07-29,18.300901,103.147461
2013-07-30,18.307742,101.785073
2013-07-31,18.305245,101.097591
2013-08-01,18.308163,102.998647
2013-08-02,18.338196,101.600627
2013-08-05,18.311059,101.52098
2013-08-06,18.206264,99.395654
2013-08-07,18.136973,99.448053
2013-08-08,18.207444,102.554299
2013-08-09,18.142444,104.537097
2013-08-12,18.121527,105.425794
2013-08-13,18.171833,106.05878
2013-08-14,18.077765,106.677095
2013-08-15,17.819585,106.702247
2013-08-16,17.760699,108.024811
2013-08-19,17.655905,108.098171
2013-08-20,17.723372,105.861758
2013-08-21,17.620938,105.647968
2013-08-22,17.772819,107.729278
2013-08-23,17.842969,109.403967
2013-08-26,17.77089,107.794253
2013-08-27,17.488791,104.991926
2013-08-28,17.536844,104.52033
2013-08-29,17.571276,104.635609
2013-08-30,17.515499,104.815863
2013-09-02,,108.645222
2013-09-03,17.375967,108.207162
2013-09-04,17.517007,108.3958
2013-09-05,17.5382,109.728845
2013-09-06,17.539155,112.656931
2013-09-09,17.714422,113.71121
2013-09-10,17.844548,113.139007
2013-09-11,17.899015,112.281751
2013-09-12,17.838508,111.730507
2013-09-13,17.886934,112.759634
2013-09-16,17.988767,112.809938
2013-09-17,18.064639,113.751034
2013-09-18,18.284625,116.75248
2013-09-19,18.250927,115.480219
2013-09-20,18.119212,113.413581
2013-09-23,18.033697,114.444804
2013-09-24,17.986861,114.086391
2013-09-25,17.937586,113.730074
2013-09-26,18.000106,112.728195
2013-09-27,17.926778,112.635972
2013-09-30,17.818693,109.699501
2013-10-01,17.598809,111.462222
2013-10-02,17.587077,111.296639
2013-10-03,17.429155,110.01809
2013-10-04,17.552087,110.770548
2013-10-07,17.402783,109.865083
2013-10-08,17.18817,109.645005
2013-10-09,17.198034,110.139657
2013-10-10,17.573476,111.080753
2013-10-11,17.683948,111.401438
2013-10-14,17.756005,113.541436
2013-10-15,17.630581,115.239181
2013-10-16,17.874369,117.318395
2013-10-17,17.994913,116.029366
2013-10-18,18.112757,116.071286
2013-10-21,18.114419,117.536377
2013-10-22,18.21835,118.339138
2013-10-23,18.132277,116.201237
2013-10-24,18.191354,115.021199
2013-10-25,18.271302,113.505804
2013-10-28,18.295598,115.432011
2013-10-29,18.397764,114.312757
2013-10-30,18.308058,113.545628
2013-10-31,18.237766,113.719594
2013-11-01,17.928962,113.210271
2013-11-04,17.992978,114.098967
2013-11-05,17.942497,112.830898
2013-11-06,18.019032,111.893994
2013-11-07,17.781491,110.544182
2013-11-08,18.020253,109.512959
2013-11-11,18.03328,110.298952
2013-11-12,17.990534,108.580247
2013-11-13,18.136174,109.473135
2013-11-14,18.223903,112.034425
2013-11-15,18.300845,
2013-11-18,18.233165,113.826489
2013-11-19,18.195915,111.156208
2013-11-20,18.129762,
2013-11-21,18.277131,110.433095
2013-11-22,18.367812,110.669941
2013-11-25,18.344607,109.544398
2013-11-26,18.347356,107.831981
2013-11-27,18.39295,108.699718
2013-11-28,,108.670374
2013-11-29,18.378499,110.001322
2013-12-02,17.973054,107.408593
2013-12-03,17.915669,105.530593
2013-12-04,17.892316,105.251827
2013-12-05,17.814671,106.450729
2013-12-06,18.01487,106.777702
2013-12-09,18.047605,107.240914
2013-12-10,17.99022,106.880405
2013-12-11,17.786626,104.941622
2013-12-12,17.719561,105.054805
2013-12-13,17.717764,104.90599
2013-12-16,17.829741,105.38597
2013-12-17,17.774451,104.987734
2013-12-18,18.07036,105.979133
2013-12-19,18.05988,106.515704
2013-12-20,18.146906,107.28493
2013-12-23,18.243413,107.641247
2013-12-24,18.296606,
2013-12-26,18.383433,107.358289
2013-12-27,18.377246,107.454704
2013-12-30,18.373952,107.95774
2013-12-31,18.446706,
2014-01-02,18.243784,105.513825
2014-01-03,18.237709,106.855253
2014-01-06,18.191901,106.840582
2014-01-07,18.302539,105.700367
2014-01-08,18.298656,106.008477
2014-01-09,18.305029,103.378019
2014-01-10,18.347253,104.161917
2014-01-13,18.116514,103.598098
2014-01-14,18.312498,104.176589
2014-01-15,18.407104,105.019173
2014-01-16,18.382307,104.161917
2014-01-17,18.310705,103.084582
2014-01-20,,102.091087
2014-01-21,18.361494,101.743154
2014-01-22,18.37205,103.331908
2014-01-23,18.20873,101.279942
2014-01-24,17.828614,100.160687
2014-01-27,17.741677,99.980433
2014-01-28,17.850622,100.27387
2014-01-29,17.668381,99.678611
2014-01-30,17.867452,99.022569
2014-01-31,17.751933,99.850482
2014-02-03,17.309275,96.725373
2014-02-04,17.441536,98.435694
2014-02-05,17.406161,97.72306
2014-02-06,17.62269,100.057984
2014-02-07,17.857105,100.762234
2014-02-10,17.885127,100.001393
2014-02-11,18.082974,101.577571
2014-02-12,18.078105,101.061959
2014-02-13,18.18314,100.215183
2014-02-14,18.270586,101.028424
2014-02-17,,99.718435
2014-02-18,18.291752,97.672757
2014-02-19,18.172408,98.827643
2014-02-20,18.282014,99.116888
2014-02-21,18.246936,99.307623
2014-02-24,18.359821,99.33487
2014-02-25,18.335078,97.915891
2014-02-26,18.335476,97.670661
2014-02-27,18.426201,99.783411
2014-02-28,18.477476,98.708172
2014-03-03,18.301735,
2014-03-04,18.58116,
2014-03-05,18.580169,97.649701
2014-03-06,18.612097,98.706076
2014-03-07,18.622112,96.926587
2014-03-10,18.613486,95.436344
2014-03-11,18.518889,95.782181
2014-03-12,18.524541,96.125922
2014-03-13,18.307783,95.249802
2014-03-14,18.256123,94.247922
2014-03-17,18.431631,94.566512
2014-03-18,18.5647,96.729565
2014-03-19,18.450868,97.603589
2014-03-20,18.56232,99.093832
2014-03-21,18.507883,99.309719
2014-03-24,18.417848,100.59246
2014-03-25,18.498959,100.984408
2014-03-26,18.36946,100.535868
2014-03-27,18.334557,104.059214
2014-03-28,18.419633,104.312827
2014-03-31,18.565592,105.668928
2014-04-01,18.55705,105.36501
2014-04-02,18.61,99.080803
2014-04-03,18.589036,98.519292
2014-04-04,18.35598,97.894539
2014-04-07,18.158651,99.950857
2014-04-08,18.226756,98.94282
2014-04-09,18.42576,98.09193
2014-04-10,18.040942,97.980778
2014-04-11,17.869791,99.398928
2014-04-14,18.016633,98.879579
2014-04-15,18.138377,96.691028
2014-04-16,18.328621,98.122593
2014-04-17,18.353618,99.868451
2014-04-21,18.422905,
2014-04-22,18.498295,99.609734
2014-04-23,18.457352,98.829752
2014-04-24,18.489043,99.303107
2014-04-25,18.339348,98.502044
2014-04-28,18.398695,98.473298
2014-04-29,18.486287,99.345269
2014-04-30,18.541598,98.937071
2014-05-01,18.401902,
2014-05-02,18.377088,101.531903
2014-05-05,18.411476,102.424955
2014-05-06,18.245986,103.065039
2014-05-07,18.348464,103.588221
2014-05-08,18.32326,102.378961
2014-05-09,18.351102,101.761873
2014-05-12,18.528607,103.588221
2014-05-13,18.536422,103.308424
2014-05-14,18.449282,104.278132
2014-05-15,18.276564,103.210687
2014-05-16,18.345045,103.440657
2014-05-19,18.415578,102.246728
2014-05-20,18.295906,100.355222
2014-05-21,18.444398,100.042845
2014-05-22,18.487968,101.198446
2014-05-23,18.566512,100.853491
2014-05-26,,101.439915
2014-05-27,18.677684,99.983436
2014-05-28,18.656876,100.88032
2014-05-29,18.75701,100.111836
2014-05-30,18.791592,98.195417
2014-06-02,18.667281,98.898743
2014-06-03,18.660202,99.715137
2014-06-04,18.6955,99.33377
2014-06-05,18.817494,98.808671
2014-06-06,18.904577,101.81745
2014-06-09,18.922324,104.009833
2014-06-10,18.917669,104.644168
2014-06-11,18.850757,105.598545
2014-06-12,18.717126,
2014-06-13,18.775796,105.033201
2014-06-16,18.791505,104.693995
2014-06-17,18.832331,104.061577
2014-06-18,18.977696,105.792104
2014-06-19,19.001939,
2014-06-20,19.034814,104.709327
2014-06-23,19.032292,103.889099
2014-06-24,18.909814,104.025165
2014-06-25,19.002425,102.386626
2014-06-26,18.980023,102.53994
2014-06-27,19.016291,101.871109
2014-06-30,19.009212,101.89219
2014-07-01,18.962075,101.897939
2014-07-02,18.974568,101.625808
2014-07-03,19.078539,103.247099
2014-07-04,,103.592054
2014-07-07,19.003684,103.1072
2014-07-08,18.869731,102.787158
2014-07-09,18.957367,
2014-07-10,18.879052,104.623088
2014-07-11,18.906822,104.992957
2014-07-14,18.998398,106.828887
2014-07-15,18.961692,107.269663
2014-07-16,19.041351,106.777143
2014-07-17,18.816015,106.625746
2014-07-18,19.009161,109.260823
2014-07-21,18.965054,110.450919
2014-07-22,19.060186,111.11975
2014-07-23,19.093626,110.040806
2014-07-24,19.102947,111.110168
2014-07-25,19.010314,110.80929
2014-07-28,19.015791,110.569737
2014-07-29,18.929692,109.463963
2014-07-30,18.930845,109.002106
2014-07-31,18.552243,106.991782
2014-08-01,18.332434,107.133597
2014-08-04,18.464227,108.500004
2014-08-05,18.285392,107.706607
2014-08-06,18.285678,108.252786
2014-08-07,18.184071,107.679777
2014-08-08,18.393759,106.501179
2014-08-11,18.444515,108.494255
2014-08-12,18.414328,108.166547
2014-08-13,18.537836,106.51651
2014-08-14,18.618398,106.897878
2014-08-15,18.617256,109.166918
2014-08-18,18.776092,110.311021
2014-08-19,18.869985,112.012801
2014-08-20,18.916741,112.834945
2014-08-21,18.972543,113.053417
2014-08-22,18.934739,111.932312
2014-08-25,19.025394,114.477317
2014-08-26,19.045391,114.642129
2014-08-27,19.046343,116.807683
2014-08-28,19.014157,115.542846
2014-08-29,19.077292,117.453516
2014-09-01,,117.171802
2014-09-02,18.896565,118.618699
2014-09-03,18.881842,118.50563
2014-09-04,18.852869,116.518303
2014-09-05,18.94781,116.290249
2014-09-08,18.889581,113.438617
2014-09-09,18.765949,112.447828
2014-09-10,18.834371,111.533696
2014-09-11,18.850981,111.798162
2014-09-12,18.738581,109.097927
2014-09-15,18.725274,111.054591
2014-09-16,18.865421,113.289137
2014-09-17,18.889864,113.275722
2014-09-18,18.982257,111.86907
2014-09-19,18.973198,110.747964
2014-09-22,18.821159,108.887121
2014-09-23,18.712439,108.356273
2014-09-24,18.859004,108.89862
2014-09-25,18.554077,107.246666
2014-09-26,18.713193,109.64219
2014-09-29,18.665535,104.684413
2014-09-30,18.613534,103.708956
2014-10-01,18.580276,101.2981
2014-10-02,18.580371,102.564853
2014-10-03,18.787831,104.521517
2014-10-06,18.758425,109.458214
2014-10-07,18.474684,110.071468
2014-10-08,18.797282,109.347062
2014-10-09,18.408904,109.74951
2014-10-10,18.198103,106.000993
2014-10-13,17.898418,111.069923
2014-10-14,17.926677,111.181075
2014-10-15,17.781466,107.578207
2014-10-16,17.784044,104.057744
2014-10-17,18.013175,106.790558
2014-10-20,18.177863,104.067326
2014-10-21,18.533686,100.481705
2014-10-22,18.398402,100.44146
2014-10-23,18.624765,97.18738
2014-10-24,18.756134,99.540743
2014-10-27,18.72797,96.786849
2014-10-28,18.951565,100.28623
2014-10-29,18.92531,97.831297
2014-10-30,19.043217,100.299645
2014-10-31,19.26662,104.692079
2014-11-03,19.490728,103.385081
2014-11-04,19.435572,104.222556
2014-11-05,19.546364,102.907892
2014-11-06,19.620162,100.874571
2014-11-07,19.627021,101.997593
2014-11-10,19.688261,101.043216
2014-11-11,19.701977,100.562195
2014-11-12,19.688164,101.529987
2014-11-13,19.698596,99.358683
2014-11-14,19.703329,99.216868
2014-11-17,19.717818,98.229912
2014-11-18,19.819049,99.77263
2014-11-19,19.789297,102.342549
2014-11-20,19.828225,
2014-11-21,19.932063,107.480469
2014-11-24,19.989148,106.183053
2014-11-25,19.96616,106.478182
2014-11-26,20.022185,105.59088
2014-11-27,,104.868389
2014-11-28,19.97128,104.759153
2014-12-01,20.070765,100.182744
2014-12-02,20.198906,98.910241
2014-12-03,20.274949,100.267066
2014-12-04,20.251392,98.555704
2014-12-05,20.285115,99.638481
2014-12-08,20.137915,96.346072
2014-12-09,20.133125,96.190842
2014-12-10,19.803929,94.954752
2014-12-11,19.893754,95.554591
2014-12-12,19.571205,91.991967
2014-12-15,19.447073,90.108127
2014-12-16,19.281986,90.087046
2014-12-17,19.674421,93.356458
2014-12-18,20.146906,92.938678
2014-12-19,20.238979,95.152143
2014-12-22,20.316099,96.05286
2014-12-23,20.351578,97.526586
2014-12-24,20.348743,
2014-12-26,20.416089,96.098854
2014-12-29,20.433683,96.959326
2014-12-30,20.33379,95.834388
2014-12-31,20.124132,
2015-01-02,20.319873,92.969341
2015-01-05,19.948464,91.062504
2015-01-06,19.771053,91.990051
2015-01-07,20.000988,94.791856
2015-01-08,20.358771,95.711737
2015-01-09,20.18768,93.597927
2015-01-12,20.024287,92.256433
2015-01-13,19.972653,92.068624
2015-01-14,19.856551,91.309722
2015-01-15,19.67292,92.037961
2015-01-16,19.937013,93.937133
2015-01-19,,91.524361
2015-01-20,19.967914,91.752415
2015-01-21,20.062395,94.333832
2015-01-22,20.368742,94.753527
2015-01-23,20.256887,93.473359
2015-01-26,20.308916,93.093908
2015-01-27,20.037023,93.120738
2015-01-28,19.766611,91.403626
2015-01-29,19.955079,91.532026
2015-01-30,19.695824,89.895404
2015-02-02,20.154084,91.319304
2015-02-03,20.445099,93.835563
2015-02-04,20.360128,94.481396
2015-02-05,20.569662,94.352996
2015-02-06,20.499351,93.505938
2015-02-09,20.412287,94.638542
2015-02-10,20.630199,92.965508
2015-02-11,20.6296,92.448075
2015-02-12,20.828563,94.926005
2015-02-13,20.913434,97.039816
2015-02-17,20.946844,
2015-02-18,20.940261,98.27399
2015-02-19,20.918021,98.30082
2015-02-20,21.046176,98.1935
2015-02-23,21.039792,98.275906
2015-02-24,21.097836,99.412343
2015-02-25,21.081681,99.291609
2015-02-26,21.050563,99.195788
2015-02-27,20.988332,98.854665
2015-03-02,21.333903,97.777637
2015-03-03,21.237078,98.319984
2015-03-04,21.143879,96.717857
2015-03-05,21.169169,96.520466
2015-03-06,20.869118,95.784561
2015-03-09,20.951435,94.251426
2015-03-10,20.596071,92.549645
2015-03-11,20.556574,93.72441
2015-03-12,20.815617,93.674583
2015-03-13,20.689168,93.13032
2015-03-16,20.969168,93.613258
2015-03-17,20.899547,96.367153
2015-03-18,21.153652,98.745429
2015-03-19,21.05058,97.649237
2015-03-20,21.240303,99.59057
2015-03-23,21.203223,99.477501
2015-03-24,21.073048,98.707101
2015-03-25,20.766247,99.38168
2015-03-26,20.716876,96.932496
2015-03-27,20.765945,96.003033
2015-03-30,21.02005,98.203083
2015-03-31,20.835163,98.024855
2015-04-01,21.059507,100.270899
2015-04-02,21.13384,133.968048
2015-04-06,21.273509,135.516462
2015-04-07,21.229645,135.496287
2015-04-08,21.286595,135.324802
2015-04-09,21.381479,135.682904
2015-04-10,21.492724,136.719383
2015-04-13,21.39426,136.784951
2015-04-14,21.429127,136.134315
2015-04-15,21.539449,138.497285
2015-04-16,21.522681,137.879432
2015-04-17,21.279233,136.066225
2015-04-20,21.47575,135.576986
2015-04-21,21.443953,
2015-04-22,21.553048,137.735687
2015-04-23,21.603864,140.429019
2015-04-24,21.652533,142.721377
2015-04-27,21.562863,140.050742
2015-04-28,21.622576,140.749294
2015-04-29,21.5417,139.521154
2015-04-30,21.323506,141.800903
2015-05-01,21.880064,
2015-05-04,21.944408,144.637981
2015-05-05,21.684643,146.39823
2015-05-06,21.588023,144.004997
2015-05-07,21.669492,143.546021
2015-05-08,21.961118,144.121002
2015-05-11,21.849345,144.242051
2015-05-12,21.784898,143.220703
2015-05-13,21.778254,142.161528
2015-05-14,22.013008,142.880254
2015-05-15,22.029923,144.373187
2015-05-18,22.097069,141.737857
2015-05-19,22.082853,139.959956
2015-05-20,22.062304,138.451891
2015-05-21,22.113883,138.984001
2015-05-22,22.064483,137.130444
2015-05-25,,137.715512
2015-05-26,21.837617,135.246625
2015-05-27,22.037707,136.774864
2015-05-28,22.00979,136.119183
2015-05-29,21.870722,133.052618
2015-06-01,22.249815,133.736039
2015-06-02,22.227374,136.774864
2015-06-03,22.274471,134.976787
2015-06-04,22.082395,
2015-06-05,22.05068,133.589771
2015-06-08,21.907913,133.17871
2015-06-09,21.917078,133.193842
2015-06-10,22.181013,135.866999
2015-06-11,22.219578,135.395414
2015-06-12,22.064167,134.535464
2015-06-15,21.962174,134.005876
2015-06-16,22.087136,135.428198
2015-06-17,22.13086,134.285801
2015-06-18,22.350016,136.782429
2015-06-19,22.231482,135.546724
2015-06-22,22.36698,135.836737
2015-06-23,22.381203,135.604727
2015-06-24,22.216627,135.783778
2015-06-25,22.150564,134.101706
2015-06-26,22.141924,136.222579
2015-06-29,21.679906,133.693167
2015-06-30,21.737542,133.862131
2015-07-01,22.219979,133.047574
2015-07-02,22.213135,133.925177
2015-07-03,,132.444853
2015-07-06,22.127353,131.51177
2015-07-07,22.261909,132.00353
2015-07-08,21.891187,130.586252
2015-07-09,21.940709,
2015-07-10,22.211425,132.626426
2015-07-13,22.457217,133.957961
2015-07-14,22.557223,134.260583
2015-07-15,22.540644,133.41072
2015-07-16,22.7213,133.834391
2015-07-17,22.746434,131.998486
2015-07-20,22.763976,130.127276
2015-07-21,22.666963,129.809524
2015-07-22,22.612841,128.402333
2015-07-23,22.48449,125.605606
2015-07-24,22.243831,124.19085
2015-07-27,22.115372,122.904708
2015-07-28,22.389297,125.088627
2015-07-29,22.55316,126.710174
2015-07-30,22.553799,125.832572
2015-07-31,22.502568,128.273719
2015-08-03,22.785795,126.440337
2015-08-04,22.734534,126.238589
2015-08-05,22.805344,126.816092
2015-08-06,22.628535,126.120062
2015-08-07,22.56348,122.503735
2015-08-10,22.852477,124.460687
2015-08-11,22.634074,123.752049
2015-08-12,22.655577,122.027106
2015-08-13,22.626687,121.073848
2015-08-14,22.715202,119.807881
2015-08-17,22.83358,119.074023
2015-08-18,22.77363,119.664135
2015-08-19,22.585636,117.487782
2015-08-20,22.109076,117.641615
2015-08-21,21.40488,115.298819
2015-08-24,20.561235,111.808584
2015-08-25,20.283206,112.33565
2015-08-26,21.074938,116.100766
2015-08-27,21.587011,120.329903
2015-08-28,21.600152,118.915147
2015-08-31,21.418891,117.583612
2015-09-01,21.110192,114.686011
2015-09-02,21.49636,117.175073
2015-09-03,21.521399,119.449778
2015-09-04,21.191484,117.260816
2015-09-08,21.723031,117.926583
2015-09-09,21.421134,117.661789
2015-09-10,21.534194,117.275947
2015-09-11,21.630819,117.016197
2015-09-14,21.542356,119.237943
2015-09-15,21.818773,119.444735
2015-09-16,22.008715,122.44321
2015-09-17,21.952349,122.438167
2015-09-18,21.597507,119.19255
2015-09-21,21.696117,117.492826
2015-09-22,21.428855,116.673226
2015-09-23,21.384955,114.340518
2015-09-24,21.313038,114.219469
2015-09-25,21.30311,113.056898
2015-09-28,20.756343,110.852804
2015-09-29,20.781932,111.294127
2015-09-30,21.178359,113.631879
2015-10-01,21.547358,114.272428
2015-10-02,21.855815,118.610004
2015-10-05,22.255554,120.034847
2015-10-06,22.175696,120.38034
2015-10-07,22.353892,123.353597
2015-10-08,22.551018,123.840313
2015-10-09,22.56737,124.42286
2015-10-12,22.596154,
2015-10-13,22.441926,119.442213
2015-10-14,22.336084,117.795447
2015-10-15,22.667836,118.9328
2015-10-16,22.771439,119.121938
2015-10-19,22.7776,119.654048
2015-10-20,22.745231,118.720965
2015-10-21,22.61273,118.592351
2015-10-22,22.988725,120.473648
2015-10-23,23.242299,120.032325
2015-10-26,23.197834,119.053849
2015-10-27,23.138584,118.635222
2015-10-28,23.412545,117.873624
2015-10-29,23.402015,115.066809
2015-10-30,23.289454,115.674574
2015-11-02,23.935045,
2015-11-03,24.000342,121.184809
2015-11-04,23.915252,120.317294
2015-11-05,23.888176,121.167156
2015-11-06,23.879872,118.322513
2015-11-09,23.645307,116.496696
2015-11-10,23.681025,116.456347
2015-11-11,23.604581,118.690703
2015-11-12,23.274344,118.234248
2015-11-13,23.0135,117.308731
2015-11-16,23.356476,118.14094
2015-11-17,23.325193,119.152201
2015-11-18,23.702185,119.626308
2015-11-19,23.675565,121.399166
2015-11-20,23.765773,
2015-11-23,23.736426,121.426906
2015-11-24,23.765432,121.764834
2015-11-25,23.762363,118.191377
2015-11-26,,118.894972
2015-11-27,23.776469,115.684662
2015-11-30,23.666122,113.785711
2015-12-01,24.299432,113.601617
2015-12-02,24.032243,113.268733
2015-12-03,23.686815,116.996022
2015-12-04,24.173003,114.393476
2015-12-07,24.004046,114.045462
2015-12-08,23.848262,112.078421
2015-12-09,23.6637,116.277296
2015-12-10,23.716977,115.074375
2015-12-11,23.256327,114.146335
2015-12-14,23.366924,112.845063
2015-12-15,23.615047,113.160293
2015-12-16,23.957819,113.523439
2015-12-17,23.597481,114.141292
2015-12-18,23.177511,110.736799
2015-12-21,23.357795,108.943766
2015-12-22,23.563735,109.624665
2015-12-23,23.856351,110.999071
2015-12-24,23.818213,
2015-12-28,23.766324,110.366088
2015-12-29,24.018954,110.088684
2015-12-30,23.845604,109.322043
2015-12-31,23.621171,
2016-01-04,23.267746,106.273131
2016-01-05,23.314566,106.974204
2016-01-06,23.008786,105.345091
2016-01-07,22.463468,102.626541
2016-01-08,22.22,102.417228
2016-01-11,22.23896,100.747765
2016-01-12,22.412486,99.64824
2016-01-13,21.852948,98.210788
2016-01-14,22.217803,99.612934
2016-01-15,21.737919,97.265095
2016-01-18,,95.671288
2016-01-19,21.749479,95.97391
2016-01-20,21.495144,94.934909
2016-01-21,21.606821,95.116482
2016-01-22,22.045087,95.908342
2016-01-25,21.700346,
2016-01-26,22.007283,94.561676
2016-01-27,21.768208,96.778379
2016-01-28,21.888555,97.418928
2016-01-29,22.43052,101.897727
2016-02-01,22.428357,102.31131
2016-02-02,22.00798,97.333185
2016-02-03,22.117845,99.837379
2016-02-04,22.151613,102.946815
2016-02-05,21.742223,102.366791
2016-02-08,21.434485,
2016-02-09,21.420261,
2016-02-10,21.416214,101.824594
2016-02-11,21.152769,99.153958
2016-02-12,21.56563,100.389663
2016-02-15,,101.108389
2016-02-16,21.921822,103.264568
2016-02-17,22.283103,104.986989
2016-02-18,22.179137,104.601147
2016-02-19,22.178559,104.765067
2016-02-22,22.499133,109.032031
2016-02-23,22.21892,107.231432
2016-02-24,22.317567,106.131907
2016-02-25,22.570833,105.635104
2016-02-26,22.528623,104.891159
2016-02-29,22.345669,107.919897
2016-03-01,22.886973,111.268909
2016-03-02,22.98068,113.213252
2016-03-03,23.061083,119.013499
2016-03-04,23.137321,123.784833
2016-03-07,23.157797,124.19085
2016-03-08,22.897501,123.827704
2016-03-09,23.013188,122.725657
2016-03-10,23.016774,125.01045
2016-03-11,23.394146,125.181935
2016-03-14,23.364646,123.23507
2016-03-15,23.321727,118.854623
2016-03-16,23.452337,120.450952
2016-03-17,23.60701,128.39729
2016-03-18,23.711014,128.147627
2016-03-21,23.734383,129.047926
2016-03-22,23.713559,128.639387
2016-03-23,23.562124,125.31055
2016-03-24,23.553215,125.227329
2016-03-28,23.566058,128.205629
2016-03-29,23.773832,129.005055
2016-03-30,23.877255,129.242108
2016-03-31,23.828551,126.231024
2016-04-01,23.935104,1023.315011
2016-04-04,23.858313,987.249441
2016-04-05,23.616282,992.794876
2016-04-06,23.864433,973.406091
2016-04-07,23.578638,981.845677
2016-04-08,23.644342,1017.870769
2016-04-11,23.579561,1015.280201
2016-04-12,23.80739,1052.458906
2016-04-13,24.046419,1075.693066
2016-04-14,24.050578,1060.736581
2016-04-15,24.026905,1077.271694
2016-04-18,24.184066,1070.511929
2016-04-19,24.258661,1087.026803
2016-04-20,24.277135,1085.427937
2016-04-21,24.151039,
2016-04-22,24.152195,1070.795273
2016-04-25,24.10843,1049.625471
2016-04-26,24.153579,1074.337066
2016-04-27,24.193417,1102.570214
2016-04-28,23.970093,1099.21057
2016-04-29,23.84873,1091.094805
2016-05-02,23.990663,1084.031458
2016-05-03,23.782505,1057.68052
2016-05-04,23.641311,1063.610493
2016-05-05,23.63566,1045.759857
2016-05-06,23.710695,1046.711082
2016-05-09,23.728561,1031.977224
2016-05-10,24.02478,1074.0942
2016-05-11,23.795066,1067.880883
2016-05-12,23.791034,1077.534798
2016-05-13,23.589327,1048.45162
2016-05-16,23.820423,1048.431381
2016-05-17,23.596242,1028.921163
2016-05-18,23.601084,1023.315011
2016-05-19,23.513601,1014.632559
2016-05-20,23.655141,1006.334644
2016-05-23,23.60581,998.380789
2016-05-24,23.92877,998.684372
2016-05-25,24.095667,1001.477328
2016-05-26,24.090596,
2016-05-27,24.193869,992.73416
2016-05-30,,990.973383
2016-05-31,24.169548,981.015885
2016-06-01,24.15244,991.965085
2016-06-02,24.220663,1009.65381
2016-06-03,24.150137,1024.468623
2016-06-06,24.268407,1020.683965
2016-06-07,24.2997,1021.817338
2016-06-08,24.380121,1044.909827
2016-06-09,24.338242,1034.567792
2016-06-10,24.114934,1000.24276
2016-06-13,23.919237,1005.079837
2016-06-14,23.876209,984.577917
2016-06-15,23.83226,989.981681
2016-06-16,23.906926,1000.040372
2016-06-17,23.829038,1002.509508
2016-06-20,23.967441,1018.599367
2016-06-21,24.032443,1028.900924
2016-06-22,23.992751,1015.098051
2016-06-23,24.313392,1043.513349
2016-06-24,23.44006,1014.065872
2016-06-27,23.015877,996.680729
2016-06-28,23.424873,1012.082468
2016-06-29,23.823861,1032.22009
2016-06-30,24.147033,1042.845468
2016-07-01,23.994409,1057.134072
2016-07-04,,1063.934314
2016-07-05,23.830107,1049.220695
2016-07-06,23.957669,1050.435024
2016-07-07,23.936788,1052.72201
2016-07-08,24.301904,1075.510917
2016-07-11,24.38474,1092.086507
2016-07-12,24.55566,1098.077197
2016-07-13,24.558969,1104.998872
2016-07-14,24.68813,1122.869746
2016-07-15,24.665196,1124.832911
2016-07-18,24.723956,1143.169279
2016-07-19,24.688473,1147.500385
2016-07-20,24.7939,1145.071727
2016-07-21,24.704331,1146.346773
2016-07-22,24.816834,1153.652985
2016-07-25,24.742098,1151.042178
2016-07-26,24.750085,1149.220684
2016-07-27,24.720421,1150.637402
2016-07-28,24.760127,1146.872982
2016-07-29,24.800518,1159.846063
2016-08-01,24.566278,1148.674236
2016-08-02,24.409997,1136.65238
2016-08-03,24.486496,1155.170896
2016-08-04,24.491701,1165.634364
2016-08-05,24.702416,1166.990365
2016-08-08,24.680006,1166.464156
2016-08-09,24.689626,1167.557052
2016-08-10,24.618898,1151.993402
2016-08-11,24.735459,1179.922968
2016-08-12,24.715768,1179.882491
2016-08-15,24.784797,1197.045006
2016-08-16,24.648999,1191.155511
2016-08-17,24.695058,1200.647516
2016-08-18,24.749378,1197.449783
2016-08-19,24.713732,1196.093782
2016-08-22,24.69981,1169.419023
2016-08-23,24.748019,1174.2561
2016-08-24,24.618332,1168.143977
2016-08-25,24.584722,1168.224933
2016-08-26,24.545908,1168.1035
2016-08-29,24.674235,1186.197001
2016-08-30,24.626029,1185.488643
2016-08-31,24.567521,1171.847681
2016-09-01,24.367046,1178.627684
2016-09-02,24.469413,1206.55725
2016-09-05,,1205.545309
2016-09-06,24.542373,1216.939763
2016-09-07,24.53878,
2016-09-08,24.48423,1219.024361
2016-09-09,23.883826,1173.851323
2016-09-12,24.23437,1185.71127
2016-09-13,23.874958,1149.989759
2016-09-14,23.860927,1154.806598
2016-09-15,24.102144,1172.009591
2016-09-16,24.011224,1155.231613
2016-09-19,24.010777,1160.696093
2016-09-20,24.017959,1168.508276
2016-09-21,24.280167,1181.825417
2016-09-22,24.437983,1193.968706
2016-09-23,24.297788,1187.957778
2016-09-26,24.089124,1174.94422
2016-09-27,24.244359,1181.582551
2016-09-28,24.37277,1201.295158
2016-09-29,24.145582,1180.955148
2016-09-30,24.337973,1181.278969
2016-10-03,23.772962,1203.420234
2016-10-04,23.655153,1200.951098
2016-10-05,23.756792,1219.469615
2016-10-06,23.768233,1227.362753
2016-10-07,23.690903,1236.773802
2016-10-10,23.800021,1248.0873
2016-10-11,23.503795,1235.013025
2016-10-12,23.530744,
2016-10-13,23.457816,1236.97619
2016-10-14,23.462545,1250.090943
2016-10-17,23.391266,1268.892803
2016-10-18,23.535366,1290.872157
2016-10-19,23.586955,1285.286244
2016-10-20,23.554505,1292.005531
2016-10-21,23.552524,1297.470011
2016-10-24,23.664394,1296.498548
2016-10-25,23.574523,1292.572218
2016-10-26,23.533494,1291.762665
2016-10-27,23.463206,1300.343923
2016-10-28,23.390275,1301.517774
2016-10-31,23.387415,1314.005124
2016-11-01,22.772781,1281.643257
2016-11-02,22.624177,
2016-11-03,22.524101,1249.746883
2016-11-04,22.486573,1246.670583
2016-11-07,22.986305,1296.336637
2016-11-08,23.073008,1298.481952
2016-11-09,23.328588,1280.267018
2016-11-10,23.374097,1238.635773
2016-11-11,23.341421,1197.814081
2016-11-14,23.338725,1207.387041
2016-11-15,23.513317,
2016-11-16,23.476113,1229.690217
2016-11-17,23.585896,1209.674028
2016-11-18,23.529601,1213.55988
2016-11-21,23.705165,1235.984488
2016-11-22,23.756497,1253.875602
2016-11-23,23.775693,1254.523244
2016-11-24,,1242.582342
2016-11-25,23.86876,1245.881269
2016-11-28,23.743341,1272.110775
2016-11-29,23.775045,1234.304667
2016-11-30,23.71196,1252.904138
2016-12-01,23.173771,1204.351219
2016-12-02,23.182971,1220.724421
2016-12-05,23.317927,1210.928834
2016-12-06,23.397461,1236.348787
2016-12-07,23.705448,1242.946641
2016-12-08,23.756636,1228.030634
2016-12-09,23.897726,1224.468602
2016-12-12,23.870544,1197.712887
2016-12-13,24.026652,1199.777247
2016-12-14,23.831624,1178.141952
2016-12-15,23.924167,1181.865895
2016-12-16,23.882285,1181.724223
2016-12-19,23.929456,1155.859016
2016-12-20,24.016499,1165.411737
2016-12-21,23.957482,1166.707021
2016-12-22,23.91285,1158.773406
2016-12-23,23.942782,1172.576278
2016-12-26,,1186.399389
2016-12-27,23.996614,1187.957778
2016-12-28,23.796086,1209.916893
2016-12-29,23.789106,1218.923166
2016-12-30,23.678795,
2017-01-02,,1206.010802
2017-01-03,23.406096,1251.042167
2017-01-04,23.540032,1246.488434
2017-01-05,23.521891,1256.243543
2017-01-06,23.604616,1248.026584
2017-01-09,23.520853,1248.734942
2017-01-10,23.520853,1257.478111
2017-01-11,23.587409,1263.833099
2017-01-12,23.536818,1294.353233
2017-01-13,23.580358,1288.241111
2017-01-16,,1291.863859
2017-01-17,23.510383,1302.44876
2017-01-18,23.551849,1298.320041
2017-01-19,23.466843,1294.292517
2017-01-20,23.545838,1305.828642
2017-01-23,23.482497,1330.681908
2017-01-24,23.63665,1332.52364
2017-01-25,23.82636,
2017-01-26,23.808839,1339.627465
2017-01-27,23.788209,1336.449971
2017-01-30,23.645253,1301.396341
2017-01-31,23.624211,1308.864464
2017-02-01,23.171654,1312.203869
2017-02-02,23.184869,1306.982255
2017-02-03,23.353301,1314.592049
2017-02-06,23.303901,1295.142547
2017-02-07,23.309187,1299.311743
2017-02-08,23.325347,1312.18363
2017-02-09,23.459528,1314.814676
2017-02-10,23.543185,1338.291703
2017-02-13,23.666689,1355.353025
2017-02-14,23.76153,1350.192127
2017-02-15,23.880155,1375.753751
2017-02-16,23.859519,1372.475063
2017-02-17,23.899569,1371.139301
2017-02-20,,1387.026772
2017-02-21,24.044115,1397.530717
2017-02-22,24.018094,1388.180384
2017-02-23,24.028158,1365.330761
2017-02-24,24.06404,1349.159947
2017-02-27,24.088537,
2017-02-28,24.026428,
2017-03-01,23.890318,1355.77804
2017-03-02,23.750323,1332.827223
2017-03-03,23.762291,1351.66956
2017-03-06,23.684416,1342.663287
2017-03-07,23.615414,1330.540236
2017-03-08,23.561472,1309.815689
2017-03-09,23.580318,1307.123926
2017-03-10,23.657395,1308.94542
2017-03-13,23.666068,1326.330563
2017-03-14,23.5861,1309.431151
2017-03-15,23.783628,1340.517973
2017-03-16,23.744939,1331.370028
2017-03-17,23.71373,1299.53437
2017-03-20,23.666068,1313.175332
2017-03-21,23.37242,1274.640627
2017-03-22,23.416591,1285.589826
2017-03-23,23.391763,1285.792214
2017-03-24,23.372021,1292.329352
2017-03-27,23.348191,1301.517774
2017-03-28,23.5175,1308.237061
2017-03-29,23.543024,1326.20913
2017-03-30,23.612125,1320.90656
2017-03-31,23.558879,1315.199214
2017-04-03,23.232174,114.558467
2017-04-04,23.245173,115.538725
2017-04-05,23.174162,113.79253
2017-04-06,23.218877,112.822812
2017-04-07,23.199672,113.472804
2017-04-10,23.215626,113.572938
2017-04-11,23.182338,113.063485
2017-04-12,23.095173,112.241333
2017-04-13,22.937787,110.368653
2017-04-17,23.135358,113.019567
2017-04-18,23.068187,112.710381
2017-04-19,23.028594,111.389316
2017-04-20,23.202627,112.011201
2017-04-21,23.132206,
2017-04-24,23.38296,113.11443
2017-04-25,23.525379,114.447793
2017-04-26,23.513952,113.945366
2017-04-27,23.526954,113.62037
2017-04-28,23.481943,114.89576
2017-05-01,23.238057,
2017-05-02,23.265689,117.212894
2017-05-03,23.23611,116.109664
2017-05-04,23.249635,113.947123
2017-05-05,23.344696,115.435078
2017-05-08,23.34557,115.111838
2017-05-09,23.321635,116.432903
2017-05-10,23.348003,118.316124
2017-05-11,23.297505,118.64639
2017-05-12,23.263061,119.847997
2017-05-15,23.374178,120.290694
2017-05-16,23.358122,120.659609
2017-05-17,22.933513,118.649903
2017-05-18,23.018065,108.209625
2017-05-19,23.17384,110.040144
2017-05-22,23.29342,108.343137
2017-05-23,23.33623,110.080549
2017-05-24,23.394317,111.125806
2017-05-25,23.498233,111.073104
2017-05-26,23.50553,112.580383
2017-05-29,,112.011201
2017-05-30,23.477215,112.364304
2017-05-31,23.466416,110.166629
2017-06-01,23.36147,109.425286
2017-06-02,23.448088,109.815281
2017-06-05,23.419536,109.708121
2017-06-06,23.354452,110.595272
2017-06-07,23.391078,110.974727
2017-06-08,23.397328,110.245682
2017-06-09,23.377908,109.288261
2017-06-12,23.355027,108.390569
2017-06-13,23.460393,108.617188
2017-06-14,23.437031,108.782321
2017-06-15,23.384541,
2017-06-16,23.391174,108.260571
2017-06-19,23.586425,108.942184
2017-06-20,23.428476,106.749778
2017-06-21,23.414825,106.742751
2017-06-22,23.404153,107.638686
2017-06-23,23.440685,107.31369
2017-06-26,23.448088,109.247856
2017-06-27,23.258795,108.346651
2017-06-28,23.46366,108.949211
2017-06-29,23.261872,109.337449
2017-06-30,23.297538,110.498652
2017-07-03,23.124619,111.166211
2017-07-04,,111.081888
2017-07-05,23.158226,110.944862
2017-07-06,22.94126,109.743255
2017-07-07,23.088156,109.483259
2017-07-10,23.109577,110.718243
2017-07-11,23.091489,112.135929
2017-07-12,23.260187,113.899691
2017-07-13,23.30379,114.500495
2017-07-14,23.4127,114.953732
2017-07-17,23.411461,114.560224
2017-07-18,23.425458,114.781572
2017-07-19,23.551315,114.504008
2017-07-20,23.547696,114.078878
2017-07-21,23.539033,113.632667
2017-07-24,23.513994,114.363469
2017-07-25,23.582729,115.361295
2017-07-26,23.589395,114.20712
2017-07-27,23.56645,114.674411
2017-07-28,23.534845,115.060893
2017-07-31,23.517708,115.803992
2017-08-01,23.348577,116.851006
2017-08-02,23.36008,117.940182
2017-08-03,23.30907,117.309514
2017-08-04,23.353103,117.522079
2017-08-07,23.39157,119.352598
2017-08-08,23.335093,119.280571
2017-08-09,23.326608,118.880036
2017-08-10,22.988968,117.687212
2017-08-11,23.018292,118.331934
2017-08-14,23.249482,119.958671
2017-08-15,23.237885,120.081643
2017-08-16,23.270885,120.501502
2017-08-17,22.911654,119.417597
2017-08-18,22.869603,120.714067
2017-08-21,22.896192,120.573529
2017-08-22,23.123798,122.990796
2017-08-23,23.043938,123.811192
2017-08-24,22.996134,124.961853
2017-08-25,23.034604,124.858206
2017-08-28,23.045823,124.758072
2017-08-29,23.065247,125.30793
2017-08-30,23.171696,124.52794
2017-08-31,23.304261,124.438346
2017-09-01,23.128036,126.349674
2017-09-04,,126.711562
2017-09-05,22.9534,126.75021
2017-09-06,23.025215,128.965453
2017-09-07,23.021107,
2017-09-08,22.986832,128.38046
2017-09-11,23.235993,130.558812
2017-09-12,23.314157,130.945294
2017-09-13,23.331809,131.382721
2017-09-14,23.306127,131.152589
2017-09-15,23.349178,133.084998
2017-09-18,23.383173,133.494317
2017-09-19,23.409132,133.466209
2017-09-20,23.423982,133.518911
2017-09-21,23.352634,132.816217
2017-09-22,23.367762,132.440276
2017-09-25,23.315838,130.776647
2017-09-26,23.31752,130.558812
2017-09-27,23.412776,129.641796
2017-09-28,23.440979,129.237747
2017-09-29,23.527831,130.514894
2017-10-02,23.414888,130.630838
2017-10-03,23.465437,134.852273
2017-10-04,23.494692,134.550115
2017-10-05,23.627361,134.597547
2017-10-06,23.601994,133.608505
2017-10-09,23.559406,133.032295
2017-10-10,23.614121,135.087676
2017-10-11,23.656709,134.671329
2017-10-12,23.616806,
2017-10-13,23.637544,135.251052
2017-10-16,23.678928,135.078892
2017-10-17,23.694853,133.864988
2017-10-18,23.712443,134.550115
2017-10-19,23.720221,134.00904
2017-10-20,23.841593,134.198768
2017-10-23,23.746883,132.480681
2017-10-24,23.785303,134.126742
2017-10-25,23.674391,134.690654
2017-10-26,23.70448,133.329184
2017-10-27,23.895847,133.469723
2017-10-30,23.81956,131.403802
2017-10-31,23.842057,130.539488
2017-11-01,23.675439,129.689228
2017-11-02,23.679936,
2017-11-03,23.753275,129.849091
2017-11-06,23.783471,130.544758
2017-11-07,23.778973,127.213988
2017-11-08,23.813302,130.636108
2017-11-09,23.723719,128.120463
2017-11-10,23.702424,126.776561
2017-11-13,23.725738,127.319392
2017-11-14,23.670941,124.424292
2017-11-15,23.540143,
2017-11-16,23.733079,127.384391
2017-11-17,23.670757,129.009372
2017-11-20,23.700954,
2017-11-21,23.855985,131.043671
2017-11-22,23.838087,130.910159
2017-11-23,,130.853944
2017-11-24,23.8871,130.274221
2017-11-27,23.877921,130.102061
2017-11-28,24.113083,130.244356
2017-11-29,24.10418,127.714658
2017-11-30,24.301616,126.433998
2017-12-01,24.046414,126.948721
2017-12-04,24.021113,128.399784
2017-12-05,23.931289,127.44412
2017-12-06,23.928559,128.712483
2017-12-07,23.998726,127.340473
2017-12-08,24.13087,127.770873
2017-12-11,24.208136,127.890331
2017-12-12,24.245633,129.671661
2017-12-13,24.234165,128.090599
2017-12-14,24.135512,127.238582
2017-12-15,24.352112,127.553038
2017-12-18,24.482708,128.443703
2017-12-19,24.403622,127.679523
2017-12-20,24.383418,128.8864
2017-12-21,24.431835,131.988795
2017-12-22,24.420641,132.083658
2017-12-26,24.394794,132.963783
2017-12-27,24.414089,133.640126
2017-12-28,24.458865,134.218092
2017-12-29,24.332091,134.218092
2018-01-02,24.127178,136.833871
2018-01-03,24.281564,137.016571
2018-01-04,24.379385,138.161963
2018-01-05,24.550864,138.906818
2018-01-08,24.591676,139.447893
2018-01-09,24.623718,138.543174
2018-01-10,24.59633,137.378459
2018-01-11,24.769332,139.423299
2018-01-12,24.936515,139.395191
2018-01-15,,140.103155
2018-01-16,24.848627,140.243694
2018-01-17,25.082578,142.627584
2018-01-18,25.042035,142.230562
2018-01-19,25.15185,142.682043
2018-01-22,25.354743,143.481357
2018-01-23,25.409874,141.729892
2018-01-24,25.395645,147.003611
2018-01-25,25.410949,
2018-01-26,25.711845,150.255329
2018-01-29,25.538753,148.791968
2018-01-30,25.260411,148.412513
2018-01-31,25.272763,149.169666
2018-02-01,24.844289,150.192086
2018-02-02,24.317378,147.637793
2018-02-05,23.32087,143.80811
2018-02-06,23.727608,147.379553
2018-02-07,23.608932,145.399712
2018-02-08,22.722737,143.231901
2018-02-09,23.062126,142.118131
2018-02-12,23.383026,
2018-02-13,23.444124,
2018-02-14,23.758333,146.762939
2018-02-15,24.045075,148.076977
2018-02-16,24.054055,148.488053
2018-02-19,,148.958858
2018-02-20,23.913546,150.734917
2018-02-21,23.782105,151.170588
2018-02-22,23.805258,152.284358
2018-02-23,24.186818,153.350696
2018-02-26,24.471183,153.983121
2018-02-27,24.16023,152.721785
2018-02-28,23.892154,150.167492
2018-03-01,23.195339,149.986548
2018-03-02,23.312976,150.659378
2018-03-05,23.570166,151.119642
2018-03-06,23.632364,150.46965
2018-03-07,23.620929,150.172762
2018-03-08,23.726351,149.296151
2018-03-09,24.138687,151.730986
2018-03-12,24.107935,152.660299
2018-03-13,23.954522,151.753824
2018-03-14,23.817394,151.168831
2018-03-15,23.798771,149.196017
2018-03-16,23.839311,149.122234
2018-03-19,23.500692,147.412931
2018-03-20,23.535516,147.853871
2018-03-21,23.492117,149.282097
2018-03-22,22.900987,148.914939
2018-03-23,22.420825,148.228056
2018-03-26,23.029713,149.477095
2018-03-27,22.631844,147.228474
2018-03-28,22.565835,147.344418
2018-03-29,22.87656,149.965467
2018-04-02,21.919967,126.836218
2018-04-03,22.196485,126.771801
2018-04-04,22.45322,126.377806
2018-04-05,22.607313,127.651172
2018-04-06,22.111755,127.066922
2018-04-09,22.185532,124.800331
2018-04-10,22.556629,126.602518
2018-04-11,22.431995,127.705103
2018-04-12,22.617076,128.001722
2018-04-13,22.551789,126.338856
2018-04-16,22.734662,124.133686
2018-04-17,22.977048,125.967333
2018-04-18,22.99615,128.499084
2018-04-19,22.864471,128.570992
2018-04-20,22.669288,128.160518
2018-04-23,22.670563,128.238418
2018-04-24,22.367218,128.039174
2018-04-25,22.408308,127.402491
2018-04-26,22.642121,129.408417
2018-04-27,22.667336,129.501298
2018-04-30,22.481747,129.006932
2018-05-01,22.09878,
2018-05-02,21.939539,126.657947
2018-05-03,21.890094,124.771867
2018-05-04,22.170532,124.517194
2018-05-07,22.247197,123.911971
2018-05-08,22.241287,124.274506
2018-05-09,22.456632,126.235489
2018-05-10,22.667065,128.626421
2018-05-11,22.705771,127.666153
2018-05-14,22.725831,127.68413
2018-05-15,22.570338,127.531326
2018-05-16,22.661986,129.639121
2018-05-17,22.642591,125.272225
2018-05-18,22.582991,124.463264
2018-05-21,22.749806,122.565199
2018-05-22,22.678468,123.949423
2018-05-23,22.752137,121.145022
2018-05-24,22.706104,120.028955
2018-05-25,22.652581,118.195308
2018-05-28,,112.889118
2018-05-29,22.390622,113.961741
2018-05-30,22.674889,114.98343
2018-05-31,22.518896,
2018-06-01,22.327075,115.711496
2018-06-04,22.427091,117.742888
2018-06-05,22.442848,114.815645
2018-06-06,22.635125,114.029155
2018-06-07,22.618959,110.634511
2018-06-08,22.689664,109.272759
2018-06-11,22.713912,108.322978
2018-06-12,22.753512,108.991121
2018-06-13,22.661903,108.044336
2018-06-14,22.717913,106.994183
2018-06-15,22.694807,106.000958
2018-06-18,22.646555,104.588271
2018-06-19,22.555438,106.953735
2018-06-20,22.594057,108.045834
2018-06-21,22.450686,104.977771
2018-06-22,22.492488,105.825683
2018-06-25,22.183786,106.293083
2018-06-26,22.232692,106.970214
2018-06-27,22.041394,105.777745
2018-06-28,22.17758,107.512518
2018-06-29,22.1944,109.004603
2018-07-02,21.793339,109.119955
2018-07-03,21.68552,110.360363
2018-07-04,,111.970796
2018-07-05,21.872467,111.686162
2018-07-06,22.057973,112.370783
2018-07-09,22.25259,
2018-07-10,22.329879,112.149068
2018-07-11,22.171467,111.455458
2018-07-12,22.365446,113.638156
2018-07-13,22.389584,114.743738
2018-07-16,22.366564,114.832124
2018-07-17,22.455442,117.044784
2018-07-18,22.503957,115.895759
2018-07-19,22.414999,116.081521
2018-07-20,22.39374,117.705437
2018-07-23,22.434901,116.844042
2018-07-24,22.54216,118.580314
2018-07-25,22.74733,120.17277
2018-07-26,22.678353,118.954833
2018-07-27,22.529533,119.645447
2018-07-30,22.399894,120.259658
2018-07-31,22.509312,118.677689
2018-08-01,22.021814,118.800531
2018-08-02,22.130303,119.302387
2018-08-03,22.23308,121.99593
2018-08-06,22.311746,121.420668
2018-08-07,22.374758,120.366022
2018-08-08,22.368888,118.575819
2018-08-09,22.336639,118.000558
2018-08-10,22.177739,114.623891
2018-08-13,22.088895,116.095003
2018-08-14,22.230026,117.751877
2018-08-15,22.06103,115.468807
2018-08-16,22.23574,115.080805
2018-08-17,22.309632,113.897324
2018-08-20,22.3638,114.345249
2018-08-21,22.410061,112.625456
2018-08-22,22.401138,115.205145
2018-08-23,22.363252,113.305583
2018-08-24,22.501878,114.246376
2018-08-27,22.674477,116.745169
2018-08-28,22.680583,116.060548
2018-08-29,22.809894,117.432786
2018-08-30,22.708839,114.459103
2018-08-31,22.711893,114.869576
2018-09-03,,114.143009
2018-09-04,22.215814,111.924356
2018-09-05,22.15354,112.493625
2018-09-06,22.072629,114.47708
2018-09-07,22.023774,
2018-09-10,22.065572,114.507041
2018-09-11,22.148093,111.841962
2018-09-12,22.155993,112.543062
2018-09-13,22.273027,111.886904
2018-09-14,22.279162,112.998477
2018-09-17,22.155074,115.035863
2018-09-18,22.274025,117.320431
2018-09-19,22.30194,117.103209
2018-09-20,22.4768,117.023811
2018-09-21,22.468517,119.013258
2018-09-24,22.389525,116.826065
2018-09-25,22.360304,117.793823
2018-09-26,22.286755,117.832773
2018-09-27,22.34834,119.846189
2018-09-28,22.348186,118.860454
2018-10-01,22.315462,117.784835
2018-10-02,22.30661,122.26109
2018-10-03,22.322481,124.749396
2018-10-04,22.140118,124.270012
2018-10-05,22.017728,123.324725
2018-10-08,22.009029,128.960492
2018-10-09,21.977822,128.966484
2018-10-10,21.255538,125.357616
2018-10-11,20.818247,124.222073
2018-10-12,21.113996,
2018-10-15,20.989318,124.879729
2018-10-16,21.440496,128.412195
2018-10-17,21.435079,128.481107
2018-10-18,21.126587,125.609293
2018-10-19,21.118956,126.168076
2018-10-22,21.028155,128.230928
2018-10-23,20.912251,127.785999
2018-10-24,20.266806,124.436298
2018-10-25,20.644277,125.964337
2018-10-26,20.286568,128.415192
2018-10-29,20.153496,125.534389
2018-10-30,20.469236,130.16195
2018-10-31,20.691355,130.967915
2018-11-01,20.803984,132.458502
2018-11-02,20.672572,
2018-11-05,20.788345,134.224736
2018-11-06,20.918465,132.833022
2018-11-07,21.362122,131.402358
2018-11-08,21.308526,128.265384
2018-11-09,21.112509,128.296843
2018-11-12,20.696561,128.123067
2018-11-13,20.66589,127.207741
2018-11-14,20.509503,128.794205
2018-11-15,20.726775,
2018-11-16,20.772857,132.602318
2018-11-19,20.427132,131.682498
2018-11-20,20.056355,
2018-11-21,20.117392,130.735713
2018-11-22,,131.047314
2018-11-23,19.985526,129.179211
2018-11-26,20.295948,128.156024
2018-11-27,20.362147,131.667518
2018-11-28,20.829947,133.704903
2018-11-29,20.784473,134.39252
2018-11-30,20.954298,134.083916
2018-12-03,21.076895,134.557309
2018-12-04,20.394743,132.765608
2018-12-05,,133.388808
2018-12-06,20.363698,133.098181
2018-12-07,19.888814,132.003087
2018-12-10,19.923861,128.707317
2018-12-11,19.916761,129.463846
2018-12-12,20.0247,130.298275
2018-12-13,20.020697,131.588119
2018-12-14,19.638567,131.006865
2018-12-17,19.230606,129.433884
2018-12-18,19.232268,129.74848
2018-12-19,18.936173,128.34628
2018-12-20,18.63751,127.739559
2018-12-21,18.253796,128.380736
2018-12-24,17.758895,
2018-12-26,18.639625,127.540314
2018-12-27,18.79923,128.025691
2018-12-28,18.775889,131.661525
2018-12-31,18.935343,
2019-01-02,18.864369,136.343017
2019-01-03,18.397349,137.169956
2019-01-04,19.029035,137.584923
2019-01-07,19.162437,137.372196
2019-01-08,19.348222,137.871056
2019-01-09,19.427512,140.239516
2019-01-10,19.515293,140.528645
2019-01-11,19.512438,140.30693
2019-01-14,19.409851,141.529361
2019-01-15,19.617958,140.903165
2019-01-16,19.661548,141.408017
2019-01-17,19.810807,142.843175
2019-01-18,20.071974,143.96074
2019-01-21,,143.830408
2019-01-22,19.787809,142.471652
2019-01-23,19.8314,144.651354
2019-01-24,19.858682,146.327703
2019-01-25,20.027257,
2019-01-28,19.870106,142.982496
2019-01-29,19.84117,143.274621
2019-01-30,20.149686,145.307512
2019-01-31,20.322921,145.903747
2019-02-01,20.239774,146.603349
2019-02-04,20.376923,147.693949
2019-02-05,20.472866,147.277484
2019-02-06,20.427326,141.772049
2019-02-07,20.236185,141.427492
2019-02-08,20.249868,142.83119
2019-02-11,20.264228,141.437978
2019-02-12,20.525438,144.067104
2019-02-13,20.587507,143.578731
2019-02-14,20.532916,146.834053
2019-02-15,20.756289,146.101493
2019-02-18,,144.579446
2019-02-19,20.787397,146.300737
2019-02-20,20.824338,144.631879
2019-02-21,20.750903,145.211635
2019-02-22,20.883939,146.640801
2019-02-25,20.909665,145.673043
2019-02-26,20.893137,146.216845
2019-02-27,20.88177,145.773414
2019-02-28,20.822768,143.192227
2019-03-01,20.862341,141.724111
2019-03-04,20.781383,
2019-03-05,20.757868,
2019-03-06,20.622442,141.144355
2019-03-07,20.45487,141.328618
2019-03-08,20.411266,142.864148
2019-03-11,20.710619,146.85203
2019-03-12,20.771784,146.553912
2019-03-13,20.916139,148.165844
2019-03-14,20.897983,147.717918
2019-03-15,21.002158,148.514896
2019-03-18,21.079991,149.798748
2019-03-19,21.077238,149.190528
2019-03-20,21.01518,146.873003
2019-03-21,21.243246,144.907525
2019-03-22,20.840166,140.422282
2019-03-25,20.822681,140.312922
2019-03-26,20.972245,142.777259
2019-03-27,20.874843,137.677804
2019-03-28,20.949773,141.402024
2019-03-29,21.090854,142.939052
2019-04-01,21.28838,143.896323
2019-04-02,21.288751,89.94155
2019-04-03,21.334488,89.0967
2019-04-04,21.378962,90.814686
2019-04-05,21.478084,91.564301
2019-04-08,21.500582,91.810401
2019-04-09,21.370127,90.794885
2019-04-10,21.44445,90.475238
2019-04-11,21.445267,89.345629
2019-04-12,21.587006,87.572955
2019-04-15,21.57342,87.76908
2019-04-16,21.584408,88.94772
2019-04-17,21.535329,87.959548
2019-04-18,21.569336,89.178734
2019-04-22,21.591164,89.188163
2019-04-23,21.782056,90.44695
2019-04-24,21.734315,89.619074
2019-04-25,21.726296,91.040042
2019-04-26,21.82809,90.742082
2019-04-29,21.851479,90.696822
2019-04-30,21.872269,90.852403
2019-05-01,21.661003,
2019-05-02,21.614995,90.0745
2019-05-03,21.823327,90.527098
2019-05-06,21.725755,89.585129
2019-05-07,21.367027,89.000523
2019-05-08,21.332724,90.139561
2019-05-09,21.268268,89.395603
2019-05-10,21.347393,88.877002
2019-05-13,20.832268,86.490491
2019-05-14,20.999258,86.834654
2019-05-15,21.121873,86.392429
2019-05-16,21.309758,84.884712
2019-05-17,21.185366,84.855482
2019-05-20,21.042378,86.696989
2019-05-21,21.22115,89.091043
2019-05-22,21.161213,88.974122
2019-05-23,20.909095,88.548868
2019-05-24,20.937397,88.282967
2019-05-27,,89.448407
2019-05-28,20.762032,90.890119
2019-05-29,20.618527,91.054186
2019-05-30,20.661794,91.893377
2019-05-31,20.389154,91.490754
2019-06-03,20.288682,91.481325
2019-06-04,20.723516,91.820773
2019-06-05,20.892658,90.518612
2019-06-06,21.020847,91.655764
2019-06-07,21.241518,92.236597
2019-06-10,21.340504,91.902807
2019-06-11,21.333037,93.310574
2019-06-12,21.28957,92.708053
2019-06-13,21.376801,93.135193
2019-06-14,21.342352,92.443095
2019-06-17,21.362238,92.049901
2019-06-18,21.569823,93.729227
2019-06-19,21.634213,94.576905
2019-06-20,21.839136,
2019-06-21,21.811636,96.189285
2019-06-24,21.77386,96.235487
2019-06-25,21.567087,94.378894
2019-06-26,21.540475,94.940869
2019-06-27,21.622828,94.973871
2019-06-28,21.74732,95.202999
2019-07-01,22.042907,95.554705
2019-07-02,22.107451,94.861664
2019-07-03,22.277068,96.217572
2019-07-04,,97.719631
2019-07-05,22.236838,98.14677
2019-07-08,22.129313,98.562594
2019-07-09,22.156677,
2019-07-10,22.256619,99.776122
2019-07-11,22.30748,99.143428
2019-07-12,22.410544,97.974217
2019-07-15,22.414486,97.877097
2019-07-16,22.338192,97.850696
2019-07-17,22.192296,97.927071
2019-07-18,22.271788,98.738919
2019-07-19,22.134222,97.546135
2019-07-22,22.196832,98.014762
2019-07-23,22.348825,97.783749
2019-07-24,22.453599,98.176
2019-07-25,22.33544,96.794634
2019-07-26,22.500447,96.949272
2019-07-29,22.464084,97.575365
2019-07-30,22.406157,97.056764
2019-07-31,22.162254,95.999759
2019-08-01,22.092603,96.295834
2019-08-02,21.931708,96.812549
2019-08-05,21.27863,94.383608
2019-08-06,21.555614,96.331664
2019-08-07,21.572144,96.914384
2019-08-08,21.976887,98.171286
2019-08-09,21.831475,98.059079
2019-08-12,21.56257,96.096879
2019-08-13,21.888848,97.401869
2019-08-14,21.247663,94.534474
2019-08-15,21.300023,93.402037
2019-08-16,21.6073,94.108278
2019-08-19,21.868875,93.790516
2019-08-20,21.695789,93.557617
2019-08-21,21.87471,95.424583
2019-08-22,21.863639,94.301575
2019-08-23,21.296358,92.091389
2019-08-26,21.530256,90.925007
2019-08-27,21.46129,91.72271
2019-08-28,21.601765,92.588304
2019-08-29,21.875833,94.785289
2019-08-30,21.889894,95.361408
2019-09-02,,94.881466
2019-09-03,21.868096,93.990414
2019-09-04,22.105192,95.42364
2019-09-05,22.392777,96.406154
2019-09-06,22.413168,97.058649
2019-09-09,22.41106,97.290606
2019-09-10,22.418284,97.150112
2019-09-11,22.580361,97.540478
2019-09-12,22.645373,98.412671
2019-09-13,22.628968,97.592338
2019-09-16,22.558013,97.761119
2019-09-17,22.616252,98.644628
2019-09-18,22.624003,98.56448
2019-09-19,22.624455,98.382498
2019-09-20,22.513695,98.83321
2019-09-23,22.511513,98.664429
2019-09-24,22.322047,97.94593
2019-09-25,22.459519,98.516391
2019-09-26,22.404967,99.306552
2019-09-27,22.285854,99.07931
2019-09-30,22.398345,98.76532
2019-10-01,21.76512,98.112825
2019-10-02,21.375454,95.263345
2019-10-03,21.545857,95.720657
2019-10-04,21.852173,96.696571
2019-10-07,21.754312,94.831491
2019-10-08,21.415797,94.273287
2019-10-09,21.610777,95.4689
2019-10-10,21.749425,96.004474
2019-10-11,21.987342,97.904442
2019-10-14,21.956843,98.34761
2019-10-15,22.175438,98.524878
2019-10-16,22.131097,99.404615
2019-10-17,22.192242,99.020849
2019-10-18,22.105263,98.750234
2019-10-21,22.257162,99.969419
2019-10-22,22.177733,101.250836
2019-10-23,22.240877,101.404531
2019-10-24,22.283589,100.878386
2019-10-25,22.374343,101.234807
2019-10-28,22.499222,102.010823
2019-10-29,22.480494,101.415846
2019-10-30,22.553631,102.219207
2019-10-31,22.485455,101.099028
2019-11-01,22.340544,102.01931
2019-11-04,22.423296,102.401189
2019-11-05,22.396708,102.259752
2019-11-06,22.412442,102.151317
2019-11-07,22.47363,103.325243
2019-11-08,22.531178,101.484679
2019-11-11,22.486961,102.037225
2019-11-12,22.522145,100.688861
2019-11-13,22.53817,99.867584
2019-11-14,22.557036,100.473877
2019-11-15,22.730623,
2019-11-18,22.74206,100.275865
2019-11-19,22.728583,99.588482
2019-11-20,22.643211,
2019-11-21,22.607372,101.360214
2019-11-22,22.656542,102.486994
2019-11-25,22.826631,102.234294
2019-11-26,22.876748,100.947219
2019-11-27,22.972246,101.559169
2019-11-28,,102.107943
2019-11-29,22.880099,102.054197
2019-12-02,22.326451,102.834929
2019-12-03,22.178246,102.735923
2019-12-04,22.318492,104.004139
2019-12-05,22.351975,104.306814
2019-12-06,22.556176,104.782042
2019-12-09,22.484835,104.641548
2019-12-10,22.460171,104.35396
2019-12-11,22.525489,104.62929
2019-12-12,22.71865,105.794729
2019-12-13,22.720299,106.138892
2019-12-16,22.882698,105.508084
2019-12-17,22.890371,106.186981
2019-12-18,22.880475,107.788988
2019-12-19,22.982506,108.558405
2019-12-20,23.096149,108.548975
2019-12-23,23.116154,109.248616
2019-12-24,23.111636,
2019-12-26,23.230156,110.512118
2019-12-27,23.230946,109.88131
2019-12-30,23.096652,109.34385
2019-12-31,23.164695,
2020-01-02,24.726264,111.803908
2020-01-03,24.5517,110.987346
2020-01-06,24.63845,110.205672
2020-01-07,24.569382,110.002003
2020-01-08,24.689833,109.610694
2020-01-09,24.85415,109.327821
2020-01-10,24.783187,108.909168
2020-01-13,24.95608,110.627154
2020-01-14,24.918283,110.916628
2020-01-15,24.964885,109.768161
2020-01-16,25.173755,110.041605
2020-01-17,25.27098,111.714331
2020-01-20,,112.076409
2020-01-21,25.203962,110.345223
2020-01-22,25.211248,111.632298
2020-01-23,25.240013,112.704389
2020-01-24,25.011789,111.618154
2020-01-27,24.618336,107.946455
2020-01-28,24.865838,109.82945
2020-01-29,24.844283,108.797904
2020-01-30,24.922154,108.932741
2020-01-31,24.480887,107.266615
2020-02-03,26.191814,108.085063
2020-02-04,26.584178,108.960085
2020-02-05,26.883266,109.404197
2020-02-06,26.972671,108.614036
2020-02-07,26.826996,107.275101
2020-02-10,27.023541,106.143607
2020-02-11,27.069169,108.784703
2020-02-12,27.244108,110.013318
2020-02-13,27.199688,109.059091
2020-02-14,27.249831,107.851221
2020-02-17,,108.726243
2020-02-18,27.170263,108.413196
2020-02-19,27.298121,109.866224
2020-02-20,27.193964,108.044518
2020-02-21,26.907935,107.191182
2020-02-24,26.006153,
2020-02-25,25.218687,
2020-02-26,25.123397,99.682774
2020-02-27,24.013866,97.104852
2020-02-28,23.816032,98.225032
2020-03-02,26.564343,100.537995
2020-03-03,25.817675,99.512107
2020-03-04,26.907248,101.102799
2020-03-05,25.994498,96.396725
2020-03-06,25.551192,92.40255
2020-03-09,23.610075,81.153609
2020-03-10,24.776326,86.94969
2020-03-11,23.565545,80.30876
2020-03-12,21.324163,68.439384
2020-03-13,23.304565,77.958081
2020-03-16,20.511733,67.105163
2020-03-17,21.741511,70.357267
2020-03-18,20.614632,63.0761
2020-03-19,20.711681,64.431065
2020-03-20,19.813633,63.240167
2020-03-23,19.233215,59.940918
2020-03-24,21.037824,65.748313
2020-03-25,21.280496,70.676914
2020-03-26,22.6087,73.273694
2020-03-27,21.847073,69.237087
2020-03-30,22.579299,70.378954
2020-03-31,22.217743,68.851436
2020-04-01,22.331194,68.430974
2020-04-02,22.841001,69.671019
2020-04-03,22.495254,67.05304
2020-04-06,24.077374,71.425981
2020-04-07,24.038777,73.629326
2020-04-08,24.857453,75.815314
2020-04-09,25.217573,74.906012
2020-04-13,24.962758,76.018774
2020-04-14,25.725934,77.062108
2020-04-15,25.15918,76.013952
2020-04-16,25.305523,75.031367
2020-04-17,25.983549,76.16727
2020-04-20,25.518936,76.150878
2020-04-21,24.736148,
2020-04-22,25.303354,77.803628
2020-04-23,25.289705,76.825863
2020-04-24,25.641688,72.639026
2020-04-27,26.018982,75.443108
2020-04-28,25.882581,78.406293
2020-04-29,26.570641,80.198861
2020-04-30,26.32586,77.629096
2020-05-01,26.977127,
2020-05-04,27.091775,76.057344
2020-05-05,27.3367,76.631082
2020-05-06,27.145906,76.238626
2020-05-07,27.45821,75.327396
2020-05-08,27.921472,77.394779
2020-05-11,27.925188,76.23959
2020-05-12,27.352712,75.089222
2020-05-13,26.87506,74.992796
2020-05-14,27.18479,76.18752
2020-05-15,27.291527,74.785479
2020-05-18,28.151243,78.29251
2020-05-19,27.856094,77.856662
2020-05-20,28.319929,78.413043
2020-05-21,28.099781,80.060007
2020-05-22,28.16592,79.236525
2020-05-25,,82.601809
2020-05-26,28.512056,82.414741
2020-05-27,28.934813,84.803225
2020-05-28,28.87382,83.841853
2020-05-29,29.012771,84.279629
2020-06-01,30.794417,85.45314
2020-06-02,31.047265,87.792446
2020-06-03,31.471028,89.678548
2020-06-04,31.365012,90.475995
2020-06-05,32.18714,91.25512
2020-06-08,32.574724,94.155629
2020-06-09,32.320668,93.289719
2020-06-10,32.148946,91.302369
2020-06-11,30.253956,
2020-06-12,30.649099,89.478945
2020-06-15,30.903861,89.074918
2020-06-16,31.489872,90.188644
2020-06-17,31.376499,92.132601
2020-06-18,31.395143,92.689946
2020-06-19,31.217777,93.120973
2020-06-22,31.420539,91.929141
2020-06-23,31.555881,92.545307
2020-06-24,30.739999,91.004412
2020-06-25,31.076892,92.553021
2020-06-26,30.323995,90.480816
2020-06-29,30.769324,92.313883
2020-06-30,31.243475,91.659147
2020-07-01,31.507282,92.765159
2020-07-02,31.650364,92.796015
2020-07-03,,93.307076
2020-07-06,32.153027,95.401459
2020-07-07,31.805178,94.267483
2020-07-08,32.054132,96.204691
2020-07-09,31.873231,95.61649
2020-07-10,32.206823,96.457329
2020-07-13,31.905285,95.170035
2020-07-14,32.333019,96.850749
2020-07-15,32.626669,98.15347
2020-07-16,32.515539,96.959711
2020-07-17,32.608163,99.211269
2020-07-20,32.882298,100.694308
2020-07-21,32.937509,100.582453
2020-07-22,33.126803,100.563168
2020-07-23,32.718686,98.637531
2020-07-24,32.516144,98.723351
2020-07-27,32.756606,100.743485
2020-07-28,32.544559,100.388636
2020-07-29,32.949035,101.831176
2020-07-30,32.825468,101.256474
2020-07-31,33.077256,99.234411
2020-08-03,33.428587,99.155341
2020-08-04,33.549329,97.599018
2020-08-05,33.765042,99.128342
2020-08-06,33.982074,100.405028
2020-08-07,34.003585,99.103271
2020-08-10,34.096831,99.7474
2020-08-11,33.825108,98.522784
2020-08-12,34.298543,98.468785
2020-08-13,34.228328,96.870998
2020-08-14,34.222445,97.731122
2020-08-17,34.315182,96.035945
2020-08-18,34.394224,98.417679
2020-08-19,34.242738,97.249954
2020-08-20,34.350898,97.842013
2020-08-21,34.469103,97.893119
2020-08-24,34.815301,98.642352
2020-08-25,34.940509,98.468785
2020-08-26,35.29675,97.031066
2020-08-27,35.355803,97.028173
2020-08-28,35.593838,98.492891
2020-08-31,35.515711,95.818021
2020-09-01,35.905619,98.516998
2020-09-02,36.457342,98.269182
2020-09-03,35.176747,97.121707
2020-09-04,34.890653,97.624089
2020-09-08,33.922216,96.474685
2020-09-09,34.605579,97.672302
2020-09-10,33.997047,95.303104
2020-09-11,34.01517,94.847971
2020-09-14,34.448585,96.691645
2020-09-15,34.628385,96.713823
2020-09-16,34.468438,96.11405
2020-09-17,34.178477,96.52097
2020-09-18,33.796273,94.777579
2020-09-21,33.405213,93.525
2020-09-22,33.756568,93.817172
2020-09-23,32.955813,92.313883
2020-09-24,33.054267,93.545249
2020-09-25,33.582366,93.532714
2020-09-28,34.123397,91.283084
2020-09-29,33.959173,90.235893
2020-09-30,34.239462,91.222335
2020-10-01,34.905187,92.067031
2020-10-02,34.570877,90.656312
2020-10-05,35.192209,92.655233
2020-10-06,34.700451,92.198171
2020-10-07,35.304126,92.112352
2020-10-08,35.586916,94.420802
2020-10-09,35.899851,93.999418
2020-10-12,36.489176,
2020-10-13,36.259042,94.982968
2020-10-14,36.018893,95.784272
2020-10-15,35.963865,95.514278
2020-10-16,35.968717,94.795901
2020-10-19,35.381353,95.132429
2020-10-20,35.548613,96.947175
2020-10-21,35.470558,96.958746
2020-10-22,35.655677,98.275932
2020-10-23,35.778538,97.641446
2020-10-26,35.113432,97.407129
2020-10-27,35.007192,96.046552
2020-10-28,33.771863,91.960962
2020-10-29,34.175346,93.130615
2020-10-30,33.760815,90.594599
2020-11-02,34.664619,
2020-11-03,35.281624,92.171172
2020-11-04,36.05948,94.315697
2020-11-05,36.761204,97.172813
2020-11-06,36.750628,97.19692
2020-11-09,37.180606,100.19964
2020-11-10,37.128561,101.586253
2020-11-11,37.412663,100.79652
2020-11-12,37.03934,98.523748
2020-11-13,37.543458,100.777235
2020-11-16,37.980766,102.626694
2020-11-17,37.798765,103.397142
2020-11-18,37.361666,102.6778
2020-11-19,37.509112,102.710585
2020-11-20,37.254329,
2020-11-23,37.464292,103.541782
2020-11-24,38.069777,105.862767
2020-11-25,38.009459,106.197367
2020-11-26,,106.288007
2020-11-27,38.100567,106.623572
2020-11-30,37.925474,104.996857
2020-12-01,38.908424,107.356413
2020-12-02,38.978115,107.818296
2020-12-03,38.953787,108.883808
2020-12-04,39.297993,109.619542
2020-12-07,39.221927,109.564579
2020-12-08,39.331244,109.512509
2020-12-09,39.018592,108.693848
2020-12-10,38.968449,110.882729
2020-12-11,38.919154,111.2019
2020-12-14,38.749495,110.866336
2020-12-15,39.250187,111.99549
2020-12-16,39.31977,113.732131
2020-12-17,39.546159,113.934627
2020-12-18,39.407308,113.473708
2020-12-21,39.253372,111.870136
2020-12-22,39.171996,112.190272
2020-12-23,39.201211,113.645347
2020-12-24,39.33985,
2020-12-28,39.682993,114.796679
2020-12-29,39.594604,115.205528
2020-12-30,39.647722,115.042567
2020-12-31,39.903007,
2021-01-04,35.081684,114.321297
2021-01-05,35.330153,114.962533
2021-01-06,35.531883,115.568091
2021-01-07,36.059439,117.597868
2021-01-08,36.257473,120.607339
2021-01-11,36.019814,118.418458
2021-01-12,36.034791,119.566897
2021-01-13,36.116793,117.678867
2021-01-14,35.98123,119.068372
2021-01-15,35.722524,116.195827
2021-01-18,,116.909383
2021-01-19,36.013176,116.360717
2021-01-20,36.515042,115.430201
2021-01-21,36.526607,114.210406
2021-01-22,36.41664,112.984826
2021-01-25,36.548317,
2021-01-26,36.493902,112.302127
2021-01-27,35.556816,111.740924
2021-01-28,35.903873,115.050281
2021-01-29,35.210516,111.861458
2021-02-01,32.298463,113.170929
2021-02-02,32.747355,114.008875
2021-02-03,32.780389,115.446594
2021-02-04,33.136165,114.999175
2021-02-05,33.265313,115.639447
2021-02-08,33.511455,115.245062
2021-02-09,33.474139,115.161171
2021-02-10,33.462584,114.197871
2021-02-11,33.518214,114.974104
2021-02-12,33.67612,114.859357
2021-02-16,33.656949,
2021-02-17,33.646165,116.088794
2021-02-18,33.497589,114.882499
2021-02-19,33.435455,114.504507
2021-02-22,33.176904,108.641778
2021-02-23,33.218584,111.109331
2021-02-24,33.595669,111.534572
2021-02-25,32.773287,108.244501
2021-02-26,32.617607,106.102869
2021-03-01,30.435414,106.392148
2021-03-02,30.18947,107.554087
2021-03-03,29.795008,107.210809
2021-03-04,29.395242,108.662991
2021-03-05,29.96833,111.085224
2021-03-08,29.807723,106.659249
2021-03-09,30.229641,107.352556
2021-03-10,30.411935,108.745918
2021-03-11,30.728082,110.875015
2021-03-12,30.759283,110.080461
2021-03-15,30.95897,110.746768
2021-03-16,30.910374,109.944499
2021-03-17,30.999377,112.384089
2021-03-18,30.541809,110.731339
2021-03-19,30.523402,112.068774
2021-03-22,30.737832,110.870193
2021-03-23,30.503276,109.214551
2021-03-24,30.336505,108.059362
2021-03-25,30.495476,109.685112
2021-03-26,31.002652,110.679269
2021-03-29,30.975742,111.29447
2021-03-30,30.877925,112.674333
2021-03-31,30.989781,112.466052
2021-04-01,29.048103,111.134402
2021-04-05,29.467506,135.717694
2021-04-06,29.438818,135.695752
2021-04-07,29.482247,135.84011
2021-04-08,29.606681,136.635814
2021-04-09,29.835243,135.893234
2021-04-12,29.829393,137.212092
2021-04-13,29.927665,137.772203
2021-04-14,29.805329,138.92476
2021-04-15,30.135995,139.393637
2021-04-16,30.244751,139.870597
2021-04-19,30.084255,139.662721
2021-04-20,29.879612,138.655676
2021-04-21,30.157674,
2021-04-22,29.879902,137.857663
2021-04-23,30.20645,139.196154
2021-04-26,30.260286,139.271221
2021-04-27,30.253783,137.877296
2021-04-28,30.228202,139.80015
2021-04-29,30.43263,138.660296
2021-04-30,30.213676,137.306791
2021-05-03,28.219466,137.670575
2021-05-04,28.031007,135.941738
2021-05-05,28.050726,138.080552
2021-05-06,28.279773,138.49284
2021-05-07,28.488289,140.937694
2021-05-10,28.190996,140.788716
2021-05-11,27.946469,142.007101
2021-05-12,27.347034,138.249163
2021-05-13,27.679934,139.399411
2021-05-14,28.092862,140.75638
2021-05-17,28.021785,141.977075
2021-05-18,27.783115,142.025579
2021-05-19,27.701338,141.628305
2021-05-20,27.993719,141.703371
2021-05-21,27.971775,141.577491
2021-05-24,28.249012,143.2405
2021-05-25,28.188974,142.034818
2021-05-26,28.24188,143.19084
2021-05-27,28.274791,143.62738
2021-05-28,28.296531,145.006292
2021-05-31,,145.76273
2021-06-01,26.467876,148.131363
2021-06-02,26.506174,149.671955
2021-06-03,26.409991,
2021-06-04,26.643299,150.278261
2021-06-07,26.622071,151.028925
2021-06-08,26.626731,149.886761
2021-06-09,26.578167,150.025345
2021-06-10,26.701815,150.220517
2021-06-11,26.753842,149.487177
2021-06-14,26.802406,150.37296
2021-06-15,26.748487,150.23784
2021-06-16,26.60431,149.276991
2021-06-17,26.592718,147.88884
2021-06-18,26.243702,148.290734
2021-06-21,26.611174,149.28392
2021-06-22,26.747543,148.708796
2021-06-23,26.718568,148.317296
2021-06-24,26.873836,149.571482
2021-06-25,26.963342,146.963792
2021-06-28,27.025761,147.163584
2021-06-29,27.033257,147.045787
2021-06-30,27.069161,146.439482
2021-07-01,26.290333,145.127553
2021-07-02,26.487513,147.386473
2021-07-05,,146.575756
2021-07-06,26.433959,144.468123
2021-07-07,26.52275,146.690088
2021-07-08,26.295688,144.852694
2021-07-09,26.59225,
2021-07-12,26.684024,147.354137
2021-07-13,26.590181,148.017031
2021-07-14,26.621157,148.293044
2021-07-15,26.534313,147.208624
2021-07-16,26.334274,145.467084
2021-07-19,25.916362,143.659716
2021-07-20,26.309322,144.821513
2021-07-21,26.526158,145.431283
2021-07-22,26.579653,145.683044
2021-07-23,26.849316,144.419619
2021-07-26,26.913276,145.517898
2021-07-27,26.786449,143.910323
2021-07-28,26.781459,145.84357
2021-07-29,26.894106,145.137946
2021-07-30,26.748715,140.663991
2021-08-02,25.826067,141.489721
2021-08-03,26.03793,142.715035
2021-08-04,25.917312,140.663991
2021-08-05,26.072957,140.469973
2021-08-06,26.116636,141.829252
2021-08-09,26.092089,142.070619
2021-08-10,26.11799,141.127092
2021-08-11,26.15131,140.958482
2021-08-12,26.259743,139.393637
2021-08-13,26.30195,139.962986
2021-08-16,26.370884,137.637083
2021-08-17,26.184687,136.163473
2021-08-18,25.903242,134.707185
2021-08-19,25.935794,135.310026
2021-08-20,26.146952,136.335548
2021-08-23,26.369823,135.66457
2021-08-24,26.409266,138.827752
2021-08-25,26.467897,139.528756
2021-08-26,26.313724,137.110464
2021-08-27,26.545486,139.367075
2021-08-30,26.659806,138.283809
2021-08-31,26.623838,137.176291
2021-09-01,25.788576,137.886535
2021-09-02,25.861883,134.746451
2021-09-03,25.853219,135.042097
2021-09-06,,136.123052
2021-09-07,25.765432,
2021-09-08,25.731459,130.976964
2021-09-09,25.61295,133.226645
2021-09-10,25.415152,131.985163
2021-09-13,25.473009,134.431172
2021-09-14,25.326625,134.173636
2021-09-15,25.541243,132.882495
2021-09-16,25.501625,131.416968
2021-09-17,25.269283,128.697256
2021-09-20,24.840278,125.700375
2021-09-21,24.820099,127.324119
2021-09-22,25.056377,129.670809
2021-09-23,25.360429,131.728782
2021-09-24,25.39748,130.826831
2021-09-27,25.326967,131.173291
2021-09-28,24.811206,127.178605
2021-09-29,24.850139,128.31384
2021-09-30,24.554181,128.166017
2021-10-01,23.820677,130.384517
2021-10-04,23.511344,127.489265
2021-10-05,23.75879,127.564331
2021-10-06,23.856267,127.682127
2021-10-07,24.054233,127.710999
2021-10-08,24.0082,130.307141
2021-10-11,23.843365,129.553012
2021-10-12,23.785741,
2021-10-13,23.857634,131.026623
2021-10-14,24.264719,130.713654
2021-10-15,24.445739,132.403225
2021-10-18,24.528238,132.149154
2021-10-19,24.709583,127.812627
2021-10-20,24.80012,127.943127
2021-10-21,24.874418,124.419627
2021-10-22,24.847739,122.757773
2021-10-25,24.965721,125.551397
2021-10-26,25.011153,122.900977
2021-10-27,24.884808,122.835149
2021-10-28,25.129407,122.075247
2021-10-29,25.178393,119.529919
2021-11-01,24.232732,121.897397
2021-11-02,24.321918,
2021-11-03,24.479068,121.973618
2021-11-04,24.581438,119.427136
2021-11-05,24.673196,121.057809
2021-11-08,24.695101,121.008149
2021-11-09,24.608698,121.878919
2021-11-10,24.406271,122.378977
2021-11-11,24.419718,124.408079
2021-11-12,24.596093,122.776251
2021-11-15,24.595829,
2021-11-16,24.690897,120.692871
2021-11-17,24.626661,118.887813
2021-11-18,24.710016,118.401614
2021-11-19,24.675455,118.991751
2021-11-22,24.596565,117.937357
2021-11-23,24.637324,119.717008
2021-11-24,24.693839,120.6998
2021-11-25,,122.197663
2021-11-26,24.132676,118.055154
2021-11-29,24.451232,118.736525
2021-11-30,23.987604,117.6983
2021-12-01,22.808107,116.381751
2021-12-02,23.131855,120.644366
2021-12-03,22.936424,121.341906
2021-12-06,23.205488,123.407964
2021-12-07,23.686006,124.215216
2021-12-08,23.759084,124.836534
2021-12-09,23.588468,122.751999
2021-12-10,23.813716,124.446189
2021-12-13,23.59615,124.013114
2021-12-14,23.419871,123.293632
2021-12-15,23.80275,123.998101
2021-12-16,23.594632,124.970499
2021-12-17,23.351898,123.802928
2021-12-20,23.085966,121.284163
2021-12-21,23.496386,121.838499
2021-12-22,23.735584,121.542853
2021-12-23,23.883307,121.135185
2021-12-27,24.213827,121.8743
2021-12-28,24.189367,121.104003
2021-12-29,24.223278,120.229769
2021-12-30,24.150857,121.055499
2021-12-31,24.087432,
2022-01-03,24.239333,120.016118
2022-01-04,24.224072,119.544933
2022-01-05,23.7543,116.648525
2022-01-06,23.731406,117.289477
2022-01-07,23.635289,118.626813
2022-01-10,23.60123,117.732946
2022-01-11,23.817417,119.850972
2022-01-12,23.884528,122.053304
2022-01-13,23.544326,121.873145
2022-01-14,23.563632,123.487649
2022-01-17,,123.215101
2022-01-18,23.130345,123.018773
2022-01-19,22.906223,124.74068
2022-01-20,22.653398,125.998331
2022-01-21,22.224913,125.813552
2022-01-24,22.286515,124.43926
2022-01-25,22.015246,126.856397
2022-01-26,21.982297,128.852008
2022-01-27,21.863942,129.70892
2022-01-28,22.396278,128.742296
2022-01-31,22.819253,129.793225
2022-02-01,22.974313,130.669769
2022-02-02,23.190789,129.53107
2022-02-03,22.625141,128.994057
2022-02-04,22.741817,129.628079
2022-02-07,22.657633,129.340517
2022-02-08,22.847985,129.615375
2022-02-09,23.179674,129.87753
2022-02-10,22.759757,130.914601
2022-02-11,22.328017,131.160588
2022-02-14,22.242264,131.431982
2022-02-15,22.592952,132.417083
2022-02-16,22.612861,133.018769
2022-02-17,22.134076,131.109774
2022-02-18,21.975459,130.232074
2022-02-21,,129.027548
2022-02-22,21.752563,130.375278
2022-02-23,21.352052,129.354375
2022-02-24,21.671412,128.87395
2022-02-25,22.15626,130.663995
2022-02-28,22.102141,
2022-03-01,21.758677,
2022-03-02,22.164317,133.010685
2022-03-03,22.047851,133.001446
2022-03-04,21.872923,132.202278
2022-03-07,21.227274,128.875105
2022-03-08,21.073721,128.424707
2022-03-09,21.615279,131.539384
2022-03-10,21.52251,131.265681
2022-03-11,21.243545,129.013689
2022-03-14,21.085897,126.952251
2022-03-15,21.537316,125.833185
2022-03-16,22.019402,128.319614
2022-03-17,22.291294,130.587774
2022-03-18,22.551261,133.168902
2022-03-21,22.541459,134.14361
2022-03-22,22.79627,135.433597
2022-03-23,22.516499,135.647247
2022-03-24,22.839473,137.490415
2022-03-25,22.955182,137.522752
2022-03-28,23.119196,137.126632
2022-03-29,23.402557,138.600243
2022-03-30,23.255269,138.88434
2022-03-31,22.891264,138.58292
2022-04-01,23.190007,140.397216
2022-04-04,23.377636,49.248821
2022-04-05,23.084207,48.27627
2022-04-06,22.8599,48.009478
2022-04-07,22.957131,48.26693
2022-04-08,22.896272,48.04765
2022-04-11,22.509845,47.491732
2022-04-12,22.432918,47.164436
2022-04-13,22.683597,47.422294
2022-04-14,22.408124,47.178648
2022-04-18,22.403533,46.977641
2022-04-19,22.76328,46.721813
2022-04-20,22.749202,46.432282
2022-04-21,22.413584,
2022-04-22,21.79183,45.10604
2022-04-25,21.915998,44.946452
2022-04-26,21.299144,43.942634
2022-04-27,21.343831,44.403935
2022-04-28,21.872024,44.635398
2022-04-29,21.078409,43.805786
2022-05-02,21.40367,43.303471
2022-05-03,21.507202,43.258397
2022-05-04,22.14946,43.99583
2022-05-05,21.359838,42.76136
2022-05-06,21.238637,42.692734
2022-05-09,20.558213,41.927282
2022-05-10,20.608743,41.870431
2022-05-11,20.269457,42.39305
2022-05-12,20.243188,42.917293
2022-05-13,20.726387,43.419203
2022-05-16,20.644593,43.950755
2022-05-17,21.060986,44.176533
2022-05-18,20.210222,43.14429
2022-05-19,20.09232,43.452095
2022-05-20,20.095257,44.054304
2022-05-23,20.468125,44.808792
2022-05-24,20.301907,44.90422
2022-05-25,20.493776,44.903814
2022-05-26,20.901259,45.435773
2022-05-27,21.418403,45.456889
2022-05-30,,45.08736
2022-05-31,21.284016,45.216898
2022-06-01,21.331686,45.220553
2022-06-02,21.724851,45.640029
2022-06-03,21.369708,45.115785
2022-06-06,21.436753,44.74382
2022-06-07,21.640904,44.696716
2022-06-08,21.407313,44.005575
2022-06-09,20.897847,43.488235
2022-06-10,20.289504,42.833236
2022-06-13,19.502912,41.66252
2022-06-14,19.429314,37.738337
2022-06-15,19.712837,38.013435
2022-06-16,19.071934,
2022-06-17,19.113909,36.910825
2022-06-20,,36.921178
2022-06-21,19.581764,36.859059
2022-06-22,19.556277,36.798789
2022-06-23,19.742692,36.265602
2022-06-24,20.346094,36.484497
2022-06-27,20.285603,37.258025
2022-06-28,19.87699,37.194057
2022-06-29,19.862842,36.835765
2022-06-30,19.688858,36.436429
2022-07-01,20.071693,36.588768
2022-07-04,,36.461202
2022-07-05,20.103489,36.345099
2022-07-06,20.175322,36.501875
2022-07-07,20.477237,37.245453
2022-07-08,20.460236,37.082391
2022-07-11,20.224381,36.31441
2022-07-12,20.037429,36.336225
2022-07-13,19.948124,36.19202
2022-07-14,19.888307,35.541251
2022-07-15,20.270188,35.700246
2022-07-18,20.100656,35.835207
2022-07-19,20.656003,36.326611
2022-07-20,20.777787,36.342141
2022-07-21,20.982684,36.617979
2022-07-22,20.786864,36.578045
2022-07-25,20.814202,37.075366
2022-07-26,20.57394,36.891228
2022-07-27,21.112078,37.50724
2022-07-28,21.368238,37.935787
2022-07-29,21.671832,38.145808
2022-08-01,21.802459,37.798238
2022-08-02,21.657203,38.218649
2022-08-03,21.995888,38.371358
2022-08-04,21.97879,39.15413
2022-08-05,21.943058,39.368588
2022-08-08,21.915902,40.082216
2022-08-09,21.822788,40.174285
2022-08-10,22.287409,40.760347
2022-08-11,22.271686,40.568814
2022-08-12,22.657485,41.695089
2022-08-15,22.747424,41.794183
2022-08-16,22.790091,41.971666
2022-08-17,22.625141,42.044138
2022-08-18,22.676491,42.082962
2022-08-19,22.383964,41.226239
2022-08-22,21.904945,40.858333
2022-08-23,21.855925,41.729476
2022-08-24,21.919661,41.744636
2022-08-25,22.228544,41.979061
2022-08-26,21.479707,41.523153
2022-08-29,21.336516,41.532027
2022-08-30,21.101214,40.83245
2022-08-31,20.936265,40.496712
2022-09-01,21.187043,40.822836
2022-09-02,20.959568,40.992554
2022-09-05,,41.487656
2022-09-06,20.873738,40.585823
2022-09-07,21.256583,
2022-09-08,21.397105,40.642026
2022-09-09,21.72387,41.523522
2022-09-12,21.953801,41.932842
2022-09-13,21.004593,43.008389
2022-09-14,21.075736,42.912508
2022-09-15,20.837206,42.682315
2022-09-16,20.68755,42.42068
2022-09-19,20.829407,43.408218
2022-09-20,20.594616,43.677229
2022-09-21,20.242108,43.451695
2022-09-22,20.071516,44.280078
2022-09-23,19.725631,43.366294
2022-09-26,19.521658,42.356241
2022-09-27,19.480265,42.069762
2022-09-28,19.863484,42.098876
2022-09-29,19.443839,41.793375
2022-09-30,19.150885,42.714535
2022-10-03,20.166462,45.081289
2022-10-04,20.783227,45.118554
2022-10-05,20.741288,45.623501
2022-10-06,20.528792,45.764812
2022-10-07,19.953911,45.303119
2022-10-10,19.804407,45.134169
2022-10-11,19.675299,44.700505
2022-10-12,19.610552,
2022-10-13,20.119752,44.495352
2022-10-14,19.643666,43.628023
2022-10-17,20.163831,44.232194
2022-10-18,20.394254,45.057091
2022-10-19,20.258182,45.263801
2022-10-20,20.097111,45.612991
2022-10-21,20.573911,46.686641
2022-10-24,20.81837,45.162198
2022-10-25,21.157015,44.622259
2022-10-26,21.000713,43.897409
2022-10-27,20.872974,44.628098
2022-10-28,21.387,44.588391
2022-10-31,21.227572,45.171541
2022-11-01,21.715128,45.518784
2022-11-02,21.172207,
2022-11-03,20.948078,45.505937
2022-11-04,21.233364,45.996048
2022-11-07,21.437501,44.900987
2022-11-08,21.557506,45.219423
2022-11-09,21.109587,44.215066
2022-11-10,22.279786,42.733834
2022-11-11,22.485668,43.698484
2022-11-14,22.284741,44.051955
2022-11-15,22.47891,
2022-11-16,22.293413,42.91602
2022-11-17,22.224542,42.705805
2022-11-18,22.330299,42.385423
2022-11-21,22.243575,42.723323
2022-11-22,22.545643,42.446541
2022-11-23,22.678993,42.308734
2022-11-24,,43.534205
2022-11-25,22.672574,42.423184
2022-11-28,22.322414,42.347273
2022-11-29,22.28688,43.175673
2022-11-30,22.976612,43.789187
2022-12-01,23.59809,43.181902
2022-12-02,23.569898,43.570409
2022-12-05,23.148134,42.588241
2022-12-06,22.814819,42.639627
2022-12-07,22.77233,42.57267
2022-12-08,22.943618,41.748941
2022-12-09,22.774992,41.921784
2022-12-12,23.100203,40.977766
2022-12-13,23.268596,40.443666
2022-12-14,23.127757,39.595948
2022-12-15,22.551375,39.571153
2022-12-16,22.300203,39.222887
2022-12-19,22.099334,39.873264
2022-12-20,22.122258,40.807442
2022-12-21,22.451172,40.934847
2022-12-22,22.126714,40.936373
2022-12-23,22.256556,41.844612
2022-12-26,,41.478418
2022-12-27,22.166425,41.329269
2022-12-28,21.899971,42.050215
2022-12-29,22.282374,41.971636
2022-12-30,22.22576,
2023-01-02,,40.577426
2023-01-03,22.033956,39.734415
2023-01-04,22.200069,40.179952
2023-01-05,21.941537,41.013045
2023-01-06,22.442699,41.5158
2023-01-09,22.425472,41.664948
2023-01-10,22.581962,42.307696
2023-01-11,22.872127,42.632312
2023-01-12,22.950256,42.675798
2023-01-13,23.041985,42.309222
2023-01-16,,41.659608
2023-01-17,22.995198,42.508722
2023-01-18,22.637333,42.895133
2023-01-19,22.464421,43.106458
2023-01-20,22.889412,42.837534
2023-01-23,23.161369,42.611714
2023-01-24,23.14489,43.11485
2023-01-25,23.140684,43.560006
2023-01-26,23.395413,43.527201
2023-01-27,23.453781,42.914206
2023-01-30,23.149615,42.679994
2023-01-31,23.488583,43.307102
2023-02-01,23.62429,42.838297
2023-02-02,23.971552,41.935017
2023-02-03,23.723336,41.383817
2023-02-06,23.577664,41.370848
2023-02-07,23.881168,41.166389
2023-02-08,23.616547,41.9148
2023-02-09,23.408018,41.11413
2023-02-10,23.459404,41.254123
2023-02-13,23.727982,41.519614
2023-02-14,23.721328,41.06683
2023-02-15,23.787112,41.74696
2023-02-16,23.459117,41.923573
2023-02-17,23.394197,41.693938
2023-02-21,22.925348,
2023-02-22,22.889274,40.873433
2023-02-23,23.01126,41.090099
2023-02-24,22.768778,40.385555
2023-02-27,22.838747,40.32376
2023-02-28,22.769408,40.026608
2023-03-01,22.557458,39.817953
2023-03-02,22.728493,39.413995
2023-03-03,23.095507,39.619979
2023-03-06,23.111377,39.938111
2023-03-07,22.757151,39.758065
2023-03-08,22.789348,40.639984
2023-03-09,22.368671,40.07963
2023-03-10,22.044814,39.525379
2023-03-13,22.011532,39.335797
2023-03-14,22.374208,39.263702
2023-03-15,22.218016,39.165669
2023-03-16,22.608209,39.455573
2023-03-17,22.359079,38.901322
2023-03-20,22.558486,38.497364
2023-03-21,22.851345,38.525973
2023-03-22,22.475138,38.229584
2023-03-23,22.542216,37.35415
2023-03-24,22.66935,37.698601
2023-03-27,22.706685,38.019403
2023-03-28,22.670948,38.597304
2023-03-29,22.993721,38.829228
2023-03-30,23.125136,39.561617
2023-03-31,23.458983,38.863177
2023-04-03,23.286966,38.512819
2023-04-04,23.151972,38.650546
2023-04-05,23.094269,38.312488
2023-04-06,23.176927,38.2533
2023-04-10,23.200018,38.642199
2023-04-11,23.199059,40.299101
2023-04-12,23.103133,40.555585
2023-04-13,23.409543,40.391678
2023-04-14,23.3611,40.323763
2023-04-17,23.438335,40.223977
2023-04-18,23.45838,40.279751
2023-04-19,23.456404,39.426069
2023-04-20,23.316778,39.598323
2023-04-21,23.337838,
2023-04-24,23.357712,39.438969
2023-04-25,22.988406,39.163135
2023-04-26,22.900103,38.818627
2023-04-27,23.34817,39.050449
2023-04-28,23.540867,39.622985
2023-05-01,23.275955,
2023-05-02,23.006274,38.672552
2023-05-03,22.845269,38.623229
2023-05-04,22.680355,38.766268
2023-05-05,23.099369,39.894646
2023-05-08,23.109813,40.233842
2023-05-09,23.003983,40.640574
2023-05-10,23.107132,40.767298
2023-05-11,23.067928,41.073865
2023-05-12,23.031405,41.152783
2023-05-15,23.099535,41.367152
2023-05-16,22.952214,41.050341
2023-05-17,23.225135,41.53068
2023-05-18,23.444497,41.77654
2023-05-19,23.410599,42.018227
2023-05-22,23.414229,41.816379
2023-05-23,23.151474,41.708625
2023-05-24,22.982037,41.280266
2023-05-25,23.183305,41.756052
2023-05-26,23.485825,42.079313
2023-05-29,,41.861908
2023-05-30,23.486215,41.343628
2023-05-31,23.342747,41.103839
2023-06-01,23.319264,41.949932
2023-06-02,23.658196,42.706105
2023-06-05,23.610795,42.758464
2023-06-06,23.666373,43.484663
2023-06-07,23.576156,43.817789
2023-06-08,23.722061,
2023-06-09,23.749295,44.398672
2023-06-12,23.970666,44.518946
2023-06-13,24.136842,44.293953
2023-06-14,24.15662,47.800796
2023-06-15,24.450803,47.861817
2023-06-16,24.361029,47.675944
2023-06-19,,48.117544
2023-06-20,24.245677,48.022801
2023-06-21,24.118501,48.343161
2023-06-22,24.208,47.7466
2023-06-23,24.022596,47.763862
2023-06-26,23.91481,47.469195
2023-06-27,24.188775,47.180147
2023-06-28,24.18021,46.842123
2023-06-29,24.288382,47.525398
2023-06-30,24.586376,47.406568
2023-07-03,24.469163,48.043275
2023-07-04,,47.803606
2023-07-05,24.421,47.993494
2023-07-06,24.227524,47.141206
2023-07-07,24.15811,47.732147
2023-07-10,24.216211,47.348357
2023-07-11,24.379481,47.058507
2023-07-12,24.560163,47.237555
2023-07-13,24.768192,47.87908
2023-07-14,24.742819,47.255621
2023-07-17,24.838212,47.45956
2023-07-18,25.014992,47.30781
2023-07-19,25.073976,47.19179
2023-07-20,24.904553,47.404962
2023-07-21,24.912625,48.261666
2023-07-24,25.013126,48.713302
2023-07-25,25.08353,48.980671
2023-07-26,25.079631,49.202274
2023-07-27,24.918503,48.170536
2023-07-28,25.164644,48.249622
2023-07-31,25.201603,48.954577
2023-08-01,24.986242,48.675566
2023-08-02,24.640444,48.5194
2023-08-03,24.577661,48.409803
2023-08-04,24.447397,47.977035
2023-08-07,24.668013,47.925649
2023-08-08,24.563956,47.809227
2023-08-09,24.391057,47.535836
2023-08-10,24.397172,47.51215
2023-08-11,24.371075,47.397736
2023-08-14,24.51122,46.89391
2023-08-15,24.228093,46.637381
2023-08-16,24.045041,46.404939
2023-08-17,23.859583,46.160051
2023-08-18,23.856035,46.331472
2023-08-21,24.020145,45.938047
2023-08-22,23.95343,46.631359
2023-08-23,24.217993,47.425838
2023-08-24,23.892068,46.980624
2023-08-25,24.052574,46.503295
2023-08-28,24.203254,47.018763
2023-08-29,24.554402,47.533829
2023-08-30,24.648524,47.184965
2023-08-31,24.609162,46.465157
2023-09-01,24.508928,47.328686
2023-09-04,,47.282117
2023-09-05,24.406133,47.103068
2023-09-06,24.235984,46.56271
2023-09-07,24.158155,
2023-09-08,24.19262,46.292933
2023-09-11,24.355278,46.923216
2023-09-12,24.216553,47.358795
2023-09-13,24.246621,53.06275
2023-09-14,24.451018,53.608752
2023-09-15,24.153703,53.324076
2023-09-18,24.171125,53.113039
2023-09-19,24.119133,52.914575
2023-09-20,23.892538,53.295788
2023-09-21,23.500678,52.150801
2023-09-22,23.44673,52.089735
2023-09-25,23.541058,52.052018
2023-09-26,23.194192,51.274325
2023-09-27,23.19951,51.334493
2023-09-28,23.336229,51.964909
2023-09-29,23.272998,52.339387
2023-10-02,22.935429,51.662273
2023-10-03,22.620203,50.926787
2023-10-04,22.803648,51.011202
2023-10-05,22.773911,50.86617
2023-10-06,23.042982,51.263997
2023-10-09,23.188242,51.706726
2023-10-10,23.309006,52.416618
2023-10-11,23.409072,52.557608
2023-10-12,23.262848,
2023-10-13,23.146096,51.975236
2023-10-16,23.391314,52.325468
2023-10-17,23.389016,52.044385
2023-10-18,23.075607,51.214606
2023-10-19,22.87986,51.189461
2023-10-20,22.591911,50.808247
2023-10-23,22.55383,50.642112
2023-10-24,22.717702,51.080799
2023-10-25,22.391938,50.662318
2023-10-26,22.126985,51.536549
2023-10-27,22.02077,50.873804
2023-10-30,22.28524,50.528511
2023-10-31,22.429536,50.803308
2023-11-01,22.339406,51.660477
2023-11-02,22.760695,
2023-11-03,22.974503,53.055566
2023-11-06,23.014777,53.202393
2023-11-07,23.080142,53.553074
2023-11-08,23.103336,53.47719
2023-11-09,22.916572,53.438126
2023-11-10,23.274447,54.167326
2023-11-13,23.254994,54.050582
2023-11-14,23.698583,55.376073
2023-11-15,23.73643,
2023-11-16,23.764686,55.936443
2023-11-17,23.795154,56.154664
2023-11-20,23.971007,56.618496
2023-11-21,23.922563,56.399377
2023-11-22,24.019716,56.591556
2023-11-23,,56.834472
2023-11-24,24.034052,56.370191
2023-11-27,23.987086,56.433502
2023-11-28,24.010596,56.81741
2023-11-29,23.987876,56.621191
2023-11-30,24.078648,57.173478
2023-12-01,23.87689,57.520118
2023-12-04,23.747751,56.936399
2023-12-05,23.734242,56.9813
2023-12-06,23.641531,56.406562
2023-12-07,23.829911,56.58033
2023-12-08,23.927507,57.067062
2023-12-11,24.02141,56.987137
2023-12-12,24.131893,56.756793
2023-12-13,24.46131,58.131676
2023-12-14,24.52606,62.308797
2023-12-15,24.52419,62.001639
2023-12-18,24.635244,62.424041
2023-12-19,24.779765,62.789297
2023-12-20,24.415892,62.290701
2023-12-21,24.667412,62.946924
2023-12-22,24.708361,63.218842
2023-12-26,24.812919,63.590289
2023-12-27,24.848413,63.905067
2023-12-28,24.857611,63.900781
2023-12-29,24.787352,
2024-01-02,24.691523,63.192174
2024-01-03,24.493588,63.257415
2024-01-04,24.409615,62.491663
2024-01-05,24.454179,62.871206
2024-01-08,24.799341,63.063596
2024-01-09,24.76269,62.596907
2024-01-10,24.902995,62.308321
2024-01-11,24.886283,62.216888
2024-01-12,24.904972,62.378324
2024-01-15,,62.632146
2024-01-16,24.812043,61.571618
2024-01-17,24.672677,61.204933
2024-01-18,24.889926,60.629666
2024-01-19,25.196408,60.782055
2024-01-22,25.251697,60.28965
2024-01-23,25.325467,61.080641
2024-01-24,25.346029,60.867773
2024-01-25,25.479359,61.035877
2024-01-26,25.462752,61.415896
2024-01-29,25.655168,61.194932
2024-01-30,25.639758,60.670621
2024-01-31,25.226811,60.837296
2024-02-01,25.588167,61.184456
2024-02-02,25.861563,60.565854
2024-02-05,25.779159,60.761578
2024-02-06,25.83872,62.10593
2024-02-07,26.051668,61.721149
2024-02-08,26.066533,61.058735
2024-02-09,26.216216,60.967778
2024-02-12,26.191338,
2024-02-13,25.833191,
2024-02-14,26.080667,60.487755
2024-02-15,26.232489,60.862059
2024-02-16,26.106482,61.301128
2024-02-19,,61.448755
2024-02-20,25.949704,61.867823
2024-02-21,25.98251,61.923064
2024-02-22,26.531335,62.022592
2024-02-23,26.540567,61.631144
2024-02-26,26.440064,61.721625
2024-02-27,26.48518,62.71215
2024-02-28,26.441264,61.981638
2024-02-29,26.579528,61.441135
2024-03-01,26.840901,61.517329
2024-03-04,26.808873,61.117786
2024-03-05,26.535607,61.002066
2024-03-06,26.67203,61.379227
2024-03-07,26.946862,61.11731
2024-03-08,26.770939,60.512994
2024-03-11,26.740895,60.062019
2024-03-12,27.040441,60.797294
2024-03-13,26.988401,60.958254
2024-03-14,26.910915,60.80777
2024-03-15,26.736454,60.35632
2024-03-18,26.905376,60.457277
2024-03-19,27.057369,60.7311
2024-03-20,27.298292,61.491138
2024-03-21,27.386644,61.031115
2024-03-22,27.348243,60.492041
2024-03-25,27.264695,60.446324
2024-03-26,27.188359,60.413941
2024-03-27,27.423012,60.808247
2024-03-28,27.453629,61.005875
2024-04-01,27.144477,60.969478
2024-04-02,26.947976,61.237861
2024-04-03,26.97738,61.126955
2024-04-04,26.644632,61.179768
2024-04-05,26.940366,60.875857
2024-04-08,26.930273,61.865848
2024-04-09,26.969201,62.361805
2024-04-10,26.714153,61.480318
2024-04-11,26.913035,61.164404
2024-04-12,26.521432,60.468241
2024-04-15,26.202608,60.174412
2024-04-16,26.148722,59.720706
2024-04-17,25.997567,59.616042
2024-04-18,25.94016,59.628044
2024-04-19,25.712962,60.073589
2024-04-22,25.937468,60.289159
2024-04-23,26.247799,60.085111
2024-04-24,26.25339,59.889706
2024-04-25,26.133243,59.844095
2024-04-26,26.400041,60.746706
2024-04-29,26.483952,61.143279
2024-04-30,26.067346,60.457679
2024-05-01,25.739294,
2024-05-02,25.974253,61.032853
2024-05-03,26.300405,61.698769
2024-05-06,26.571987,61.678124
2024-05-07,26.607684,62.035328
2024-05-08,26.607529,62.165439
2024-05-09,26.742987,61.544653
2024-05-10,26.787096,61.262347
2024-05-13,26.780633,61.528809
2024-05-14,26.910192,61.70165
2024-05-15,27.22547,61.467835
2024-05-16,27.168796,61.590744
2024-05-17,27.200441,61.526889
2024-05-20,27.225367,61.334844
2024-05-21,27.293482,61.172086
2024-05-22,27.219622,60.326128
2024-05-23,27.01872,59.883944
2024-05-24,27.207879,59.680857
2024-05-27,,59.772078
2024-05-28,27.214649,59.428318
2024-05-29,27.014157,58.913157
2024-05-30,26.852746,
2024-05-31,27.068317,58.620768
2024-06-03,26.852002,58.589081
2024-06-04,26.892355,58.478655
2024-06-05,27.210967,58.289011
2024-06-06,27.205529,59.005338
2024-06-07,27.175189,57.981739
2024-06-10,27.245324,57.978378
2024-06-11,27.31917,58.398476
2024-06-12,27.551483,57.582765
2024-06-13,27.616082,57.406084
2024-06-14,27.605205,59.656453
2024-06-17,27.816782,59.395217
2024-06-18,27.886917,59.6405
2024-06-19,,59.955079
2024-06-20,27.816477,60.04731
2024-06-21,27.773024,60.493504
2024-06-24,27.687894,61.139614
2024-06-25,27.796807,60.98706
2024-06-26,27.840516,61.141608
2024-06-27,27.865776,61.972676
2024-06-28,27.751982,61.772761
2024-07-01,27.661748,62.177078
2024-07-02,27.833122,62.211477
2024-07-03,27.974638,62.647701
2024-07-04,,62.897969
2024-07-05,28.127065,62.949319
2024-07-08,28.155662,63.089409
2024-07-09,28.176527,63.368592
2024-07-10,28.464155,63.423431
2024-07-11,28.214723,63.959862
2024-07-12,28.370384,64.260482
2024-07-15,28.450564,64.471864
2024-07-16,28.632346,64.366672
2024-07-17,28.233568,64.536176
2024-07-18,28.012883,63.639798
2024-07-19,27.812863,63.621851
2024-07-22,28.113021,63.743495
2024-07-23,28.069218,63.110347
2024-07-24,27.419441,63.027091
2024-07-25,27.278433,62.793275
2024-07-26,27.580963,63.560032
2024-07-29,27.603395,63.291817
2024-07-30,27.466478,62.885505
2024-07-31,27.900267,63.639798
2024-08-01,27.356505,63.511673
2024-08-02,26.853642,62.743421
2024-08-05,26.04887,62.452273
2024-08-06,26.318583,62.949319
2024-08-07,26.115018,63.571
2024-08-08,26.716776,64.142827
2024-08-09,26.841588,65.116976
2024-08-12,26.842743,65.366746
2024-08-13,27.294978,66.005876
2024-08-14,27.399347,66.464534
2024-08-15,27.841387,66.880816
2024-08-16,27.896786,66.781107
2024-08-19,28.168006,67.690945
2024-08-20,28.112105,67.844995
2024-08-21,28.231291,68.032945
2024-08-22,27.979107,67.389328
2024-08-23,28.300401,67.606193
2024-08-26,28.211149,68.244825
2024-08-27,28.256152,68.18849
2024-08-28,28.087294,68.471661
2024-08-29,28.086188,67.822062
2024-08-30,28.369663,67.803616
2024-09-02,,67.293608
2024-09-03,27.607381,66.980524
2024-09-04,27.563139,67.85696
2024-09-05,27.479953,68.051889
2024-09-06,27.005642,67.089704
2024-09-09,27.318369,67.171964
2024-09-10,27.440555,66.964072
2024-09-11,27.73321,67.142051
2024-09-12,27.941078,66.818996
2024-09-13,28.092176,71.410567
2024-09-16,28.127477,71.535513
2024-09-17,28.134918,71.451863
2024-09-18,28.053427,70.810194
2024-09-19,28.529686,70.4793
2024-09-20,28.474309,69.389733
2024-09-23,28.554301,69.126607
2024-09-24,28.626006,69.967341
2024-09-25,28.572726,69.665566
2024-09-26,28.688122,70.419475
2024-09-27,28.652169,70.271234
2024-09-30,28.773556,69.787335
2024-10-01,28.043179,70.146818
2024-10-02,28.04706,70.686837
2024-10-03,27.999901,69.711097
2024-10-04,28.251068,69.774629
2024-10-07,27.980252,69.89428
2024-10-08,28.251363,69.626389
2024-10-09,28.452326,68.805772
2024-10-10,28.393426,69.012779
2024-10-11,28.565259,68.821655
2024-10-14,28.785431,69.357968
2024-10-15,28.566389,69.378086
2024-10-16,28.700055,69.752393
2024-10-17,28.695143,69.245728
2024-10-18,28.809107,69.090076
2024-10-21,28.756595,69.838108
2024-10-22,28.74294,69.494709
2024-10-23,28.478754,69.233275
2024-10-24,28.539863,69.680069
2024-10-25,28.531317,69.586853
2024-10-28,28.606966,70.294009
2024-10-29,28.653141,70.035254
2024-10-30,28.558579,69.986504
2024-10-31,28.02697,69.490423
2024-11-01,27.692753,68.637549
2024-11-04,27.614879,69.920074
2024-11-05,27.953593,69.998289
2024-11-06,28.660705,69.826858
2024-11-07,28.873689,69.473815
2024-11-08,28.982163,68.481654
2024-11-11,29.010248,68.505225
2024-11-12,28.926332,68.410938
2024-11-13,28.933049,68.430224
2024-11-14,28.758012,68.461296
2024-11-15,28.378306,
2024-11-18,28.489487,68.448439
2024-11-19,28.602407,68.678264
2024-11-20,28.603035,
2024-11-21,28.755788,67.995216
2024-11-22,28.855512,69.175952
2024-11-25,28.94267,69.127737
2024-11-26,29.10828,69.602389
2024-11-27,28.997632,68.395402
2024-11-28,,66.756621
2024-11-29,29.160245,67.323417
2024-12-02,28.77266,67.091984
2024-12-03,28.785649,67.575744
2024-12-04,28.959843,67.547886
2024-12-05,28.905695,68.496654
2024-12-06,28.977828,67.472349
2024-12-09,28.799782,68.149504
2024-12-10,28.714422,68.694872
2024-12-11,28.948898,69.426136
2024-12-12,28.792168,67.523778
2024-12-13,28.791406,66.757692
2024-12-16,28.900795,63.047869
2024-12-17,28.789122,63.628546
2024-12-18,27.940049,61.625261
2024-12-19,27.915878,61.837529
2024-12-20,28.219299,62.303908
2024-12-23,28.424941,61.622709
2024-12-24,28.738831,
2024-12-26,28.727172,61.781401
2024-12-27,28.409572,61.368599
2024-12-30,28.105533,61.375743
2024-12-31,27.985107,
2025-01-02,27.637081,61.295122
2025-01-03,27.985198,60.482786
2025-01-06,28.140181,61.242565
2025-01-07,27.827715,61.824773
2025-01-08,27.871136,61.039991
2025-01-09,,61.119592
2025-01-10,27.441596,60.6476
2025-01-13,27.484829,60.72465
2025-01-14,27.516334,60.873646
2025-01-15,28.020235,62.583531
2025-01-16,27.961037,61.861001
2025-01-17,28.240398,62.430453
2025-01-20,,62.528933
2025-01-21,28.488016,62.934591
2025-01-22,28.662874,62.747835
2025-01-23,28.815173,62.498317
2025-01-24,28.732902,62.479948
2025-01-27,28.313956,63.712229
2025-01-28,28.57495,63.300958
2025-01-29,28.441251,62.982555
2025-01-30,28.59129,64.758774
2025-01-31,28.446995,64.361791
2025-02-03,27.944541,64.277598
2025-02-04,28.146437,63.857653
2025-02-05,28.256452,64.055124
2025-02-06,28.359427,64.407715
2025-02-07,28.091012,63.588235
2025-02-10,28.279574,64.074514
2025-02-11,28.289177,64.559262
2025-02-12,28.212121,63.466283
2025-02-13,28.506269,63.706106
2025-02-14,28.504218,65.425175
2025-02-17,,65.756845
2025-02-18,28.573911,65.584887
2025-02-19,28.64183,64.960838
2025-02-20,28.517691,65.109834
2025-02-21,28.031062,64.868481
2025-02-24,27.891772,63.98726
2025-02-25,27.761246,64.282701
2025-02-26,27.765022,63.664774
2025-02-27,27.324543,63.680082
2025-02-28,27.75775,62.65956
2025-03-03,26.995801,
2025-03-04,26.665512,
2025-03-05,26.96308,62.786105
2025-03-06,26.482625,62.944796
2025-03-07,26.628825,63.800504
2025-03-10,25.910564,63.537209
2025-03-11,25.714476,63.020825
2025-03-12,25.840139,63.202988
2025-03-13,25.481194,64.107681
2025-03-14,26.023074,65.801748
2025-03-17,26.190042,66.759508
2025-03-18,25.911026,67.086586
2025-03-19,26.190826,67.613686
2025-03-20,26.133602,67.331511
2025-03-21,26.155153,67.530513
2025-03-24,26.616687,67.008006
2025-03-25,26.65859,67.389171
2025-03-26,26.361162,67.619809
2025-03-27,26.273986,67.940763
2025-03-28,25.755411,67.304467
2025-03-31,25.898058,66.466618
2025-04-01,25.764525,66.91922
2025-04-02,25.937874,81.943907
2025-04-03,24.682594,81.913301
2025-04-04,23.207819,79.486652
2025-04-07,23.15371,78.444785
2025-04-08,22.790185,77.410415
2025-04-09,24.958759,79.823947
2025-04-10,24.094997,78.923869
2025-04-11,24.530926,79.75274
2025-04-14,24.725817,80.859567
2025-04-15,24.683096,80.729021
2025-04-16,24.129988,80.149374
2025-04-17,24.162005,80.981992
2025-04-21,23.592567,
2025-04-22,24.185146,81.490433
2025-04-23,24.588098,82.584767
2025-04-24,25.086231,84.061369
2025-04-25,25.271196,84.160684
2025-04-28,25.287387,84.333703
2025-04-29,25.434115,84.381799
2025-04-30,25.471757,84.365559
2025-05-01,25.406,
2025-05-02,25.780143,84.407409
2025-05-05,25.615625,83.381158
2025-05-06,25.418558,83.396773
2025-05-07,25.529036,83.323068
2025-05-08,25.677098,85.093241
2025-05-09,25.65883,85.268135
2025-05-12,26.49425,85.299991
2025-05-13,26.686285,86.799079
2025-05-14,26.713623,86.461784
2025-05-15,26.824013,87.030813
2025-05-16,27.011922,86.938994
2025-05-19,27.035588,87.219448
2025-05-20,26.930684,87.515518
2025-05-21,26.496154,86.12324
2025-05-22,26.484366,85.743471
2025-05-23,26.306701,86.087637
2025-05-26,,86.282518
2025-05-27,26.844911,87.160109
2025-05-28,26.695352,86.752232
2025-05-29,26.802433,86.531117
2025-05-30,26.800257,85.589814
2025-06-02,26.674785,85.439906
2025-06-03,26.829507,85.913992
2025-06-04,26.831484,85.574199
2025-06-05,26.689884,85.09574
2025-06-06,26.964274,85.012041
2025-06-09,26.98908,84.760319
2025-06-10,27.13706,85.220664
2025-06-11,27.062599,85.652901
2025-06-12,27.166044,86.072646
2025-06-13,26.859166,85.705994
2025-06-16,27.111445,83.591515
2025-06-17,26.885005,83.341802
2025-06-18,26.876691,83.267968
2025-06-20,26.818136,82.306932
2025-06-23,27.075765,81.967779
2025-06-24,27.376894,82.336346
2025-06-25,27.376804,81.497165
2025-06-26,27.596369,82.305732
2025-06-27,27.740394,82.156864
2025-06-30,27.883657,83.350806
2025-07-01,27.331701,83.767395
2025-07-02,27.461392,83.468459
2025-07-03,27.690392,84.59517
2025-07-04,,84.92532
2025-07-07,27.472681,83.731979
2025-07-08,27.453014,83.619728
2025-07-09,27.619437,82.526032
2025-07-10,27.695286,82.083031
2025-07-11,27.60396,81.749279
2025-07-14,27.64281,81.216238
2025-07-15,27.533447,81.186824
2025-07-16,27.621379,81.343495
2025-07-17,27.76981,81.37591
2025-07-18,27.767297,80.065516
2025-07-21,27.806148,80.53673
2025-07-22,27.823875,80.458094
2025-07-23,28.041232,81.257657
2025-07-24,28.060811,80.321232
2025-07-25,28.172334,80.150754
2025-07-28,28.177316,79.313375
2025-07-29,28.093927,79.671737
2025-07-30,28.058826,80.430481
2025-07-31,27.955153,79.878831
2025-08-01,27.003202,79.498258
2025-08-04,27.401151,79.818804
2025-08-05,27.26804,79.926853
2025-08-06,27.466603,80.759431
2025-08-07,27.444699,81.953972
2025-08-08,27.65876,81.584805
2025-08-11,27.589499,81.410726
2025-08-12,27.902514,82.78595
2025-08-13,27.992641,82.049416
2025-08-14,28.001126,81.850726
2025-08-15,27.920003,81.841721
2025-08-18,27.917189,82.430589
2025-08-19,27.753648,80.695802
2025-08-20,27.68616,80.836866
2025-08-21,27.575299,80.743223
2025-08-22,27.99407,82.818364
2025-08-25,27.874637,82.85258
2025-08-26,27.98987,82.700111
2025-08-27,28.056794,83.561501
2025-08-28,28.145361,84.667803
2025-08-29,27.965282,84.891705
2025-09-01,,84.713424
2025-09-02,27.271159,84.239209
2025-09-03,27.410243,83.956481
2025-09-04,27.639023,84.634188
2025-09-05,27.551541,85.622836
2025-09-08,27.609564,85.113806
2025-09-09,27.683783,85.009358
2025-09-10,27.766376,85.448157
2025-09-11,28.001999,85.929576
2025-09-12,27.988481,85.401936
2025-09-15,28.120212,78.626279
2025-09-16,28.083995,78.908365
2025-09-17,28.056749,79.747501
2025-09-18,28.191116,79.696013
2025-09-19,28.328841,79.895938
2025-09-22,28.453773,79.481847
2025-09-23,28.297215,80.202672
2025-09-24,28.216664,80.23937
2025-09-25,28.075325,79.589752
2025-09-26,28.241021,79.666983
2025-09-29,28.315451,80.154471
2025-09-30,28.431286,80.099697
2025-10-01,28.311965,79.705325
2025-10-02,28.329471,78.847018
2025-10-03,28.331327,78.9845
2025-10-06,28.43464,78.659691
2025-10-07,28.326264,77.426183
2025-10-08,28.49134,77.858349
2025-10-09,28.41283,77.618987
2025-10-10,27.642511,77.055911
2025-10-13,28.073697,77.660068
2025-10-14,28.029781,77.605294
2025-10-15,28.142629,78.109761
2025-10-16,27.965488,77.888475
2025-10-17,28.112886,78.545214
2025-10-20,28.412915,79.153204
2025-10-21,28.413844,78.920963
2025-10-22,28.262184,79.352581
2025-10-23,28.426879,79.817063
2025-10-24,28.65152,80.064094
2025-10-27,29.003648,80.500642
2025-10-28,29.070007,80.752601
2025-10-29,29.06874,81.412079
2025-10-30,28.78082,81.492597
2025-10-31,28.856166,81.908878
2025-11-03,28.688617,82.409512
2025-11-04,28.351904,82.546446
2025-11-05,28.455489,83.96509
2025-11-06,28.137408,83.989739
2025-11-07,28.172913,84.386849
2025-11-10,28.606805,85.040302
2025-11-11,28.666174,86.405267
2025-11-12,28.68422,86.341729
2025-11-13,28.209299,86.083744
2025-11-14,28.195146,86.39979
2025-11-17,27.936815,85.991177
2025-11-18,27.706156,85.733191
2025-11-19,27.81016,85.108221
2025-11-20,27.377232,
2025-11-21,27.646159,84.773553
2025-11-24,28.073768,85.051804
2025-11-25,28.328164,85.397975
2025-11-26,28.523819,86.846745
2025-11-27,,86.702689
2025-11-28,28.676557,87.129926
2025-12-01,28.311169,86.877418
2025-12-02,28.380736,88.236358
2025-12-03,28.465305,88.599509
2025-12-04,28.496057,90.078952
2025-12-05,28.551243,86.197126
2025-12-08,28.451963,86.645177
2025-12-09,28.427029,86.532343
2025-12-10,28.618899,87.131569
2025-12-11,28.678408,87.194011
2025-12-12,28.372591,88.057795
2025-12-15,28.327293,96.224863
2025-12-16,28.259763,93.912842
2025-12-17,27.932172,93.171976
2025-12-18,28.153793,93.524939
2025-12-19,28.402055,93.850659
2025-12-22,28.584864,93.654634
2025-12-23,28.714937,95.025028
2025-12-24,28.807441,
2025-12-26,28.798673,95.286197
2025-12-29,28.698107,95.045164
2025-12-30,28.658628,95.421223
2025-12-31,28.447767,
2026-01-02,27.692678,95.074182
2026-01-05,27.868641,95.862425
2026-01-06,28.041335,96.924866
2026-01-07,27.944875,95.924608
2026-01-08,27.947014,96.494323
2026-01-09,28.127985,96.750753
2026-01-12,28.17236,96.620465
2026-01-13,28.117731,95.923424
2026-01-14,27.967769,97.802534
2026-01-15,28.039923,98.05245
2026-01-16,28.021913,97.597626
2026-01-19,,97.626645
2026-01-20,27.443912,98.472333
2026-01-21,27.761925,101.753224
2026-01-22,27.914269,103.987072
2026-01-23,27.923393,105.923627
2026-01-26,28.06318,105.841901
2026-01-27,28.177731,107.735816
2026-01-28,28.175428,109.377446
2026-01-29,28.139007,108.455362
2026-01-30,28.017956,107.407135
2026-02-02,27.391529,108.253415
2026-02-03,27.161332,109.959597
2026-02-04,27.023559,107.610858
2026-02-05,26.692493,107.858998
2026-02-06,27.218222,108.346394
2026-02-09,27.345905,110.295385
2026-02-10,27.255562,110.110613
2026-02-11,27.254228,112.343277
2026-02-12,26.827399,111.198518
2026-02-13,26.840789,110.42745
2026-02-17,26.86847,
2026-02-18,27.018022,110.162136
2026-02-19,26.941774,111.653342
2026-02-20,27.128742,112.837779
2026-02-23,26.846992,111.842852
2026-02-24,27.052415,113.40394
2026-02-25,27.272523,113.260624
2026-02-26,27.12619,113.116714
2026-02-27,27.00848,111.803174
2026-03-02,26.293525,112.111127
2026-03-03,26.045208,108.438187
2026-03-04,26.247216,109.777194
2026-03-05,26.099005,106.874138
2026-03-06,25.752494,106.22329
2026-03-09,25.966347,107.141229
2026-03-10,25.910906,108.640726
2026-03-11,25.889203,108.949864
2026-03-12,25.49497,106.175912
2026-03-13,25.340493,105.209412
2026-03-16,25.597215,106.525321
2026-03-17,25.661061,106.842158
2026-03-18,25.311876,106.38615
2026-03-19,25.242299,106.75984
2026-03-20,24.860177,104.36017
2026-03-23,25.144905,107.743515
2026-03-24,25.050798,108.085225
2026-03-25,25.186552,109.811542
2026-03-26,24.74815,108.217882
2026-03-27,24.334316,107.521433
2026-03-30,24.238299,108.088186
2026-03-31,24.944388,111.018484
2026-04-01,24.0903,111.309263
2026-04-02,24.117303,102.290326
2026-04-06,24.224065,102.35016
2026-04-07,24.242457,102.402923
2026-04-08,24.850492,104.547162
2026-04-09,25.00382,106.139839
2026-04-10,24.975353,107.333803
2026-04-13,25.229434,107.702055
2026-04-14,25.526709,108.058884
2026-04-15,25.730304,107.558997
2026-04-16,25.797459,107.05911
2026-04-17,26.108073,106.468927
2026-04-20,26.046082,106.685418
2026-04-21,25.880736,
2026-04-22,26.151451,104.921398
2026-04-23,26.04337,104.099494
2026-04-24,26.251032,103.755176
2026-04-27,26.283383,103.120933
2026-04-28,26.154748,102.598744
2026-04-29,26.144308,100.494213
2026-04-30,26.411979,101.891069
2026-05-01,25.443262,
2026-05-04,25.339906,100.956568
2026-05-05,25.545667,101.584283
2026-05-06,25.918336,102.093961
2026-05-07,25.819766,99.660886
2026-05-08,26.037315,100.144999
2026-05-11,26.086264,98.94886
2026-05-12,26.044458,98.096495
2026-05-13,26.196799,96.33193
2026-05-14,26.397351,97.021655
2026-05-15,26.070992,96.433105
2026-05-18,26.051813,96.265569
2026-05-19,25.87783,94.798544
2026-05-20,26.157104,96.472269
2026-05-21,26.201973,96.632189
2026-05-22,26.299627,95.848906
2026-05-25,,96.473901
2026-05-26,26.460272,96.055061
2026-05-27,26.464634,95.595426
2026-05-28,26.616904,95.224998
2026-05-29,26.674723,94.531466
2026-06-01,25.728728,93.66659
2026-06-02,25.761971,94.754484
2026-06-03,25.572053,92.651041
2026-06-04,25.675747,
2026-06-05,24.996742,91.937382
2026-06-08,25.071186,91.747001
2026-06-09,25.006593,92.369276
2026-06-10,24.6015,91.719804
2026-06-11,25.03249,93.285283
2026-06-12,25.158292,93.087286
2026-06-15,25.574118,91.500841
2026-06-16,25.42875,91.089553
2026-06-17,25.119834,90.447922
2026-06-18,25.392289,90.353422
2026-06-19,,90.513427
2026-06-22,25.29821,91.476679
2026-06-23,24.934857,91.954009
2026-06-24,24.910347,91.550238
2026-06-25,24.907876,92.346504
2026-06-26,24.896128,93.047197
2026-06-29,25.188659,92.998874
2026-06-30,25.388158,92.36476
2026-07-01,25.333553,92.184889
2026-07-02,25.333587,92.774974
2026-07-03,,93.568556
2026-07-06,25.517041,92.592418
2026-07-07,25.40336,92.363149
2026-07-08,25.331792,91.629167
2026-07-09,25.538064,92.750275
2026-07-10,25.645549,95.501502
2026-07-13,25.442257,94.359453
2026-07-14,25.537894,94.843764
2026-07-15,25.635426,94.505498
2026-07-16,25.50465,93.33177
2026-07-17,25.24709,93.272171
2026-07-20,25.198306,93.088004
2026-07-21,25.421472,93.063842
2026-07-22,25.386805,95.330759
2026-07-23,25.079886,94.888329
2026-07-24,25.092345,93.448284
2026-07-27,25.096408,94.142534
2026-07-28,25.149218,94.802957
2026-07-29,24.767924,93.363986
2026-07-30,25.179179,95.121893
2026-07-31,25.355525,95.572914
2026-08-03,25.730556,95.573451
2026-08-04,26.191035,95.517073
2026-08-05,26.147126,95.426332
2026-08-06,26.101119,94.255826
2026-08-07,26.262534,92.627319
2026-08-10,26.247198,92.448521
2026-08-11,26.162869,90.13704
2026-08-12,26.231592,89.930859
2026-08-13,26.40252,89.721456
2026-08-14,26.35773,89.631789
2026-08-17,26.219946,89.551249
2026-08-18,26.039505,89.310168
2026-08-19,26.094416,90.112878
2026-08-20,25.868206,90.16496
2026-08-21,25.980634,91.832126
2026-08-24,25.907814,92.301939
2026-08-25,25.990484,93.735541
2026-08-26,25.985137,93.740373
2026-08-27,26.172314,94.035148
2026-08-28,26.107212,94.31972
2026-08-31,26.02048,95.261495
2026-09-01,25.835402,96.49858
2026-09-02,25.95433,99.442028
2026-09-03,26.228917,99.4329
2026-09-04,26.130369,99.410886
2026-09-08,25.977756,100.602869
2026-09-09,25.851955,99.669686
2026-09-10,25.700765,101.08718
2026-09-11,25.921762,100.516961
2026-09-14,25.796503,91.55705
2026-09-15,25.680554,92.051603
2026-09-16,25.565722,91.580247
2026-09-17,25.856694,91.799391
2026-09-18,25.899825,91.4228
2026-09-21,26.286435,92.097505
2026-09-22,26.286232,92.505684
2026-09-23,26.087814,91.711536
2026-09-24,26.081382,90.799425
2026-09-25,26.214361,90.558071
