data,preco,lucro_agregado,peso_coberto_pct,peso_trimestral_pct,freq_lucro,valuation_idx,valuation_z,valuation_pct,pl_nivel,pl_nivel_cobertura_pct,pl_nivel_pct,pl_nivel_z
2010-01-04,70045.0,,,,,,,,,,,
2010-01-05,70240.0,,,,,,,,,,,
2010-01-06,70729.0,,,,,,,,,,,
2010-01-07,70451.0,,,,,,,,,,,
2010-01-08,70263.0,,,,,,,,,,,
2010-01-11,70433.0,,,,,,,,,,,
2010-01-12,70076.0,,,,,,,,,,,
2010-01-13,70385.0,,,,,,,,,,,
2010-01-14,69801.0,,,,,,,,,,,
2010-01-15,68978.0,,,,,,,,,,,
2010-01-18,69401.0,,,,,,,,,,,
2010-01-19,69909.0,,,,,,,,,,,
2010-01-20,68200.0,,,,,,,,,,,
2010-01-21,66270.0,,,,,,,,,,,
2010-01-22,66220.0,,,,,,,,,,,
2010-01-26,65524.0,,,,,,,,,,,
2010-01-27,65070.0,,,,,,,,,,,
2010-01-28,65588.0,,,,,,,,,,,
2010-01-29,65402.0,,,,,,,,,,,
2010-02-01,66572.0,,,,,,,,,,,
2010-02-02,67163.0,,,,,,,,,,,
2010-02-03,67109.0,,,,,,,,,,,
2010-02-04,63934.0,,,,,,,,,,,
2010-02-05,62763.0,,,,,,,,,,,
2010-02-08,63153.0,,,,,,,,,,,
2010-02-09,64718.0,,,,,,,,,,,
2010-02-10,65051.0,,,,,,,,,,,
2010-02-11,66129.0,,,,,,,,,,,
2010-02-12,65855.0,,,,,,,,,,,
2010-02-17,67285.0,,,,,,,,,,,
2010-02-18,67836.0,,,,,,,,,,,
2010-02-19,67597.0,,,,,,,,,,,
2010-02-22,67184.0,,,,,,,,,,,
2010-02-23,66108.0,,,,,,,,,,,
2010-02-24,65795.0,,,,,,,,,,,
2010-02-25,66121.0,,,,,,,,,,,
2010-02-26,66503.0,,,,,,,,,,,
2010-03-01,67228.0,,,,,,,,,,,
2010-03-02,67779.0,,,,,,,,,,,
2010-03-03,67641.0,,,,,,,,,,,
2010-03-04,67815.0,,,,,,,,,,,
2010-03-05,68847.0,,,,,,,,,,,
2010-03-08,68575.0,,,,,,,,,,,
2010-03-09,69576.0,,,,,,,,,,,
2010-03-10,69979.0,,,,,,,,,,,
2010-03-11,69885.0,,,,,,,,,,,
2010-03-12,69341.0,,,,,,,,,,,
2010-03-15,69024.0,,,,,,,,,,,
2010-03-16,69942.0,,,,,,,,,,,
2010-03-17,69723.0,,,,,,,,,,,
2010-03-18,69697.0,,,,,,,,,,,
2010-03-19,68829.0,,,,,,,,,,,
2010-03-22,69042.0,,,,,,,,,,,
2010-03-23,69387.0,,,,,,,,,,,
2010-03-24,68913.0,,,,,,,,,,,
2010-03-25,68442.0,,,,,,,,,,,
2010-03-26,68683.0,,,,,,,,,,,
2010-03-29,69939.0,,,,,,,,,,,
2010-03-30,69960.0,,,,,,,,,,,
2010-03-31,70372.0,,,,,,,,,,,
2010-04-01,71136.0,,,,,,,,,,,
2010-04-05,71290.0,,,,,,,,,,,
2010-04-06,71096.0,,,,,,,,,,,
2010-04-07,70793.0,,,,,,,,,,,
2010-04-08,71785.0,,,,,,,,,,,
2010-04-09,71417.0,,,,,,,,,,,
2010-04-12,70614.0,,,,,,,,,,,
2010-04-13,70792.0,,,,,,,,,,,
2010-04-14,71035.0,,,,,,,,,,,
2010-04-15,70524.0,,,,,,,,,,,
2010-04-16,69421.0,,,,,,,,,,,
2010-04-19,69098.0,,,,,,,,,,,
2010-04-20,69318.0,,,,,,,,,,,
2010-04-22,69386.0,,,,,,,,,,,
2010-04-23,69509.0,,,,,,,,,,,
2010-04-26,68872.0,,,,,,,,,,,
2010-04-27,66511.0,,,,,,,,,,,
2010-04-28,66656.0,,,,,,,,,,,
2010-04-29,67978.0,,,,,,,,,,,
2010-04-30,67530.0,,,,,,,,,,,
2010-05-03,67119.0,,,,,,,,,,,
2010-05-04,64869.0,,,,,,,,,,,
2010-05-05,64914.0,,,,,,,,,,,
2010-05-06,63414.0,,,,,,,,,,,
2010-05-07,62871.0,,,,,,,,,,,
2010-05-10,65453.0,,,,,,,,,,,
2010-05-11,64425.0,,,,,,,,,,,
2010-05-12,65224.0,,,,,,,,,,,
2010-05-13,64788.0,,,,,,,,,,,
2010-05-14,63412.0,,,,,,,,,,,
2010-05-17,62866.0,,,,,,,,,,,
2010-05-18,60841.0,,,,,,,,,,,
2010-05-19,59689.0,,,,,,,,,,,
2010-05-20,58192.0,,,,,,,,,,,
2010-05-21,60259.0,,,,,,,,,,,
2010-05-24,59915.0,,,,,,,,,,,
2010-05-25,59184.0,,,,,,,,,,,
2010-05-26,60190.0,,,,,,,,,,,
2010-05-27,62092.0,,,,,,,,,,,
2010-05-28,61947.0,,,,,,,,,,,
2010-05-31,63047.0,,,,,,,,,,,
2010-06-01,61841.0,,,,,,,,,,,
2010-06-02,62943.0,,,,,,,,,,,
2010-06-04,61676.0,,,,,,,,,,,
2010-06-07,61183.0,,,,,,,,,,,
2010-06-08,61856.0,,,,,,,,,,,
2010-06-09,61479.0,,,,,,,,,,,
2010-06-10,63049.0,,,,,,,,,,,
2010-06-11,63605.0,,,,,,,,,,,
2010-06-14,63533.0,,,,,,,,,,,
2010-06-15,64442.0,,,,,,,,,,,
2010-06-16,64751.0,,,,,,,,,,,
2010-06-17,64541.0,,,,,,,,,,,
2010-06-18,64438.0,,,,,,,,,,,
2010-06-21,64829.0,,,,,,,,,,,
2010-06-22,64811.0,,,,,,,,,,,
2010-06-23,65160.0,,,,,,,,,,,
2010-06-24,63937.0,,,,,,,,,,,
2010-06-25,64824.0,,,,,,,,,,,
2010-06-28,64225.0,,,,,,,,,,,
2010-06-29,61978.0,,,,,,,,,,,
2010-06-30,60936.0,,,,,,,,,,,
2010-07-01,61236.0,,,,,,,,,,,
2010-07-02,61430.0,,,,,,,,,,,
2010-07-05,60865.0,,,,,,,,,,,
2010-07-06,62065.0,,,,,,,,,,,
2010-07-07,63284.0,,,,,,,,,,,
2010-07-08,63476.0,,,,,,,,,,,
2010-07-12,62960.0,,,,,,,,,,,
2010-07-13,63686.0,,,,,,,,,,,
2010-07-14,63479.0,,,,,,,,,,,
2010-07-15,63489.0,,,,,,,,,,,
2010-07-16,62339.0,,,,,,,,,,,
2010-07-19,63297.0,,,,,,,,,,,
2010-07-20,64463.0,,,,,,,,,,,
2010-07-21,64477.0,,,,,,,,,,,
2010-07-22,65748.0,,,,,,,,,,,
2010-07-23,66323.0,,,,,,,,,,,
2010-07-26,66443.0,,,,,,,,,,,
2010-07-27,66674.0,,,,,,,,,,,
2010-07-28,66808.0,,,,,,,,,,,
2010-07-29,66954.0,,,,,,,,,,,
2010-07-30,67515.0,,,,,,,,,,,
2010-08-02,68517.0,,,,,,,,,,,
2010-08-03,67997.0,,,,,,,,,,,
2010-08-04,68272.0,,,,,,,,,,,
2010-08-05,68412.0,,,,,,,,,,,
2010-08-06,68095.0,,,,,,,,,,,
2010-08-09,67862.0,,,,,,,,,,,
2010-08-10,67223.0,,,,,,,,,,,
2010-08-11,65790.0,,,,,,,,,,,
2010-08-12,65966.0,,,,,,,,,,,
2010-08-13,66264.0,,,,,,,,,,,
2010-08-16,66702.0,,,,,,,,,,,
2010-08-17,67584.0,,,,,,,,,,,
2010-08-18,67638.0,,,,,,,,,,,
2010-08-19,66887.0,,,,,,,,,,,
2010-08-20,66677.0,,,,,,,,,,,
2010-08-23,65982.0,,,,,,,,,,,
2010-08-24,65156.0,,,,,,,,,,,
2010-08-25,64803.0,,,,,,,,,,,
2010-08-26,63867.0,,,,,,,,,,,
2010-08-27,65585.0,,,,,,,,,,,
2010-08-30,64261.0,,,,,,,,,,,
2010-08-31,65145.0,,,,,,,,,,,
2010-09-01,67073.0,,,,,,,,,,,
2010-09-02,66808.0,,,,,,,,,,,
2010-09-03,66679.0,,,,,,,,,,,
2010-09-06,66747.0,,,,,,,,,,,
2010-09-08,66407.0,,,,,,,,,,,
2010-09-09,66624.0,,,,,,,,,,,
2010-09-10,66807.0,,,,,,,,,,,
2010-09-13,68031.0,,,,,,,,,,,
2010-09-14,67692.0,,,,,,,,,,,
2010-09-15,68107.0,,,,,,,,,,,
2010-09-16,67663.0,,,,,,,,,,,
2010-09-17,67089.0,,,,,,,,,,,
2010-09-20,68190.0,,,,,,,,,,,
2010-09-21,67719.0,,,,,,,,,,,
2010-09-22,68325.0,,,,,,,,,,,
2010-09-23,68794.0,,,,,,,,,,,
2010-09-24,68196.0,,,,,,,,,,,
2010-09-27,68816.0,,,,,,,,,,,
2010-09-28,69228.0,,,,,,,,,,,
2010-09-29,69228.0,,,,,,,,,,,
2010-09-30,69430.0,,,,,,,,,,,
2010-10-01,70229.0,,,,,,,,,,,
2010-10-04,70385.0,,,,,,,,,,,
2010-10-05,71283.0,,,,,,,,,,,
2010-10-06,70541.0,,,,,,,,,,,
2010-10-07,69918.0,,,,,,,,,,,
2010-10-08,70809.0,,,,,,,,,,,
2010-10-11,70946.0,,,,,,,,,,,
2010-10-13,71675.0,,,,,,,,,,,
2010-10-14,71692.0,,,,,,,,,,,
2010-10-15,71830.0,,,,,,,,,,,
2010-10-18,71736.0,,,,,,,,,,,
2010-10-19,69864.0,,,,,,,,,,,
2010-10-20,70405.0,,,,,,,,,,,
2010-10-21,69652.0,,,,,,,,,,,
2010-10-22,69530.0,,,,,,,,,,,
2010-10-25,69580.0,,,,,,,,,,,
2010-10-26,70740.0,,,,,,,,,,,
2010-10-27,70569.0,,,,,,,,,,,
2010-10-28,70320.0,,,,,,,,,,,
2010-10-29,70673.0,,,,,,,,,,,
2010-11-01,71561.0,,,,,,,,,,,
2010-11-03,71905.0,,,,,,,,,,,
2010-11-04,72996.0,,,,,,,,,,,
2010-11-05,72607.0,,,,,,,,,,,
2010-11-08,72657.0,,,,,,,,,,,
2010-11-09,71679.0,,,,,,,,,,,
2010-11-10,71638.0,,,,,,,,,,,
2010-11-11,71195.0,,,,,,,,,,,
2010-11-12,70367.0,,,,,,,,,,,
2010-11-16,69192.0,,,,,,,,,,,
2010-11-17,69709.0,,,,,,,,,,,
2010-11-18,70781.0,,,,,,,,,,,
2010-11-19,70898.0,,,,,,,,,,,
2010-11-22,69633.0,,,,,,,,,,,
2010-11-23,67953.0,,,,,,,,,,,
2010-11-24,69629.0,,,,,,,,,,,
2010-11-25,69362.0,,,,,,,,,,,
2010-11-26,68226.0,,,,,,,,,,,
2010-11-29,67908.0,,,,,,,,,,,
2010-11-30,67705.0,,,,,,,,,,,
2010-12-01,69346.0,,,,,,,,,,,
2010-12-02,69527.0,,,,,,,,,,,
2010-12-03,69766.0,,,,,,,,,,,
2010-12-06,69552.0,,,,,,,,,,,
2010-12-07,69338.0,,,,,,,,,,,
2010-12-08,68175.0,,,,,,,,,,,
2010-12-09,67879.0,,,,,,,,,,,
2010-12-10,68342.0,,,,,,,,,,,
2010-12-13,69126.0,,,,,,,,,,,
2010-12-14,68743.0,,,,,,,,,,,
2010-12-15,67870.0,,,,,,,,,,,
2010-12-16,67306.0,,,,,,,,,,,
2010-12-17,67981.0,,,,,,,,,,,
2010-12-20,67264.0,,,,,,,,,,,
2010-12-21,68215.0,,,,,,,,,,,
2010-12-22,68471.0,,,,,,,,,,,
2010-12-23,68486.0,,,,,,,,,,,
2010-12-27,67803.0,,,,,,,,,,,
2010-12-28,68041.0,,,,,,,,,,,
2010-12-29,68952.0,,,,,,,,,,,
2010-12-30,69305.0,,,,,,,,,,,
2011-01-03,69962.0,,,,,,,,,,,
2011-01-04,70318.0,,,,,,,,,,,
2011-01-05,71091.0,,,,,,,,,,,
2011-01-06,70579.0,,,,,,,,,,,
2011-01-07,70057.0,,,,,,,,,,,
2011-01-10,70127.0,,,,,,,,,,,
2011-01-11,70423.0,,,,,,,,,,,
2011-01-12,71633.0,,,,,,,,,,,
2011-01-13,70721.0,,,,,,,,,,,
2011-01-14,70940.0,,,,,,,,,,,
2011-01-17,70609.0,,,,,,,,,,,
2011-01-18,70920.0,,,,,,,,,,,
2011-01-19,70058.0,,,,,,,,,,,
2011-01-20,69562.0,,,,,,,,,,,
2011-01-21,69133.0,,,,,,,,,,,
2011-01-24,69427.0,,,,,,,,,,,
2011-01-26,68709.0,,,,,,,,,,,
2011-01-27,68051.0,,,,,,,,,,,
2011-01-28,66698.0,,,,,,,,,,,
2011-01-31,66575.0,,,,,,,,,,,
2011-02-01,67847.0,,,,,,,,,,,
2011-02-02,66688.0,,,,,,,,,,,
2011-02-03,66765.0,,,,,,,,,,,
2011-02-04,65269.0,,,,,,,,,,,
2011-02-07,65362.0,,,,,,,,,,,
2011-02-08,65771.0,,,,,,,,,,,
2011-02-09,64218.0,,,,,,,,,,,
2011-02-10,64578.0,,,,,,,,,,,
2011-02-11,65756.0,,,,,,,,,,,
2011-02-14,66558.0,,,,,,,,,,,
2011-02-15,66341.0,,,,,,,,,,,
2011-02-16,67571.0,,,,,,,,,,,
2011-02-17,67685.0,,,,,,,,,,,
2011-02-18,68067.0,,,,,,,,,,,
2011-02-21,67259.0,,,,,,,,,,,
2011-02-22,66440.0,,,,,,,,,,,
2011-02-23,66910.0,,,,,,,,,,,
2011-02-24,66949.0,,,,,,,,,,,
2011-02-25,66903.0,,,,,,,,,,,
2011-02-28,67383.0,,,,,,,,,,,
2011-03-01,66243.0,,,,,,,,,,,
2011-03-02,67282.0,,,,,,,,,,,
2011-03-03,68146.0,,,,,,,,,,,
2011-03-04,68012.0,,,,,,,,,,,
2011-03-09,67264.0,,,,,,,,,,,
2011-03-10,66041.0,,,,,,,,,,,
2011-03-11,66685.0,,,,,,,,,,,
2011-03-14,67169.0,,,,,,,,,,,
2011-03-15,67005.0,,,,,,,,,,,
2011-03-16,66003.0,,,,,,,,,,,
2011-03-17,66216.0,,,,,,,,,,,
2011-03-18,66880.0,,,,,,,,,,,
2011-03-21,66690.0,,,,,,,,,,,
2011-03-22,67578.0,,,,,,,,,,,
2011-03-23,67796.0,,,,,,,,,,,
2011-03-24,67533.0,,,,,,,,,,,
2011-03-25,67766.0,,,,,,,,,,,
2011-03-28,67193.0,,,,,,,,,,,
2011-03-29,67419.0,,,,,,,,,,,
2011-03-30,67997.0,,,,,,,,,,,
2011-03-31,68587.0,,,,,,,,,,,
2011-04-01,69268.0,,,,,,,,,,,
2011-04-04,69704.0,148688830000.0,86.139,0.0,anual,100.0,,,16.043828,84.084,,
2011-04-05,69838.0,148688830000.0,86.139,0.0,anual,100.192241,,,16.035611,84.084,,
2011-04-06,69037.0,148688830000.0,86.139,0.0,anual,99.043097,,,15.954623,84.084,,
2011-04-07,69176.0,148688830000.0,86.139,0.0,anual,99.242511,,,15.906676,84.084,,
2011-04-08,68718.0,148688830000.0,86.139,0.0,anual,98.585447,,,15.814866,84.084,,
2011-04-11,68164.0,148688830000.0,86.139,0.0,anual,97.790658,,,15.711259,84.084,,
2011-04-12,66896.0,148688830000.0,86.139,0.0,anual,95.971537,,,15.415074,84.084,,
2011-04-13,66486.0,148688830000.0,86.139,0.0,anual,95.383335,,,15.303083,84.084,,
2011-04-14,66279.0,148688830000.0,86.139,0.0,anual,95.086365,,,15.244767,84.084,,
2011-04-15,66684.0,148688830000.0,86.139,0.0,anual,95.667394,,,15.317558,84.084,,
2011-04-18,65415.0,148688830000.0,86.139,0.0,anual,93.846838,,,15.259549,84.084,,
2011-04-19,66158.0,148688830000.0,86.139,0.0,anual,94.912774,,,15.139555,84.084,,
2011-04-20,67058.0,148688830000.0,86.139,0.0,anual,96.203948,,,15.385707,84.084,,
2011-04-25,66972.0,148688830000.0,86.139,0.0,anual,96.080569,,,15.389023,84.084,,
2011-04-26,67144.0,148688830000.0,86.139,0.0,anual,96.327327,,,15.369233,84.084,,
2011-04-27,66264.0,148688830000.0,86.139,0.0,anual,95.064846,,,15.188726,84.084,,
2011-04-28,65673.0,148688830000.0,86.139,0.0,anual,94.216975,,,15.020817,84.084,,
2011-04-29,66133.0,148688830000.0,86.139,0.0,anual,94.876908,,,15.117925,84.084,,
2011-05-02,65463.0,148688830000.0,86.139,0.0,anual,93.915701,,,15.047349,84.186,,
2011-05-03,64318.0,148688830000.0,86.139,0.0,anual,92.27304,,,14.825534,84.186,,
2011-05-04,63616.0,148688830000.0,86.139,0.0,anual,91.265924,,,14.731417,84.186,,
2011-05-05,63407.0,148688830000.0,86.139,0.0,anual,90.966085,,,14.712743,84.186,,
2011-05-06,64417.0,148688830000.0,86.139,0.0,anual,92.415069,,,14.886652,84.186,,
2011-05-09,64622.0,148688830000.0,86.139,0.0,anual,92.70917,,,14.646834,84.186,,
2011-05-10,64877.0,148688830000.0,86.139,0.0,anual,93.075003,,,14.668078,84.186,,
2011-05-11,63776.0,148688830000.0,86.139,0.0,anual,91.495467,,,14.48399,84.186,,
2011-05-12,64003.0,148688830000.0,86.139,0.0,anual,91.821129,,,14.435775,84.186,,
2011-05-13,63235.0,148688830000.0,86.139,0.0,anual,90.719327,,,14.28107,84.186,,
2011-05-16,62830.0,148688830000.0,86.139,0.0,anual,90.138299,,,14.266507,84.186,,
2011-05-17,63673.0,148688830000.0,86.139,0.0,anual,91.347699,,,14.227713,84.186,,
2011-05-18,62841.0,148688830000.0,86.139,0.0,anual,90.15408,,,14.253229,84.186,,
2011-05-19,62367.0,148688830000.0,86.139,0.0,anual,89.474062,,,14.153713,84.186,,
2011-05-20,62597.0,148688830000.0,86.139,0.0,anual,89.804028,,,14.21612,84.186,,
2011-05-23,62345.0,148688830000.0,86.139,0.0,anual,89.4425,,,14.142652,84.186,,
2011-05-24,63337.0,148688830000.0,86.139,0.0,anual,90.865661,,,14.268358,84.186,,
2011-05-25,63388.0,148688830000.0,86.139,0.0,anual,90.938827,,,14.249661,84.186,,
2011-05-26,64099.0,148688830000.0,86.139,0.0,anual,91.958855,,,14.378806,84.186,,
2011-05-27,64295.0,148688830000.0,86.139,0.0,anual,92.240044,,,14.42085,84.186,,
2011-05-30,63954.0,148688830000.0,86.139,0.0,anual,91.750832,,,14.447526,84.186,,
2011-05-31,64620.0,148688830000.0,86.139,0.0,anual,92.706301,,,14.689325,84.186,,
2011-06-01,63411.0,148688830000.0,86.139,0.0,anual,90.971824,,,14.500011,84.186,,
2011-06-02,64218.0,148688830000.0,86.139,0.0,anual,92.129576,,,14.65228,84.186,,
2011-06-03,64341.0,148688830000.0,86.139,0.0,anual,92.306037,,,14.595472,84.186,,
2011-06-06,63068.0,148688830000.0,86.139,0.0,anual,90.479743,,,14.361364,84.186,,
2011-06-07,63218.0,148688830000.0,86.139,0.0,anual,90.694939,,,14.31498,84.186,,
2011-06-08,63033.0,148688830000.0,86.139,0.0,anual,90.429531,,,14.240916,84.186,,
2011-06-09,63469.0,148688830000.0,86.139,0.0,anual,91.055033,,,14.321618,84.186,,
2011-06-10,62697.0,148688830000.0,86.139,0.0,anual,89.947492,,,14.20944,84.186,,
2011-06-13,62023.0,148688830000.0,86.139,0.0,anual,88.980546,,,14.111946,84.186,,
2011-06-14,62205.0,149465392000.0,86.477,0.0,anual,88.777987,,,14.221748,84.524,,
2011-06-15,61604.0,149465392000.0,86.477,0.0,anual,87.920249,,,14.140459,84.524,,
2011-06-16,60881.0,149465392000.0,86.477,0.0,anual,86.888395,,,14.129022,84.524,,
2011-06-17,61060.0,149465392000.0,86.477,0.0,anual,87.143861,,,14.107907,84.524,,
2011-06-20,61168.0,149465392000.0,86.477,0.0,anual,87.297997,,,14.090419,84.524,,
2011-06-21,61424.0,149465392000.0,86.477,0.0,anual,87.663356,,,14.184601,84.524,,
2011-06-22,61194.0,149465392000.0,86.477,0.0,anual,87.335104,,,14.186194,84.524,,
2011-06-24,61017.0,149465392000.0,86.477,0.0,anual,87.082492,,,13.928677,84.524,,
2011-06-27,61217.0,149465392000.0,86.477,0.0,anual,87.367929,,,13.844694,84.524,,
2011-06-28,62303.0,149465392000.0,86.477,0.0,anual,88.917851,,,14.011586,84.524,,
2011-06-29,62334.0,149465392000.0,86.477,0.0,anual,88.962093,,,14.121286,84.524,,
2011-06-30,62404.0,149465392000.0,86.477,0.0,anual,89.061996,,,14.264687,84.524,,
2011-07-01,63394.0,149465392000.0,86.477,0.0,anual,90.474909,,,14.471355,84.524,,
2011-07-04,63891.0,149465392000.0,86.477,0.0,anual,91.184219,,,14.567552,84.524,,
2011-07-05,63039.0,149465392000.0,86.477,0.0,anual,89.968258,,,14.444194,84.524,,
2011-07-06,62565.0,149465392000.0,86.477,0.0,anual,89.291773,,,14.341606,84.524,,
2011-07-07,62207.0,149465392000.0,86.477,0.0,anual,88.780841,,,14.239319,84.524,,
2011-07-08,61513.0,149465392000.0,86.477,0.0,anual,87.790375,,,14.08056,84.524,,
2011-07-11,60224.0,149465392000.0,86.477,0.0,anual,85.950735,,,13.776088,84.524,,
2011-07-12,59705.0,149465392000.0,86.477,0.0,anual,85.210026,,,13.672728,84.524,,
2011-07-13,60670.0,149465392000.0,86.477,0.0,anual,86.587259,,,13.778975,84.524,,
2011-07-14,59679.0,149465392000.0,86.477,0.0,anual,85.17292,,,13.568953,84.524,,
2011-07-15,59478.0,149465392000.0,86.477,0.0,anual,84.886056,,,13.479441,84.524,,
2011-07-18,58838.0,149465392000.0,86.477,0.0,anual,83.972658,,,13.333951,84.524,,
2011-07-19,59082.0,149465392000.0,86.477,0.0,anual,84.320891,,,13.372689,84.524,,
2011-07-20,59120.0,149465392000.0,86.477,0.0,anual,84.375124,,,13.49096,84.524,,
2011-07-21,60263.0,149465392000.0,86.477,0.0,anual,86.006395,,,13.678333,84.524,,
2011-07-22,60270.0,149465392000.0,86.477,0.0,anual,86.016385,,,13.74688,84.524,,
2011-07-25,59971.0,149465392000.0,86.477,0.0,anual,85.589657,,,13.744295,84.524,,
2011-07-26,59340.0,149465392000.0,86.477,0.0,anual,84.689104,,,13.629644,84.524,,
2011-07-27,58288.0,149465392000.0,86.477,0.0,anual,83.187707,,,13.475791,84.524,,
2011-07-28,58708.0,149465392000.0,86.477,0.0,anual,83.787124,,,13.468798,84.524,,
2011-07-29,58823.0,149465392000.0,86.477,0.0,anual,83.95125,,,13.525671,84.524,,
2011-08-01,58536.0,149465392000.0,86.477,0.0,anual,83.541648,,,13.53828,84.524,,
2011-08-02,57311.0,149465392000.0,86.477,0.0,anual,81.793348,,,13.33545,84.524,,
2011-08-03,56017.0,149465392000.0,86.477,0.0,anual,79.946572,,,13.128257,84.524,,
2011-08-04,52811.0,149465392000.0,86.477,0.0,anual,75.371019,,,12.444704,84.524,,
2011-08-05,52949.0,149465392000.0,86.477,0.0,anual,75.567971,,,12.339022,84.524,,
2011-08-08,48668.0,149465392000.0,86.477,0.0,anual,69.458196,,,11.503502,84.524,,
2011-08-09,51151.0,149465392000.0,86.477,0.0,anual,73.001894,,,11.956196,84.524,,
2011-08-10,51395.0,149465392000.0,86.477,0.0,anual,73.350127,,,11.986117,84.524,,
2011-08-11,53343.0,149465392000.0,86.477,0.0,anual,76.130281,,,12.477029,84.524,,
2011-08-12,53473.0,149465392000.0,86.477,0.0,anual,76.315815,,,12.467219,84.524,,
2011-08-15,54652.0,149465392000.0,86.477,0.0,anual,77.998465,,,12.681979,84.524,,
2011-08-16,54324.0,149465392000.0,86.477,0.0,anual,77.530349,,,12.720045,84.524,,
2011-08-17,55073.0,149465392000.0,86.477,0.0,anual,78.59931,,,12.546709,84.524,,
2011-08-18,53134.0,149465392000.0,86.477,0.0,anual,75.832,,,12.24545,84.524,,
2011-08-19,52448.0,149465392000.0,86.477,0.0,anual,74.852951,,,12.088496,84.524,,
2011-08-22,52440.0,149465392000.0,86.477,0.0,anual,74.841534,,,12.018403,84.524,,
2011-08-23,53787.0,149465392000.0,86.477,0.0,anual,76.763951,,,12.214569,84.524,,
2011-08-24,53796.0,149465392000.0,86.477,0.0,anual,76.776796,,,12.209855,84.524,,
2011-08-25,52953.0,149465392000.0,86.477,0.0,anual,75.573679,,,12.151396,84.524,,
2011-08-26,53351.0,149465392000.0,86.477,0.0,anual,76.141699,,,12.368794,84.524,,
2011-08-29,54861.0,149465392000.0,86.477,0.0,anual,78.296747,,,12.586162,84.524,,
2011-08-30,55385.0,149465392000.0,86.477,0.0,anual,79.044591,,,12.626096,84.524,,
2011-08-31,56495.0,149465392000.0,86.477,0.0,anual,80.628766,,,12.894882,84.524,,
2011-09-01,58118.0,149465392000.0,86.477,0.0,anual,82.945085,,,13.140172,84.524,,
2011-09-02,56532.0,149465392000.0,86.477,0.0,anual,80.681571,,,12.91537,84.524,,
2011-09-05,54998.0,149465392000.0,86.477,0.0,anual,78.492271,,,12.643242,84.524,,
2011-09-06,56607.0,149465392000.0,86.477,0.0,anual,80.78861,,,12.959703,84.524,,
2011-09-08,57624.0,149465392000.0,86.477,0.0,anual,82.240056,,,13.213237,84.524,,
2011-09-09,55778.0,149465392000.0,86.477,0.0,anual,79.605475,,,12.905902,84.524,,
2011-09-12,55685.0,149465392000.0,86.477,0.0,anual,79.472746,,,12.849454,84.524,,
2011-09-13,55544.0,149465392000.0,86.477,0.0,anual,79.271513,,,12.871096,84.524,,
2011-09-14,56286.0,149465392000.0,86.477,0.0,anual,80.330484,,,12.970694,84.524,,
2011-09-15,56381.0,149465392000.0,86.477,0.0,anual,80.466067,,,12.983163,84.524,,
2011-09-16,57210.0,149465392000.0,86.477,0.0,anual,81.649202,,,13.096463,84.524,,
2011-09-19,57103.0,149465392000.0,86.477,0.0,anual,81.496493,,,13.0947,84.524,,
2011-09-20,56379.0,149465392000.0,86.477,0.0,anual,80.463212,,,12.987928,84.524,,
2011-09-21,55982.0,149465392000.0,86.477,0.0,anual,79.89662,,,12.935343,84.524,,
2011-09-22,53280.0,149465392000.0,86.477,0.0,anual,76.040369,,,12.326727,84.524,,
2011-09-23,53230.0,149465392000.0,86.477,0.0,anual,75.969009,,,12.251764,84.524,,
2011-09-26,53748.0,149465392000.0,86.477,0.0,anual,76.708291,,,12.334071,84.524,,
2011-09-27,53920.0,149465392000.0,86.477,0.0,anual,76.953766,,,12.426088,84.524,,
2011-09-28,53270.0,149465392000.0,86.477,0.0,anual,76.026097,,,12.350008,84.524,,
2011-09-29,53385.0,149465392000.0,86.477,0.0,anual,76.190223,,,12.390453,84.524,,
2011-09-30,52324.0,149465392000.0,86.477,0.0,anual,74.675981,,,12.223944,84.524,,
2011-10-03,50792.0,149465392000.0,86.477,0.0,anual,72.489535,,,11.922187,84.524,,
2011-10-04,50686.0,149465392000.0,86.477,0.0,anual,72.338253,,,11.768046,84.524,,
2011-10-05,51014.0,149465392000.0,86.477,0.0,anual,72.806369,,,11.843272,84.524,,
2011-10-06,52290.0,149465392000.0,86.477,0.0,anual,74.627456,,,12.055668,84.524,,
2011-10-07,51244.0,149465392000.0,86.477,0.0,anual,73.134622,,,11.84666,84.524,,
2011-10-10,53273.0,149465392000.0,86.477,0.0,anual,76.030378,,,12.237254,84.524,,
2011-10-11,53838.0,149465392000.0,86.477,0.0,anual,76.836737,,,12.25891,84.524,,
2011-10-13,54601.0,149465392000.0,86.477,0.0,anual,77.925679,,,12.427186,84.524,,
2011-10-14,55030.0,149465392000.0,86.477,0.0,anual,78.537941,,,12.514944,84.524,,
2011-10-17,53911.0,149465392000.0,86.477,0.0,anual,76.940922,,,12.308451,84.524,,
2011-10-18,55032.0,149465392000.0,86.477,0.0,anual,78.540795,,,12.440067,84.524,,
2011-10-19,54966.0,149465392000.0,86.477,0.0,anual,78.446601,,,12.443028,84.524,,
2011-10-20,54010.0,149465392000.0,86.477,0.0,anual,77.082213,,,12.292515,84.524,,
2011-10-21,55255.0,149465392000.0,86.477,0.0,anual,78.859057,,,12.444186,84.524,,
2011-10-24,56892.0,149465392000.0,86.477,0.0,anual,81.195358,,,12.647989,84.524,,
2011-10-25,56286.0,149465392000.0,86.477,0.0,anual,80.330484,,,12.647199,84.524,,
2011-10-26,57144.0,149465392000.0,86.477,0.0,anual,81.555008,,,12.701963,84.524,,
2011-10-27,59270.0,149465392000.0,86.477,0.0,anual,84.589201,,,12.795625,84.524,,
2011-10-28,59513.0,149465392000.0,86.477,0.0,anual,84.936007,,,13.103163,84.524,,
2011-10-31,58338.0,149465392000.0,86.477,0.0,anual,83.259066,,,13.107629,84.524,,
2011-11-01,57323.0,149465392000.0,86.477,0.0,anual,81.810474,,,12.861511,84.524,,
2011-11-03,58196.0,149465392000.0,86.477,0.0,anual,83.056406,,,13.152703,84.524,,
2011-11-04,58670.0,149465392000.0,86.477,0.0,anual,83.732891,,,13.291268,84.524,,
2011-11-07,59199.0,149465392000.0,86.477,0.0,anual,84.487871,,,13.451157,84.524,,
2011-11-08,59026.0,149465392000.0,86.477,0.0,anual,84.240968,,,13.362054,84.524,,
2011-11-09,57550.0,149465392000.0,86.477,0.0,anual,82.134445,,,13.161098,84.524,,
2011-11-10,57322.0,149465392000.0,86.477,0.0,anual,81.809047,,,13.136871,84.524,,
2011-11-11,58547.0,149465392000.0,86.477,0.0,anual,83.557347,,,13.372974,84.524,,
2011-11-14,58258.0,149465392000.0,86.477,0.0,anual,83.144891,,,13.408849,84.524,,
2011-11-16,58560.0,149465392000.0,86.477,0.0,anual,83.575901,,,13.367571,84.524,,
2011-11-17,56989.0,149465392000.0,86.477,0.0,anual,81.333794,,,13.044803,84.524,,
2011-11-18,56731.0,149465392000.0,86.477,0.0,anual,80.965581,,,13.119631,84.524,,
2011-11-21,56285.0,149465392000.0,86.477,0.0,anual,80.329057,,,13.016575,84.524,,
2011-11-22,55878.0,149465392000.0,86.477,0.0,anual,79.748193,,,12.878659,84.524,,
2011-11-23,54972.0,149465392000.0,86.477,0.0,anual,78.455164,,,12.761422,84.524,,
2011-11-24,55280.0,149465392000.0,86.477,0.0,anual,78.894737,,,12.848763,84.524,,
2011-11-25,54894.0,149465392000.0,86.477,0.0,anual,78.343844,,,12.857835,84.524,,
2011-11-28,56017.0,149465392000.0,86.477,0.0,anual,79.946572,,,13.075231,84.524,,
2011-11-29,55300.0,149465392000.0,86.477,0.0,anual,78.923281,,,13.032277,84.524,,
2011-11-30,56875.0,149465392000.0,86.477,0.0,anual,81.171095,,,13.397953,84.524,,
2011-12-01,58143.0,149465392000.0,86.477,0.0,anual,82.980765,,,13.54329,84.524,,
2011-12-02,57886.0,149465392000.0,86.477,0.0,anual,82.613979,,,13.510122,84.524,,
2011-12-05,58910.0,149465392000.0,86.477,0.0,anual,84.075415,,,13.856871,84.524,,
2011-12-06,59536.0,149465392000.0,86.477,0.0,anual,84.968832,,,13.907913,84.524,,
2011-12-07,58663.0,149465392000.0,86.477,0.0,anual,83.722901,,,13.792756,84.524,,
2011-12-08,57455.0,149465392000.0,86.477,0.0,anual,81.998862,,,13.584442,84.524,,
2011-12-09,58236.0,149465392000.0,86.477,0.0,anual,83.113493,,,13.682151,84.524,,
2011-12-12,57347.0,149465392000.0,86.477,0.0,anual,81.844726,,,13.617778,84.524,,
2011-12-13,57495.0,149465392000.0,86.477,0.0,anual,82.05595,,,13.487593,84.524,,
2011-12-14,56647.0,149465392000.0,86.477,0.0,anual,80.845698,,,13.38385,84.524,,
2011-12-15,56331.0,149465392000.0,86.477,0.0,anual,80.394707,,,13.281826,84.524,,
2011-12-16,56097.0,149465392000.0,86.477,0.0,anual,80.060746,,,13.224148,84.524,,
2011-12-19,55298.0,149465392000.0,86.477,0.0,anual,78.920426,,,13.142646,84.524,,
2011-12-20,56865.0,149465392000.0,86.477,0.0,anual,81.156824,,,13.491155,84.524,,
2011-12-21,56653.0,149465392000.0,86.477,0.0,anual,80.854261,,,13.467164,84.524,,
2011-12-22,57348.0,149465392000.0,86.477,0.0,anual,81.846154,,,13.63836,84.524,,
2011-12-23,57701.0,149465392000.0,86.477,0.0,anual,82.34995,,,13.878502,84.524,,
2011-12-26,57669.0,149465392000.0,86.477,0.0,anual,82.30428,,,13.89603,84.524,,
2011-12-27,58005.0,149465392000.0,86.477,0.0,anual,82.783814,,,13.937498,84.524,,
2011-12-28,56534.0,149465392000.0,86.477,0.0,anual,80.684426,,,13.704338,84.524,,
2011-12-29,56754.0,149465392000.0,86.477,0.0,anual,80.998406,,,13.720091,84.524,,
2012-01-03,59265.0,149465392000.0,86.477,0.0,anual,84.582065,,,14.274374,84.524,,
2012-01-04,59365.0,149465392000.0,86.477,0.0,anual,84.724784,,,14.423634,84.524,,
2012-01-05,58546.0,149465392000.0,86.477,0.0,anual,83.55592,,,14.171169,84.524,,
2012-01-06,58600.0,149465392000.0,86.477,0.0,anual,83.632988,,,14.197356,84.524,,
2012-01-09,59083.0,149465392000.0,86.477,0.0,anual,84.322318,,,14.286118,84.524,,
2012-01-10,59806.0,149465392000.0,86.477,0.0,anual,85.354172,,,14.2869,84.524,,
2012-01-11,59962.0,149465392000.0,86.477,0.0,anual,85.576813,,,14.067823,84.524,,
2012-01-12,59921.0,149465392000.0,86.477,0.0,anual,85.518298,,,14.391345,84.524,,
2012-01-13,59147.0,149465392000.0,86.477,0.0,anual,84.413658,,,14.188218,84.524,,
2012-01-16,59956.0,149465392000.0,86.477,0.0,anual,85.56825,,,14.225793,84.524,,
2012-01-17,60646.0,149465392000.0,86.477,0.0,anual,86.553007,,,14.331822,84.524,,
2012-01-18,61723.0,149465392000.0,86.477,0.0,anual,88.090084,,,14.572983,84.524,,
2012-01-19,61927.0,149465392000.0,86.477,0.0,anual,88.38123,,,14.571157,84.524,,
2012-01-20,62312.0,149465392000.0,86.477,0.0,anual,88.930695,,,14.649391,84.524,,
2012-01-23,62386.0,149465392000.0,86.477,0.0,anual,89.036307,,,14.645051,84.524,,
2012-01-24,62486.0,149465392000.0,86.477,0.0,anual,89.179025,,,14.55636,84.524,,
2012-01-26,62953.0,149465392000.0,86.477,0.0,anual,89.84552,,,14.579929,84.524,,
2012-01-27,62904.0,149465392000.0,86.477,0.0,anual,89.775588,,,14.590382,84.524,,
2012-01-30,62770.0,149465392000.0,86.477,0.0,anual,89.584346,,,14.492445,84.524,,
2012-01-31,63072.0,149465392000.0,86.477,0.0,anual,90.015355,,,14.555526,84.524,,
2012-02-01,64567.0,149465392000.0,86.477,0.0,anual,92.148996,,,14.734704,84.524,,
2012-02-02,64593.0,149465392000.0,86.477,0.0,anual,92.186102,,,14.715718,84.524,,
2012-02-03,65217.0,149465392000.0,86.477,0.0,anual,93.076665,,,14.798704,84.524,,
2012-02-06,65224.0,149465392000.0,86.477,0.0,anual,93.086656,,,14.812531,84.524,,
2012-02-07,65917.0,149465392000.0,86.477,0.0,anual,94.075694,,,14.978013,84.524,,
2012-02-08,65831.0,149465392000.0,86.477,0.0,anual,93.952956,,,15.039576,84.524,,
2012-02-09,65530.0,149465392000.0,86.477,0.0,anual,93.523374,,,15.002023,84.524,,
2012-02-10,63998.0,149465392000.0,86.477,0.0,anual,91.336928,,,14.674307,84.524,,
2012-02-13,65692.0,149465392000.0,86.477,0.0,anual,93.754578,,,14.764743,84.524,,
2012-02-14,65039.0,149465392000.0,86.477,0.0,anual,92.822626,,,14.787459,84.524,,
2012-02-15,65368.0,149465392000.0,86.477,0.0,anual,93.29217,,,14.781848,84.524,,
2012-02-16,66142.0,149465392000.0,86.477,0.0,anual,94.396811,,,14.885985,84.524,,
2012-02-17,66204.0,149465392000.0,86.477,0.0,anual,94.485296,,,14.882245,84.524,,
2012-02-23,65820.0,149465392000.0,86.477,0.0,anual,93.937257,,,14.876561,84.524,,
2012-02-24,65943.0,149465392000.0,86.477,0.0,anual,94.112801,,,14.962267,84.524,,
2012-02-27,65241.0,149465392000.0,86.477,0.0,anual,93.110918,,,14.750791,84.524,,
2012-02-28,65959.0,149465392000.0,86.477,0.0,anual,94.135636,,,14.84715,84.524,,
2012-02-29,65812.0,149465392000.0,86.477,0.0,anual,93.92584,,,14.935492,84.524,,
2012-03-01,66810.0,149465392000.0,86.477,0.0,anual,95.350169,,,15.085204,84.524,,
2012-03-02,67782.0,149465392000.0,86.477,0.0,anual,96.737392,,,15.26113,84.524,,
2012-03-05,66964.0,149465392000.0,86.477,0.0,anual,95.569956,,,15.156624,84.524,,
2012-03-06,65114.0,149465392000.0,86.477,0.0,anual,92.929665,,,14.82994,84.524,,
2012-03-07,66017.0,149465392000.0,86.477,0.0,anual,94.218412,,,15.008802,84.524,,
2012-03-08,66908.0,149465392000.0,86.477,0.0,anual,95.490034,,,15.193081,84.524,,
2012-03-09,66704.0,149465392000.0,86.477,0.0,anual,95.198888,,,15.274726,84.524,,
2012-03-12,66385.0,149465392000.0,86.477,0.0,anual,94.743616,,,15.2227,84.524,,
2012-03-13,68394.0,149465392000.0,86.477,0.0,anual,97.610829,,,15.533919,84.524,,
2012-03-14,68257.0,149465392000.0,86.477,0.0,anual,97.415305,,,15.595488,84.682,,
2012-03-15,67749.0,149465392000.0,86.477,0.0,anual,96.690295,,,15.502217,84.682,,
2012-03-16,67684.0,149465392000.0,86.477,0.0,anual,96.597528,,,15.494119,84.682,,
2012-03-19,67730.0,149465392000.0,86.477,0.0,anual,96.663179,,,15.489373,84.682,,
2012-03-20,67296.0,149465392000.0,86.477,0.0,anual,96.043781,,,15.375058,84.682,,
2012-03-21,66860.0,149465392000.0,86.477,0.0,anual,95.421529,,,15.313824,84.682,,
2012-03-22,65828.0,149465392000.0,86.477,0.0,anual,93.948675,,,15.02958,84.682,,
2012-03-23,65813.0,149465392000.0,86.477,0.0,anual,93.927267,,,14.988513,84.682,,
2012-03-26,66685.0,149465392000.0,86.477,0.0,anual,95.171771,,,15.218638,84.682,,
2012-03-27,66037.0,149465392000.0,86.477,0.0,anual,94.246956,,,15.223691,84.682,,
2012-03-28,65079.0,149465392000.0,86.477,0.0,anual,92.879714,,,14.909151,84.682,,
2012-03-29,64872.0,149465392000.0,86.477,0.0,anual,92.584287,,,14.837786,84.682,,
2012-03-30,64511.0,149465392000.0,86.477,0.0,anual,92.069073,,,14.849303,84.682,,
2012-04-02,65216.0,160778206000.0,90.318,0.0,anual,86.526198,,,13.477774,85.609,,
2012-04-03,64284.0,160778206000.0,90.318,0.0,anual,85.289655,,,13.388576,85.609,,
2012-04-04,63529.0,160778206000.0,90.318,0.0,anual,84.287949,,,13.214852,85.609,,
2012-04-05,63691.0,160778206000.0,90.318,0.0,anual,84.502884,,,13.159726,85.609,,
2012-04-09,62923.0,160778206000.0,90.318,0.0,anual,83.48393,,,13.179516,85.609,,
2012-04-10,61738.0,160778206000.0,90.318,0.0,anual,81.911715,,,13.094942,85.609,,
2012-04-11,61293.0,160778206000.0,90.318,0.0,anual,81.321306,,,13.120069,85.609,,
2012-04-12,63058.0,160778206000.0,90.318,0.0,anual,83.663043,,,13.414186,85.609,,
2012-04-13,62106.0,160778206000.0,90.318,0.0,anual,82.399964,,,13.36893,85.609,,
2012-04-16,61955.0,160778206000.0,90.318,0.0,anual,82.199623,,,13.295292,85.609,,
2012-04-17,62699.0,160778206000.0,90.318,0.0,anual,83.186735,,,13.377628,85.609,,
2012-04-18,63010.0,160778206000.0,90.318,0.0,anual,83.599358,,,13.350245,85.609,,
2012-04-19,62618.0,160778206000.0,90.318,0.0,anual,83.079267,,,13.180115,85.609,,
2012-04-20,62494.0,160778206000.0,90.318,0.0,anual,82.914748,,,13.311328,85.609,,
2012-04-23,61539.0,160778206000.0,90.318,0.0,anual,81.64769,,,13.182777,85.609,,
2012-04-24,61971.0,160778206000.0,90.318,0.0,anual,82.220851,,,13.339504,85.609,,
2012-04-25,61750.0,160778206000.0,90.318,0.0,anual,81.927637,,,13.212808,85.609,,
2012-04-26,62198.0,160778206000.0,90.318,0.0,anual,82.522027,,,13.326231,85.609,,
2012-04-27,61691.0,160778206000.0,90.318,0.0,anual,81.849358,,,13.387518,85.609,,
2012-04-30,61820.0,160778206000.0,90.318,0.0,anual,82.02051,,,13.423867,85.609,,
2012-05-02,62424.0,160778206000.0,90.318,0.0,anual,82.821875,,,13.405705,85.609,,
2012-05-03,62104.0,160778206000.0,90.318,0.0,anual,82.397311,,,13.381705,85.609,,
2012-05-04,60821.0,160778206000.0,90.318,0.0,anual,80.695073,,,13.218413,85.609,,
2012-05-07,61220.0,160778206000.0,90.318,0.0,anual,81.224452,,,13.290338,85.609,,
2012-05-08,60365.0,160778206000.0,90.318,0.0,anual,80.090069,,,13.139064,85.609,,
2012-05-09,59786.0,160778206000.0,90.318,0.0,anual,79.321873,,,13.109857,85.609,,
2012-05-10,59702.0,160778206000.0,90.318,0.0,anual,79.210425,,,13.186802,85.609,,
2012-05-11,59445.0,160778206000.0,90.318,0.0,anual,78.869447,,,13.21952,85.609,,
2012-05-14,57540.0,160778206000.0,90.318,0.0,anual,76.341963,,,12.864379,85.609,,
2012-05-15,56238.0,160778206000.0,90.318,0.0,anual,74.614517,,,12.451394,85.609,,
2012-05-16,55888.0,160778206000.0,90.318,0.0,anual,74.15015,,,12.457339,85.609,,
2012-05-17,54038.0,160778206000.0,90.318,0.0,anual,71.695638,,,11.863251,85.609,,
2012-05-18,54513.0,160778206000.0,90.318,0.0,anual,72.32585,,,12.092317,85.609,,
2012-05-21,56590.0,160778206000.0,90.318,0.0,anual,75.081538,,,12.179475,85.609,,
2012-05-22,55039.0,160778206000.0,90.318,0.0,anual,73.023728,,,12.119295,85.609,,
2012-05-23,54619.0,160778206000.0,90.318,0.0,anual,72.466487,,,11.935285,85.609,,
2012-05-24,54063.0,160778206000.0,90.318,0.0,anual,71.728807,,,11.702796,85.609,,
2012-05-25,54463.0,160778206000.0,90.318,0.0,anual,72.259512,,,11.9938,85.609,,
2012-05-28,55213.0,160778206000.0,90.318,0.0,anual,73.254585,,,12.098795,85.609,,
2012-05-29,54633.0,160778206000.0,90.318,0.0,anual,72.485062,,,12.083928,85.609,,
2012-05-30,53798.0,160778206000.0,90.318,0.0,anual,71.377214,,,11.977787,85.609,,
2012-05-31,54490.0,160778206000.0,90.318,0.0,anual,72.295335,,,12.058092,85.609,,
2012-06-01,53403.0,160778206000.0,90.318,0.0,anual,70.853143,,,11.802968,85.609,,
2012-06-04,53417.0,160778206000.0,90.318,0.0,anual,70.871718,,,11.708682,85.609,,
2012-06-05,52481.0,160778206000.0,90.318,0.0,anual,69.629867,,,11.601742,85.609,,
2012-06-06,54156.0,160778206000.0,90.318,0.0,anual,71.852196,,,11.850412,85.609,,
2012-06-08,54430.0,160778206000.0,90.318,0.0,anual,72.215729,,,11.990546,85.609,,
2012-06-11,54001.0,160778206000.0,90.318,0.0,anual,71.646547,,,11.955132,85.609,,
2012-06-12,55049.0,160778206000.0,90.318,0.0,anual,73.036995,,,12.098049,85.609,,
2012-06-13,55651.0,160778206000.0,90.318,0.0,anual,73.835707,,,12.173733,85.609,,
2012-06-14,55352.0,162646434000.0,90.318,0.0,anual,72.595452,,,12.029717,85.609,,
2012-06-15,56105.0,162646434000.0,90.318,0.0,anual,73.583029,,,12.166021,85.609,,
2012-06-18,56195.0,162646434000.0,90.318,0.0,anual,73.701067,,,12.169322,85.609,,
2012-06-19,57195.0,162646434000.0,90.318,0.0,anual,75.01259,,,12.363419,85.609,,
2012-06-20,57167.0,162646434000.0,90.318,0.0,anual,74.975867,,,12.214372,85.609,,
2012-06-21,55505.0,162646434000.0,90.318,0.0,anual,72.796115,,,11.951946,85.609,,
2012-06-22,55440.0,162646434000.0,90.318,0.0,anual,72.710866,,,11.936148,85.609,,
2012-06-25,53805.0,162646434000.0,90.318,0.0,anual,70.566525,,,11.733165,85.609,,
2012-06-26,53837.0,162646434000.0,90.318,0.0,anual,70.608494,,,11.728822,85.609,,
2012-06-27,53109.0,162646434000.0,90.318,0.0,anual,69.653705,,,11.503242,85.609,,
2012-06-28,52652.0,162646434000.0,90.318,0.0,anual,69.054339,,,11.439243,85.609,,
2012-06-29,54355.0,162646434000.0,90.318,0.0,anual,71.287863,,,11.725093,85.609,,
2012-07-02,54693.0,162646434000.0,90.318,0.0,anual,71.731158,,,11.723615,85.609,,
2012-07-03,55780.0,162646434000.0,90.318,0.0,anual,73.156784,,,12.012048,85.609,,
2012-07-04,56077.0,162646434000.0,90.318,0.0,anual,73.546307,,,12.041797,85.609,,
2012-07-05,56379.0,162646434000.0,90.318,0.0,anual,73.942387,,,12.115321,85.609,,
2012-07-06,55394.0,162646434000.0,90.318,0.0,anual,72.650536,,,11.89848,85.609,,
2012-07-10,53706.0,162646434000.0,90.318,0.0,anual,70.436684,,,11.527571,85.609,,
2012-07-11,53569.0,162646434000.0,90.318,0.0,anual,70.257006,,,11.533468,85.609,,
2012-07-12,53421.0,162646434000.0,90.318,0.0,anual,70.0629,,,11.513297,85.609,,
2012-07-13,54331.0,162646434000.0,90.318,0.0,anual,71.256387,,,11.682418,85.609,,
2012-07-16,53402.0,162646434000.0,90.318,0.0,anual,70.037981,,,11.625747,85.609,,
2012-07-17,53909.0,162646434000.0,90.318,0.0,anual,70.702924,,,11.73323,85.609,,
2012-07-18,54583.0,162646434000.0,90.318,0.0,anual,71.586891,,,11.824082,85.609,,
2012-07-19,55347.0,162646434000.0,90.318,0.0,anual,72.588895,,,11.942164,85.609,,
2012-07-20,54195.0,162646434000.0,90.318,0.0,anual,71.078019,,,11.781637,85.609,,
2012-07-23,53034.0,162646434000.0,90.318,0.0,anual,69.555341,,,11.628625,85.609,,
2012-07-24,52639.0,162646434000.0,90.318,0.0,anual,69.037289,,,11.619837,85.609,,
2012-07-25,52608.0,162646434000.0,90.318,0.0,anual,68.996632,,,11.794913,85.609,,
2012-07-26,54003.0,162646434000.0,90.318,0.0,anual,70.826207,,,12.27043,85.609,,
2012-07-27,56553.0,162646434000.0,90.318,0.0,anual,74.170592,,,12.45685,85.609,,
2012-07-30,57241.0,162646434000.0,90.318,0.0,anual,75.07292,,,12.518474,85.609,,
2012-07-31,56097.0,162646434000.0,90.318,0.0,anual,73.572537,,,12.253502,85.609,,
2012-08-01,55623.0,162646434000.0,90.318,0.0,anual,72.950875,,,12.272397,85.609,,
2012-08-02,55520.0,162646434000.0,90.318,0.0,anual,72.815788,,,12.17203,85.609,,
2012-08-03,57255.0,162646434000.0,90.318,0.0,anual,75.091282,,,12.419397,85.609,,
2012-08-06,58345.0,162646434000.0,90.318,0.0,anual,76.520842,,,12.541496,85.609,,
2012-08-07,57726.0,162646434000.0,90.318,0.0,anual,75.709009,,,12.522879,85.609,,
2012-08-08,58951.0,162646434000.0,90.318,0.0,anual,77.315625,,,12.728461,85.609,,
2012-08-09,58797.0,162646434000.0,90.318,0.0,anual,77.113651,,,12.695611,85.609,,
2012-08-10,59281.0,162646434000.0,90.318,0.0,anual,77.748428,,,12.819581,85.609,,
2012-08-13,59123.0,162646434000.0,90.318,0.0,anual,77.541208,,,12.779614,85.609,,
2012-08-14,58083.0,162646434000.0,90.318,0.0,anual,76.177223,,,12.700026,85.609,,
2012-08-15,58189.0,162646434000.0,90.318,0.0,anual,76.316245,,,12.834303,85.609,,
2012-08-16,59446.0,162646434000.0,90.318,0.0,anual,77.96483,,,12.910213,85.609,,
2012-08-17,59082.0,162646434000.0,90.318,0.0,anual,77.487435,,,12.78393,85.609,,
2012-08-20,59283.0,162646434000.0,90.318,0.0,anual,77.751051,,,12.793307,85.609,,
2012-08-21,58918.0,162646434000.0,90.318,0.0,anual,77.272345,,,12.731103,85.609,,
2012-08-22,59381.0,162646434000.0,90.318,0.0,anual,77.879581,,,12.871233,85.609,,
2012-08-23,58512.0,162646434000.0,90.318,0.0,anual,76.739867,,,12.668427,85.609,,
2012-08-24,58426.0,162646434000.0,90.318,0.0,anual,76.627076,,,12.718179,85.609,,
2012-08-27,58111.0,162646434000.0,90.318,0.0,anual,76.213946,,,12.634603,85.609,,
2012-08-28,58406.0,162646434000.0,90.318,0.0,anual,76.600845,,,12.70245,85.609,,
2012-08-29,57369.0,162646434000.0,90.318,0.0,anual,75.240795,,,12.675062,85.609,,
2012-08-30,57256.0,162646434000.0,90.318,0.0,anual,75.092593,,,12.700287,85.609,,
2012-08-31,57061.0,162646434000.0,90.318,0.0,anual,74.836846,,,12.587008,85.609,,
2012-09-03,57281.0,162646434000.0,90.318,0.0,anual,75.125381,,,12.663344,85.609,,
2012-09-04,56234.0,162646434000.0,90.318,0.0,anual,73.752216,,,12.360824,85.609,,
2012-09-05,56864.0,162646434000.0,90.318,0.0,anual,74.578476,,,12.427041,85.609,,
2012-09-06,58321.0,162646434000.0,90.318,0.0,anual,76.489366,,,12.67769,85.609,,
2012-09-10,58404.0,162646434000.0,90.318,0.0,anual,76.598222,,,12.599925,85.609,,
2012-09-11,59423.0,162646434000.0,90.318,0.0,anual,77.934665,,,12.683379,85.609,,
2012-09-12,59922.0,162646434000.0,90.318,0.0,anual,78.589115,,,12.465706,85.609,,
2012-09-13,61958.0,162646434000.0,90.318,0.0,anual,81.259377,,,12.718979,85.609,,
2012-09-14,62105.0,162646434000.0,90.318,0.0,anual,81.452171,,,12.875359,85.609,,
2012-09-17,61806.0,162646434000.0,90.318,0.0,anual,81.060025,,,12.928659,85.609,,
2012-09-18,61804.0,162646434000.0,90.318,0.0,anual,81.057402,,,12.890664,85.609,,
2012-09-19,61652.0,162646434000.0,90.318,0.0,anual,80.858051,,,12.788441,85.609,,
2012-09-20,61688.0,162646434000.0,90.318,0.0,anual,80.905265,,,12.763519,85.609,,
2012-09-21,61320.0,162646434000.0,90.318,0.0,anual,80.422625,,,12.714994,85.609,,
2012-09-24,61910.0,162646434000.0,90.318,0.0,anual,81.196424,,,12.778084,85.609,,
2012-09-25,60501.0,162646434000.0,90.318,0.0,anual,79.348487,,,12.501651,85.609,,
2012-09-26,60478.0,162646434000.0,90.318,0.0,anual,79.318322,,,12.541262,85.609,,
2012-09-27,60240.0,162646434000.0,90.318,0.0,anual,79.006179,,,12.4897,85.609,,
2012-09-28,59176.0,162646434000.0,90.318,0.0,anual,77.610718,,,12.381559,85.609,,
2012-10-01,59571.0,162646434000.0,90.318,0.0,anual,78.12877,,,12.360337,85.609,,
2012-10-02,59222.0,162646434000.0,90.318,0.0,anual,77.671048,,,12.283586,85.609,,
2012-10-03,58627.0,162646434000.0,90.318,0.0,anual,76.890692,,,12.228801,85.609,,
2012-10-04,58458.0,162646434000.0,90.318,0.0,anual,76.669044,,,12.168887,85.609,,
2012-10-05,58572.0,162646434000.0,90.318,0.0,anual,76.818558,,,12.217519,85.609,,
2012-10-08,59317.0,162646434000.0,90.318,0.0,anual,77.795643,,,12.304628,85.609,,
2012-10-09,58939.0,162646434000.0,90.318,0.0,anual,77.299887,,,12.358573,85.609,,
2012-10-10,58456.0,162646434000.0,90.318,0.0,anual,76.666421,,,12.173899,85.609,,
2012-10-11,59162.0,162646434000.0,90.318,0.0,anual,77.592357,,,12.317029,85.609,,
2012-10-15,59602.0,162646434000.0,90.318,0.0,anual,78.169427,,,12.389584,85.609,,
2012-10-16,59744.0,162646434000.0,90.318,0.0,anual,78.355664,,,12.435443,85.609,,
2012-10-17,60087.0,162646434000.0,90.318,0.0,anual,78.805516,,,12.388951,85.609,,
2012-10-18,59734.0,162646434000.0,90.318,0.0,anual,78.342548,,,12.318863,85.609,,
2012-10-19,58922.0,162646434000.0,90.318,0.0,anual,77.277591,,,12.163072,85.609,,
2012-10-22,58700.0,162646434000.0,90.318,0.0,anual,76.986433,,,12.093626,85.609,,
2012-10-23,57690.0,162646434000.0,90.318,0.0,anual,75.661794,,,11.953328,85.609,,
2012-10-24,57161.0,162646434000.0,90.318,0.0,anual,74.967998,,,11.946288,85.609,,
2012-10-25,57837.0,162646434000.0,90.318,0.0,anual,75.854588,,,12.160246,85.609,,
2012-10-26,57277.0,162646434000.0,90.318,0.0,anual,75.120135,,,12.093478,85.609,,
2012-10-29,57177.0,162646434000.0,90.318,0.0,anual,74.988983,,,12.111948,85.609,,
2012-10-30,57684.0,162646434000.0,90.318,0.0,anual,75.653925,,,12.238211,85.609,,
2012-10-31,57068.0,162646434000.0,90.318,0.0,anual,74.846027,,,12.212427,85.609,,
2012-11-01,58383.0,162646434000.0,90.318,0.0,anual,76.57068,,,12.611212,85.609,,
2012-11-05,58210.0,162646434000.0,90.318,0.0,anual,76.343787,,,12.534439,85.609,,
2012-11-06,59459.0,162646434000.0,90.318,0.0,anual,77.981879,,,12.596478,85.609,,
2012-11-07,58517.0,162646434000.0,90.318,0.0,anual,76.746424,,,12.492919,85.609,,
2012-11-08,57524.0,162646434000.0,90.318,0.0,anual,75.444081,,,12.361884,85.609,,
2012-11-09,57358.0,162646434000.0,90.318,0.0,anual,75.226368,,,12.404559,85.609,,
2012-11-12,57064.0,162646434000.0,90.318,0.0,anual,74.840781,,,12.183505,85.609,,
2012-11-13,57486.0,162646434000.0,90.318,0.0,anual,75.394243,,,12.288163,85.609,,
2012-11-14,56279.0,162646434000.0,90.318,0.0,anual,73.811235,,,12.106499,85.609,,
2012-11-16,55402.0,162646434000.0,90.318,0.0,anual,72.661028,,,12.05519,85.609,,
2012-11-19,56451.0,162646434000.0,90.318,0.0,anual,74.036817,,,12.114437,85.609,,
2012-11-21,56242.0,162646434000.0,90.318,0.0,anual,73.762708,,,12.083293,85.609,,
2012-11-22,56437.0,162646434000.0,90.318,0.0,anual,74.018455,,,12.058188,85.609,,
2012-11-23,57574.0,162646434000.0,90.318,0.0,anual,75.509658,,,12.255921,85.609,,
2012-11-26,56737.0,162646434000.0,90.318,0.0,anual,74.411912,,,12.20989,85.609,,
2012-11-27,56248.0,162646434000.0,90.318,0.0,anual,73.770577,,,12.113598,85.609,,
2012-11-28,56539.0,162646434000.0,90.318,0.0,anual,74.152231,,,12.145001,85.609,,
2012-11-29,57853.0,162646434000.0,90.318,0.0,anual,75.875573,,,12.334027,85.609,,
2012-11-30,57475.0,162646434000.0,90.318,0.0,anual,75.379817,,,12.297623,85.609,,
2012-12-03,58202.0,162646434000.0,90.318,0.0,anual,76.333294,,,12.431098,85.609,,
2012-12-04,57563.0,162646434000.0,90.318,0.0,anual,75.495231,,,12.325857,85.609,,
2012-12-05,57679.0,162646434000.0,90.318,0.0,anual,75.647368,,,12.343584,85.609,,
2012-12-06,57656.0,162646434000.0,90.318,0.0,anual,75.617202,,,12.308643,85.609,,
2012-12-07,58487.0,162646434000.0,90.318,0.0,anual,76.707079,,,12.430578,85.609,,
2012-12-10,59248.0,162646434000.0,90.318,0.0,anual,77.705148,,,12.641481,85.609,,
2012-12-11,59623.0,162646434000.0,90.318,0.0,anual,78.196969,,,12.748998,85.609,,
2012-12-12,59474.0,162646434000.0,90.318,0.0,anual,78.001552,,,12.738872,85.609,,
2012-12-13,59317.0,162646434000.0,90.318,0.0,anual,77.795643,,,12.738731,85.609,,
2012-12-14,59605.0,162646434000.0,90.318,0.0,anual,78.173362,,,12.761213,85.609,,
2012-12-17,59567.0,162646434000.0,90.318,0.0,anual,78.123524,,,12.656616,85.609,,
2012-12-18,60461.0,162646434000.0,90.318,0.0,anual,79.296026,,,12.776135,85.609,,
2012-12-19,60998.0,162646434000.0,90.318,0.0,anual,80.000314,,,12.899606,85.609,,
2012-12-20,61276.0,162646434000.0,90.318,0.0,anual,80.364918,,,12.934627,85.609,,
2012-12-21,61007.0,162646434000.0,90.318,0.0,anual,80.012118,,,12.871398,85.609,,
2012-12-26,60960.0,162646434000.0,90.318,0.0,anual,79.950476,,,12.789493,85.609,,
2012-12-27,60416.0,162646434000.0,90.318,0.0,anual,79.237008,,,12.598575,85.609,,
2012-12-28,60952.0,162646434000.0,90.318,0.0,anual,79.939984,,,12.718826,85.609,,
2013-01-02,62550.0,162646434000.0,90.318,0.0,anual,82.035799,,,12.966657,85.609,,
2013-01-03,63312.0,162646434000.0,90.318,0.0,anual,83.03518,,,13.074329,85.609,,
2013-01-04,62523.0,162646434000.0,90.318,0.0,anual,82.000388,,,13.058268,85.609,,
2013-01-07,61933.0,162646434000.0,90.318,0.0,anual,81.226589,,,12.84752,85.609,,
2013-01-08,61128.0,162646434000.0,90.318,0.0,anual,80.170812,,,12.491966,85.609,,
2013-01-09,61579.0,162646434000.0,90.318,0.0,anual,80.762309,,,12.651526,85.609,,
2013-01-10,61678.0,162646434000.0,90.318,0.0,anual,80.89215,,,12.597903,85.609,,
2013-01-11,61497.0,162646434000.0,90.318,0.0,anual,80.654764,,,12.547445,85.609,,
2013-01-14,62081.0,162646434000.0,90.318,0.0,anual,81.420694,,,12.658222,85.609,,
2013-01-15,61728.0,162646434000.0,90.318,0.0,anual,80.957726,,,12.61747,85.609,,
2013-01-16,61787.0,162646434000.0,90.318,0.0,anual,81.035106,,,12.683201,85.609,,
2013-01-17,62194.0,162646434000.0,90.318,0.0,anual,81.568896,,,12.806678,85.609,,
2013-01-18,61956.0,162646434000.0,90.318,0.0,anual,81.256754,,,12.746838,85.609,,
2013-01-21,61900.0,162646434000.0,90.318,0.0,anual,81.183308,,,12.786905,85.609,,
2013-01-22,61692.0,162646434000.0,90.318,0.0,anual,80.910512,,,12.93496,85.609,,
2013-01-23,61966.0,162646434000.0,90.318,0.0,anual,81.269869,,,12.943025,85.609,,
2013-01-24,61170.0,162646434000.0,90.318,0.0,anual,80.225896,,,12.866485,85.609,,
2013-01-28,60027.0,162646434000.0,90.318,0.0,anual,78.726825,,,12.635394,85.609,,
2013-01-29,60406.0,162646434000.0,90.318,0.0,anual,79.223892,,,12.631694,85.609,,
2013-01-30,59337.0,162646434000.0,90.318,0.0,anual,77.821874,,,12.194932,85.609,,
2013-01-31,59761.0,162646434000.0,90.318,0.0,anual,78.37796,,,12.263145,85.609,,
2013-02-01,60351.0,162646434000.0,90.318,0.0,anual,79.151758,,,12.385336,85.609,,
2013-02-04,59576.0,162646434000.0,90.318,0.0,anual,78.135328,,,12.374097,85.609,,
2013-02-05,59445.0,162646434000.0,90.318,0.0,anual,77.963518,,,12.230194,85.609,,
2013-02-06,58951.0,162646434000.0,90.318,0.0,anual,77.315625,,,12.141252,85.609,,
2013-02-07,58372.0,162646434000.0,90.318,0.0,anual,76.556253,,,12.175241,85.609,,
2013-02-08,58498.0,162646434000.0,90.318,0.0,anual,76.721505,,,12.165529,85.609,,
2013-02-13,58406.0,162646434000.0,90.318,0.0,anual,76.600845,,,12.183707,85.609,,
2013-02-14,58077.0,162646434000.0,90.318,0.0,anual,76.169354,,,12.2071,85.609,,
2013-02-15,57903.0,162646434000.0,90.318,0.0,anual,75.941149,,,12.240822,85.609,,
2013-02-18,57614.0,162646434000.0,90.318,0.0,anual,75.562118,,,12.193849,85.609,,
2013-02-19,57314.0,162646434000.0,90.318,0.0,anual,75.168661,,,12.27353,85.609,,
2013-02-20,56178.0,162646434000.0,90.318,0.0,anual,73.678771,,,11.923222,85.609,,
2013-02-21,56155.0,162646434000.0,90.318,0.0,anual,73.648606,,,11.921429,85.609,,
2013-02-22,56697.0,162646434000.0,90.318,0.0,anual,74.359451,,,11.935748,85.609,,
2013-02-25,56618.0,162646434000.0,90.318,0.0,anual,74.255841,,,11.954671,85.609,,
2013-02-26,56949.0,162646434000.0,90.318,0.0,anual,74.689955,,,12.104178,85.609,,
2013-02-27,57274.0,162646434000.0,90.318,0.0,anual,75.1162,,,12.067589,85.609,,
2013-02-28,57424.0,162646434000.0,90.318,0.0,anual,75.312929,,,12.182584,85.609,,
2013-03-01,56884.0,162646434000.0,90.318,0.0,anual,74.604706,,,12.219915,85.609,,
2013-03-04,56499.0,162646434000.0,90.318,0.0,anual,74.09977,,,12.139098,85.609,,
2013-03-05,55951.0,162646434000.0,90.318,0.0,anual,73.381055,,,12.122944,85.609,,
2013-03-06,57940.0,162646434000.0,90.318,0.0,anual,75.989675,,,12.48713,85.609,,
2013-03-07,58847.0,162646434000.0,90.318,0.0,anual,77.179227,,,12.602577,85.609,,
2013-03-08,58433.0,162646434000.0,90.318,0.0,anual,76.636256,,,12.652309,85.609,,
2013-03-11,58545.0,162646434000.0,90.318,0.0,anual,76.783147,,,12.574745,85.609,,
2013-03-12,58209.0,162646434000.0,90.318,0.0,anual,76.342475,,,12.495897,85.609,,
2013-03-13,57386.0,162646434000.0,90.318,0.0,anual,75.263091,,,12.417473,85.609,,
2013-03-14,57281.0,162646434000.0,90.318,0.0,anual,75.125381,,,12.390111,85.609,,
2013-03-15,56869.0,162646434000.0,90.318,0.0,anual,74.585033,,,12.285144,85.609,,
2013-03-18,56973.0,162646434000.0,90.318,0.0,anual,74.721432,,,12.30762,85.609,,
2013-03-19,56361.0,162646434000.0,90.318,0.0,anual,73.918779,,,12.102603,85.609,,
2013-03-20,56030.0,162646434000.0,90.318,0.0,anual,73.484665,,,12.149334,85.609,,
2013-03-21,55577.0,162646434000.0,90.318,0.0,anual,72.890545,,,12.019059,85.609,,
2013-03-22,55243.0,162646434000.0,90.318,0.0,anual,72.452496,,,11.847684,85.609,,
2013-03-25,54873.0,162646434000.0,90.318,0.0,anual,71.967232,,,11.729589,85.609,,
2013-03-26,55671.0,162646434000.0,90.318,0.0,anual,73.013828,,,11.818543,85.609,,
2013-03-27,56034.0,162646434000.0,90.318,0.0,anual,73.489911,,,11.935411,85.609,,
2013-03-28,56352.0,162646434000.0,90.318,0.0,anual,73.906976,,,11.957384,85.609,,
2013-04-01,55902.0,162646434000.0,90.318,0.0,anual,73.31679,,,11.858001,85.609,,
2013-04-02,54889.0,103549601000.0,90.318,0.0,anual,113.07264,,,20.994102,85.609,,
2013-04-03,55563.0,103549601000.0,90.318,0.0,anual,114.461096,,,21.393724,85.609,,
2013-04-04,54648.0,103549601000.0,90.318,0.0,anual,112.576174,,,21.020416,85.609,,
2013-04-05,55051.0,103549601000.0,90.318,0.0,anual,113.406364,,,21.107393,85.609,,
2013-04-08,55092.0,103549601000.0,90.318,0.0,anual,113.490825,,,21.070444,85.609,,
2013-04-09,55912.0,103549601000.0,90.318,0.0,anual,115.180044,,,21.403237,85.609,,
2013-04-10,56187.0,103549601000.0,90.318,0.0,anual,115.746551,,,21.471849,85.609,,
2013-04-11,55401.0,103549601000.0,90.318,0.0,anual,114.127372,,,21.248647,85.609,,
2013-04-12,54963.0,103549601000.0,90.318,0.0,anual,113.225082,,,21.128008,85.609,,
2013-04-15,52950.0,103549601000.0,90.318,0.0,anual,109.078254,,,20.527491,85.609,,
2013-04-16,53991.0,103549601000.0,90.318,0.0,anual,111.222739,,,20.996276,85.609,,
2013-04-17,52882.0,103549601000.0,90.318,0.0,anual,108.938172,,,20.640377,85.609,,
2013-04-18,53166.0,103549601000.0,90.318,0.0,anual,109.523219,,,20.601563,85.609,,
2013-04-19,53929.0,103549601000.0,90.318,0.0,anual,111.095017,,,20.796763,85.609,,
2013-04-22,54298.0,103549601000.0,90.318,0.0,anual,111.855166,,,20.798682,85.609,,
2013-04-23,54885.0,103549601000.0,90.318,0.0,anual,113.0644,,,21.017183,85.609,,
2013-04-24,54984.0,103549601000.0,90.318,0.0,anual,113.268342,,,21.069169,85.609,,
2013-04-25,54963.0,103549601000.0,90.318,0.0,anual,113.225082,,,20.843426,85.609,,
2013-04-26,54252.0,103549601000.0,90.318,0.0,anual,111.760405,,,20.834801,85.609,,
2013-04-29,54887.0,103549601000.0,90.318,0.0,anual,113.06852,,,20.592653,85.609,,
2013-04-30,55910.0,103549601000.0,90.318,0.0,anual,115.175924,,,21.061281,85.609,,
2013-05-02,55322.0,103549601000.0,90.318,0.0,anual,113.96463,,,20.94838,85.609,,
2013-05-03,55488.0,103549601000.0,90.318,0.0,anual,114.306594,,,21.035238,85.609,,
2013-05-06,55430.0,103549601000.0,90.318,0.0,anual,114.187113,,,21.054718,85.609,,
2013-05-07,56275.0,103549601000.0,90.318,0.0,anual,115.927833,,,21.22231,85.609,,
2013-05-08,55805.0,103549601000.0,90.318,0.0,anual,114.959622,,,21.182581,85.609,,
2013-05-09,55448.0,103549601000.0,90.318,0.0,anual,114.224193,,,21.284422,85.609,,
2013-05-10,55108.0,103549601000.0,90.318,0.0,anual,113.523785,,,20.986003,85.609,,
2013-05-13,54448.0,103549601000.0,90.318,0.0,anual,112.164169,,,20.732236,85.609,,
2013-05-14,54667.0,103549601000.0,90.318,0.0,anual,112.615315,,,20.675822,85.609,,
2013-05-15,54936.0,103549601000.0,90.318,0.0,anual,113.169461,,,20.782408,85.609,,
2013-05-16,54773.0,103549601000.0,90.318,0.0,anual,112.833677,,,21.097396,85.609,,
2013-05-17,55164.0,103549601000.0,90.318,0.0,anual,113.639146,,,21.306928,85.609,,
2013-05-20,55701.0,103549601000.0,90.318,0.0,anual,114.745379,,,21.428889,85.609,,
2013-05-21,56265.0,103549601000.0,90.318,0.0,anual,115.907233,,,21.837887,85.609,,
2013-05-22,56429.0,103549601000.0,90.318,0.0,anual,116.245076,,,21.787734,85.609,,
2013-05-23,56350.0,103549601000.0,90.318,0.0,anual,116.082335,,,21.734889,85.609,,
2013-05-24,56406.0,103549601000.0,90.318,0.0,anual,116.197696,,,21.623487,85.609,,
2013-05-27,56396.0,103549601000.0,90.318,0.0,anual,116.177096,,,21.621207,85.609,,
2013-05-28,56036.0,103549601000.0,90.318,0.0,anual,115.435487,,,21.485844,85.609,,
2013-05-29,54635.0,103549601000.0,90.318,0.0,anual,112.549394,,,21.244834,85.609,,
2013-05-31,53506.0,103549601000.0,90.318,0.0,anual,110.223627,,,21.262,85.609,,
2013-06-03,53944.0,103549601000.0,90.318,0.0,anual,111.125918,,,21.213486,85.609,,
2013-06-04,54018.0,103549601000.0,90.318,0.0,anual,111.278359,,,21.196979,85.609,,
2013-06-05,52799.0,103549601000.0,90.318,0.0,anual,108.76719,,,20.74879,85.609,,
2013-06-06,52885.0,103549601000.0,90.318,0.0,anual,108.944352,,,20.733399,85.609,,
2013-06-07,51619.0,103549601000.0,90.318,0.0,anual,106.336362,,,20.511677,85.609,,
2013-06-10,51317.0,103549601000.0,90.318,0.0,anual,105.714235,,,20.358506,85.609,,
2013-06-11,49770.0,103549601000.0,90.318,0.0,anual,102.527379,,,19.886601,85.609,,
2013-06-12,49181.0,103549601000.0,90.318,0.0,anual,101.314025,,,19.70015,85.609,,
2013-06-13,50415.0,103549601000.0,90.318,0.0,anual,103.856094,,,20.095911,85.609,,
2013-06-14,49332.0,101773126000.0,90.318,0.0,anual,103.398979,,,20.086855,85.609,,
2013-06-17,49089.0,101773126000.0,90.318,0.0,anual,102.889656,,,20.041004,85.609,,
2013-06-18,49465.0,101773126000.0,90.318,0.0,anual,103.677745,,,20.145405,85.609,,
2013-06-19,47893.0,101773126000.0,90.318,0.0,anual,100.382861,,,19.750921,85.609,,
2013-06-20,48214.0,101773126000.0,90.318,0.0,anual,101.055672,,,19.612471,85.609,,
2013-06-21,47056.0,101773126000.0,90.318,0.0,anual,98.628524,,,18.965081,85.609,,
2013-06-24,45965.0,101773126000.0,90.318,0.0,anual,96.341808,,,18.547192,85.609,,
2013-06-25,46893.0,101773126000.0,90.318,0.0,anual,98.286879,,,18.583017,85.609,,
2013-06-26,47172.0,101773126000.0,90.318,0.0,anual,98.871658,,,18.554426,85.609,,
2013-06-27,47609.0,101773126000.0,90.318,0.0,anual,99.787602,,,18.986441,85.609,,
2013-06-28,47457.0,101773126000.0,90.318,0.0,anual,99.469013,,,18.903681,85.609,,
2013-07-01,47230.0,101773126000.0,90.318,0.0,anual,98.993225,,,18.800525,85.609,,
2013-07-02,45229.0,101773126000.0,90.318,0.0,anual,94.799166,,,17.949641,85.609,,
2013-07-03,45044.0,101773126000.0,90.318,0.0,anual,94.411409,,,17.857599,85.609,,
2013-07-04,45763.0,101773126000.0,90.318,0.0,anual,95.91842,,,18.340648,85.609,,
2013-07-05,45210.0,101773126000.0,90.318,0.0,anual,94.759342,,,18.171174,85.609,,
2013-07-08,45076.0,101773126000.0,90.318,0.0,anual,94.47848,,,18.192085,85.609,,
2013-07-10,45483.0,101773126000.0,90.318,0.0,anual,95.331545,,,18.255267,85.609,,
2013-07-11,46626.0,101773126000.0,90.318,0.0,anual,97.727252,,,18.786506,85.609,,
2013-07-12,45533.0,101773126000.0,90.318,0.0,anual,95.436344,,,18.597542,85.609,,
2013-07-15,46739.0,101773126000.0,90.318,0.0,anual,97.964098,,,18.797007,85.609,,
2013-07-16,46869.0,101773126000.0,90.318,0.0,anual,98.236576,,,18.819179,85.609,,
2013-07-17,47407.0,101773126000.0,90.318,0.0,anual,99.364214,,,19.014051,85.609,,
2013-07-18,47657.0,101773126000.0,90.318,0.0,anual,99.88821,,,18.938782,85.609,,
2013-07-19,47400.0,101773126000.0,90.318,0.0,anual,99.349542,,,18.85649,85.609,,
2013-07-22,48574.0,101773126000.0,90.318,0.0,anual,101.810225,,,19.073713,85.609,,
2013-07-23,48820.0,101773126000.0,90.318,0.0,anual,102.325837,,,19.179137,85.609,,
2013-07-24,48374.0,101773126000.0,90.318,0.0,anual,101.391029,,,19.057134,85.609,,
2013-07-25,49067.0,101773126000.0,90.318,0.0,anual,102.843544,,,19.311178,85.609,,
2013-07-26,49422.0,101773126000.0,90.318,0.0,anual,103.587618,,,19.310251,85.609,,
2013-07-29,49212.0,101773126000.0,90.318,0.0,anual,103.147461,,,19.248761,85.609,,
2013-07-30,48562.0,101773126000.0,90.318,0.0,anual,101.785073,,,19.029694,85.609,,
2013-07-31,48234.0,101773126000.0,90.318,0.0,anual,101.097591,,,18.942804,85.609,,
2013-08-01,49141.0,101773126000.0,90.318,0.0,anual,102.998647,,,19.122791,85.609,,
2013-08-02,48474.0,101773126000.0,90.318,0.0,anual,101.600627,,,18.976226,85.609,,
2013-08-05,48436.0,101773126000.0,90.318,0.0,anual,101.52098,,,18.863018,85.609,,
2013-08-06,47422.0,101773126000.0,90.318,0.0,anual,99.395654,,,18.404794,85.609,,
2013-08-07,47447.0,101773126000.0,90.318,0.0,anual,99.448053,,,18.45803,85.609,,
2013-08-08,48929.0,101773126000.0,90.318,0.0,anual,102.554299,,,18.718064,85.609,,
2013-08-09,49875.0,101773126000.0,90.318,0.0,anual,104.537097,,,18.871414,85.609,,
2013-08-12,50299.0,101773126000.0,90.318,0.0,anual,105.425794,,,19.035234,85.609,,
2013-08-13,50601.0,101773126000.0,90.318,0.0,anual,106.05878,,,19.005647,85.609,,
2013-08-14,50896.0,101773126000.0,90.318,0.0,anual,106.677095,,,18.977313,85.609,,
2013-08-15,50908.0,101773126000.0,90.318,0.0,anual,106.702247,,,18.816486,85.609,,
2013-08-16,51539.0,101773126000.0,90.318,0.0,anual,108.024811,,,18.748063,85.609,,
2013-08-19,51574.0,101773126000.0,90.318,0.0,anual,108.098171,,,18.51783,85.609,,
2013-08-20,50507.0,101773126000.0,90.318,0.0,anual,105.861758,,,18.179927,85.609,,
2013-08-21,50405.0,101773126000.0,90.318,0.0,anual,105.647968,,,18.159632,85.609,,
2013-08-22,51398.0,101773126000.0,90.318,0.0,anual,107.729278,,,18.474355,85.609,,
2013-08-23,52197.0,101773126000.0,90.318,0.0,anual,109.403967,,,18.556263,85.609,,
2013-08-26,51429.0,101773126000.0,90.318,0.0,anual,107.794253,,,18.237995,85.609,,
2013-08-27,50092.0,101773126000.0,90.318,0.0,anual,104.991926,,,18.115673,85.609,,
2013-08-28,49867.0,101773126000.0,90.318,0.0,anual,104.52033,,,17.994942,85.609,,
2013-08-29,49922.0,101773126000.0,90.318,0.0,anual,104.635609,,,17.981424,85.609,,
2013-08-30,50008.0,101773126000.0,90.318,0.0,anual,104.815863,,,18.138053,85.609,,
2013-09-02,51835.0,101773126000.0,90.318,0.0,anual,108.645222,,,18.368637,85.609,,
2013-09-03,51626.0,101773126000.0,90.318,0.0,anual,108.207162,,,18.2913,85.609,,
2013-09-04,51716.0,101773126000.0,90.318,0.0,anual,108.3958,,,18.873144,85.609,,
2013-09-05,52352.0,101773126000.0,90.318,0.0,anual,109.728845,,,19.138351,85.609,,
2013-09-06,53749.0,101773126000.0,90.318,0.0,anual,112.656931,,,19.312022,85.609,,
2013-09-09,54252.0,101773126000.0,90.318,0.0,anual,113.71121,,,19.634288,85.609,,
2013-09-10,53979.0,101773126000.0,90.318,0.0,anual,113.139007,,,19.759737,85.609,,
2013-09-11,53570.0,101773126000.0,90.318,0.0,anual,112.281751,,,19.615083,85.609,,
2013-09-12,53307.0,101773126000.0,90.318,0.0,anual,111.730507,,,19.409871,85.609,,
2013-09-13,53798.0,101773126000.0,90.318,0.0,anual,112.759634,,,19.507322,85.609,,
2013-09-16,53822.0,101773126000.0,90.318,0.0,anual,112.809938,,,19.482484,85.609,,
2013-09-17,54271.0,101773126000.0,90.318,0.0,anual,113.751034,,,19.695827,85.609,,
2013-09-18,55703.0,101773126000.0,90.318,0.0,anual,116.75248,,,19.956352,85.609,,
2013-09-19,55096.0,101773126000.0,90.318,0.0,anual,115.480219,,,19.878956,85.609,,
2013-09-20,54110.0,101773126000.0,90.318,0.0,anual,113.413581,,,19.62434,85.609,,
2013-09-23,54602.0,101773126000.0,90.318,0.0,anual,114.444804,,,19.727038,85.609,,
2013-09-24,54431.0,101773126000.0,90.318,0.0,anual,114.086391,,,19.633598,85.609,,
2013-09-25,54261.0,101773126000.0,90.318,0.0,anual,113.730074,,,19.560114,85.609,,
2013-09-26,53783.0,101773126000.0,90.318,0.0,anual,112.728195,,,19.427299,85.609,,
2013-09-27,53739.0,101773126000.0,90.318,0.0,anual,112.635972,,,19.508636,85.609,,
2013-09-30,52338.0,101773126000.0,90.318,0.0,anual,109.699501,,,19.135056,85.609,,
2013-10-01,53179.0,101773126000.0,90.318,0.0,anual,111.462222,,,19.148673,85.609,,
2013-10-02,53100.0,101773126000.0,90.318,0.0,anual,111.296639,,,19.15673,85.609,,
2013-10-03,52490.0,101773126000.0,90.318,0.0,anual,110.01809,,,18.963352,85.609,,
2013-10-04,52849.0,101773126000.0,90.318,0.0,anual,110.770548,,,18.95204,85.609,,
2013-10-07,52417.0,101773126000.0,90.318,0.0,anual,109.865083,,,18.922823,85.609,,
2013-10-08,52312.0,101773126000.0,90.318,0.0,anual,109.645005,,,18.817907,85.609,,
2013-10-09,52548.0,101773126000.0,90.318,0.0,anual,110.139657,,,18.745347,85.609,,
2013-10-10,52997.0,101773126000.0,90.318,0.0,anual,111.080753,,,18.948742,85.609,,
2013-10-11,53150.0,101773126000.0,90.318,0.0,anual,111.401438,,,19.076177,85.609,,
2013-10-14,54171.0,101773126000.0,90.318,0.0,anual,113.541436,,,19.400676,85.609,,
2013-10-15,54981.0,101773126000.0,90.318,0.0,anual,115.239181,,,19.351086,85.609,,
2013-10-16,55973.0,101773126000.0,90.318,0.0,anual,117.318395,,,19.398378,85.609,,
2013-10-17,55358.0,101773126000.0,90.318,0.0,anual,116.029366,,,19.422951,85.609,,
2013-10-18,55378.0,101773126000.0,90.318,0.0,anual,116.071286,,,19.423818,85.609,,
2013-10-21,56077.0,101773126000.0,90.318,0.0,anual,117.536377,,,19.535745,85.609,,
2013-10-22,56460.0,101773126000.0,90.318,0.0,anual,118.339138,,,19.629301,85.609,,
2013-10-23,55440.0,101773126000.0,90.318,0.0,anual,116.201237,,,19.355553,85.609,,
2013-10-24,54877.0,101773126000.0,90.318,0.0,anual,115.021199,,,19.310477,85.609,,
2013-10-25,54154.0,101773126000.0,90.318,0.0,anual,113.505804,,,19.105581,85.609,,
2013-10-28,55073.0,101773126000.0,90.318,0.0,anual,115.432011,,,19.492345,85.609,,
2013-10-29,54539.0,101773126000.0,90.318,0.0,anual,114.312757,,,19.429966,85.609,,
2013-10-30,54173.0,101773126000.0,90.318,0.0,anual,113.545628,,,19.3265,85.609,,
2013-10-31,54256.0,101773126000.0,90.318,0.0,anual,113.719594,,,19.681122,85.609,,
2013-11-01,54013.0,101773126000.0,90.318,0.0,anual,113.210271,,,19.512498,85.609,,
2013-11-04,54437.0,101773126000.0,90.318,0.0,anual,114.098967,,,19.626605,85.609,,
2013-11-05,53832.0,101773126000.0,90.318,0.0,anual,112.830898,,,19.245083,85.609,,
2013-11-06,53385.0,101773126000.0,90.318,0.0,anual,111.893994,,,19.031081,85.609,,
2013-11-07,52741.0,101773126000.0,90.318,0.0,anual,110.544182,,,18.853451,85.609,,
2013-11-08,52249.0,101773126000.0,90.318,0.0,anual,109.512959,,,18.650164,85.609,,
2013-11-11,52624.0,101773126000.0,90.318,0.0,anual,110.298952,,,18.863456,85.609,,
2013-11-12,51804.0,101773126000.0,90.318,0.0,anual,108.580247,,,18.485846,85.609,,
2013-11-13,52230.0,101773126000.0,90.318,0.0,anual,109.473135,,,18.547848,85.609,,
2013-11-14,53452.0,101773126000.0,90.318,0.0,anual,112.034425,,,18.815425,85.609,,
2013-11-18,54307.0,101773126000.0,90.318,0.0,anual,113.826489,,,18.997463,85.609,,
2013-11-19,53033.0,101773126000.0,90.318,0.0,anual,111.156208,,,18.582415,85.609,,
2013-11-21,52688.0,101773126000.0,90.318,0.0,anual,110.433095,,,18.388187,85.609,,
2013-11-22,52801.0,101773126000.0,90.318,0.0,anual,110.669941,,,18.312358,85.609,,
2013-11-25,52264.0,101773126000.0,90.318,0.0,anual,109.544398,,,18.1326,85.609,,
2013-11-26,51447.0,101773126000.0,90.318,0.0,anual,107.831981,,,17.880276,85.609,,
2013-11-27,51861.0,101773126000.0,90.318,0.0,anual,108.699718,,,18.122426,85.609,,
2013-11-28,51847.0,101773126000.0,90.318,0.0,anual,108.670374,,,18.078809,85.609,,
2013-11-29,52482.0,101773126000.0,90.318,0.0,anual,110.001322,,,18.430857,85.609,,
2013-12-02,51245.0,101773126000.0,90.318,0.0,anual,107.408593,,,17.951506,85.609,,
2013-12-03,50349.0,101773126000.0,90.318,0.0,anual,105.530593,,,17.628175,85.609,,
2013-12-04,50216.0,101773126000.0,90.318,0.0,anual,105.251827,,,17.487706,85.609,,
2013-12-05,50788.0,101773126000.0,90.318,0.0,anual,106.450729,,,17.577787,85.609,,
2013-12-06,50944.0,101773126000.0,90.318,0.0,anual,106.777702,,,17.571461,85.609,,
2013-12-09,51165.0,101773126000.0,90.318,0.0,anual,107.240914,,,17.687632,85.609,,
2013-12-10,50993.0,101773126000.0,90.318,0.0,anual,106.880405,,,17.556148,85.609,,
2013-12-11,50068.0,101773126000.0,90.318,0.0,anual,104.941622,,,17.219898,85.609,,
2013-12-12,50122.0,101773126000.0,90.318,0.0,anual,105.054805,,,17.133756,85.609,,
2013-12-13,50051.0,101773126000.0,90.318,0.0,anual,104.90599,,,17.252752,85.609,,
2013-12-16,50280.0,101773126000.0,90.318,0.0,anual,105.38597,,,17.330193,85.609,,
2013-12-17,50090.0,101773126000.0,90.318,0.0,anual,104.987734,,,17.274686,85.609,,
2013-12-18,50563.0,101773126000.0,90.318,0.0,anual,105.979133,,,17.232144,85.609,,
2013-12-19,50819.0,101773126000.0,90.318,0.0,anual,106.515704,,,17.515228,85.609,,
2013-12-20,51186.0,101773126000.0,90.318,0.0,anual,107.28493,,,17.369704,85.609,,
2013-12-23,51356.0,101773126000.0,90.318,0.0,anual,107.641247,,,17.460425,85.609,,
2013-12-26,51221.0,101773126000.0,90.318,0.0,anual,107.358289,,,17.53788,85.609,,
2013-12-27,51267.0,101773126000.0,90.318,0.0,anual,107.454704,,,17.637637,85.609,,
2013-12-30,51507.0,101773126000.0,90.318,0.0,anual,107.95774,,,17.74886,85.609,,
2014-01-02,50341.0,101773126000.0,90.318,0.0,anual,105.513825,,,17.465858,85.609,,
2014-01-03,50981.0,101773126000.0,90.318,0.0,anual,106.855253,,,17.556966,85.609,,
2014-01-06,50974.0,101773126000.0,90.318,0.0,anual,106.840582,,,17.606546,85.609,,
2014-01-07,50430.0,101773126000.0,90.318,0.0,anual,105.700367,,,17.391343,85.609,,
2014-01-08,50577.0,101773126000.0,90.318,0.0,anual,106.008477,,,17.407408,85.609,,
2014-01-09,49322.0,101773126000.0,90.318,0.0,anual,103.378019,,,16.988129,85.609,,
2014-01-10,49696.0,101773126000.0,90.318,0.0,anual,104.161917,,,17.103572,85.609,,
2014-01-13,49427.0,101773126000.0,90.318,0.0,anual,103.598098,,,16.930272,85.609,,
2014-01-14,49703.0,101773126000.0,90.318,0.0,anual,104.176589,,,17.011383,85.609,,
2014-01-15,50105.0,101773126000.0,90.318,0.0,anual,105.019173,,,17.171217,85.609,,
2014-01-16,49696.0,101773126000.0,90.318,0.0,anual,104.161917,,,17.061998,85.609,,
2014-01-17,49182.0,101773126000.0,90.318,0.0,anual,103.084582,,,16.889917,85.609,,
2014-01-20,48708.0,101773126000.0,90.318,0.0,anual,102.091087,,,16.742346,85.609,,
2014-01-21,48542.0,101773126000.0,90.318,0.0,anual,101.743154,,,16.685612,85.609,,
2014-01-22,49300.0,101773126000.0,90.318,0.0,anual,103.331908,,,16.913148,85.609,,
2014-01-23,48321.0,101773126000.0,90.318,0.0,anual,101.279942,,,16.557625,86.164,,
2014-01-24,47787.0,101773126000.0,90.318,0.0,anual,100.160687,,,16.308381,86.164,,
2014-01-27,47701.0,101773126000.0,90.318,0.0,anual,99.980433,,,16.295797,86.164,,
2014-01-28,47841.0,101773126000.0,90.318,0.0,anual,100.27387,,,16.407829,86.164,,
2014-01-29,47557.0,101773126000.0,90.318,0.0,anual,99.678611,,,16.365754,86.164,,
2014-01-30,47244.0,101773126000.0,90.318,0.0,anual,99.022569,,,16.309145,86.164,,
2014-01-31,47639.0,101773126000.0,90.318,0.0,anual,99.850482,,,16.430799,86.164,,
2014-02-03,46148.0,101773126000.0,90.318,0.0,anual,96.725373,,,15.873814,86.164,,
2014-02-04,46964.0,101773126000.0,90.318,0.0,anual,98.435694,,,16.131351,86.164,,
2014-02-05,46624.0,101773126000.0,90.318,0.0,anual,97.72306,,,16.003982,86.164,,
2014-02-06,47738.0,101773126000.0,90.318,0.0,anual,100.057984,,,16.278233,86.164,,
2014-02-07,48074.0,101773126000.0,90.318,0.0,anual,100.762234,,,16.3844,86.164,,
2014-02-10,47711.0,101773126000.0,90.318,0.0,anual,100.001393,,,16.22285,86.164,,
2014-02-11,48463.0,101773126000.0,90.318,0.0,anual,101.577571,,,16.443877,86.164,,
2014-02-12,48217.0,101773126000.0,90.318,0.0,anual,101.061959,,,16.370446,86.164,,
2014-02-13,47813.0,101773126000.0,90.318,0.0,anual,100.215183,,,16.122194,86.164,,
2014-02-14,48201.0,101773126000.0,90.318,0.0,anual,101.028424,,,16.18759,86.164,,
2014-02-17,47576.0,101773126000.0,90.318,0.0,anual,99.718435,,,15.939363,86.164,,
2014-02-18,46600.0,101773126000.0,90.318,0.0,anual,97.672757,,,15.562758,86.164,,
2014-02-19,47151.0,101773126000.0,90.318,0.0,anual,98.827643,,,15.609438,86.164,,
2014-02-20,47289.0,101773126000.0,90.318,0.0,anual,99.116888,,,15.633445,86.164,,
2014-02-21,47380.0,101773126000.0,90.318,0.0,anual,99.307623,,,15.703126,86.164,,
2014-02-24,47393.0,101773126000.0,90.318,0.0,anual,99.33487,,,15.882559,86.164,,
2014-02-25,46716.0,101773126000.0,90.318,0.0,anual,97.915891,,,15.606919,86.164,,
2014-02-26,46599.0,101773126000.0,90.318,0.0,anual,97.670661,,,15.521692,86.164,,
2014-02-27,47607.0,101773126000.0,90.318,0.0,anual,99.783411,,,15.830684,86.164,,
2014-02-28,47094.0,101773126000.0,90.318,0.0,anual,98.708172,,,15.723395,86.164,,
2014-03-05,46589.0,101773126000.0,90.318,0.0,anual,97.649701,,,15.466223,86.164,,
2014-03-06,47093.0,101773126000.0,90.318,0.0,anual,98.706076,,,15.555242,86.164,,
2014-03-07,46244.0,101773126000.0,90.318,0.0,anual,96.926587,,,15.238766,86.164,,
2014-03-10,45533.0,101773126000.0,90.318,0.0,anual,95.436344,,,14.997598,86.164,,
2014-03-11,45698.0,101773126000.0,90.318,0.0,anual,95.782181,,,15.046856,86.164,,
2014-03-12,45862.0,101773126000.0,90.318,0.0,anual,96.125922,,,15.035464,86.164,,
2014-03-13,45444.0,101773126000.0,90.318,0.0,anual,95.249802,,,14.829131,86.164,,
2014-03-14,44966.0,101773126000.0,90.318,0.0,anual,94.247922,,,14.714145,86.164,,
2014-03-17,45118.0,101773126000.0,90.318,0.0,anual,94.566512,,,14.764107,86.164,,
2014-03-18,46150.0,101773126000.0,90.318,0.0,anual,96.729565,,,15.089169,86.164,,
2014-03-19,46567.0,101773126000.0,90.318,0.0,anual,97.603589,,,15.206825,86.164,,
2014-03-20,47278.0,101773126000.0,90.318,0.0,anual,99.093832,,,15.45199,86.164,,
2014-03-21,47381.0,101773126000.0,90.318,0.0,anual,99.309719,,,15.546656,86.164,,
2014-03-24,47993.0,101773126000.0,90.318,0.0,anual,100.59246,,,15.744229,86.164,,
2014-03-25,48180.0,101773126000.0,90.318,0.0,anual,100.984408,,,15.791797,86.164,,
2014-03-26,47966.0,101773126000.0,90.318,0.0,anual,100.535868,,,15.729922,86.164,,
2014-03-27,49647.0,101773126000.0,90.318,0.0,anual,104.059214,,,16.278722,86.164,,
2014-03-28,49768.0,101773126000.0,90.318,0.0,anual,104.312827,,,16.274965,86.164,,
2014-03-31,50415.0,101773126000.0,90.318,0.0,anual,105.668928,,,16.47088,86.164,,
2014-04-01,50270.0,101773126000.0,90.318,0.0,anual,105.36501,,,16.404893,86.164,,
2014-04-02,51701.0,111308946000.0,93.662,0.0,anual,99.080803,,,19.692088,89.508,,
2014-04-03,51408.0,111308946000.0,93.662,0.0,anual,98.519292,,,19.614939,89.508,,
2014-04-04,51082.0,111308946000.0,93.662,0.0,anual,97.894539,,,19.50175,89.508,,
2014-04-07,52155.0,111308946000.0,93.662,0.0,anual,99.950857,,,19.932143,89.508,,
2014-04-08,51629.0,111308946000.0,93.662,0.0,anual,98.94282,,,19.721047,89.508,,
2014-04-09,51185.0,111308946000.0,93.662,0.0,anual,98.09193,,,19.537853,89.508,,
2014-04-10,51127.0,111308946000.0,93.662,0.0,anual,97.980778,,,19.56702,89.508,,
2014-04-11,51867.0,111308946000.0,93.662,0.0,anual,99.398928,,,19.834126,89.508,,
2014-04-14,51596.0,111308946000.0,93.662,0.0,anual,98.879579,,,19.705572,89.508,,
2014-04-15,50454.0,111308946000.0,93.662,0.0,anual,96.691028,,,19.289549,89.508,,
2014-04-16,51201.0,111308946000.0,93.662,0.0,anual,98.122593,,,19.543988,89.508,,
2014-04-17,52112.0,111308946000.0,93.662,0.0,anual,99.868451,,,19.854979,89.508,,
2014-04-22,51977.0,111308946000.0,93.662,0.0,anual,99.609734,,,19.737455,89.508,,
2014-04-23,51570.0,111308946000.0,93.662,0.0,anual,98.829752,,,19.565087,89.508,,
2014-04-24,51817.0,111308946000.0,93.662,0.0,anual,99.303107,,,19.566878,89.508,,
2014-04-25,51399.0,111308946000.0,93.662,0.0,anual,98.502044,,,19.45733,89.508,,
2014-04-28,51384.0,111308946000.0,93.662,0.0,anual,98.473298,,,19.441554,89.508,,
2014-04-29,51839.0,111308946000.0,93.662,0.0,anual,99.345269,,,19.545318,89.508,,
2014-04-30,51626.0,111308946000.0,93.662,0.0,anual,98.937071,,,19.364507,89.508,,
2014-05-02,52980.0,111308946000.0,93.662,0.0,anual,101.531903,,,19.694937,89.508,,
2014-05-05,53446.0,111308946000.0,93.662,0.0,anual,102.424955,,,19.876322,89.508,,
2014-05-06,53780.0,111308946000.0,93.662,0.0,anual,103.065039,,,20.041375,89.508,,
2014-05-07,54053.0,111308946000.0,93.662,0.0,anual,103.588221,,,20.28234,89.508,,
2014-05-08,53422.0,111308946000.0,93.662,0.0,anual,102.378961,,,19.98246,89.508,,
2014-05-09,53100.0,111308946000.0,93.662,0.0,anual,101.761873,,,19.818452,89.508,,
2014-05-12,54053.0,111308946000.0,93.662,0.0,anual,103.588221,,,20.253211,89.508,,
2014-05-13,53907.0,111308946000.0,93.662,0.0,anual,103.308424,,,20.164415,89.508,,
2014-05-14,54413.0,111308946000.0,93.662,0.0,anual,104.278132,,,20.370803,89.508,,
2014-05-15,53856.0,111308946000.0,93.662,0.0,anual,103.210687,,,20.142296,89.508,,
2014-05-16,53976.0,111308946000.0,93.662,0.0,anual,103.440657,,,20.146268,89.508,,
2014-05-19,53353.0,111308946000.0,93.662,0.0,anual,102.246728,,,19.923258,89.508,,
2014-05-20,52366.0,111308946000.0,93.662,0.0,anual,100.355222,,,19.586596,89.508,,
2014-05-21,52203.0,111308946000.0,93.662,0.0,anual,100.042845,,,19.471454,89.508,,
2014-05-22,52806.0,111308946000.0,93.662,0.0,anual,101.198446,,,19.691411,89.508,,
2014-05-23,52626.0,111308946000.0,93.662,0.0,anual,100.853491,,,19.593168,89.508,,
2014-05-26,52932.0,111308946000.0,93.662,0.0,anual,101.439915,,,19.710516,89.508,,
2014-05-27,52172.0,111308946000.0,93.662,0.0,anual,99.983436,,,19.434462,89.508,,
2014-05-28,52640.0,111308946000.0,93.662,0.0,anual,100.88032,,,19.593362,89.508,,
2014-05-29,52239.0,111308946000.0,93.662,0.0,anual,100.111836,,,19.505539,89.508,,
2014-05-30,51239.0,111308946000.0,93.662,0.0,anual,98.195417,,,19.141096,89.508,,
2014-06-02,51606.0,111308946000.0,93.662,0.0,anual,98.898743,,,19.222776,89.508,,
2014-06-03,52032.0,111308946000.0,93.662,0.0,anual,99.715137,,,19.357482,89.508,,
2014-06-04,51833.0,111308946000.0,93.662,0.0,anual,99.33377,,,19.238778,89.508,,
2014-06-05,51559.0,111308946000.0,93.662,0.0,anual,98.808671,,,19.115538,89.508,,
2014-06-06,53129.0,111308946000.0,93.662,0.0,anual,101.81745,,,19.7125,89.508,,
2014-06-09,54273.0,111308946000.0,93.662,0.0,anual,104.009833,,,20.099605,89.508,,
2014-06-10,54604.0,111308946000.0,93.662,0.0,anual,104.644168,,,20.327606,89.508,,
2014-06-11,55102.0,111308946000.0,93.662,0.0,anual,105.598545,,,20.407292,89.508,,
2014-06-13,54807.0,111308946000.0,93.662,0.0,anual,105.033201,,,20.30305,89.508,,
2014-06-16,54630.0,111308946000.0,93.662,0.0,anual,104.693995,,,20.203259,89.508,,
2014-06-17,54300.0,111308946000.0,93.662,0.0,anual,104.061577,,,20.113919,89.508,,
2014-06-18,55203.0,111308946000.0,93.662,0.0,anual,105.792104,,,20.459061,89.508,,
2014-06-20,54638.0,111308946000.0,93.662,0.0,anual,104.709327,,,20.242837,89.508,,
2014-06-23,54210.0,111308946000.0,93.662,0.0,anual,103.889099,,,20.098886,89.508,,
2014-06-24,54281.0,111308946000.0,93.662,0.0,anual,104.025165,,,20.076565,89.508,,
2014-06-25,53426.0,111308946000.0,93.662,0.0,anual,102.386626,,,19.778831,89.508,,
2014-06-26,53506.0,111308946000.0,93.662,0.0,anual,102.53994,,,19.798465,89.508,,
2014-06-27,53157.0,111308946000.0,93.662,0.0,anual,101.871109,,,19.624836,89.508,,
2014-06-30,53168.0,111308946000.0,93.662,0.0,anual,101.89219,,,19.646407,89.508,,
2014-07-01,53171.0,111308946000.0,93.662,0.0,anual,101.897939,,,19.680336,89.508,,
2014-07-02,53029.0,111308946000.0,93.662,0.0,anual,101.625808,,,19.646832,89.508,,
2014-07-03,53875.0,111308946000.0,93.662,0.0,anual,103.247099,,,19.901971,89.508,,
2014-07-04,54055.0,111308946000.0,93.662,0.0,anual,103.592054,,,19.96209,89.508,,
2014-07-07,53802.0,111308946000.0,93.662,0.0,anual,103.1072,,,19.856542,89.508,,
2014-07-08,53635.0,111308946000.0,93.662,0.0,anual,102.787158,,,19.815054,89.508,,
2014-07-10,54593.0,111308946000.0,93.662,0.0,anual,104.623088,,,20.180634,89.508,,
2014-07-11,54786.0,111308946000.0,93.662,0.0,anual,104.992957,,,20.24133,89.508,,
2014-07-14,55744.0,111308946000.0,93.662,0.0,anual,106.828887,,,20.586468,89.508,,
2014-07-15,55974.0,111308946000.0,93.662,0.0,anual,107.269663,,,20.645214,89.508,,
2014-07-16,55717.0,111308946000.0,93.662,0.0,anual,106.777143,,,20.58624,89.508,,
2014-07-17,55638.0,111308946000.0,93.662,0.0,anual,106.625746,,,20.54218,89.508,,
2014-07-18,57013.0,111308946000.0,93.662,0.0,anual,109.260823,,,21.046711,89.508,,
2014-07-21,57634.0,111308946000.0,93.662,0.0,anual,110.450919,,,21.226109,89.508,,
2014-07-22,57983.0,111308946000.0,93.662,0.0,anual,111.11975,,,21.289977,89.508,,
2014-07-23,57420.0,111308946000.0,93.662,0.0,anual,110.040806,,,21.084025,89.508,,
2014-07-24,57978.0,111308946000.0,93.662,0.0,anual,111.110168,,,21.239512,89.508,,
2014-07-25,57821.0,111308946000.0,93.662,0.0,anual,110.80929,,,21.188022,89.508,,
2014-07-28,57696.0,111308946000.0,93.662,0.0,anual,110.569737,,,21.106558,89.508,,
2014-07-29,57119.0,111308946000.0,93.662,0.0,anual,109.463963,,,20.933561,89.508,,
2014-07-30,56878.0,111308946000.0,93.662,0.0,anual,109.002106,,,20.844476,89.508,,
2014-07-31,55829.0,111308946000.0,93.662,0.0,anual,106.991782,,,20.487354,89.508,,
2014-08-01,55903.0,111308946000.0,93.662,0.0,anual,107.133597,,,20.471958,89.508,,
2014-08-04,56616.0,111308946000.0,93.662,0.0,anual,108.500004,,,20.795777,89.508,,
2014-08-05,56202.0,111308946000.0,93.662,0.0,anual,107.706607,,,20.686095,89.508,,
2014-08-06,56487.0,111308946000.0,93.662,0.0,anual,108.252786,,,20.792077,89.508,,
2014-08-07,56188.0,111308946000.0,93.662,0.0,anual,107.679777,,,20.7149,89.508,,
2014-08-08,55573.0,111308946000.0,93.662,0.0,anual,106.501179,,,20.493924,89.508,,
2014-08-11,56613.0,111308946000.0,93.662,0.0,anual,108.494255,,,20.81934,89.508,,
2014-08-12,56442.0,111308946000.0,93.662,0.0,anual,108.166547,,,20.816999,89.508,,
2014-08-13,55581.0,111308946000.0,93.662,0.0,anual,106.51651,,,20.502278,89.508,,
2014-08-14,55780.0,111308946000.0,93.662,0.0,anual,106.897878,,,20.523048,89.508,,
2014-08-15,56964.0,111308946000.0,93.662,0.0,anual,109.166918,,,20.975743,89.508,,
2014-08-18,57561.0,111308946000.0,93.662,0.0,anual,110.311021,,,21.143064,89.508,,
2014-08-19,58449.0,111308946000.0,93.662,0.0,anual,112.012801,,,21.490429,89.508,,
2014-08-20,58878.0,111308946000.0,93.662,0.0,anual,112.834945,,,21.680328,89.508,,
2014-08-21,58992.0,111308946000.0,93.662,0.0,anual,113.053417,,,21.761271,89.508,,
2014-08-22,58407.0,111308946000.0,93.662,0.0,anual,111.932312,,,21.587384,89.508,,
2014-08-25,59735.0,111308946000.0,93.662,0.0,anual,114.477317,,,22.019351,89.508,,
2014-08-26,59821.0,111308946000.0,93.662,0.0,anual,114.642129,,,22.020492,89.508,,
2014-08-27,60951.0,111308946000.0,93.662,0.0,anual,116.807683,,,22.442546,89.508,,
2014-08-28,60291.0,111308946000.0,93.662,0.0,anual,115.542846,,,22.203159,89.508,,
2014-08-29,61288.0,111308946000.0,93.662,0.0,anual,117.453516,,,22.663173,89.508,,
2014-09-01,61141.0,111308946000.0,93.662,0.0,anual,117.171802,,,22.577442,89.508,,
2014-09-02,61896.0,111308946000.0,93.662,0.0,anual,118.618699,,,22.854796,89.508,,
2014-09-03,61837.0,111308946000.0,93.662,0.0,anual,118.50563,,,22.860513,89.508,,
2014-09-04,60800.0,111308946000.0,93.662,0.0,anual,116.518303,,,22.463699,89.508,,
2014-09-05,60681.0,111308946000.0,93.662,0.0,anual,116.290249,,,22.372261,89.508,,
2014-09-08,59193.0,111308946000.0,93.662,0.0,anual,113.438617,,,21.760855,89.508,,
2014-09-09,58676.0,111308946000.0,93.662,0.0,anual,112.447828,,,21.588098,89.508,,
2014-09-10,58199.0,111308946000.0,93.662,0.0,anual,111.533696,,,21.388408,89.508,,
2014-09-11,58337.0,111308946000.0,93.662,0.0,anual,111.798162,,,21.433375,89.508,,
2014-09-12,56928.0,111308946000.0,93.662,0.0,anual,109.097927,,,20.90325,89.508,,
2014-09-15,57949.0,111308946000.0,93.662,0.0,anual,111.054591,,,21.21786,89.508,,
2014-09-16,59115.0,111308946000.0,93.662,0.0,anual,113.289137,,,21.605495,89.508,,
2014-09-17,59108.0,111308946000.0,93.662,0.0,anual,113.275722,,,21.672448,89.508,,
2014-09-18,58374.0,111308946000.0,93.662,0.0,anual,111.86907,,,21.363551,89.508,,
2014-09-19,57789.0,111308946000.0,93.662,0.0,anual,110.747964,,,21.104223,89.508,,
2014-09-22,56818.0,111308946000.0,93.662,0.0,anual,108.887121,,,20.703439,89.508,,
2014-09-23,56541.0,111308946000.0,93.662,0.0,anual,108.356273,,,20.563282,89.508,,
2014-09-24,56824.0,111308946000.0,93.662,0.0,anual,108.89862,,,20.635298,89.508,,
2014-09-25,55962.0,111308946000.0,93.662,0.0,anual,107.246666,,,20.333379,89.508,,
2014-09-26,57212.0,111308946000.0,93.662,0.0,anual,109.64219,,,20.729972,89.508,,
2014-09-29,54625.0,111308946000.0,93.662,0.0,anual,104.684413,,,19.71312,89.508,,
2014-09-30,54116.0,111308946000.0,93.662,0.0,anual,103.708956,,,19.495174,89.508,,
2014-10-01,52858.0,111308946000.0,93.662,0.0,anual,101.2981,,,19.044118,89.508,,
2014-10-02,53519.0,111308946000.0,93.662,0.0,anual,102.564853,,,19.282171,89.508,,
2014-10-03,54540.0,111308946000.0,93.662,0.0,anual,104.521517,,,19.626127,89.508,,
2014-10-06,57116.0,111308946000.0,93.662,0.0,anual,109.458214,,,20.579468,89.508,,
2014-10-07,57436.0,111308946000.0,93.662,0.0,anual,110.071468,,,20.752825,89.508,,
2014-10-08,57058.0,111308946000.0,93.662,0.0,anual,109.347062,,,20.610075,89.508,,
2014-10-09,57268.0,111308946000.0,93.662,0.0,anual,109.74951,,,20.693142,89.508,,
2014-10-10,55312.0,111308946000.0,93.662,0.0,anual,106.000993,,,19.978055,89.508,,
2014-10-13,57957.0,111308946000.0,93.662,0.0,anual,111.069923,,,20.959748,89.508,,
2014-10-14,58015.0,111308946000.0,93.662,0.0,anual,111.181075,,,21.05243,89.508,,
2014-10-15,56135.0,111308946000.0,93.662,0.0,anual,107.578207,,,20.384366,89.508,,
2014-10-16,54298.0,111308946000.0,93.662,0.0,anual,104.057744,,,19.741472,89.508,,
2014-10-17,55724.0,111308946000.0,93.662,0.0,anual,106.790558,,,20.147647,89.508,,
2014-10-20,54303.0,111308946000.0,93.662,0.0,anual,104.067326,,,19.634952,89.508,,
2014-10-21,52432.0,111308946000.0,93.662,0.0,anual,100.481705,,,18.956653,89.508,,
2014-10-22,52411.0,111308946000.0,93.662,0.0,anual,100.44146,,,18.82903,89.508,,
2014-10-23,50713.0,111308946000.0,93.662,0.0,anual,97.18738,,,18.200074,89.508,,
2014-10-24,51941.0,111308946000.0,93.662,0.0,anual,99.540743,,,18.682692,89.508,,
2014-10-27,50504.0,111308946000.0,93.662,0.0,anual,96.786849,,,18.148607,89.508,,
2014-10-28,52330.0,111308946000.0,93.662,0.0,anual,100.28623,,,18.630871,89.508,,
2014-10-29,51049.0,111308946000.0,93.662,0.0,anual,97.831297,,,18.195956,89.508,,
2014-10-30,52337.0,111308946000.0,93.662,0.0,anual,100.299645,,,18.628094,89.508,,
2014-10-31,54629.0,111308946000.0,93.662,0.0,anual,104.692079,,,19.349211,89.508,,
2014-11-03,53947.0,111308946000.0,93.662,0.0,anual,103.385081,,,19.140661,89.508,,
2014-11-04,54384.0,111308946000.0,93.662,0.0,anual,104.222556,,,19.25807,89.508,,
2014-11-05,53698.0,111308946000.0,93.662,0.0,anual,102.907892,,,19.010494,89.508,,
2014-11-06,52637.0,111308946000.0,93.662,0.0,anual,100.874571,,,18.622141,89.508,,
2014-11-07,53223.0,111308946000.0,93.662,0.0,anual,101.997593,,,18.823465,89.508,,
2014-11-10,52725.0,111308946000.0,93.662,0.0,anual,101.043216,,,18.717155,89.508,,
2014-11-11,52474.0,111308946000.0,93.662,0.0,anual,100.562195,,,18.582411,89.508,,
2014-11-12,52979.0,111308946000.0,93.662,0.0,anual,101.529987,,,18.707478,89.508,,
2014-11-13,51846.0,111308946000.0,93.662,0.0,anual,99.358683,,,18.314024,89.508,,
2014-11-14,51772.0,111308946000.0,93.662,0.0,anual,99.216868,,,18.237671,89.508,,
2014-11-17,51257.0,111308946000.0,93.662,0.0,anual,98.229912,,,18.013753,89.508,,
2014-11-18,52062.0,111308946000.0,93.662,0.0,anual,99.77263,,,18.256204,89.508,,
2014-11-19,53403.0,111308946000.0,93.662,0.0,anual,102.342549,,,18.726029,89.508,,
2014-11-21,56084.0,111308946000.0,93.662,0.0,anual,107.480469,,,19.7265,89.508,,
2014-11-24,55407.0,111308946000.0,93.662,0.0,anual,106.183053,,,19.543461,89.508,,
2014-11-25,55561.0,111308946000.0,93.662,0.0,anual,106.478182,,,19.622811,89.508,,
2014-11-26,55098.0,111308946000.0,93.662,0.0,anual,105.59088,,,19.468537,89.508,,
2014-11-27,54721.0,111308946000.0,93.662,0.0,anual,104.868389,,,19.333569,89.508,,
2014-11-28,54664.0,111308946000.0,93.662,0.0,anual,104.759153,,,19.331654,89.508,,
2014-12-01,52276.0,111308946000.0,93.662,0.0,anual,100.182744,,,18.453959,89.508,,
2014-12-02,51612.0,111308946000.0,93.662,0.0,anual,98.910241,,,18.287172,89.508,,
2014-12-03,52320.0,111308946000.0,93.662,0.0,anual,100.267066,,,18.450771,89.508,,
2014-12-04,51427.0,111308946000.0,93.662,0.0,anual,98.555704,,,18.211789,89.508,,
2014-12-05,51992.0,111308946000.0,93.662,0.0,anual,99.638481,,,18.361644,89.508,,
2014-12-08,50274.0,111308946000.0,93.662,0.0,anual,96.346072,,,17.781554,89.508,,
2014-12-09,50193.0,111308946000.0,93.662,0.0,anual,96.190842,,,17.694081,89.508,,
2014-12-10,49548.0,111308946000.0,93.662,0.0,anual,94.954752,,,17.287808,89.508,,
2014-12-11,49861.0,111308946000.0,93.662,0.0,anual,95.554591,,,17.263914,89.508,,
2014-12-12,48002.0,111308946000.0,93.662,0.0,anual,91.991967,,,16.635902,89.508,,
2014-12-15,47019.0,111308946000.0,93.662,0.0,anual,90.108127,,,16.267443,89.508,,
2014-12-16,47008.0,111308946000.0,93.662,0.0,anual,90.087046,,,16.280285,89.508,,
2014-12-17,48714.0,111308946000.0,93.662,0.0,anual,93.356458,,,16.847079,89.508,,
2014-12-18,48496.0,111308946000.0,93.662,0.0,anual,92.938678,,,16.85008,89.508,,
2014-12-19,49651.0,111308946000.0,93.662,0.0,anual,95.152143,,,17.263795,89.508,,
2014-12-22,50121.0,111308946000.0,93.662,0.0,anual,96.05286,,,17.440124,89.508,,
2014-12-23,50890.0,111308946000.0,93.662,0.0,anual,97.526586,,,17.66354,89.508,,
2014-12-26,50145.0,111308946000.0,93.662,0.0,anual,96.098854,,,17.458331,89.508,,
2014-12-29,50594.0,111308946000.0,93.662,0.0,anual,96.959326,,,17.616977,89.508,,
2014-12-30,50007.0,111308946000.0,93.662,0.0,anual,95.834388,,,17.363171,89.508,,
2015-01-02,48512.0,111308946000.0,93.662,0.0,anual,92.969341,,,16.885135,89.508,,
2015-01-05,47517.0,111308946000.0,93.662,0.0,anual,91.062504,,,16.484925,89.508,,
2015-01-06,48001.0,111308946000.0,93.662,0.0,anual,91.990051,,,16.674148,89.508,,
2015-01-07,49463.0,111308946000.0,93.662,0.0,anual,94.791856,,,17.163974,89.508,,
2015-01-08,49943.0,111308946000.0,93.662,0.0,anual,95.711737,,,17.328036,89.508,,
2015-01-09,48840.0,111308946000.0,93.662,0.0,anual,93.597927,,,16.943022,89.508,,
2015-01-12,48140.0,111308946000.0,93.662,0.0,anual,92.256433,,,16.653809,89.508,,
2015-01-13,48042.0,111308946000.0,93.662,0.0,anual,92.068624,,,16.69932,89.508,,
2015-01-14,47646.0,111308946000.0,93.662,0.0,anual,91.309722,,,16.579388,89.508,,
2015-01-15,48026.0,111308946000.0,93.662,0.0,anual,92.037961,,,16.679471,89.508,,
2015-01-16,49017.0,111308946000.0,93.662,0.0,anual,93.937133,,,16.995732,89.508,,
2015-01-19,47758.0,111308946000.0,93.662,0.0,anual,91.524361,,,16.549613,89.508,,
2015-01-20,47877.0,111308946000.0,93.662,0.0,anual,91.752415,,,16.63789,89.508,,
2015-01-21,49224.0,111308946000.0,93.662,0.0,anual,94.333832,,,17.085486,89.508,,
2015-01-22,49443.0,111308946000.0,93.662,0.0,anual,94.753527,,,17.171827,89.508,,
2015-01-23,48775.0,111308946000.0,93.662,0.0,anual,93.473359,,,16.864848,89.508,,
2015-01-26,48577.0,111308946000.0,93.662,0.0,anual,93.093908,,,16.786382,89.508,,
2015-01-27,48591.0,111308946000.0,93.662,0.0,anual,93.120738,,,16.801105,89.508,,
2015-01-28,47695.0,111308946000.0,93.662,0.0,anual,91.403626,,,16.500017,89.508,,
2015-01-29,47762.0,111308946000.0,93.662,0.0,anual,91.532026,,,16.44071,89.508,,
2015-01-30,46908.0,111308946000.0,93.662,0.0,anual,89.895404,,,16.147489,89.508,,
2015-02-02,47651.0,111308946000.0,93.662,0.0,anual,91.319304,,,16.436993,89.508,,
2015-02-03,48964.0,111308946000.0,93.662,0.0,anual,93.835563,,,16.903246,89.508,,
2015-02-04,49301.0,111308946000.0,93.662,0.0,anual,94.481396,,,17.006132,89.508,,
2015-02-05,49234.0,111308946000.0,93.662,0.0,anual,94.352996,,,17.008586,89.508,,
2015-02-06,48792.0,111308946000.0,93.662,0.0,anual,93.505938,,,16.777221,89.508,,
2015-02-09,49383.0,111308946000.0,93.662,0.0,anual,94.638542,,,17.039777,89.508,,
2015-02-10,48510.0,111308946000.0,93.662,0.0,anual,92.965508,,,16.690254,89.508,,
2015-02-11,48240.0,111308946000.0,93.662,0.0,anual,92.448075,,,16.578449,89.508,,
2015-02-12,49533.0,111308946000.0,93.662,0.0,anual,94.926005,,,16.954449,89.508,,
2015-02-13,50636.0,111308946000.0,93.662,0.0,anual,97.039816,,,17.285149,89.508,,
2015-02-18,51280.0,111308946000.0,93.662,0.0,anual,98.27399,,,17.439966,89.508,,
2015-02-19,51294.0,111308946000.0,93.662,0.0,anual,98.30082,,,17.428503,89.508,,
2015-02-20,51238.0,111308946000.0,93.662,0.0,anual,98.1935,,,17.429141,89.508,,
2015-02-23,51281.0,111308946000.0,93.662,0.0,anual,98.275906,,,17.415325,89.508,,
2015-02-24,51874.0,111308946000.0,93.662,0.0,anual,99.412343,,,17.616366,89.508,,
2015-02-25,51811.0,111308946000.0,93.662,0.0,anual,99.291609,,,17.571405,89.508,,
2015-02-26,51761.0,111308946000.0,93.662,0.0,anual,99.195788,,,17.541361,89.508,,
2015-02-27,51583.0,111308946000.0,93.662,0.0,anual,98.854665,,,17.453575,89.508,,
2015-03-02,51021.0,111308946000.0,93.662,0.0,anual,97.777637,,,17.228644,89.508,,
2015-03-03,51304.0,111308946000.0,93.662,0.0,anual,98.319984,,,17.300605,89.508,,
2015-03-04,50468.0,111308946000.0,93.662,0.0,anual,96.717857,,,17.028935,89.508,,
2015-03-05,50365.0,111308946000.0,93.662,0.0,anual,96.520466,,,16.929172,89.508,,
2015-03-06,49981.0,111308946000.0,93.662,0.0,anual,95.784561,,,16.80457,89.508,,
2015-03-09,49181.0,111308946000.0,93.662,0.0,anual,94.251426,,,16.518866,89.508,,
2015-03-10,48293.0,111308946000.0,93.662,0.0,anual,92.549645,,,16.189948,89.508,,
2015-03-11,48906.0,111308946000.0,93.662,0.0,anual,93.72441,,,16.443116,89.508,,
2015-03-12,48880.0,111308946000.0,93.662,0.0,anual,93.674583,,,16.451092,89.508,,
2015-03-13,48596.0,111308946000.0,93.662,0.0,anual,93.13032,,,16.353473,89.508,,
2015-03-16,48848.0,111308946000.0,93.662,0.0,anual,93.613258,,,16.38344,89.508,,
2015-03-17,50285.0,111308946000.0,93.662,0.0,anual,96.367153,,,16.887168,89.508,,
2015-03-18,51526.0,111308946000.0,93.662,0.0,anual,98.745429,,,17.318659,89.508,,
2015-03-19,50954.0,111308946000.0,93.662,0.0,anual,97.649237,,,17.094926,89.508,,
2015-03-20,51967.0,111308946000.0,93.662,0.0,anual,99.59057,,,17.457928,89.508,,
2015-03-23,51908.0,111308946000.0,93.662,0.0,anual,99.477501,,,17.486078,89.508,,
2015-03-24,51506.0,111308946000.0,93.662,0.0,anual,98.707101,,,17.378518,89.508,,
2015-03-25,51858.0,111308946000.0,93.662,0.0,anual,99.38168,,,17.453209,89.508,,
2015-03-26,50580.0,111308946000.0,93.662,0.0,anual,96.932496,,,16.979087,89.508,,
2015-03-27,50095.0,111308946000.0,93.662,0.0,anual,96.003033,,,16.782146,89.508,,
2015-03-30,51243.0,111308946000.0,93.662,0.0,anual,98.203083,,,17.197172,89.508,,
2015-03-31,51150.0,111308946000.0,93.662,0.0,anual,98.024855,,,17.172491,89.508,,
2015-04-01,52322.0,111308946000.0,93.662,0.0,anual,100.270899,,,17.575674,89.508,,
2015-04-02,53123.0,84586685000.0,93.662,0.0,anual,133.968048,,,24.620607,90.388,,
2015-04-06,53737.0,84586685000.0,93.662,0.0,anual,135.516462,,,24.928774,90.388,,
2015-04-07,53729.0,84586685000.0,93.662,0.0,anual,135.496287,,,24.872289,90.388,,
2015-04-08,53661.0,84586685000.0,93.662,0.0,anual,135.324802,,,24.814679,90.388,,
2015-04-09,53803.0,84586685000.0,93.662,0.0,anual,135.682904,,,24.884556,90.388,,
2015-04-10,54214.0,84586685000.0,93.662,0.0,anual,136.719383,,,25.054749,90.388,,
2015-04-13,54240.0,84586685000.0,93.662,0.0,anual,136.784951,,,25.07961,90.388,,
2015-04-14,53982.0,84586685000.0,93.662,0.0,anual,136.134315,,,25.092654,90.388,,
2015-04-15,54919.0,84586685000.0,93.662,0.0,anual,138.497285,,,25.474557,90.388,,
2015-04-16,54674.0,84586685000.0,93.662,0.0,anual,137.879432,,,25.32029,90.388,,
2015-04-17,53955.0,84586685000.0,93.662,0.0,anual,136.066225,,,25.006498,90.388,,
2015-04-20,53761.0,84586685000.0,93.662,0.0,anual,135.576986,,,24.866535,90.388,,
2015-04-22,54617.0,84586685000.0,93.662,0.0,anual,137.735687,,,25.289083,90.388,,
2015-04-23,55685.0,84586685000.0,93.662,0.0,anual,140.429019,,,25.773746,90.388,,
2015-04-24,56594.0,84586685000.0,93.662,0.0,anual,142.721377,,,26.355355,90.388,,
2015-04-27,55535.0,84586685000.0,93.662,0.0,anual,140.050742,,,25.908807,90.388,,
2015-04-28,55812.0,84586685000.0,93.662,0.0,anual,140.749294,,,25.992553,90.388,,
2015-04-29,55325.0,84586685000.0,93.662,0.0,anual,139.521154,,,25.586005,90.388,,
2015-04-30,56229.0,84586685000.0,93.662,0.0,anual,141.800903,,,26.034689,90.388,,
2015-05-04,57354.0,84586685000.0,93.662,0.0,anual,144.637981,,,26.637695,90.388,,
2015-05-05,58052.0,84586685000.0,93.662,0.0,anual,146.39823,,,27.168902,90.388,,
2015-05-06,57103.0,84586685000.0,93.662,0.0,anual,144.004997,,,26.718063,90.388,,
2015-05-07,56921.0,84586685000.0,93.662,0.0,anual,143.546021,,,26.452924,90.388,,
2015-05-08,57149.0,84586685000.0,93.662,0.0,anual,144.121002,,,26.497622,90.388,,
2015-05-11,57197.0,84586685000.0,93.662,0.0,anual,144.242051,,,26.500942,90.388,,
2015-05-12,56792.0,84586685000.0,93.662,0.0,anual,143.220703,,,26.30344,90.388,,
2015-05-13,56372.0,84586685000.0,93.662,0.0,anual,142.161528,,,26.059032,90.388,,
2015-05-14,56657.0,84586685000.0,93.662,0.0,anual,142.880254,,,26.171401,90.388,,
2015-05-15,57249.0,84586685000.0,93.662,0.0,anual,144.373187,,,26.445355,90.388,,
2015-05-18,56204.0,84586685000.0,93.662,0.0,anual,141.737857,,,26.002686,90.388,,
2015-05-19,55499.0,84586685000.0,93.662,0.0,anual,139.959956,,,25.604465,90.388,,
2015-05-20,54901.0,84586685000.0,93.662,0.0,anual,138.451891,,,25.265585,90.388,,
2015-05-21,55112.0,84586685000.0,93.662,0.0,anual,138.984001,,,25.478925,90.388,,
2015-05-22,54377.0,84586685000.0,93.662,0.0,anual,137.130444,,,25.103812,90.388,,
2015-05-25,54609.0,84586685000.0,93.662,0.0,anual,137.715512,,,25.230348,90.388,,
2015-05-26,53630.0,84586685000.0,93.662,0.0,anual,135.246625,,,24.716083,90.388,,
2015-05-27,54236.0,84586685000.0,93.662,0.0,anual,136.774864,,,25.045089,90.388,,
2015-05-28,53976.0,84586685000.0,93.662,0.0,anual,136.119183,,,24.851283,90.388,,
2015-05-29,52760.0,84586685000.0,93.662,0.0,anual,133.052618,,,24.353958,90.388,,
2015-06-01,53031.0,84586685000.0,93.662,0.0,anual,133.736039,,,24.489731,90.388,,
2015-06-02,54236.0,84586685000.0,93.662,0.0,anual,136.774864,,,25.109206,90.388,,
2015-06-03,53523.0,84586685000.0,93.662,0.0,anual,134.976787,,,24.747782,90.388,,
2015-06-05,52973.0,84586685000.0,93.662,0.0,anual,133.589771,,,24.471724,90.388,,
2015-06-08,52810.0,84586685000.0,93.662,0.0,anual,133.17871,,,24.379087,90.388,,
2015-06-09,52816.0,84586685000.0,93.662,0.0,anual,133.193842,,,24.402377,90.388,,
2015-06-10,53876.0,84586685000.0,93.662,0.0,anual,135.866999,,,24.782308,90.388,,
2015-06-11,53689.0,84586685000.0,93.662,0.0,anual,135.395414,,,24.770244,90.388,,
2015-06-12,53348.0,84586685000.0,93.662,0.0,anual,134.535464,,,24.60561,90.388,,
2015-06-15,53138.0,84586685000.0,93.662,0.0,anual,134.005876,,,24.423596,90.388,,
2015-06-16,53702.0,84586685000.0,93.662,0.0,anual,135.428198,,,24.632669,90.388,,
2015-06-17,53249.0,84586685000.0,93.662,0.0,anual,134.285801,,,24.411112,90.388,,
2015-06-18,54239.0,84586685000.0,93.662,0.0,anual,136.782429,,,24.86425,90.388,,
2015-06-19,53749.0,84586685000.0,93.662,0.0,anual,135.546724,,,24.659298,90.388,,
2015-06-22,53864.0,84586685000.0,93.662,0.0,anual,135.836737,,,24.759028,90.388,,
2015-06-23,53772.0,84586685000.0,93.662,0.0,anual,135.604727,,,24.709036,90.388,,
2015-06-24,53843.0,84586685000.0,93.662,0.0,anual,135.783778,,,24.728292,90.388,,
2015-06-25,53176.0,84586685000.0,93.662,0.0,anual,134.101706,,,24.429218,90.388,,
2015-06-26,54017.0,84586685000.0,93.662,0.0,anual,136.222579,,,24.780593,90.388,,
2015-06-29,53014.0,84586685000.0,93.662,0.0,anual,133.693167,,,24.383159,90.388,,
2015-06-30,53081.0,84586685000.0,93.662,0.0,anual,133.862131,,,24.345316,90.388,,
2015-07-01,52758.0,84586685000.0,93.662,0.0,anual,133.047574,,,24.249357,90.388,,
2015-07-02,53106.0,84586685000.0,93.662,0.0,anual,133.925177,,,24.367138,90.388,,
2015-07-03,52519.0,84586685000.0,93.662,0.0,anual,132.444853,,,24.07932,90.388,,
2015-07-06,52149.0,84586685000.0,93.662,0.0,anual,131.51177,,,23.924093,90.388,,
2015-07-07,52344.0,84586685000.0,93.662,0.0,anual,132.00353,,,23.949655,90.388,,
2015-07-08,51782.0,84586685000.0,93.662,0.0,anual,130.586252,,,23.630022,90.388,,
2015-07-10,52591.0,84586685000.0,93.662,0.0,anual,132.626426,,,24.049285,90.388,,
2015-07-13,53119.0,84586685000.0,93.662,0.0,anual,133.957961,,,24.321717,90.388,,
2015-07-14,53239.0,84586685000.0,93.662,0.0,anual,134.260583,,,24.376724,90.388,,
2015-07-15,52902.0,84586685000.0,93.662,0.0,anual,133.41072,,,24.224446,90.388,,
2015-07-16,53070.0,84586685000.0,93.662,0.0,anual,133.834391,,,24.25805,90.388,,
2015-07-17,52342.0,84586685000.0,93.662,0.0,anual,131.998486,,,23.882135,90.388,,
2015-07-20,51600.0,84586685000.0,93.662,0.0,anual,130.127276,,,23.548553,90.388,,
2015-07-21,51474.0,84586685000.0,93.662,0.0,anual,129.809524,,,23.436158,90.388,,
2015-07-22,50916.0,84586685000.0,93.662,0.0,anual,128.402333,,,23.146785,90.388,,
2015-07-23,49807.0,84586685000.0,93.662,0.0,anual,125.605606,,,22.540033,90.388,,
2015-07-24,49246.0,84586685000.0,93.662,0.0,anual,124.19085,,,22.28503,90.388,,
2015-07-27,48736.0,84586685000.0,93.662,0.0,anual,122.904708,,,22.128447,90.388,,
2015-07-28,49602.0,84586685000.0,93.662,0.0,anual,125.088627,,,22.473969,90.388,,
2015-07-29,50245.0,84586685000.0,93.662,0.0,anual,126.710174,,,22.740721,90.388,,
2015-07-30,49897.0,84586685000.0,93.662,0.0,anual,125.832572,,,22.546441,90.388,,
2015-07-31,50865.0,84586685000.0,93.662,0.0,anual,128.273719,,,22.976214,90.388,,
2015-08-03,50138.0,84586685000.0,93.662,0.0,anual,126.440337,,,22.647031,90.388,,
2015-08-04,50058.0,84586685000.0,93.662,0.0,anual,126.238589,,,22.611074,90.388,,
2015-08-05,50287.0,84586685000.0,93.662,0.0,anual,126.816092,,,22.686862,90.388,,
2015-08-06,50011.0,84586685000.0,93.662,0.0,anual,126.120062,,,22.611189,90.388,,
2015-08-07,48577.0,84586685000.0,93.662,0.0,anual,122.503735,,,21.935771,90.388,,
2015-08-10,49353.0,84586685000.0,93.662,0.0,anual,124.460687,,,22.313435,90.388,,
2015-08-11,49072.0,84586685000.0,93.662,0.0,anual,123.752049,,,22.288963,90.388,,
2015-08-12,48388.0,84586685000.0,93.662,0.0,anual,122.027106,,,21.868472,90.388,,
2015-08-13,48010.0,84586685000.0,93.662,0.0,anual,121.073848,,,21.528045,90.388,,
2015-08-14,47508.0,84586685000.0,93.662,0.0,anual,119.807881,,,21.388564,90.388,,
2015-08-17,47217.0,84586685000.0,93.662,0.0,anual,119.074023,,,21.278342,90.388,,
2015-08-18,47451.0,84586685000.0,93.662,0.0,anual,119.664135,,,21.341699,90.388,,
2015-08-19,46588.0,84586685000.0,93.662,0.0,anual,117.487782,,,20.890455,90.388,,
2015-08-20,46649.0,84586685000.0,93.662,0.0,anual,117.641615,,,20.845249,90.388,,
2015-08-21,45720.0,84586685000.0,93.662,0.0,anual,115.298819,,,20.483415,90.388,,
2015-08-24,44336.0,84586685000.0,93.662,0.0,anual,111.808584,,,19.961783,90.388,,
2015-08-25,44545.0,84586685000.0,93.662,0.0,anual,112.33565,,,19.889817,90.388,,
2015-08-26,46038.0,84586685000.0,93.662,0.0,anual,116.100766,,,20.665922,90.388,,
2015-08-27,47715.0,84586685000.0,93.662,0.0,anual,120.329903,,,21.491203,90.388,,
2015-08-28,47154.0,84586685000.0,93.662,0.0,anual,118.915147,,,21.219821,90.388,,
2015-08-31,46626.0,84586685000.0,93.662,0.0,anual,117.583612,,,20.967959,90.388,,
2015-09-01,45477.0,84586685000.0,93.662,0.0,anual,114.686011,,,20.316795,90.388,,
2015-09-02,46464.0,84586685000.0,93.662,0.0,anual,117.175073,,,20.720452,90.388,,
2015-09-03,47366.0,84586685000.0,93.662,0.0,anual,119.449778,,,21.133872,90.388,,
2015-09-04,46498.0,84586685000.0,93.662,0.0,anual,117.260816,,,20.675648,90.388,,
2015-09-08,46762.0,84586685000.0,93.662,0.0,anual,117.926583,,,20.806548,90.388,,
2015-09-09,46657.0,84586685000.0,93.662,0.0,anual,117.661789,,,20.749923,90.388,,
2015-09-10,46504.0,84586685000.0,93.662,0.0,anual,117.275947,,,20.658517,90.388,,
2015-09-11,46401.0,84586685000.0,93.662,0.0,anual,117.016197,,,20.593944,90.388,,
2015-09-14,47282.0,84586685000.0,93.662,0.0,anual,119.237943,,,20.997195,90.388,,
2015-09-15,47364.0,84586685000.0,93.662,0.0,anual,119.444735,,,21.049564,90.388,,
2015-09-16,48553.0,84586685000.0,93.662,0.0,anual,122.44321,,,21.619145,90.388,,
2015-09-17,48551.0,84586685000.0,93.662,0.0,anual,122.438167,,,21.631437,90.388,,
2015-09-18,47264.0,84586685000.0,93.662,0.0,anual,119.19255,,,21.088681,90.388,,
2015-09-21,46590.0,84586685000.0,93.662,0.0,anual,117.492826,,,20.723656,90.388,,
2015-09-22,46265.0,84586685000.0,93.662,0.0,anual,116.673226,,,20.584228,90.388,,
2015-09-23,45340.0,84586685000.0,93.662,0.0,anual,114.340518,,,20.089834,90.388,,
2015-09-24,45292.0,84586685000.0,93.662,0.0,anual,114.219469,,,20.053784,90.388,,
2015-09-25,44831.0,84586685000.0,93.662,0.0,anual,113.056898,,,19.824545,90.388,,
2015-09-28,43957.0,84586685000.0,93.662,0.0,anual,110.852804,,,19.449296,90.388,,
2015-09-29,44132.0,84586685000.0,93.662,0.0,anual,111.294127,,,19.485473,90.388,,
2015-09-30,45059.0,84586685000.0,93.662,0.0,anual,113.631879,,,19.954355,90.388,,
2015-10-01,45313.0,84586685000.0,93.662,0.0,anual,114.272428,,,20.058193,90.388,,
2015-10-02,47033.0,84586685000.0,93.662,0.0,anual,118.610004,,,20.805506,90.388,,
2015-10-05,47598.0,84586685000.0,93.662,0.0,anual,120.034847,,,21.119897,90.388,,
2015-10-06,47735.0,84586685000.0,93.662,0.0,anual,120.38034,,,21.252848,90.388,,
2015-10-07,48914.0,84586685000.0,93.662,0.0,anual,123.353597,,,21.991665,90.388,,
2015-10-08,49107.0,84586685000.0,93.662,0.0,anual,123.840313,,,22.09719,90.388,,
2015-10-09,49338.0,84586685000.0,93.662,0.0,anual,124.42286,,,22.372595,90.388,,
2015-10-13,47363.0,84586685000.0,93.662,0.0,anual,119.442213,,,21.335355,90.388,,
2015-10-14,46710.0,84586685000.0,93.662,0.0,anual,117.795447,,,21.045518,90.388,,
2015-10-15,47161.0,84586685000.0,93.662,0.0,anual,118.9328,,,21.229501,90.388,,
2015-10-16,47236.0,84586685000.0,93.662,0.0,anual,119.121938,,,21.12783,90.388,,
2015-10-19,47447.0,84586685000.0,93.662,0.0,anual,119.654048,,,21.2473,90.388,,
2015-10-20,47077.0,84586685000.0,93.662,0.0,anual,118.720965,,,21.135006,90.388,,
2015-10-21,47026.0,84586685000.0,93.662,0.0,anual,118.592351,,,21.041264,90.388,,
2015-10-22,47772.0,84586685000.0,93.662,0.0,anual,120.473648,,,21.347909,90.388,,
2015-10-23,47597.0,84586685000.0,93.662,0.0,anual,120.032325,,,21.292479,90.388,,
2015-10-26,47209.0,84586685000.0,93.662,0.0,anual,119.053849,,,21.079223,90.388,,
2015-10-27,47043.0,84586685000.0,93.662,0.0,anual,118.635222,,,20.967398,90.388,,
2015-10-28,46741.0,84586685000.0,93.662,0.0,anual,117.873624,,,20.994501,90.388,,
2015-10-29,45628.0,84586685000.0,93.662,0.0,anual,115.066809,,,20.393183,90.388,,
2015-10-30,45869.0,84586685000.0,93.662,0.0,anual,115.674574,,,20.673315,90.388,,
2015-11-03,48054.0,84586685000.0,93.662,0.0,anual,121.184809,,,21.755282,90.388,,
2015-11-04,47710.0,84586685000.0,93.662,0.0,anual,120.317294,,,21.615157,90.388,,
2015-11-05,48047.0,84586685000.0,93.662,0.0,anual,121.167156,,,21.777429,90.388,,
2015-11-06,46919.0,84586685000.0,93.662,0.0,anual,118.322513,,,21.257825,90.388,,
2015-11-09,46195.0,84586685000.0,93.662,0.0,anual,116.496696,,,20.951907,90.388,,
2015-11-10,46179.0,84586685000.0,93.662,0.0,anual,116.456347,,,20.929697,90.388,,
2015-11-11,47065.0,84586685000.0,93.662,0.0,anual,118.690703,,,21.309503,90.388,,
2015-11-12,46884.0,84586685000.0,93.662,0.0,anual,118.234248,,,21.197842,90.388,,
2015-11-13,46517.0,84586685000.0,93.662,0.0,anual,117.308731,,,21.01509,90.388,,
2015-11-16,46847.0,84586685000.0,93.662,0.0,anual,118.14094,,,21.14817,90.388,,
2015-11-17,47248.0,84586685000.0,93.662,0.0,anual,119.152201,,,21.290126,90.388,,
2015-11-18,47436.0,84586685000.0,93.662,0.0,anual,119.626308,,,21.409714,90.388,,
2015-11-19,48139.0,84586685000.0,93.662,0.0,anual,121.399166,,,21.685202,90.388,,
2015-11-23,48150.0,84586685000.0,93.662,0.0,anual,121.426906,,,21.640408,90.388,,
2015-11-24,48284.0,84586685000.0,93.662,0.0,anual,121.764834,,,21.735794,90.388,,
2015-11-25,46867.0,84586685000.0,93.662,0.0,anual,118.191377,,,21.058828,90.388,,
2015-11-26,47146.0,84586685000.0,93.662,0.0,anual,118.894972,,,21.167824,90.388,,
2015-11-27,45873.0,84586685000.0,93.662,0.0,anual,115.684662,,,20.562928,90.388,,
2015-11-30,45120.0,84586685000.0,93.662,0.0,anual,113.785711,,,20.305625,90.388,,
2015-12-01,45047.0,84586685000.0,93.662,0.0,anual,113.601617,,,20.281254,90.388,,
2015-12-02,44915.0,84586685000.0,93.662,0.0,anual,113.268733,,,20.269085,90.388,,
2015-12-03,46393.0,84586685000.0,93.662,0.0,anual,116.996022,,,20.935578,90.388,,
2015-12-04,45361.0,84586685000.0,93.662,0.0,anual,114.393476,,,20.412757,90.388,,
2015-12-07,45223.0,84586685000.0,93.662,0.0,anual,114.045462,,,20.346594,90.388,,
2015-12-08,44443.0,84586685000.0,93.662,0.0,anual,112.078421,,,19.980262,90.388,,
2015-12-09,46108.0,84586685000.0,93.662,0.0,anual,116.277296,,,20.755123,90.388,,
2015-12-10,45631.0,84586685000.0,93.662,0.0,anual,115.074375,,,20.537855,90.388,,
2015-12-11,45263.0,84586685000.0,93.662,0.0,anual,114.146335,,,20.378405,90.388,,
2015-12-14,44747.0,84586685000.0,93.662,0.0,anual,112.845063,,,20.077379,90.388,,
2015-12-15,44872.0,84586685000.0,93.662,0.0,anual,113.160293,,,20.197699,90.388,,
2015-12-16,45016.0,84586685000.0,93.662,0.0,anual,113.523439,,,20.256701,90.388,,
2015-12-17,45261.0,84586685000.0,93.662,0.0,anual,114.141292,,,20.303,90.388,,
2015-12-18,43911.0,84586685000.0,93.662,0.0,anual,110.736799,,,19.682982,90.388,,
2015-12-21,43200.0,84586685000.0,93.662,0.0,anual,108.943766,,,19.317075,90.388,,
2015-12-22,43470.0,84586685000.0,93.662,0.0,anual,109.624665,,,19.42704,90.388,,
2015-12-23,44015.0,84586685000.0,93.662,0.0,anual,110.999071,,,19.68912,90.388,,
2015-12-28,43764.0,84586685000.0,93.662,0.0,anual,110.366088,,,19.526765,90.388,,
2015-12-29,43654.0,84586685000.0,93.662,0.0,anual,110.088684,,,19.513854,90.388,,
2015-12-30,43350.0,84586685000.0,93.662,0.0,anual,109.322043,,,19.476116,90.388,,
2016-01-04,42141.0,84586685000.0,93.662,0.0,anual,106.273131,,,18.864659,90.388,,
2016-01-05,42419.0,84586685000.0,93.662,0.0,anual,106.974204,,,18.96964,90.388,,
2016-01-06,41773.0,84586685000.0,93.662,0.0,anual,105.345091,,,18.702666,90.388,,
2016-01-07,40695.0,84586685000.0,93.662,0.0,anual,102.626541,,,18.173813,90.388,,
2016-01-08,40612.0,84586685000.0,93.662,0.0,anual,102.417228,,,18.090922,90.388,,
2016-01-11,39950.0,84586685000.0,93.662,0.0,anual,100.747765,,,17.808619,90.388,,
2016-01-12,39514.0,84586685000.0,93.662,0.0,anual,99.64824,,,17.645145,90.388,,
2016-01-13,38944.0,84586685000.0,93.662,0.0,anual,98.210788,,,17.406506,90.388,,
2016-01-14,39500.0,84586685000.0,93.662,0.0,anual,99.612934,,,17.644058,90.388,,
2016-01-15,38569.0,84586685000.0,93.662,0.0,anual,97.265095,,,17.231268,90.388,,
2016-01-18,37937.0,84586685000.0,93.662,0.0,anual,95.671288,,,16.992892,90.388,,
2016-01-19,38057.0,84586685000.0,93.662,0.0,anual,95.97391,,,17.034045,90.388,,
2016-01-20,37645.0,84586685000.0,93.662,0.0,anual,94.934909,,,16.829312,90.388,,
2016-01-21,37717.0,84586685000.0,93.662,0.0,anual,95.116482,,,16.822846,90.388,,
2016-01-22,38031.0,84586685000.0,93.662,0.0,anual,95.908342,,,17.029425,90.388,,
2016-01-26,37497.0,84586685000.0,93.662,0.0,anual,94.561676,,,16.872507,90.388,,
2016-01-27,38376.0,84586685000.0,93.662,0.0,anual,96.778379,,,17.343907,90.388,,
2016-01-28,38630.0,84586685000.0,93.662,0.0,anual,97.418928,,,17.446008,90.388,,
2016-01-29,40406.0,84586685000.0,93.662,0.0,anual,101.897727,,,18.193598,90.388,,
2016-02-01,40570.0,84586685000.0,93.662,0.0,anual,102.31131,,,18.314057,90.388,,
2016-02-02,38596.0,84586685000.0,93.662,0.0,anual,97.333185,,,17.504824,90.388,,
2016-02-03,39589.0,84586685000.0,93.662,0.0,anual,99.837379,,,17.891451,90.388,,
2016-02-04,40822.0,84586685000.0,93.662,0.0,anual,102.946815,,,18.452507,90.388,,
2016-02-05,40592.0,84586685000.0,93.662,0.0,anual,102.366791,,,18.406525,90.388,,
2016-02-10,40377.0,84586685000.0,93.662,0.0,anual,101.824594,,,18.321761,90.388,,
2016-02-11,39318.0,84586685000.0,93.662,0.0,anual,99.153958,,,17.928282,90.388,,
2016-02-12,39808.0,84586685000.0,93.662,0.0,anual,100.389663,,,18.083648,90.388,,
2016-02-15,40093.0,84586685000.0,93.662,0.0,anual,101.108389,,,18.212579,90.388,,
2016-02-16,40948.0,84586685000.0,93.662,0.0,anual,103.264568,,,18.53395,90.388,,
2016-02-17,41631.0,84586685000.0,93.662,0.0,anual,104.986989,,,18.833164,90.388,,
2016-02-18,41478.0,84586685000.0,93.662,0.0,anual,104.601147,,,18.721215,90.388,,
2016-02-19,41543.0,84586685000.0,93.662,0.0,anual,104.765067,,,18.637964,90.388,,
2016-02-22,43235.0,84586685000.0,93.662,0.0,anual,109.032031,,,19.451343,90.388,,
2016-02-23,42521.0,84586685000.0,93.662,0.0,anual,107.231432,,,19.124782,90.388,,
2016-02-24,42085.0,84586685000.0,93.662,0.0,anual,106.131907,,,18.838225,90.388,,
2016-02-25,41888.0,84586685000.0,93.662,0.0,anual,105.635104,,,18.768248,90.388,,
2016-02-26,41593.0,84586685000.0,93.662,0.0,anual,104.891159,,,18.692506,90.388,,
2016-02-29,42794.0,84586685000.0,93.662,0.0,anual,107.919897,,,19.22375,90.388,,
2016-03-01,44122.0,84586685000.0,93.662,0.0,anual,111.268909,,,19.816949,90.388,,
2016-03-02,44893.0,84586685000.0,93.662,0.0,anual,113.213252,,,20.260123,90.388,,
2016-03-03,47193.0,84586685000.0,93.662,0.0,anual,119.013499,,,21.360905,90.388,,
2016-03-04,49085.0,84586685000.0,93.662,0.0,anual,123.784833,,,22.284999,90.388,,
2016-03-07,49246.0,84586685000.0,93.662,0.0,anual,124.19085,,,22.350128,90.388,,
2016-03-08,49102.0,84586685000.0,93.662,0.0,anual,123.827704,,,22.307207,90.388,,
2016-03-09,48665.0,84586685000.0,93.662,0.0,anual,122.725657,,,22.032327,90.388,,
2016-03-10,49571.0,84586685000.0,93.662,0.0,anual,125.01045,,,22.415945,90.388,,
2016-03-11,49639.0,84586685000.0,93.662,0.0,anual,125.181935,,,22.569881,90.388,,
2016-03-14,48867.0,84586685000.0,93.662,0.0,anual,123.23507,,,22.143518,90.388,,
2016-03-15,47130.0,84586685000.0,93.662,0.0,anual,118.854623,,,21.283511,90.388,,
2016-03-16,47763.0,84586685000.0,93.662,0.0,anual,120.450952,,,21.579295,90.388,,
2016-03-17,50914.0,84586685000.0,93.662,0.0,anual,128.39729,,,23.00481,90.388,,
2016-03-18,50815.0,84586685000.0,93.662,0.0,anual,128.147627,,,22.914043,90.388,,
2016-03-21,51172.0,84586685000.0,93.662,0.0,anual,129.047926,,,23.097472,90.388,,
2016-03-22,51010.0,84586685000.0,93.662,0.0,anual,128.639387,,,23.055824,90.388,,
2016-03-23,49690.0,84586685000.0,93.662,0.0,anual,125.31055,,,22.507484,90.388,,
2016-03-24,49657.0,84586685000.0,93.662,0.0,anual,125.227329,,,22.524317,90.388,,
2016-03-28,50838.0,84586685000.0,93.662,0.0,anual,128.205629,,,23.08605,90.388,,
2016-03-29,51155.0,84586685000.0,93.662,0.0,anual,129.005055,,,23.212789,90.388,,
2016-03-30,51249.0,84586685000.0,93.662,0.0,anual,129.242108,,,23.246098,90.388,,
2016-03-31,50055.0,84586685000.0,93.662,0.0,anual,126.231024,,,22.735893,90.388,,
2016-04-01,50562.0,10539877000.0,94.143,0.0,anual,1023.315011,,,,,,
2016-04-04,48780.0,10539877000.0,94.143,0.0,anual,987.249441,,,,,,
2016-04-05,49054.0,10539877000.0,94.143,0.0,anual,992.794876,,,,,,
2016-04-06,48096.0,10539877000.0,94.143,0.0,anual,973.406091,,,,,,
2016-04-07,48513.0,10539877000.0,94.143,0.0,anual,981.845677,,,,,,
2016-04-08,50293.0,10539877000.0,94.143,0.0,anual,1017.870769,,,,,,
2016-04-11,50165.0,10539877000.0,94.143,0.0,anual,1015.280201,,,,,,
2016-04-12,52002.0,10539877000.0,94.143,0.0,anual,1052.458906,,,,,,
2016-04-13,53150.0,10539877000.0,94.143,0.0,anual,1075.693066,,,,,,
2016-04-14,52411.0,10539877000.0,94.143,0.0,anual,1060.736581,,,,,,
2016-04-15,53228.0,10539877000.0,94.143,0.0,anual,1077.271694,,,,,,
2016-04-18,52894.0,10539877000.0,94.143,0.0,anual,1070.511929,,,,,,
2016-04-19,53710.0,10539877000.0,94.143,0.0,anual,1087.026803,,,,,,
2016-04-20,53631.0,10539877000.0,94.143,0.0,anual,1085.427937,,,,,,
2016-04-22,52908.0,10539877000.0,94.143,0.0,anual,1070.795273,,,,,,
2016-04-25,51862.0,10539877000.0,94.143,0.0,anual,1049.625471,,,,,,
2016-04-26,53083.0,10539877000.0,94.143,0.0,anual,1074.337066,,,,,,
2016-04-27,54478.0,10539877000.0,94.143,0.0,anual,1102.570214,,,,,,
2016-04-28,54312.0,10539877000.0,94.143,0.0,anual,1099.21057,,,,,,
2016-04-29,53911.0,10539877000.0,94.143,0.0,anual,1091.094805,,,,,,
2016-05-02,53562.0,10539877000.0,94.143,0.0,anual,1084.031458,,,,,,
2016-05-03,52260.0,10539877000.0,94.143,0.0,anual,1057.68052,,,,,,
2016-05-04,52553.0,10539877000.0,94.143,0.0,anual,1063.610493,,,,,,
2016-05-05,51671.0,10539877000.0,94.143,0.0,anual,1045.759857,,,,,,
2016-05-06,51718.0,10539877000.0,94.143,0.0,anual,1046.711082,,,,,,
2016-05-09,50990.0,10539877000.0,94.143,0.0,anual,1031.977224,,,,,,
2016-05-10,53071.0,10539877000.0,94.143,0.0,anual,1074.0942,6.85912,99.285714,,,,
2016-05-11,52764.0,10539877000.0,94.143,0.0,anual,1067.880883,6.68964,99.048374,,,,
2016-05-12,53241.0,10539877000.0,94.143,0.0,anual,1077.534798,6.635986,99.524564,,,,
2016-05-13,51804.0,10539877000.0,94.143,0.0,anual,1048.45162,6.328805,98.495645,,,,
2016-05-16,51803.0,10539877000.0,94.143,0.0,anual,1048.431381,6.228182,98.417722,,,,
2016-05-17,50839.0,10539877000.0,94.143,0.0,anual,1028.921163,6.006922,98.102767,,,,
2016-05-18,50562.0,10539877000.0,94.143,0.0,anual,1023.315011,5.885083,98.025276,,,,
2016-05-19,50133.0,10539877000.0,94.143,0.0,anual,1014.632559,5.749381,97.711129,,,,
2016-05-20,49723.0,10539877000.0,94.143,0.0,anual,1006.334644,5.62204,97.634069,,,,
2016-05-23,49330.0,10539877000.0,94.143,0.0,anual,998.380789,5.502182,97.557132,,,,
2016-05-24,49345.0,10539877000.0,94.143,0.0,anual,998.684372,5.437409,97.559055,,,,
2016-05-25,49483.0,10539877000.0,94.143,0.0,anual,1001.477328,5.389895,97.560976,,,,
2016-05-27,49051.0,10539877000.0,94.143,0.0,anual,992.73416,5.275157,97.248428,,,,
2016-05-30,48964.0,10539877000.0,94.143,0.0,anual,990.973383,5.205947,97.172035,,,,
2016-05-31,48472.0,10539877000.0,94.143,0.0,anual,981.015885,5.091165,96.938776,,,,
2016-06-01,49013.0,10539877000.0,94.143,0.0,anual,991.965085,5.101598,97.176471,,,,
2016-06-02,49887.0,10539877000.0,94.143,0.0,anual,1009.65381,5.14975,97.648903,,,,
2016-06-03,50619.0,10539877000.0,94.143,0.0,anual,1024.468623,5.179105,98.042287,,,,
2016-06-06,50432.0,10539877000.0,94.143,0.0,anual,1020.683965,5.102291,97.809077,,,,
2016-06-07,50488.0,10539877000.0,94.143,0.0,anual,1021.817338,5.055439,97.81079,,,,
2016-06-08,51629.0,10539877000.0,94.143,0.0,anual,1044.909827,5.130986,98.203125,,,,
2016-06-09,51118.0,10539877000.0,94.143,0.0,anual,1034.567792,5.020595,98.126464,,,,
2016-06-10,49422.0,10539877000.0,94.143,0.0,anual,1000.24276,4.784047,97.035881,,,,
2016-06-13,49661.0,10539877000.0,94.143,0.0,anual,1005.079837,4.766073,97.116134,,,,
2016-06-14,48648.0,10539877000.0,94.143,0.0,anual,984.577917,4.613167,96.339564,,,,
2016-06-15,48915.0,10539877000.0,94.143,0.0,anual,989.981681,4.602266,96.420233,,,,
2016-06-16,49412.0,10539877000.0,94.143,0.0,anual,1000.040372,4.615913,96.88958,,,,
2016-06-17,49534.0,10539877000.0,94.143,0.0,anual,1002.509508,4.589246,97.047397,,,,
2016-06-20,50329.0,10539877000.0,94.143,0.0,anual,1018.599367,4.633653,97.515528,,,,
2016-06-21,50838.0,10539877000.0,94.143,0.0,anual,1028.900924,4.646599,97.905353,,,,
2016-06-22,50156.0,10539877000.0,94.143,0.0,anual,1015.098051,4.536069,97.209302,,,,
2016-06-23,51560.0,10539877000.0,94.143,0.0,anual,1043.513349,4.642224,98.140976,,,,
2016-06-24,50105.0,10539877000.0,94.143,0.0,anual,1014.065872,4.454435,96.981424,,,,
2016-06-27,49246.0,10539877000.0,94.143,0.0,anual,996.680729,4.332187,96.210363,,,,
2016-06-28,50007.0,10539877000.0,94.143,0.0,anual,1012.082468,4.375753,96.90881,,,,
2016-06-29,51002.0,10539877000.0,94.143,0.0,anual,1032.22009,4.441102,97.992278,,,,
2016-06-30,51527.0,10539877000.0,94.143,0.0,anual,1042.845468,4.457823,98.070988,,,,
2016-07-01,52233.0,10539877000.0,94.143,0.0,anual,1057.134072,4.491539,98.689283,,,,
2016-07-04,52569.0,10539877000.0,94.143,0.0,anual,1063.934314,4.487983,98.921418,,,,
2016-07-05,51842.0,10539877000.0,94.143,0.0,anual,1049.220695,4.381602,98.383372,,,,
2016-07-06,51902.0,10539877000.0,94.143,0.0,anual,1050.435024,4.353667,98.461538,,,,
2016-07-07,52015.0,10539877000.0,94.143,0.0,anual,1052.72201,4.331387,98.539585,,,,
2016-07-08,53141.0,10539877000.0,94.143,0.0,anual,1075.510917,4.405461,99.308756,,,,
2016-07-11,53960.0,10539877000.0,94.143,0.0,anual,1092.086507,4.448268,99.846508,,,,
2016-07-12,54256.0,10539877000.0,94.143,0.0,anual,1098.077197,4.440788,99.846626,,,,
2016-07-13,54598.0,10539877000.0,94.143,0.0,anual,1104.998872,4.437566,100.0,,,,
2016-07-14,55481.0,10539877000.0,94.143,0.0,anual,1122.869746,4.483934,100.0,,,,
2016-07-15,55578.0,10539877000.0,94.143,0.0,anual,1124.832911,4.45696,100.0,,,,
2016-07-18,56484.0,10539877000.0,94.143,0.0,anual,1143.169279,4.503829,100.0,,,,
2016-07-19,56698.0,10539877000.0,94.143,0.0,anual,1147.500385,4.486835,100.0,,,,
2016-07-20,56578.0,10539877000.0,94.143,0.0,anual,1145.071727,4.440317,99.923664,,,,
2016-07-21,56641.0,10539877000.0,94.143,0.0,anual,1146.346773,4.411179,99.923722,,,,
2016-07-22,57002.0,10539877000.0,94.143,0.0,anual,1153.652985,4.408913,100.0,,,,
2016-07-25,56873.0,10539877000.0,94.143,0.0,anual,1151.042178,4.363667,99.923839,,,,
2016-07-26,56783.0,10539877000.0,94.143,0.0,anual,1149.220684,4.3229,99.847793,,,,
2016-07-27,56853.0,10539877000.0,94.143,0.0,anual,1150.637402,4.296894,99.847909,,,,
2016-07-28,56667.0,10539877000.0,94.143,0.0,anual,1146.872982,4.249471,99.620061,,,,
2016-07-29,57308.0,10539877000.0,94.143,0.0,anual,1159.846063,4.273632,100.0,,,,
2016-08-01,56756.0,10539877000.0,94.143,0.0,anual,1148.674236,4.195954,99.620637,,,,
2016-08-02,56162.0,10539877000.0,94.143,0.0,anual,1136.65238,4.116611,99.166035,,,,
2016-08-03,57077.0,10539877000.0,94.143,0.0,anual,1155.170896,4.165459,99.924242,,,,
2016-08-04,57594.0,10539877000.0,94.143,0.0,anual,1165.634364,4.179777,100.0,,,,
2016-08-05,57661.0,10539877000.0,94.143,0.0,anual,1166.990365,4.156376,100.0,,,,
2016-08-08,57635.0,10539877000.0,94.143,0.0,anual,1166.464156,4.125787,99.924414,,,,
2016-08-09,57689.0,10539877000.0,94.143,0.0,anual,1167.557052,4.102361,100.0,,,,
2016-08-10,56920.0,10539877000.0,94.143,0.0,anual,1151.993402,4.012532,99.471698,,,,
2016-08-11,58300.0,10539877000.0,94.143,0.0,anual,1179.922968,4.098327,100.0,,,,
2016-08-12,58298.0,10539877000.0,94.143,0.0,anual,1179.882491,4.07092,99.924642,,,,
2016-08-15,59146.0,10539877000.0,94.143,0.0,anual,1197.045006,4.111871,100.0,,,,
2016-08-16,58855.0,10539877000.0,94.143,0.0,anual,1191.155511,4.061328,99.924755,,,,
2016-08-17,59324.0,10539877000.0,94.143,0.0,anual,1200.647516,4.071826,100.0,,,,
2016-08-18,59166.0,10539877000.0,94.143,0.0,anual,1197.449783,4.032773,99.924869,,,,
2016-08-19,59099.0,10539877000.0,94.143,0.0,anual,1196.093782,4.00163,99.774775,,,,
2016-08-22,57781.0,10539877000.0,94.143,0.0,anual,1169.419023,3.874029,99.474869,,,,
2016-08-23,58020.0,10539877000.0,94.143,0.0,anual,1174.2561,3.869418,99.475262,,,,
2016-08-24,57718.0,10539877000.0,94.143,0.0,anual,1168.143977,3.823238,99.325843,,,,
2016-08-25,57722.0,10539877000.0,94.143,0.0,anual,1168.224933,3.801361,99.326347,,,,
2016-08-26,57716.0,10539877000.0,94.143,0.0,anual,1168.1035,3.779098,99.177263,,,,
2016-08-29,58610.0,10539877000.0,94.143,0.0,anual,1186.197001,3.82536,99.626308,,,,
2016-08-30,58575.0,10539877000.0,94.143,0.0,anual,1185.488643,3.800555,99.551904,,,,
2016-08-31,57901.0,10539877000.0,94.143,0.0,anual,1171.847681,3.728279,99.253731,,,,
2016-09-01,58236.0,10539877000.0,94.143,0.0,anual,1178.627684,3.732711,99.328859,,,,
2016-09-02,59616.0,10539877000.0,94.143,0.0,anual,1206.55725,3.814544,100.0,,,,
2016-09-05,59566.0,10539877000.0,94.143,0.0,anual,1205.545309,3.788926,99.92554,,,,
2016-09-06,60129.0,10539877000.0,94.143,0.0,anual,1216.939763,3.808807,100.0,,,,
2016-09-08,60232.0,10539877000.0,94.143,0.0,anual,1219.024361,3.794539,100.0,,,,
2016-09-09,58000.0,10539877000.0,94.143,0.0,anual,1173.851323,3.610479,98.885587,,,,
2016-09-12,58586.0,10539877000.0,94.143,0.0,anual,1185.71127,3.634291,99.25761,,,,
2016-09-13,56821.0,10539877000.0,94.143,0.0,anual,1149.989759,3.487765,97.626113,,,,
2016-09-14,57059.0,10539877000.0,94.143,0.0,anual,1154.806598,3.487979,97.924388,,,,
2016-09-15,57909.0,10539877000.0,94.143,0.0,anual,1172.009591,3.531988,98.740741,,,,
2016-09-16,57080.0,10539877000.0,94.143,0.0,anual,1155.231613,3.455314,97.927461,,,,
2016-09-19,57350.0,10539877000.0,94.143,0.0,anual,1160.696093,3.458072,98.002959,,,,
2016-09-20,57736.0,10539877000.0,94.143,0.0,anual,1168.508276,3.468941,98.521803,,,,
2016-09-21,58394.0,10539877000.0,94.143,0.0,anual,1181.825417,3.498737,99.113737,,,,
2016-09-22,58994.0,10539877000.0,94.143,0.0,anual,1193.968706,3.523863,99.409594,,,,
2016-09-23,58697.0,10539877000.0,94.143,0.0,anual,1187.957778,3.485771,99.262537,,,,
2016-09-26,58054.0,10539877000.0,94.143,0.0,anual,1174.94422,3.424197,98.673545,,,,
2016-09-27,58382.0,10539877000.0,94.143,0.0,anual,1181.582551,3.431003,98.895434,,,,
2016-09-28,59356.0,10539877000.0,94.143,0.0,anual,1201.295158,3.48227,99.705666,,,,
2016-09-29,58351.0,10539877000.0,94.143,0.0,anual,1180.955148,3.396399,98.75,,,,
2016-09-30,58367.0,10539877000.0,94.143,0.0,anual,1181.278969,3.381941,98.750918,,,,
2016-10-03,59461.0,10539877000.0,94.143,0.0,anual,1203.420234,3.441308,99.706314,,,,
2016-10-04,59339.0,10539877000.0,94.143,0.0,anual,1200.951098,3.416889,99.559795,,,,
2016-10-05,60254.0,10539877000.0,94.143,0.0,anual,1219.469615,3.463093,100.0,,,,
2016-10-06,60644.0,10539877000.0,94.143,0.0,anual,1227.362753,3.473016,100.0,,,,
2016-10-07,61109.0,10539877000.0,94.143,0.0,anual,1236.773802,3.487748,100.0,,,,
2016-10-10,61668.0,10539877000.0,94.143,0.0,anual,1248.0873,3.508448,100.0,,,,
2016-10-11,61022.0,10539877000.0,94.143,0.0,anual,1235.013025,3.448438,99.853801,,,,
2016-10-13,61119.0,10539877000.0,94.143,0.0,anual,1236.97619,3.438733,99.926954,,,,
2016-10-14,61767.0,10539877000.0,94.143,0.0,anual,1250.090943,3.465571,100.0,,,,
2016-10-17,62696.0,10539877000.0,94.143,0.0,anual,1268.892803,3.510379,100.0,,,,
2016-10-18,63782.0,10539877000.0,94.143,0.0,anual,1290.872157,3.564606,100.0,,,,
2016-10-19,63506.0,10539877000.0,94.143,0.0,anual,1285.286244,3.528913,99.927167,,,,
2016-10-20,63838.0,10539877000.0,94.143,0.0,anual,1292.005531,3.533314,100.0,,,,
2016-10-21,64108.0,10539877000.0,94.143,0.0,anual,1297.470011,3.533565,100.0,,,,
2016-10-24,64060.0,10539877000.0,94.143,0.0,anual,1296.498548,3.513258,99.927326,,,,
2016-10-25,63866.0,10539877000.0,94.143,0.0,anual,1292.572218,3.483884,99.854757,,,,
2016-10-26,63826.0,10539877000.0,94.143,0.0,anual,1291.762665,3.464815,99.709724,,,,
2016-10-27,64250.0,10539877000.0,94.143,0.0,anual,1300.343923,3.475574,100.0,,,,
2016-10-28,64308.0,10539877000.0,94.143,0.0,anual,1301.517774,3.462877,100.0,,,,
2016-10-31,64925.0,10539877000.0,94.143,0.0,anual,1314.005124,3.485662,100.0,,,,
2016-11-01,63326.0,10539877000.0,94.143,0.0,anual,1281.643257,3.368526,99.276411,,,,
2016-11-03,61750.0,10539877000.0,94.143,0.0,anual,1249.746883,3.254657,99.060014,,,,
2016-11-04,61598.0,10539877000.0,94.143,0.0,anual,1246.670583,3.231582,98.916185,,,,
2016-11-07,64052.0,10539877000.0,94.143,0.0,anual,1296.336637,3.371265,99.638989,,,,
2016-11-08,64158.0,10539877000.0,94.143,0.0,anual,1298.481952,3.362886,99.78355,,,,
2016-11-09,63258.0,10539877000.0,94.143,0.0,anual,1280.267018,3.292371,99.062725,,,,
2016-11-10,61201.0,10539877000.0,94.143,0.0,anual,1238.635773,3.151515,98.631124,,,,
2016-11-11,59184.0,10539877000.0,94.143,0.0,anual,1197.814081,3.015035,97.62419,,,,
2016-11-14,59657.0,10539877000.0,94.143,0.0,anual,1207.387041,3.033173,98.057554,,,,
2016-11-16,60759.0,10539877000.0,94.143,0.0,anual,1229.690217,3.089533,98.346513,,,,
2016-11-17,59770.0,10539877000.0,94.143,0.0,anual,1209.674028,3.017545,97.988506,,,,
2016-11-18,59962.0,10539877000.0,94.143,0.0,anual,1213.55988,3.018327,97.98995,,,,
2016-11-21,61070.0,10539877000.0,94.143,0.0,anual,1235.984488,3.074632,98.421808,,,,
2016-11-22,61954.0,10539877000.0,94.143,0.0,anual,1253.875602,3.1166,98.924731,,,,
2016-11-23,61986.0,10539877000.0,94.143,0.0,anual,1254.523244,3.106623,98.925501,,,,
2016-11-24,61396.0,10539877000.0,94.143,0.0,anual,1242.582342,3.059385,98.496779,,,,
2016-11-25,61559.0,10539877000.0,94.143,0.0,anual,1245.881269,3.057862,98.497854,,,,
2016-11-28,62855.0,10539877000.0,94.143,0.0,anual,1272.110775,3.123992,98.999285,,,,
2016-11-29,60987.0,10539877000.0,94.143,0.0,anual,1234.304667,3.000817,97.928571,,,,
2016-11-30,61906.0,10539877000.0,94.143,0.0,anual,1252.904138,3.044722,98.715203,,,,
2016-12-01,59507.0,10539877000.0,94.143,0.0,anual,1204.351219,2.891519,97.075606,,,,
2016-12-02,60316.0,10539877000.0,94.143,0.0,anual,1220.724421,2.929719,97.647897,,,,
2016-12-05,59832.0,10539877000.0,94.143,0.0,anual,1210.928834,2.891233,97.293447,,,,
2016-12-06,61088.0,10539877000.0,94.143,0.0,anual,1236.348787,2.955464,98.007117,,,,
2016-12-07,61414.0,10539877000.0,94.143,0.0,anual,1242.946641,2.964377,98.29303,,,,
2016-12-08,60677.0,10539877000.0,94.143,0.0,anual,1228.030634,2.91103,97.583511,,,,
2016-12-09,60501.0,10539877000.0,94.143,0.0,anual,1224.468602,2.891012,97.443182,,,,
2016-12-12,59179.0,10539877000.0,94.143,0.0,anual,1197.712887,2.804542,96.238467,,,,
2016-12-13,59281.0,10539877000.0,94.143,0.0,anual,1199.777247,2.801676,96.312057,,,,
2016-12-14,58212.0,10539877000.0,94.143,0.0,anual,1178.141952,2.731006,94.968108,,,,
2016-12-15,58396.0,10539877000.0,94.143,0.0,anual,1181.865895,2.733487,95.467422,,,,
2016-12-16,58389.0,10539877000.0,94.143,0.0,anual,1181.724223,2.724915,95.329087,,,,
2016-12-19,57111.0,10539877000.0,94.143,0.0,anual,1155.859016,2.643275,93.635078,,,,
2016-12-20,57583.0,10539877000.0,94.143,0.0,anual,1165.411737,2.662948,93.780919,,,,
2016-12-21,57647.0,10539877000.0,94.143,0.0,anual,1166.707021,2.659031,93.926554,,,,
2016-12-22,57255.0,10539877000.0,94.143,0.0,anual,1158.773406,2.629061,93.50741,,,,
2016-12-23,57937.0,10539877000.0,94.143,0.0,anual,1172.576278,2.660673,94.569817,,,,
2016-12-26,58620.0,10539877000.0,94.143,0.0,anual,1186.399389,2.692012,95.701198,,,,
2016-12-27,58697.0,10539877000.0,94.143,0.0,anual,1187.957778,2.688594,95.774648,,,,
2016-12-28,59782.0,10539877000.0,94.143,0.0,anual,1209.916893,2.74233,96.973962,,,,
2016-12-29,60227.0,10539877000.0,94.143,0.0,anual,1218.923166,2.7593,97.18706,,,,
2017-01-02,59589.0,10539877000.0,94.143,0.0,anual,1206.010802,2.714987,96.626845,,,,
2017-01-03,61814.0,10539877000.0,94.143,0.0,anual,1251.042167,2.832236,98.66573,,,,
2017-01-04,61589.0,10539877000.0,94.143,0.0,anual,1246.488434,2.810676,98.315789,,,,
2017-01-05,62071.0,10539877000.0,94.143,0.0,anual,1256.243543,2.828918,98.87798,,,,
2017-01-06,61665.0,10539877000.0,94.143,0.0,anual,1248.026584,2.797352,98.31815,,,,
2017-01-09,61700.0,10539877000.0,94.143,0.0,anual,1248.734942,2.790687,98.389356,,,,
2017-01-10,62132.0,10539877000.0,94.143,0.0,anual,1257.478111,2.806148,98.880336,,,,
2017-01-11,62446.0,10539877000.0,94.143,0.0,anual,1263.833099,2.81488,98.881119,,,,
2017-01-12,63954.0,10539877000.0,94.143,0.0,anual,1294.353233,2.889524,99.510832,,,,
2017-01-13,63652.0,10539877000.0,94.143,0.0,anual,1288.241111,2.863471,99.162011,,,,
2017-01-16,63831.0,10539877000.0,94.143,0.0,anual,1291.863859,2.86416,99.302163,,,,
2017-01-17,64354.0,10539877000.0,94.143,0.0,anual,1302.44876,2.8837,99.930265,,,,
2017-01-18,64150.0,10539877000.0,94.143,0.0,anual,1298.320041,2.863208,99.651568,,,,
2017-01-19,63951.0,10539877000.0,94.143,0.0,anual,1294.292517,2.843205,99.303621,,,,
2017-01-20,64521.0,10539877000.0,94.143,0.0,anual,1305.828642,2.865296,99.930411,,,,
2017-01-23,65749.0,10539877000.0,94.143,0.0,anual,1330.681908,2.922854,100.0,,,,
2017-01-24,65840.0,10539877000.0,94.143,0.0,anual,1332.52364,2.918127,100.0,,,,
2017-01-26,66191.0,10539877000.0,94.143,0.0,anual,1339.627465,2.927483,100.0,,,,
2017-01-27,66034.0,10539877000.0,94.143,0.0,anual,1336.449971,2.909339,99.930604,,,,
2017-01-30,64302.0,10539877000.0,94.143,0.0,anual,1301.396341,2.80671,99.445215,,,,
2017-01-31,64671.0,10539877000.0,94.143,0.0,anual,1308.864464,2.817902,99.6535,,,,
2017-02-01,64836.0,10539877000.0,94.143,0.0,anual,1312.203869,2.818038,99.65374,,,,
2017-02-02,64578.0,10539877000.0,94.143,0.0,anual,1306.982255,2.795574,99.515571,,,,
2017-02-03,64954.0,10539877000.0,94.143,0.0,anual,1314.592049,2.80711,99.723375,,,,
2017-02-06,63993.0,10539877000.0,94.143,0.0,anual,1295.142547,2.74745,98.686938,,,,
2017-02-07,64199.0,10539877000.0,94.143,0.0,anual,1299.311743,2.750291,99.033149,,,,
2017-02-08,64835.0,10539877000.0,94.143,0.0,anual,1312.18363,2.775842,99.516908,,,,
2017-02-09,64965.0,10539877000.0,94.143,0.0,anual,1314.814676,2.774399,99.724138,,,,
2017-02-10,66125.0,10539877000.0,94.143,0.0,anual,1338.291703,2.827192,99.931082,,,,
2017-02-13,66968.0,10539877000.0,94.143,0.0,anual,1355.353025,2.862737,100.0,,,,
2017-02-14,66713.0,10539877000.0,94.143,0.0,anual,1350.192127,2.840353,99.931177,,,,
2017-02-15,67976.0,10539877000.0,94.143,0.0,anual,1375.753751,2.897519,100.0,,,,
2017-02-16,67814.0,10539877000.0,94.143,0.0,anual,1372.475063,2.879756,99.931271,,,,
2017-02-17,67748.0,10539877000.0,94.143,0.0,anual,1371.139301,2.867167,99.862637,,,,
2017-02-20,68533.0,10539877000.0,94.143,0.0,anual,1387.026772,2.898831,100.0,,,,
2017-02-21,69052.0,10539877000.0,94.143,0.0,anual,1397.530717,2.916357,100.0,,,,
2017-02-22,68590.0,10539877000.0,94.143,0.0,anual,1388.180384,2.88306,99.93146,,,,
2017-02-23,67461.0,10539877000.0,94.143,0.0,anual,1365.330761,2.81579,99.589041,,,,
2017-02-24,66662.0,10539877000.0,94.143,0.0,anual,1349.159947,2.766174,99.383984,,,,
2017-03-01,66989.0,10539877000.0,94.143,0.0,anual,1355.77804,2.774776,99.521204,,,,
2017-03-02,65855.0,10539877000.0,94.143,0.0,anual,1332.827223,2.708555,99.043062,,,,
2017-03-03,66786.0,10539877000.0,94.143,0.0,anual,1351.66956,2.748383,99.385246,,,,
2017-03-06,66341.0,10539877000.0,94.143,0.0,anual,1342.663287,2.717725,99.180887,,,,
2017-03-07,65742.0,10539877000.0,94.143,0.0,anual,1330.540236,2.679534,98.703956,,,,
2017-03-08,64718.0,10539877000.0,94.143,0.0,anual,1309.815689,2.620142,98.295842,,,,
2017-03-09,64585.0,10539877000.0,94.143,0.0,anual,1307.123926,2.606409,98.160763,,,,
2017-03-10,64675.0,10539877000.0,94.143,0.0,anual,1308.94542,2.604063,98.230088,,,,
2017-03-13,65534.0,10539877000.0,94.143,0.0,anual,1326.330563,2.640511,98.639456,,,,
2017-03-14,64699.0,10539877000.0,94.143,0.0,anual,1309.431151,2.591349,98.164514,,,,
2017-03-15,66235.0,10539877000.0,94.143,0.0,anual,1340.517973,2.661732,99.116848,,,,
2017-03-16,65783.0,10539877000.0,94.143,0.0,anual,1331.370028,2.631794,98.710115,,,,
2017-03-17,64210.0,10539877000.0,94.143,0.0,anual,1299.53437,2.54603,97.354138,,,,
2017-03-20,64884.0,10539877000.0,94.143,0.0,anual,1313.175332,2.573256,98.237288,,,,
2017-03-21,62980.0,10539877000.0,94.143,0.0,anual,1274.640627,2.471687,96.00271,,,,
2017-03-22,63521.0,10539877000.0,94.143,0.0,anual,1285.589826,2.492689,96.208531,,,,
2017-03-23,63531.0,10539877000.0,94.143,0.0,anual,1285.792214,2.487118,96.211096,,,,
2017-03-24,63854.0,10539877000.0,94.143,0.0,anual,1292.329352,2.497116,96.551724,,,,
2017-03-27,64308.0,10539877000.0,94.143,0.0,anual,1301.517774,2.513509,97.5,,,,
2017-03-28,64640.0,10539877000.0,94.143,0.0,anual,1308.237061,2.523725,97.771776,,,,
2017-03-29,65528.0,10539877000.0,94.143,0.0,anual,1326.20913,2.561274,98.448043,,,,
2017-03-30,65266.0,10539877000.0,94.143,0.0,anual,1320.90656,2.541862,98.381659,,,,
2017-03-31,64984.0,10539877000.0,94.143,0.0,anual,1315.199214,2.521628,98.315364,,,,
2017-04-03,65211.0,121426733000.0,96.245,0.0,anual,114.558467,-0.408729,69.023569,17.77341,93.302,,
2017-04-04,65769.0,121426733000.0,96.245,0.0,anual,115.538725,-0.406176,69.986541,17.917023,93.302,,
2017-04-05,64775.0,121426733000.0,96.245,0.0,anual,113.79253,-0.41028,67.652993,17.662437,93.302,,
2017-04-06,64223.0,121426733000.0,96.245,0.0,anual,112.822812,-0.412486,65.120968,17.513668,93.302,,
2017-04-07,64593.0,121426733000.0,96.245,0.0,anual,113.472804,-0.410737,66.689053,17.610129,93.302,,
2017-04-10,64650.0,121426733000.0,96.245,0.0,anual,113.572938,-0.410331,67.114094,17.608353,93.302,,
2017-04-11,64360.0,121426733000.0,96.245,0.0,anual,113.063485,-0.411415,65.459423,17.527497,93.302,,
2017-04-12,63892.0,121426733000.0,96.245,0.0,anual,112.241333,-0.413264,64.209115,17.394092,93.302,,
2017-04-13,62826.0,121426733000.0,96.245,0.0,anual,110.368653,-0.417681,61.486939,17.067391,93.302,,
2017-04-17,64335.0,121426733000.0,96.245,0.0,anual,113.019567,-0.411033,65.327979,17.474435,93.302,,
2017-04-18,64159.0,121426733000.0,96.245,0.0,anual,112.710381,-0.411629,64.749164,17.399834,93.302,,
2017-04-19,63407.0,121426733000.0,96.245,0.0,anual,111.389316,-0.414701,63.101604,17.190275,93.302,,
2017-04-20,63761.0,121426733000.0,96.245,0.0,anual,112.011201,-0.413016,63.861055,17.254163,93.302,,
2017-04-24,64389.0,121426733000.0,96.245,0.0,anual,113.11443,-0.410154,65.821095,17.37734,93.302,,
2017-04-25,65148.0,121426733000.0,96.245,0.0,anual,114.447793,-0.406729,69.046031,17.61443,93.302,,
2017-04-26,64862.0,121426733000.0,96.245,0.0,anual,113.945366,-0.407802,67.933333,17.545556,93.302,,
2017-04-27,64677.0,121426733000.0,96.245,0.0,anual,113.62037,-0.40844,67.288474,17.496178,93.302,,
2017-04-28,65403.0,121426733000.0,96.245,0.0,anual,114.89576,-0.405155,69.507324,17.728438,93.302,,
2017-05-02,66722.0,121426733000.0,96.245,0.0,anual,117.212894,-0.399317,72.055888,18.033123,93.302,,
2017-05-03,66094.0,121426733000.0,96.245,0.0,anual,116.109664,-0.401869,70.944149,17.889196,93.302,,
2017-05-04,64863.0,121426733000.0,96.245,0.0,anual,113.947123,-0.407019,67.840532,17.518565,93.302,,
2017-05-05,65710.0,121426733000.0,96.245,0.0,anual,115.435078,-0.40321,70.053121,17.758002,93.302,,
2017-05-08,65526.0,121426733000.0,96.245,0.0,anual,115.111838,-0.403848,69.674851,17.70051,93.302,,
2017-05-09,66278.0,121426733000.0,96.245,0.0,anual,116.432903,-0.400449,71.419098,17.900721,93.302,,
2017-05-10,67350.0,121426733000.0,96.245,0.0,anual,118.316124,-0.39567,73.293572,18.159597,93.302,,
2017-05-11,67538.0,121426733000.0,96.245,0.0,anual,118.64639,-0.394707,73.774834,18.279641,93.302,,
2017-05-12,68222.0,121426733000.0,96.245,0.0,anual,119.847997,-0.391603,75.115817,18.457207,93.302,58.412698,0.330662
2017-05-15,68474.0,121426733000.0,96.245,0.0,anual,120.290694,-0.390366,75.26455,18.535847,93.302,58.842189,0.351069
2017-05-16,68684.0,121426733000.0,96.245,0.0,anual,120.659609,-0.38931,75.611368,18.62327,93.302,59.587956,0.373769
2017-05-17,67540.0,121426733000.0,96.245,0.0,anual,118.649903,-0.394105,73.645971,18.315315,93.302,57.403009,0.29306
2017-05-18,61597.0,121426733000.0,96.245,0.0,anual,108.209625,-0.419638,57.491749,16.591966,93.302,43.908228,-0.157987
2017-05-19,62639.0,121426733000.0,96.245,0.0,anual,110.040144,-0.414971,60.092348,16.894036,93.302,45.770751,-0.078854
2017-05-22,61673.0,121426733000.0,96.245,0.0,anual,108.343137,-0.418988,57.547792,16.598519,93.302,43.917852,-0.156207
2017-05-23,62662.0,121426733000.0,96.245,0.0,anual,110.080549,-0.414548,60.27668,16.8701,93.302,45.461721,-0.085
2017-05-24,63257.0,121426733000.0,96.245,0.0,anual,111.125806,-0.411814,61.882818,17.046406,93.302,47.239748,-0.038762
2017-05-25,63227.0,121426733000.0,96.245,0.0,anual,111.073104,-0.411786,61.578947,16.959188,93.302,46.335697,-0.061613
2017-05-26,64085.0,121426733000.0,96.245,0.0,anual,112.580383,-0.407913,63.971072,17.205378,93.302,48.267717,0.002981
2017-05-29,63761.0,121426733000.0,96.245,0.0,anual,112.011201,-0.40916,63.272011,17.205156,93.302,48.22974,0.002921
2017-05-30,63962.0,121426733000.0,96.245,0.0,anual,112.364304,-0.408133,63.755745,17.203943,93.302,48.191824,0.002602
2017-05-31,62711.0,121426733000.0,96.245,0.0,anual,110.166629,-0.413396,60.23622,16.867286,93.302,45.247447,-0.0858
2017-06-01,62289.0,121426733000.0,96.245,0.0,anual,109.425286,-0.415066,58.819672,16.744605,93.302,44.427002,-0.117993
2017-06-02,62511.0,121426733000.0,96.245,0.0,anual,109.815281,-0.413945,59.633028,16.78904,93.302,44.705882,-0.106269
2017-06-05,62450.0,121426733000.0,96.245,0.0,anual,109.708121,-0.414051,59.462999,16.740983,93.302,44.278997,-0.118861
2017-06-06,62955.0,121426733000.0,96.245,0.0,anual,110.595272,-0.411702,60.929319,16.882183,93.302,45.575568,-0.081679
2017-06-07,63171.0,121426733000.0,96.245,0.0,anual,110.974727,-0.410607,61.347286,16.943254,93.302,46.322379,-0.065579
2017-06-08,62756.0,121426733000.0,96.245,0.0,anual,110.245682,-0.412251,60.326797,16.820202,93.302,44.878812,-0.097941
2017-06-09,62211.0,121426733000.0,96.245,0.0,anual,109.288261,-0.414459,58.393207,16.679291,93.302,43.828125,-0.135004
2017-06-12,61700.0,121426733000.0,96.245,0.0,anual,108.390569,-0.41652,57.114883,16.538894,93.302,43.013271,-0.17193
2017-06-13,61829.0,121426733000.0,96.245,0.0,anual,108.617188,-0.4158,57.403783,16.553922,93.302,43.135725,-0.167901
2017-06-14,61923.0,121426733000.0,96.245,0.0,anual,108.782321,-0.415233,57.692308,16.589927,93.302,43.413874,-0.158343
2017-06-16,61626.0,121426733000.0,96.245,0.0,anual,108.260571,-0.416365,56.872964,16.514114,93.302,42.834891,-0.178271
2017-06-19,62014.0,121426733000.0,96.245,0.0,anual,108.942184,-0.414519,57.942708,16.619703,93.302,43.657588,-0.150346
2017-06-20,60766.0,121426733000.0,96.245,0.0,anual,106.749778,-0.419787,54.521796,16.27998,93.302,41.213064,-0.239936
2017-06-21,60762.0,121426733000.0,96.245,0.0,anual,106.742751,-0.419644,54.486346,16.245104,93.302,40.870241,-0.249045
2017-06-22,61272.0,121426733000.0,96.245,0.0,anual,107.638686,-0.417266,55.945419,16.410616,93.302,42.158385,-0.205233
2017-06-23,61087.0,121426733000.0,96.245,0.0,anual,107.31369,-0.417912,55.584416,16.360237,93.302,41.660202,-0.21846
2017-06-26,62188.0,121426733000.0,96.245,0.0,anual,109.247856,-0.41296,58.53342,16.653911,93.302,44.108527,-0.140758
2017-06-27,61675.0,121426733000.0,96.245,0.0,anual,108.346651,-0.415037,57.003891,16.529039,93.302,43.06739,-0.173717
2017-06-28,62018.0,121426733000.0,96.245,0.0,anual,108.949211,-0.413386,58.198315,16.663024,93.302,44.195046,-0.13821
2017-06-29,62239.0,121426733000.0,96.245,0.0,anual,109.337449,-0.412266,58.80829,16.706229,93.302,44.702243,-0.126724
2017-06-30,62900.0,121426733000.0,96.245,0.0,anual,110.498652,-0.40923,61.100324,16.897319,93.302,46.522411,-0.076095
2017-07-03,63280.0,121426733000.0,96.245,0.0,anual,111.166211,-0.40742,62.483829,16.98699,93.302,47.258687,-0.052321
2017-07-04,63232.0,121426733000.0,96.245,0.0,anual,111.081888,-0.407476,62.055591,16.994064,93.302,47.453704,-0.050427
2017-07-05,63154.0,121426733000.0,96.245,0.0,anual,110.944862,-0.407662,61.627907,16.995961,93.302,47.571318,-0.049905
2017-07-06,62470.0,121426733000.0,96.245,0.0,anual,109.743255,-0.410492,59.651388,16.913862,93.302,46.610169,-0.07165
2017-07-07,62322.0,121426733000.0,96.245,0.0,anual,109.483259,-0.410983,59.032258,16.872496,93.302,45.881447,-0.082592
2017-07-10,63025.0,121426733000.0,96.245,0.0,anual,110.718243,-0.407761,61.31528,17.04727,93.302,48.307692,-0.036192
2017-07-11,63832.0,121426733000.0,96.245,0.0,anual,112.135929,-0.404085,64.110825,17.233383,93.302,49.80784,0.013218
2017-07-12,64836.0,121426733000.0,96.245,0.0,anual,113.899691,-0.399549,68.126207,17.509262,93.302,52.764977,0.086461
2017-07-13,65178.0,121426733000.0,96.245,0.0,anual,114.500495,-0.397907,69.498069,17.574338,93.302,53.645434,0.103713
2017-07-14,65436.0,121426733000.0,96.245,0.0,anual,114.953732,-0.396631,69.839228,17.626616,93.302,54.294479,0.117563
2017-07-17,65212.0,121426733000.0,96.245,0.0,anual,114.560224,-0.397463,69.537275,17.566714,93.302,53.409962,0.101595
2017-07-18,65338.0,121426733000.0,96.245,0.0,anual,114.781572,-0.396764,69.749518,17.635616,93.302,54.441041,0.119877
2017-07-19,65180.0,121426733000.0,96.245,0.0,anual,114.504008,-0.397308,69.383825,17.590409,93.302,53.787299,0.107805
2017-07-20,64938.0,121426733000.0,96.245,0.0,anual,114.078878,-0.398219,68.184734,17.508853,93.302,52.522936,0.086061
2017-07-21,64684.0,121426733000.0,96.245,0.0,anual,113.632667,-0.399182,67.307692,17.458258,93.302,51.871658,0.072558
2017-07-24,65100.0,121426733000.0,96.245,0.0,anual,114.363469,-0.397214,68.994234,17.551147,93.302,53.206107,0.097268
2017-07-25,65668.0,121426733000.0,96.245,0.0,anual,115.361295,-0.39458,70.550576,17.707691,93.302,55.225019,0.138937
2017-07-26,65011.0,121426733000.0,96.245,0.0,anual,114.20712,-0.397311,68.522073,17.502088,93.302,52.362805,0.084086
2017-07-27,65277.0,121426733000.0,96.245,0.0,anual,114.674411,-0.395999,69.629156,17.572291,93.302,53.617669,0.102771
2017-07-28,65497.0,121426733000.0,96.245,0.0,anual,115.060893,-0.394889,70.095847,17.641289,93.302,54.718417,0.121135
2017-07-31,65920.0,121426733000.0,96.245,0.0,anual,115.803992,-0.39289,71.200511,17.755985,93.302,55.513308,0.151691
2017-08-01,66516.0,121426733000.0,96.245,0.0,anual,116.851006,-0.390133,72.495214,17.868011,93.302,55.927052,0.181533
2017-08-02,67136.0,121426733000.0,96.245,0.0,anual,117.940182,-0.387271,73.72449,18.054233,93.302,56.871678,0.231184
2017-08-03,66777.0,121426733000.0,96.245,0.0,anual,117.309514,-0.388704,72.976418,17.974174,93.302,56.525038,0.209708
2017-08-04,66898.0,121426733000.0,96.245,0.0,anual,117.522079,-0.38803,73.248408,18.048033,93.302,56.861259,0.22936
2017-08-07,67940.0,121426733000.0,96.245,0.0,anual,119.352598,-0.383316,75.429663,18.321682,93.302,59.242424,0.302412
2017-08-08,67899.0,121426733000.0,96.245,0.0,anual,119.280571,-0.383356,75.381679,18.306118,93.302,58.894777,0.298125
2017-08-09,67671.0,121426733000.0,96.245,0.0,anual,118.880036,-0.384218,74.698029,18.262947,93.302,58.623298,0.286456
2017-08-10,66992.0,121426733000.0,96.245,0.0,anual,117.687212,-0.38706,73.379924,18.064379,93.302,56.840514,0.233209
2017-08-11,67359.0,121426733000.0,96.245,0.0,anual,118.331934,-0.385306,73.968254,18.102496,93.302,57.099698,0.243319
2017-08-14,68285.0,121426733000.0,96.245,0.0,anual,119.958671,-0.381097,76.015228,18.328327,93.302,59.471698,0.303689
2017-08-15,68355.0,121426733000.0,96.245,0.0,anual,120.081643,-0.380651,76.157261,18.32875,93.302,59.502262,0.303677
2017-08-16,68594.0,121426733000.0,96.245,0.0,anual,120.501502,-0.379462,76.552598,18.425472,93.302,59.984928,0.329467
2017-08-17,67977.0,121426733000.0,96.245,0.0,anual,119.417597,-0.382038,75.364155,18.26809,93.302,58.584337,0.287147
2017-08-18,68715.0,121426733000.0,96.245,0.0,anual,120.714067,-0.378654,76.64557,18.483359,93.302,60.571859,0.344747
2017-08-21,68635.0,121426733000.0,96.245,0.0,anual,120.573529,-0.378869,76.533839,18.470663,93.302,60.451128,0.341197
2017-08-22,70011.0,121426733000.0,96.245,0.0,anual,122.990796,-0.372676,77.433628,19.03688,93.302,65.664914,0.492953
2017-08-23,70478.0,121426733000.0,96.245,0.0,anual,123.811192,-0.370486,77.700569,19.113138,93.302,66.066066,0.513184
2017-08-24,71133.0,121426733000.0,96.245,0.0,anual,124.961853,-0.367469,78.093434,19.314724,93.302,67.741935,0.567044
2017-08-25,71074.0,121426733000.0,96.245,0.0,anual,124.858206,-0.367597,78.044164,19.29348,93.302,67.391304,0.56106
2017-08-28,71017.0,121426733000.0,96.245,0.0,anual,124.758072,-0.367717,77.994956,19.275407,93.302,67.191011,0.555931
2017-08-29,71330.0,121426733000.0,96.245,0.0,anual,125.30793,-0.366206,78.386894,19.336085,93.302,68.113772,0.571956
2017-08-30,70886.0,121426733000.0,96.245,0.0,anual,124.52794,-0.368033,77.896725,19.23724,93.302,66.791324,0.545117
2017-08-31,70835.0,121426733000.0,96.245,0.0,anual,124.438346,-0.368126,77.78477,19.22921,93.302,66.741405,0.542695
2017-09-01,71923.0,121426733000.0,96.245,0.0,anual,126.349674,-0.363196,78.805031,19.514939,93.302,70.500373,0.619233
2017-09-04,72129.0,121426733000.0,96.245,0.0,anual,126.711562,-0.362158,78.94406,19.586533,93.302,71.268657,0.638161
2017-09-05,72151.0,121426733000.0,96.245,0.0,anual,126.75021,-0.361932,78.957286,19.632818,93.302,72.184937,0.650272
2017-09-06,73412.0,121426733000.0,96.245,0.0,anual,128.965453,-0.356237,79.409918,19.961996,93.302,75.484352,0.738451
2017-09-08,73079.0,121426733000.0,96.245,0.0,anual,128.38046,-0.357582,79.171895,19.906124,93.302,75.055845,0.722999
2017-09-11,74319.0,121426733000.0,96.245,0.0,anual,130.558812,-0.351979,79.749216,20.267023,93.302,77.678571,0.819666
2017-09-12,74539.0,121426733000.0,96.245,0.0,anual,130.945294,-0.350883,79.824561,20.330917,93.302,78.289963,0.836344
2017-09-13,74788.0,121426733000.0,96.245,0.0,anual,131.382721,-0.349659,79.837195,20.38272,93.302,78.677563,0.849751
2017-09-14,74657.0,121426733000.0,96.245,0.0,anual,131.152589,-0.350115,79.787234,20.356775,93.302,78.396437,0.842228
2017-09-15,75757.0,121426733000.0,96.245,0.0,anual,133.084998,-0.345129,80.300188,20.613526,93.302,80.563798,0.910774
2017-09-18,75990.0,121426733000.0,96.245,0.0,anual,133.494317,-0.343978,80.5,20.681623,93.302,81.171238,0.928478
2017-09-19,75974.0,121426733000.0,96.245,0.0,anual,133.466209,-0.343928,80.449719,20.607954,93.302,80.37037,0.908016
2017-09-20,76004.0,121426733000.0,96.245,0.0,anual,133.518911,-0.343676,80.524345,20.610627,93.302,80.458919,0.908122
2017-09-21,75604.0,121426733000.0,96.245,0.0,anual,132.816217,-0.345326,79.975047,20.499968,93.302,79.142012,0.87773
2017-09-22,75390.0,121426733000.0,96.245,0.0,anual,132.440276,-0.346153,79.800499,20.435869,93.302,78.713969,0.859904
2017-09-25,74443.0,121426733000.0,96.245,0.0,anual,130.776647,-0.350227,79.376947,20.174485,93.302,76.514032,0.788989
2017-09-26,74319.0,121426733000.0,96.245,0.0,anual,130.558812,-0.350654,79.265255,20.144957,93.302,76.162362,0.780566
2017-09-27,73797.0,121426733000.0,96.245,0.0,anual,129.641796,-0.352845,79.029247,19.987784,93.302,75.147493,0.737776
2017-09-28,73567.0,121426733000.0,96.245,0.0,anual,129.237747,-0.353741,78.91791,19.898636,93.302,74.207811,0.713343
2017-09-29,74294.0,121426733000.0,96.245,0.0,anual,130.514894,-0.350394,79.179615,20.112878,93.302,75.994109,0.770665
2017-10-02,74360.0,121426733000.0,96.245,0.0,anual,130.630838,-0.349979,79.378882,20.154076,93.302,76.453274,0.781313
2017-10-03,76763.0,121426733000.0,96.245,0.0,anual,134.852273,-0.339197,81.440099,20.804037,93.302,82.647059,0.955965
2017-10-04,76591.0,121426733000.0,96.245,0.0,anual,134.550115,-0.339843,81.389578,20.732409,93.302,81.85158,0.935997
2017-10-05,76618.0,121426733000.0,96.245,0.0,anual,134.597547,-0.339606,81.401116,20.711232,93.302,81.424376,0.929647
2017-10-06,76055.0,121426733000.0,96.245,0.0,anual,133.608505,-0.341988,80.545229,20.577362,93.302,79.677183,0.892942
2017-10-09,75727.0,121426733000.0,96.245,0.0,anual,133.032295,-0.343326,79.876161,20.476068,93.302,78.739003,0.865058
2017-10-10,76897.0,121426733000.0,96.245,0.0,anual,135.087676,-0.33801,81.559406,20.772118,93.302,82.271062,0.944285
2017-10-11,76660.0,121426733000.0,96.245,0.0,anual,134.671329,-0.338947,81.385281,20.678271,93.302,81.039531,0.918342
2017-10-13,76990.0,121426733000.0,96.245,0.0,anual,135.251052,-0.337363,81.644005,20.784231,93.302,82.370154,0.946279
2017-10-16,76892.0,121426733000.0,96.245,0.0,anual,135.078892,-0.337683,81.470043,20.769625,93.302,82.163743,0.941687
2017-10-17,76201.0,121426733000.0,96.245,0.0,anual,133.864988,-0.34064,80.617284,20.572436,93.302,79.401023,0.88789
2017-10-18,76591.0,121426733000.0,96.245,0.0,anual,134.550115,-0.338788,81.184454,20.689136,93.302,81.094891,0.918768
2017-10-19,76283.0,121426733000.0,96.245,0.0,anual,134.00904,-0.340042,80.826141,20.618625,93.302,80.233406,0.899143
2017-10-20,76391.0,121426733000.0,96.245,0.0,anual,134.198768,-0.339444,80.899569,20.669011,93.302,80.612245,0.912134
2017-10-23,75413.0,121426733000.0,96.245,0.0,anual,132.480681,-0.343682,79.310345,20.451022,93.302,78.077203,0.852752
2017-10-24,76350.0,121426733000.0,96.245,0.0,anual,134.126742,-0.339391,80.861538,20.703306,93.302,81.222707,0.920243
2017-10-25,76671.0,121426733000.0,96.245,0.0,anual,134.690654,-0.337845,81.365314,20.797241,93.302,82.690909,0.944953
2017-10-26,75896.0,121426733000.0,96.245,0.0,anual,133.329184,-0.341183,79.717271,20.61057,93.302,79.869186,0.893967
2017-10-27,75976.0,121426733000.0,96.245,0.0,anual,133.469723,-0.340709,79.85258,20.608362,93.302,79.738562,0.892788
2017-10-30,74800.0,121426733000.0,96.245,0.0,anual,131.403802,-0.345835,78.759975,20.259816,93.302,76.124819,0.798193
2017-10-31,74308.0,121426733000.0,96.245,0.0,anual,130.539488,-0.34791,78.220859,20.069367,93.302,74.329224,0.746336
2017-11-01,73824.0,121426733000.0,96.245,0.0,anual,129.689228,-0.34995,77.988964,19.913264,93.302,73.188406,0.703789
2017-11-03,73915.0,121426733000.0,96.245,0.0,anual,129.849091,-0.349423,78.063725,19.888556,93.302,72.845764,0.696739
2017-11-06,74311.0,121426733000.0,96.245,0.0,anual,130.544758,-0.347536,78.26087,20.02678,93.302,74.023155,0.73368
2017-11-07,72415.0,121426733000.0,96.245,0.0,anual,127.213988,-0.355881,77.050184,19.543279,93.302,68.546638,0.602712
2017-11-08,74363.0,121426733000.0,96.245,0.0,anual,130.636108,-0.34706,78.53211,20.064927,93.302,74.349711,0.743308
2017-11-09,72931.0,121426733000.0,96.245,0.0,anual,128.120463,-0.353337,77.017115,19.628291,93.302,69.891697,0.624943
2017-11-10,72166.0,121426733000.0,96.245,0.0,anual,126.776561,-0.356634,76.847892,19.45205,93.302,67.099567,0.577005
2017-11-13,72475.0,121426733000.0,96.245,0.0,anual,127.319392,-0.35513,76.984127,19.558538,93.302,68.709445,0.60551
2017-11-14,70827.0,121426733000.0,96.245,0.0,anual,124.424292,-0.362375,75.411836,19.106093,93.302,63.400576,0.482885
2017-11-16,72512.0,121426733000.0,96.245,0.0,anual,127.384391,-0.354716,77.012195,19.60648,93.302,69.330454,0.617997
2017-11-17,73437.0,121426733000.0,96.245,0.0,anual,129.009372,-0.350457,77.635588,19.863272,93.302,72.589928,0.687143
2017-11-21,74595.0,121426733000.0,96.245,0.0,anual,131.043671,-0.345157,78.745432,20.170542,93.302,75.700935,0.769892
2017-11-22,74519.0,121426733000.0,96.245,0.0,anual,130.910159,-0.345379,78.63664,20.176516,93.302,75.79023,0.771068
2017-11-23,74487.0,121426733000.0,96.245,0.0,anual,130.853944,-0.345405,78.588808,20.184507,93.302,75.879397,0.772789
2017-11-24,74157.0,121426733000.0,96.245,0.0,anual,130.274221,-0.346765,77.993921,20.097751,93.302,74.748924,0.748871
2017-11-27,74059.0,121426733000.0,96.245,0.0,anual,130.102061,-0.347086,77.885784,20.07203,93.302,74.336918,0.741491
2017-11-28,74140.0,121426733000.0,96.245,0.0,anual,130.244356,-0.346605,77.959927,20.106367,93.302,74.928367,0.750374
2017-11-29,72700.0,121426733000.0,96.245,0.0,anual,127.714658,-0.35294,76.699029,19.732113,93.302,71.295634,0.648626
2017-11-30,71971.0,121426733000.0,96.245,0.0,anual,126.433998,-0.356087,76.106731,19.455186,93.302,66.666667,0.573294
2017-12-01,72264.0,121426733000.0,96.245,0.0,anual,126.948721,-0.354652,76.484848,19.530019,93.302,67.834167,0.593295
2017-12-04,73090.0,121426733000.0,96.245,0.0,anual,128.399784,-0.350827,77.104785,19.755949,93.302,71.571429,0.654227
2017-12-05,72546.0,121426733000.0,96.245,0.0,anual,127.44412,-0.353148,76.634383,19.600317,93.302,68.879372,0.611715
2017-12-06,73268.0,121426733000.0,96.245,0.0,anual,128.712483,-0.349788,77.253479,19.803216,93.302,71.825963,0.666416
2017-12-07,72487.0,121426733000.0,96.245,0.0,anual,127.340473,-0.353175,76.481258,19.609437,93.302,68.923735,0.613535
2017-12-08,72732.0,121426733000.0,96.245,0.0,anual,127.770873,-0.351955,76.676737,19.669361,93.302,70.08547,0.629485
2017-12-11,72800.0,121426733000.0,96.245,0.0,anual,127.890331,-0.35153,76.690821,19.673886,93.302,70.106762,0.6304
2017-12-12,73814.0,121426733000.0,96.245,0.0,anual,129.671661,-0.346857,77.730839,19.919233,93.302,73.11522,0.696648
2017-12-13,72914.0,121426733000.0,96.245,0.0,anual,128.090599,-0.350783,76.658625,19.697711,93.302,70.646766,0.636172
2017-12-14,72429.0,121426733000.0,96.245,0.0,anual,127.238582,-0.352844,76.190476,19.544118,93.302,67.826705,0.594166
2017-12-15,72608.0,121426733000.0,96.245,0.0,anual,127.553038,-0.35192,76.445783,19.628647,93.302,69.41093,0.61683
2017-12-18,73115.0,121426733000.0,96.245,0.0,anual,128.443703,-0.349521,77.18242,19.761743,93.302,71.702128,0.652668
2017-12-19,72680.0,121426733000.0,96.245,0.0,anual,127.679523,-0.35136,76.413959,19.653642,93.302,69.879518,0.622979
2017-12-20,73367.0,121426733000.0,96.245,0.0,anual,128.8864,-0.34815,77.330126,19.868333,93.302,72.521246,0.680992
2017-12-21,75133.0,121426733000.0,96.245,0.0,anual,131.988795,-0.340086,79.266827,20.361895,93.302,77.777778,0.814719
2017-12-22,75187.0,121426733000.0,96.245,0.0,anual,132.083658,-0.339729,79.399399,20.380271,93.302,77.934936,0.819231
2017-12-26,75688.0,121426733000.0,96.245,0.0,anual,132.963783,-0.33736,79.711885,20.432045,93.302,78.303887,0.832814
2017-12-27,76073.0,121426733000.0,96.245,0.0,anual,133.640126,-0.335513,80.563887,20.531162,93.302,79.237288,0.859246
2017-12-28,76402.0,121426733000.0,96.245,0.0,anual,134.218092,-0.333919,81.354916,20.664203,93.302,80.94566,0.894869
2017-12-29,76402.0,121426733000.0,96.245,0.0,anual,134.218092,-0.333808,81.366087,20.664203,93.302,80.959097,0.894301
2018-01-02,77891.0,121426733000.0,96.245,0.0,anual,136.833871,-0.326986,83.473054,21.026049,93.302,85.271318,0.992054
2018-01-03,77995.0,121426733000.0,96.245,0.0,anual,137.016571,-0.326409,83.482944,21.051852,93.302,85.633803,0.998372
2018-01-04,78647.0,121426733000.0,96.245,0.0,anual,138.161963,-0.323361,83.732057,21.208594,93.302,87.403237,1.040254
2018-01-05,79071.0,121426733000.0,96.245,0.0,anual,138.906818,-0.321341,83.861327,21.289454,93.302,88.537271,1.061458
2018-01-08,79379.0,121426733000.0,96.245,0.0,anual,139.447893,-0.319846,83.930705,21.34546,93.302,89.037245,1.075878
2018-01-09,78864.0,121426733000.0,96.245,0.0,anual,138.543174,-0.322065,83.761194,21.18868,93.302,87.078652,1.032478
2018-01-10,78201.0,121426733000.0,96.245,0.0,anual,137.378459,-0.324952,83.353222,21.016311,93.302,84.77193,0.984907
2018-01-11,79365.0,121426733000.0,96.245,0.0,anual,139.423299,-0.319589,83.899821,21.339349,93.302,88.920056,1.071976
2018-01-12,79349.0,121426733000.0,96.245,0.0,anual,139.395191,-0.319556,83.849821,21.3156,93.302,88.787666,1.064719
2018-01-15,79752.0,121426733000.0,96.245,0.0,anual,140.103155,-0.31763,84.157236,21.434773,93.302,89.77591,1.096288
2018-01-16,79832.0,121426733000.0,96.245,0.0,anual,140.243694,-0.317165,84.166667,21.4474,93.302,89.783065,1.098873
2018-01-17,81189.0,121426733000.0,96.245,0.0,anual,142.627584,-0.310927,84.473528,21.830376,93.302,91.538462,1.202001
2018-01-18,80963.0,121426733000.0,96.245,0.0,anual,142.230562,-0.311847,84.423306,21.75814,93.302,91.194969,1.181368
2018-01-19,81220.0,121426733000.0,96.245,0.0,anual,142.682043,-0.310583,84.491979,21.840863,93.302,91.620112,1.20283
2018-01-22,81675.0,121426733000.0,96.245,0.0,anual,143.481357,-0.308424,84.679335,21.9865,93.302,91.765527,1.241318
2018-01-23,80678.0,121426733000.0,96.245,0.0,anual,141.729892,-0.312835,84.094955,21.702089,93.302,90.794979,1.163062
2018-01-24,83680.0,121426733000.0,96.245,0.0,anual,147.003611,-0.299144,85.112693,22.5871,93.302,93.58885,1.40212
2018-01-26,85531.0,121426733000.0,96.245,0.0,anual,150.255329,-0.290667,85.121517,23.068881,93.302,94.498607,1.531218
2018-01-29,84698.0,121426733000.0,96.245,0.0,anual,148.791968,-0.294346,85.07109,22.866491,93.302,94.154489,1.474629
2018-01-30,84482.0,121426733000.0,96.245,0.0,anual,148.412513,-0.29523,85.020722,22.791147,93.302,93.94993,1.452604
2018-01-31,84913.0,121426733000.0,96.245,0.0,anual,149.169666,-0.293182,85.088757,22.934289,93.302,94.232106,1.489773
2018-02-01,85495.0,121426733000.0,96.245,0.0,anual,150.192086,-0.29045,85.097575,23.066587,93.302,94.444444,1.523891
2018-02-02,84041.0,121426733000.0,96.245,0.0,anual,147.637793,-0.296949,84.869976,22.682806,93.302,93.546149,1.41837
2018-02-05,81861.0,121426733000.0,96.245,0.0,anual,143.80811,-0.306741,84.406379,22.150514,93.302,91.816921,1.272967
2018-02-06,83894.0,121426733000.0,96.245,0.0,anual,147.379553,-0.297419,84.828808,22.727588,93.302,93.624394,1.427807
2018-02-07,82767.0,121426733000.0,96.245,0.0,anual,145.399712,-0.302438,84.660767,22.43621,93.302,92.451524,1.347577
2018-02-08,81533.0,121426733000.0,96.245,0.0,anual,143.231901,-0.307941,84.139151,22.161962,93.302,91.695502,1.272168
2018-02-09,80899.0,121426733000.0,96.245,0.0,anual,142.118131,-0.31072,83.677077,22.017144,93.302,91.147994,1.231892
2018-02-14,83543.0,121426733000.0,96.245,0.0,anual,146.762939,-0.298613,84.746761,22.738134,93.302,93.711126,1.425531
2018-02-15,84291.0,121426733000.0,96.245,0.0,anual,148.076977,-0.295119,84.932313,22.938221,93.302,94.198895,1.478036
2018-02-16,84525.0,121426733000.0,96.245,0.0,anual,148.488053,-0.293962,85.0,22.90772,93.302,93.995859,1.468186
2018-02-19,84793.0,121426733000.0,96.245,0.0,anual,148.958858,-0.29265,85.067607,23.014943,93.302,94.344828,1.495499
2018-02-20,85804.0,121426733000.0,96.245,0.0,anual,150.734917,-0.28796,85.252644,23.321704,93.302,94.900069,1.576494
2018-02-21,86052.0,121426733000.0,96.245,0.0,anual,151.170588,-0.286741,85.261304,23.385947,93.302,94.903581,1.591903
2018-02-22,86686.0,121426733000.0,96.245,0.0,anual,152.284358,-0.283766,85.269953,23.59986,93.302,95.044735,1.647535
2018-02-23,87293.0,121426733000.0,96.245,0.0,anual,153.350696,-0.280914,85.278592,23.75677,93.302,95.116919,1.687627
2018-02-26,87653.0,121426733000.0,96.245,0.0,anual,153.983121,-0.279187,85.287222,23.844646,93.302,95.120275,1.70901
2018-02-27,86935.0,121426733000.0,96.245,0.0,anual,152.721785,-0.282368,85.178676,23.679008,93.302,94.986264,1.662231
2018-02-28,85481.0,121426733000.0,96.245,0.0,anual,150.167492,-0.288899,84.836066,23.209151,93.302,94.371997,1.533948
2018-03-01,85378.0,121426733000.0,96.245,0.0,anual,149.986548,-0.289277,84.786425,23.205248,93.302,94.30727,1.531138
2018-03-02,85761.0,121426733000.0,96.245,0.0,anual,150.659378,-0.28744,84.97076,23.297246,93.302,94.516792,1.554064
2018-03-05,86023.0,121426733000.0,96.245,0.0,anual,151.119642,-0.286156,85.037989,23.445454,93.302,94.726027,1.591983
2018-03-06,85653.0,121426733000.0,96.245,0.0,anual,150.46965,-0.287752,84.871495,23.357028,93.302,94.524298,1.566364
2018-03-07,85484.0,121426733000.0,96.245,0.0,anual,150.172762,-0.288432,84.705196,23.241419,93.302,94.254446,1.53355
2018-03-08,84985.0,121426733000.0,96.245,0.0,anual,149.296151,-0.290616,84.53909,23.088993,93.302,93.848257,1.490981
2018-03-09,86371.0,121426733000.0,96.245,0.0,anual,151.730986,-0.284201,85.131195,23.48482,93.302,94.740437,1.595273
2018-03-12,86900.0,121426733000.0,96.245,0.0,anual,152.660299,-0.281698,85.198135,23.625301,93.302,94.880546,1.630912
2018-03-13,86384.0,121426733000.0,96.245,0.0,anual,151.753824,-0.283965,85.090274,23.456425,93.302,94.611187,1.583742
2018-03-14,86051.0,121426733000.0,96.245,0.0,anual,151.168831,-0.285396,84.924331,23.837948,95.03,95.092025,1.683759
2018-03-15,84928.0,121426733000.0,96.245,0.0,anual,149.196017,-0.290435,84.293194,23.573754,95.03,94.686649,1.61104
2018-03-16,84886.0,121426733000.0,96.245,0.0,anual,149.122234,-0.290535,84.186047,23.593589,95.03,94.690265,1.614362
2018-03-19,83913.0,121426733000.0,96.245,0.0,anual,147.412931,-0.29489,83.788495,23.316933,95.03,94.013605,1.538598
2018-03-20,84164.0,121426733000.0,96.245,0.0,anual,147.853871,-0.29365,83.855981,23.36057,95.03,94.153637,1.548472
2018-03-21,84977.0,121426733000.0,96.245,0.0,anual,149.282097,-0.28984,84.329658,23.61748,95.03,94.769022,1.61514
2018-03-22,84768.0,121426733000.0,96.245,0.0,anual,148.914939,-0.290705,84.048724,23.561494,95.03,94.501018,1.598255
2018-03-23,84377.0,121426733000.0,96.245,0.0,anual,148.228056,-0.292402,83.826087,23.475852,95.03,94.301221,1.573535
2018-03-26,85088.0,121426733000.0,96.245,0.0,anual,149.477095,-0.289057,84.414832,23.74857,95.03,94.983051,1.644228
2018-03-27,83808.0,121426733000.0,96.245,0.0,anual,147.228474,-0.294825,83.43949,23.345537,95.03,93.766938,1.535012
2018-03-28,83874.0,121426733000.0,96.245,0.0,anual,147.344418,-0.29443,83.449074,23.341464,95.03,93.703453,1.532187
2018-03-29,85366.0,121426733000.0,96.245,0.0,anual,149.965467,-0.287505,84.441874,23.716328,95.03,94.925575,1.63003
2018-04-02,84666.0,142392266000.0,96.312,0.0,anual,126.836218,-0.347721,72.947977,19.752687,95.03,68.289385,0.574446
2018-04-03,84623.0,142392266000.0,96.312,0.0,anual,126.771801,-0.347776,72.790295,19.76341,95.03,68.513514,0.577042
2018-04-04,84360.0,142392266000.0,96.312,0.0,anual,126.377806,-0.348691,72.459584,19.719452,95.03,67.72451,0.565081
2018-04-05,85210.0,142392266000.0,96.312,0.0,anual,127.651172,-0.345256,73.456434,19.941456,95.03,70.175439,0.623937
2018-04-06,84820.0,142392266000.0,96.312,0.0,anual,127.066922,-0.34667,73.010381,19.785928,95.03,68.577208,0.582228
2018-04-09,83307.0,142392266000.0,96.312,0.0,anual,124.800331,-0.352475,71.527378,19.404989,95.03,62.061995,0.480491
2018-04-10,84510.0,142392266000.0,96.312,0.0,anual,126.602518,-0.347655,72.523041,19.716743,95.03,67.609428,0.563359
2018-04-11,85246.0,142392266000.0,96.312,0.0,anual,127.705103,-0.344663,73.57513,19.855052,95.03,69.179004,0.599969
2018-04-12,85444.0,142392266000.0,96.312,0.0,anual,128.001722,-0.343777,73.762946,19.91881,95.03,70.006725,0.616689
2018-04-13,84334.0,142392266000.0,96.312,0.0,anual,126.338856,-0.348012,72.167913,19.676631,95.03,66.532258,0.551836
2018-04-16,82862.0,142392266000.0,96.312,0.0,anual,124.133686,-0.353664,70.862069,19.312664,95.03,60.980524,0.454526
2018-04-17,84086.0,142392266000.0,96.312,0.0,anual,125.967333,-0.348756,71.970132,19.597966,95.03,64.966443,0.530452
2018-04-18,85776.0,142392266000.0,96.312,0.0,anual,128.499084,-0.342022,74.397245,19.972252,95.03,70.690812,0.630087
2018-04-19,85824.0,142392266000.0,96.312,0.0,anual,128.570992,-0.341725,74.411933,19.986748,95.03,70.911528,0.63366
2018-04-20,85550.0,142392266000.0,96.312,0.0,anual,128.160518,-0.342689,73.91055,19.890424,95.03,69.658406,0.607653
2018-04-23,85602.0,142392266000.0,96.312,0.0,anual,128.238418,-0.342376,73.982808,19.886588,95.03,69.410977,0.606351
2018-04-24,85469.0,142392266000.0,96.312,0.0,anual,128.039174,-0.342788,73.654066,19.837951,95.03,68.896321,0.593086
2018-04-25,85044.0,142392266000.0,96.312,0.0,anual,127.402491,-0.344345,73.096737,19.762042,95.03,68.181818,0.572544
2018-04-26,86383.0,142392266000.0,96.312,0.0,anual,129.408417,-0.338981,75.0,20.274941,95.097,73.814295,0.7093
2018-04-27,86445.0,142392266000.0,96.312,0.0,anual,129.501298,-0.33863,75.014294,20.321969,95.097,74.23231,0.721508
2018-04-30,86115.0,142392266000.0,96.312,0.0,anual,129.006932,-0.339818,74.685714,20.237562,95.097,73.182121,0.698589
2018-05-02,84547.0,142392266000.0,96.312,0.0,anual,126.657947,-0.345867,72.130211,19.915517,95.097,69.866667,0.612174
2018-05-03,83288.0,142392266000.0,96.312,0.0,anual,124.771867,-0.350701,70.890411,19.631059,95.097,65.489674,0.535847
2018-05-04,83118.0,142392266000.0,96.312,0.0,anual,124.517194,-0.351257,70.735881,19.596294,95.097,64.447403,0.526321
2018-05-07,82714.0,142392266000.0,96.312,0.0,anual,123.911971,-0.352732,70.296465,19.459775,95.097,62.275449,0.48958
2018-05-08,82956.0,142392266000.0,96.312,0.0,anual,124.274506,-0.351668,70.48433,19.51859,95.097,63.231383,0.505115
2018-05-09,84265.0,142392266000.0,96.312,0.0,anual,126.235489,-0.346409,71.753986,19.863085,95.097,69.036545,0.597094
2018-05-10,85861.0,142392266000.0,96.312,0.0,anual,128.626421,-0.340022,74.445077,20.202982,95.097,73.173971,0.687794
2018-05-11,85220.0,142392266000.0,96.312,0.0,anual,127.666153,-0.342435,73.208191,20.086841,95.097,71.665561,0.65637
2018-05-14,85232.0,142392266000.0,96.312,0.0,anual,127.68413,-0.342279,73.280273,20.074446,95.097,71.485411,0.652741
2018-05-15,85130.0,142392266000.0,96.312,0.0,anual,127.531326,-0.342572,73.011364,20.11837,95.097,72.299536,0.664194
2018-05-16,86537.0,142392266000.0,96.312,0.0,anual,129.639121,-0.336925,75.184554,20.421662,95.097,75.430464,0.745103
2018-05-17,83622.0,142392266000.0,96.312,0.0,anual,125.272225,-0.348297,71.112372,19.809291,95.097,68.166777,0.580685
2018-05-18,83082.0,142392266000.0,96.312,0.0,anual,124.463264,-0.350313,70.4481,19.644752,95.097,65.542328,0.536339
2018-05-21,81815.0,142392266000.0,96.312,0.0,anual,122.565199,-0.355193,69.331066,19.34652,95.097,60.475876,0.456172
2018-05-22,82739.0,142392266000.0,96.312,0.0,anual,123.949423,-0.351438,69.971671,19.568203,95.097,63.870542,0.515427
2018-05-23,80867.0,142392266000.0,96.312,0.0,anual,121.145022,-0.358705,68.742922,19.113498,95.097,58.217822,0.393265
2018-05-24,80122.0,142392266000.0,96.312,0.0,anual,120.028955,-0.361528,67.911715,18.847066,95.097,55.870712,0.321636
2018-05-25,78898.0,142392266000.0,96.312,0.0,anual,118.195308,-0.366239,65.723982,18.572946,95.097,53.724456,0.247952
2018-05-28,75356.0,142392266000.0,96.312,0.0,anual,112.889118,-0.380093,57.490107,17.699109,95.097,47.826087,0.013262
2018-05-29,76072.0,142392266000.0,96.312,0.0,anual,113.961741,-0.377145,60.056497,17.895171,95.097,48.782093,0.065914
2018-05-30,76754.0,142392266000.0,96.312,0.0,anual,114.98343,-0.374332,61.998871,18.052592,95.097,49.539474,0.108184
2018-06-01,77240.0,142392266000.0,96.312,0.0,anual,115.711496,-0.372293,63.036117,18.140294,95.097,50.230112,0.131717
2018-06-04,78596.0,142392266000.0,96.312,0.0,anual,117.742888,-0.36682,65.425832,18.525768,95.097,53.416557,0.235297
2018-06-05,76642.0,142392266000.0,96.312,0.0,anual,114.815645,-0.374419,61.724915,18.067209,95.097,49.638871,0.111906
2018-06-06,76117.0,142392266000.0,96.312,0.0,anual,114.029155,-0.376373,60.0,17.967193,95.097,49.015748,0.084965
2018-06-07,73851.0,142392266000.0,96.312,0.0,anual,110.634511,-0.385205,53.490991,17.391716,95.097,43.672131,-0.069918
2018-06-08,72942.0,142392266000.0,96.312,0.0,anual,109.272759,-0.388673,50.984806,17.14989,95.097,41.612058,-0.134989
2018-06-11,72308.0,142392266000.0,96.312,0.0,anual,108.322978,-0.391054,49.381327,17.006886,95.097,40.667976,-0.173449
2018-06-12,72754.0,142392266000.0,96.312,0.0,anual,108.991121,-0.389164,50.590219,17.134784,95.097,41.623037,-0.138942
2018-06-13,72122.0,142392266000.0,96.312,0.0,anual,108.044336,-0.391537,48.988764,17.00703,95.097,40.680183,-0.173317
2018-06-14,71421.0,142392266000.0,96.312,0.0,anual,106.994183,-0.394184,47.725997,16.817667,95.097,38.431373,-0.224294
2018-06-15,70758.0,142392266000.0,96.312,0.0,anual,106.000958,-0.396679,46.184063,16.60212,95.097,36.969301,-0.282326
2018-06-18,69815.0,142392266000.0,96.312,0.0,anual,104.588271,-0.400283,43.970836,16.374239,95.097,35.248042,-0.343678
2018-06-19,71394.0,142392266000.0,96.312,0.0,anual,106.953735,-0.393902,47.64574,16.749564,95.097,38.095238,-0.242311
2018-06-20,72123.0,142392266000.0,96.312,0.0,anual,108.045834,-0.390888,49.131653,16.917007,95.097,39.830508,-0.197045
2018-06-21,70075.0,142392266000.0,96.312,0.0,anual,104.977771,-0.398873,44.792833,16.39551,95.097,35.374593,-0.337738
2018-06-22,70641.0,142392266000.0,96.312,0.0,anual,105.825683,-0.396501,46.054841,16.558913,95.097,36.653646,-0.293499
2018-06-25,70953.0,142392266000.0,96.312,0.0,anual,106.293083,-0.395137,46.588367,16.63981,95.097,37.280416,-0.271548
2018-06-26,71405.0,142392266000.0,96.312,0.0,anual,106.970214,-0.393218,47.736165,16.76403,95.097,38.231469,-0.237894
2018-06-27,70609.0,142392266000.0,96.312,0.0,anual,105.777745,-0.396247,45.921788,16.575923,95.097,36.647173,-0.288646
2018-06-28,71767.0,142392266000.0,96.312,0.0,anual,107.512518,-0.391527,48.576214,16.8503,95.097,39.090909,-0.214375
2018-06-29,72763.0,142392266000.0,96.312,0.0,anual,109.004603,-0.387451,51.004464,17.046993,95.097,41.596366,-0.161114
2018-07-02,72840.0,142392266000.0,96.312,0.0,anual,109.119955,-0.387021,51.199108,17.042248,95.097,41.50454,-0.162344
2018-07-03,73668.0,142392266000.0,96.312,0.0,anual,110.360363,-0.383612,53.455964,17.23379,95.097,43.16267,-0.110461
2018-07-04,74743.0,142392266000.0,96.312,0.0,anual,111.970796,-0.379222,56.211699,17.493131,95.097,45.660622,-0.040228
2018-07-05,74553.0,142392266000.0,96.312,0.0,anual,111.686162,-0.379856,55.734967,17.466315,95.097,45.436893,-0.047475
2018-07-06,75010.0,142392266000.0,96.312,0.0,anual,112.370783,-0.37792,56.872565,17.558924,95.097,46.701164,-0.022377
2018-07-10,74862.0,142392266000.0,96.312,0.0,anual,112.149068,-0.378388,56.562848,17.50265,95.097,45.83064,-0.037616
2018-07-11,74399.0,142392266000.0,96.312,0.0,anual,111.455458,-0.380107,55.53085,17.40968,95.097,44.509044,-0.062802
2018-07-12,75856.0,142392266000.0,96.312,0.0,anual,113.638156,-0.374197,59.777778,17.781138,95.097,48.934797,0.037927
2018-07-13,76594.0,142392266000.0,96.312,0.0,anual,114.743738,-0.371145,62.132149,17.945531,95.097,49.677419,0.082499
2018-07-16,76653.0,142392266000.0,96.312,0.0,anual,114.832124,-0.370793,62.319645,17.946794,95.097,49.709865,0.082815
2018-07-17,78130.0,142392266000.0,96.312,0.0,anual,117.044784,-0.364803,65.002773,18.274156,95.097,52.319588,0.171625
2018-07-18,77363.0,142392266000.0,96.312,0.0,anual,115.895759,-0.367739,63.691796,18.152417,95.097,51.191243,0.138522
2018-07-19,77487.0,142392266000.0,96.312,0.0,anual,116.081521,-0.36713,63.933518,18.161156,95.097,51.351351,0.140849
2018-07-20,78571.0,142392266000.0,96.312,0.0,anual,117.705437,-0.362701,66.002215,18.488285,95.097,54.276527,0.22966
2018-07-23,77996.0,142392266000.0,96.312,0.0,anual,116.844042,-0.364877,64.803542,18.3646,95.097,53.277635,0.195976
2018-07-24,79155.0,142392266000.0,96.312,0.0,anual,118.580314,-0.360148,66.814159,18.640631,95.097,55.491329,0.270932
2018-07-25,80218.0,142392266000.0,96.312,0.0,anual,120.17277,-0.355802,68.822554,18.880742,95.097,57.509628,0.336115
2018-07-26,79405.0,142392266000.0,96.312,0.0,anual,118.954833,-0.35893,67.513812,18.675985,95.097,55.548428,0.280315
2018-07-27,79866.0,142392266000.0,96.312,0.0,anual,119.645447,-0.356981,68.304804,18.789267,95.097,56.346154,0.311033
2018-07-30,80276.0,142392266000.0,96.312,0.0,anual,120.259658,-0.355236,68.874172,18.879454,95.097,57.527226,0.335463
2018-07-31,79220.0,142392266000.0,96.312,0.0,anual,118.677689,-0.359335,67.015996,18.670067,95.097,55.441741,0.278354
2018-08-01,79302.0,142392266000.0,96.312,0.0,anual,118.800531,-0.358897,67.144432,18.680237,95.097,55.534229,0.281027
2018-08-02,79637.0,142392266000.0,96.312,0.0,anual,119.302387,-0.357449,67.933884,18.752355,95.097,56.202046,0.30057
2018-08-03,81435.0,142392266000.0,96.312,0.0,anual,121.99593,-0.350166,69.878855,19.094199,95.097,59.297125,0.393586
2018-08-06,81051.0,142392266000.0,96.312,0.0,anual,121.420668,-0.35159,69.730325,18.99981,95.097,58.556833,0.367722
2018-08-07,80347.0,142392266000.0,96.312,0.0,anual,120.366022,-0.354291,69.031903,18.829835,95.097,56.860243,0.321262
2018-08-08,79152.0,142392266000.0,96.312,0.0,anual,118.575819,-0.358952,66.410115,18.554231,95.097,54.336735,0.246007
2018-08-09,78768.0,142392266000.0,96.312,0.0,anual,118.000558,-0.360374,65.879121,18.485273,95.097,53.792224,0.227117
2018-08-10,76514.0,142392266000.0,96.312,0.0,anual,114.623891,-0.369264,61.285008,17.944461,95.097,49.044586,0.079495
2018-08-13,77496.0,142392266000.0,96.312,0.0,anual,116.095003,-0.365226,63.501647,18.16575,95.097,50.922979,0.139862
2018-08-14,78602.0,142392266000.0,96.312,0.0,anual,117.751877,-0.360693,65.660998,18.378429,95.097,52.989822,0.197877
2018-08-15,77078.0,142392266000.0,96.312,0.0,anual,115.468807,-0.366673,62.609649,18.009479,95.097,49.523204,0.097059
2018-08-16,76819.0,142392266000.0,96.312,0.0,anual,115.080805,-0.367594,62.082192,17.953156,95.097,49.237611,0.081642
2018-08-17,76029.0,142392266000.0,96.312,0.0,anual,113.897324,-0.370639,59.419496,17.757394,95.097,48.0,0.028123
2018-08-20,76328.0,142392266000.0,96.312,0.0,anual,114.345249,-0.369328,60.591133,17.788163,95.097,48.286802,0.036525
2018-08-21,75180.0,142392266000.0,96.312,0.0,anual,112.625456,-0.373805,56.345733,17.498317,95.097,44.958782,-0.04274
2018-08-22,76902.0,142392266000.0,96.312,0.0,anual,115.205145,-0.366799,62.329142,17.92466,95.097,48.922687,0.073886
2018-08-23,75634.0,142392266000.0,96.312,0.0,anual,113.305583,-0.37176,58.032787,17.618323,95.097,46.865104,-0.009952
2018-08-24,76262.0,142392266000.0,96.312,0.0,anual,114.246376,-0.36913,60.349536,17.756222,95.097,47.974684,0.027792
2018-08-27,77930.0,142392266000.0,96.312,0.0,anual,116.745169,-0.362337,64.355895,18.172628,95.097,51.233397,0.141785
2018-08-28,77473.0,142392266000.0,96.312,0.0,anual,116.060548,-0.364055,63.393344,18.058598,95.097,50.063211,0.110511
2018-08-29,78389.0,142392266000.0,96.312,0.0,anual,117.432786,-0.360273,65.21265,18.291582,95.097,52.432091,0.1743
2018-08-30,76404.0,142392266000.0,96.312,0.0,anual,114.459103,-0.368117,60.762943,17.830543,95.097,48.358586,0.047906
2018-08-31,76678.0,142392266000.0,96.312,0.0,anual,114.869576,-0.366905,61.601307,17.916851,95.097,48.832808,0.071549
2018-09-03,76193.0,142392266000.0,96.312,0.0,anual,114.143009,-0.368736,59.88024,17.805984,95.097,48.234552,0.041126
2018-09-04,74712.0,142392266000.0,96.312,0.0,anual,111.924356,-0.374561,54.951034,17.452355,95.097,43.856333,-0.055884
2018-09-05,75092.0,142392266000.0,96.312,0.0,anual,112.493625,-0.37292,55.845568,17.577336,95.097,46.15869,-0.021574
2018-09-06,76416.0,142392266000.0,96.312,0.0,anual,114.47708,-0.367493,60.869565,17.904834,95.097,48.898678,0.068319
2018-09-10,76436.0,142392266000.0,96.312,0.0,anual,114.507041,-0.3673,61.053775,17.912663,95.097,48.930818,0.070447
2018-09-11,74657.0,142392266000.0,96.312,0.0,anual,111.841962,-0.374327,54.668838,17.480307,95.097,44.374607,-0.048316
2018-09-12,75125.0,142392266000.0,96.312,0.0,anual,112.543062,-0.372332,55.832881,17.608727,95.097,46.419598,-0.013021
2018-09-13,74687.0,142392266000.0,96.312,0.0,anual,111.886904,-0.373976,54.772234,17.48323,95.097,44.38167,-0.047504
2018-09-14,75429.0,142392266000.0,96.312,0.0,anual,112.998477,-0.370881,56.802168,17.631791,95.097,46.925972,-0.006651
2018-09-17,76789.0,142392266000.0,96.312,0.0,anual,115.035863,-0.365303,62.080173,17.917859,95.097,49.216301,0.072014
2018-09-18,78314.0,142392266000.0,96.312,0.0,anual,117.320431,-0.359062,65.403357,18.282356,95.097,52.631579,0.172251
2018-09-19,78169.0,142392266000.0,96.312,0.0,anual,117.103209,-0.359536,64.935065,18.232945,95.097,52.097683,0.158601
2018-09-20,78116.0,142392266000.0,96.312,0.0,anual,117.023811,-0.359639,64.845863,18.231378,95.097,52.065081,0.158118
2018-09-21,79444.0,142392266000.0,96.312,0.0,anual,119.013258,-0.354189,67.891892,18.544853,95.097,55.034396,0.24437
2018-09-24,77984.0,142392266000.0,96.312,0.0,anual,116.826065,-0.359954,64.559697,18.194333,95.097,51.75,0.14776
2018-09-25,78630.0,142392266000.0,96.312,0.0,anual,117.793823,-0.357245,66.144708,18.333521,95.097,53.466583,0.186056
2018-09-26,78656.0,142392266000.0,96.312,0.0,anual,117.832773,-0.357032,66.216945,18.325775,95.097,53.308365,0.183861
2018-09-27,80000.0,142392266000.0,96.312,0.0,anual,119.846189,-0.351513,68.985976,18.633325,95.097,56.019963,0.268574
2018-09-28,79342.0,142392266000.0,96.312,0.0,anual,118.860454,-0.354056,67.601078,18.501741,95.097,54.800499,0.232205
2018-10-01,78624.0,142392266000.0,96.312,0.0,anual,117.784835,-0.35684,66.002155,18.336517,95.097,53.457944,0.18656
2018-10-02,81612.0,142392266000.0,96.312,0.0,anual,122.26109,-0.344696,70.597738,19.05028,95.097,60.087173,0.383408
2018-10-03,83273.0,142392266000.0,96.312,0.0,anual,124.749396,-0.3379,72.066738,19.476907,95.097,64.281269,0.500985
2018-10-04,82953.0,142392266000.0,96.312,0.0,anual,124.270012,-0.339089,71.597633,19.448202,95.097,63.681592,0.492869
2018-10-05,82322.0,142392266000.0,96.312,0.0,anual,123.324725,-0.341531,70.967742,19.309944,95.097,61.901802,0.454514
2018-10-08,86084.0,142392266000.0,96.312,0.0,anual,128.960492,-0.32626,75.980656,20.257862,95.097,75.217391,0.716042
2018-10-09,86088.0,142392266000.0,96.312,0.0,anual,128.966484,-0.326147,76.047261,20.26555,95.097,75.356921,0.717828
2018-10-10,83679.0,142392266000.0,96.312,0.0,anual,125.357616,-0.335768,72.678476,19.681851,95.097,68.052109,0.556305
2018-10-11,82921.0,142392266000.0,96.312,0.0,anual,124.222073,-0.338726,71.459227,19.519805,95.097,64.972102,0.511316
2018-10-15,83360.0,142392266000.0,96.312,0.0,anual,124.879729,-0.336853,72.225201,19.693332,95.097,68.339529,0.559062
2018-10-16,85718.0,142392266000.0,96.312,0.0,anual,128.412195,-0.327234,75.562701,20.243936,95.097,75.04644,0.710982
2018-10-17,85764.0,142392266000.0,96.312,0.0,anual,128.481107,-0.326952,75.629352,20.252754,95.097,75.061881,0.713088
2018-10-18,83847.0,142392266000.0,96.312,0.0,anual,125.609293,-0.334597,72.698073,19.786705,95.097,69.820656,0.583935
2018-10-19,84220.0,142392266000.0,96.312,0.0,anual,126.168076,-0.33299,72.873194,19.903007,95.097,71.322621,0.615849
2018-10-22,85597.0,142392266000.0,96.312,0.0,anual,128.230928,-0.327328,75.187166,20.246816,95.097,75.046325,0.710654
2018-10-23,85300.0,142392266000.0,96.312,0.0,anual,127.785999,-0.328431,74.719401,20.159415,95.097,74.197531,0.686154
2018-10-24,83064.0,142392266000.0,96.312,0.0,anual,124.436298,-0.337373,71.42094,19.612124,95.097,66.193708,0.534453
2018-10-25,84084.0,142392266000.0,96.312,0.0,anual,125.964337,-0.333149,72.664175,19.873087,95.097,70.653514,0.606447
2018-10-26,85720.0,142392266000.0,96.312,0.0,anual,128.415192,-0.326433,75.613661,20.269559,95.097,75.662354,0.715902
2018-10-29,83797.0,142392266000.0,96.312,0.0,anual,125.534389,-0.334116,72.426667,19.788771,95.097,69.642857,0.582505
2018-10-30,86886.0,142392266000.0,96.312,0.0,anual,130.16195,-0.321518,77.078891,20.457896,95.097,77.353846,0.767485
2018-10-31,87424.0,142392266000.0,96.312,0.0,anual,130.967915,-0.319246,77.836974,20.591156,95.097,78.720787,0.803997
2018-11-01,88419.0,142392266000.0,96.312,0.0,anual,132.458502,-0.315124,78.434505,20.834863,95.097,82.114321,0.871051
2018-11-05,89598.0,142392266000.0,96.312,0.0,anual,134.224736,-0.310258,80.255455,21.130691,95.097,84.95086,0.952466
2018-11-06,88669.0,142392266000.0,96.312,0.0,anual,132.833022,-0.31393,78.56383,20.921897,95.097,82.381829,0.894114
2018-11-07,87714.0,142392266000.0,96.312,0.0,anual,131.402358,-0.317708,77.884104,20.700628,95.097,80.184049,0.832363
2018-11-08,85620.0,142392266000.0,96.312,0.0,anual,128.265384,-0.3261,75.026567,20.239028,95.097,74.555487,0.704108
2018-11-09,85641.0,142392266000.0,96.312,0.0,anual,128.296843,-0.325919,75.092937,20.304737,95.097,75.735294,0.721985
2018-11-12,85525.0,142392266000.0,96.312,0.0,anual,128.123067,-0.326294,74.681529,20.276998,95.097,75.443968,0.713965
2018-11-13,84914.0,142392266000.0,96.312,0.0,anual,127.207741,-0.328676,73.474801,20.168662,95.097,73.867809,0.683619
2018-11-14,85973.0,142392266000.0,96.312,0.0,anual,128.794205,-0.324284,75.821845,20.36402,95.097,76.391437,0.737447
2018-11-16,88515.0,142392266000.0,96.312,0.0,anual,132.602318,-0.313876,78.484367,20.974984,95.097,82.94621,0.906398
2018-11-19,87901.0,142392266000.0,96.312,0.0,anual,131.682498,-0.316276,78.019068,20.862647,95.097,82.22358,0.874767
2018-11-21,87269.0,142392266000.0,96.312,0.0,anual,130.735713,-0.31875,77.395447,20.686793,95.097,79.97558,0.825562
2018-11-22,87477.0,142392266000.0,96.312,0.0,anual,131.047314,-0.317812,77.724868,20.712765,95.097,80.353874,0.832337
2018-11-23,86230.0,142392266000.0,96.312,0.0,anual,129.179211,-0.322784,76.097303,20.419456,95.097,76.707317,0.750602
2018-11-26,85547.0,142392266000.0,96.312,0.0,anual,128.156024,-0.325464,74.524313,20.258911,95.097,74.710542,0.705731
2018-11-27,87891.0,142392266000.0,96.312,0.0,anual,131.667518,-0.315845,78.0243,20.80508,95.097,81.668697,0.856854
2018-11-28,89251.0,142392266000.0,96.312,0.0,anual,133.704903,-0.310227,79.619852,21.117882,95.097,84.844796,0.943128
2018-11-29,89710.0,142392266000.0,96.312,0.0,anual,134.39252,-0.308272,80.527704,21.215964,95.097,85.827251,0.969779
2018-11-30,89504.0,142392266000.0,96.312,0.0,anual,134.083916,-0.30902,80.063291,21.138839,95.097,85.167173,0.947824
2018-12-03,89820.0,142392266000.0,96.312,0.0,anual,134.557309,-0.307646,80.706378,21.223374,95.097,86.026731,0.970716
2018-12-04,88624.0,142392266000.0,96.312,0.0,anual,132.765608,-0.312422,78.451001,20.96573,95.097,82.635094,0.898707
2018-12-05,89040.0,142392266000.0,96.312,0.0,anual,133.388808,-0.310639,78.988942,21.058956,95.097,84.041262,0.924065
2018-12-06,88846.0,142392266000.0,96.312,0.0,anual,133.098181,-0.311339,78.789474,21.009138,95.097,83.141298,0.909731
2018-12-07,88115.0,142392266000.0,96.312,0.0,anual,132.003087,-0.314225,77.906365,20.860931,95.097,81.878788,0.868124
2018-12-10,85915.0,142392266000.0,96.312,0.0,anual,128.707317,-0.323092,75.184017,20.371365,95.097,75.832829,0.731861
2018-12-11,86420.0,142392266000.0,96.312,0.0,anual,129.463846,-0.320941,75.932738,20.521406,95.097,77.179177,0.77315
2018-12-12,86977.0,142392266000.0,96.312,0.0,anual,130.298275,-0.31858,76.57563,20.607558,95.097,78.221416,0.796682
2018-12-13,87838.0,142392266000.0,96.312,0.0,anual,131.588119,-0.314979,77.690289,20.783031,95.097,80.834341,0.84498
2018-12-14,87450.0,142392266000.0,96.312,0.0,anual,131.006865,-0.31647,77.282267,20.684729,95.097,79.39577,0.817262
2018-12-17,86400.0,142392266000.0,96.312,0.0,anual,129.433884,-0.320659,75.773466,20.44244,95.097,76.328502,0.749602
2018-12-18,86610.0,142392266000.0,96.312,0.0,anual,129.74848,-0.31971,76.100629,20.510887,95.097,76.946288,0.76825
2018-12-19,85674.0,142392266000.0,96.312,0.0,anual,128.34628,-0.323435,74.279728,20.292004,95.097,74.607961,0.70711
2018-12-20,85269.0,142392266000.0,96.312,0.0,anual,127.739559,-0.324993,73.350785,20.188825,95.097,73.116335,0.678138
2018-12-21,85697.0,142392266000.0,96.312,0.0,anual,128.380736,-0.323153,74.358974,20.282697,95.097,74.578313,0.703912
2018-12-26,85136.0,142392266000.0,96.312,0.0,anual,127.540314,-0.325349,72.90795,20.118961,95.097,72.18543,0.658111
2018-12-27,85460.0,142392266000.0,96.312,0.0,anual,128.025691,-0.323933,73.549399,20.237332,95.097,73.285199,0.690716
2018-12-28,87887.0,142392266000.0,96.312,0.0,anual,131.661525,-0.31393,77.795193,20.799469,95.097,81.298857,0.846601
2019-01-02,91012.0,142392266000.0,96.312,0.0,anual,136.343017,-0.301077,82.193211,21.473801,95.097,88.341346,1.033496
2019-01-03,91564.0,142392266000.0,96.312,0.0,anual,137.169956,-0.298737,82.620042,21.796641,95.097,89.90991,1.122516
2019-01-04,91841.0,142392266000.0,96.312,0.0,anual,137.584923,-0.29752,82.681273,21.876808,95.097,90.156062,1.144016
2019-01-07,91699.0,142392266000.0,96.312,0.0,anual,137.372196,-0.298016,82.586027,21.798456,95.097,89.862028,1.121469
2019-01-08,92032.0,142392266000.0,96.312,0.0,anual,137.871056,-0.29657,82.803544,21.866898,95.097,90.047962,1.139712
2019-01-09,93613.0,142392266000.0,96.312,0.0,anual,140.239516,-0.290021,83.541667,22.232333,95.097,90.952666,1.240362
2019-01-10,93806.0,142392266000.0,96.312,0.0,anual,140.528645,-0.28915,83.654347,22.275016,95.097,90.958084,1.251264
2019-01-11,93658.0,142392266000.0,96.312,0.0,anual,140.30693,-0.289674,83.558793,22.242651,95.097,90.903651,1.241324
2019-01-14,94474.0,142392266000.0,96.312,0.0,anual,141.529361,-0.286254,83.723349,22.425482,95.097,91.507177,1.291097
2019-01-15,94056.0,142392266000.0,96.312,0.0,anual,140.903165,-0.287884,83.679834,22.310833,95.097,91.153616,1.258273
2019-01-16,94393.0,142392266000.0,96.312,0.0,anual,141.408017,-0.286423,83.688312,22.416493,95.097,91.457587,1.2866
2019-01-17,95351.0,142392266000.0,96.312,0.0,anual,142.843175,-0.28242,84.215992,22.645916,95.097,92.298507,1.349176
2019-01-18,96097.0,142392266000.0,96.312,0.0,anual,143.96074,-0.279286,84.535547,22.828733,95.097,92.840095,1.398699
2019-01-21,96010.0,142392266000.0,96.312,0.0,anual,143.830408,-0.279564,84.491701,22.850648,95.097,92.844365,1.403537
2019-01-22,95103.0,142392266000.0,96.312,0.0,anual,142.471652,-0.283203,83.929497,22.657759,95.097,92.252682,1.348879
2019-01-23,96558.0,142392266000.0,96.312,0.0,anual,144.651354,-0.27716,84.818653,22.97844,95.097,93.329363,1.436528
2019-01-24,97677.0,142392266000.0,96.312,0.0,anual,146.327703,-0.272495,84.878301,23.2477,95.097,94.166667,1.509726
2019-01-28,95444.0,142392266000.0,96.312,0.0,anual,142.982496,-0.281576,84.109731,22.677442,95.097,92.20702,1.350501
2019-01-29,95639.0,142392266000.0,96.312,0.0,anual,143.274621,-0.280698,84.221417,22.791212,95.097,92.627824,1.380838
2019-01-30,96996.0,142392266000.0,96.312,0.0,anual,145.307512,-0.275052,84.798345,23.124998,95.097,93.761141,1.471937
2019-01-31,97394.0,142392266000.0,96.312,0.0,anual,145.903747,-0.273342,84.857881,23.192798,95.097,93.824228,1.489291
2019-02-01,97861.0,142392266000.0,96.312,0.0,anual,146.603349,-0.27135,84.969008,23.317753,95.097,94.302671,1.522388
2019-02-04,98589.0,142392266000.0,96.312,0.0,anual,147.693949,-0.268286,85.338152,23.450484,95.097,94.780546,1.557539
2019-02-05,98311.0,142392266000.0,96.312,0.0,anual,147.277484,-0.269353,85.087719,23.34984,95.097,94.427979,1.528182
2019-02-06,94636.0,142392266000.0,96.312,0.0,anual,141.772049,-0.284374,83.290356,22.505102,95.097,91.054502,1.293546
2019-02-07,94406.0,142392266000.0,96.312,0.0,anual,141.427492,-0.28524,83.092784,22.434399,95.097,90.763766,1.273008
2019-02-08,95343.0,142392266000.0,96.312,0.0,anual,142.83119,-0.28131,83.719732,22.701266,95.097,92.011834,1.34566
2019-02-11,94413.0,142392266000.0,96.312,0.0,anual,141.437978,-0.285054,83.058702,22.452504,95.097,90.833826,1.275916
2019-02-12,96168.0,142392266000.0,96.312,0.0,anual,144.067104,-0.277759,84.354092,22.847151,95.097,92.434988,1.383773
2019-02-13,95842.0,142392266000.0,96.312,0.0,anual,143.578731,-0.279023,84.104938,22.835595,95.097,92.38039,1.379396
2019-02-14,98015.0,142392266000.0,96.312,0.0,anual,146.834053,-0.270007,84.987147,23.317894,95.097,94.214876,1.511128
2019-02-15,97526.0,142392266000.0,96.312,0.0,anual,146.101493,-0.271945,84.737924,23.195423,95.097,93.628319,1.475932
2019-02-18,96510.0,142392266000.0,96.312,0.0,anual,144.579446,-0.276051,84.437596,22.94972,95.097,92.806604,1.406886
2019-02-19,97659.0,142392266000.0,96.312,0.0,anual,146.300737,-0.271245,84.753593,23.217444,95.097,93.81261,1.479358
2019-02-20,96545.0,142392266000.0,96.312,0.0,anual,144.631879,-0.275757,84.402258,22.955797,95.097,92.756184,1.405962
2019-02-21,96932.0,142392266000.0,96.312,0.0,anual,145.211635,-0.274087,84.512821,23.116316,95.097,93.349029,1.448896
2019-02-22,97886.0,142392266000.0,96.312,0.0,anual,146.640801,-0.270082,84.930805,23.189897,95.097,93.470588,1.467813
2019-02-25,97240.0,142392266000.0,96.312,0.0,anual,145.673043,-0.27267,84.579918,23.073884,95.097,93.062904,1.434556
2019-02-26,97603.0,142392266000.0,96.312,0.0,anual,146.216845,-0.271099,84.69022,23.162856,95.097,93.419506,1.457723
2019-02-27,97307.0,142392266000.0,96.312,0.0,anual,145.773414,-0.272244,84.544524,23.182101,95.097,93.423371,1.461674
2019-02-28,95584.0,142392266000.0,96.312,0.0,anual,143.192227,-0.279274,83.375959,22.762633,95.097,91.607981,1.345099
2019-03-01,94604.0,142392266000.0,96.312,0.0,anual,141.724111,-0.283239,82.566462,22.489412,95.097,90.26393,1.268936
2019-03-06,94217.0,142392266000.0,96.312,0.0,anual,141.144355,-0.284757,82.319877,22.436717,95.097,89.976553,1.253491
2019-03-07,94340.0,142392266000.0,96.312,0.0,anual,141.328618,-0.284171,82.328907,22.41145,95.097,89.630931,1.245608
2019-03-08,95365.0,142392266000.0,96.312,0.0,anual,142.864148,-0.279862,83.256764,22.653308,95.097,90.983607,1.311088
2019-03-11,98027.0,142392266000.0,96.312,0.0,anual,146.85203,-0.268796,85.102041,23.262234,95.097,94.031597,1.477167
2019-03-12,97828.0,142392266000.0,96.312,0.0,anual,146.553912,-0.269544,84.854666,23.254733,95.097,93.976608,1.473735
2019-03-13,98904.0,142392266000.0,96.312,0.0,anual,148.165844,-0.265027,85.626911,23.476665,95.097,94.9737,1.533221
2019-03-14,98605.0,142392266000.0,96.312,0.0,anual,147.717918,-0.26619,85.481406,23.379281,95.097,94.567757,1.505032
2019-03-15,99137.0,142392266000.0,96.312,0.0,anual,148.514896,-0.263919,85.794297,23.503609,95.097,95.037945,1.53766
2019-03-18,99994.0,142392266000.0,96.312,0.0,anual,149.798748,-0.260305,86.259542,23.650433,95.097,95.507585,1.576357
2019-03-19,99588.0,142392266000.0,96.312,0.0,anual,149.190528,-0.261913,86.012208,23.591842,95.097,95.16035,1.55872
2019-03-20,98041.0,142392266000.0,96.312,0.0,anual,146.873003,-0.268239,84.900864,23.209447,95.097,93.356643,1.452527
2019-03-21,96729.0,142392266000.0,96.312,0.0,anual,144.907525,-0.273592,83.993902,22.935203,95.097,91.904485,1.376176
2019-03-22,93735.0,142392266000.0,96.312,0.0,anual,140.422282,-0.285903,81.615033,22.236756,95.097,88.416764,1.183904
2019-03-25,93662.0,142392266000.0,96.312,0.0,anual,140.312922,-0.286127,81.573604,22.245323,95.097,88.481675,1.185422
2019-03-26,95307.0,142392266000.0,96.312,0.0,anual,142.777259,-0.27924,82.749873,22.683477,95.097,90.755814,1.304465
2019-03-27,91903.0,142392266000.0,96.312,0.0,anual,137.677804,-0.293255,80.476673,21.87692,95.097,87.449157,1.082803
2019-03-28,94389.0,142392266000.0,96.312,0.0,anual,141.402024,-0.282881,81.905727,22.450921,95.097,89.488966,1.239145
2019-03-29,95415.0,142392266000.0,96.312,0.0,anual,142.939052,-0.278554,82.978723,22.715014,95.097,90.887986,1.31045
2019-04-01,96054.0,142392266000.0,96.312,0.0,anual,143.896323,-0.275831,83.493671,22.874983,95.097,91.705336,1.353147
2019-04-02,95387.0,226229620937.0,97.963,0.0,anual,89.94155,-0.424989,20.445344,14.046514,95.097,21.333333,-1.063405
2019-04-03,94491.0,226229620937.0,97.963,0.0,anual,89.0967,-0.427199,19.979767,13.938565,95.097,21.263036,-1.092266
2019-04-04,96313.0,226229620937.0,97.963,0.0,anual,90.814686,-0.422318,21.132457,14.170445,95.097,22.003474,-1.028171
2019-04-05,97108.0,226229620937.0,97.963,0.0,anual,91.564301,-0.420117,21.980798,14.261061,95.097,22.858796,-1.002781
2019-04-08,97369.0,226229620937.0,97.963,0.0,anual,91.810401,-0.419311,22.121212,14.281933,95.097,23.192597,-0.996492
2019-04-09,96292.0,226229620937.0,97.963,0.0,anual,90.794885,-0.421999,21.100454,14.103032,95.097,21.560694,-1.044837
2019-04-10,95953.0,226229620937.0,97.963,0.0,anual,90.475238,-0.422758,20.938446,14.075096,95.097,21.432698,-1.051844
2019-04-11,94755.0,226229620937.0,97.963,0.0,anual,89.345629,-0.425762,20.0706,13.891463,95.097,20.95843,-1.101409
2019-04-12,92875.0,226229620937.0,97.963,0.0,anual,87.572955,-0.430546,19.254032,13.596504,95.097,20.023081,-1.181332
2019-04-15,93083.0,226229620937.0,97.963,0.0,anual,87.76908,-0.429874,19.345088,13.640953,95.097,20.242215,-1.168369
2019-04-16,94333.0,226229620937.0,97.963,0.0,anual,88.94772,-0.426479,19.78852,13.78731,95.097,20.806916,-1.127576
2019-04-17,93285.0,226229620937.0,97.963,0.0,anual,87.959548,-0.429092,19.476598,13.63151,95.097,20.16129,-1.169413
2019-04-18,94578.0,226229620937.0,97.963,0.0,anual,89.178734,-0.425583,20.120724,13.559211,94.865,19.861831,-1.188369
2019-04-22,94588.0,226229620937.0,97.963,0.0,anual,89.188163,-0.425431,20.211161,13.552658,94.865,19.850403,-1.189335
2019-04-23,95923.0,226229620937.0,97.963,0.0,anual,90.44695,-0.421813,21.155779,13.751833,94.865,20.816561,-1.134103
2019-04-24,95045.0,226229620937.0,97.963,0.0,anual,89.619074,-0.423985,20.492215,13.630816,94.865,20.229885,-1.166413
2019-04-25,96552.0,226229620937.0,97.963,0.0,anual,91.040042,-0.419917,21.787149,13.808441,94.865,21.137277,-1.117109
2019-04-26,96236.0,226229620937.0,97.963,0.0,anual,90.742082,-0.42062,21.475163,13.798326,94.865,21.125144,-1.119152
2019-04-29,96188.0,226229620937.0,97.963,0.0,anual,90.696822,-0.420621,21.414243,13.791182,94.865,21.055651,-1.120379
2019-04-30,96353.0,226229620937.0,97.963,0.0,anual,90.852403,-0.420065,21.654135,13.825035,94.865,21.272936,-1.110411
2019-05-02,95528.0,226229620937.0,97.963,0.0,anual,90.0745,-0.422102,20.891784,14.024549,95.097,21.891117,-1.055218
2019-05-03,96008.0,226229620937.0,97.963,0.0,anual,90.527098,-0.42072,21.382073,14.058435,95.097,21.993127,-1.045326
2019-05-06,95009.0,226229620937.0,97.963,0.0,anual,89.585129,-0.423213,20.42042,13.933576,95.097,21.694333,-1.078795
2019-05-07,94389.0,226229620937.0,97.963,0.0,anual,89.000523,-0.424713,19.85993,13.883383,95.097,21.453089,-1.091833
2019-05-08,95597.0,226229620937.0,97.963,0.0,anual,90.139561,-0.421422,21.15,14.068178,95.097,22.184105,-1.040693
2019-05-09,94808.0,226229620937.0,97.963,0.0,anual,89.395603,-0.423366,20.289855,13.950564,95.097,21.885714,-1.072187
2019-05-10,94258.0,226229620937.0,97.963,0.0,anual,88.877002,-0.424684,19.58042,13.904816,95.097,21.587664,-1.084019
2019-05-13,91727.0,226229620937.0,97.963,0.0,anual,86.490491,-0.431196,18.622067,13.531078,95.097,19.577626,-1.185366
2019-05-14,92092.0,226229620937.0,97.963,0.0,anual,86.834654,-0.430111,18.812375,13.581387,95.097,19.908728,-1.170823
2019-05-15,91623.0,226229620937.0,97.963,0.0,anual,86.392429,-0.431214,18.603491,13.501677,95.097,19.441277,-1.191784
2019-05-16,90024.0,226229620937.0,97.963,0.0,anual,84.884712,-0.435283,17.896311,13.250612,95.097,17.492877,-1.259461
2019-05-17,89993.0,226229620937.0,97.963,0.0,anual,84.855482,-0.435235,17.887394,13.235763,95.097,17.482916,-1.262584
2019-05-20,91946.0,226229620937.0,97.963,0.0,anual,86.696989,-0.42998,18.924303,13.52585,95.097,19.692658,-1.182534
2019-05-21,94485.0,226229620937.0,97.963,0.0,anual,89.091043,-0.423186,20.258835,13.936124,95.097,22.070535,-1.06982
2019-05-22,94361.0,226229620937.0,97.963,0.0,anual,88.974122,-0.423388,20.049751,13.93289,95.097,22.001137,-1.07005
2019-05-23,93910.0,226229620937.0,97.963,0.0,anual,88.548868,-0.424448,19.691696,13.851521,95.097,21.534091,-1.091593
2019-05-24,93628.0,226229620937.0,97.963,0.0,anual,88.282967,-0.425065,19.632207,13.814097,95.097,21.408291,-1.101121
2019-05-27,94864.0,226229620937.0,97.963,0.0,anual,89.448407,-0.421692,20.814704,14.031313,95.097,22.531215,-1.041187
2019-05-28,96393.0,226229620937.0,97.963,0.0,anual,90.890119,-0.41755,22.4429,14.242715,95.097,24.163358,-0.98291
2019-05-29,96567.0,226229620937.0,97.963,0.0,anual,91.054186,-0.416971,22.679901,14.320679,95.097,24.886621,-0.961095
2019-05-30,97457.0,226229620937.0,97.963,0.0,anual,91.893377,-0.41451,23.561508,14.423868,95.097,25.382436,-0.932421
2019-05-31,97030.0,226229620937.0,97.963,0.0,anual,91.490754,-0.415512,23.153198,14.400943,95.097,25.254813,-0.938182
2019-06-03,97020.0,226229620937.0,97.963,0.0,anual,91.481325,-0.415418,23.141724,14.401882,95.097,25.297114,-0.937427
2019-06-04,97380.0,226229620937.0,97.963,0.0,anual,91.820773,-0.41435,23.576028,14.470404,95.097,25.678733,-0.918234
2019-06-05,95999.0,226229620937.0,97.963,0.0,anual,90.518612,-0.417864,21.930693,14.283231,95.097,24.646693,-0.968824
2019-06-06,97205.0,226229620937.0,97.963,0.0,anual,91.655764,-0.414568,23.453736,14.467199,95.097,25.706215,-0.918099
2019-06-07,97821.0,226229620937.0,97.963,0.0,anual,92.236597,-0.412827,24.233432,14.553604,95.097,26.030491,-0.894044
2019-06-10,97467.0,226229620937.0,97.963,0.0,anual,91.902807,-0.413639,23.776569,14.473562,95.097,25.846501,-0.915433
2019-06-11,98960.0,226229620937.0,97.963,0.0,anual,93.310574,-0.409588,25.494071,14.723477,95.097,27.12916,-0.846753
2019-06-12,98321.0,226229620937.0,97.963,0.0,anual,92.708053,-0.411153,24.740741,14.603541,95.097,26.550169,-0.879079
2019-06-13,98774.0,226229620937.0,97.963,0.0,anual,93.135193,-0.409841,25.468904,14.666433,95.097,26.816901,-0.861473
2019-06-14,98040.0,226229620937.0,97.963,0.0,anual,92.443095,-0.411657,24.518994,14.565274,95.097,26.182432,-0.888665
2019-06-17,97623.0,226229620937.0,97.963,0.0,anual,92.049901,-0.412637,23.964497,14.484573,95.097,25.886325,-0.910247
2019-06-18,99404.0,226229620937.0,97.963,0.0,anual,93.729227,-0.407823,26.071957,14.730009,95.097,27.334083,-0.842774
2019-06-19,100303.0,226229620937.0,97.963,0.0,anual,94.576905,-0.405335,27.438424,14.893144,95.097,28.442945,-0.797826
2019-06-21,102013.0,226229620937.0,97.963,0.0,anual,96.189285,-0.400709,29.591334,15.082634,95.097,29.269663,-0.74571
2019-06-24,102062.0,226229620937.0,97.963,0.0,anual,96.235487,-0.400465,29.724409,15.082126,95.097,29.253229,-0.745524
2019-06-25,100093.0,226229620937.0,97.963,0.0,anual,94.378894,-0.405546,27.053615,14.782049,95.097,27.665544,-0.827166
2019-06-26,100689.0,226229620937.0,97.963,0.0,anual,94.940869,-0.403857,27.974435,14.89282,95.097,28.435222,-0.796516
2019-06-27,100724.0,226229620937.0,97.963,0.0,anual,94.973871,-0.40365,28.058968,14.904409,95.097,28.53139,-0.792985
2019-06-28,100967.0,226229620937.0,97.963,0.0,anual,95.202999,-0.402893,28.388998,14.972335,95.097,28.739496,-0.774064
2019-07-01,101340.0,226229620937.0,97.963,0.0,anual,95.554705,-0.401793,28.865979,15.015553,95.097,29.059351,-0.761906
2019-07-02,100605.0,226229620937.0,97.963,0.0,anual,94.861664,-0.40362,27.723258,14.863809,95.097,28.147734,-0.803042
2019-07-03,102043.0,226229620937.0,97.963,0.0,anual,96.217572,-0.399706,29.916626,15.067284,95.097,29.474273,-0.747056
2019-07-04,103636.0,226229620937.0,97.963,0.0,anual,97.719631,-0.395383,31.519608,15.296294,95.097,30.519843,-0.684123
2019-07-05,104089.0,226229620937.0,97.963,0.0,anual,98.14677,-0.394073,32.141107,15.35522,95.097,30.726257,-0.667729
2019-07-08,104530.0,226229620937.0,97.963,0.0,anual,98.562594,-0.392796,32.957884,15.435657,95.097,31.044109,-0.645461
2019-07-10,105817.0,226229620937.0,97.963,0.0,anual,99.776122,-0.389282,35.584924,15.627384,95.097,31.808036,-0.592761
2019-07-11,105146.0,226229620937.0,97.963,0.0,anual,99.143428,-0.390947,34.050881,15.585651,95.097,31.622978,-0.603955
2019-07-12,103906.0,226229620937.0,97.963,0.0,anual,97.974217,-0.394117,31.882641,15.426162,95.097,30.992196,-0.647368
2019-07-15,103803.0,226229620937.0,97.963,0.0,anual,97.877097,-0.394278,31.72043,15.370339,95.097,30.752089,-0.66239
2019-07-16,103775.0,226229620937.0,97.963,0.0,anual,97.850696,-0.394241,31.704934,15.412776,95.097,30.957684,-0.650509
2019-07-17,103856.0,226229620937.0,97.963,0.0,anual,97.927071,-0.393915,31.884766,15.469631,95.097,31.274346,-0.634686
2019-07-18,104717.0,226229620937.0,97.963,0.0,anual,98.738919,-0.391525,33.333333,15.611524,95.097,31.979978,-0.595586
2019-07-19,103452.0,226229620937.0,97.963,0.0,anual,97.546135,-0.394765,31.073171,15.411281,95.097,30.906059,-0.650201
2019-07-22,103949.0,226229620937.0,97.963,0.0,anual,98.014762,-0.393337,32.081911,15.439894,95.097,31.166667,-0.642107
2019-07-23,103704.0,226229620937.0,97.963,0.0,anual,97.783749,-0.393876,31.578947,15.394846,95.097,30.871738,-0.654196
2019-07-24,104120.0,226229620937.0,97.963,0.0,anual,98.176,-0.392662,32.342913,15.430489,95.097,31.132075,-0.644171
2019-07-25,102655.0,226229620937.0,97.963,0.0,anual,96.794634,-0.396435,30.525803,15.204342,95.097,29.783694,-0.70589
2019-07-26,102819.0,226229620937.0,97.963,0.0,anual,96.949272,-0.395888,30.656934,15.245581,95.097,30.155211,-0.694295
2019-07-29,103483.0,226229620937.0,97.963,0.0,anual,97.575365,-0.394017,31.128405,15.329018,95.097,30.581717,-0.671139
2019-07-30,102933.0,226229620937.0,97.963,0.0,anual,97.056764,-0.395364,30.77297,15.288381,95.097,30.3433,-0.68201
2019-07-31,101812.0,226229620937.0,97.963,0.0,anual,95.999759,-0.398227,29.20311,15.163821,95.097,29.607084,-0.715886
2019-08-01,102126.0,226229620937.0,97.963,0.0,anual,96.295834,-0.397282,29.771734,15.260114,95.097,30.254425,-0.689181
2019-08-02,102674.0,226229620937.0,97.963,0.0,anual,96.812549,-0.395716,30.582524,15.337975,95.097,30.735213,-0.667546
2019-08-05,100098.0,226229620937.0,97.963,0.0,anual,94.383608,-0.402442,26.734595,14.965583,95.097,28.39779,-0.769425
2019-08-06,102164.0,226229620937.0,97.963,0.0,anual,96.331664,-0.396844,29.873909,15.26484,95.097,30.369961,-0.686993
2019-08-07,102782.0,226229620937.0,97.963,0.0,anual,96.914384,-0.395092,30.683471,15.352427,95.097,30.84989,-0.662682
2019-08-08,104115.0,226229620937.0,97.963,0.0,anual,98.171286,-0.391441,32.655039,15.586543,95.097,32.322118,-0.59817
2019-08-09,103996.0,226229620937.0,97.963,0.0,anual,98.059079,-0.391648,32.493947,15.528948,95.097,32.028666,-0.613755
2019-08-12,101915.0,226229620937.0,97.963,0.0,anual,96.096879,-0.397067,29.380445,15.194156,95.097,29.69697,-0.705431
2019-08-13,103299.0,226229620937.0,97.963,0.0,anual,97.401869,-0.393279,31.156265,15.411647,95.097,31.332599,-0.645426
2019-08-14,100258.0,226229620937.0,97.963,0.0,anual,94.534474,-0.401251,26.934236,14.960412,95.097,28.233352,-0.76908
2019-08-15,99057.0,226229620937.0,97.963,0.0,anual,93.402037,-0.404331,25.22958,14.762794,95.097,26.952695,-0.823007
2019-08-16,99806.0,226229620937.0,97.963,0.0,anual,94.108278,-0.402226,26.183575,14.850961,95.097,27.707532,-0.798416
2019-08-19,99469.0,226229620937.0,97.963,0.0,anual,93.790516,-0.40301,25.688073,14.802066,95.097,27.307692,-0.811486
2019-08-20,99222.0,226229620937.0,97.963,0.0,anual,93.557617,-0.403554,25.3861,14.756154,95.097,26.908292,-0.823726
2019-08-21,101202.0,226229620937.0,97.963,0.0,anual,95.424583,-0.398173,28.509407,15.101842,95.097,29.527991,-0.728386
2019-08-22,100011.0,226229620937.0,97.963,0.0,anual,94.301575,-0.401231,26.615236,14.956104,95.097,28.359846,-0.768122
2019-08-23,97667.0,226229620937.0,97.963,0.0,anual,92.091389,-0.407357,23.566265,14.589861,95.097,25.822368,-0.868413
2019-08-26,96430.0,226229620937.0,97.963,0.0,anual,90.925007,-0.410536,21.868979,14.37581,95.097,24.383562,-0.926804
2019-08-27,97276.0,226229620937.0,97.963,0.0,anual,91.72271,-0.408168,22.91767,14.505776,95.097,25.410734,-0.890625
2019-08-28,98194.0,226229620937.0,97.963,0.0,anual,92.588304,-0.405609,24.302214,14.65165,95.097,26.272578,-0.850105
2019-08-29,100524.0,226229620937.0,97.963,0.0,anual,94.785289,-0.399289,27.609428,14.997283,95.097,28.884026,-0.754716
2019-08-30,101135.0,226229620937.0,97.963,0.0,anual,95.361408,-0.39755,28.605769,15.120235,95.097,29.852378,-0.720595
2019-09-02,100626.0,226229620937.0,97.963,0.0,anual,94.881466,-0.398795,27.823162,15.073281,95.097,29.508197,-0.733205
2019-09-03,99681.0,226229620937.0,97.963,0.0,anual,93.990414,-0.401203,26.272815,14.91462,95.097,28.399782,-0.77652
2019-09-04,101201.0,226229620937.0,97.963,0.0,anual,95.42364,-0.397039,28.804609,15.109585,95.097,29.858079,-0.72257
2019-09-05,102243.0,226229620937.0,97.963,0.0,anual,96.406154,-0.394151,30.566219,15.255371,95.097,30.769231,-0.682175
2019-09-06,102935.0,226229620937.0,97.963,0.0,anual,97.058649,-0.392196,31.558753,15.347317,95.097,31.461287,-0.65661
2019-09-09,103181.0,226229620937.0,97.963,0.0,anual,97.290606,-0.391431,31.68744,15.379189,95.097,31.771117,-0.647585
2019-09-10,103032.0,226229620937.0,97.963,0.0,anual,97.150112,-0.391721,31.576425,15.353524,95.097,31.535948,-0.654397
2019-09-11,103446.0,226229620937.0,97.963,0.0,anual,97.540478,-0.390508,31.992337,15.460541,95.097,32.498639,-0.62469
2019-09-12,104371.0,226229620937.0,97.963,0.0,anual,98.412671,-0.387931,34.035424,15.579713,95.097,33.133841,-0.591649
2019-09-13,103501.0,226229620937.0,97.963,0.0,anual,97.592338,-0.390147,32.105263,15.446301,95.097,32.408918,-0.628163
2019-09-16,103680.0,226229620937.0,97.963,0.0,anual,97.761119,-0.389562,32.568149,15.218742,95.097,30.380435,-0.690584
2019-09-17,104617.0,226229620937.0,97.963,0.0,anual,98.644628,-0.386952,34.512428,15.341341,95.097,31.39598,-0.656545
2019-09-18,104532.0,226229620937.0,97.963,0.0,anual,98.56448,-0.387073,34.400382,15.314586,95.097,31.216069,-0.663659
2019-09-19,104339.0,226229620937.0,97.963,0.0,anual,98.382498,-0.387482,34.049666,15.301482,95.097,31.090613,-0.667009
2019-09-20,104817.0,226229620937.0,97.963,0.0,anual,98.83321,-0.386098,34.988067,15.307837,95.097,31.182213,-0.664997
2019-09-23,104638.0,226229620937.0,97.963,0.0,anual,98.664429,-0.386471,34.589695,15.287795,95.097,30.948509,-0.67026
2019-09-24,103876.0,226229620937.0,97.963,0.0,anual,97.94593,-0.388402,32.951836,15.130808,95.097,29.79415,-0.713261
2019-09-25,104481.0,226229620937.0,97.963,0.0,anual,98.516391,-0.386678,34.270734,15.192614,95.097,30.048728,-0.695935
2019-09-26,105319.0,226229620937.0,97.963,0.0,anual,99.306552,-0.384331,36.064793,15.322926,95.097,31.493506,-0.659732
2019-09-27,105078.0,226229620937.0,97.963,0.0,anual,99.07931,-0.384871,35.571429,15.296916,95.097,31.151974,-0.666647
2019-09-30,104745.0,226229620937.0,97.963,0.0,anual,98.76532,-0.385657,34.888149,15.264162,95.097,30.864865,-0.675419
2019-10-01,104053.0,226229620937.0,97.963,0.0,anual,98.112825,-0.387403,33.254044,15.157132,95.097,29.875743,-0.704672
2019-10-02,101031.0,226229620937.0,97.963,0.0,anual,95.263345,-0.395386,28.292915,14.719857,95.097,26.403888,-0.824988
2019-10-03,101516.0,226229620937.0,97.963,0.0,anual,95.720657,-0.393979,29.087452,14.822201,95.097,27.253103,-0.796387
2019-10-04,102551.0,226229620937.0,97.963,0.0,anual,96.696571,-0.3911,30.64133,14.969364,95.097,28.478964,-0.755441
2019-10-07,100573.0,226229620937.0,97.963,0.0,anual,94.831491,-0.39629,27.445394,14.652033,95.097,25.929919,-0.842665
2019-10-08,99981.0,226229620937.0,97.963,0.0,anual,94.273287,-0.397767,26.435691,14.56789,95.097,25.323276,-0.865489
2019-10-09,101249.0,226229620937.0,97.963,0.0,anual,95.4689,-0.394261,28.795066,14.757053,95.097,26.817447,-0.812892
2019-10-10,101817.0,226229620937.0,97.963,0.0,anual,96.004474,-0.39263,29.634898,14.841374,95.097,27.610334,-0.789261
2019-10-11,103832.0,226229620937.0,97.963,0.0,anual,97.904442,-0.387122,32.985782,15.108673,95.097,29.800968,-0.715147
2019-10-14,104302.0,226229620937.0,97.963,0.0,anual,98.34761,-0.385756,34.249171,15.174307,95.097,30.268817,-0.696739
2019-10-15,104490.0,226229620937.0,97.963,0.0,anual,98.524878,-0.385147,34.611742,15.180393,95.097,30.306287,-0.694781
2019-10-16,105423.0,226229620937.0,97.963,0.0,anual,99.404615,-0.38254,37.008992,15.327072,95.097,32.008593,-0.654003
2019-10-17,105016.0,226229620937.0,97.963,0.0,anual,99.020849,-0.383529,35.808893,15.26938,95.097,31.347289,-0.669685
2019-10-18,104729.0,226229620937.0,97.963,0.0,anual,98.750234,-0.384195,35.177305,15.236186,95.097,30.847639,-0.678593
2019-10-21,106022.0,226229620937.0,97.963,0.0,anual,99.969419,-0.38062,38.137996,15.37194,95.097,32.600536,-0.640826
2019-10-22,107381.0,226229620937.0,97.963,0.0,anual,101.250836,-0.37687,39.914974,15.541179,95.097,33.92283,-0.593822
2019-10-23,107544.0,226229620937.0,97.963,0.0,anual,101.404531,-0.37633,40.1322,15.586977,95.097,34.279593,-0.58095
2019-10-24,106986.0,226229620937.0,97.963,0.0,anual,100.878386,-0.377728,39.452572,15.510231,95.097,33.72591,-0.601955
2019-10-25,107364.0,226229620937.0,97.963,0.0,anual,101.234807,-0.37661,39.90566,15.583068,95.097,34.189406,-0.5816
2019-10-28,108187.0,226229620937.0,97.963,0.0,anual,102.010823,-0.374298,41.065535,15.722566,95.097,34.812834,-0.542818
2019-10-29,107556.0,226229620937.0,97.963,0.0,anual,101.415846,-0.375893,40.197926,15.642588,95.097,34.687333,-0.56475
2019-10-30,108408.0,226229620937.0,97.963,0.0,anual,102.219207,-0.373502,41.168158,15.813623,95.097,35.096154,-0.517239
2019-10-31,107220.0,226229620937.0,97.963,0.0,anual,101.099028,-0.376596,39.736347,15.681625,95.097,34.703684,-0.553585
2019-11-01,108196.0,226229620937.0,97.963,0.0,anual,102.01931,-0.37387,41.129412,15.827295,95.097,35.218783,-0.513081
2019-11-04,108601.0,226229620937.0,97.963,0.0,anual,102.401189,-0.372681,41.580433,15.884544,95.097,35.413333,-0.497062
2019-11-05,108451.0,226229620937.0,97.963,0.0,anual,102.259752,-0.372985,41.278796,15.877756,95.171,35.341151,-0.498776
2019-11-06,108336.0,226229620937.0,97.963,0.0,anual,102.151317,-0.373194,41.165414,15.871231,95.171,35.269046,-0.500417
2019-11-07,109581.0,226229620937.0,97.963,0.0,anual,103.325243,-0.369744,42.649131,16.049726,95.171,35.835996,-0.450814
2019-11-08,107629.0,226229620937.0,97.963,0.0,anual,101.484679,-0.374899,40.187793,15.779722,95.171,34.965407,-0.525466
2019-11-11,108215.0,226229620937.0,97.963,0.0,anual,102.037225,-0.373222,41.107461,15.883234,95.171,35.478723,-0.496608
2019-11-12,106785.0,226229620937.0,97.963,0.0,anual,100.688861,-0.376972,39.02439,15.61836,95.171,34.396598,-0.569845
2019-11-13,105914.0,226229620937.0,97.963,0.0,anual,99.867584,-0.379217,37.69339,15.512731,95.171,33.528162,-0.59892
2019-11-14,106557.0,226229620937.0,97.963,0.0,anual,100.473877,-0.377383,38.847235,15.582721,95.171,33.988317,-0.579303
2019-11-18,106347.0,226229620937.0,97.963,0.0,anual,100.275865,-0.377848,38.548009,15.566113,95.171,33.917197,-0.583702
2019-11-19,105618.0,226229620937.0,97.963,0.0,anual,99.588482,-0.379711,36.985019,15.478461,95.171,33.262599,-0.6078
2019-11-21,107497.0,226229620937.0,97.963,0.0,anual,101.360214,-0.374546,40.102948,15.746054,95.171,35.100742,-0.533363
2019-11-22,108692.0,226229620937.0,97.963,0.0,anual,102.486994,-0.371224,41.955098,15.918675,95.171,35.824059,-0.485293
2019-11-25,108424.0,226229620937.0,97.963,0.0,anual,102.234294,-0.371848,41.421225,15.837765,95.171,35.434322,-0.507585
2019-11-26,107059.0,226229620937.0,97.963,0.0,anual,100.947219,-0.375431,39.392523,15.658597,95.171,34.674431,-0.557139
2019-11-27,107708.0,226229620937.0,97.963,0.0,anual,101.559169,-0.37358,40.495096,15.75331,95.171,35.132275,-0.530657
2019-11-28,108290.0,226229620937.0,97.963,0.0,anual,102.107943,-0.37191,41.363212,15.812945,95.171,35.272343,-0.51392
2019-11-29,108233.0,226229620937.0,97.963,0.0,anual,102.054197,-0.371966,41.297247,15.822592,95.171,35.412262,-0.51107
2019-12-02,109061.0,226229620937.0,97.963,0.0,anual,102.834929,-0.369632,42.397388,15.926364,95.171,36.02747,-0.482078
2019-12-03,108956.0,226229620937.0,97.963,0.0,anual,102.735923,-0.369818,42.331002,15.930658,95.171,36.061246,-0.480728
2019-12-04,110301.0,226229620937.0,97.963,0.0,anual,104.004139,-0.366088,43.755825,16.149072,95.171,36.569921,-0.419882
2019-12-05,110622.0,226229620937.0,97.963,0.0,anual,104.306814,-0.365125,44.294364,16.199433,95.171,36.708861,-0.405755
2019-12-06,111126.0,226229620937.0,97.963,0.0,anual,104.782042,-0.363667,45.018622,16.255102,95.171,36.847654,-0.390155
2019-12-09,110977.0,226229620937.0,97.963,0.0,anual,104.641548,-0.363974,44.67194,16.24179,95.171,36.775553,-0.393738
2019-12-10,110672.0,226229620937.0,97.963,0.0,anual,104.35396,-0.364702,44.325581,16.202963,95.171,36.703528,-0.404417
2019-12-11,110964.0,226229620937.0,97.963,0.0,anual,104.62929,-0.363817,44.630404,16.292615,95.171,37.263158,-0.379353
2019-12-12,112200.0,226229620937.0,97.963,0.0,anual,105.794729,-0.36038,46.468401,16.452138,95.171,38.348238,-0.334851
2019-12-13,112565.0,226229620937.0,97.963,0.0,anual,106.138892,-0.359298,46.86484,16.497227,95.171,38.485804,-0.322204
2019-12-16,111896.0,226229620937.0,97.963,0.0,anual,105.508084,-0.361013,45.914578,16.428957,95.171,37.992643,-0.341116
2019-12-17,112616.0,226229620937.0,97.963,0.0,anual,106.186981,-0.358971,46.960557,16.512854,95.171,38.602941,-0.317655
2019-12-18,114315.0,226229620937.0,97.963,0.0,anual,107.788988,-0.354281,49.025974,16.7192,95.171,40.15748,-0.260091
2019-12-19,115131.0,226229620937.0,97.963,0.0,anual,108.558405,-0.35198,50.02318,16.842543,95.171,40.975866,-0.225655
2019-12-20,115121.0,226229620937.0,97.963,0.0,anual,108.548975,-0.351915,50.0,16.823636,95.171,40.90194,-0.230862
2019-12-23,115863.0,226229620937.0,97.963,0.0,anual,109.248616,-0.349815,51.134785,16.962036,95.171,42.295597,-0.192221
2019-12-26,117203.0,226229620937.0,97.963,0.0,anual,110.512118,-0.346096,53.194444,17.133871,95.171,43.687795,-0.144258
2019-12-27,116534.0,226229620937.0,97.963,0.0,anual,109.88131,-0.347818,52.290606,17.006906,95.171,42.774869,-0.179629
2019-12-30,115964.0,226229620937.0,97.963,0.0,anual,109.34385,-0.349272,51.341351,16.703235,94.939,39.979069,-0.264289
2020-01-02,118573.0,226229620937.0,97.963,0.0,anual,111.803908,-0.342113,55.154877,17.081844,94.939,43.514644,-0.158576
2020-01-03,117707.0,226229620937.0,97.963,0.0,anual,110.987346,-0.344371,53.83549,16.982062,94.939,42.341871,-0.186382
2020-01-06,116878.0,226229620937.0,97.963,0.0,anual,110.205672,-0.346529,52.702079,16.879922,94.939,41.37931,-0.214846
2020-01-07,116662.0,226229620937.0,97.963,0.0,anual,110.002003,-0.347025,52.308403,16.854503,94.939,41.096606,-0.221885
2020-01-08,116247.0,226229620937.0,97.963,0.0,anual,109.610694,-0.348061,51.730503,16.775582,94.939,40.292276,-0.243866
2020-01-09,115947.0,226229620937.0,97.963,0.0,anual,109.327821,-0.348785,51.153137,16.697203,94.939,39.801774,-0.265695
2020-01-10,115503.0,226229620937.0,97.963,0.0,anual,108.909168,-0.349899,50.253573,16.646439,94.939,39.363921,-0.279806
2020-01-13,117325.0,226229620937.0,97.963,0.0,anual,110.627154,-0.344865,53.456221,16.914782,94.939,42.001042,-0.204725
2020-01-14,117632.0,226229620937.0,97.963,0.0,anual,110.916628,-0.343943,53.846154,16.951544,94.939,42.291667,-0.194392
2020-01-15,116414.0,226229620937.0,97.963,0.0,anual,109.768161,-0.34716,52.117864,16.77221,94.939,40.291515,-0.244489
2020-01-16,116704.0,226229620937.0,97.963,0.0,anual,110.041605,-0.346284,52.508053,16.835076,94.939,40.94693,-0.226838
2020-01-17,118478.0,226229620937.0,97.963,0.0,anual,111.714331,-0.341377,55.197792,17.049004,94.939,43.681747,-0.166922
2020-01-20,118862.0,226229620937.0,97.963,0.0,anual,112.076409,-0.340247,56.0,17.086018,94.939,43.918919,-0.156519
2020-01-21,117026.0,226229620937.0,97.963,0.0,anual,110.345223,-0.345147,52.941176,16.84196,94.939,40.935065,-0.224795
2020-01-22,118391.0,226229620937.0,97.963,0.0,anual,111.632298,-0.341349,55.121727,17.025749,94.939,43.25026,-0.173274
2020-01-23,119528.0,226229620937.0,97.963,0.0,anual,112.704389,-0.338172,56.932966,17.209158,94.939,44.784639,-0.121861
2020-01-24,118376.0,226229620937.0,97.963,0.0,anual,111.618154,-0.341217,55.071134,17.067084,94.939,43.775934,-0.161629
2020-01-27,114482.0,226229620937.0,97.963,0.0,anual,107.946455,-0.351717,48.669725,16.534665,94.939,38.310005,-0.310772
2020-01-28,116479.0,226229620937.0,97.963,0.0,anual,109.82945,-0.346195,52.040348,16.807651,94.939,40.569948,-0.234175
2020-01-29,115385.0,226229620937.0,97.963,0.0,anual,108.797904,-0.349082,49.908341,16.682656,94.939,39.513206,-0.269152
2020-01-30,115528.0,226229620937.0,97.963,0.0,anual,108.932741,-0.348604,50.068713,16.682831,94.939,39.544513,-0.269029
2020-01-31,113761.0,226229620937.0,97.963,0.0,anual,107.266615,-0.353322,47.75641,16.42489,94.939,37.403001,-0.341297
2020-02-03,114629.0,226229620937.0,97.963,0.0,anual,108.085063,-0.350869,48.832952,16.570963,94.939,38.572906,-0.300221
2020-02-04,115557.0,226229620937.0,97.963,0.0,anual,108.960085,-0.348253,50.365965,16.701464,94.939,39.844961,-0.263519
2020-02-05,116028.0,226229620937.0,97.963,0.0,anual,109.404197,-0.346881,51.25743,16.763604,94.939,40.237603,-0.246005
2020-02-06,115190.0,226229620937.0,97.963,0.0,anual,108.614036,-0.349074,49.588665,16.628837,94.939,38.977801,-0.283772
2020-02-07,113770.0,226229620937.0,97.963,0.0,anual,107.275101,-0.352852,47.738693,16.457312,94.939,37.770898,-0.331856
2020-02-10,112570.0,226229620937.0,97.963,0.0,anual,106.143607,-0.356031,46.164384,16.289653,94.939,36.513667,-0.378849
2020-02-11,115371.0,226229620937.0,97.963,0.0,anual,108.784703,-0.348307,49.931538,16.706308,94.939,40.051546,-0.26169
2020-02-12,116674.0,226229620937.0,97.963,0.0,anual,110.013318,-0.344667,52.463504,16.917705,94.939,42.400824,-0.202215
2020-02-13,115662.0,226229620937.0,97.963,0.0,anual,109.059091,-0.347338,50.615595,16.779422,94.939,40.576725,-0.241028
2020-02-14,114381.0,226229620937.0,97.963,0.0,anual,107.851221,-0.350742,48.450319,16.592918,94.939,38.80597,-0.293396
2020-02-17,115309.0,226229620937.0,97.963,0.0,anual,108.726243,-0.348121,49.794989,16.740518,94.939,40.123457,-0.251809
2020-02-18,114977.0,226229620937.0,97.963,0.0,anual,108.413196,-0.348938,49.31694,16.723683,94.939,40.102828,-0.256475
2020-02-19,116518.0,226229620937.0,97.963,0.0,anual,109.866224,-0.344645,52.389622,16.934081,94.939,42.651593,-0.197211
2020-02-20,114586.0,226229620937.0,97.963,0.0,anual,108.044518,-0.349829,48.635123,16.697005,94.939,39.702106,-0.263874
2020-02-21,113681.0,226229620937.0,97.963,0.0,anual,107.191182,-0.35221,47.3397,16.513691,94.939,37.936345,-0.315399
2020-02-26,105718.0,226229620937.0,97.963,0.0,anual,99.682774,-0.373856,36.227273,15.361667,94.939,31.092868,-0.639608
2020-02-27,102984.0,226229620937.0,97.963,0.0,anual,97.104852,-0.381224,30.258973,14.984116,94.939,27.435897,-0.745655
2020-02-28,104172.0,226229620937.0,97.963,0.0,anual,98.225032,-0.377881,32.561308,15.159804,94.939,28.856996,-0.695899
2020-03-02,106625.0,226229620937.0,97.963,0.0,anual,100.537995,-0.371083,37.993645,15.572044,94.939,32.991803,-0.579557
2020-03-03,105537.0,226229620937.0,97.963,0.0,anual,99.512107,-0.373959,35.889292,15.443804,94.939,32.002048,-0.615476
2020-03-04,107224.0,226229620937.0,97.963,0.0,anual,101.102799,-0.369253,38.820862,15.781373,94.939,34.339816,-0.520169
2020-03-05,102233.0,226229620937.0,97.963,0.0,anual,96.396725,-0.382798,29.147779,15.104095,94.939,28.388747,-0.710809
2020-03-06,97997.0,226229620937.0,97.963,0.0,anual,92.40255,-0.394277,22.655188,14.456237,94.939,23.312883,-0.893042
2020-03-09,86067.0,226229620937.0,97.963,0.0,anual,81.153609,-0.42679,12.59058,12.731243,94.939,11.650485,-1.378354
2020-03-10,92214.0,226229620937.0,97.963,0.0,anual,86.94969,-0.409867,17.383431,13.638825,94.939,18.488253,-1.121887
2020-03-11,85171.0,226229620937.0,97.963,0.0,anual,80.30876,-0.429021,11.357466,12.603881,94.939,9.954058,-1.412506
2020-03-12,72583.0,226229620937.0,97.963,0.0,anual,68.439384,-0.463339,0.045228,10.766147,94.939,0.05102,-1.928015
2020-03-13,82678.0,226229620937.0,97.963,0.0,anual,77.958081,-0.435593,8.905967,12.245952,94.939,5.915349,-1.510062
2020-03-16,71168.0,226229620937.0,97.963,0.0,anual,67.105163,-0.466971,0.045188,10.602142,94.939,0.050968,-1.970323
2020-03-17,74617.0,226229620937.0,97.963,0.0,anual,70.357267,-0.457404,0.587173,11.095193,94.939,0.152827,-1.829606
2020-03-18,66895.0,226229620937.0,97.963,0.0,anual,63.0761,-0.478416,0.045147,9.900796,94.939,0.050916,-2.162237
2020-03-19,68332.0,226229620937.0,97.963,0.0,anual,64.431065,-0.474349,0.090253,10.056571,94.939,0.101781,-2.115533
2020-03-20,67069.0,226229620937.0,97.963,0.0,anual,63.240167,-0.477677,0.090212,9.830813,94.939,0.050865,-2.175701
2020-03-23,63570.0,226229620937.0,97.963,0.0,anual,59.940918,-0.487127,0.045086,9.28665,94.939,0.050839,-2.324455
2020-03-24,69729.0,226229620937.0,97.963,0.0,anual,65.748313,-0.470121,0.225327,10.1795,94.939,0.254065,-2.071646
2020-03-25,74956.0,226229620937.0,97.963,0.0,anual,70.676914,-0.455671,0.990991,10.971071,94.939,0.406298,-1.848099
2020-03-26,77710.0,226229620937.0,97.963,0.0,anual,73.273694,-0.448001,2.881585,11.427293,94.939,0.507614,-1.718805
2020-03-27,73429.0,226229620937.0,97.963,0.0,anual,69.237087,-0.459613,0.49505,10.793921,94.939,0.405885,-1.893609
2020-03-30,74640.0,226229620937.0,97.963,0.0,anual,70.378954,-0.456168,0.899685,11.000186,94.939,0.507099,-1.833968
2020-03-31,73020.0,226229620937.0,97.963,0.0,anual,68.851436,-0.460486,0.359712,10.818137,94.939,0.456158,-1.88261
2020-04-01,70967.0,221219988336.0,99.279,0.0,anual,68.430974,-0.461583,0.314607,12.403066,95.046,8.510638,-1.439382
2020-04-02,72253.0,221219988336.0,99.279,0.0,anual,69.671019,-0.457851,0.808625,12.617921,95.046,10.78481,-1.378453
2020-04-03,69538.0,221219988336.0,99.279,0.0,anual,67.05304,-0.465342,0.269421,12.16542,95.046,5.010121,-1.50337
2020-04-06,74073.0,221219988336.0,99.279,0.0,anual,71.425981,-0.452491,1.660682,12.915595,95.046,14.3652,-1.29341
2020-04-07,76358.0,221219988336.0,99.279,0.0,anual,73.629326,-0.445957,3.589053,13.362875,95.046,17.18908,-1.168068
2020-04-08,78625.0,221219988336.0,99.279,0.0,anual,75.815314,-0.439474,6.502242,13.750257,95.046,19.757453,-1.059559
2020-04-09,77682.0,221219988336.0,99.279,0.0,anual,74.906012,-0.442004,5.109816,13.639982,95.046,19.343434,-1.089683
2020-04-13,78836.0,221219988336.0,99.279,0.0,anual,76.018774,-0.438645,6.854839,13.846191,95.046,20.393741,-1.031691
2020-04-14,79918.0,221219988336.0,99.279,0.0,anual,77.062108,-0.43549,8.687864,14.001871,95.046,21.190716,-0.987823
2020-04-15,78831.0,221219988336.0,99.279,0.0,anual,76.013952,-0.438427,6.848702,13.781197,95.046,19.969743,-1.048751
2020-04-16,77812.0,221219988336.0,99.279,0.0,anual,75.031367,-0.441173,5.324385,13.591681,95.046,18.951613,-1.100938
2020-04-17,78990.0,221219988336.0,99.279,0.0,anual,76.16727,-0.437745,7.200358,13.798924,95.046,20.251889,-1.042652
2020-04-20,78973.0,221219988336.0,99.279,0.0,anual,76.150878,-0.437676,7.197139,13.79581,95.046,20.191339,-1.042971
2020-04-22,80687.0,221219988336.0,99.279,0.0,anual,77.803628,-0.432742,9.74084,14.085309,95.046,21.841973,-0.961855
2020-04-23,79673.0,221219988336.0,99.279,0.0,anual,76.825863,-0.435478,8.61992,13.893628,95.046,20.82495,-1.014737
2020-04-24,75331.0,221219988336.0,99.279,0.0,anual,72.639026,-0.447571,2.5,13.119556,95.046,15.434892,-1.229605
2020-04-27,78239.0,221219988336.0,99.279,0.0,anual,75.443108,-0.439273,6.113342,13.590688,95.046,18.944724,-1.097763
2020-04-28,81312.0,221219988336.0,99.279,0.0,anual,78.406293,-0.430512,10.838537,14.154529,95.046,22.45103,-0.940268
2020-04-29,83171.0,221219988336.0,99.279,0.0,anual,80.198861,-0.425169,12.572448,14.442427,95.046,24.548193,-0.8597
2020-04-30,80506.0,221219988336.0,99.279,0.0,anual,77.629096,-0.432556,9.581105,13.98144,95.046,21.424987,-0.987624
2020-05-04,78876.0,221219988336.0,99.279,0.0,anual,76.057344,-0.437029,7.171492,13.686628,95.046,19.608826,-1.069173
2020-05-05,79471.0,221219988336.0,99.279,0.0,anual,76.631082,-0.435238,8.192342,13.799166,95.046,20.401003,-1.037285
2020-05-06,79064.0,221219988336.0,99.279,0.0,anual,76.238626,-0.436269,7.565643,13.668739,95.046,19.438878,-1.073036
2020-05-07,78119.0,221219988336.0,99.279,0.0,anual,75.327396,-0.438815,5.960854,13.450638,95.046,17.82674,-1.133137
2020-05-08,80263.0,221219988336.0,99.279,0.0,anual,77.394779,-0.43266,9.51534,13.887692,95.046,20.970971,-1.010897
2020-05-11,79065.0,221219988336.0,99.279,0.0,anual,76.23959,-0.43592,7.644444,13.682644,95.046,19.65983,-1.067435
2020-05-12,77872.0,221219988336.0,99.279,0.0,anual,75.089222,-0.439166,5.464238,13.45803,95.046,17.9,-1.129348
2020-05-13,77772.0,221219988336.0,99.279,0.0,anual,74.992796,-0.439332,5.284192,13.3766,95.046,17.291354,-1.151356
2020-05-14,79011.0,221219988336.0,99.279,0.0,anual,76.18752,-0.435724,7.58988,13.664982,95.046,19.53047,-1.070478
2020-05-15,77557.0,221219988336.0,99.279,0.0,anual,74.785479,-0.439707,4.880213,13.448146,95.046,17.823265,-1.130213
2020-05-18,81194.0,221219988336.0,99.279,0.0,anual,78.29251,-0.429337,11.042129,14.155015,95.046,22.904192,-0.932961
2020-05-19,80742.0,221219988336.0,99.279,0.0,anual,77.856662,-0.430499,10.37234,14.08651,95.046,22.394015,-0.951583
2020-05-20,81319.0,221219988336.0,99.279,0.0,anual,78.413043,-0.428758,11.386797,14.168785,95.046,22.981057,-0.928243
2020-05-21,83027.0,221219988336.0,99.279,0.0,anual,80.060007,-0.423827,12.976085,14.519744,95.046,25.710015,-0.830165
2020-05-22,82173.0,221219988336.0,99.279,0.0,anual,79.236525,-0.426126,12.262063,14.41737,95.046,24.850598,-0.858303
2020-05-25,85663.0,221219988336.0,99.279,0.0,anual,82.601809,-0.416166,16.371681,15.029175,95.046,29.666501,-0.687663
2020-05-26,85469.0,221219988336.0,99.279,0.0,anual,82.414741,-0.416606,16.320212,14.960304,95.046,28.955224,-0.706583
2020-05-27,87946.0,221219988336.0,99.279,0.0,anual,84.803225,-0.409505,18.21397,15.421484,95.046,33.664843,-0.57792
2020-05-28,86949.0,221219988336.0,99.279,0.0,anual,83.841853,-0.412214,17.543084,15.214803,95.046,31.262425,-0.635283
2020-05-29,87403.0,221219988336.0,99.279,0.0,anual,84.279629,-0.410826,17.756184,15.297507,95.046,32.290114,-0.612028
2020-06-01,88620.0,221219988336.0,99.279,0.0,anual,85.45314,-0.407282,18.719647,15.510302,95.046,34.508441,-0.552542
2020-06-02,91046.0,221219988336.0,99.279,0.0,anual,87.792446,-0.400323,19.858782,15.928594,95.046,37.171216,-0.435815
2020-06-03,93002.0,221219988336.0,99.279,0.0,anual,89.678548,-0.394694,21.30569,16.296391,95.046,38.59127,-0.333179
2020-06-04,93829.0,221219988336.0,99.279,0.0,anual,90.475995,-0.392256,22.134039,16.408358,95.046,39.216658,-0.301873
2020-06-05,94637.0,221219988336.0,99.279,0.0,anual,91.25512,-0.389872,23.093874,16.524396,95.046,40.188305,-0.269435
2020-06-08,97645.0,221219988336.0,99.279,0.0,anual,94.155629,-0.381269,27.092511,17.051145,95.046,46.210996,-0.122444
2020-06-09,96747.0,221219988336.0,99.279,0.0,anual,93.289719,-0.383712,25.803611,16.880206,95.046,43.960396,-0.170104
2020-06-10,94686.0,221219988336.0,99.279,0.0,anual,91.302369,-0.389445,23.151408,16.482297,95.046,39.782286,-0.281097
2020-06-12,92795.0,221219988336.0,99.279,0.0,anual,89.478945,-0.394695,21.117466,16.186691,95.046,37.636004,-0.363526
2020-06-15,92376.0,221219988336.0,99.279,0.0,anual,89.074918,-0.395781,20.62445,16.124471,95.046,37.469105,-0.380794
2020-06-16,93531.0,221219988336.0,99.279,0.0,anual,90.188644,-0.392411,21.978022,16.329677,95.046,38.685771,-0.323389
2020-06-17,95547.0,221219988336.0,99.279,0.0,anual,92.132601,-0.386606,24.560633,16.71387,95.046,42.222222,-0.215999
2020-06-18,96125.0,221219988336.0,99.279,0.0,anual,92.689946,-0.384872,25.208608,16.811354,95.046,43.188549,-0.18871
2020-06-19,96572.0,221219988336.0,99.279,0.0,anual,93.120973,-0.383509,25.899912,16.889179,95.046,44.301924,-0.166915
2020-06-22,95336.0,221219988336.0,99.279,0.0,anual,91.929141,-0.386913,24.133392,16.699545,95.046,41.962525,-0.219875
2020-06-23,95975.0,221219988336.0,99.279,0.0,anual,92.545307,-0.385006,25.087719,16.76468,95.046,42.681124,-0.201609
2020-06-24,94377.0,221219988336.0,99.279,0.0,anual,91.004412,-0.389436,22.8847,16.490535,95.046,39.852217,-0.278215
2020-06-25,95983.0,221219988336.0,99.279,0.0,anual,92.553021,-0.384787,25.197195,16.791352,95.046,43.082226,-0.194006
2020-06-26,93834.0,221219988336.0,99.279,0.0,anual,90.480816,-0.390781,22.207622,16.424399,95.046,39.173228,-0.296614
2020-06-29,95735.0,221219988336.0,99.279,0.0,anual,92.313883,-0.385294,24.956217,16.754564,95.046,42.597147,-0.204149
2020-06-30,95056.0,221219988336.0,99.279,0.0,anual,91.659147,-0.387122,23.80744,16.671902,95.046,41.445428,-0.227232
2020-07-01,96203.0,221219988336.0,99.279,0.0,anual,92.765159,-0.383772,25.590551,16.892592,95.046,44.570025,-0.165391
2020-07-02,96235.0,221219988336.0,99.279,0.0,anual,92.796015,-0.383585,25.623087,16.904865,95.046,44.744597,-0.161912
2020-07-03,96765.0,221219988336.0,99.279,0.0,anual,93.307076,-0.381985,26.398601,16.991572,95.046,45.655376,-0.137586
2020-07-06,98937.0,221219988336.0,99.279,0.0,anual,95.401459,-0.375727,29.882045,17.345844,95.046,48.675172,-0.038298
2020-07-07,97761.0,221219988336.0,99.279,0.0,anual,94.267483,-0.378971,27.90393,17.171547,95.046,47.376165,-0.087132
2020-07-08,99770.0,221219988336.0,99.279,0.0,anual,96.204691,-0.373174,31.383675,17.512113,95.046,50.637255,0.00835
2020-07-09,99160.0,221219988336.0,99.279,0.0,anual,95.61649,-0.374813,30.366492,17.41979,95.046,49.289564,-0.017537
2020-07-10,100032.0,221219988336.0,99.279,0.0,anual,96.457329,-0.372243,31.879634,17.557846,95.046,51.175318,0.021184
2020-07-13,98697.0,221219988336.0,99.279,0.0,anual,95.170035,-0.375943,29.468178,17.34152,95.046,48.556045,-0.039502
2020-07-14,100440.0,221219988336.0,99.279,0.0,anual,96.850749,-0.370898,32.54902,17.647799,95.046,52.495108,0.046441
2020-07-15,101791.0,221219988336.0,99.279,0.0,anual,98.15347,-0.366968,34.88676,17.915796,95.046,53.93643,0.121641
2020-07-16,100553.0,221219988336.0,99.279,0.0,anual,96.959711,-0.370395,32.781889,17.711507,95.046,52.8348,0.064265
2020-07-17,102888.0,221219988336.0,99.279,0.0,anual,99.211269,-0.363667,37.510879,18.182999,95.046,56.082071,0.196633
2020-07-20,104426.0,221219988336.0,99.279,0.0,anual,100.694308,-0.359205,40.669856,18.400115,95.046,58.007812,0.257557
2020-07-21,104310.0,221219988336.0,99.279,0.0,anual,100.582453,-0.359447,40.565217,18.364517,95.046,57.784285,0.24749
2020-07-22,104290.0,221219988336.0,99.279,0.0,anual,100.563168,-0.359416,40.547588,18.356442,95.046,57.707317,0.245157
2020-07-23,102293.0,221219988336.0,99.279,0.0,anual,98.637531,-0.365008,36.099044,18.037172,95.046,54.753779,0.15537
2020-07-24,102382.0,221219988336.0,99.279,0.0,anual,98.723351,-0.364665,36.343899,18.030303,95.046,54.678363,0.1534
2020-07-27,104477.0,221219988336.0,99.279,0.0,anual,100.743485,-0.358614,40.798611,18.447975,95.046,58.30492,0.270796
2020-07-28,104109.0,221219988336.0,99.279,0.0,anual,100.388636,-0.359573,40.260304,18.305117,95.046,57.059396,0.23055
2020-07-29,105605.0,221219988336.0,99.279,0.0,anual,101.831176,-0.355227,42.627927,18.571555,95.046,59.416058,0.305436
2020-07-30,105009.0,221219988336.0,99.279,0.0,anual,101.256474,-0.356837,41.65583,18.482938,95.046,58.657588,0.280423
2020-07-31,102912.0,221219988336.0,99.279,0.0,anual,99.234411,-0.362721,37.521664,18.165617,95.046,55.663588,0.191051
2020-08-03,102830.0,221219988336.0,99.279,0.0,anual,99.155341,-0.362866,37.375487,18.099639,95.046,55.102041,0.172431
2020-08-04,101216.0,221219988336.0,99.279,0.0,anual,97.599018,-0.367375,33.376623,17.815134,95.046,53.132589,0.092284
2020-08-05,102802.0,221219988336.0,99.279,0.0,anual,99.128342,-0.362766,37.29987,18.097843,95.046,55.097087,0.171879
2020-08-06,104126.0,221219988336.0,99.279,0.0,anual,100.405028,-0.358904,40.397924,18.350483,95.046,57.738962,0.243
2020-08-07,102776.0,221219988336.0,99.279,0.0,anual,99.103271,-0.362664,37.224384,18.12725,95.046,55.28613,0.180043
2020-08-10,103444.0,221219988336.0,99.279,0.0,anual,99.7474,-0.360671,39.023336,18.219535,95.046,56.374212,0.206005
2020-08-11,102174.0,221219988336.0,99.279,0.0,anual,98.522784,-0.364205,35.680346,17.951964,95.046,54.069767,0.130529
2020-08-12,102118.0,221219988336.0,99.279,0.0,anual,98.468785,-0.364275,35.492228,17.921164,95.046,53.7046,0.121813
2020-08-13,100461.0,221219988336.0,99.279,0.0,anual,96.870998,-0.368913,32.283125,17.590471,95.046,51.161665,0.02852
2020-08-14,101353.0,221219988336.0,99.279,0.0,anual,97.731122,-0.366278,33.735979,17.755662,95.046,52.491534,0.075112
2020-08-17,99595.0,221219988336.0,99.279,0.0,anual,96.035945,-0.371204,30.702889,17.41395,95.046,48.646035,-0.021323
2020-08-18,102065.0,221219988336.0,99.279,0.0,anual,98.417679,-0.364064,35.517241,17.855031,95.046,53.117448,0.103167
2020-08-19,100854.0,221219988336.0,99.279,0.0,anual,97.249954,-0.367432,32.830676,17.627412,95.046,51.594203,0.038886
2020-08-20,101468.0,221219988336.0,99.279,0.0,anual,97.842013,-0.365589,34.022394,17.729669,95.046,52.438436,0.067751
2020-08-21,101521.0,221219988336.0,99.279,0.0,anual,97.893119,-0.365349,34.136892,17.741621,95.046,52.46139,0.07111
2020-08-24,102298.0,221219988336.0,99.279,0.0,anual,98.642352,-0.36304,36.230637,17.918872,95.046,53.835022,0.121165
2020-08-25,102118.0,221219988336.0,99.279,0.0,anual,98.468785,-0.363466,35.698925,17.926572,95.046,53.953713,0.123312
2020-08-26,100627.0,221219988336.0,99.279,0.0,anual,97.031066,-0.367638,32.50215,17.666399,95.046,52.0,0.049748
2020-08-27,100624.0,221219988336.0,99.279,0.0,anual,97.028173,-0.367557,32.488182,17.666606,95.046,52.023121,0.049795
2020-08-28,102143.0,221219988336.0,99.279,0.0,anual,98.492891,-0.363126,35.824742,17.962106,95.046,54.405392,0.133341
2020-08-31,99369.0,221219988336.0,99.279,0.0,anual,95.818021,-0.370968,30.227565,17.454315,95.046,48.94129,-0.010313
2020-09-01,102168.0,221219988336.0,99.279,0.0,anual,98.516998,-0.362874,35.965665,17.965945,95.046,54.449254,0.134431
2020-09-02,101911.0,221219988336.0,99.279,0.0,anual,98.269182,-0.363521,35.263835,17.925634,95.046,53.942308,0.122992
2020-09-03,100721.0,221219988336.0,99.279,0.0,anual,97.121707,-0.366837,32.718696,17.719556,95.046,52.282556,0.064634
2020-09-04,101242.0,221219988336.0,99.279,0.0,anual,97.624089,-0.365257,33.476211,17.812147,95.046,53.025937,0.090831
2020-09-08,100050.0,221219988336.0,99.279,0.0,anual,96.474685,-0.368579,31.491003,17.633526,95.046,51.464234,0.040229
2020-09-09,101292.0,221219988336.0,99.279,0.0,anual,97.672302,-0.364935,33.66167,17.862727,95.046,53.262956,0.105138
2020-09-10,98835.0,221219988336.0,99.279,0.0,anual,95.303104,-0.37188,29.195205,17.361795,95.046,47.721823,-0.036806
2020-09-11,98363.0,221219988336.0,99.279,0.0,anual,94.847971,-0.37314,28.369705,17.262066,95.046,47.123682,-0.065058
2020-09-14,100275.0,221219988336.0,99.279,0.0,anual,96.691645,-0.367574,31.779299,17.557679,95.046,50.311452,0.018748
2020-09-15,100298.0,221219988336.0,99.279,0.0,anual,96.713823,-0.367419,31.851218,17.533565,95.046,50.0,0.011906
2020-09-16,99676.0,221219988336.0,99.279,0.0,anual,96.11405,-0.369112,30.811966,17.443814,95.046,48.587841,-0.013548
2020-09-17,100098.0,221219988336.0,99.279,0.0,anual,96.52097,-0.367813,31.610423,17.529736,95.046,50.0,0.010827
2020-09-18,98290.0,221219988336.0,99.279,0.0,anual,94.777579,-0.372905,28.138343,17.229722,95.046,46.724055,-0.074295
2020-09-21,96991.0,221219988336.0,99.279,0.0,anual,93.525,-0.376538,26.077678,17.017316,95.219,44.98088,-0.134554
2020-09-22,97294.0,221219988336.0,99.279,0.0,anual,93.817172,-0.375578,26.450512,17.009707,95.219,44.91161,-0.136681
2020-09-23,95735.0,221219988336.0,99.279,0.0,anual,92.313883,-0.379956,24.392324,16.796789,95.219,41.977077,-0.197098
2020-09-24,97012.0,221219988336.0,99.279,0.0,anual,93.545249,-0.376202,26.129582,16.988668,95.219,44.439141,-0.142559
2020-09-25,96999.0,221219988336.0,99.279,0.0,anual,93.532714,-0.376147,26.118449,16.966242,95.219,44.227099,-0.148895
2020-09-28,94666.0,221219988336.0,99.279,0.0,anual,91.283084,-0.382749,22.614991,16.575368,95.219,39.389604,-0.259908
2020-09-29,93580.0,221219988336.0,99.279,0.0,anual,90.235893,-0.385772,21.328225,16.391642,95.219,37.702574,-0.312051
2020-09-30,94603.0,221219988336.0,99.279,0.0,anual,91.222335,-0.382742,22.553191,16.570467,95.219,39.352072,-0.261143
2020-10-01,95479.0,221219988336.0,99.279,0.0,anual,92.067031,-0.380134,23.904721,16.723489,95.219,41.142857,-0.217573
2020-10-02,94016.0,221219988336.0,99.279,0.0,anual,90.656312,-0.384242,21.72619,16.472816,95.219,38.505474,-0.288799
2020-10-05,96089.0,221219988336.0,99.279,0.0,anual,92.655233,-0.378195,24.946876,16.857794,95.219,42.863939,-0.17923
2020-10-06,95615.0,221219988336.0,99.279,0.0,anual,92.198171,-0.379465,24.256585,16.771917,95.219,41.654779,-0.203617
2020-10-07,95526.0,221219988336.0,99.279,0.0,anual,92.112352,-0.379628,24.076433,16.796832,95.219,42.110266,-0.196477
2020-10-08,97920.0,221219988336.0,99.279,0.0,anual,94.420802,-0.372658,28.056027,17.217201,95.219,46.935867,-0.076782
2020-10-09,97483.0,221219988336.0,99.279,0.0,anual,93.999418,-0.373824,27.238014,17.176226,95.219,46.62868,-0.088429
2020-10-13,98503.0,221219988336.0,99.279,0.0,anual,94.982968,-0.370802,29.219678,17.335747,95.219,47.887992,-0.042983
2020-10-14,99334.0,221219988336.0,99.279,0.0,anual,95.784272,-0.368324,30.606189,17.487212,95.219,49.71537,0.000169
2020-10-15,99054.0,221219988336.0,99.279,0.0,anual,95.514278,-0.36904,30.211864,17.443543,95.219,48.933144,-0.012273
2020-10-16,98309.0,221219988336.0,99.279,0.0,anual,94.795901,-0.371094,28.674291,17.308107,95.219,47.677725,-0.050864
2020-10-19,98658.0,221219988336.0,99.279,0.0,anual,95.132429,-0.370001,29.38188,17.386327,95.219,48.270962,-0.028557
2020-10-20,100540.0,221219988336.0,99.279,0.0,anual,96.947175,-0.364498,33.093525,17.717575,95.219,52.840909,0.065888
2020-10-21,100552.0,221219988336.0,99.279,0.0,anual,96.958746,-0.364376,33.164129,17.726185,95.219,52.910554,0.068328
2020-10-22,101918.0,221219988336.0,99.279,0.0,anual,98.275932,-0.360358,36.27907,17.980773,95.219,55.298013,0.140928
2020-10-23,101260.0,221219988336.0,99.279,0.0,anual,97.641446,-0.362166,34.319527,17.897563,95.219,54.137116,0.117154
2020-10-26,101017.0,221219988336.0,99.279,0.0,anual,97.407129,-0.362779,33.840304,17.880602,95.219,53.969754,0.112286
2020-10-27,99606.0,221219988336.0,99.279,0.0,anual,96.046552,-0.366755,31.165541,17.687304,95.219,52.432688,0.057086
2020-10-28,95369.0,221219988336.0,99.279,0.0,anual,91.960962,-0.378869,23.596454,16.9659,95.219,44.14542,-0.148887
2020-10-29,96582.0,221219988336.0,99.279,0.0,anual,93.130615,-0.375284,25.780591,17.188487,95.219,46.436999,-0.085288
2020-10-30,93952.0,221219988336.0,99.279,0.0,anual,90.594599,-0.38277,21.552088,16.730843,95.219,40.896226,-0.215984
2020-11-03,95587.0,221219988336.0,99.279,0.0,anual,92.171172,-0.377967,24.15683,17.137086,95.219,46.110325,-0.09987
2020-11-04,97811.0,221219988336.0,99.279,0.0,anual,94.315697,-0.371466,27.812895,17.463846,95.219,49.434496,-0.006471
2020-11-05,100774.0,221219988336.0,99.279,0.0,anual,97.172813,-0.362836,33.740522,17.974243,95.219,55.440415,0.139417
2020-11-06,100799.0,221219988336.0,99.279,0.0,anual,97.19692,-0.362678,33.810526,17.997708,95.219,55.602637,0.146092
2020-11-09,103913.0,221219988336.0,99.279,0.0,anual,100.19964,-0.353612,41.498316,18.423128,95.219,59.482353,0.267708
2020-11-10,105351.0,221219988336.0,99.279,0.0,anual,101.586253,-0.349381,43.962979,18.691841,95.219,61.571025,0.344494
2020-11-11,104532.0,221219988336.0,99.279,0.0,anual,100.79652,-0.351661,42.598823,18.636946,95.219,61.212976,0.3287
2020-11-12,102175.0,221219988336.0,99.279,0.0,anual,98.523748,-0.358378,37.242539,18.282893,95.407,58.082707,0.227309
2020-11-13,104512.0,221219988336.0,99.279,0.0,anual,100.777235,-0.35155,42.605042,18.652338,95.407,61.390324,0.332986
2020-11-16,106430.0,221219988336.0,99.279,0.0,anual,102.626694,-0.345931,45.737085,18.949857,95.407,63.474178,0.418061
2020-11-17,107229.0,221219988336.0,99.279,0.0,anual,103.397142,-0.343543,46.599496,19.076809,95.407,64.523698,0.45429
2020-11-18,106483.0,221219988336.0,99.279,0.0,anual,102.6778,-0.345616,45.740663,18.846127,95.407,62.711069,0.388108
2020-11-19,106517.0,221219988336.0,99.279,0.0,anual,102.710585,-0.345437,45.763423,18.945137,95.407,63.384904,0.41636
2020-11-23,107379.0,221219988336.0,99.279,0.0,anual,103.541782,-0.342866,46.750524,19.07797,95.407,64.573571,0.454295
2020-11-24,109786.0,221219988336.0,99.279,0.0,anual,105.862767,-0.335832,49.874267,19.504711,95.407,67.962529,0.576424
2020-11-25,110133.0,221219988336.0,99.279,0.0,anual,106.197367,-0.334751,50.314202,19.548933,95.407,68.773408,0.588915
2020-11-26,110227.0,221219988336.0,99.279,0.0,anual,106.288007,-0.334402,50.376884,19.575599,95.407,69.068788,0.596371
2020-11-27,110575.0,221219988336.0,99.279,0.0,anual,106.623572,-0.333318,50.690666,19.649027,95.407,70.439663,0.617226
2020-11-30,108888.0,221219988336.0,99.279,0.0,anual,104.996857,-0.338118,48.828452,19.339837,95.407,66.29266,0.528397
2020-12-01,111335.0,221219988336.0,99.279,0.0,anual,107.356413,-0.330963,51.902969,19.800643,95.407,72.336449,0.66035
2020-12-02,111814.0,221219988336.0,99.279,0.0,anual,107.818296,-0.329501,52.466555,19.881268,95.407,73.143391,0.683245
2020-12-03,112919.0,221219988336.0,99.279,0.0,anual,108.883808,-0.326228,54.074384,19.925834,95.407,73.809524,0.69579
2020-12-04,113682.0,221219988336.0,99.279,0.0,anual,109.619542,-0.323946,55.764411,20.178888,95.407,76.061596,0.768116
2020-12-07,113625.0,221219988336.0,99.279,0.0,anual,109.564579,-0.324036,55.699374,20.130531,95.407,75.466418,0.753963
2020-12-08,113571.0,221219988336.0,99.279,0.0,anual,109.512509,-0.324117,55.550918,20.173451,95.407,75.944056,0.765998
2020-12-09,112722.0,221219988336.0,99.279,0.0,anual,108.693848,-0.3265,53.733834,20.045923,95.407,74.464119,0.729134
2020-12-10,114992.0,221219988336.0,99.279,0.0,anual,110.882729,-0.319852,57.964971,20.456809,95.407,78.854215,0.846742
2020-12-11,115323.0,221219988336.0,99.279,0.0,anual,111.2019,-0.31882,58.732805,20.512083,95.407,79.376164,0.86226
2020-12-14,114975.0,221219988336.0,99.279,0.0,anual,110.866336,-0.319755,57.916667,20.414954,95.407,78.501629,0.834046
2020-12-15,116146.0,221219988336.0,99.279,0.0,anual,111.99549,-0.316289,59.891712,21.262405,96.905,86.883721,1.076818
2020-12-16,117947.0,221219988336.0,99.279,0.0,anual,113.732131,-0.310998,63.07244,21.515899,96.905,88.331009,1.148976
2020-12-17,118157.0,221219988336.0,99.279,0.0,anual,113.934627,-0.310319,63.337495,21.638145,96.905,88.801115,1.18341
2020-12-18,117679.0,221219988336.0,99.279,0.0,anual,113.473708,-0.311634,62.354409,21.549459,96.905,88.341849,1.157323
2020-12-21,116016.0,221219988336.0,99.279,0.0,anual,111.870136,-0.316384,59.5842,21.161859,96.905,85.701021,1.045562
2020-12-22,116348.0,221219988336.0,99.279,0.0,anual,112.190272,-0.315349,60.224439,21.287163,96.905,86.914153,1.080983
2020-12-23,117857.0,221219988336.0,99.279,0.0,anual,113.645347,-0.3109,62.941421,21.501502,96.905,88.218924,1.14189
2020-12-28,119051.0,221219988336.0,99.279,0.0,anual,114.796679,-0.307366,65.199336,21.73244,96.905,89.058878,1.207479
2020-12-29,119475.0,221219988336.0,99.279,0.0,anual,115.205528,-0.306066,65.919469,21.741244,96.905,89.156627,1.209315
2020-12-30,119306.0,221219988336.0,99.279,0.0,anual,115.042567,-0.306487,65.560166,21.700913,96.905,88.93006,1.197067
2021-01-04,118558.0,221219988336.0,99.279,0.0,anual,114.321297,-0.308589,64.205724,21.68934,96.905,88.888889,1.193077
2021-01-05,119223.0,221219988336.0,99.279,0.0,anual,114.962533,-0.306588,65.422886,21.761718,96.905,89.356779,1.213146
2021-01-06,119851.0,221219988336.0,99.279,0.0,anual,115.568091,-0.304695,66.390385,21.776858,96.905,89.361702,1.21679
2021-01-07,121956.0,221219988336.0,99.279,0.0,anual,117.597868,-0.298513,68.641259,22.339794,96.905,90.984743,1.377323
2021-01-08,125077.0,221219988336.0,99.279,0.0,anual,120.607339,-0.28938,71.966874,22.772151,96.905,92.92976,1.500174
2021-01-11,122807.0,221219988336.0,99.279,0.0,anual,118.418458,-0.29591,69.536424,22.442714,96.905,91.454965,1.404769
2021-01-12,123998.0,221219988336.0,99.279,0.0,anual,119.566897,-0.292383,70.997104,22.563896,96.905,91.920591,1.43848
2021-01-13,122040.0,221219988336.0,99.279,0.0,anual,117.678867,-0.298008,68.651778,22.234269,96.905,90.35533,1.343161
2021-01-14,123481.0,221219988336.0,99.279,0.0,anual,119.068372,-0.293752,70.483671,22.562847,96.905,91.881919,1.436276
2021-01-15,120502.0,221219988336.0,99.279,0.0,anual,116.195827,-0.302347,66.942149,21.974307,96.905,89.67266,1.266951
2021-01-18,121242.0,221219988336.0,99.279,0.0,anual,116.909383,-0.300127,67.616687,22.11455,96.905,90.0,1.306297
2021-01-19,120673.0,221219988336.0,99.279,0.0,anual,116.360717,-0.301715,67.1346,21.986612,96.905,89.682174,1.268901
2021-01-20,119708.0,221219988336.0,99.279,0.0,anual,115.430201,-0.304454,65.827487,21.768787,96.905,88.950276,1.20586
2021-01-21,118443.0,221219988336.0,99.279,0.0,anual,114.210406,-0.308066,63.613861,21.538104,96.905,87.66682,1.139224
2021-01-22,117172.0,221219988336.0,99.279,0.0,anual,112.984826,-0.311695,60.865979,21.351233,96.905,86.75253,1.085192
2021-01-26,116464.0,221219988336.0,99.279,0.0,anual,112.302127,-0.313686,59.851608,21.125619,96.905,84.505747,1.020137
2021-01-27,115882.0,221219988336.0,99.279,0.0,anual,111.740924,-0.315309,58.755665,21.007883,96.905,83.180147,0.985992
2021-01-28,119314.0,221219988336.0,99.279,0.0,anual,115.050281,-0.305244,65.362438,21.519774,96.905,87.597611,1.131912
2021-01-29,116007.0,221219988336.0,99.279,0.0,anual,111.861458,-0.314807,58.995471,20.857363,96.905,82.139578,0.94192
2021-02-01,117365.0,221219988336.0,99.279,0.0,anual,113.170929,-0.31078,61.399177,21.377004,96.905,86.828821,1.090098
2021-02-02,118234.0,221219988336.0,99.279,0.0,anual,114.008875,-0.308178,63.183875,21.461984,96.984,87.247706,1.113847
2021-02-03,119725.0,221219988336.0,99.279,0.0,anual,115.446594,-0.303764,66.077303,21.769398,96.984,88.995873,1.201149
2021-02-04,119261.0,221219988336.0,99.279,0.0,anual,114.999175,-0.305048,65.228113,21.673883,96.984,88.267644,1.173178
2021-02-05,119925.0,221219988336.0,99.279,0.0,anual,115.639447,-0.303044,66.3106,21.871561,96.984,89.46404,1.229031
2021-02-08,119516.0,221219988336.0,99.279,0.0,anual,115.245062,-0.304169,65.790554,21.830181,96.984,89.194139,1.216502
2021-02-09,119429.0,221219988336.0,99.279,0.0,anual,115.161171,-0.304354,65.558292,21.821233,96.984,89.153318,1.213255
2021-02-10,118430.0,221219988336.0,99.279,0.0,anual,114.197871,-0.3072,63.479688,21.620049,96.984,87.831656,1.155093
2021-02-11,119235.0,221219988336.0,99.279,0.0,anual,114.974104,-0.304782,65.09434,21.704333,96.984,88.385917,1.178555
2021-02-12,119116.0,221219988336.0,99.279,0.0,anual,114.859357,-0.305061,64.862649,21.74959,96.984,88.57404,1.190839
2021-02-17,120391.0,221219988336.0,99.279,0.0,anual,116.088794,-0.301272,66.92623,21.89379,96.984,89.584285,1.231365
2021-02-18,119140.0,221219988336.0,99.279,0.0,anual,114.882499,-0.304856,64.891438,21.715864,96.984,88.310502,1.179847
2021-02-19,118748.0,221219988336.0,99.279,0.0,anual,114.504507,-0.305933,64.250614,21.59761,96.984,87.494295,1.145434
2021-02-22,112668.0,221219988336.0,99.279,0.0,anual,108.641778,-0.323618,52.640196,20.491792,97.287,77.600365,0.828988
2021-02-23,115227.0,221219988336.0,99.279,0.0,anual,111.109331,-0.316071,57.446809,21.050594,97.287,83.173735,0.988302
2021-02-24,115668.0,221219988336.0,99.279,0.0,anual,111.534572,-0.314712,58.200409,21.117598,97.287,83.865087,1.006996
2021-02-25,112256.0,221219988336.0,99.279,0.0,anual,108.244501,-0.324609,51.921504,20.540984,97.287,78.041002,0.841816
2021-02-26,110035.0,221219988336.0,99.279,0.0,anual,106.102869,-0.331026,48.917041,20.137618,97.287,73.770492,0.726234
2021-03-01,110335.0,221219988336.0,99.279,0.0,anual,106.392148,-0.330074,49.346405,20.185564,97.832,74.510696,0.739684
2021-03-02,111540.0,221219988336.0,99.279,0.0,anual,107.554087,-0.326477,51.000408,20.433996,97.832,77.024568,0.810424
2021-03-03,111184.0,221219988336.0,99.279,0.0,anual,107.210809,-0.327444,50.408163,20.361805,97.832,76.307412,0.789486
2021-03-04,112690.0,221219988336.0,99.279,0.0,anual,108.662991,-0.322966,52.753978,20.618303,97.832,79.0,0.862508
2021-03-05,115202.0,221219988336.0,99.279,0.0,anual,111.085224,-0.315547,57.463295,20.916525,97.832,81.826443,0.947403
2021-03-08,110612.0,221219988336.0,99.279,0.0,anual,106.659249,-0.328903,49.571953,20.142101,97.832,73.614896,0.72563
2021-03-09,111331.0,221219988336.0,99.279,0.0,anual,107.352556,-0.326725,50.733496,20.227535,97.832,74.580118,0.749805
2021-03-10,112776.0,221219988336.0,99.279,0.0,anual,108.745918,-0.322423,52.953157,20.430491,97.832,76.905626,0.807569
2021-03-11,114984.0,221219988336.0,99.279,0.0,anual,110.875015,-0.315888,57.043974,20.85048,97.832,81.587302,0.927348
2021-03-12,114160.0,221219988336.0,99.279,0.0,anual,110.080461,-0.318229,55.799756,20.710554,97.832,79.963735,0.88695
2021-03-15,114851.0,221219988336.0,99.279,0.0,anual,110.746768,-0.316135,56.834825,20.836966,97.832,81.422746,0.922736
2021-03-16,114019.0,221219988336.0,99.279,0.0,anual,109.944499,-0.318501,55.429036,20.718844,97.832,80.072464,0.888574
2021-03-17,116549.0,221219988336.0,99.279,0.0,anual,112.384089,-0.311019,59.95935,21.14278,97.832,84.382073,1.009432
2021-03-18,114835.0,221219988336.0,99.279,0.0,anual,110.731339,-0.315971,56.765542,20.83377,97.832,81.266968,0.920617
2021-03-19,116222.0,221219988336.0,99.279,0.0,anual,112.068774,-0.311836,59.463851,20.998904,97.832,82.632293,0.967451
2021-03-22,114979.0,221219988336.0,99.279,0.0,anual,110.870193,-0.31541,57.044255,20.756845,97.832,80.424955,0.89781
2021-03-23,113262.0,221219988336.0,99.279,0.0,anual,109.214551,-0.320372,53.774351,20.458599,97.832,76.954361,0.812148
2021-03-24,112064.0,221219988336.0,99.279,0.0,anual,108.059362,-0.323813,51.561866,20.23665,97.832,74.254743,0.748358
2021-03-25,113750.0,221219988336.0,99.279,0.0,anual,109.685112,-0.318797,54.906732,20.527366,97.832,77.607223,0.831258
2021-03-26,114781.0,221219988336.0,99.279,0.0,anual,110.679269,-0.315702,56.708553,20.705611,97.832,79.738267,0.88193
2021-03-29,115419.0,221219988336.0,99.279,0.0,anual,111.29447,-0.31376,58.225284,20.806121,97.832,81.100586,0.910329
2021-03-30,116850.0,221219988336.0,99.279,0.0,anual,112.674333,-0.309492,60.510328,21.045537,97.832,83.137962,0.97844
2021-03-31,116634.0,221219988336.0,99.279,0.0,anual,112.466052,-0.310057,60.121457,21.075004,97.832,83.64128,0.986438
2021-04-01,115253.0,221219988336.0,99.279,0.0,anual,111.134402,-0.314041,57.830838,20.819416,97.832,81.171171,0.912886
2021-04-05,117518.0,184709215109.0,99.841,0.0,anual,135.717694,-0.239132,83.454693,22.251737,98.394,90.679874,1.322155
2021-04-06,117499.0,184709215109.0,99.841,0.0,anual,135.695752,-0.239148,83.420946,22.248355,98.394,90.639064,1.320371
2021-04-07,117624.0,184709215109.0,99.841,0.0,anual,135.84011,-0.238657,83.548909,22.312299,98.394,90.958165,1.337832
2021-04-08,118313.0,184709215109.0,99.841,0.0,anual,136.635814,-0.236182,83.79798,22.4062,98.394,91.18705,1.363826
2021-04-09,117670.0,184709215109.0,99.841,0.0,anual,135.893234,-0.238395,83.562197,22.293037,98.394,90.786517,1.330619
2021-04-12,118812.0,184709215109.0,99.841,0.0,anual,137.212092,-0.234325,84.174405,22.491535,98.394,91.823899,1.38649
2021-04-13,119297.0,184709215109.0,99.841,0.0,anual,137.772203,-0.232568,84.422922,22.53257,98.394,91.962281,1.397299
2021-04-14,120295.0,184709215109.0,99.841,0.0,anual,138.92476,-0.229005,84.711577,22.740834,98.394,93.043088,1.455829
2021-04-15,120701.0,184709215109.0,99.841,0.0,anual,139.393637,-0.227527,84.758065,22.771783,98.394,93.091072,1.463643
2021-04-16,121114.0,184709215109.0,99.841,0.0,anual,139.870597,-0.226024,84.925433,22.913946,98.394,93.632287,1.503172
2021-04-19,120934.0,184709215109.0,99.841,0.0,anual,139.662721,-0.22661,84.891217,22.812807,98.394,93.186912,1.473228
2021-04-20,120062.0,184709215109.0,99.841,0.0,anual,138.655676,-0.229634,84.534837,22.664409,98.394,92.428315,1.429864
2021-04-22,119371.0,184709215109.0,99.841,0.0,anual,137.857663,-0.232021,84.259259,22.559105,98.394,91.84953,1.398865
2021-04-23,120530.0,184709215109.0,99.841,0.0,anual,139.196154,-0.227887,84.668008,22.790957,98.394,93.061773,1.464029
2021-04-26,120595.0,184709215109.0,99.841,0.0,anual,139.271221,-0.227609,84.674175,22.799648,98.394,93.154362,1.465477
2021-04-27,119388.0,184709215109.0,99.841,0.0,anual,137.877296,-0.231817,84.238038,22.618491,98.394,92.084079,1.412834
2021-04-28,121053.0,184709215109.0,99.841,0.0,anual,139.80015,-0.225896,84.927653,22.984311,98.394,94.009835,1.516082
2021-04-29,120066.0,184709215109.0,99.841,0.0,anual,138.660296,-0.22933,84.451587,22.798992,98.394,93.074173,1.4622
2021-04-30,118894.0,184709215109.0,99.841,0.0,anual,137.306791,-0.233416,83.7751,22.575645,98.875,91.782046,1.397592
2021-05-03,119209.0,184709215109.0,99.841,0.0,anual,137.670575,-0.232255,83.902047,22.59565,98.875,91.875,1.402365
2021-05-04,117712.0,184709215109.0,99.841,0.0,anual,135.941738,-0.237489,83.065811,22.321297,98.875,90.361446,1.323356
2021-05-05,119564.0,184709215109.0,99.841,0.0,anual,138.080552,-0.230902,84.23586,22.618276,98.875,91.971454,1.40705
2021-05-06,119921.0,184709215109.0,99.841,0.0,anual,138.49284,-0.229592,84.322374,22.835474,98.875,93.223362,1.467899
2021-05-07,122038.0,184709215109.0,99.841,0.0,anual,140.937694,-0.222068,85.490982,23.21017,98.875,94.919786,1.573405
2021-05-10,121909.0,184709215109.0,99.841,0.0,anual,140.788716,-0.222477,85.416667,23.189234,98.875,94.610245,1.566238
2021-05-11,122964.0,184709215109.0,99.841,0.0,anual,142.007101,-0.218704,85.98318,23.452608,98.875,95.903829,1.639858
2021-05-12,119710.0,184709215109.0,99.841,0.0,anual,138.249163,-0.230155,84.147318,22.794734,98.875,92.879395,1.45166
2021-05-13,120706.0,184709215109.0,99.841,0.0,anual,139.399411,-0.226587,84.67387,23.014408,98.875,93.950178,1.513043
2021-05-14,121881.0,184709215109.0,99.841,0.0,anual,140.75638,-0.222386,85.36,23.196792,98.875,94.708759,1.563712
2021-05-17,122938.0,184709215109.0,99.841,0.0,anual,141.977075,-0.218602,85.965614,23.435038,98.875,95.733333,1.630119
2021-05-18,122980.0,184709215109.0,99.841,0.0,anual,142.025579,-0.218408,86.011191,23.460542,98.875,95.957352,1.636029
2021-05-19,122636.0,184709215109.0,99.841,0.0,anual,141.628305,-0.219579,85.697163,23.386021,98.875,95.648313,1.613565
2021-05-20,122701.0,184709215109.0,99.841,0.0,anual,141.703371,-0.219303,85.702875,23.394646,98.875,95.650244,1.61472
2021-05-21,122592.0,184709215109.0,99.841,0.0,anual,141.577491,-0.219643,85.628743,23.333747,98.875,95.252884,1.596174
2021-05-24,124032.0,184709215109.0,99.841,0.0,anual,143.2405,-0.214501,86.711891,23.567767,98.875,96.230599,1.661199
2021-05-25,122988.0,184709215109.0,99.841,0.0,anual,142.034818,-0.218152,85.999202,23.365192,98.875,95.434397,1.602464
2021-05-26,123989.0,184709215109.0,99.841,0.0,anual,143.19084,-0.214563,86.562998,23.557284,98.875,96.145326,1.655563
2021-05-27,124367.0,184709215109.0,99.841,0.0,anual,143.62738,-0.213179,86.887206,23.592233,98.875,96.324181,1.66408
2021-05-28,125561.0,184709215109.0,99.841,0.0,anual,145.006292,-0.208907,87.450199,23.809828,98.875,96.768482,1.724218
2021-05-31,126216.0,184709215109.0,99.841,0.0,anual,145.76273,-0.206543,87.614496,23.981746,98.875,96.99115,1.771287
2021-06-01,128267.0,184709215109.0,99.841,0.0,anual,148.131363,-0.199234,88.61465,24.24663,98.875,97.125166,1.844477
2021-06-02,129601.0,184709215109.0,99.841,0.0,anual,149.671955,-0.194466,89.216076,24.488022,98.875,97.745358,1.91081
2021-06-04,130126.0,184709215109.0,99.841,0.0,anual,150.278261,-0.192565,89.498807,24.562349,98.875,97.790544,1.92981
2021-06-07,130776.0,184709215109.0,99.841,0.0,anual,151.028925,-0.190221,89.622266,24.631135,98.875,97.879859,1.947186
2021-06-08,129787.0,184709215109.0,99.841,0.0,anual,149.886761,-0.193689,89.189189,24.437679,98.875,97.571744,1.890634
2021-06-09,129907.0,184709215109.0,99.841,0.0,anual,150.025345,-0.193223,89.272944,24.45388,98.875,97.572816,1.893288
2021-06-10,130076.0,184709215109.0,99.841,0.0,anual,150.220517,-0.192584,89.396346,24.499509,98.875,97.70622,1.904215
2021-06-11,129441.0,184709215109.0,99.841,0.0,anual,149.487177,-0.194797,89.003573,24.449875,98.875,97.486772,1.888316
2021-06-14,130208.0,184709215109.0,99.841,0.0,anual,150.37296,-0.192035,89.484127,24.552533,98.875,97.708242,1.915271
2021-06-15,130091.0,184709215109.0,99.841,0.0,anual,150.23784,-0.192515,89.365079,24.484374,98.875,97.531952,1.893625
2021-06-16,129259.0,184709215109.0,99.841,0.0,anual,149.276991,-0.195532,88.769841,24.310093,98.875,96.826796,1.842268
2021-06-17,128057.0,184709215109.0,99.841,0.0,anual,147.88884,-0.199861,88.174603,24.060895,98.875,96.562362,1.77006
2021-06-18,128405.0,184709215109.0,99.841,0.0,anual,148.290734,-0.198689,88.333333,24.176043,98.875,96.606435,1.800217
2021-06-21,129265.0,184709215109.0,99.841,0.0,anual,149.28392,-0.195701,88.809524,24.364187,98.875,96.959013,1.850724
2021-06-22,128767.0,184709215109.0,99.841,0.0,anual,148.708796,-0.197535,88.412698,24.305957,98.875,96.738651,1.832095
2021-06-23,128428.0,184709215109.0,99.841,0.0,anual,148.317296,-0.198806,88.253968,24.238907,98.875,96.562362,1.811061
2021-06-24,129514.0,184709215109.0,99.841,0.0,anual,149.571482,-0.19502,88.928571,24.323761,98.875,96.826796,1.832567
2021-06-25,127256.0,184709215109.0,99.841,0.0,anual,146.963792,-0.203103,87.539683,23.945417,98.875,96.165712,1.72457
2021-06-28,127429.0,184709215109.0,99.841,0.0,anual,147.163584,-0.202555,87.579365,24.046587,98.875,96.253856,1.750817
2021-06-29,127327.0,184709215109.0,99.841,0.0,anual,147.045787,-0.202986,87.539683,24.035147,98.875,96.209784,1.745553
2021-06-30,126802.0,184709215109.0,99.841,0.0,anual,146.439482,-0.204916,87.142857,23.905788,98.875,95.989423,1.707405
2021-07-01,125666.0,184709215109.0,99.841,0.0,anual,145.127553,-0.209013,86.626984,23.69588,98.875,95.636844,1.64689
2021-07-02,127622.0,184709215109.0,99.841,0.0,anual,147.386473,-0.202134,87.738095,24.080855,98.875,96.386073,1.752357
2021-07-05,126920.0,184709215109.0,99.841,0.0,anual,146.575756,-0.204692,87.142857,23.925148,98.875,95.989423,1.706906
2021-07-06,125095.0,184709215109.0,99.841,0.0,anual,144.468123,-0.211235,86.269841,23.658256,98.875,95.460555,1.630621
2021-07-07,127019.0,184709215109.0,99.841,0.0,anual,146.690088,-0.204472,87.222222,24.004605,98.875,96.121639,1.72522
2021-07-08,125428.0,184709215109.0,99.841,0.0,anual,144.852694,-0.210186,86.388889,23.72698,98.875,95.5487,1.645987
2021-07-12,127594.0,184709215109.0,99.841,0.0,anual,147.354137,-0.202564,87.65873,24.127365,98.875,96.386073,1.755475
2021-07-13,128168.0,184709215109.0,99.841,0.0,anual,148.017031,-0.200597,87.97619,24.222029,98.875,96.430145,1.779715
2021-07-14,128407.0,184709215109.0,99.841,0.0,anual,148.293044,-0.199822,88.174603,24.587971,99.249,97.752314,1.879206
2021-07-15,127468.0,184709215109.0,99.841,0.0,anual,147.208624,-0.203229,87.420635,24.445972,99.249,97.311591,1.837448
2021-07-16,125960.0,184709215109.0,99.841,0.0,anual,145.467084,-0.208653,86.468254,24.191793,99.249,96.297929,1.764692
2021-07-19,124395.0,184709215109.0,99.841,0.0,anual,143.659716,-0.214276,85.595238,23.868038,99.249,95.5487,1.672861
2021-07-20,125401.0,184709215109.0,99.841,0.0,anual,144.821513,-0.210771,86.150794,24.016887,99.249,95.901278,1.712244
2021-07-21,125929.0,184709215109.0,99.841,0.0,anual,145.431283,-0.208966,86.428571,24.106776,99.249,96.165712,1.735201
2021-07-22,126147.0,184709215109.0,99.841,0.0,anual,145.683044,-0.208261,86.507937,24.218816,99.249,96.297929,1.764231
2021-07-23,125053.0,184709215109.0,99.841,0.0,anual,144.419619,-0.212216,85.833333,24.02316,99.249,95.813134,1.708048
2021-07-26,126004.0,184709215109.0,99.841,0.0,anual,145.517898,-0.20891,86.428571,24.182039,99.249,96.209784,1.750081
2021-07-27,124612.0,184709215109.0,99.841,0.0,anual,143.910323,-0.213922,85.515873,23.951908,99.249,95.592772,1.684448
2021-07-28,126286.0,184709215109.0,99.841,0.0,anual,145.84357,-0.208049,86.587302,24.2991,99.249,96.562362,1.77854
2021-07-29,125675.0,184709215109.0,99.841,0.0,anual,145.137946,-0.210291,86.150794,24.209475,99.249,96.209784,1.751724
2021-07-30,121801.0,184709215109.0,99.841,0.0,anual,140.663991,-0.224117,83.333333,23.421877,99.249,93.653592,1.532204
2021-08-02,122516.0,184709215109.0,99.841,0.0,anual,141.489721,-0.221645,83.769841,23.548218,99.249,94.138387,1.565533
2021-08-03,123577.0,184709215109.0,99.841,0.0,anual,142.715035,-0.217944,84.52381,23.78484,99.249,95.019833,1.629219
2021-08-04,121801.0,184709215109.0,99.841,0.0,anual,140.663991,-0.224317,83.253968,23.473129,99.249,93.873953,1.541456
2021-08-05,121633.0,184709215109.0,99.841,0.0,anual,140.469973,-0.224977,83.134921,23.351036,99.249,93.168797,1.506179
2021-08-06,122810.0,184709215109.0,99.841,0.0,anual,141.829252,-0.220861,84.087302,23.584171,99.249,94.314676,1.568945
2021-08-09,123019.0,184709215109.0,99.841,0.0,anual,142.070619,-0.220184,84.246032,23.599784,99.249,94.446893,1.571603
2021-08-10,122202.0,184709215109.0,99.841,0.0,anual,141.127092,-0.223149,83.373016,23.458958,99.249,93.697664,1.531127
2021-08-11,122056.0,184709215109.0,99.841,0.0,anual,140.958482,-0.223733,83.333333,23.437983,99.249,93.477303,1.523767
2021-08-12,120701.0,184709215109.0,99.841,0.0,anual,139.393637,-0.228608,82.261905,23.272272,99.249,92.551785,1.476548
2021-08-13,121194.0,184709215109.0,99.841,0.0,anual,139.962986,-0.226919,82.619048,23.325819,99.249,92.772146,1.489804
2021-08-16,119180.0,184709215109.0,99.841,0.0,anual,137.637083,-0.234135,81.230159,22.955496,99.249,90.921111,1.386346
2021-08-17,117904.0,184709215109.0,99.841,0.0,anual,136.163473,-0.238728,80.515873,22.609893,99.249,88.805641,1.289863
2021-08-18,116643.0,184709215109.0,99.841,0.0,anual,134.707185,-0.243266,79.444444,22.322576,99.249,87.263112,1.209565
2021-08-19,117165.0,184709215109.0,99.841,0.0,anual,135.310026,-0.241469,79.68254,22.334001,99.249,87.263112,1.211614
2021-08-20,118053.0,184709215109.0,99.841,0.0,anual,136.335548,-0.238375,80.555556,22.519063,99.249,88.232702,1.261459
2021-08-23,117472.0,184709215109.0,99.841,0.0,anual,135.66457,-0.240501,79.960317,22.36579,99.249,87.307184,1.21812
2021-08-24,120211.0,184709215109.0,99.841,0.0,anual,138.827752,-0.230835,81.944444,22.913013,99.249,90.612605,1.367605
2021-08-25,120818.0,184709215109.0,99.841,0.0,anual,139.528756,-0.228746,82.420635,22.998787,99.249,91.0974,1.389906
2021-08-26,118724.0,184709215109.0,99.841,0.0,anual,137.110464,-0.236251,80.833333,22.602066,99.249,88.673424,1.279451
2021-08-27,120678.0,184709215109.0,99.841,0.0,anual,139.367075,-0.229377,82.103175,22.99233,99.249,91.053327,1.385615
2021-08-30,119740.0,184709215109.0,99.841,0.0,anual,138.283809,-0.232777,81.587302,22.782359,99.249,89.731159,1.326557
2021-08-31,118781.0,184709215109.0,99.841,0.0,anual,137.176291,-0.236249,80.833333,22.550249,99.249,88.188629,1.261493
2021-09-01,119396.0,184709215109.0,99.841,0.0,anual,137.886535,-0.23413,81.428571,22.66451,99.249,89.070075,1.291754
2021-09-02,116677.0,184709215109.0,99.841,0.0,anual,134.746451,-0.243854,79.047619,22.203454,99.249,86.029088,1.163808
2021-09-03,116933.0,184709215109.0,99.841,0.0,anual,135.042097,-0.243007,79.126984,22.246547,99.249,86.249449,1.174627
2021-09-06,117869.0,184709215109.0,99.841,0.0,anual,136.123052,-0.239743,80.119048,22.409522,99.249,87.130895,1.21839
2021-09-08,113413.0,184709215109.0,99.841,0.0,anual,130.976964,-0.255633,76.031746,21.591838,99.249,83.120317,0.992459
2021-09-09,115361.0,184709215109.0,99.841,0.0,anual,133.226645,-0.248769,77.380952,21.932052,99.249,85.191714,1.08514
2021-09-10,114286.0,184709215109.0,99.841,0.0,anual,131.985163,-0.252644,76.468254,21.722249,99.249,83.913618,1.026489
2021-09-13,116404.0,184709215109.0,99.841,0.0,anual,134.431172,-0.245174,78.611111,22.104626,99.249,85.632437,1.130719
2021-09-14,116181.0,184709215109.0,99.841,0.0,anual,134.173636,-0.246025,78.293651,22.048822,99.249,85.544293,1.114369
2021-09-15,115063.0,184709215109.0,99.841,0.0,anual,132.882495,-0.250055,76.944444,21.867354,99.249,84.839136,1.06349
2021-09-16,113794.0,184709215109.0,99.841,0.0,anual,131.416968,-0.254621,76.111111,21.638841,99.249,83.296606,0.999726
2021-09-17,111439.0,184709215109.0,99.841,0.0,anual,128.697256,-0.263045,73.968254,21.265362,99.249,80.872631,0.896151
2021-09-20,108844.0,184709215109.0,99.841,0.0,anual,125.700375,-0.27232,70.992063,20.77625,99.249,75.716175,0.760824
2021-09-21,110250.0,184709215109.0,99.841,0.0,anual,127.324119,-0.267379,72.103175,21.070101,99.249,78.801234,0.840945
2021-09-22,112282.0,184709215109.0,99.841,0.0,anual,129.670809,-0.260215,74.761905,21.44621,99.249,82.106655,0.943655
2021-09-23,114064.0,184709215109.0,99.841,0.0,anual,131.728782,-0.253943,76.309524,21.48121,99.249,82.282944,0.952456
2021-09-24,113283.0,184709215109.0,99.841,0.0,anual,130.826831,-0.256779,75.555556,21.320766,99.249,81.269282,0.907472
2021-09-27,113583.0,184709215109.0,99.841,0.0,anual,131.173291,-0.255776,75.912698,21.39898,99.249,81.798149,0.9282
2021-09-28,110124.0,184709215109.0,99.841,0.0,anual,127.178605,-0.268127,71.746032,20.797036,99.249,75.760247,0.761667
2021-09-29,111107.0,184709215109.0,99.841,0.0,anual,128.31384,-0.264692,73.214286,20.932033,99.249,76.950198,0.798122
2021-09-30,110979.0,184709215109.0,99.841,0.0,anual,128.166017,-0.265202,72.936508,20.955347,99.249,77.126487,0.803804
2021-10-01,112900.0,184709215109.0,99.841,0.0,anual,130.384517,-0.258433,75.079365,21.253893,99.249,80.520053,0.8853
2021-10-04,110393.0,184709215109.0,99.841,0.0,anual,127.489265,-0.2674,71.984127,20.557455,99.249,72.587043,0.692629
2021-10-05,110458.0,184709215109.0,99.841,0.0,anual,127.564331,-0.267226,72.103175,20.556716,99.249,72.54297,0.691737
2021-10-06,110560.0,184709215109.0,99.841,0.0,anual,127.682127,-0.266923,72.222222,20.581526,99.249,72.807404,0.697886
2021-10-07,110585.0,184709215109.0,99.841,0.0,anual,127.710999,-0.266892,72.301587,20.59352,99.249,73.027766,0.700499
2021-10-08,112833.0,184709215109.0,99.841,0.0,anual,130.307141,-0.258962,75.039683,20.979629,99.249,77.346849,0.806289
2021-10-11,112180.0,184709215109.0,99.841,0.0,anual,129.553012,-0.261345,74.444444,20.90864,99.249,76.641692,0.785964
2021-10-13,113456.0,184709215109.0,99.841,0.0,anual,131.026623,-0.256874,75.753968,21.08545,99.249,78.757162,0.834011
2021-10-14,113185.0,184709215109.0,99.841,0.0,anual,130.713654,-0.257905,75.357143,21.056885,99.249,78.316439,0.825374
2021-10-15,114648.0,184709215109.0,99.841,0.0,anual,132.403225,-0.252779,76.547619,21.299826,99.249,81.04892,0.891706
2021-10-18,114428.0,184709215109.0,99.841,0.0,anual,132.149154,-0.253637,76.507937,21.267714,99.249,80.65227,0.882084
2021-10-19,110673.0,184709215109.0,99.841,0.0,anual,127.812627,-0.267065,72.222222,20.607864,99.249,72.895549,0.699048
2021-10-20,110786.0,184709215109.0,99.841,0.0,anual,127.943127,-0.266736,72.261905,20.596047,99.249,72.763332,0.695093
2021-10-21,107735.0,184709215109.0,99.841,0.0,anual,124.419627,-0.277653,69.087302,20.00485,99.249,66.328779,0.530841
2021-10-22,106296.0,184709215109.0,99.841,0.0,anual,122.757773,-0.282832,68.333333,19.744043,99.249,63.684442,0.457975
2021-10-25,108715.0,184709215109.0,99.841,0.0,anual,125.551397,-0.274297,70.039683,20.225853,99.249,68.444249,0.590748
2021-10-26,106420.0,184709215109.0,99.841,0.0,anual,122.900977,-0.282517,68.293651,19.800572,99.249,64.169238,0.472244
2021-10-27,106363.0,184709215109.0,99.841,0.0,anual,122.835149,-0.282781,68.253968,19.793533,99.249,64.081093,0.469635
2021-10-28,105705.0,184709215109.0,99.841,0.0,anual,122.075247,-0.285179,67.936508,19.655449,99.249,62.318202,0.430677
2021-10-29,103501.0,184709215109.0,99.841,0.0,anual,119.529919,-0.293075,66.428571,19.219763,99.249,57.205818,0.309102
2021-11-01,105551.0,184709215109.0,99.841,0.0,anual,121.897397,-0.285849,67.81746,19.576524,99.249,60.907889,0.407473
2021-11-03,105617.0,184709215109.0,99.841,0.0,anual,121.973618,-0.285678,67.81746,19.576159,99.249,60.863817,0.406688
2021-11-04,103412.0,184709215109.0,99.841,0.0,anual,119.427136,-0.293577,66.190476,19.109335,99.249,56.544733,0.276242
2021-11-05,104824.0,184709215109.0,99.841,0.0,anual,121.057809,-0.288615,67.420635,19.32073,99.249,57.999119,0.334355
2021-11-08,104781.0,184709215109.0,99.841,0.0,anual,121.008149,-0.288829,67.380952,19.339668,99.249,58.175408,0.338942
2021-11-09,105535.0,184709215109.0,99.841,0.0,anual,121.878919,-0.286209,67.738095,19.454207,99.249,59.144998,0.370163
2021-11-10,105968.0,184709215109.0,99.841,0.0,anual,122.378977,-0.284729,67.97619,19.586091,99.249,60.907889,0.406245
2021-11-11,107725.0,184709215109.0,99.841,0.0,anual,124.408079,-0.278541,69.007937,19.911818,99.249,65.403261,0.496371
2021-11-12,106312.0,184709215109.0,99.841,0.0,anual,122.776251,-0.283623,68.174603,19.695407,99.249,62.802997,0.435373
2021-11-16,104508.0,184709215109.0,99.841,0.0,anual,120.692871,-0.29009,67.142857,19.346461,99.249,58.043191,0.337397
2021-11-17,102945.0,184709215109.0,99.841,0.0,anual,118.887813,-0.2957,65.198413,19.086368,99.249,56.059938,0.264167
2021-11-18,102524.0,184709215109.0,99.841,0.0,anual,118.401614,-0.297252,64.484127,18.970677,99.249,55.178493,0.231203
2021-11-19,103035.0,184709215109.0,99.841,0.0,anual,118.991751,-0.295486,65.357143,19.119669,99.249,56.368444,0.272188
2021-11-22,102122.0,184709215109.0,99.841,0.0,anual,117.937357,-0.298781,64.007937,19.024261,99.479,55.486999,0.244907
2021-11-23,103663.0,184709215109.0,99.841,0.0,anual,119.717008,-0.293354,66.269841,19.301888,99.479,57.338034,0.321888
2021-11-24,104514.0,184709215109.0,99.841,0.0,anual,120.6998,-0.290383,67.142857,19.435131,99.479,58.748347,0.358512
2021-11-25,105811.0,184709215109.0,99.841,0.0,anual,122.197663,-0.285827,67.81746,19.672903,99.479,62.27413,0.424402
2021-11-26,102224.0,184709215109.0,99.841,0.0,anual,118.055154,-0.298637,63.968254,19.035658,99.479,55.486999,0.24535
2021-11-29,102814.0,184709215109.0,99.841,0.0,anual,118.736525,-0.29659,64.84127,19.1488,99.479,56.544733,0.276404
2021-11-30,101915.0,184709215109.0,99.841,0.0,anual,117.6983,-0.299837,63.412698,18.947994,99.479,54.517409,0.219505
2021-12-01,100775.0,184709215109.0,99.841,0.0,anual,116.381751,-0.30394,61.865079,18.782908,99.479,53.19524,0.172596
2021-12-02,104466.0,184709215109.0,99.841,0.0,anual,120.644366,-0.290864,66.984127,19.283664,99.479,57.117673,0.312406
2021-12-03,105070.0,184709215109.0,99.841,0.0,anual,121.341906,-0.288771,67.380952,19.426643,99.479,58.483914,0.351881
2021-12-06,106859.0,184709215109.0,99.841,0.0,anual,123.407964,-0.28247,68.452381,19.704103,99.479,62.935214,0.429096
2021-12-07,107558.0,184709215109.0,99.841,0.0,anual,124.215216,-0.280049,68.849206,19.77716,99.479,63.816659,0.448939
2021-12-08,108096.0,184709215109.0,99.841,0.0,anual,124.836534,-0.278199,69.52381,19.876153,99.479,64.830322,0.476085
2021-12-09,106291.0,184709215109.0,99.841,0.0,anual,122.751999,-0.284682,67.97619,19.591756,99.479,60.7316,0.395442
2021-12-10,107758.0,184709215109.0,99.841,0.0,anual,124.446189,-0.279528,69.166667,19.838785,99.479,64.477743,0.464268
2021-12-13,107383.0,184709215109.0,99.841,0.0,anual,124.013114,-0.280927,68.611111,19.82683,99.479,64.345527,0.460229
2021-12-14,106760.0,184709215109.0,99.841,0.0,anual,123.293632,-0.283209,68.174603,19.686599,99.479,62.318202,0.420052
2021-12-15,107370.0,184709215109.0,99.841,0.0,anual,123.998101,-0.281108,68.571429,19.753347,99.479,63.420009,0.438174
2021-12-16,108212.0,184709215109.0,99.841,0.0,anual,124.970499,-0.278183,69.642857,19.898753,99.479,65.226972,0.478491
2021-12-17,107201.0,184709215109.0,99.841,0.0,anual,123.802928,-0.281849,68.293651,19.688557,99.479,62.230057,0.418481
2021-12-20,105020.0,184709215109.0,99.841,0.0,anual,121.284163,-0.289672,66.944444,19.252681,99.479,56.456589,0.294693
2021-12-21,105500.0,184709215109.0,99.841,0.0,anual,121.838499,-0.28803,67.142857,19.333952,99.479,57.293962,0.316943
2021-12-22,105244.0,184709215109.0,99.841,0.0,anual,121.542853,-0.289002,67.063492,19.264216,99.479,56.456589,0.29653
2021-12-23,104891.0,184709215109.0,99.841,0.0,anual,121.135185,-0.290318,66.706349,19.174265,99.479,55.927721,0.270383
2021-12-27,105531.0,184709215109.0,99.841,0.0,anual,121.8743,-0.2881,67.142857,19.305642,99.479,56.721022,0.306894
2021-12-28,104864.0,184709215109.0,99.841,0.0,anual,121.104003,-0.290531,66.626984,19.182819,99.479,55.927721,0.271422
2021-12-29,104107.0,184709215109.0,99.841,0.0,anual,120.229769,-0.293283,65.833333,19.051041,99.479,54.781842,0.233373
2021-12-30,104822.0,184709215109.0,99.841,0.0,anual,121.055499,-0.290796,66.507937,19.172414,99.479,55.795505,0.267107
2022-01-03,103922.0,184709215109.0,99.841,0.0,anual,120.016118,-0.294055,65.555556,18.98196,99.479,54.076686,0.21237
2022-01-04,103514.0,184709215109.0,99.841,0.0,anual,119.544933,-0.295565,65.119048,18.940925,99.479,53.459674,0.200011
2022-01-05,101006.0,184709215109.0,99.841,0.0,anual,116.648525,-0.304542,61.150794,18.476266,99.479,50.066108,0.067284
2022-01-06,101561.0,184709215109.0,99.841,0.0,anual,117.289477,-0.302615,61.865079,18.549559,99.479,50.639048,0.087428
2022-01-07,102719.0,184709215109.0,99.841,0.0,anual,118.626813,-0.298546,63.690476,18.742427,99.479,52.005289,0.141601
2022-01-10,101945.0,184709215109.0,99.841,0.0,anual,117.732946,-0.30135,62.539683,18.590978,99.479,50.947554,0.097814
2022-01-11,103779.0,184709215109.0,99.841,0.0,anual,119.850972,-0.29487,65.47619,18.929572,99.479,53.371529,0.193559
2022-01-12,105686.0,184709215109.0,99.841,0.0,anual,122.053304,-0.288132,67.34127,19.300298,99.479,56.632878,0.298535
2022-01-13,105530.0,184709215109.0,99.841,0.0,anual,121.873145,-0.28874,67.063492,19.294797,99.479,56.588806,0.296324
2022-01-14,106928.0,184709215109.0,99.841,0.0,anual,123.487649,-0.28382,68.174603,19.533057,99.479,59.541648,0.363606
2022-01-17,106692.0,184709215109.0,99.841,0.0,anual,123.215101,-0.284714,67.936508,19.432948,99.479,58.131335,0.334404
2022-01-18,106522.0,184709215109.0,99.841,0.0,anual,123.018773,-0.285372,67.896825,19.531245,99.479,59.497576,0.361825
2022-01-19,108013.0,184709215109.0,99.841,0.0,anual,124.74068,-0.280118,69.285714,19.771854,99.479,63.596298,0.429895
2022-01-20,109102.0,184709215109.0,99.841,0.0,anual,125.998331,-0.276298,70.277778,19.954592,99.479,65.799912,0.481447
2022-01-21,108942.0,184709215109.0,99.841,0.0,anual,125.813552,-0.276926,70.119048,19.928253,99.479,65.623623,0.473268
2022-01-24,107752.0,184709215109.0,99.841,0.0,anual,124.43926,-0.281219,68.968254,19.751604,99.479,63.155575,0.422119
2022-01-25,109845.0,184709215109.0,99.841,0.0,anual,126.856397,-0.273827,71.031746,20.179432,99.479,68.09167,0.54382
2022-01-26,111573.0,184709215109.0,99.841,0.0,anual,128.852008,-0.267736,73.650794,20.434065,99.479,70.912296,0.615999
2022-01-27,112315.0,184709215109.0,99.841,0.0,anual,129.70892,-0.265157,74.484127,20.662312,99.479,73.424416,0.680632
2022-01-28,111478.0,184709215109.0,99.841,0.0,anual,128.742296,-0.268199,73.531746,20.553007,99.479,72.014103,0.648653
2022-01-31,112388.0,184709215109.0,99.841,0.0,anual,129.793225,-0.265025,74.52381,20.611504,99.479,73.071838,0.664718
2022-02-01,113147.0,184709215109.0,99.841,0.0,anual,130.669769,-0.26239,75.238095,20.793466,99.479,75.231379,0.716153
2022-02-02,112161.0,184709215109.0,99.841,0.0,anual,129.53107,-0.265967,74.126984,20.597771,99.479,72.631115,0.659371
2022-02-03,111696.0,184709215109.0,99.841,0.0,anual,128.994057,-0.26769,73.650794,20.590898,99.479,72.366681,0.656714
2022-02-04,112245.0,184709215109.0,99.841,0.0,anual,129.628079,-0.265803,74.166667,20.675518,99.479,73.600705,0.680299
2022-02-07,111996.0,184709215109.0,99.841,0.0,anual,129.340517,-0.266758,73.888889,20.599137,99.479,72.587043,0.657689
2022-02-08,112234.0,184709215109.0,99.841,0.0,anual,129.615375,-0.265977,74.126984,20.586252,99.479,72.190392,0.653302
2022-02-09,112461.0,184709215109.0,99.841,0.0,anual,129.87753,-0.265236,74.563492,20.622759,99.479,73.11591,0.663101
2022-02-10,113359.0,184709215109.0,99.841,0.0,anual,130.914601,-0.262105,75.47619,20.798648,99.479,75.407669,0.712945
2022-02-11,113572.0,184709215109.0,99.841,0.0,anual,131.160588,-0.261411,75.793651,20.838638,99.479,76.02468,0.723734
2022-02-14,113807.0,184709215109.0,99.841,0.0,anual,131.431982,-0.260639,75.992063,20.880794,99.479,76.333186,0.735146
2022-02-15,114660.0,184709215109.0,99.841,0.0,anual,132.417083,-0.257666,76.547619,21.058176,99.479,78.228294,0.785437
2022-02-16,115181.0,184709215109.0,99.841,0.0,anual,133.018769,-0.255874,76.984127,21.131446,99.479,79.197885,0.805774
2022-02-17,113528.0,184709215109.0,99.841,0.0,anual,131.109774,-0.261824,75.595238,20.833762,99.479,75.672102,0.719402
2022-02-18,112768.0,184709215109.0,99.841,0.0,anual,130.232074,-0.264594,74.444444,20.726757,99.479,74.217717,0.687906
2022-02-21,111725.0,184709215109.0,99.841,0.0,anual,129.027548,-0.26837,73.333333,20.531114,99.479,71.132658,0.630898
2022-02-22,112892.0,184709215109.0,99.841,0.0,anual,130.375278,-0.264279,74.603175,20.768287,99.479,74.614368,0.698513
2022-02-23,112008.0,184709215109.0,99.841,0.0,anual,129.354375,-0.26749,73.492063,20.651686,99.479,72.895549,0.664231
2022-02-24,111592.0,184709215109.0,99.841,0.0,anual,128.87395,-0.269036,72.896825,20.553102,99.479,71.264874,0.635137
2022-02-25,113142.0,184709215109.0,99.841,0.0,anual,130.663995,-0.263583,74.960317,20.860632,99.479,76.112825,0.723098
2022-03-02,115174.0,184709215109.0,99.841,0.0,anual,133.010685,-0.256416,76.944444,21.241072,99.479,80.211547,0.832081
2022-03-03,115166.0,184709215109.0,99.841,0.0,anual,133.001446,-0.256517,76.904762,21.25387,99.479,80.387836,0.835031
2022-03-04,114474.0,184709215109.0,99.841,0.0,anual,132.202278,-0.259049,76.349206,21.143909,99.479,79.330101,0.802557
2022-03-07,111593.0,184709215109.0,99.841,0.0,anual,128.875105,-0.269375,72.738095,20.668213,99.479,72.939621,0.664534
2022-03-08,111203.0,184709215109.0,99.841,0.0,anual,128.424707,-0.270826,72.18254,20.605029,99.479,71.970031,0.645606
2022-03-09,113900.0,184709215109.0,99.841,0.0,anual,131.539384,-0.261285,75.833333,20.931999,99.479,76.377259,0.739353
2022-03-10,113663.0,184709215109.0,99.841,0.0,anual,131.265681,-0.262195,75.555556,20.903828,99.479,76.156897,0.730504
2022-03-11,111713.0,184709215109.0,99.841,0.0,anual,129.013689,-0.269202,72.97619,20.553648,99.479,70.912296,0.628619
2022-03-14,109928.0,184709215109.0,99.841,0.0,anual,126.952251,-0.275623,69.84127,20.235962,99.479,67.12208,0.53612
2022-03-15,108959.0,184709215109.0,99.841,0.0,anual,125.833185,-0.279134,68.849206,20.042868,99.479,64.962539,0.479636
2022-03-16,111112.0,184709215109.0,99.841,0.0,anual,128.319614,-0.271524,71.706349,20.370681,99.479,68.884971,0.573838
2022-03-17,113076.0,184709215109.0,99.841,0.0,anual,130.587774,-0.264588,74.642857,20.737848,99.479,74.0855,0.679415
2022-03-18,115311.0,184709215109.0,99.841,0.0,anual,133.168902,-0.256693,77.18254,21.153283,99.479,79.374174,0.798919
2022-03-21,116155.0,184709215109.0,99.841,0.0,anual,134.14361,-0.253753,78.253968,21.323201,99.479,81.225209,0.847342
2022-03-22,117272.0,184709215109.0,99.841,0.0,anual,135.433597,-0.249842,79.404762,21.542878,99.479,82.635522,0.91014
2022-03-23,117457.0,184709215109.0,99.841,0.0,anual,135.647247,-0.249249,79.603175,21.581994,99.479,82.723667,0.920653
2022-03-24,119053.0,184709215109.0,99.841,0.0,anual,137.490415,-0.243632,80.952381,21.862693,99.479,84.750992,1.001081
2022-03-25,119081.0,184709215109.0,99.841,0.0,anual,137.522752,-0.243601,80.952381,21.857448,99.479,84.706919,0.998687
2022-03-28,118738.0,184709215109.0,99.841,0.0,anual,137.126632,-0.244892,80.595238,21.797712,99.479,84.398413,0.980526
2022-03-29,120014.0,184709215109.0,99.841,0.0,anual,138.600243,-0.240416,81.746032,21.992731,99.479,85.323931,1.036125
2022-03-30,120260.0,184709215109.0,99.841,0.0,anual,138.88434,-0.239609,81.865079,22.026772,99.479,85.456148,1.045077
2022-03-31,119999.0,184709215109.0,99.841,0.0,anual,138.58292,-0.240605,81.666667,21.994851,99.479,85.279859,1.034919
2022-04-01,121570.0,184709215109.0,99.841,0.0,anual,140.397216,-0.235076,82.857143,22.281606,99.479,86.337594,1.117026
2022-04-04,121280.0,525307979271.0,100.0,85.455,trimestral,49.248821,-0.516234,0.039683,7.281039,99.638,0.044072,-3.222177
2022-04-05,118885.0,525307979271.0,100.0,85.455,trimestral,48.27627,-0.519173,0.039683,7.13953,99.638,0.044072,-3.255366
2022-04-06,118228.0,525307979271.0,100.0,85.455,trimestral,48.009478,-0.519934,0.039683,7.120742,99.638,0.044072,-3.253117
2022-04-07,118862.0,525307979271.0,100.0,85.455,trimestral,48.26693,-0.519076,0.079365,7.156991,99.638,0.132217,-3.235115
2022-04-08,118322.0,525307979271.0,100.0,85.455,trimestral,48.04765,-0.51969,0.079365,7.147657,99.638,0.132217,-3.230257
2022-04-11,116953.0,525307979271.0,100.0,85.455,trimestral,47.491732,-0.521341,0.039683,7.06633,99.638,0.044072,-3.245981
2022-04-12,116147.0,525307979271.0,100.0,85.455,trimestral,47.164436,-0.522286,0.039683,7.029805,99.638,0.044072,-3.24877
2022-04-13,116782.0,525307979271.0,100.0,85.455,trimestral,47.422294,-0.521423,0.079365,7.070952,99.638,0.132217,-3.229382
2022-04-14,116182.0,525307979271.0,100.0,85.455,trimestral,47.178648,-0.522106,0.079365,6.975805,99.638,0.044072,-3.248734
2022-04-18,115687.0,525307979271.0,100.0,85.455,trimestral,46.977641,-0.522656,0.039683,6.938329,99.638,0.044072,-3.251553
2022-04-19,115057.0,525307979271.0,100.0,85.455,trimestral,46.721813,-0.523375,0.039683,6.885334,99.638,0.044072,-3.25869
2022-04-20,114344.0,525307979271.0,100.0,85.455,trimestral,46.432282,-0.524196,0.039683,6.866837,99.638,0.044072,-3.255949
2022-04-22,111078.0,525307979271.0,100.0,85.455,trimestral,45.10604,-0.528213,0.039683,6.661097,99.638,0.044072,-3.305714
2022-04-25,110685.0,525307979271.0,100.0,85.455,trimestral,44.946452,-0.528631,0.039683,6.641495,99.638,0.044072,-3.302891
2022-04-26,108213.0,525307979271.0,100.0,85.455,trimestral,43.942634,-0.531655,0.039683,6.501419,99.638,0.044072,-3.333893
2022-04-27,109349.0,525307979271.0,100.0,85.455,trimestral,44.403935,-0.530157,0.079365,6.564913,99.638,0.088145,-3.307791
2022-04-28,109919.0,525307979271.0,100.0,85.455,trimestral,44.635398,-0.52937,0.119048,6.597681,99.638,0.132217,-3.290448
2022-04-29,107876.0,525307979271.0,100.0,85.455,trimestral,43.805786,-0.531854,0.039683,6.478391,99.638,0.044072,-3.315442
2022-05-02,106639.0,525307979271.0,100.0,85.455,trimestral,43.303471,-0.533325,0.039683,6.377804,99.638,0.044072,-3.334936
2022-05-03,106528.0,525307979271.0,100.0,85.455,trimestral,43.258397,-0.533386,0.039683,6.368367,99.638,0.044072,-3.329041
2022-05-04,108344.0,525307979271.0,100.0,85.455,trimestral,43.99583,-0.531036,0.198413,6.479946,99.638,0.176289,-3.289828
2022-05-05,105304.0,525307979271.0,100.0,85.455,trimestral,42.76136,-0.534765,0.039683,6.304798,99.638,0.044072,-3.329778
2022-05-06,105135.0,525307979271.0,100.0,85.455,trimestral,42.692734,-0.5349,0.039683,6.2968,99.638,0.044072,-3.323559
2022-05-09,103250.0,525307979271.0,100.0,85.455,trimestral,41.927282,-0.53718,0.039683,6.189386,99.638,0.044072,-3.344542
2022-05-10,103110.0,525307979271.0,100.0,85.455,trimestral,41.870431,-0.537276,0.039683,6.180507,99.638,0.044072,-3.338337
2022-05-11,104397.0,525307979271.0,100.0,85.455,trimestral,42.39305,-0.535584,0.119048,6.255037,99.638,0.132217,-3.309364
2022-05-12,105688.0,525307979271.0,100.0,85.455,trimestral,42.917293,-0.533886,0.238095,6.323097,99.638,0.264434,-3.282325
2022-05-13,106924.0,525307979271.0,100.0,85.455,trimestral,43.419203,-0.53226,0.357143,6.39714,99.638,0.396651,-3.253945
2022-05-16,108233.0,525307979271.0,100.0,85.455,trimestral,43.950755,-0.530546,0.47619,6.470989,99.638,0.440723,-3.226015
2022-05-17,108789.0,525307979271.0,100.0,85.455,trimestral,44.176533,-0.529774,0.555556,6.511558,99.638,0.617012,-3.207229
2022-05-18,106247.0,525307979271.0,100.0,85.455,trimestral,43.14429,-0.532877,0.277778,6.363862,99.638,0.308506,-3.239284
2022-05-19,107005.0,525307979271.0,100.0,85.455,trimestral,43.452095,-0.53185,0.436508,6.417479,99.638,0.484795,-3.216809
2022-05-20,108488.0,525307979271.0,100.0,85.455,trimestral,44.054304,-0.529917,0.634921,6.504413,99.638,0.705156,-3.185595
2022-05-23,110346.0,525307979271.0,100.0,85.455,trimestral,44.808792,-0.527511,0.793651,6.614046,99.638,0.881446,-3.148428
2022-05-24,110581.0,525307979271.0,100.0,85.455,trimestral,44.90422,-0.527137,0.833333,6.555691,99.638,0.793301,-3.156484
2022-05-25,110580.0,525307979271.0,100.0,85.455,trimestral,44.903814,-0.52706,0.833333,6.565632,99.638,0.881446,-3.146255
2022-05-26,111890.0,525307979271.0,100.0,85.455,trimestral,45.435773,-0.525344,0.992063,6.637297,99.638,1.013662,-3.119657
2022-05-27,111942.0,525307979271.0,100.0,85.455,trimestral,45.456889,-0.525201,1.031746,6.637541,99.638,1.057735,-3.112264
2022-05-30,111032.0,525307979271.0,100.0,85.455,trimestral,45.08736,-0.526263,0.952381,6.580236,99.638,0.925518,-3.120233
2022-05-31,111351.0,525307979271.0,100.0,85.455,trimestral,45.216898,-0.525788,1.031746,6.594366,99.638,0.96959,-3.109222
2022-06-01,111360.0,525307979271.0,100.0,85.455,trimestral,45.220553,-0.525703,1.071429,6.602619,99.638,1.057735,-3.099959
2022-06-02,112393.0,525307979271.0,100.0,85.455,trimestral,45.640029,-0.524337,1.190476,6.6599,99.638,1.278096,-3.077841
2022-06-03,111102.0,525307979271.0,100.0,85.455,trimestral,45.115785,-0.525877,1.031746,6.578872,99.638,0.925518,-3.092214
2022-06-06,110186.0,525307979271.0,100.0,85.455,trimestral,44.74382,-0.526948,0.793651,6.527015,99.638,0.793301,-3.098778
2022-06-07,110070.0,525307979271.0,100.0,85.455,trimestral,44.696716,-0.527021,0.793651,6.517663,99.638,0.793301,-3.094252
2022-06-08,108368.0,525307979271.0,100.0,85.455,trimestral,44.005575,-0.529077,0.634921,6.423628,99.638,0.528867,-3.111943
2022-06-09,107094.0,525307979271.0,100.0,85.455,trimestral,43.488235,-0.530597,0.47619,6.355518,99.638,0.308506,-3.122686
2022-06-10,105481.0,525307979271.0,100.0,85.455,trimestral,42.833236,-0.532549,0.238095,6.255495,99.638,0.176289,-3.142327
2022-06-13,102598.0,525307979271.0,100.0,85.455,trimestral,41.66252,-0.536089,0.039683,6.094335,99.638,0.044072,-3.177743
2022-06-14,102063.0,577449237275.0001,100.0,85.455,trimestral,37.702935,-0.548218,0.039683,5.609873,99.638,0.044072,-3.296871
2022-06-15,102807.0,577449237275.0001,100.0,85.455,trimestral,37.977775,-0.547299,0.079365,5.652806,99.638,0.088145,-3.278283
2022-06-17,99825.0,577449237275.0001,100.0,85.455,trimestral,36.876199,-0.550621,0.039683,5.49779,99.638,0.044072,-3.311009
2022-06-20,99853.0,577449237275.0001,100.0,85.455,trimestral,36.886542,-0.55052,0.079365,5.510105,99.638,0.088145,-3.300286
2022-06-21,99685.0,577449237275.0001,100.0,85.455,trimestral,36.824482,-0.550642,0.039683,5.495207,99.638,0.044072,-3.296631
2022-06-22,99522.0,577449237275.0001,100.0,85.455,trimestral,36.764268,-0.550755,0.039683,5.487368,99.638,0.044072,-3.290997
2022-06-23,98080.0,577449237275.0001,100.0,85.455,trimestral,36.231581,-0.552325,0.039683,5.40032,99.638,0.044072,-3.305732
2022-06-24,98672.0,577449237275.0001,100.0,85.455,trimestral,36.450271,-0.55158,0.079365,5.429499,99.638,0.088145,-3.290603
2022-06-27,100764.0,577449237275.0001,100.0,85.455,trimestral,37.223074,-0.549129,0.277778,5.54913,99.638,0.308506,-3.25244
2022-06-28,100591.0,577449237275.0001,100.0,85.455,trimestral,37.159166,-0.549254,0.277778,5.54437,99.638,0.308506,-3.246328
2022-06-29,99622.0,577449237275.0001,100.0,85.455,trimestral,36.801209,-0.550285,0.15873,5.494835,99.638,0.176289,-3.251739
2022-06-30,98542.0,577449237275.0001,100.0,85.455,trimestral,36.402248,-0.551442,0.079365,5.445432,99.638,0.132217,-3.25697
2022-07-01,98954.0,577449237275.0001,100.0,85.455,trimestral,36.554444,-0.550904,0.15873,5.464603,99.638,0.176289,-3.244826
2022-07-04,98609.0,577449237275.0001,100.0,85.455,trimestral,36.426998,-0.551225,0.119048,5.437118,99.638,0.132217,-3.244482
2022-07-05,98295.0,577449237275.0001,100.0,85.455,trimestral,36.311004,-0.551512,0.079365,5.408748,99.638,0.088145,-3.244414
2022-07-06,98719.0,577449237275.0001,100.0,85.455,trimestral,36.467633,-0.550958,0.238095,5.425823,99.638,0.132217,-3.232812
2022-07-07,100730.0,577449237275.0001,100.0,85.455,trimestral,37.210514,-0.548601,0.555556,5.539631,99.638,0.57294,-3.196934
2022-07-08,100289.0,577449237275.0001,100.0,85.455,trimestral,37.047605,-0.549034,0.515873,5.516824,99.638,0.57294,-3.19562
2022-07-11,98212.0,577449237275.0001,100.0,85.455,trimestral,36.280343,-0.551325,0.079365,5.403172,99.638,0.088145,-3.217064
2022-07-12,98271.0,577449237275.0001,100.0,85.455,trimestral,36.302138,-0.551186,0.119048,5.404816,99.638,0.132217,-3.209484
2022-07-13,97881.0,577449237275.0001,100.0,85.455,trimestral,36.158069,-0.551561,0.039683,5.383182,99.638,0.044072,-3.207848
2022-07-14,96121.0,577449237275.0001,100.0,85.455,trimestral,35.50791,-0.553493,0.039683,5.292291,99.638,0.044072,-3.223414
2022-07-15,96551.0,577449237275.0001,100.0,85.455,trimestral,35.666756,-0.552935,0.079365,5.324048,99.638,0.088145,-3.20842
2022-07-18,96916.0,577449237275.0001,100.0,85.455,trimestral,35.80159,-0.552452,0.119048,5.347386,99.638,0.132217,-3.195642
2022-07-19,98245.0,577449237275.0001,100.0,85.455,trimestral,36.292534,-0.550874,0.277778,5.41678,99.638,0.396651,-3.171508
2022-07-20,98287.0,577449237275.0001,100.0,85.455,trimestral,36.308049,-0.55076,0.357143,5.413357,99.638,0.396651,-3.165542
2022-07-21,99033.0,577449237275.0001,100.0,85.455,trimestral,36.583627,-0.54985,0.634921,5.451862,99.638,0.661084,-3.149458
2022-07-22,98925.0,577449237275.0001,100.0,85.455,trimestral,36.543731,-0.549914,0.595238,5.449663,99.638,0.661084,-3.143753
2022-07-25,100270.0,577449237275.0001,100.0,85.455,trimestral,37.040586,-0.548326,0.912698,5.524913,99.638,1.057735,-3.119027
2022-07-26,99772.0,577449237275.0001,100.0,85.455,trimestral,36.85662,-0.548839,0.833333,5.495364,99.638,0.925518,-3.120575
2022-07-27,101438.0,577449237275.0001,100.0,85.455,trimestral,37.472055,-0.54689,1.150794,5.588211,99.638,1.278096,-3.091949
2022-07-28,102597.0,577449237275.0001,100.0,85.455,trimestral,37.900199,-0.545514,1.230159,5.654658,99.638,1.410313,-3.069939
2022-07-29,103165.0,577449237275.0001,100.0,85.455,trimestral,38.110023,-0.544814,1.309524,5.690953,99.638,1.454385,-3.055487
2022-08-01,102225.0,577449237275.0001,100.0,85.455,trimestral,37.762779,-0.545829,1.230159,5.64474,99.638,1.366241,-3.061372
2022-08-02,103362.0,577449237275.0001,100.0,85.455,trimestral,38.182797,-0.544484,1.388889,5.705139,99.638,1.54253,-3.041367
2022-08-03,103775.0,577449237275.0001,100.0,85.455,trimestral,38.335362,-0.543962,1.428571,5.720695,99.638,1.586602,-3.032228
2022-08-04,105892.0,577449237275.0001,100.0,85.455,trimestral,39.1174,-0.541502,1.468254,5.846257,99.638,1.630674,-2.996358
2022-08-05,106472.0,577449237275.0001,100.0,85.455,trimestral,39.331657,-0.540791,1.507937,5.880671,99.638,1.674747,-2.982856
2022-08-08,108402.0,577449237275.0001,100.0,85.455,trimestral,40.044615,-0.538548,1.547619,5.985062,99.638,1.718819,-2.952549
2022-08-09,108651.0,577449237275.0001,100.0,85.455,trimestral,40.136598,-0.538215,1.587302,6.004122,99.638,1.762891,-2.943039
2022-08-10,110236.0,577449237275.0001,100.0,85.455,trimestral,40.72211,-0.536366,1.626984,6.084507,99.638,1.806963,-2.918916
2022-08-11,109718.0,577449237275.0001,100.0,85.455,trimestral,40.530757,-0.536909,1.626984,6.05916,99.638,1.806963,-2.920512
2022-08-12,112764.0,577449237275.0001,100.0,85.455,trimestral,41.655975,-0.533402,1.706349,6.046742,99.638,1.806963,-2.919032
2022-08-15,113032.0,577449237275.0001,100.0,85.455,trimestral,41.754976,-0.533051,1.785714,6.064399,99.638,1.895108,-2.910167
2022-08-16,113512.0,577449237275.0001,100.0,85.455,trimestral,41.932293,-0.532459,1.904762,6.076356,99.638,1.93918,-2.902641
2022-08-17,113708.0,577449237275.0001,100.0,85.455,trimestral,42.004697,-0.53219,1.944444,6.09714,99.638,2.071397,-2.893056
2022-08-18,113813.0,577449237275.0001,100.0,85.455,trimestral,42.043484,-0.532023,1.984127,6.101366,99.638,2.115469,-2.887413
2022-08-19,111496.0,577449237275.0001,100.0,85.455,trimestral,41.187565,-0.534607,1.706349,5.975747,99.638,1.718819,-2.912827
2022-08-22,110501.0,577449237275.0001,100.0,85.455,trimestral,40.820004,-0.53569,1.706349,5.917494,99.638,1.718819,-2.922033
2022-08-23,112857.0,577449237275.0001,100.0,85.455,trimestral,41.69033,-0.532962,1.865079,6.033145,99.638,1.895108,-2.88959
2022-08-24,112898.0,577449237275.0001,100.0,85.455,trimestral,41.705476,-0.532866,1.904762,6.034885,99.638,1.93918,-2.884501
2022-08-25,113532.0,577449237275.0001,100.0,85.455,trimestral,41.939681,-0.532095,2.103175,6.059458,99.638,2.071397,-2.873899
2022-08-26,112299.0,577449237275.0001,100.0,85.455,trimestral,41.4842,-0.533445,1.785714,5.996571,99.638,1.851036,-2.88422
2022-08-29,112323.0,577449237275.0001,100.0,85.455,trimestral,41.493066,-0.53337,1.825397,6.004649,99.638,1.93918,-2.877758
2022-08-30,110431.0,577449237275.0001,100.0,85.455,trimestral,40.794145,-0.535471,1.706349,5.908481,99.638,1.718819,-2.896041
2022-08-31,109523.0,577449237275.0001,100.0,85.455,trimestral,40.458722,-0.536457,1.626984,5.87156,99.638,1.674747,-2.900278
2022-09-01,110405.0,577449237275.0001,100.0,85.455,trimestral,40.78454,-0.535408,1.746032,5.924517,99.638,1.851036,-2.883234
2022-09-02,110864.0,577449237275.0001,100.0,85.455,trimestral,40.954099,-0.534842,1.865079,5.946194,99.638,1.895108,-2.873804
2022-09-05,112203.0,577449237275.0001,100.0,85.455,trimestral,41.448737,-0.533278,1.944444,6.015365,99.638,2.159542,-2.853264
2022-09-06,109764.0,577449237275.0001,100.0,85.455,trimestral,40.54775,-0.536003,1.706349,5.881295,99.638,1.762891,-2.880541
2022-09-08,109916.0,577449237275.0001,100.0,85.455,trimestral,40.6039,-0.535782,1.746032,5.889709,99.638,1.806963,-2.874121
2022-09-09,112300.0,577449237275.0001,100.0,85.455,trimestral,41.484569,-0.533024,2.103175,6.003133,99.638,2.159542,-2.842919
2022-09-12,113407.0,577449237275.0001,100.0,85.455,trimestral,41.893505,-0.531717,2.420635,6.056868,99.638,2.468048,-2.825895
2022-09-13,110794.0,550881944068.0,100.0,85.455,trimestral,42.90208,-0.528566,2.81746,6.25283,99.638,2.952843,-2.775618
2022-09-14,110547.0,550881944068.0,100.0,85.455,trimestral,42.806436,-0.528815,2.777778,6.243242,99.638,2.952843,-2.773852
2022-09-15,109954.0,550881944068.0,100.0,85.455,trimestral,42.576812,-0.529478,2.698413,6.203497,99.638,2.952843,-2.779332
2022-09-16,109280.0,550881944068.0,100.0,85.455,trimestral,42.315823,-0.530238,2.65873,6.165724,99.638,2.864698,-2.784303
2022-09-19,111824.0,550881944068.0,100.0,85.455,trimestral,43.30092,-0.527167,3.095238,6.303697,99.638,3.261349,-2.748271
2022-09-20,112517.0,550881944068.0,100.0,85.455,trimestral,43.569267,-0.526299,3.293651,6.344855,99.638,3.393565,-2.734905
2022-09-21,111936.0,550881944068.0,100.0,85.455,trimestral,43.34429,-0.52695,3.174603,6.315722,99.638,3.349493,-2.737992
2022-09-22,114070.0,550881944068.0,100.0,85.455,trimestral,44.170625,-0.524367,3.611111,6.440147,99.638,3.790216,-2.705314
2022-09-23,111716.0,550881944068.0,100.0,85.455,trimestral,43.2591,-0.527128,3.095238,6.309726,99.638,3.349493,-2.731926
2022-09-26,109114.0,550881944068.0,100.0,85.455,trimestral,42.251544,-0.530181,2.65873,6.174159,99.638,2.90877,-2.759499
2022-09-27,108376.0,550881944068.0,100.0,85.455,trimestral,41.965773,-0.531015,2.579365,6.112249,99.638,2.864698,-2.769918
2022-09-28,108451.0,550881944068.0,100.0,85.455,trimestral,41.994814,-0.530884,2.619048,6.116765,99.638,2.90877,-2.764983
2022-09-29,107664.0,550881944068.0,100.0,85.455,trimestral,41.690069,-0.531779,2.261905,6.083172,99.638,2.688409,-2.768874
2022-09-30,110037.0,550881944068.0,100.0,85.455,trimestral,42.608951,-0.528912,2.936508,6.211829,99.638,3.217276,-2.735214
2022-10-03,116134.0,550881944068.0,100.0,85.455,trimestral,44.969855,-0.52161,4.246032,6.569459,99.638,4.583517,-2.648754
2022-10-04,116230.0,550881944068.0,100.0,85.455,trimestral,45.007029,-0.521451,4.285714,6.564808,99.638,4.495372,-2.646101
2022-10-05,117198.0,549325944068.0,99.455,85.923282,trimestral,45.510408,-0.519858,4.603175,6.569984,99.093,4.671662,-2.641169
2022-10-06,117561.0,549325944068.0,99.455,85.923282,trimestral,45.651369,-0.519381,4.68254,6.588725,99.093,4.803878,-2.633261
2022-10-07,116375.0,549325944068.0,99.455,85.923282,trimestral,45.19082,-0.520756,4.444444,6.523989,99.093,4.407228,-2.644532
2022-10-10,115941.0,549325944068.0,99.455,85.923282,trimestral,45.022289,-0.521232,4.325397,6.489488,99.093,4.230939,-2.648847
2022-10-11,114827.0,549325944068.0,99.455,85.923282,trimestral,44.5897,-0.522516,3.968254,6.428473,99.093,4.05465,-2.659084
2022-10-13,114300.0,549325944068.0,99.455,85.923282,trimestral,44.385055,-0.523096,3.928571,6.400472,99.093,3.966505,-2.661651
2022-10-14,112072.0,549325944068.0,99.455,85.923282,trimestral,43.519877,-0.525708,3.571429,6.284721,99.093,3.437638,-2.684234
2022-10-17,113624.0,549325944068.0,99.455,85.923282,trimestral,44.12255,-0.523804,3.888889,6.377227,99.093,3.922433,-2.6591
2022-10-18,115743.0,549325944068.0,99.455,85.923282,trimestral,44.945402,-0.521224,4.365079,6.487885,99.093,4.407228,-2.629987
2022-10-19,116274.0,549325944068.0,99.455,85.923282,trimestral,45.1516,-0.520541,4.68254,6.529434,99.093,4.759806,-2.616706
2022-10-20,117171.0,549325944068.0,99.455,85.923282,trimestral,45.499924,-0.519421,4.920635,6.587885,99.093,5.156457,-2.59967
2022-10-21,119929.0,549325944068.0,99.455,85.923282,trimestral,46.570912,-0.516082,5.119048,6.744486,99.093,5.641252,-2.560479
2022-10-24,116013.0,549325944068.0,99.455,85.923282,trimestral,45.050248,-0.520711,4.563492,6.527472,99.093,4.759806,-2.60615
2022-10-25,114626.0,549325944068.0,99.455,85.923282,trimestral,44.511648,-0.522317,4.087302,6.458391,99.093,4.275011,-2.618021
2022-10-26,112764.0,549325944068.0,99.455,85.923282,trimestral,43.788594,-0.524489,3.650794,6.353804,99.093,3.790216,-2.637893
2022-10-27,114641.0,549325944068.0,99.455,85.923282,trimestral,44.517472,-0.522197,4.166667,6.464842,99.093,4.363156,-2.608937
2022-10-28,114539.0,549325944068.0,99.455,85.923282,trimestral,44.477864,-0.522269,4.126984,6.462764,99.093,4.363156,-2.605684
2022-10-31,116037.0,549325944068.0,99.455,85.923282,trimestral,45.059568,-0.52043,4.761905,6.549562,99.093,5.02424,-2.582359
2022-11-01,116929.0,549325944068.0,99.455,85.923282,trimestral,45.40595,-0.519317,5.079365,6.601197,99.093,5.597179,-2.567155
2022-11-03,116896.0,549325944068.0,99.455,85.923282,trimestral,45.393136,-0.519309,5.079365,6.605099,99.093,5.685324,-2.562741
2022-11-04,118155.0,549325944068.0,99.455,85.923282,trimestral,45.882031,-0.51776,5.396825,6.67517,99.093,5.99383,-2.543517
2022-11-07,115342.0,549325944068.0,99.455,85.923282,trimestral,44.789685,-0.521071,4.404762,6.508041,99.093,4.759806,-2.577577
2022-11-08,116160.0,549325944068.0,99.455,85.923282,trimestral,45.107332,-0.520048,4.920635,6.558337,99.093,5.156457,-2.56273
2022-11-09,113580.0,549325944068.0,99.455,85.923282,trimestral,44.105464,-0.523081,3.928571,6.409325,99.093,4.142794,-2.592557
2022-11-10,109775.0,549325944068.0,99.455,85.923282,trimestral,42.627904,-0.527575,2.97619,6.18626,99.093,3.129132,-2.6388
2022-11-11,112253.0,549325944068.0,99.455,85.923282,trimestral,43.590163,-0.524568,3.690476,6.300427,99.093,3.569855,-2.609448
2022-11-14,113161.0,549325944068.0,99.455,85.923282,trimestral,43.942758,-0.523439,3.849206,6.354873,99.093,3.922433,-2.593699
2022-11-16,110243.0,549325944068.0,99.455,85.923282,trimestral,42.809638,-0.526874,3.134921,6.184544,99.093,3.129132,-2.62807
2022-11-17,109703.0,549325944068.0,99.455,85.923282,trimestral,42.599945,-0.527467,2.936508,6.15676,99.093,2.996915,-2.630419
2022-11-18,108880.0,549325944068.0,99.455,85.923282,trimestral,42.280357,-0.528397,2.81746,6.125792,99.093,2.996915,-2.633484
2022-11-21,109748.0,549325944068.0,99.455,85.923282,trimestral,42.617419,-0.527307,3.055556,6.18559,99.093,3.261349,-2.616347
2022-11-22,109037.0,549325944068.0,99.455,85.923282,trimestral,42.341323,-0.528101,2.896825,6.058969,99.093,2.51212,-2.64071
2022-11-23,108683.0,549325944068.0,99.455,85.923282,trimestral,42.203858,-0.528464,2.777778,6.049159,99.093,2.468048,-2.638959
2022-11-24,111831.0,549325944068.0,99.455,85.923282,trimestral,43.426291,-0.524648,3.769841,6.219807,99.093,3.569855,-2.59725
2022-11-25,108977.0,549325944068.0,99.455,85.923282,trimestral,42.318024,-0.527996,2.936508,6.056919,99.093,2.556192,-2.629413
2022-11-28,108782.0,549325944068.0,99.455,85.923282,trimestral,42.242301,-0.52817,2.81746,6.047005,99.093,2.468048,-2.627653
2022-11-29,110910.0,549325944068.0,99.455,85.923282,trimestral,43.068648,-0.525572,3.571429,6.166267,99.093,3.305421,-2.597479
2022-11-30,112486.0,549325944068.0,99.455,85.923282,trimestral,43.680641,-0.523635,4.126984,6.25597,99.093,3.922433,-2.573985
2022-12-01,110926.0,549325944068.0,99.455,85.923282,trimestral,43.074861,-0.52544,3.611111,6.172776,99.093,3.349493,-2.588636
2022-12-02,111924.0,549325944068.0,99.455,85.923282,trimestral,43.462405,-0.524191,4.007937,6.215037,99.093,3.746144,-2.57563
2022-12-05,109401.0,549325944068.0,99.455,85.923282,trimestral,42.482672,-0.527147,3.095238,6.077437,99.093,2.864698,-2.602235
2022-12-06,109533.0,549325944068.0,99.455,85.923282,trimestral,42.53393,-0.526933,3.134921,6.11503,99.093,3.173204,-2.590297
2022-12-07,109361.0,549325944068.0,99.455,85.923282,trimestral,42.467139,-0.527083,3.095238,6.05719,99.093,2.644337,-2.599314
2022-12-08,107245.0,549325944068.0,99.455,85.923282,trimestral,41.645453,-0.529553,2.18254,5.954745,99.093,2.027325,-2.618059
2022-12-09,107689.0,549325944068.0,99.455,85.923282,trimestral,41.817867,-0.528968,2.460317,5.958825,99.093,2.071397,-2.613451
2022-12-12,105264.0,549325944068.0,99.455,85.923282,trimestral,40.876189,-0.531806,1.944444,5.837197,99.093,1.630674,-2.63629
2022-12-13,103892.0,549325944068.0,99.455,85.923282,trimestral,40.343413,-0.533388,1.626984,5.730012,99.093,1.630674,-2.655864
2022-12-14,103803.0,561439707723.0,99.455,85.923282,trimestral,39.439139,-0.53611,1.547619,5.610529,99.093,1.366241,-2.678009
2022-12-15,103738.0,561439707723.0,99.455,85.923282,trimestral,39.414443,-0.536128,1.547619,5.613795,99.093,1.410313,-2.673341
2022-12-16,102825.0,561439707723.0,99.455,85.923282,trimestral,39.067555,-0.537135,1.468254,5.570435,99.093,1.278096,-2.678767
2022-12-19,104530.0,561439707723.0,99.455,85.923282,trimestral,39.715357,-0.535087,1.666667,5.666776,99.093,1.630674,-2.653874
2022-12-20,106979.0,561439707723.0,99.455,85.923282,trimestral,40.645835,-0.532172,1.984127,5.771457,99.093,1.851036,-2.62739
2022-12-21,107313.0,561439707723.0,99.455,85.923282,trimestral,40.772736,-0.531726,2.063492,5.799432,99.093,1.895108,-2.617571
2022-12-22,107317.0,561439707723.0,99.455,85.923282,trimestral,40.774256,-0.531664,2.103175,5.804633,99.093,1.93918,-2.612687
2022-12-23,109698.0,561439707723.0,99.455,85.923282,trimestral,41.678898,-0.528828,2.65873,5.924052,99.093,2.335831,-2.583182
2022-12-26,108738.0,561439707723.0,99.455,85.923282,trimestral,41.314154,-0.529892,2.380952,5.865405,99.093,2.071397,-2.5922
2022-12-27,108347.0,561439707723.0,99.455,85.923282,trimestral,41.165596,-0.530292,2.34127,5.850839,99.093,2.071397,-2.591705
2022-12-28,110237.0,561439707723.0,99.455,85.923282,trimestral,41.883687,-0.528031,3.015873,5.94279,99.093,2.51212,-2.568381
2022-12-29,110031.0,561439707723.0,99.455,85.923282,trimestral,41.805419,-0.528218,2.936508,5.913106,99.093,2.379903,-2.571312
2023-01-02,106376.0,561439707723.0,99.455,85.923282,trimestral,40.41673,-0.532431,1.825397,5.735709,99.093,1.851036,-2.605939
2023-01-03,104166.0,561439707723.0,99.455,85.923282,trimestral,39.577058,-0.534957,1.666667,5.621622,99.093,1.498457,-2.626807
2023-01-04,105334.0,561439707723.0,99.455,85.923282,trimestral,40.02083,-0.533538,1.746032,5.678254,99.093,1.718819,-2.610954
2023-01-05,107518.0,561439707723.0,99.455,85.923282,trimestral,40.850624,-0.530937,2.380952,5.794894,99.093,2.027325,-2.582392
2023-01-06,108836.0,561439707723.0,99.455,85.923282,trimestral,41.351388,-0.529347,2.619048,5.866327,99.093,2.335831,-2.563622
2023-01-09,109227.0,561439707723.0,99.455,85.923282,trimestral,41.499945,-0.528838,2.81746,5.863098,99.093,2.291758,-2.560813
2023-01-10,110912.0,561439707723.0,99.455,85.923282,trimestral,42.140148,-0.526822,3.650794,5.955472,99.093,2.952843,-2.537668
2023-01-11,111763.0,561439707723.0,99.455,85.923282,trimestral,42.463479,-0.525776,4.007937,6.048457,99.093,3.525782,-2.514365
2023-01-12,111877.0,561439707723.0,99.455,85.923282,trimestral,42.506792,-0.525592,4.126984,6.037001,99.093,3.437638,-2.513399
2023-01-13,110916.0,561439707723.0,99.455,85.923282,trimestral,42.141668,-0.526659,3.690476,5.990293,99.093,3.129132,-2.51989
2023-01-16,109213.0,561439707723.0,99.455,85.923282,trimestral,41.494626,-0.528593,2.81746,5.900819,99.093,2.600264,-2.53544
2023-01-17,111439.0,561439707723.0,99.455,85.923282,trimestral,42.340377,-0.525944,4.007937,6.019958,99.093,3.437638,-2.506775
2023-01-18,112452.0,561439707723.0,99.455,85.923282,trimestral,42.725259,-0.524713,4.563492,6.068068,99.093,4.098722,-2.493265
2023-01-19,113006.0,561439707723.0,99.455,85.923282,trimestral,42.935747,-0.524017,4.84127,6.108961,99.093,4.4513,-2.481426
2023-01-20,112301.0,561439707723.0,99.455,85.923282,trimestral,42.667888,-0.52479,4.52381,6.056863,99.093,3.790216,-2.489233
2023-01-23,111709.0,561439707723.0,99.455,85.923282,trimestral,42.442962,-0.525433,4.126984,6.028107,99.093,3.48171,-2.492138
2023-01-24,113028.0,561439707723.0,99.455,85.923282,trimestral,42.944106,-0.523849,4.960317,6.09404,99.093,4.407228,-2.475094
2023-01-25,114195.0,561439707723.0,99.455,85.923282,trimestral,43.387498,-0.52244,5.31746,6.166255,99.093,4.892023,-2.456788
2023-01-26,114109.0,561439707723.0,99.455,85.923282,trimestral,43.354823,-0.522494,5.31746,6.167967,99.093,4.980167,-2.453403
2023-01-27,112502.0,561439707723.0,99.455,85.923282,trimestral,42.744256,-0.524322,4.68254,6.069783,99.093,4.230939,-2.471019
2023-01-30,111888.0,561439707723.0,99.455,85.923282,trimestral,42.510971,-0.524988,4.325397,6.065689,99.093,4.186866,-2.468725
2023-01-31,113532.0,561439707723.0,99.455,85.923282,trimestral,43.135596,-0.523022,5.15873,6.129995,99.093,4.892023,-2.452118
2023-02-01,112303.0,561439707723.0,99.455,85.923282,trimestral,42.668647,-0.524409,4.642857,6.058956,99.093,4.010577,-2.463962
2023-02-02,109935.0,561439707723.0,99.455,85.923282,trimestral,41.768944,-0.527123,3.214286,5.954639,99.093,2.952843,-2.482687
2023-02-03,108490.0,561439707723.0,99.455,85.923282,trimestral,41.219928,-0.528756,2.579365,5.867055,99.093,2.423975,-2.497743
2023-02-06,108456.0,561439707723.0,99.455,85.923282,trimestral,41.20701,-0.528744,2.579365,5.876477,99.093,2.51212,-2.492481
2023-02-07,107920.0,561439707723.0,99.455,85.923282,trimestral,41.003361,-0.529315,2.5,5.833539,99.093,2.159542,-2.498109
2023-02-08,109882.0,561439707723.0,99.455,85.923282,trimestral,41.748807,-0.526974,3.293651,5.946604,99.093,3.085059,-2.471252
2023-02-09,107783.0,561439707723.0,99.455,85.923282,trimestral,40.951309,-0.52937,2.460317,5.841733,99.093,2.247686,-2.489857
2023-02-10,108150.0,561439707723.0,99.455,85.923282,trimestral,41.090748,-0.52889,2.579365,5.846809,99.093,2.335831,-2.485524
2023-02-13,108846.0,561439707723.0,99.455,85.923282,trimestral,41.355187,-0.528024,2.857143,5.883836,99.093,2.776554,-2.474533
2023-02-14,107659.0,561439707723.0,99.455,85.923282,trimestral,40.904196,-0.529352,2.460317,5.835189,99.093,2.203614,-2.481286
2023-02-15,109442.0,561439707723.0,99.455,85.923282,trimestral,41.581633,-0.527217,3.174603,5.920805,99.093,3.085059,-2.460154
2023-02-16,109905.0,561439707723.0,99.455,85.923282,trimestral,41.757546,-0.526621,3.571429,5.947817,99.093,3.349493,-2.451255
2023-02-17,109303.0,561439707723.0,99.455,85.923282,trimestral,41.528821,-0.527269,3.174603,5.909514,99.093,2.996915,-2.455895
2023-02-22,107152.0,561439707723.0,99.455,85.923282,trimestral,40.711565,-0.529721,2.142857,5.801309,99.093,2.115469,-2.474926
2023-02-23,107720.0,561439707723.0,99.455,85.923282,trimestral,40.927372,-0.529001,2.539683,5.816764,99.093,2.203614,-2.468385
2023-02-24,105873.0,561439707723.0,99.455,85.923282,trimestral,40.225619,-0.531097,1.865079,5.713863,99.093,1.851036,-2.486211
2023-02-27,105711.0,561439707723.0,99.455,85.923282,trimestral,40.164069,-0.531225,1.865079,5.710885,99.093,1.851036,-2.483337
2023-02-28,104932.0,561439707723.0,99.455,85.923282,trimestral,39.868094,-0.532072,1.746032,5.673463,99.093,1.718819,-2.487539
2023-03-01,104385.0,561439707723.0,99.455,85.923282,trimestral,39.660265,-0.532648,1.706349,5.651764,99.093,1.586602,-2.488505
2023-03-02,103326.0,561439707723.0,99.455,85.923282,trimestral,39.257906,-0.533822,1.547619,5.594316,99.093,1.366241,-2.496813
2023-03-03,103866.0,561439707723.0,99.455,85.923282,trimestral,39.463075,-0.533131,1.706349,5.618431,99.093,1.54253,-2.488428
2023-03-06,104700.0,561439707723.0,99.455,85.923282,trimestral,39.779947,-0.532097,1.865079,5.652011,99.093,1.718819,-2.478107
2023-03-07,104228.0,561439707723.0,99.455,85.923282,trimestral,39.600614,-0.532583,1.785714,5.629778,99.093,1.630674,-2.479161
2023-03-08,106540.0,561439707723.0,99.455,85.923282,trimestral,40.479041,-0.529822,2.301587,5.753069,99.093,2.335831,-2.450468
2023-03-09,105071.0,561439707723.0,99.455,85.923282,trimestral,39.920906,-0.531471,1.984127,5.677216,99.093,1.983253,-2.462528
2023-03-10,103618.0,561439707723.0,99.455,85.923282,trimestral,39.36885,-0.533102,1.626984,5.604012,99.093,1.410313,-2.474042
2023-03-13,103121.0,561439707723.0,99.455,85.923282,trimestral,39.180018,-0.533619,1.547619,5.58047,99.093,1.322168,-2.475498
2023-03-14,102932.0,561439707723.0,99.455,85.923282,trimestral,39.108209,-0.533776,1.507937,5.554784,99.093,1.278096,-2.477325
2023-03-15,102675.0,561439707723.0,99.455,85.923282,trimestral,39.010564,-0.534012,1.468254,5.539981,99.093,1.189952,-2.476943
2023-03-16,103435.0,561439707723.0,99.455,85.923282,trimestral,39.29932,-0.533063,1.706349,5.57837,99.093,1.410313,-2.465789
2023-03-17,101982.0,561439707723.0,99.455,85.923282,trimestral,38.747264,-0.534692,1.468254,5.495161,99.093,0.881446,-2.479278
2023-03-20,100923.0,561439707723.0,99.455,85.923282,trimestral,38.344905,-0.535862,1.468254,5.445977,99.093,0.661084,-2.485818
2023-03-21,100998.0,561439707723.0,99.455,85.923282,trimestral,38.373401,-0.53571,1.507937,5.443503,99.093,0.617012,-2.482857
2023-03-22,100221.0,561439707723.0,99.455,85.923282,trimestral,38.078186,-0.536549,1.349206,5.408526,99.093,0.352578,-2.486427
2023-03-23,97926.0,561439707723.0,99.455,85.923282,trimestral,37.206219,-0.539158,1.071429,5.284134,99.093,0.044072,-2.508013
2023-03-24,98829.0,561439707723.0,99.455,85.923282,trimestral,37.549306,-0.538038,1.230159,5.32763,99.093,0.176289,-2.495659
2023-03-27,99670.0,561439707723.0,99.455,85.923282,trimestral,37.868838,-0.536992,1.349206,5.374028,99.093,0.264434,-2.482736
2023-03-28,101185.0,561439707723.0,99.455,85.923282,trimestral,38.44445,-0.535161,1.706349,5.454534,99.093,1.013662,-2.463023
2023-03-29,101793.0,561439707723.0,99.455,85.923282,trimestral,38.675455,-0.534388,1.746032,5.486051,99.093,1.101807,-2.453263
2023-03-30,103713.0,561439707723.0,99.455,85.923282,trimestral,39.404944,-0.53209,2.18254,5.58959,99.093,1.93918,-2.42918
2023-03-31,101882.0,561439707723.0,99.455,85.923282,trimestral,38.70927,-0.534163,1.785714,5.495911,99.093,1.366241,-2.44471
2023-04-03,101506.0,562220980417.0,99.455,95.722689,trimestral,38.512819,-0.534706,1.746032,5.566997,99.093,1.806963,-2.427332
2023-04-04,101869.0,562220980417.0,99.455,95.722689,trimestral,38.650546,-0.534222,1.785714,5.591836,99.093,2.071397,-2.419257
2023-04-05,100978.0,562220980417.0,99.455,95.722689,trimestral,38.312488,-0.535197,1.587302,5.54425,99.093,1.674747,-2.425636
2023-04-06,100822.0,562220980417.0,99.455,95.722689,trimestral,38.2533,-0.535318,1.587302,5.543651,99.093,1.674747,-2.42261
2023-04-10,101847.0,562220980417.0,99.455,95.722689,trimestral,38.642199,-0.534065,1.865079,5.594309,99.093,2.203614,-2.409428
2023-04-11,106214.0,562220980417.0,99.455,95.722689,trimestral,40.299101,-0.528925,3.055556,5.829034,99.093,3.613927,-2.359699
2023-04-12,106890.0,562220980417.0,99.455,95.722689,trimestral,40.555585,-0.528084,3.333333,5.871462,99.093,4.142794,-2.348433
2023-04-13,106458.0,562220980417.0,99.455,95.722689,trimestral,40.391678,-0.528531,3.134921,5.855279,99.093,3.966505,-2.348862
2023-04-14,106279.0,562220980417.0,99.455,95.722689,trimestral,40.323763,-0.528684,3.095238,5.8438,99.093,3.834288,-2.348345
2023-04-17,106016.0,562220980417.0,99.455,95.722689,trimestral,40.223977,-0.528936,3.015873,5.823553,99.093,3.613927,-2.349556
2023-04-18,106163.0,562220980417.0,99.455,95.722689,trimestral,40.279751,-0.52871,3.095238,5.826243,99.093,3.657999,-2.346202
2023-04-19,103913.0,562220980417.0,99.455,95.722689,trimestral,39.426069,-0.531274,2.5,5.707136,99.093,3.085059,-2.366978
2023-04-20,104367.0,562220980417.0,99.455,95.722689,trimestral,39.598323,-0.530691,2.65873,5.730045,99.093,3.305421,-2.359546
2023-04-24,103947.0,562220980417.0,99.455,95.722689,trimestral,39.438969,-0.531128,2.539683,5.703776,99.093,3.040987,-2.361967
2023-04-25,103220.0,562220980417.0,99.455,95.722689,trimestral,39.163135,-0.531921,2.222222,5.664366,99.093,2.820626,-2.366966
2023-04-26,102312.0,562220980417.0,99.455,95.722689,trimestral,38.818627,-0.532924,2.063492,5.616813,99.093,2.468048,-2.373535
2023-04-27,102923.0,562220980417.0,99.455,95.722689,trimestral,39.050449,-0.532159,2.142857,5.65387,99.093,2.820626,-2.363398
2023-04-28,104432.0,562220980417.0,99.455,95.722689,trimestral,39.622985,-0.530349,2.896825,5.661362,99.093,2.90877,-2.359074
2023-05-02,101927.0,562220980417.0,99.455,95.722689,trimestral,38.672552,-0.533209,1.944444,5.521891,99.093,1.54253,-2.383666
2023-05-03,101797.0,562220980417.0,99.455,95.722689,trimestral,38.623229,-0.533304,1.865079,5.514325,99.093,1.498457,-2.382194
2023-05-04,102174.0,562220980417.0,99.455,95.722689,trimestral,38.766268,-0.532811,2.142857,5.534273,99.093,1.674747,-2.375315
2023-05-05,105148.0,562220980417.0,99.455,95.722689,trimestral,39.894646,-0.529298,3.214286,5.689128,99.093,3.305421,-2.342049
2023-05-08,106042.0,562220980417.0,99.455,95.722689,trimestral,40.233842,-0.528207,3.531746,5.729627,99.093,3.657999,-2.331332
2023-05-09,107114.0,562220980417.0,99.455,95.722689,trimestral,40.640574,-0.526906,4.047619,5.779611,99.093,3.922433,-2.318699
2023-05-10,107448.0,562220980417.0,99.455,95.722689,trimestral,40.767298,-0.526462,4.206349,5.805376,99.093,4.142794,-2.31082
2023-05-11,108256.0,562220980417.0,99.455,95.722689,trimestral,41.073865,-0.525468,4.722222,5.853193,99.093,4.715734,-2.298654
2023-05-12,108464.0,562220980417.0,99.455,95.722689,trimestral,41.152783,-0.525172,4.801587,5.869337,99.093,4.980167,-2.292741
2023-05-15,109029.0,562220980417.0,99.455,95.722689,trimestral,41.367152,-0.524461,5.119048,5.903903,99.093,5.376818,-2.283281
2023-05-16,108194.0,562220980417.0,99.455,95.722689,trimestral,41.050341,-0.525381,4.722222,5.858489,99.093,4.803878,-2.289456
2023-05-17,109460.0,562220980417.0,99.455,95.722689,trimestral,41.53068,-0.523857,5.47619,5.918039,99.093,5.641252,-2.275187
2023-05-18,110108.0,562220980417.0,99.455,95.722689,trimestral,41.77654,-0.523053,5.992063,5.948907,99.093,5.99383,-2.266582
2023-05-19,110745.0,562220980417.0,99.455,95.722689,trimestral,42.018227,-0.522262,6.468254,5.977195,99.093,6.258264,-2.258506
2023-05-22,110213.0,562220980417.0,99.455,95.722689,trimestral,41.816379,-0.522833,6.071429,5.947868,99.093,5.99383,-2.2617
2023-05-23,109929.0,562220980417.0,99.455,95.722689,trimestral,41.708625,-0.523115,5.833333,5.936932,99.093,5.817541,-2.261296
2023-05-24,108800.0,562220980417.0,99.455,95.722689,trimestral,41.280266,-0.52438,5.039683,5.882421,99.093,5.288673,-2.269368
2023-05-25,110054.0,562220980417.0,99.455,95.722689,trimestral,41.756052,-0.522875,5.992063,5.951422,99.093,6.170119,-2.253548
2023-05-26,110906.0,562220980417.0,99.455,95.722689,trimestral,42.079313,-0.521838,6.706349,5.997563,99.093,6.610842,-2.242249
2023-05-29,110333.0,562220980417.0,99.455,95.722689,trimestral,41.861908,-0.522457,6.269841,5.964478,99.093,6.39048,-2.246274
2023-05-30,108967.0,562220980417.0,99.455,95.722689,trimestral,41.343628,-0.523997,5.119048,5.889738,99.093,5.42089,-2.258285
2023-05-31,108335.0,562220980417.0,99.455,95.722689,trimestral,41.103839,-0.524683,4.84127,5.853273,99.093,4.759806,-2.262849
2023-06-01,110565.0,562220980417.0,99.455,95.722689,trimestral,41.949932,-0.522041,6.626984,5.968336,99.093,6.522697,-2.238218
2023-06-02,112558.0,562220980417.0,99.455,95.722689,trimestral,42.706105,-0.519619,7.936508,6.067161,99.093,7.844866,-2.215665
2023-06-05,112696.0,562220980417.0,99.455,95.722689,trimestral,42.758464,-0.519353,8.055556,6.077101,99.093,8.021155,-2.210327
2023-06-06,114610.0,562220980417.0,99.455,95.722689,trimestral,43.484663,-0.517025,9.007937,6.171923,99.093,8.858528,-2.18868
2023-06-07,115488.0,562220980417.0,99.455,95.722689,trimestral,43.817789,-0.515901,9.325397,6.219794,99.093,9.343323,-2.176144
2023-06-09,117019.0,562220980417.0,99.455,95.722689,trimestral,44.398672,-0.514019,9.801587,6.308421,99.093,9.87219,-2.155841
2023-06-12,117336.0,562220980417.0,99.455,95.722689,trimestral,44.518946,-0.513546,10.0,6.320054,99.093,10.004407,-2.150394
2023-06-13,116743.0,562220980417.0,99.455,95.722689,trimestral,44.293953,-0.514131,9.761905,6.245421,99.093,9.47554,-2.16149
2023-06-14,119069.0,532007851926.0,99.455,95.722689,trimestral,47.742077,-0.503465,11.666667,6.80852,99.093,12.648744,-2.050504
2023-06-15,119221.0,532007851926.0,99.455,95.722689,trimestral,47.803023,-0.503182,11.706349,6.81152,99.093,12.692816,-2.047043
2023-06-16,118758.0,532007851926.0,99.455,95.722689,trimestral,47.617378,-0.503661,11.666667,6.783504,99.093,12.648744,-2.049503
2023-06-19,119858.0,532007851926.0,99.455,95.722689,trimestral,48.058435,-0.502217,11.865079,6.84677,99.093,12.780961,-2.034538
2023-06-20,119622.0,532007851926.0,99.455,95.722689,trimestral,47.963808,-0.502418,11.785714,6.827263,99.093,12.780961,-2.035407
2023-06-21,120420.0,532007851926.0,99.455,95.722689,trimestral,48.283776,-0.501347,12.02381,6.870796,99.093,12.913178,-2.024256
2023-06-22,118934.0,532007851926.0,99.455,95.722689,trimestral,47.687947,-0.50308,11.706349,6.786724,99.093,12.692816,-2.037449
2023-06-23,118977.0,532007851926.0,99.455,95.722689,trimestral,47.705188,-0.502934,11.746032,6.793003,99.093,12.736888,-2.033397
2023-06-26,118243.0,532007851926.0,99.455,95.722689,trimestral,47.410883,-0.503739,11.587302,6.754161,99.093,12.648744,-2.037944
2023-06-27,117523.0,532007851926.0,99.455,95.722689,trimestral,47.12219,-0.504527,11.507937,6.711621,99.093,12.604672,-2.043175
2023-06-28,116681.0,532007851926.0,99.455,95.722689,trimestral,46.784581,-0.505464,11.468254,6.664474,99.093,12.560599,-2.04925
2023-06-29,118383.0,532007851926.0,99.455,95.722689,trimestral,47.467017,-0.503279,11.746032,6.75832,99.093,12.780961,-2.028561
2023-06-30,118087.0,532007851926.0,99.455,95.722689,trimestral,47.348333,-0.503547,11.666667,6.75182,99.093,12.736888,-2.02696
2023-07-03,119673.0,532007851926.0,99.455,95.722689,trimestral,47.984258,-0.5015,12.103175,6.840615,99.093,13.133539,-2.007331
2023-07-04,119076.0,532007851926.0,99.455,95.722689,trimestral,47.744884,-0.502137,12.02381,6.800924,99.093,13.001322,-2.01208
2023-07-05,119549.0,532007851926.0,99.455,95.722689,trimestral,47.934538,-0.501459,12.103175,6.828094,99.093,13.177611,-2.004172
2023-07-06,117426.0,532007851926.0,99.455,95.722689,trimestral,47.083297,-0.503969,11.547619,6.71291,99.093,12.692816,-2.023182
2023-07-07,118898.0,532007851926.0,99.455,95.722689,trimestral,47.673512,-0.502061,11.944444,6.794642,99.093,13.045394,-2.004957
2023-07-10,117942.0,532007851926.0,99.455,95.722689,trimestral,47.290193,-0.503137,11.706349,6.740503,99.093,12.736888,-2.012423
2023-07-11,117220.0,532007851926.0,99.455,95.722689,trimestral,47.000699,-0.503925,11.547619,6.718259,99.093,12.736888,-2.013851
2023-07-12,117666.0,532007851926.0,99.455,95.722689,trimestral,47.179528,-0.503281,11.746032,6.724972,99.093,12.780961,-2.009809
2023-07-13,119264.0,532007851926.0,99.455,95.722689,trimestral,47.820264,-0.501224,12.301587,6.821149,99.093,13.3539,-1.98894
2023-07-14,117711.0,532007851926.0,99.455,95.722689,trimestral,47.197571,-0.503036,11.785714,6.736517,99.093,12.825033,-2.002141
2023-07-17,118219.0,532007851926.0,99.455,95.722689,trimestral,47.40126,-0.502316,11.904762,6.766089,99.093,13.089467,-1.993837
2023-07-18,117841.0,532007851926.0,99.455,95.722689,trimestral,47.249696,-0.502684,11.825397,6.747729,99.093,12.95725,-1.994569
2023-07-19,117552.0,532007851926.0,99.455,95.722689,trimestral,47.133818,-0.502942,11.666667,6.734738,99.093,12.825033,-1.994297
2023-07-20,118083.0,532007851926.0,99.455,95.722689,trimestral,47.346729,-0.502191,11.944444,6.765197,99.093,13.177611,-1.985885
2023-07-21,120217.0,532007851926.0,99.455,95.722689,trimestral,48.202381,-0.499473,12.777778,6.882987,99.093,13.882768,-1.961164
2023-07-24,121342.0,532007851926.0,99.455,95.722689,trimestral,48.653462,-0.497993,12.936508,6.948016,99.093,14.014985,-1.946401
2023-07-25,122008.0,532007851926.0,99.455,95.722689,trimestral,48.920502,-0.497078,12.97619,6.985718,99.093,14.103129,-1.936797
2023-07-26,122560.0,532007851926.0,99.455,95.722689,trimestral,49.141833,-0.496302,13.015873,7.011828,99.093,14.147201,-1.929387
2023-07-27,119990.0,532007851926.0,99.455,95.722689,trimestral,48.111362,-0.499359,12.777778,6.865731,99.093,13.794623,-1.954172
2023-07-28,120187.0,532007851926.0,99.455,95.722689,trimestral,48.190352,-0.499019,12.81746,6.877043,99.093,13.92684,-1.949476
2023-07-31,121943.0,532007851926.0,99.455,95.722689,trimestral,48.89444,-0.49677,13.055556,6.966868,99.093,14.147201,-1.930139
2023-08-01,121248.0,532007851926.0,99.455,95.722689,trimestral,48.615772,-0.497534,13.015873,6.922508,99.093,14.059057,-1.935884
2023-08-02,120859.0,532007851926.0,99.455,95.722689,trimestral,48.459798,-0.49792,13.015873,6.906171,99.093,14.059057,-1.936385
2023-08-03,120586.0,532007851926.0,99.455,95.722689,trimestral,48.350335,-0.498163,13.015873,6.888051,99.093,14.059057,-1.937214
2023-08-04,119508.0,532007851926.0,99.455,95.722689,trimestral,47.918099,-0.499398,12.539683,6.825108,99.093,13.618334,-1.946363
2023-08-07,119380.0,532007851926.0,99.455,95.722689,trimestral,47.866776,-0.499465,12.539683,6.813313,99.093,13.574262,-1.945971
2023-08-08,119090.0,532007851926.0,99.455,95.722689,trimestral,47.750497,-0.499736,12.460317,6.800242,99.093,13.442045,-1.94581
2023-08-09,118409.0,532007851926.0,99.455,95.722689,trimestral,47.477442,-0.500486,12.18254,6.766304,99.093,13.265756,-1.94952
2023-08-10,118350.0,532007851926.0,99.455,95.722689,trimestral,47.453786,-0.500478,12.142857,6.757179,99.093,13.133539,-1.94861
2023-08-11,118065.0,532007851926.0,99.455,95.722689,trimestral,47.339512,-0.500748,11.944444,6.748031,99.093,13.045394,-1.947708
2023-08-14,116810.0,532007851926.0,99.455,95.722689,trimestral,46.836305,-0.502205,11.507937,6.662282,99.093,12.560599,-1.960988
2023-08-15,116171.0,532007851926.0,99.455,95.722689,trimestral,46.580091,-0.502906,11.428571,6.61909,99.093,12.340238,-1.966344
2023-08-16,115592.0,532007851926.0,99.455,95.722689,trimestral,46.347934,-0.503533,11.349206,6.594119,99.093,12.075804,-1.96831
2023-08-17,114982.0,532007851926.0,99.455,95.722689,trimestral,46.103347,-0.504197,11.349206,6.554582,99.093,11.591009,-1.972957
2023-08-18,115409.0,532007851926.0,99.455,95.722689,trimestral,46.274558,-0.503593,11.388889,6.575986,99.093,11.943587,-1.966336
2023-08-21,114429.0,532007851926.0,99.455,95.722689,trimestral,45.881616,-0.504715,11.309524,6.525285,99.093,11.41472,-1.973037
2023-08-22,116156.0,532007851926.0,99.455,95.722689,trimestral,46.574076,-0.502519,11.587302,6.600164,99.093,12.340238,-1.956584
2023-08-23,118135.0,532007851926.0,99.455,95.722689,trimestral,47.367579,-0.500018,12.34127,6.709158,99.093,12.95725,-1.933923
2023-08-24,117026.0,532007851926.0,99.455,95.722689,trimestral,46.922913,-0.501304,11.785714,6.648948,99.093,12.736888,-1.942471
2023-08-25,115837.0,532007851926.0,99.455,95.722689,trimestral,46.446169,-0.502685,11.547619,6.58066,99.093,12.119877,-1.952472
2023-08-28,117121.0,532007851926.0,99.455,95.722689,trimestral,46.961004,-0.501032,11.865079,6.649844,99.093,12.825033,-1.937168
2023-08-29,118404.0,532007851926.0,99.455,95.722689,trimestral,47.475437,-0.499382,12.698413,6.721076,99.093,13.265756,-1.921545
2023-08-30,117535.0,532007851926.0,99.455,95.722689,trimestral,47.127002,-0.500372,12.063492,6.672924,99.093,13.045394,-1.927874
2023-08-31,115742.0,532007851926.0,99.455,95.722689,trimestral,46.408078,-0.5025,11.507937,6.573925,99.093,11.98766,-1.943533
2023-09-01,117893.0,532007851926.0,99.455,95.722689,trimestral,47.270546,-0.499792,12.380952,6.695323,99.093,13.177611,-1.918787
2023-09-04,117777.0,532007851926.0,99.455,95.722689,trimestral,47.224035,-0.499862,12.34127,6.682261,99.093,13.177611,-1.9187
2023-09-05,117331.0,532007851926.0,99.455,95.722689,trimestral,47.045206,-0.500339,12.02381,6.650868,99.093,12.913178,-1.921972
2023-09-06,115985.0,532007851926.0,99.455,95.722689,trimestral,46.505512,-0.501919,11.626984,6.574802,99.093,12.031732,-1.933387
2023-09-08,115313.0,532007851926.0,99.455,95.722689,trimestral,46.236066,-0.502671,11.428571,6.542873,99.093,11.591009,-1.936699
2023-09-11,116883.0,532007851926.0,99.455,95.722689,trimestral,46.865575,-0.500671,11.944444,6.636014,99.093,12.780961,-1.91717
2023-09-12,117968.0,532007851926.0,99.455,95.722689,trimestral,47.300618,-0.499269,12.65873,6.695584,99.093,13.442045,-1.903833
2023-09-13,118176.0,476212142199.0,99.455,95.722689,trimestral,52.935798,-0.481964,14.404762,7.67695,99.093,15.998237,-1.722666
2023-09-14,119392.0,476212142199.0,99.455,95.722689,trimestral,53.480493,-0.480233,14.444444,7.760246,99.093,16.042309,-1.705519
2023-09-15,118758.0,476212142199.0,99.455,95.722689,trimestral,53.196499,-0.481035,14.444444,7.724554,99.093,16.042309,-1.710061
2023-09-18,118288.0,476212142199.0,99.455,95.722689,trimestral,52.985967,-0.48161,14.444444,7.690918,99.093,16.042309,-1.714218
2023-09-19,117846.0,476212142199.0,99.455,95.722689,trimestral,52.787978,-0.482148,14.404762,7.659231,99.093,15.998237,-1.718009
2023-09-20,118695.0,476212142199.0,99.455,95.722689,trimestral,53.168279,-0.480914,14.52381,7.713272,99.093,16.130454,-1.706214
2023-09-21,116145.0,476212142199.0,99.455,95.722689,trimestral,52.026031,-0.484335,14.404762,7.553324,99.093,15.998237,-1.733282
2023-09-22,116009.0,476212142199.0,99.455,95.722689,trimestral,51.965111,-0.48445,14.404762,7.537996,99.093,15.998237,-1.734043
2023-09-25,115925.0,476212142199.0,99.455,95.722689,trimestral,51.927484,-0.484491,14.404762,7.53511,99.093,15.998237,-1.732539
2023-09-26,114193.0,476212142199.0,99.455,95.722689,trimestral,51.151652,-0.486787,14.404762,7.416969,99.093,15.998237,-1.751913
2023-09-27,114327.0,476212142199.0,99.455,95.722689,trimestral,51.211676,-0.486528,14.444444,7.417119,99.093,16.042309,-1.749817
2023-09-28,115731.0,476212142199.0,99.455,95.722689,trimestral,51.840584,-0.484532,14.484127,7.508173,99.093,16.086382,-1.731289
2023-09-29,116565.0,476212142199.0,99.455,95.722689,trimestral,52.214166,-0.483319,14.642857,7.565021,99.093,16.262671,-1.719002
2023-10-02,115057.0,476212142199.0,99.455,95.722689,trimestral,51.538672,-0.48531,14.484127,7.462655,99.093,16.086382,-1.735509
2023-10-03,113419.0,476212142199.0,99.455,95.722689,trimestral,50.804946,-0.48748,14.404762,7.351603,99.093,15.998237,-1.753536
2023-10-04,113607.0,476212142199.0,99.455,95.722689,trimestral,50.889159,-0.487148,14.444444,7.366854,99.093,16.042309,-1.748722
2023-10-05,113284.0,476212142199.0,99.455,95.722689,trimestral,50.744474,-0.48752,14.404762,7.342932,99.093,15.998237,-1.751003
2023-10-06,114170.0,476212142199.0,99.455,95.722689,trimestral,51.141349,-0.486236,14.52381,7.395195,99.093,16.130454,-1.739546
2023-10-09,115156.0,476212142199.0,99.455,95.722689,trimestral,51.583018,-0.484811,14.68254,7.463222,99.093,16.306743,-1.725272
2023-10-10,116737.0,476212142199.0,99.455,95.722689,trimestral,52.291212,-0.48257,14.920635,7.56221,99.093,16.527104,-1.705463
2023-10-11,117051.0,476212142199.0,99.455,95.722689,trimestral,52.431865,-0.482063,14.960317,7.580464,99.093,16.615249,-1.700227
2023-10-13,115754.0,476212142199.0,99.455,95.722689,trimestral,51.850886,-0.483761,14.761905,7.495102,99.093,16.350815,-1.71363
2023-10-16,116534.0,476212142199.0,99.455,95.722689,trimestral,52.20028,-0.482614,14.920635,7.543286,99.093,16.527104,-1.703003
2023-10-17,115908.0,476212142199.0,99.455,95.722689,trimestral,51.919869,-0.483392,14.801587,7.500021,99.093,16.394888,-1.70883
2023-10-18,114060.0,476212142199.0,99.455,95.722689,trimestral,51.092076,-0.48584,14.52381,7.381916,99.093,16.130454,-1.728067
2023-10-19,114004.0,476212142199.0,99.455,95.722689,trimestral,51.066991,-0.485835,14.52381,7.384264,99.093,16.174526,-1.725657
2023-10-20,113155.0,476212142199.0,99.455,95.722689,trimestral,50.68669,-0.486917,14.404762,7.325985,99.093,15.998237,-1.734131
2023-10-23,112785.0,476212142199.0,99.455,95.722689,trimestral,50.520952,-0.487344,14.404762,7.305279,99.093,15.998237,-1.735851
2023-10-24,113762.0,476212142199.0,99.455,95.722689,trimestral,50.958589,-0.485924,14.603175,7.368159,99.093,16.218599,-1.722593
2023-10-25,112830.0,476212142199.0,99.455,95.722689,trimestral,50.541109,-0.487115,14.444444,7.308006,99.093,16.042309,-1.731372
2023-10-26,114777.0,476212142199.0,99.455,95.722689,trimestral,51.413249,-0.484367,14.880952,7.430333,99.093,16.527104,-1.707525
2023-10-27,113301.0,476212142199.0,99.455,95.722689,trimestral,50.752089,-0.486309,14.563492,7.331763,99.093,16.130454,-1.723207
2023-10-30,112532.0,476212142199.0,99.455,95.722689,trimestral,50.407623,-0.487284,14.404762,7.281078,99.093,15.998237,-1.7303
2023-10-31,113144.0,476212142199.0,99.455,95.722689,trimestral,50.681762,-0.486367,14.52381,7.313285,99.093,16.130454,-1.722585
2023-11-01,115053.0,476212142199.0,99.455,95.722689,trimestral,51.53688,-0.483677,15.039683,7.43443,99.093,16.703394,-1.69903
2023-11-03,118160.0,476212142199.0,99.455,95.722689,trimestral,52.928631,-0.479342,15.595238,7.636485,99.093,17.276333,-1.661116
2023-11-06,118487.0,476212142199.0,99.455,95.722689,trimestral,53.075107,-0.478815,15.714286,7.652071,99.093,17.320405,-1.656516
2023-11-07,119268.0,476212142199.0,99.455,95.722689,trimestral,53.424949,-0.477667,15.833333,7.710264,99.093,17.496695,-1.644321
2023-11-08,119099.0,476212142199.0,99.455,95.722689,trimestral,53.349247,-0.477817,15.833333,7.710662,99.093,17.540767,-1.64243
2023-11-09,119012.0,476212142199.0,99.455,95.722689,trimestral,53.310276,-0.477851,15.833333,7.699413,99.093,17.496695,-1.642609
2023-11-10,120636.0,476212142199.0,99.455,95.722689,trimestral,54.037731,-0.475542,15.992063,7.799013,99.093,17.761128,-1.623085
2023-11-13,120376.0,476212142199.0,99.455,95.722689,trimestral,53.921267,-0.475813,15.992063,7.792118,99.093,17.761128,-1.622522
2023-11-14,123328.0,476212142199.0,99.455,95.722689,trimestral,55.243587,-0.47169,16.071429,7.970255,99.093,17.849273,-1.58912
2023-11-16,124576.0,476212142199.0,99.455,95.722689,trimestral,55.802616,-0.469902,16.111111,8.063014,99.093,17.893345,-1.570953
2023-11-17,125062.0,476212142199.0,99.455,95.722689,trimestral,56.020315,-0.469156,16.150794,8.065132,99.093,17.937417,-1.568902
2023-11-20,126095.0,476212142199.0,99.455,95.722689,trimestral,56.483038,-0.467661,16.190476,8.130642,99.093,17.98149,-1.55562
2023-11-21,125607.0,476212142199.0,99.455,95.722689,trimestral,56.264443,-0.468247,16.190476,8.102415,99.093,17.98149,-1.558973
2023-11-22,126035.0,476212142199.0,99.455,95.722689,trimestral,56.456161,-0.467575,16.230159,8.058644,99.093,17.893345,-1.565065
2023-11-23,126576.0,476212142199.0,99.455,95.722689,trimestral,56.698497,-0.466751,16.309524,8.090851,99.093,18.025562,-1.557694
2023-11-24,125542.0,476212142199.0,99.455,95.722689,trimestral,56.235327,-0.468084,16.190476,8.026865,99.093,17.893345,-1.567362
2023-11-27,125683.0,476212142199.0,99.455,95.722689,trimestral,56.298486,-0.467808,16.269841,8.034374,99.093,17.937417,-1.564362
2023-11-28,126538.0,476212142199.0,99.455,95.722689,trimestral,56.681475,-0.466556,16.388889,8.082803,99.093,18.113706,-1.554138
2023-11-29,126101.0,476212142199.0,99.455,95.722689,trimestral,56.485725,-0.467073,16.388889,8.058708,99.093,18.025562,-1.556752
2023-11-30,127331.0,476212142199.0,99.455,95.722689,trimestral,57.036692,-0.46531,16.507937,8.142064,99.093,18.334068,-1.540388
2023-12-01,128103.0,476212142199.0,99.455,95.722689,trimestral,57.382502,-0.464175,16.547619,8.191625,99.093,18.37814,-1.530026
2023-12-04,126803.0,476212142199.0,99.455,95.722689,trimestral,56.800179,-0.465878,16.507937,8.110285,99.093,18.289996,-1.542789
2023-12-05,126903.0,476212142199.0,99.455,95.722689,trimestral,56.844973,-0.465663,16.547619,8.119598,99.093,18.334068,-1.539536
2023-12-06,125623.0,476212142199.0,99.455,95.722689,trimestral,56.27161,-0.467336,16.269841,8.045313,99.093,17.98149,-1.551022
2023-12-07,126010.0,476212142199.0,99.455,95.722689,trimestral,56.444963,-0.46673,16.349206,8.064007,99.093,18.157779,-1.546107
2023-12-08,127094.0,476212142199.0,99.455,95.722689,trimestral,56.93053,-0.46517,16.666667,8.136913,99.093,18.510357,-1.53166
2023-12-11,126916.0,476212142199.0,99.455,95.722689,trimestral,56.850797,-0.465338,16.666667,8.128825,99.093,18.466285,-1.531501
2023-12-12,126403.0,476212142199.0,99.455,95.722689,trimestral,56.621003,-0.465964,16.507937,8.093106,99.093,18.334068,-1.536204
2023-12-13,129465.0,476212142199.0,99.455,95.722689,trimestral,57.992597,-0.4617,16.865079,8.29127,99.093,18.730718,-1.499781
2023-12-14,130842.0,449155356655.0,99.455,95.722689,trimestral,62.139998,-0.448964,16.944444,9.095514,99.093,18.774791,-1.356911
2023-12-15,130197.0,449155356655.0,99.455,95.722689,trimestral,61.833672,-0.449829,16.944444,9.057187,99.093,18.774791,-1.362369
2023-12-18,131084.0,449155356655.0,99.455,95.722689,trimestral,62.254929,-0.44847,17.02381,9.111902,99.093,18.862935,-1.351463
2023-12-19,131851.0,449155356655.0,99.455,95.722689,trimestral,62.619196,-0.447283,17.063492,9.154382,99.093,18.907007,-1.342727
2023-12-20,130804.0,449155356655.0,99.455,95.722689,trimestral,62.121951,-0.448724,16.984127,9.067879,99.093,18.818863,-1.356646
2023-12-21,132182.0,449155356655.0,99.455,95.722689,trimestral,62.776396,-0.44665,17.142857,9.165271,99.093,18.995152,-1.33827
2023-12-22,132753.0,449155356655.0,99.455,95.722689,trimestral,63.047577,-0.445748,17.18254,9.190841,99.093,19.039224,-1.332527
2023-12-26,133533.0,449155356655.0,99.455,95.722689,trimestral,63.418018,-0.44454,17.301587,9.241537,99.093,19.083297,-1.322385
2023-12-27,134194.0,449155356655.0,99.455,95.722689,trimestral,63.731943,-0.443505,17.34127,9.285443,99.093,19.127369,-1.313449
2023-12-28,134185.0,449155356655.0,99.455,95.722689,trimestral,63.727669,-0.443444,17.34127,9.290497,99.093,19.215513,-1.311346
2024-01-02,132697.0,449155356655.0,99.455,95.722689,trimestral,63.020982,-0.445529,17.18254,9.187002,99.093,19.039224,-1.328262
2024-01-03,132834.0,449155356655.0,99.455,95.722689,trimestral,63.086046,-0.445259,17.301587,9.205827,99.093,19.127369,-1.323733
2024-01-04,131226.0,449155356655.0,99.455,95.722689,trimestral,62.322369,-0.447516,17.103175,9.092119,99.093,18.862935,-1.342399
2024-01-05,132023.0,449155356655.0,99.455,95.722689,trimestral,62.700883,-0.446287,17.18254,9.148999,99.093,18.995152,-1.33118
2024-01-08,132427.0,449155356655.0,99.455,95.722689,trimestral,62.892752,-0.44563,17.261905,9.179757,99.093,19.127369,-1.324555
2024-01-09,131447.0,449155356655.0,99.455,95.722689,trimestral,62.427327,-0.446979,17.142857,9.118905,99.093,18.995152,-1.333951
2024-01-10,130841.0,449155356655.0,99.455,95.722689,trimestral,62.139523,-0.447785,17.02381,9.081348,99.093,18.862935,-1.339262
2024-01-11,130649.0,449155356655.0,99.455,95.722689,trimestral,62.048337,-0.44799,16.984127,9.06891,99.093,18.862935,-1.340169
2024-01-12,130988.0,449155356655.0,99.455,95.722689,trimestral,62.209337,-0.447427,17.142857,9.085931,99.093,18.95108,-1.335938
2024-01-15,131521.0,449155356655.0,99.455,95.722689,trimestral,62.462471,-0.446584,17.301587,9.120711,99.093,19.171441,-1.328621
2024-01-16,129294.0,449155356655.0,99.455,95.722689,trimestral,61.404816,-0.449744,16.944444,8.967606,99.093,18.774791,-1.354123
2024-01-17,128524.0,449155356655.0,99.455,95.722689,trimestral,61.039124,-0.450791,16.944444,8.919945,99.093,18.774791,-1.361181
2024-01-18,127316.0,449155356655.0,99.455,95.722689,trimestral,60.465416,-0.452472,16.944444,8.832925,99.093,18.774791,-1.375081
2024-01-19,127636.0,449155356655.0,99.455,95.722689,trimestral,60.617392,-0.45194,16.984127,8.852541,99.093,18.818863,-1.370375
2024-01-22,126602.0,449155356655.0,99.455,95.722689,trimestral,60.12632,-0.453369,16.944444,8.780036,99.093,18.774791,-1.38173
2024-01-23,128263.0,449155356655.0,99.455,95.722689,trimestral,60.915169,-0.450889,17.063492,8.887686,99.093,18.907007,-1.361665
2024-01-24,127816.0,449155356655.0,99.455,95.722689,trimestral,60.702878,-0.451462,17.063492,8.864372,99.093,18.907007,-1.364441
2024-01-25,128169.0,449155356655.0,99.455,95.722689,trimestral,60.870526,-0.450879,17.103175,8.884459,99.093,18.95108,-1.359671
2024-01-26,128967.0,449155356655.0,99.455,95.722689,trimestral,61.249515,-0.449652,17.222222,8.939982,99.093,19.083297,-1.348752
2024-01-29,128503.0,449155356655.0,99.455,95.722689,trimestral,61.029151,-0.450255,17.18254,8.912269,99.093,19.039224,-1.352337
2024-01-30,127402.0,449155356655.0,99.455,95.722689,trimestral,60.506259,-0.451781,17.02381,8.843149,99.093,18.862935,-1.363123
2024-01-31,127752.0,449155356655.0,99.455,95.722689,trimestral,60.672483,-0.451207,17.103175,8.874595,99.093,18.995152,-1.35642
2024-02-01,128481.0,449155356655.0,99.455,95.722689,trimestral,61.018702,-0.450083,17.261905,8.924718,99.093,19.215513,-1.346471
2024-02-02,127182.0,449155356655.0,99.455,95.722689,trimestral,60.401776,-0.451897,16.984127,8.832287,99.093,18.818863,-1.361304
2024-02-05,127593.0,449155356655.0,99.455,95.722689,trimestral,60.59697,-0.451231,17.103175,8.864115,99.093,18.995152,-1.354516
2024-02-06,130416.0,449155356655.0,99.455,95.722689,trimestral,61.93768,-0.447075,17.579365,9.05049,99.093,19.435875,-1.320942
2024-02-07,129608.0,449155356655.0,99.455,95.722689,trimestral,61.553942,-0.448184,17.539683,9.023196,99.093,19.435875,-1.324522
2024-02-08,128217.0,449155356655.0,99.455,95.722689,trimestral,60.893322,-0.450137,17.301587,8.900867,99.093,19.215513,-1.344583
2024-02-09,128026.0,449155356655.0,99.455,95.722689,trimestral,60.802612,-0.450349,17.261905,8.895168,99.093,19.215513,-1.344379
2024-02-14,127018.0,449155356655.0,99.455,95.722689,trimestral,60.323889,-0.451744,16.984127,8.821713,99.093,18.818863,-1.355917
2024-02-15,127804.0,449155356655.0,99.455,95.722689,trimestral,60.697179,-0.450539,17.261905,8.884755,99.093,19.215513,-1.343781
2024-02-16,128726.0,449155356655.0,99.455,95.722689,trimestral,61.135059,-0.449138,17.619048,8.947475,99.093,19.568092,-1.331732
2024-02-19,129036.0,449155356655.0,99.455,95.722689,trimestral,61.282285,-0.448627,17.698413,8.971007,99.093,19.656236,-1.32651
2024-02-20,129916.0,449155356655.0,99.455,95.722689,trimestral,61.700218,-0.44729,17.81746,9.028842,99.093,19.744381,-1.315368
2024-02-21,130032.0,449155356655.0,99.455,95.722689,trimestral,61.755309,-0.447061,17.857143,9.026477,99.093,19.744381,-1.314652
2024-02-22,130241.0,449155356655.0,99.455,95.722689,trimestral,61.854569,-0.446696,17.936508,9.011187,99.093,19.700309,-1.316166
2024-02-23,129419.0,449155356655.0,99.455,95.722689,trimestral,61.464181,-0.447826,17.777778,8.949913,99.093,19.612164,-1.325627
2024-02-26,129609.0,449155356655.0,99.455,95.722689,trimestral,61.554417,-0.447488,17.857143,8.957338,99.093,19.656236,-1.323203
2024-02-27,131689.0,449155356655.0,99.455,95.722689,trimestral,62.542258,-0.444412,18.452381,9.086032,99.093,20.229176,-1.299824
2024-02-28,130155.0,449155356655.0,99.455,95.722689,trimestral,61.813725,-0.44657,17.97619,8.983567,99.093,19.788453,-1.316403
2024-02-29,129020.0,449155356655.0,99.455,95.722689,trimestral,61.274686,-0.448149,17.698413,8.900817,99.093,19.34773,-1.329541
2024-03-01,129180.0,449155356655.0,99.455,95.722689,trimestral,61.350674,-0.447852,17.777778,8.91368,99.093,19.479947,-1.326155
2024-03-04,128341.0,449155356655.0,99.455,95.722689,trimestral,60.952213,-0.449002,17.5,8.847742,99.093,18.995152,-1.336356
2024-03-05,128098.0,449155356655.0,99.455,95.722689,trimestral,60.836807,-0.449287,17.380952,8.823363,99.093,18.862935,-1.339367
2024-03-06,128890.0,449155356655.0,99.455,95.722689,trimestral,61.212946,-0.448077,17.738095,8.886703,99.093,19.34773,-1.327275
2024-03-07,128340.0,449155356655.0,99.455,95.722689,trimestral,60.951738,-0.448809,17.539683,8.851376,99.093,19.083297,-1.332194
2024-03-08,127071.0,449155356655.0,99.455,95.722689,trimestral,60.34906,-0.450581,17.02381,8.766241,99.093,18.774791,-1.345674
2024-03-11,126124.0,449155356655.0,99.455,95.722689,trimestral,59.899307,-0.451888,16.904762,8.688211,99.093,18.774791,-1.357916
2024-03-12,127668.0,449155356655.0,99.455,95.722689,trimestral,60.632589,-0.449587,17.301587,8.738632,99.093,18.818863,-1.348036
2024-03-13,128006.0,449155356655.0,99.455,95.722689,trimestral,60.793114,-0.449037,17.460317,8.756572,99.093,18.862935,-1.343787
2024-03-14,127690.0,449155356655.0,99.455,95.722689,trimestral,60.643038,-0.449433,17.34127,8.735842,99.093,18.818863,-1.346185
2024-03-15,126742.0,449155356655.0,99.455,95.722689,trimestral,60.19281,-0.450744,17.02381,8.675912,99.093,18.774791,-1.355325
2024-03-18,126954.0,449155356655.0,99.455,95.722689,trimestral,60.293494,-0.450375,17.063492,8.682209,99.093,18.818863,-1.353065
2024-03-19,127529.0,449155356655.0,99.455,95.722689,trimestral,60.566575,-0.449479,17.301587,8.718687,99.093,18.907007,-1.345618
2024-03-20,129125.0,449155356655.0,99.455,95.722689,trimestral,61.324553,-0.447107,18.253968,8.828471,99.093,19.259586,-1.325612
2024-03-21,128159.0,449155356655.0,99.455,95.722689,trimestral,60.865777,-0.448446,17.738095,8.764308,99.093,19.083297,-1.335496
2024-03-22,127027.0,449155356655.0,99.455,95.722689,trimestral,60.328163,-0.450026,17.142857,8.687389,99.093,18.862935,-1.347558
2024-03-25,126931.0,449155356655.0,99.455,95.722689,trimestral,60.28257,-0.450106,17.063492,8.679234,99.093,18.818863,-1.347812
2024-03-26,126863.0,449155356655.0,99.455,95.722689,trimestral,60.250275,-0.450144,17.063492,8.676682,99.093,18.818863,-1.347089
2024-03-27,127691.0,449155356655.0,99.455,95.722689,trimestral,60.643512,-0.448887,17.619048,8.73676,99.093,19.127369,-1.335666
2024-03-28,128106.0,449155356655.0,99.455,95.722689,trimestral,60.840606,-0.44823,17.896825,8.769064,99.093,19.34773,-1.329039
2024-04-01,126990.0,444301404553.0,99.455,96.287768,trimestral,60.969478,-0.447781,18.174603,8.790963,99.093,19.435875,-1.324206
2024-04-02,127549.0,444301404553.0,99.455,96.287768,trimestral,61.237861,-0.446908,18.412698,8.831262,99.093,19.612164,-1.316226
2024-04-03,127318.0,444301404553.0,99.455,96.287768,trimestral,61.126955,-0.447191,18.333333,8.815339,99.093,19.479947,-1.317878
2024-04-04,127428.0,444301404553.0,99.455,96.287768,trimestral,61.179768,-0.446976,18.412698,8.827565,99.093,19.612164,-1.314719
2024-04-05,126795.0,444301404553.0,99.455,96.287768,trimestral,60.875857,-0.447848,18.015873,8.780775,99.093,19.435875,-1.321641
2024-04-08,128857.0,444301404553.0,99.455,96.287768,trimestral,61.865848,-0.444779,19.126984,8.91936,99.093,20.581754,-1.296929
2024-04-09,129890.0,444301404553.0,99.455,96.287768,trimestral,62.361805,-0.443216,19.484127,8.986477,99.093,21.022477,-1.284446
2024-04-10,128054.0,444301404553.0,99.455,96.287768,trimestral,61.480318,-0.445852,18.849206,8.857109,99.093,20.052887,-1.305535
2024-04-11,127396.0,444301404553.0,99.455,96.287768,trimestral,61.164404,-0.44676,18.452381,8.808182,99.093,19.524019,-1.312834
2024-04-12,125946.0,444301404553.0,99.455,96.287768,trimestral,60.468241,-0.448826,17.380952,8.709217,99.093,19.039224,-1.328645
2024-04-15,125334.0,444301404553.0,99.455,96.287768,trimestral,60.174412,-0.449665,17.02381,8.646068,99.093,18.774791,-1.33833
2024-04-16,124389.0,444301404553.0,99.455,96.287768,trimestral,59.720706,-0.450989,16.904762,8.588168,99.093,18.774791,-1.347083
2024-04-17,124171.0,444301404553.0,99.455,96.287768,trimestral,59.616042,-0.451249,16.904762,8.58407,99.093,18.774791,-1.346658
2024-04-18,124196.0,444301404553.0,99.455,96.287768,trimestral,59.628044,-0.451155,16.944444,8.586749,99.093,18.818863,-1.345098
2024-04-19,125124.0,444301404553.0,99.455,96.287768,trimestral,60.073589,-0.449738,17.103175,8.647727,99.093,18.95108,-1.333613
2024-04-22,125573.0,444301404553.0,99.455,96.287768,trimestral,60.289159,-0.449025,17.34127,8.673856,99.093,18.995152,-1.3281
2024-04-23,125148.0,444301404553.0,99.455,96.287768,trimestral,60.085111,-0.449593,17.142857,8.641329,99.093,18.907007,-1.332606
2024-04-24,124741.0,444301404553.0,99.455,96.287768,trimestral,59.889706,-0.450134,17.02381,8.610622,99.093,18.907007,-1.336789
2024-04-25,124646.0,444301404553.0,99.455,96.287768,trimestral,59.844095,-0.450217,17.02381,8.602986,99.093,18.907007,-1.33704
2024-04-26,126526.0,444301404553.0,99.455,96.287768,trimestral,60.746706,-0.44741,18.174603,8.690508,99.093,19.435875,-1.321117
2024-04-29,127352.0,444301404553.0,99.455,96.287768,trimestral,61.143279,-0.446147,18.888889,8.736779,99.093,19.656236,-1.312215
2024-04-30,125924.0,444301404553.0,99.455,96.287768,trimestral,60.457679,-0.448184,17.698413,8.632751,99.093,18.995152,-1.328869
2024-05-02,127122.0,444301404553.0,99.455,96.287768,trimestral,61.032853,-0.446379,18.809524,8.71103,99.093,19.568092,-1.31456
2024-05-03,128509.0,444301404553.0,99.455,96.287768,trimestral,61.698769,-0.444295,19.563492,8.762795,99.093,19.876598,-1.304749
2024-05-06,128466.0,444301404553.0,99.455,96.287768,trimestral,61.678124,-0.444305,19.563492,8.753612,99.093,19.832525,-1.3053
2024-05-07,129210.0,444301404553.0,99.455,96.287768,trimestral,62.035328,-0.443166,19.920635,8.799867,99.093,20.229176,-1.296475
2024-05-08,129481.0,444301404553.0,99.455,96.287768,trimestral,62.165439,-0.442718,20.119048,8.816904,99.093,20.361393,-1.29261
2024-05-09,128188.0,444301404553.0,99.455,96.287768,trimestral,61.544653,-0.444559,19.484127,8.717353,99.093,19.612164,-1.308528
2024-05-10,127600.0,444301404553.0,99.455,96.287768,trimestral,61.262347,-0.445371,19.206349,8.675474,99.093,19.215513,-1.314674
2024-05-13,128155.0,444301404553.0,99.455,96.287768,trimestral,61.528809,-0.444511,19.52381,8.712726,99.093,19.656236,-1.307408
2024-05-14,128515.0,444301404553.0,99.455,96.287768,trimestral,61.70165,-0.443935,19.801587,8.74873,99.093,19.964742,-1.300368
2024-05-15,128028.0,444301404553.0,99.455,96.287768,trimestral,61.467835,-0.4446,19.484127,8.701277,99.093,19.568092,-1.307477
2024-05-16,128284.0,444301404553.0,99.455,96.287768,trimestral,61.590744,-0.444178,19.722222,8.711305,99.093,19.700309,-1.304865
2024-05-17,128151.0,444301404553.0,99.455,96.287768,trimestral,61.526889,-0.444326,19.563492,8.689631,99.093,19.524019,-1.30761
2024-05-20,127751.0,444301404553.0,99.455,96.287768,trimestral,61.334844,-0.444861,19.365079,8.659216,99.093,19.171441,-1.311793
2024-05-21,127412.0,444301404553.0,99.455,96.287768,trimestral,61.172086,-0.445306,19.047619,8.640438,99.093,19.039224,-1.313992
2024-05-22,125650.0,444301404553.0,99.455,96.287768,trimestral,60.326128,-0.447829,17.579365,8.517027,99.093,18.774791,-1.333827
2024-05-23,124729.0,444301404553.0,99.455,96.287768,trimestral,59.883944,-0.44912,17.063492,8.453243,99.093,18.774791,-1.343551
2024-05-24,124306.0,444301404553.0,99.455,96.287768,trimestral,59.680857,-0.449681,16.984127,8.426656,99.093,18.774791,-1.346963
2024-05-27,124496.0,444301404553.0,99.455,96.287768,trimestral,59.772078,-0.449344,17.063492,8.440025,99.093,18.818863,-1.343625
2024-05-28,123780.0,444301404553.0,99.455,96.287768,trimestral,59.428318,-0.450334,16.904762,8.39638,99.093,18.774791,-1.349909
2024-05-29,122707.0,444301404553.0,99.455,96.287768,trimestral,58.913157,-0.451839,16.904762,8.327532,99.093,18.774791,-1.360381
2024-05-31,122098.0,444301404553.0,99.455,96.287768,trimestral,58.620768,-0.452666,16.904762,8.284818,99.093,18.730718,-1.36643
2024-06-03,122032.0,444301404553.0,99.455,96.287768,trimestral,58.589081,-0.452695,16.904762,8.284939,99.093,18.774791,-1.365239
2024-06-04,121802.0,444301404553.0,99.455,96.287768,trimestral,58.478655,-0.452965,16.904762,8.273788,99.093,18.730718,-1.365953
2024-06-05,121407.0,444301404553.0,99.455,96.287768,trimestral,58.289011,-0.453485,16.904762,8.253407,99.093,18.730718,-1.368066
2024-06-06,122899.0,444301404553.0,99.455,96.287768,trimestral,59.005338,-0.451246,17.103175,8.345961,99.093,18.995152,-1.351185
2024-06-07,120767.0,444301404553.0,99.455,96.287768,trimestral,57.981739,-0.454308,16.865079,8.193967,99.093,18.730718,-1.375447
2024-06-10,120760.0,444301404553.0,99.455,96.287768,trimestral,57.978378,-0.454259,16.865079,8.190296,99.093,18.686646,-1.37473
2024-06-11,121635.0,444301404553.0,99.455,96.287768,trimestral,58.398476,-0.452921,17.02381,8.24813,99.093,18.818863,-1.363685
2024-06-12,119936.0,444301404553.0,99.455,96.287768,trimestral,57.582765,-0.455349,16.865079,8.096521,99.093,18.37814,-1.387835
2024-06-13,119568.0,444301404553.0,99.455,96.287768,trimestral,57.406084,-0.455829,16.865079,8.072995,99.093,18.245923,-1.390435
2024-06-14,119662.0,427877521569.0,99.455,96.287768,trimestral,59.656453,-0.448917,17.460317,8.472871,99.093,19.435875,-1.321975
2024-06-17,119138.0,427877521569.0,99.455,96.287768,trimestral,59.395217,-0.449656,17.34127,8.440819,99.093,19.391803,-1.326105
2024-06-18,119630.0,427877521569.0,99.455,96.287768,trimestral,59.6405,-0.448856,17.5,8.458157,99.093,19.479947,-1.321953
2024-06-19,120261.0,427877521569.0,99.455,96.287768,trimestral,59.955079,-0.447844,17.896825,8.49648,99.093,19.568092,-1.314284
2024-06-20,120446.0,427877521569.0,99.455,96.287768,trimestral,60.04731,-0.447506,17.936508,8.509164,99.093,19.612164,-1.31092
2024-06-21,121341.0,427877521569.0,99.455,96.287768,trimestral,60.493504,-0.446092,18.650794,8.572257,99.093,19.700309,-1.299117
2024-06-24,122637.0,427877521569.0,99.455,96.287768,trimestral,61.139614,-0.44407,19.84127,8.668313,99.093,20.229176,-1.281816
2024-06-25,122331.0,427877521569.0,99.455,96.287768,trimestral,60.98706,-0.44448,19.603175,8.646958,99.093,20.141031,-1.284208
2024-06-26,122641.0,427877521569.0,99.455,96.287768,trimestral,61.141608,-0.443957,19.920635,8.663099,99.093,20.273248,-1.28032
2024-06-27,124308.0,427877521569.0,99.455,96.287768,trimestral,61.972676,-0.441374,21.269841,8.772468,99.093,21.595416,-1.260835
2024-06-28,123907.0,427877521569.0,99.455,96.287768,trimestral,61.772761,-0.441929,21.071429,8.746687,99.093,21.286911,-1.263995
2024-07-01,124718.0,427877521569.0,99.455,96.287768,trimestral,62.177078,-0.440646,21.587302,8.799869,99.093,21.85985,-1.253944
2024-07-02,124787.0,427877521569.0,99.455,96.287768,trimestral,62.211477,-0.440486,21.666667,8.802379,99.093,21.903922,-1.252376
2024-07-03,125662.0,427877521569.0,99.455,96.287768,trimestral,62.647701,-0.439101,21.984127,8.874726,99.093,22.741296,-1.239132
2024-07-04,126164.0,427877521569.0,99.455,96.287768,trimestral,62.897969,-0.438282,22.142857,8.913432,99.093,23.137946,-1.231528
2024-07-05,126267.0,427877521569.0,99.455,96.287768,trimestral,62.949319,-0.438068,22.18254,8.917302,99.093,23.226091,-1.229754
2024-07-08,126548.0,427877521569.0,99.455,96.287768,trimestral,63.089409,-0.437586,22.380952,8.935925,99.093,23.40238,-1.225522
2024-07-09,127108.0,427877521569.0,99.455,96.287768,trimestral,63.368592,-0.436682,22.460317,8.984619,99.093,23.754958,-1.216278
2024-07-10,127218.0,427877521569.0,99.455,96.287768,trimestral,63.423431,-0.436458,22.539683,9.00123,99.093,23.843103,-1.212397
2024-07-11,128294.0,427877521569.0,99.455,96.287768,trimestral,63.959862,-0.434769,22.65873,9.072915,99.093,24.239753,-1.199328
2024-07-12,128897.0,427877521569.0,99.455,96.287768,trimestral,64.260482,-0.433798,22.698413,9.107691,99.093,24.504187,-1.192437
2024-07-15,129321.0,427877521569.0,99.455,96.287768,trimestral,64.471864,-0.433099,22.777778,9.133755,99.093,24.680476,-1.187013
2024-07-16,129110.0,427877521569.0,99.455,96.287768,trimestral,64.366672,-0.433365,22.738095,9.123237,99.093,24.680476,-1.187701
2024-07-17,129450.0,427877521569.0,99.455,96.287768,trimestral,64.536176,-0.432796,22.857143,9.152516,99.093,24.812693,-1.181752
2024-07-18,127652.0,427877521569.0,99.455,96.287768,trimestral,63.639798,-0.435474,22.579365,9.033676,99.093,24.063464,-1.200522
2024-07-19,127616.0,427877521569.0,99.455,96.287768,trimestral,63.621851,-0.435477,22.579365,9.035606,99.093,24.107536,-1.199129
2024-07-22,127860.0,427877521569.0,99.455,96.287768,trimestral,63.743495,-0.435054,22.738095,9.055959,99.093,24.195681,-1.194662
2024-07-23,126590.0,427877521569.0,99.455,96.287768,trimestral,63.110347,-0.436929,22.420635,8.973884,99.093,23.710886,-1.207273
2024-07-24,126423.0,427877521569.0,99.455,96.287768,trimestral,63.027091,-0.437128,22.261905,8.963154,99.093,23.622741,-1.207975
2024-07-25,125954.0,427877521569.0,99.455,96.287768,trimestral,62.793275,-0.437788,22.103175,8.924524,99.093,23.358308,-1.213329
2024-07-26,127492.0,427877521569.0,99.455,96.287768,trimestral,63.560032,-0.4354,22.698413,9.020333,99.093,24.063464,-1.196283
2024-07-29,126954.0,427877521569.0,99.455,96.287768,trimestral,63.291817,-0.436165,22.579365,8.980722,99.093,23.843103,-1.201811
2024-07-30,126139.0,427877521569.0,99.455,96.287768,trimestral,62.885505,-0.437353,22.142857,8.922252,99.093,23.358308,-1.210478
2024-07-31,127652.0,427877521569.0,99.455,96.287768,trimestral,63.639798,-0.435006,22.896825,9.033737,99.093,24.37197,-1.190849
2024-08-01,127395.0,427877521569.0,99.455,96.287768,trimestral,63.511673,-0.435345,22.777778,9.014157,99.093,24.151609,-1.19305
2024-08-02,125854.0,427877521569.0,99.455,96.287768,trimestral,62.743421,-0.437633,22.063492,8.909066,99.093,23.093874,-1.209472
2024-08-05,125270.0,427877521569.0,99.455,96.287768,trimestral,62.452273,-0.438468,21.865079,8.839126,99.093,22.388717,-1.220025
2024-08-06,126267.0,427877521569.0,99.455,96.287768,trimestral,62.949319,-0.4369,22.380952,8.921281,99.093,23.446452,-1.205266
2024-08-07,127514.0,427877521569.0,99.455,96.287768,trimestral,63.571,-0.43495,22.97619,9.00953,99.093,24.239753,-1.18951
2024-08-08,128661.0,427877521569.0,99.455,96.287768,trimestral,64.142827,-0.433153,23.293651,9.086706,99.093,25.077126,-1.175613
2024-08-09,130615.0,427877521569.0,99.455,96.287768,trimestral,65.116976,-0.43013,23.531746,9.226841,99.093,25.826355,-1.151275
2024-08-12,131116.0,427877521569.0,99.455,96.287768,trimestral,65.366746,-0.429314,23.571429,9.24952,99.093,25.9145,-1.146482
2024-08-13,132398.0,427877521569.0,99.455,96.287768,trimestral,66.005876,-0.427314,23.650794,9.337231,99.093,26.090789,-1.130897
2024-08-14,133318.0,427877521569.0,99.455,96.287768,trimestral,66.464534,-0.425866,23.690476,9.404524,99.093,26.134861,-1.118724
2024-08-15,134153.0,427877521569.0,99.455,96.287768,trimestral,66.880816,-0.424544,23.730159,9.459145,99.093,26.178933,-1.108666
2024-08-16,133953.0,427877521569.0,99.455,96.287768,trimestral,66.781107,-0.424795,23.730159,9.450206,99.093,26.178933,-1.109174
2024-08-19,135778.0,427877521569.0,99.455,96.287768,trimestral,67.690945,-0.421974,23.888889,9.563896,99.093,26.267078,-1.089332
2024-08-20,136087.0,427877521569.0,99.455,96.287768,trimestral,67.844995,-0.421455,23.928571,9.589476,99.093,26.31115,-1.084137
2024-08-21,136464.0,427877521569.0,99.455,96.287768,trimestral,68.032945,-0.420835,23.968254,9.611808,99.093,26.355223,-1.079494
2024-08-22,135173.0,427877521569.0,99.455,96.287768,trimestral,67.389328,-0.422745,23.888889,9.483671,99.093,26.267078,-1.099816
2024-08-23,135608.0,427877521569.0,99.455,96.287768,trimestral,67.606193,-0.422037,23.928571,9.529057,99.093,26.31115,-1.091337
2024-08-26,136889.0,427877521569.0,99.455,96.287768,trimestral,68.244825,-0.420046,24.087302,9.613772,99.093,26.487439,-1.076346
2024-08-27,136776.0,427877521569.0,99.455,96.287768,trimestral,68.18849,-0.42017,24.087302,9.599527,99.093,26.443367,-1.077781
2024-08-28,137344.0,427877521569.0,99.455,96.287768,trimestral,68.471661,-0.419262,24.246032,9.643696,99.093,26.575584,-1.069532
2024-08-29,136041.0,427877521569.0,99.455,96.287768,trimestral,67.822062,-0.42119,24.007937,9.552938,99.093,26.355223,-1.083648
2024-08-30,136004.0,427877521569.0,99.455,96.287768,trimestral,67.803616,-0.421196,24.007937,9.551057,99.093,26.355223,-1.083018
2024-09-02,134981.0,427877521569.0,99.455,96.287768,trimestral,67.293608,-0.422699,23.888889,9.479839,99.093,26.267078,-1.093877
2024-09-03,134353.0,427877521569.0,99.455,96.287768,trimestral,66.980524,-0.423602,23.809524,9.445504,99.093,26.178933,-1.098614
2024-09-04,136111.0,427877521569.0,99.455,96.287768,trimestral,67.85696,-0.420883,24.206349,9.571707,99.093,26.575584,-1.076749
2024-09-05,136502.0,427877521569.0,99.455,96.287768,trimestral,68.051889,-0.420238,24.285714,9.602428,99.093,26.707801,-1.070721
2024-09-06,134572.0,427877521569.0,99.455,96.287768,trimestral,67.089704,-0.423111,23.888889,9.466297,99.093,26.31115,-1.092321
2024-09-09,134737.0,427877521569.0,99.455,96.287768,trimestral,67.171964,-0.422805,23.968254,9.487913,99.093,26.443367,-1.087778
2024-09-10,134320.0,427877521569.0,99.455,96.287768,trimestral,66.964072,-0.423382,23.809524,9.462444,99.093,26.31115,-1.091036
2024-09-11,134677.0,427877521569.0,99.455,96.287768,trimestral,67.142051,-0.422786,24.007937,9.488485,99.093,26.531512,-1.085764
2024-09-12,134029.0,427877521569.0,99.455,96.287768,trimestral,66.818996,-0.42371,23.769841,9.436308,99.093,26.178933,-1.093438
2024-09-13,134882.0,402913812759.0,99.455,96.287768,trimestral,71.410567,-0.409682,24.960317,9.939357,99.093,27.192596,-1.009225
2024-09-16,135118.0,402913812759.0,99.455,96.287768,trimestral,71.535513,-0.409248,25.039683,9.953879,99.093,27.236668,-1.005936
2024-09-17,134960.0,402913812759.0,99.455,96.287768,trimestral,71.451863,-0.409449,25.039683,9.938121,99.093,27.192596,-1.007662
2024-09-18,133748.0,402913812759.0,99.455,96.287768,trimestral,70.810194,-0.411346,24.960317,9.858549,99.093,27.148524,-1.019943
2024-09-19,133123.0,402913812759.0,99.455,96.287768,trimestral,70.4793,-0.412297,24.920635,9.810128,99.093,27.104451,-1.027059
2024-09-20,131065.0,402913812759.0,99.455,96.287768,trimestral,69.389733,-0.415556,24.801587,9.653871,99.093,27.104451,-1.052006
2024-09-23,130568.0,402913812759.0,99.455,96.287768,trimestral,69.126607,-0.4163,24.761905,9.607056,99.093,26.972234,-1.058824
2024-09-24,132156.0,402913812759.0,99.455,96.287768,trimestral,69.967341,-0.413688,24.920635,9.716024,99.093,27.192596,-1.039871
2024-09-25,131586.0,402913812759.0,99.455,96.287768,trimestral,69.665566,-0.414554,24.880952,9.676237,99.093,27.192596,-1.045544
2024-09-26,133010.0,402913812759.0,99.455,96.287768,trimestral,70.419475,-0.41221,25.079365,9.777873,99.093,27.28074,-1.027825
2024-09-27,132730.0,402913812759.0,99.455,96.287768,trimestral,70.271234,-0.412608,25.0,9.750054,99.093,27.28074,-1.031526
2024-09-30,131816.0,402913812759.0,99.455,96.287768,trimestral,69.787335,-0.414028,24.960317,9.685316,99.093,27.236668,-1.041327
2024-10-01,132495.0,402913812759.0,99.455,96.287768,trimestral,70.146818,-0.412881,25.039683,9.726106,99.093,27.324813,-1.033671
2024-10-02,133515.0,402913812759.0,99.455,96.287768,trimestral,70.686837,-0.411187,25.31746,9.801174,99.093,27.45703,-1.020359
2024-10-03,131672.0,402913812759.0,99.455,96.287768,trimestral,69.711097,-0.414105,24.960317,9.665212,99.093,27.192596,-1.041943
2024-10-04,131792.0,402913812759.0,99.455,96.287768,trimestral,69.774629,-0.413858,25.0,9.669713,99.093,27.236668,-1.040285
2024-10-07,132018.0,402913812759.0,99.455,96.287768,trimestral,69.89428,-0.413441,25.079365,9.68668,99.093,27.368885,-1.036569
2024-10-08,131512.0,402913812759.0,99.455,96.287768,trimestral,69.626389,-0.414204,24.880952,9.651882,99.093,27.148524,-1.041414
2024-10-09,129962.0,402913812759.0,99.455,96.287768,trimestral,68.805772,-0.416648,24.722222,9.534936,99.093,26.663729,-1.059824
2024-10-10,130353.0,402913812759.0,99.455,96.287768,trimestral,69.012779,-0.415963,24.801587,9.565633,99.093,26.840018,-1.053819
2024-10-11,129992.0,402913812759.0,99.455,96.287768,trimestral,68.821655,-0.416487,24.761905,9.535524,99.093,26.707801,-1.057863
2024-10-14,131005.0,402913812759.0,99.455,96.287768,trimestral,69.357968,-0.414796,24.960317,9.608764,99.093,27.148524,-1.044832
2024-10-15,131043.0,402913812759.0,99.455,96.287768,trimestral,69.378086,-0.414675,25.0,9.613775,99.093,27.28074,-1.043082
2024-10-16,131750.0,402913812759.0,99.455,96.287768,trimestral,69.752393,-0.413477,25.238095,9.663258,99.093,27.45703,-1.033989
2024-10-17,130793.0,402913812759.0,99.455,96.287768,trimestral,69.245728,-0.414959,24.960317,9.593653,99.093,27.016307,-1.044572
2024-10-18,130499.0,402913812759.0,99.455,96.287768,trimestral,69.090076,-0.41537,24.880952,9.569719,99.093,26.928162,-1.047603
2024-10-21,130362.0,398179771759.0,98.695,96.259182,trimestral,69.838108,-0.413032,25.436508,9.566226,98.333,26.928162,-1.047256
2024-10-22,129721.0,398179771759.0,98.695,96.259182,trimestral,69.494709,-0.414012,25.15873,9.534909,98.333,26.663729,-1.051507
2024-10-23,129233.0,398179771759.0,98.695,96.259182,trimestral,69.233275,-0.414743,24.960317,9.481281,98.333,26.487439,-1.059436
2024-10-24,130067.0,398179771759.0,98.695,96.259182,trimestral,69.680069,-0.413318,25.357143,9.545942,98.333,26.840018,-1.047828
2024-10-25,129893.0,398179771759.0,98.695,96.259182,trimestral,69.586853,-0.413536,25.238095,9.534123,98.333,26.707801,-1.04886
2024-10-28,131213.0,398179771759.0,98.695,96.259182,trimestral,70.294009,-0.411319,25.793651,9.619698,98.333,27.633319,-1.03381
2024-10-29,130730.0,398179771759.0,98.695,96.259182,trimestral,70.035254,-0.412039,25.714286,9.587423,98.333,27.236668,-1.038237
2024-10-30,130639.0,398179771759.0,98.695,96.259182,trimestral,69.986504,-0.412123,25.714286,9.577081,98.333,27.236668,-1.039033
2024-10-31,129713.0,398179771759.0,98.695,96.259182,trimestral,69.490423,-0.413568,25.198413,9.51179,98.333,26.663729,-1.048903
2024-11-01,128121.0,398179771759.0,98.695,96.259182,trimestral,68.637549,-0.4161,24.722222,9.38881,98.333,26.134861,-1.068289
2024-11-04,130515.0,398179771759.0,98.695,96.259182,trimestral,69.920074,-0.412141,25.753968,9.563936,98.333,27.148524,-1.038421
2024-11-05,130661.0,398179771759.0,98.695,96.259182,trimestral,69.998289,-0.411845,25.873016,9.578924,98.333,27.412957,-1.03503
2024-11-06,130341.0,398179771759.0,98.695,96.259182,trimestral,69.826858,-0.412309,25.674603,9.551709,98.333,27.060379,-1.038611
2024-11-07,129682.0,398179771759.0,98.695,96.259182,trimestral,69.473815,-0.413328,25.238095,9.508629,98.333,26.707801,-1.044812
2024-11-08,127830.0,398179771759.0,98.695,96.259182,trimestral,68.481654,-0.416286,24.722222,9.38251,98.333,26.134861,-1.064715
2024-11-11,127874.0,398179771759.0,98.695,96.259182,trimestral,68.505225,-0.416152,24.761905,9.387508,98.333,26.178933,-1.062948
2024-11-12,127698.0,398179771759.0,98.695,96.259182,trimestral,68.410938,-0.416377,24.603175,9.370178,98.333,26.134861,-1.064869
2024-11-13,127734.0,398179771759.0,98.695,96.259182,trimestral,68.430224,-0.416258,24.642857,9.371681,98.333,26.178933,-1.06368
2024-11-14,127792.0,398179771759.0,98.695,96.259182,trimestral,68.461296,-0.416106,24.761905,9.384476,98.333,26.267078,-1.060628
2024-11-18,127768.0,398179771759.0,98.695,96.259182,trimestral,68.448439,-0.416089,24.761905,9.386966,98.333,26.31115,-1.059283
2024-11-19,128197.0,398179771759.0,98.695,96.259182,trimestral,68.678264,-0.415335,25.0,9.419427,98.333,26.487439,-1.052995
2024-11-21,126922.0,398179771759.0,98.695,96.259182,trimestral,67.995216,-0.417355,24.444444,9.322208,98.333,26.090789,-1.068113
2024-11-22,129126.0,398179771759.0,98.695,96.259182,trimestral,69.175952,-0.413712,25.31746,9.476651,98.333,26.840018,-1.041693
2024-11-25,129036.0,398179771759.0,98.695,96.259182,trimestral,69.127737,-0.413803,25.31746,9.463745,98.333,26.795945,-1.042908
2024-11-26,129922.0,398179771759.0,98.695,96.259182,trimestral,69.602389,-0.412311,25.793651,9.529501,98.333,27.28074,-1.031162
2024-11-27,127669.0,398179771759.0,98.695,96.259182,trimestral,68.395402,-0.415932,24.642857,9.35034,98.333,26.178933,-1.059832
2024-11-28,124610.0,398179771759.0,98.695,96.259182,trimestral,66.756621,-0.420866,23.730159,9.111106,98.333,25.253416,-1.098382
2024-11-29,125668.0,398179771759.0,98.695,96.259182,trimestral,67.323417,-0.419094,24.206349,9.186359,98.333,25.738211,-1.085026
2024-12-02,125236.0,398179771759.0,98.695,96.259182,trimestral,67.091984,-0.419746,24.047619,9.145992,98.333,25.517849,-1.090737
2024-12-03,126139.0,398179771759.0,98.695,96.259182,trimestral,67.575744,-0.418217,24.325397,9.20776,98.333,25.958572,-1.079591
2024-12-04,126087.0,398179771759.0,98.695,96.259182,trimestral,67.547886,-0.418243,24.325397,9.195819,98.333,25.9145,-1.080605
2024-12-05,127858.0,398179771759.0,98.695,96.259182,trimestral,68.496654,-0.415302,25.198413,9.332592,98.333,26.355223,-1.057112
2024-12-06,125946.0,398179771759.0,98.695,96.259182,trimestral,67.472349,-0.418357,24.325397,9.191678,98.333,25.9145,-1.079401
2024-12-09,127210.0,398179771759.0,98.695,96.259182,trimestral,68.149504,-0.416246,24.801587,9.277678,98.333,26.223006,-1.064288
2024-12-10,128228.0,398179771759.0,98.695,96.259182,trimestral,68.694872,-0.414529,25.436508,9.358269,98.333,26.575584,-1.050072
2024-12-11,129593.0,398179771759.0,98.695,96.259182,trimestral,69.426136,-0.412249,26.031746,9.464329,98.333,27.28074,-1.031675
2024-12-12,126042.0,398179771759.0,98.695,96.259182,trimestral,67.523778,-0.417976,24.365079,9.144812,98.333,25.517849,-1.0834
2024-12-13,124612.0,398179771759.0,98.695,96.259182,trimestral,66.757692,-0.420253,23.769841,9.026415,98.333,24.460115,-1.101952
2024-12-16,123560.0,418049908195.0,98.695,96.259182,trimestral,63.047869,-0.43147,22.539683,8.259056,98.333,18.995152,-1.227308
2024-12-17,124698.0,418049908195.0,98.695,96.259182,trimestral,63.628546,-0.429648,23.095238,8.32562,98.333,19.215513,-1.215233
2024-12-18,120772.0,418049908195.0,98.695,96.259182,trimestral,61.625261,-0.435683,20.873016,8.068398,98.333,18.245923,-1.256463
2024-12-19,121188.0,418049908195.0,98.695,96.259182,trimestral,61.837529,-0.434983,21.230159,8.100644,98.333,18.510357,-1.250016
2024-12-20,122102.0,418049908195.0,98.695,96.259182,trimestral,62.303908,-0.433517,21.825397,8.150146,98.333,18.862935,-1.240761
2024-12-23,120767.0,418049908195.0,98.695,96.259182,trimestral,61.622709,-0.435534,20.873016,8.055687,98.333,18.025562,-1.25517
2024-12-26,121078.0,418049908195.0,98.695,96.259182,trimestral,61.781401,-0.435003,21.190476,8.036975,98.333,17.98149,-1.257123
2024-12-27,120269.0,418049908195.0,98.695,96.259182,trimestral,61.368599,-0.436203,20.47619,7.983231,98.333,17.893345,-1.264812
2024-12-30,120283.0,418049908195.0,98.695,96.259182,trimestral,61.375743,-0.43613,20.515873,7.973392,98.333,17.893345,-1.26529
2025-01-02,120125.0,418049908195.0,98.695,96.259182,trimestral,61.295122,-0.43632,20.357143,7.95007,98.333,17.849273,-1.267967
2025-01-03,118533.0,418049908195.0,98.695,96.259182,trimestral,60.482786,-0.438727,18.650794,7.846617,98.333,17.849273,-1.283774
2025-01-06,120022.0,418049908195.0,98.695,96.259182,trimestral,61.242565,-0.436359,20.238095,7.945509,98.333,17.893345,-1.266357
2025-01-07,121163.0,418049908195.0,98.695,96.259182,trimestral,61.824773,-0.43453,21.468254,8.029102,98.333,18.157779,-1.251477
2025-01-08,119625.0,418049908195.0,98.695,96.259182,trimestral,61.039991,-0.436856,19.84127,7.927806,98.333,17.893345,-1.266946
2025-01-09,119781.0,418049908195.0,98.695,96.259182,trimestral,61.119592,-0.436558,19.880952,7.939869,98.333,17.937417,-1.263814
2025-01-10,118856.0,418049908195.0,98.695,96.259182,trimestral,60.6476,-0.437935,19.007937,7.876464,98.333,17.893345,-1.27305
2025-01-13,119007.0,418049908195.0,98.695,96.259182,trimestral,60.72465,-0.437644,19.166667,7.888286,98.333,17.937417,-1.269947
2025-01-14,119299.0,418049908195.0,98.695,96.259182,trimestral,60.873646,-0.437135,19.484127,7.908184,98.333,17.98149,-1.26553
2025-01-15,122650.0,418049908195.0,98.695,96.259182,trimestral,62.583531,-0.431885,22.619048,8.131768,98.333,19.34773,-1.227763
2025-01-16,121234.0,418049908195.0,98.695,96.259182,trimestral,61.861001,-0.434028,21.825397,8.046334,98.333,18.554429,-1.240659
2025-01-17,122350.0,418049908195.0,98.695,96.259182,trimestral,62.430453,-0.432246,22.539683,8.114758,98.333,19.259586,-1.228355
2025-01-20,122543.0,418049908195.0,98.695,96.259182,trimestral,62.528933,-0.431896,22.65873,8.144205,98.333,19.568092,-1.222456
2025-01-21,123338.0,418049908195.0,98.695,96.259182,trimestral,62.934591,-0.430612,23.134921,8.185121,98.333,19.656236,-1.214683
2025-01-22,122972.0,418049908195.0,98.695,96.259182,trimestral,62.747835,-0.431124,22.936508,8.160014,98.333,19.656236,-1.217703
2025-01-23,122483.0,418049908195.0,98.695,96.259182,trimestral,62.498317,-0.43182,22.65873,8.127199,98.333,19.34773,-1.221959
2025-01-24,122447.0,418049908195.0,98.695,96.259182,trimestral,62.479948,-0.431814,22.65873,8.130863,98.333,19.479947,-1.220247
2025-01-27,124862.0,418049908195.0,98.695,96.259182,trimestral,63.712229,-0.428011,24.166667,8.280861,98.333,20.141031,-1.194625
2025-01-28,124056.0,418049908195.0,98.695,96.259182,trimestral,63.300958,-0.429201,23.769841,8.236338,98.333,19.964742,-1.200824
2025-01-29,123432.0,418049908195.0,98.695,96.259182,trimestral,62.982555,-0.43011,23.373016,8.191204,98.333,19.876598,-1.207114
2025-01-30,126913.0,418049908195.0,98.695,96.259182,trimestral,64.758774,-0.424658,24.68254,8.42797,98.333,20.625826,-1.167361
2025-01-31,126135.0,418049908195.0,98.695,96.259182,trimestral,64.361791,-0.425814,24.52381,8.373717,98.333,20.537682,-1.175203
2025-02-03,125970.0,418049908195.0,98.695,96.259182,trimestral,64.277598,-0.426021,24.52381,8.360873,98.333,20.537682,-1.17628
2025-02-04,125147.0,418049908195.0,98.695,96.259182,trimestral,63.857653,-0.427246,24.404762,8.313752,98.333,20.405465,-1.182942
2025-02-05,125534.0,418049908195.0,98.695,96.259182,trimestral,64.055124,-0.426598,24.484127,8.336468,98.333,20.537682,-1.178208
2025-02-06,126225.0,418049908195.0,98.695,96.259182,trimestral,64.407715,-0.425478,24.722222,8.378125,98.333,20.713971,-1.170388
2025-02-07,124619.0,418049908195.0,98.695,96.259182,trimestral,63.588235,-0.427921,24.087302,8.270585,98.333,20.185104,-1.186927
2025-02-10,125572.0,418049908195.0,98.695,96.259182,trimestral,64.074514,-0.426399,24.563492,8.331402,98.333,20.581754,-1.176
2025-02-11,126522.0,418049908195.0,98.695,96.259182,trimestral,64.559262,-0.424884,24.960317,8.395252,98.333,20.846188,-1.164614
2025-02-12,124380.0,418049908195.0,98.695,96.259182,trimestral,63.466283,-0.428159,23.968254,8.253742,98.333,20.141031,-1.186703
2025-02-13,124850.0,418049908195.0,98.695,96.259182,trimestral,63.706106,-0.427391,24.325397,8.287688,98.333,20.449537,-1.180212
2025-02-14,128219.0,418049908195.0,98.695,96.259182,trimestral,65.425175,-0.422134,25.198413,8.516141,98.333,21.419127,-1.142086
2025-02-17,128869.0,418049908195.0,98.695,96.259182,trimestral,65.756845,-0.421093,25.277778,8.54282,98.333,21.507272,-1.136862
2025-02-18,128532.0,418049908195.0,98.695,96.259182,trimestral,65.584887,-0.421576,25.238095,8.501592,98.333,21.375055,-1.142662
2025-02-19,127309.0,418049908195.0,98.695,96.259182,trimestral,64.960838,-0.423433,25.119048,8.420608,98.333,21.022477,-1.154921
2025-02-20,127601.0,418049908195.0,98.695,96.259182,trimestral,65.109834,-0.422938,25.15873,8.439287,98.333,21.154694,-1.15093
2025-02-21,127128.0,418049908195.0,98.695,96.259182,trimestral,64.868481,-0.423628,25.119048,8.399532,98.333,21.022477,-1.156437
2025-02-24,125401.0,418049908195.0,98.695,96.259182,trimestral,63.98726,-0.426258,24.603175,8.283157,98.333,20.361393,-1.17438
2025-02-25,125980.0,418049908195.0,98.695,96.259182,trimestral,64.282701,-0.425316,24.84127,8.322386,98.333,20.625826,-1.167017
2025-02-26,124769.0,418049908195.0,98.695,96.259182,trimestral,63.664774,-0.427146,24.325397,8.235861,98.333,20.008814,-1.180088
2025-02-27,124799.0,418049908195.0,98.695,96.259182,trimestral,63.680082,-0.427055,24.365079,8.238379,98.333,20.096959,-1.178687
2025-02-28,122799.0,418049908195.0,98.695,96.259182,trimestral,62.65956,-0.430112,22.936508,8.107629,98.333,19.215513,-1.198948
2025-03-05,123047.0,418049908195.0,98.695,96.259182,trimestral,62.786105,-0.429688,23.134921,8.118869,98.333,19.34773,-1.196151
2025-03-06,123358.0,418049908195.0,98.695,96.259182,trimestral,62.944796,-0.429165,23.373016,8.136293,98.333,19.656236,-1.192345
2025-03-07,125035.0,418049908195.0,98.695,96.259182,trimestral,63.800504,-0.426522,24.722222,8.240101,98.333,20.273248,-1.174507
2025-03-10,124519.0,418049908195.0,98.695,96.259182,trimestral,63.537209,-0.427277,24.166667,8.169669,98.333,19.92067,-1.184945
2025-03-11,123507.0,418049908195.0,98.695,96.259182,trimestral,63.020825,-0.428802,23.531746,8.100315,98.333,19.127369,-1.195209
2025-03-12,123864.0,418049908195.0,98.695,96.259182,trimestral,63.202988,-0.428208,23.888889,8.111245,98.333,19.34773,-1.19246
2025-03-13,125637.0,418049908195.0,98.695,96.259182,trimestral,64.107681,-0.425422,25.079365,8.232898,98.333,20.273248,-1.171774
2025-03-14,128957.0,418049908195.0,98.695,96.259182,trimestral,65.801748,-0.420241,25.952381,8.471023,98.333,21.947995,-1.132262
2025-03-17,130834.0,418049908195.0,98.695,96.259182,trimestral,66.759508,-0.417297,26.150794,8.60079,98.333,22.476862,-1.110352
2025-03-18,131475.0,418049908195.0,98.695,96.259182,trimestral,67.086586,-0.416266,26.428571,8.610738,98.333,22.609079,-1.107856
2025-03-19,132508.0,418049908195.0,98.695,96.259182,trimestral,67.613686,-0.414632,26.984127,8.682307,98.333,23.314235,-1.095414
2025-03-20,131955.0,418049908195.0,98.695,96.259182,trimestral,67.331511,-0.415455,26.746032,8.640017,98.333,22.697223,-1.101409
2025-03-21,132345.0,418049908195.0,98.695,96.259182,trimestral,67.530513,-0.414813,26.904762,8.659847,98.333,23.005729,-1.097321
2025-03-24,131321.0,418049908195.0,98.695,96.259182,trimestral,67.008006,-0.416362,26.388889,8.589927,98.333,22.476862,-1.10775
2025-03-25,132068.0,418049908195.0,98.695,96.259182,trimestral,67.389171,-0.415168,26.825397,8.636722,98.333,22.741296,-1.099307
2025-03-26,132520.0,418049908195.0,98.695,96.259182,trimestral,67.619809,-0.414432,27.18254,8.661153,98.333,23.137946,-1.094496
2025-03-27,133149.0,418049908195.0,98.695,96.259182,trimestral,67.940763,-0.413422,27.420635,8.688869,98.333,23.666814,-1.089159
2025-03-28,131902.0,418049908195.0,98.695,96.259182,trimestral,67.304467,-0.415321,26.746032,8.609031,98.333,22.609079,-1.101225
2025-03-31,130260.0,418049908195.0,98.695,96.259182,trimestral,66.466618,-0.41783,26.071429,8.497457,98.333,22.080212,-1.118401
2025-04-01,131147.0,418049908195.0,98.695,96.259182,trimestral,66.91922,-0.416424,26.349206,8.548382,98.333,22.344645,-1.109328
2025-04-02,131190.0,341511008946.0,98.695,100.0,trimestral,81.943907,-0.370787,31.746032,10.48366,98.333,33.230498,-0.795985
2025-04-03,131141.0,341511008946.0,98.695,100.0,trimestral,81.913301,-0.370864,31.746032,10.49078,98.333,33.27457,-0.794277
2025-04-04,127256.0,341511008946.0,98.695,100.0,trimestral,79.486652,-0.378212,31.587302,10.179022,98.333,33.186426,-0.844049
2025-04-07,125588.0,341511008946.0,98.695,100.0,trimestral,78.444785,-0.381354,31.547619,10.037116,98.333,33.142353,-0.86635
2025-04-08,123932.0,341511008946.0,98.695,100.0,trimestral,77.410415,-0.384473,31.269841,9.914383,98.333,33.010137,-0.885545
2025-04-09,127796.0,341511008946.0,98.695,100.0,trimestral,79.823947,-0.377124,31.706349,10.210743,98.333,33.362715,-0.837074
2025-04-10,126355.0,341511008946.0,98.695,100.0,trimestral,78.923869,-0.379838,31.626984,10.088625,98.333,33.27457,-0.856196
2025-04-11,127682.0,341511008946.0,98.695,100.0,trimestral,79.75274,-0.377303,31.746032,10.203959,98.333,33.406787,-0.836996
2025-04-14,129454.0,341511008946.0,98.695,100.0,trimestral,80.859567,-0.373923,31.944444,10.343743,98.333,33.494932,-0.81385
2025-04-15,129245.0,341511008946.0,98.695,100.0,trimestral,80.729021,-0.374298,31.944444,10.327779,98.333,33.494932,-0.81583
2025-04-16,128317.0,341511008946.0,98.695,100.0,trimestral,80.149374,-0.376033,31.865079,10.251501,98.333,33.494932,-0.827525
2025-04-17,129650.0,341511008946.0,98.695,100.0,trimestral,80.981992,-0.373481,32.063492,10.33182,98.333,33.583076,-0.813959
2025-04-22,130464.0,341511008946.0,98.695,100.0,trimestral,81.490433,-0.371915,32.142857,10.388719,98.333,33.671221,-0.804181
2025-04-23,132216.0,341511008946.0,98.695,100.0,trimestral,82.584767,-0.368571,32.301587,10.513208,98.333,33.803438,-0.783517
2025-04-24,134580.0,341511008946.0,98.695,100.0,trimestral,84.061369,-0.364066,32.420635,10.707273,98.333,33.891582,-0.751644
2025-04-25,134739.0,341511008946.0,98.695,100.0,trimestral,84.160684,-0.363744,32.460317,10.713935,98.333,33.935654,-0.75001
2025-04-28,135016.0,341511008946.0,98.695,100.0,trimestral,84.333703,-0.363199,32.539683,10.741933,98.333,33.979727,-0.74494
2025-04-29,135093.0,341511008946.0,98.695,100.0,trimestral,84.381799,-0.363033,32.579365,10.753698,98.333,34.023799,-0.742494
2025-04-30,135067.0,341511008946.0,98.695,100.0,trimestral,84.365559,-0.363064,32.579365,10.722165,98.333,33.979727,-0.74704
2025-05-02,135134.0,341511008946.0,98.695,100.0,trimestral,84.407409,-0.362919,32.65873,10.725602,98.333,34.023799,-0.745943
2025-05-05,133491.0,341511008946.0,98.695,100.0,trimestral,83.381158,-0.366016,32.380952,10.596261,98.333,33.84751,-0.766254
2025-05-06,133516.0,341511008946.0,98.695,100.0,trimestral,83.396773,-0.365951,32.420635,10.596384,98.333,33.891582,-0.765696
2025-05-07,133398.0,341511008946.0,98.695,100.0,trimestral,83.323068,-0.366158,32.380952,10.582193,98.333,33.84751,-0.767451
2025-05-08,136232.0,341511008946.0,98.695,100.0,trimestral,85.093241,-0.360771,32.936508,10.822346,98.333,34.42045,-0.728259
2025-05-09,136512.0,341511008946.0,98.695,100.0,trimestral,85.268135,-0.36023,32.97619,10.850288,98.333,34.464522,-0.723296
2025-05-12,136563.0,341511008946.0,98.695,100.0,trimestral,85.299991,-0.360122,33.015873,10.845588,98.333,34.464522,-0.723577
2025-05-13,138963.0,341511008946.0,98.695,100.0,trimestral,86.799079,-0.355561,33.214286,11.045694,98.333,34.640811,-0.690883
2025-05-14,138423.0,341511008946.0,98.695,100.0,trimestral,86.461784,-0.356576,33.134921,11.007414,98.333,34.640811,-0.6966
2025-05-15,139334.0,341511008946.0,98.695,100.0,trimestral,87.030813,-0.35484,33.373016,11.083114,98.333,34.728955,-0.683963
2025-05-16,139187.0,341511008946.0,98.695,100.0,trimestral,86.938994,-0.355106,33.333333,11.078876,98.333,34.728955,-0.684172
2025-05-19,139636.0,341511008946.0,98.695,100.0,trimestral,87.219448,-0.354239,33.452381,11.110202,98.333,34.861172,-0.678632
2025-05-20,140110.0,341511008946.0,98.695,100.0,trimestral,87.515518,-0.353326,33.492063,11.143644,98.333,34.905245,-0.672769
2025-05-21,137881.0,341511008946.0,98.695,100.0,trimestral,86.12324,-0.357535,33.095238,10.955641,98.333,34.552666,-0.702525
2025-05-22,137273.0,341511008946.0,98.695,100.0,trimestral,85.743471,-0.35867,33.095238,10.902084,98.333,34.552666,-0.710622
2025-05-23,137824.0,341511008946.0,98.695,100.0,trimestral,86.087637,-0.357608,33.134921,10.953389,98.333,34.596739,-0.701846
2025-05-26,138136.0,341511008946.0,98.695,100.0,trimestral,86.282518,-0.356998,33.214286,10.986483,98.333,34.728955,-0.696003
2025-05-27,139541.0,341511008946.0,98.695,100.0,trimestral,87.160109,-0.354321,33.611111,11.104281,98.333,35.037461,-0.676564
2025-05-28,138888.0,341511008946.0,98.695,100.0,trimestral,86.752232,-0.355547,33.412698,11.040426,98.333,34.861172,-0.686373
2025-05-29,138534.0,341511008946.0,98.695,100.0,trimestral,86.531117,-0.356202,33.373016,11.015805,98.333,34.861172,-0.689839
2025-05-30,137027.0,341511008946.0,98.695,100.0,trimestral,85.589814,-0.359043,33.095238,10.897016,98.333,34.552666,-0.708449
2025-06-02,136787.0,341511008946.0,98.695,100.0,trimestral,85.439906,-0.359478,33.055556,10.871358,98.333,34.552666,-0.712044
2025-06-03,137546.0,341511008946.0,98.695,100.0,trimestral,85.913992,-0.357975,33.214286,10.901557,98.333,34.640811,-0.706484
2025-06-04,137002.0,341511008946.0,98.695,100.0,trimestral,85.574199,-0.35894,33.134921,10.861567,98.333,34.552666,-0.712222
2025-06-05,136236.0,341511008946.0,98.695,100.0,trimestral,85.09574,-0.360326,32.97619,10.794193,98.333,34.376377,-0.72237
2025-06-06,136102.0,341511008946.0,98.695,100.0,trimestral,85.012041,-0.360513,32.936508,10.779535,98.333,34.332305,-0.724029
2025-06-09,135699.0,341511008946.0,98.695,100.0,trimestral,84.760319,-0.36121,32.81746,10.746531,98.333,34.24416,-0.728645
2025-06-10,136436.0,341511008946.0,98.695,100.0,trimestral,85.220664,-0.359744,33.095238,10.795765,98.333,34.508594,-0.720006
2025-06-11,137128.0,341511008946.0,98.695,100.0,trimestral,85.652901,-0.358364,33.373016,10.849941,98.333,34.684883,-0.710569
2025-06-12,137800.0,341511008946.0,98.695,100.0,trimestral,86.072646,-0.357023,33.492063,10.909345,98.333,34.993389,-0.700288
2025-06-13,137213.0,341511008946.0,98.695,100.0,trimestral,85.705994,-0.358067,33.412698,10.866679,98.333,34.8171,-0.706484
2025-06-16,139256.0,355363126827.0,98.695,100.0,trimestral,83.591515,-0.364413,32.5,10.529231,98.333,33.84751,-0.76029
2025-06-17,138840.0,355363126827.0,98.695,100.0,trimestral,83.341802,-0.365101,32.420635,10.495,98.333,33.803438,-0.765111
2025-06-18,138717.0,355363126827.0,98.695,100.0,trimestral,83.267968,-0.365255,32.380952,10.483773,98.333,33.759365,-0.766212
2025-06-20,137116.0,355363126827.0,98.695,100.0,trimestral,82.306932,-0.368098,32.261905,10.357044,98.333,33.671221,-0.785999
2025-06-23,136551.0,355363126827.0,98.695,100.0,trimestral,81.967779,-0.36905,32.261905,10.309428,98.333,33.539004,-0.793002
2025-06-24,137165.0,355363126827.0,98.695,100.0,trimestral,82.336346,-0.367851,32.34127,10.362961,98.333,33.759365,-0.783651
2025-06-25,135767.0,355363126827.0,98.695,100.0,trimestral,81.497165,-0.37032,32.18254,10.260298,98.333,33.539004,-0.799583
2025-06-26,137114.0,355363126827.0,98.695,100.0,trimestral,82.305732,-0.367789,32.34127,10.47929,98.565,33.891582,-0.763398
2025-06-27,136866.0,355363126827.0,98.695,100.0,trimestral,82.156864,-0.368164,32.34127,10.456209,98.565,33.891582,-0.766442
2025-06-30,138855.0,355363126827.0,98.695,100.0,trimestral,83.350806,-0.364463,32.738095,10.609681,98.565,34.42045,-0.740855
2025-07-01,139549.0,355363126827.0,98.695,100.0,trimestral,83.767395,-0.363119,32.896825,10.655399,98.565,34.464522,-0.732763
2025-07-02,139051.0,355363126827.0,98.695,100.0,trimestral,83.468459,-0.363943,32.857143,10.498098,98.565,34.156016,-0.757662
2025-07-03,140928.0,355363126827.0,98.695,100.0,trimestral,84.59517,-0.360445,33.293651,10.647335,98.565,34.508594,-0.732735
2025-07-04,141478.0,355363126827.0,98.695,100.0,trimestral,84.92532,-0.359365,33.492063,10.669424,98.565,34.596739,-0.728468
2025-07-07,139490.0,355363126827.0,98.695,100.0,trimestral,83.731979,-0.362907,32.936508,10.526422,98.565,34.24416,-0.751071
2025-07-08,139303.0,355363126827.0,98.695,100.0,trimestral,83.619728,-0.363167,32.936508,10.50706,98.565,34.200088,-0.753552
2025-07-09,137481.0,355363126827.0,98.695,100.0,trimestral,82.526032,-0.366406,32.539683,10.362859,98.565,33.803438,-0.776373
2025-07-10,136743.0,355363126827.0,98.695,100.0,trimestral,82.083031,-0.36767,32.34127,10.299462,98.565,33.583076,-0.786023
2025-07-11,136187.0,355363126827.0,98.695,100.0,trimestral,81.749279,-0.368602,32.222222,10.257587,98.565,33.539004,-0.792171
2025-07-14,135299.0,355363126827.0,98.695,100.0,trimestral,81.216238,-0.370136,32.142857,10.193625,98.565,33.406787,-0.801936
2025-07-15,135250.0,355363126827.0,98.695,100.0,trimestral,81.186824,-0.370144,32.142857,10.196203,98.565,33.450859,-0.800824
2025-07-16,135511.0,355363126827.0,98.695,100.0,trimestral,81.343495,-0.369591,32.222222,10.213147,98.565,33.583076,-0.797353
2025-07-17,135565.0,355363126827.0,98.695,100.0,trimestral,81.37591,-0.369417,32.261905,10.219503,98.565,33.627149,-0.795604
2025-07-18,133382.0,355363126827.0,98.695,100.0,trimestral,80.065516,-0.373314,31.865079,10.052654,98.565,33.230498,-0.822193
2025-07-21,134167.0,355363126827.0,98.695,100.0,trimestral,80.53673,-0.371809,32.02381,10.105757,98.565,33.362715,-0.812783
2025-07-22,134036.0,355363126827.0,98.695,100.0,trimestral,80.458094,-0.371972,32.02381,10.086008,98.565,33.318643,-0.815303
2025-07-23,135368.0,355363126827.0,98.695,100.0,trimestral,81.257657,-0.369474,32.34127,10.190559,98.565,33.539004,-0.797452
2025-07-24,133808.0,355363126827.0,98.695,100.0,trimestral,80.321232,-0.37224,32.02381,10.073951,98.565,33.318643,-0.815847
2025-07-25,133524.0,355363126827.0,98.695,100.0,trimestral,80.150754,-0.372682,31.944444,10.053404,98.565,33.27457,-0.818493
2025-07-28,132129.0,355363126827.0,98.695,100.0,trimestral,79.313375,-0.375151,31.706349,9.942917,98.565,33.142353,-0.835878
2025-07-29,132726.0,355363126827.0,98.695,100.0,trimestral,79.671737,-0.373991,31.785714,9.992171,98.565,33.230498,-0.827061
2025-07-30,133990.0,355363126827.0,98.695,100.0,trimestral,80.430481,-0.371615,32.18254,10.090861,98.565,33.583076,-0.810144
2025-07-31,133071.0,355363126827.0,98.695,100.0,trimestral,79.878831,-0.373215,31.904762,10.020379,98.565,33.27457,-0.820994
2025-08-01,132437.0,355363126827.0,98.695,100.0,trimestral,79.498258,-0.374297,31.785714,9.972028,98.565,33.230498,-0.828205
2025-08-04,132971.0,355363126827.0,98.695,100.0,trimestral,79.818804,-0.373253,31.904762,10.007712,98.565,33.318643,-0.821606
2025-08-05,133151.0,355363126827.0,98.695,100.0,trimestral,79.926853,-0.372854,32.02381,10.02676,98.565,33.406787,-0.817742
2025-08-06,134538.0,355363126827.0,98.695,100.0,trimestral,80.759431,-0.370255,32.5,10.136434,98.565,33.84751,-0.798983
2025-08-07,136528.0,355363126827.0,98.695,100.0,trimestral,81.953972,-0.366561,33.055556,10.296991,98.565,34.42045,-0.771849
2025-08-08,135913.0,355363126827.0,98.695,100.0,trimestral,81.584805,-0.36761,32.936508,10.246179,98.565,34.288233,-0.7795
2025-08-11,135623.0,355363126827.0,98.695,100.0,trimestral,81.410726,-0.368068,32.857143,10.222256,98.565,34.288233,-0.782722
2025-08-12,137914.0,355363126827.0,98.695,100.0,trimestral,82.78595,-0.363827,33.571429,10.398806,98.565,34.949317,-0.752922
2025-08-13,136687.0,355363126827.0,98.695,100.0,trimestral,82.049416,-0.365992,33.214286,10.273226,98.565,34.508594,-0.772909
2025-08-14,136356.0,355363126827.0,98.695,100.0,trimestral,81.850726,-0.366521,33.055556,10.249186,98.565,34.376377,-0.776165
2025-08-15,136341.0,355363126827.0,98.695,100.0,trimestral,81.841721,-0.366477,33.055556,10.241933,98.565,34.332305,-0.77665
2025-08-18,137322.0,355363126827.0,98.695,100.0,trimestral,82.430589,-0.36462,33.571429,10.294302,98.565,34.640811,-0.767298
2025-08-19,134432.0,355363126827.0,98.695,100.0,trimestral,80.695802,-0.369809,32.460317,10.057134,98.565,33.627149,-0.805745
2025-08-20,134667.0,355363126827.0,98.695,100.0,trimestral,80.836866,-0.369308,32.579365,10.075405,98.565,33.715293,-0.802009
2025-08-21,134511.0,355363126827.0,98.695,100.0,trimestral,80.743223,-0.369521,32.539683,10.06172,98.565,33.671221,-0.803547
2025-08-22,137968.0,355363126827.0,98.695,100.0,trimestral,82.818364,-0.363157,33.888889,10.301108,98.565,34.905245,-0.763258
2025-08-25,138025.0,355363126827.0,98.695,100.0,trimestral,82.85258,-0.362985,33.928571,10.303403,98.565,34.949317,-0.762167
2025-08-26,137771.0,355363126827.0,98.695,100.0,trimestral,82.700111,-0.36338,33.849206,10.282592,98.565,34.773028,-0.764898
2025-08-27,139206.0,355363126827.0,98.695,100.0,trimestral,83.561501,-0.360702,34.285714,10.394131,98.565,35.39004,-0.745723
2025-08-28,141049.0,355363126827.0,98.695,100.0,trimestral,84.667803,-0.357282,34.84127,10.537429,98.565,35.962979,-0.721288
2025-08-29,141422.0,355363126827.0,98.695,100.0,trimestral,84.891705,-0.35654,35.039683,10.566823,98.565,36.007052,-0.715716
2025-09-01,141125.0,355363126827.0,98.695,100.0,trimestral,84.713424,-0.357018,34.880952,10.555812,98.565,36.007052,-0.716838
2025-09-02,140335.0,355363126827.0,98.695,100.0,trimestral,84.239209,-0.358393,34.603175,10.485516,98.565,35.654473,-0.72779
2025-09-03,139864.0,355363126827.0,98.695,100.0,trimestral,83.956481,-0.359188,34.52381,10.451531,98.565,35.478184,-0.732719
2025-09-04,140993.0,355363126827.0,98.695,100.0,trimestral,84.634188,-0.35707,34.920635,10.542535,98.565,36.095196,-0.716914
2025-09-05,142640.0,355363126827.0,98.695,100.0,trimestral,85.622836,-0.354008,35.674603,10.667986,98.565,36.535919,-0.695393
2025-09-08,141792.0,355363126827.0,98.695,100.0,trimestral,85.113806,-0.355486,35.396825,10.606988,98.565,36.403702,-0.704828
2025-09-09,141618.0,355363126827.0,98.695,100.0,trimestral,85.009358,-0.355739,35.277778,10.593958,98.565,36.271485,-0.706295
2025-09-10,142349.0,355363126827.0,98.695,100.0,trimestral,85.448157,-0.354345,35.634921,10.65274,98.565,36.579991,-0.695828
2025-09-11,143151.0,355363126827.0,98.695,100.0,trimestral,85.929576,-0.352824,35.992063,10.714662,98.565,36.844425,-0.684836
2025-09-12,142272.0,355363126827.0,98.695,100.0,trimestral,85.401936,-0.354364,35.595238,10.65203,98.565,36.579991,-0.694559
2025-09-15,143547.0,389445814450.0,98.695,100.0,trimestral,78.626279,-0.374839,31.626984,9.901465,98.565,33.010137,-0.818735
2025-09-16,144062.0,389445814450.0,98.695,100.0,trimestral,78.908365,-0.373917,31.666667,9.936429,98.565,33.098281,-0.812171
2025-09-17,145594.0,389445814450.0,98.695,100.0,trimestral,79.747501,-0.371312,31.944444,10.04288,98.565,33.583076,-0.793706
2025-09-18,145500.0,389445814450.0,98.695,100.0,trimestral,79.696013,-0.371408,31.944444,10.039826,98.565,33.583076,-0.793477
2025-09-19,145865.0,389445814450.0,98.695,100.0,trimestral,79.895938,-0.370745,32.18254,10.057199,98.565,33.84751,-0.789847
2025-09-22,145109.0,389445814450.0,98.695,100.0,trimestral,79.481847,-0.371939,31.825397,9.997163,98.565,33.406787,-0.799111
2025-09-23,146425.0,389445814450.0,98.695,100.0,trimestral,80.202672,-0.369692,32.5,10.092828,98.565,34.200088,-0.782435
2025-09-24,146492.0,389445814450.0,98.695,100.0,trimestral,80.23937,-0.36952,32.539683,10.094245,98.565,34.24416,-0.781467
2025-09-25,145306.0,389445814450.0,98.695,100.0,trimestral,79.589752,-0.371424,31.944444,10.011157,98.565,33.494932,-0.794586
2025-09-26,145447.0,389445814450.0,98.695,100.0,trimestral,79.666983,-0.371127,31.984127,10.022178,98.565,33.583076,-0.792011
2025-09-29,146337.0,389445814450.0,98.695,100.0,trimestral,80.154471,-0.369588,32.539683,10.086761,98.565,34.200088,-0.780505
2025-09-30,146237.0,389445814450.0,98.695,100.0,trimestral,80.099697,-0.369691,32.460317,10.071831,98.565,34.067871,-0.782265
2025-10-01,145517.0,389445814450.0,98.695,100.0,trimestral,79.705325,-0.370825,32.103175,10.018114,98.565,33.539004,-0.790496
2025-10-02,143950.0,389445814450.0,98.695,100.0,trimestral,78.847018,-0.373368,31.666667,9.904831,98.565,33.054209,-0.808664
2025-10-03,144201.0,389445814450.0,98.695,100.0,trimestral,78.9845,-0.37289,31.785714,9.924072,98.565,33.142353,-0.804708
2025-10-06,143608.0,389445814450.0,98.695,100.0,trimestral,78.659691,-0.373814,31.666667,9.877549,98.565,32.966064,-0.811731
2025-10-07,141356.0,389445814450.0,98.695,100.0,trimestral,77.426183,-0.377493,31.309524,9.72368,98.565,32.657558,-0.836675
2025-10-08,142145.0,389445814450.0,98.695,100.0,trimestral,77.858349,-0.376125,31.468254,9.777016,98.565,32.789775,-0.827008
2025-10-09,141708.0,389445814450.0,98.695,100.0,trimestral,77.618987,-0.376794,31.349206,9.75038,98.565,32.789775,-0.830703
2025-10-10,140680.0,389445814450.0,98.695,100.0,trimestral,77.055911,-0.378444,31.190476,9.683263,98.565,32.525342,-0.841158
2025-10-13,141783.0,389445814450.0,98.695,100.0,trimestral,77.660068,-0.376557,31.468254,9.758719,98.565,32.87792,-0.827791
2025-10-14,141683.0,389445814450.0,98.695,100.0,trimestral,77.605294,-0.376669,31.388889,9.753587,98.565,32.87792,-0.827898
2025-10-15,142604.0,389445814450.0,98.695,100.0,trimestral,78.109761,-0.375087,31.706349,9.815323,98.565,33.142353,-0.816834
2025-10-16,142200.0,389445814450.0,98.695,100.0,trimestral,77.888475,-0.375707,31.666667,9.793602,98.565,33.054209,-0.819726
2025-10-17,143399.0,389445814450.0,98.695,100.0,trimestral,78.545214,-0.373672,31.944444,9.878335,98.565,33.362715,-0.804838
2025-10-20,144509.0,389445814450.0,98.695,100.0,trimestral,79.153204,-0.371785,32.222222,9.956441,98.565,33.84751,-0.791068
2025-10-21,144085.0,389445814450.0,98.695,100.0,trimestral,78.920963,-0.372438,32.142857,9.92892,98.565,33.627149,-0.794943
2025-10-22,144873.0,389445814450.0,98.695,100.0,trimestral,79.352581,-0.371076,32.380952,9.982571,98.565,33.979727,-0.785241
2025-10-23,145721.0,389445814450.0,98.695,100.0,trimestral,79.817063,-0.369615,32.81746,10.04012,98.565,34.464522,-0.774894
2025-10-24,146172.0,389445814450.0,98.695,100.0,trimestral,80.064094,-0.368817,33.095238,10.070251,98.565,34.8171,-0.769138
2025-10-27,146969.0,389445814450.0,98.695,100.0,trimestral,80.500642,-0.367448,33.611111,10.123679,98.565,35.301895,-0.759502
2025-10-28,147429.0,389445814450.0,98.695,100.0,trimestral,80.752601,-0.366635,33.809524,10.153721,98.565,35.39004,-0.753773
2025-10-29,148633.0,389445814450.0,98.695,100.0,trimestral,81.412079,-0.364586,34.285714,10.235459,98.565,35.874835,-0.739395
2025-10-30,148780.0,389445814450.0,98.695,100.0,trimestral,81.492597,-0.364294,34.365079,10.245249,98.565,35.962979,-0.737064
2025-10-31,149540.0,389445814450.0,98.695,100.0,trimestral,81.908878,-0.362985,34.603175,10.297739,98.565,36.403702,-0.72759
2025-11-03,150454.0,389445814450.0,98.695,100.0,trimestral,82.409512,-0.361421,35.039683,10.363589,98.565,36.888497,-0.715885
2025-11-04,150704.0,389445814450.0,98.695,100.0,trimestral,82.546446,-0.360959,35.198413,10.379746,98.565,36.932569,-0.712502
2025-11-05,153294.0,389445814450.0,98.695,100.0,trimestral,83.96509,-0.356617,36.031746,10.55574,98.565,37.769943,-0.682376
2025-11-06,153339.0,389445814450.0,98.695,100.0,trimestral,83.989739,-0.356495,36.071429,10.555356,98.565,37.769943,-0.681771
2025-11-07,154064.0,389445814450.0,98.695,100.0,trimestral,84.386849,-0.355245,36.388889,10.606639,98.565,38.166593,-0.672517
2025-11-10,155257.0,389445814450.0,98.695,100.0,trimestral,85.040302,-0.353215,36.944444,10.687595,98.565,38.563244,-0.658287
2025-11-11,157749.0,389445814450.0,98.695,100.0,trimestral,86.405267,-0.349032,37.896825,10.857959,98.565,39.400617,-0.629088
2025-11-12,157633.0,389445814450.0,98.695,100.0,trimestral,86.341729,-0.349181,37.857143,10.8466,98.565,39.312472,-0.630344
2025-11-13,157162.0,389445814450.0,98.695,100.0,trimestral,86.083744,-0.349921,37.738095,10.819172,98.565,39.224328,-0.6343
2025-11-14,157739.0,389445814450.0,98.695,100.0,trimestral,86.39979,-0.348923,37.97619,10.865262,98.565,39.576906,-0.625941
2025-11-17,156993.0,389445814450.0,98.695,100.0,trimestral,85.991177,-0.350123,37.698413,10.786115,98.565,39.048039,-0.638583
2025-11-18,156522.0,389445814450.0,98.695,100.0,trimestral,85.733191,-0.350867,37.579365,10.751932,98.565,38.915822,-0.643687
2025-11-19,155381.0,389445814450.0,98.695,100.0,trimestral,85.108221,-0.352723,37.063492,10.675004,98.565,38.563244,-0.655959
2025-11-21,154770.0,389445814450.0,98.695,100.0,trimestral,84.773553,-0.353702,36.666667,10.632458,98.565,38.29881,-0.662474
2025-11-24,155278.0,389445814450.0,98.695,100.0,trimestral,85.051804,-0.352824,37.02381,10.668507,98.565,38.563244,-0.655813
2025-11-25,155910.0,389445814450.0,98.695,100.0,trimestral,85.397975,-0.351738,37.34127,10.71303,98.565,38.783605,-0.64772
2025-11-26,158555.0,389445814450.0,98.695,100.0,trimestral,86.846745,-0.347312,38.571429,10.892223,98.565,39.973557,-0.617053
2025-11-27,158292.0,389445814450.0,98.695,100.0,trimestral,86.702689,-0.347706,38.452381,10.878775,98.565,39.973557,-0.618671
2025-11-28,159072.0,389445814450.0,98.695,100.0,trimestral,87.129926,-0.346368,38.769841,10.92569,98.565,40.23799,-0.61016
2025-12-01,158611.0,389445814450.0,98.695,100.0,trimestral,86.877418,-0.347088,38.650794,10.897109,98.565,40.105773,-0.614309
2025-12-02,161092.0,389445814450.0,98.695,100.0,trimestral,88.236358,-0.342925,39.126984,11.071087,98.565,40.722785,-0.584461
2025-12-03,161755.0,389445814450.0,98.695,100.0,trimestral,88.599509,-0.341778,39.246032,11.108679,98.565,40.943147,-0.5775
2025-12-04,164456.0,389445814450.0,98.695,100.0,trimestral,90.078952,-0.337251,40.0,11.291795,98.565,41.075364,-0.546104
2025-12-05,157369.0,389445814450.0,98.695,100.0,trimestral,86.197126,-0.348967,38.095238,10.802797,98.565,39.444689,-0.627585
2025-12-08,158187.0,389445814450.0,98.695,100.0,trimestral,86.645177,-0.347568,38.452381,10.855508,98.565,39.797268,-0.618086
2025-12-09,157981.0,389445814450.0,98.695,100.0,trimestral,86.532343,-0.347867,38.452381,10.841015,98.565,39.620978,-0.619872
2025-12-10,159075.0,389445814450.0,98.695,100.0,trimestral,87.131569,-0.346009,38.968254,10.831664,98.565,39.620978,-0.620797
2025-12-11,159189.0,389445814450.0,98.695,100.0,trimestral,87.194011,-0.345777,39.047619,10.841778,98.565,39.709123,-0.618448
2025-12-12,160766.0,389445814450.0,98.695,100.0,trimestral,88.057795,-0.34312,39.325397,10.889351,98.565,40.23799,-0.609807
2025-12-15,162482.0,360195760619.0,98.695,100.0,trimestral,96.224863,-0.318351,45.238095,12.394731,98.565,41.516086,-0.356109
2025-12-16,158578.0,360195760619.0,98.695,100.0,trimestral,93.912842,-0.32532,43.095238,12.084901,98.565,41.427942,-0.407639
2025-12-17,157327.0,360195760619.0,98.695,100.0,trimestral,93.171976,-0.327529,42.65873,11.981094,98.565,41.427942,-0.424519
2025-12-18,157923.0,360195760619.0,98.695,100.0,trimestral,93.524939,-0.326426,42.857143,12.023961,98.565,41.472014,-0.41673
2025-12-19,158473.0,360195760619.0,98.695,100.0,trimestral,93.850659,-0.325407,43.174603,12.024943,98.565,41.516086,-0.415994
2025-12-22,158142.0,360195760619.0,98.695,100.0,trimestral,93.654634,-0.325969,43.055556,11.830201,98.565,41.427942,-0.448199
2025-12-23,160456.0,360195760619.0,98.695,100.0,trimestral,95.025028,-0.321791,44.285714,11.980566,98.565,41.472014,-0.422329
2025-12-26,160897.0,360195760619.0,98.695,100.0,trimestral,95.286197,-0.320973,44.52381,11.997745,98.565,41.560159,-0.418876
2025-12-29,160490.0,360195760619.0,98.695,100.0,trimestral,95.045164,-0.321669,44.325397,11.965009,98.565,41.472014,-0.423787
2025-12-30,161125.0,360195760619.0,98.695,100.0,trimestral,95.421223,-0.320497,44.722222,11.997941,98.565,41.648303,-0.417641
2026-01-02,160539.0,360195760619.0,98.695,100.0,trimestral,95.074182,-0.321514,44.365079,11.923839,98.565,41.472014,-0.429525
2026-01-05,161870.0,360195760619.0,98.695,100.0,trimestral,95.862425,-0.319097,45.198413,12.020036,98.565,41.736448,-0.412723
2026-01-06,163664.0,360195760619.0,98.695,100.0,trimestral,96.924866,-0.315854,46.388889,12.149009,98.565,41.912737,-0.390407
2026-01-07,161975.0,360195760619.0,98.695,100.0,trimestral,95.924608,-0.318857,45.277778,12.028262,98.565,41.868665,-0.410207
2026-01-08,162937.0,360195760619.0,98.695,100.0,trimestral,96.494323,-0.317102,46.031746,12.095328,98.565,41.956809,-0.398309
2026-01-09,163370.0,360195760619.0,98.695,100.0,trimestral,96.750753,-0.316297,46.230159,12.131743,98.565,42.000881,-0.391588
2026-01-12,163150.0,360195760619.0,98.695,100.0,trimestral,96.620465,-0.316665,46.111111,12.108968,98.565,42.000881,-0.394863
2026-01-13,161973.0,360195760619.0,98.695,100.0,trimestral,95.923424,-0.318747,45.277778,12.019065,98.565,41.736448,-0.409465
2026-01-14,165146.0,360195760619.0,98.695,100.0,trimestral,97.802534,-0.313027,47.896825,12.245656,98.565,42.221243,-0.37062
2026-01-15,165568.0,360195760619.0,98.695,100.0,trimestral,98.05245,-0.312242,48.293651,12.274137,98.565,42.309387,-0.365229
2026-01-16,164800.0,360195760619.0,98.695,100.0,trimestral,97.597626,-0.313589,47.579365,12.219554,98.565,42.221243,-0.37386
2026-01-19,164849.0,360195760619.0,98.695,100.0,trimestral,97.626645,-0.31347,47.698413,12.218873,98.565,42.221243,-0.373384
2026-01-20,166277.0,360195760619.0,98.695,100.0,trimestral,98.472333,-0.310878,49.047619,12.324041,98.565,42.441604,-0.35501
2026-01-21,171817.0,360195760619.0,98.695,100.0,trimestral,101.753224,-0.30092,51.746032,12.737787,98.565,42.706038,-0.284484
2026-01-22,175589.0,360195760619.0,98.695,100.0,trimestral,103.987072,-0.294135,52.896825,13.022233,98.565,42.794182,-0.235818
2026-01-23,178859.0,360195760619.0,98.695,100.0,trimestral,105.923627,-0.288258,53.730159,13.267425,98.565,42.970472,-0.193826
2026-01-26,178721.0,360195760619.0,98.695,100.0,trimestral,105.841901,-0.288495,53.690476,13.259516,98.565,42.970472,-0.19468
2026-01-27,181919.0,360195760619.0,98.695,100.0,trimestral,107.735816,-0.282751,55.0,13.493858,98.565,43.278978,-0.154532
2026-01-28,184691.0,360195760619.0,98.695,100.0,trimestral,109.377446,-0.277774,57.063492,13.690514,98.565,44.116351,-0.120765
2026-01-29,183134.0,360195760619.0,98.695,100.0,trimestral,108.455362,-0.280556,55.753968,13.576455,98.565,43.543411,-0.139571
2026-01-30,181364.0,360195760619.0,98.695,100.0,trimestral,107.407135,-0.283722,54.880952,13.447142,98.565,43.146761,-0.160995
2026-02-02,182793.0,360195760619.0,98.695,100.0,trimestral,108.253415,-0.281151,55.555556,13.554682,98.565,43.543411,-0.142296
2026-02-03,185674.0,360195760619.0,98.695,100.0,trimestral,109.959597,-0.275981,57.896825,13.770008,98.565,44.380784,-0.105356
2026-02-04,181708.0,360195760619.0,98.695,100.0,trimestral,107.610858,-0.283083,55.0,13.477641,98.565,43.32305,-0.154415
2026-02-05,182127.0,360195760619.0,98.695,100.0,trimestral,107.858998,-0.282322,55.238095,13.506455,98.565,43.455267,-0.149039
2026-02-06,182950.0,360195760619.0,98.695,100.0,trimestral,108.346394,-0.280839,55.793651,13.567662,98.565,43.7197,-0.138179
2026-02-09,186241.0,360195760619.0,98.695,100.0,trimestral,110.295385,-0.274933,58.452381,13.816684,98.565,44.953724,-0.095485
2026-02-10,185929.0,360195760619.0,98.695,100.0,trimestral,110.110613,-0.275489,58.333333,13.797267,98.565,44.733363,-0.098322
2026-02-11,189699.0,360195760619.0,98.695,100.0,trimestral,112.343277,-0.268725,60.833333,14.075094,98.565,45.923314,-0.050718
2026-02-12,187766.0,360195760619.0,98.695,100.0,trimestral,111.198518,-0.272189,59.722222,13.924317,98.565,45.394447,-0.075853
2026-02-13,186464.0,360195760619.0,98.695,100.0,trimestral,110.42745,-0.274523,58.690476,13.81814,98.565,45.041869,-0.093459
2026-02-18,186016.0,360195760619.0,98.695,100.0,trimestral,110.162136,-0.275328,58.333333,13.788455,98.565,44.645218,-0.098101
2026-02-19,188534.0,360195760619.0,98.695,100.0,trimestral,111.653342,-0.270815,60.039683,13.957677,98.565,45.747025,-0.068961
2026-02-20,190534.0,360195760619.0,98.695,100.0,trimestral,112.837779,-0.26723,61.349206,14.122026,98.565,46.319965,-0.040632
2026-02-23,188854.0,360195760619.0,98.695,100.0,trimestral,111.842852,-0.270245,60.198413,13.991628,98.565,45.83517,-0.062384
2026-02-24,191490.0,360195760619.0,98.695,100.0,trimestral,113.40394,-0.265522,61.706349,14.177996,98.565,46.584398,-0.030318
2026-02-25,191248.0,360195760619.0,98.695,100.0,trimestral,113.260624,-0.265961,61.626984,14.157526,98.565,46.496254,-0.033404
2026-02-26,191005.0,360195760619.0,98.695,100.0,trimestral,113.116714,-0.266405,61.507937,14.136875,98.565,46.408109,-0.036565
2026-02-27,188787.0,360195760619.0,98.695,100.0,trimestral,111.803174,-0.27039,59.960317,13.970254,98.565,45.791097,-0.064528
2026-03-02,189307.0,360195760619.0,98.695,100.0,trimestral,112.111127,-0.269466,60.47619,14.000987,98.565,45.923314,-0.058957
2026-03-03,183105.0,360195760619.0,98.695,100.0,trimestral,108.438187,-0.280597,55.793651,13.545064,98.565,43.587483,-0.136156
2026-03-04,185366.0,360195760619.0,98.695,100.0,trimestral,109.777194,-0.276551,57.539683,13.713397,98.565,44.468929,-0.107208
2026-03-05,180464.0,360195760619.0,98.695,100.0,trimestral,106.874138,-0.285351,54.206349,13.345345,98.565,43.058616,-0.169488
2026-03-06,179365.0,360195760619.0,98.695,100.0,trimestral,106.22329,-0.287331,53.888889,13.256965,98.565,42.970472,-0.184204
2026-03-09,180915.0,360195760619.0,98.695,100.0,trimestral,107.141229,-0.284563,54.325397,13.371505,98.565,43.190833,-0.164425
2026-03-10,183447.0,360195760619.0,98.695,100.0,trimestral,108.640726,-0.280033,55.952381,13.562993,98.565,43.895989,-0.131552
2026-03-11,183969.0,360195760619.0,98.695,100.0,trimestral,108.949864,-0.279112,56.468254,13.596579,98.565,44.204495,-0.125571
2026-03-12,179285.0,360195760619.0,98.695,100.0,trimestral,106.175912,-0.287527,53.650794,13.248016,98.565,42.926399,-0.184603
2026-03-13,177653.0,360195760619.0,98.695,100.0,trimestral,105.209412,-0.290466,53.095238,13.125343,98.565,42.882327,-0.20519
2026-03-16,179875.0,360195760619.0,98.695,100.0,trimestral,106.525321,-0.286496,53.888889,13.297301,98.565,43.190833,-0.175671
2026-03-17,180410.0,360195760619.0,98.695,100.0,trimestral,106.842158,-0.285552,54.047619,13.331848,98.565,43.234905,-0.169537
2026-03-18,179640.0,360195760619.0,98.695,100.0,trimestral,106.38615,-0.286947,53.769841,13.279941,98.565,43.190833,-0.178095
2026-03-19,180271.0,360195760619.0,98.695,100.0,trimestral,106.75984,-0.285831,54.007937,13.333523,98.565,43.32305,-0.168718
2026-03-20,176219.0,360195760619.0,98.695,100.0,trimestral,104.36017,-0.293108,52.5,13.026646,98.565,42.838255,-0.220628
2026-03-23,181932.0,360195760619.0,98.695,100.0,trimestral,107.743515,-0.282875,54.801587,13.443567,98.565,43.587483,-0.149382
2026-03-24,182509.0,360195760619.0,98.695,100.0,trimestral,108.085225,-0.281848,55.238095,13.482046,98.565,43.851917,-0.142493
2026-03-25,185424.0,360195760619.0,98.695,100.0,trimestral,109.811542,-0.276629,57.539683,13.694336,98.565,45.085941,-0.106023
2026-03-26,182733.0,360195760619.0,98.695,100.0,trimestral,108.217882,-0.28147,55.238095,13.492608,98.565,43.895989,-0.14007
2026-03-27,181557.0,360195760619.0,98.695,100.0,trimestral,107.521433,-0.283589,54.484127,13.397625,98.565,43.587483,-0.155914
2026-03-30,182514.0,360195760619.0,98.695,100.0,trimestral,108.088186,-0.28188,55.15873,13.46538,98.565,43.851917,-0.14402
2026-03-31,187462.0,360195760619.0,98.695,100.0,trimestral,111.018484,-0.273016,59.087302,13.829869,98.565,46.055531,-0.081624
2026-04-01,187953.0,360195760619.0,98.695,100.0,trimestral,111.309263,-0.272147,59.52381,13.870073,98.565,46.187748,-0.074451
2026-04-02,188052.0,392160670301.0,98.695,100.0,trimestral,102.290326,-0.299468,51.547619,13.020417,98.565,42.794182,-0.218799
2026-04-06,188162.0,392160670301.0,98.695,100.0,trimestral,102.35016,-0.299289,51.547619,13.028401,98.565,42.926399,-0.217078
2026-04-07,188259.0,392160670301.0,98.695,100.0,trimestral,102.402923,-0.299131,51.587302,13.025973,98.565,42.882327,-0.217121
2026-04-08,192201.0,392160670301.0,98.695,100.0,trimestral,104.547162,-0.292638,52.18254,13.299269,98.565,43.455267,-0.170191
2026-04-09,195129.0,392160670301.0,98.695,100.0,trimestral,106.139839,-0.287816,53.095238,13.500364,98.565,44.248568,-0.135549
2026-04-10,197324.0,392160670301.0,98.695,100.0,trimestral,107.333803,-0.284203,54.166667,13.650577,98.565,45.218158,-0.109587
2026-04-13,198001.0,392160670301.0,98.695,100.0,trimestral,107.702055,-0.283091,54.484127,13.694747,98.565,45.526664,-0.101701
2026-04-14,198657.0,392160670301.0,98.695,100.0,trimestral,108.058884,-0.282009,54.960317,13.744738,98.565,45.614808,-0.092768
2026-04-15,197738.0,392160670301.0,98.695,100.0,trimestral,107.558997,-0.283524,54.365079,13.685528,98.565,45.394447,-0.102467
2026-04-16,196819.0,392160670301.0,98.695,100.0,trimestral,107.05911,-0.285039,53.809524,13.627492,98.565,44.997796,-0.111985
2026-04-17,195734.0,392160670301.0,98.695,100.0,trimestral,106.468927,-0.286828,53.333333,13.561453,98.565,44.645218,-0.122869
2026-04-20,196132.0,392160670301.0,98.695,100.0,trimestral,106.685418,-0.286174,53.452381,13.588323,98.565,44.86558,-0.117917
2026-04-22,192889.0,392160670301.0,98.695,100.0,trimestral,104.921398,-0.291513,52.380952,13.360072,98.565,43.631556,-0.156428
2026-04-23,191378.0,392160670301.0,98.695,100.0,trimestral,104.099494,-0.293993,52.063492,13.232661,98.565,43.102688,-0.177699
2026-04-24,190745.0,392160670301.0,98.695,100.0,trimestral,103.755176,-0.295024,51.984127,13.191568,98.565,43.102688,-0.184219
2026-04-27,189579.0,392160670301.0,98.695,100.0,trimestral,103.120933,-0.296924,51.865079,13.105606,98.565,43.014544,-0.198329
2026-04-28,188619.0,392160670301.0,98.695,100.0,trimestral,102.598744,-0.298478,51.666667,13.041997,98.565,43.014544,-0.208576
2026-04-29,184750.0,392160670301.0,98.695,100.0,trimestral,100.494213,-0.304822,50.198413,12.767899,98.565,42.75011,-0.254765
2026-04-30,187318.0,392160670301.0,98.695,100.0,trimestral,101.891069,-0.300562,51.150794,12.931679,98.565,42.838255,-0.226171
2026-05-04,185600.0,392160670301.0,98.695,100.0,trimestral,100.956568,-0.303364,50.634921,12.806872,98.565,42.794182,-0.246899
2026-05-05,186754.0,392160670301.0,98.695,100.0,trimestral,101.584283,-0.301433,51.071429,12.878913,98.565,42.838255,-0.233962
2026-05-06,187691.0,392160670301.0,98.695,100.0,trimestral,102.093961,-0.299859,51.428571,12.946661,98.565,42.970472,-0.221745
2026-05-07,183218.0,392160670301.0,98.695,100.0,trimestral,99.660886,-0.307197,49.801587,12.63963,98.565,42.661966,-0.273672
2026-05-08,184108.0,392160670301.0,98.695,100.0,trimestral,100.144999,-0.305707,50.039683,12.686734,98.565,42.706038,-0.265041
2026-05-11,181909.0,392160670301.0,98.695,100.0,trimestral,98.94886,-0.309301,49.325397,12.54828,98.565,42.573821,-0.288162
2026-05-12,180342.0,392160670301.0,98.695,100.0,trimestral,98.096495,-0.311843,48.055556,12.434137,98.565,42.573821,-0.307062
2026-05-13,177098.0,392160670301.0,98.695,100.0,trimestral,96.33193,-0.317146,45.674603,12.210226,98.565,42.221243,-0.344785
2026-05-14,178366.0,392160670301.0,98.695,100.0,trimestral,97.021655,-0.315015,46.547619,12.296658,98.565,42.485677,-0.329311
2026-05-15,177284.0,392160670301.0,98.695,100.0,trimestral,96.433105,-0.316756,45.793651,12.221861,98.565,42.35346,-0.341487
2026-05-18,176976.0,392160670301.0,98.695,100.0,trimestral,96.265569,-0.317225,45.595238,12.203135,98.565,42.221243,-0.344066
2026-05-19,174279.0,392160670301.0,98.695,100.0,trimestral,94.798544,-0.321628,43.928571,12.016226,98.565,41.736448,-0.375518
2026-05-20,177356.0,392160670301.0,98.695,100.0,trimestral,96.472269,-0.316518,45.952381,12.222141,98.565,42.485677,-0.339493
2026-05-21,177650.0,392160670301.0,98.695,100.0,trimestral,96.632189,-0.315992,46.150794,12.240136,98.565,42.529749,-0.335739
2026-05-22,176210.0,392160670301.0,98.695,100.0,trimestral,95.848906,-0.31832,45.079365,12.142892,98.565,42.177171,-0.351796
2026-05-25,177359.0,392160670301.0,98.695,100.0,trimestral,96.473901,-0.316389,46.031746,12.244843,98.565,42.617893,-0.333614
2026-05-26,176589.0,392160670301.0,98.695,100.0,trimestral,96.055061,-0.316927,45.396825,12.160763,98.565,42.246696,-0.347998
2026-05-27,175744.0,392160670301.0,98.695,100.0,trimestral,95.595426,-0.3176,44.920635,12.098575,98.565,42.051959,-0.358613
2026-05-28,175063.0,392160670301.0,98.695,100.0,trimestral,95.224998,-0.318003,44.484127,12.05481,98.565,41.945423,-0.366056
2026-05-29,173788.0,392160670301.0,98.695,100.0,trimestral,94.531466,-0.319395,43.730159,11.970912,98.565,41.487022,-0.380408
2026-06-01,172198.0,392160670301.0,98.695,100.0,trimestral,93.66659,-0.321308,43.095238,11.858026,98.565,41.380827,-0.399748
2026-06-02,174198.0,392160670301.0,98.695,100.0,trimestral,94.754484,-0.317265,43.888889,11.97472,98.565,41.538462,-0.37955
2026-06-03,170331.0,392160670301.0,98.695,100.0,trimestral,92.651041,-0.322953,42.34127,11.71428,98.565,41.300527,-0.424312
2026-06-05,169019.0,392160670301.0,98.695,100.0,trimestral,91.937382,-0.3244,41.706349,11.623705,98.565,41.282389,-0.439805
2026-06-08,168669.0,392160670301.0,98.695,100.0,trimestral,91.747001,-0.324245,41.507937,11.599521,98.565,41.264267,-0.443857
2026-06-09,169813.0,392160670301.0,98.695,100.0,trimestral,92.369276,-0.321603,42.222222,11.680076,98.565,41.333918,-0.429859
2026-06-10,168619.0,392160670301.0,98.695,100.0,trimestral,91.719804,-0.322856,41.468254,11.599294,98.565,41.22807,-0.44367
2026-06-11,171497.0,392160670301.0,98.695,100.0,trimestral,93.285283,-0.317307,42.896825,11.797225,98.565,41.429198,-0.409433
2026-06-12,171133.0,392160670301.0,98.695,100.0,trimestral,93.087286,-0.317169,42.738095,11.773324,98.565,41.411043,-0.413449
2026-06-15,170415.0,397286107376.0,98.695,100.0,trimestral,91.500841,-0.321311,41.349206,11.498606,98.565,41.173894,-0.460718
2026-06-16,169649.0,397286107376.0,98.695,100.0,trimestral,91.089553,-0.321839,41.111111,11.450247,98.565,41.155867,-0.468937
2026-06-17,168454.0,397286107376.0,98.695,100.0,trimestral,90.447922,-0.323085,40.436508,11.370347,98.565,41.094092,-0.482595
2026-06-18,168278.0,397286107376.0,98.695,100.0,trimestral,90.353422,-0.322637,40.396825,11.359676,98.565,41.076115,-0.484306
2026-06-19,168576.0,397286107376.0,98.695,100.0,trimestral,90.513427,-0.321396,40.634921,11.353834,98.565,41.058155,-0.485183
2026-06-22,170370.0,397286107376.0,98.695,100.0,trimestral,91.476679,-0.31766,41.428571,11.493744,98.565,41.258741,-0.460905
2026-06-23,171259.0,397286107376.0,98.695,100.0,trimestral,91.954009,-0.315427,42.063492,11.546556,98.565,41.328091,-0.451666
2026-06-24,170507.0,397286107376.0,98.695,100.0,trimestral,91.550238,-0.315933,41.587302,11.4909,98.565,41.222707,-0.461157
2026-06-25,171990.0,397286107376.0,98.695,100.0,trimestral,92.346504,-0.312704,42.579365,11.585754,98.565,41.37931,-0.444655
2026-06-26,173295.0,397286107376.0,98.695,100.0,trimestral,93.047197,-0.309766,43.095238,11.67345,98.565,41.535777,-0.429392
2026-06-29,173205.0,397286107376.0,98.695,100.0,trimestral,92.998874,-0.309166,43.095238,11.665471,98.565,41.517662,-0.43066
2026-06-30,172024.0,397286107376.0,98.695,100.0,trimestral,92.36476,-0.310401,42.619048,11.588959,98.565,41.368788,-0.443768
2026-07-01,171689.0,397286107376.0,98.695,100.0,trimestral,92.184889,-0.310217,42.420635,11.565988,98.565,41.30719,-0.447622
2026-07-02,172788.0,397286107376.0,98.695,100.0,trimestral,92.774974,-0.307608,43.134921,11.638983,98.565,41.550523,-0.434889
2026-07-03,174266.0,397286107376.0,98.695,100.0,trimestral,93.568556,-0.304354,43.888889,11.725455,98.565,41.750109,-0.419828
2026-07-06,172448.0,397286107376.0,98.695,100.0,trimestral,92.592418,-0.306665,42.936508,11.606402,98.565,41.470844,-0.440305
2026-07-07,172021.0,397286107376.0,98.695,100.0,trimestral,92.363149,-0.306632,42.65873,11.578317,98.565,41.278817,-0.445047
2026-07-08,170654.0,397286107376.0,98.695,100.0,trimestral,91.629167,-0.308194,41.666667,11.484989,98.565,41.043478,-0.461073
2026-07-09,172742.0,397286107376.0,98.695,100.0,trimestral,92.750275,-0.303897,43.214286,11.626535,98.565,41.590613,-0.436466
2026-07-10,177866.0,397286107376.0,98.695,100.0,trimestral,95.501502,-0.294427,46.031746,11.973202,98.565,42.180712,-0.376372
2026-07-13,175739.0,397286107376.0,98.695,100.0,trimestral,94.359453,-0.297289,44.68254,11.828756,98.565,41.945289,-0.401276
2026-07-14,176641.0,397286107376.0,98.695,100.0,trimestral,94.843764,-0.294994,45.198413,11.886478,98.565,42.057292,-0.391184
2026-07-15,176011.0,397286107376.0,98.695,100.0,trimestral,94.505498,-0.295314,44.84127,11.842731,98.565,41.995662,-0.39866
2026-07-16,173825.0,397286107376.0,98.695,100.0,trimestral,93.33177,-0.298295,43.809524,11.693476,98.565,41.717259,-0.424403
2026-07-17,173714.0,397286107376.0,98.695,100.0,trimestral,93.272171,-0.29773,43.650794,11.6858,98.565,41.699176,-0.425623
2026-07-20,173371.0,397286107376.0,98.695,100.0,trimestral,93.088004,-0.297564,43.492063,11.665274,98.565,41.551127,-0.42907
2026-07-21,173326.0,397286107376.0,98.695,100.0,trimestral,93.063842,-0.296888,43.452381,11.663477,98.565,41.533131,-0.429271
2026-07-22,177548.0,397286107376.0,98.695,100.0,trimestral,95.330759,-0.288879,46.071429,11.947529,98.565,42.251082,-0.379943
2026-07-23,176724.0,397286107376.0,98.695,100.0,trimestral,94.888329,-0.289535,45.555556,11.893994,98.565,42.189528,-0.389127
2026-07-24,174042.0,397286107376.0,98.695,100.0,trimestral,93.448284,-0.29339,44.007937,11.713446,98.565,41.782007,-0.420326
2026-07-27,175335.0,397286107376.0,98.695,100.0,trimestral,94.142534,-0.29039,44.68254,11.7992,98.565,41.980112,-0.405352
2026-07-28,176565.0,397286107376.0,98.695,100.0,trimestral,94.802957,-0.287493,45.436508,11.884549,98.565,42.178047,-0.39045
2026-07-29,173885.0,397286107376.0,98.695,100.0,trimestral,93.363986,-0.291357,43.968254,11.701008,98.565,41.727862,-0.422185
2026-07-30,177159.0,397286107376.0,98.695,100.0,trimestral,95.121893,-0.284904,45.992063,11.92648,98.565,42.357513,-0.382967
2026-07-31,177999.0,397286107376.0,98.695,100.0,trimestral,95.572914,-0.282664,46.706349,11.983371,98.565,42.684506,-0.373002
2026-08-03,178000.0,397286107376.0,98.695,100.0,trimestral,95.573451,-0.281888,46.746032,11.983163,98.565,42.666091,-0.372946
2026-08-04,177895.0,397286107376.0,98.695,100.0,trimestral,95.517073,-0.281294,46.666667,11.97633,98.565,42.561449,-0.37404
2026-08-05,177726.0,397286107376.0,98.695,100.0,trimestral,95.426332,-0.280817,46.547619,11.960662,98.565,42.37069,-0.376668
2026-08-06,175546.0,397286107376.0,98.695,100.0,trimestral,94.255826,-0.283849,44.801587,11.814502,98.565,41.921586,-0.401953
2026-08-07,172513.0,397286107376.0,98.695,100.0,trimestral,92.627319,-0.288375,43.055556,11.603204,98.565,41.128338,-0.438544
2026-08-10,172180.0,397286107376.0,98.695,100.0,trimestral,92.448521,-0.288186,42.896825,11.580747,98.565,40.938442,-0.442332
2026-08-11,167875.0,397286107376.0,98.695,100.0,trimestral,90.13704,-0.294956,40.277778,11.283687,98.565,40.361446,-0.49382
2026-08-12,167491.0,397286107376.0,98.695,100.0,trimestral,89.930859,-0.294857,40.15873,11.226327,98.565,40.344086,-0.503653
2026-08-13,167101.0,397286107376.0,98.695,100.0,trimestral,89.721456,-0.294773,40.15873,11.197009,98.565,40.326741,-0.508612
2026-08-14,166934.0,397286107376.0,98.695,100.0,trimestral,89.631789,-0.29429,40.119048,11.184958,98.565,40.309411,-0.510569
2026-08-17,166784.0,397286107376.0,98.695,100.0,trimestral,89.551249,-0.293784,40.039683,11.17306,98.565,40.292096,-0.512498
2026-08-18,166335.0,397286107376.0,98.695,100.0,trimestral,89.310168,-0.293809,39.880952,11.144956,98.565,40.274796,-0.517245
2026-08-19,167830.0,397286107376.0,98.695,100.0,trimestral,90.112878,-0.290393,40.47619,11.243759,98.565,40.472103,-0.499926
2026-08-20,167927.0,397286107376.0,98.695,100.0,trimestral,90.16496,-0.28944,40.595238,11.248321,98.565,40.49764,-0.498998
2026-08-21,171032.0,397286107376.0,98.695,100.0,trimestral,91.832126,-0.283146,42.301587,11.452853,98.565,40.823328,-0.463291
2026-08-24,171907.0,397286107376.0,98.695,100.0,trimestral,92.301939,-0.280795,42.936508,11.471995,98.565,40.848693,-0.45984
2026-08-25,174577.0,397286107376.0,98.695,100.0,trimestral,93.735541,-0.27524,44.920635,11.643429,98.565,41.602399,-0.429893
2026-08-26,174586.0,397286107376.0,98.695,100.0,trimestral,93.740373,-0.274419,44.960317,11.64816,98.565,41.627409,-0.42896
2026-08-27,175135.0,397286107376.0,98.695,100.0,trimestral,94.035148,-0.272631,45.238095,11.687732,98.565,41.909247,-0.421964
2026-08-28,175665.0,397286107376.0,98.695,100.0,trimestral,94.31972,-0.270873,45.595238,11.725192,98.565,42.105263,-0.415337
2026-08-31,177419.0,397286107376.0,98.695,100.0,trimestral,95.261495,-0.26691,46.865079,11.84075,98.565,42.429427,-0.395112
2026-09-01,179723.0,397286107376.0,98.695,100.0,trimestral,96.49858,-0.261944,48.888889,11.993052,98.565,43.2236,-0.368491
2026-09-02,185205.0,397286107376.0,98.695,100.0,trimestral,99.442028,-0.251243,52.936508,12.35783,98.565,44.57265,-0.304862
2026-09-03,185188.0,397286107376.0,98.695,100.0,trimestral,99.4329,-0.250417,52.936508,12.354887,98.565,44.55361,-0.305303
2026-09-04,185147.0,397286107376.0,98.695,100.0,trimestral,99.410886,-0.249628,52.936508,12.352843,98.565,44.534586,-0.305588
2026-09-08,187367.0,397286107376.0,98.695,100.0,trimestral,100.602869,-0.244745,53.769841,12.498556,98.565,44.77166,-0.28012
2026-09-09,185629.0,397286107376.0,98.695,100.0,trimestral,99.669686,-0.247017,53.174603,12.381094,98.565,44.624573,-0.300533
2026-09-10,188269.0,397286107376.0,98.695,100.0,trimestral,101.08718,-0.241342,54.166667,12.555062,98.565,44.861407,-0.27013
2026-09-11,187207.0,397286107376.0,98.695,100.0,trimestral,100.516961,-0.242389,53.690476,12.484498,98.565,44.757033,-0.282374
2026-09-14,185501.0,432190392664.0,98.695,100.0,trimestral,91.55705,-0.271965,41.944444,11.387211,98.565,40.477205,-0.4737
2026-09-15,186503.0,432190392664.0,98.695,100.0,trimestral,92.051603,-0.269444,42.65873,11.450041,98.565,40.545145,-0.462616
2026-09-16,185548.0,432190392664.0,98.695,100.0,trimestral,91.580247,-0.270213,42.02381,11.389001,98.565,40.485313,-0.473146
2026-09-17,185992.0,432190392664.0,98.695,100.0,trimestral,91.799391,-0.268624,42.301587,11.416607,98.565,40.510638,-0.468206
2026-09-18,185229.0,432190392664.0,98.695,100.0,trimestral,91.4228,-0.269073,41.746032,11.368588,98.565,40.365802,-0.476465
2026-09-21,186596.0,432190392664.0,98.695,100.0,trimestral,92.097505,-0.265912,42.896825,11.454135,98.565,40.731293,-0.461408
2026-09-22,187423.0,432190392664.0,98.695,100.0,trimestral,92.505684,-0.263656,43.571429,11.501182,98.565,40.968976,-0.453075
2026-09-23,185814.0,432190392664.0,98.695,100.0,trimestral,91.711536,-0.265546,42.222222,11.398844,98.565,40.484282,-0.470829
2026-09-24,183966.0,432190392664.0,98.695,100.0,trimestral,90.799425,-0.267855,41.269841,11.283005,98.565,40.127389,-0.490938
2026-09-25,183477.0,432190392664.0,98.695,100.0,trimestral,90.558071,-0.267846,41.071429,11.252569,98.565,40.110357,-0.496125
