cd_cvm,empresa,data_fim,lucro,freq
000094,PANATLANTICA S.A.,2010-12-31,19967000.0,A
000140,YARA BRASIL FERTILIZANTES,2010-12-31,934667000.0,A
000701,BAHEMA EDUCAÇÃO S.A.,2010-12-31,47776000.0,A
000906,BCO BRADESCO S.A.,2010-12-31,10052193000.0,A
001023,BCO BRASIL S.A.,2010-12-31,11330345000.0,A
001120,BCO ESTADO DE SERGIPE S.A. - BANESE,2010-12-31,68091000.0,A
001155,BANESTES S.A. - BCO EST ESPIRITO SANTO,2010-12-31,142175000.0,A
001210,BCO ESTADO DO RIO GRANDE DO SUL S.A.,2010-12-31,760253000.0,A
001325,BCO MERCANTIL DO BRASIL S.A.,2010-12-31,191366000.0,A
001384,BCO ALFA DE INVESTIMENTO S.A.,2010-12-31,76849000.0,A
001520,BARDELLA S.A. INDUSTRIAS MECANICAS EM RECUPERAÇÃO JUDICIAL,2010-12-31,15002000.0,A
001562,BAUMER S.A.,2010-12-31,3717000.0,A
001597,PARTICIPAÇÕES INDUST. DO NORDESTE S.A.,2010-12-31,31767000.0,A
001694,BICICLETAS MONARK S.A.,2010-12-31,173861000.0,A
002062,CAFE SOLUVEL BRASILIA SA,2010-12-31,-280193000.0,A
002100,CAMBUCI S.A.,2010-12-31,9497000.0,A
002429,IRANI PAPEL E EMBALAGEM S.A.,2010-12-31,34361000.0,A
002437,CENTRAIS ELET BRAS S.A. - ELETROBRAS,2010-12-31,2552985000.0,A
002453,CIA ENERGETICA DE MINAS GERAIS - CEMIG,2010-12-31,2257976000.0,A
002461,CENTRAIS ELET DE SANTA CATARINA S.A.,2010-12-31,273516000.0,A
002488,CERAMICA CHIARELLI SA,2010-12-31,-7859000.0,A
002909,CIA CACIQUE CAFE SOLUVEL,2010-12-31,9148000.0,A
003069,CIA FERRO LIGAS DA BAHIA - FERBASA,2010-12-31,133970000.0,A
003077,CIA FIACAO TECIDOS CEDRO CACHOEIRA,2010-12-31,14653000.0,A
003115,CIA SEGUROS ALIANCA DA BAHIA,2010-12-31,23457000.0,A
003158,CIA TECIDOS NORTE DE MINAS COTEMINAS,2010-12-31,9545000.0,A
003182,DOCAS INVESTIMENTOS SA,2010-12-31,-88315000.0,A
003190,REDE ENERGIA PARTICIPAÇÕES S.A.,2010-12-31,-374848000.0,A
003298,CIA HABITASUL DE PARTICIPACOES,2010-12-31,18109000.0,A
003328,CIA HIDRO ELÉTRICA DO SÃO FRANCISCO,2010-12-31,2177232000.0,A
003336,CIA. IGUAÇU DE CAFÉ SOLÚVEL,2010-12-31,8252000.0,A
003395,CIA INDUSTRIAL CATAGUASES,2010-12-31,14657000.0,A
003654,CIA MELHORAMENTOS DE SAO PAULO,2010-12-31,-25768000.0,A
003980,GERDAU S.A.,2010-12-31,2457379000.0,A
004030,CIA SIDERURGICA NACIONAL,2010-12-31,2516191000.0,A
004057,SOUZA CRUZ SA,2010-12-31,1449708000.0,A
004081,CIA TECIDOS SANTANENSE,2010-12-31,22724000.0,A
004146,KARSTEN S.A.,2010-12-31,17162000.0,A
004170,VALE S.A.,2010-12-31,30421492000.0,A
004359,ELEKEIROZ S.A.,2010-12-31,45201000.0,A
004537,GRAZZIOTIN S.A.,2010-12-31,33272941.0,A
004650,CONFAB INDUSTRIAL SA,2010-12-31,95582000.0,A
004669,GUARARAPES CONFECCOES S.A.,2010-12-31,337795000.0,A
004707,CONSORCIO ALFA DE ADMINISTRACAO S.A.,2010-12-31,69782000.0,A
004723,CONSTRUTORA ADOLPHO LINDENBERG S.A.,2010-12-31,-4698000.0,A
004774,CONSTRUTORA LIX DA CUNHA S.A.,2010-12-31,-3220000.0,A
004820,BRASKEM S.A.,2010-12-31,1889485000.0,A
004863,CORREA RIBEIRO S.A. COMERCIO E INDUSTRIA,2010-12-31,10673000.0,A
005150,DHB IND E COMERCIO SA,2010-12-31,503852000.0,A
005207,DOHLER S.A.,2010-12-31,12388000.0,A
005312,MUNDIAL S.A. - PRODUTOS DE CONSUMO,2010-12-31,10931000.0,A
005410,WEG S.A.,2010-12-31,533634000.0,A
005762,ETERNIT S.A. - EM RECUPERAÇÃO JUDICIAL,2010-12-31,102085000.0,A
005770,EUCATEX S.A. INDUSTRIA E COMERCIO,2010-12-31,119997000.0,A
005983,FIACAO E TECELAGEM SAO JOSE SA EM RECUPERACAO JUDICIAL,2010-12-31,-8421000.0,A
005991,VICUNHA TEXTIL SA,2010-12-31,69512000.0,A
006173,TAURUS ARMAS S.A.,2010-12-31,70310000.0,A
006211,FRAS-LE S.A.,2010-12-31,48567000.0,A
006343,TUPY S.A.,2010-12-31,154431000.0,A
006505,GRUPO CASAS BAHIA S.A.,2010-12-31,-65809000.0,A
006700,HOTEIS OTHON S.A. - EM RECUPERAÇÃO JUDICIAL,2010-12-31,-17129000.0,A
006815,IGB ELETRONICA S.A - EM RECUPERACAO JUDICIAL,2010-12-31,-13398.0,A
007510,ROMI S.A.,2010-12-31,68750000.0,A
007544,TEXTIL RENAUXVIEW S.A.,2010-12-31,-18470000.0,A
007595,INEPAR S.A. INDUSTRIA E CONSTRUCOES EM RECUPERACAO JUDICIAL,2010-12-31,44179000.0,A
007617,ITAÚSA S.A.,2010-12-31,5013000000.0,A
007811,JOAO FORTES ENGENHARIA S.A. - EM RECUPERAÇÃO JUDICIAL,2010-12-31,89114000.0,A
007870,KEPLER WEBER S.A.,2010-12-31,25404000.0,A
008087,LOJAS AMERICANAS S.A.,2010-12-31,324201000.0,A
008133,LOJAS RENNER S.A.,2010-12-31,308028000.0,A
008192,TREVISA INVESTIMENTOS S.A.,2010-12-31,3425000.0,A
008397,MANGELS INDUSTRIAL S.A.,2010-12-31,21510000.0,A
008427,MANUFATURA DE BRINQUEDOS ESTRELA S.A.,2010-12-31,-48821000.0,A
008451,MARCOPOLO S.A.,2010-12-31,295754000.0,A
008486,MARISOL SA,2010-12-31,22311000.0,A
008575,MAHLE-METAL LEVE S.A.,2010-12-31,83713000.0,A
008656,METALURGICA GERDAU S.A.,2010-12-31,2289168000.0,A
008672,IGUATEMI S.A.,2010-12-31,344322000.0,A
008745,METANOR SA METANOL DO NE,2010-12-31,-16617000.0,A
008753,METISA METALURGICA TIMBOENSE S.A.,2010-12-31,19852315.0,A
008893,MONTEIRO ARANHA S.A.,2010-12-31,111310000.0,A
009040,NADIR FIGUEIREDO IND E COM S.A.,2010-12-31,17797000.0,A
009067,SUZANO HOLDING S.A.,2010-12-31,764060000.0,A
009342,DIMED S.A. DISTRIBUIDORA DE MEDICAMENTOS,2010-12-31,30773000.0,A
009393,PARANAPANEMA S.A. - EM RECUPERAÇÃO JUDICIAL,2010-12-31,47510000.0,A
009512,PETROLEO BRASILEIRO S.A. PETROBRAS,2010-12-31,35901445000.0,A
009784,PRONOR PETROQUIMICA SA,2010-12-31,-34235000.0,A
009857,QGN PARTICIPAÇÕES SA,2010-12-31,-16925000.0,A
009954,ALFA HOLDINGS S.A.,2010-12-31,43244000.0,A
009989,REFINARIA DE PETROLEOS MANGUINHOS S.A.,2010-12-31,-159049000.0,A
010456,ALPARGATAS S.A.,2010-12-31,310452000.0,A
010472,SARAIVA LIVREIROS S.A. - EM RECUPERAÇÃO JUDICIAL,2010-12-31,61023000.0,A
010596,SERGEN SERVS GERAIS DE ENG SA,2010-12-31,-2735030.0,A
010880,SONDOTECNICA ENGENHARIA SOLOS S.A.,2010-12-31,5518000.0,A
010960,SPRINGER S.A.,2010-12-31,2032000.0,A
011070,WLM PART. E COMÉRCIO DE MÁQUINAS E VEÍCULOS S.A.,2010-12-31,55122000.0,A
011223,TEKA-TECELAGEM KUEHNRICH S.A. - EM RECUPERAÇÃO JUDICIAL,2010-12-31,-138331000.0,A
011231,TEKNO S.A. - INDUSTRIA E COMERCIO,2010-12-31,24881000.0,A
011312,OI S.A. - EM RECUPERAÇÃO JUDICIAL,2010-12-31,1970860000.0,A
011320,TELEMAR NORTE LESTE SA,2010-12-31,1878410000.0,A
011398,TRONOX PIGMENTOS DO BRASIL S.A.,2010-12-31,-26922000.0,A
011592,UNIPAR CARBOCLORO S.A.,2010-12-31,30296000.0,A
011762,VULCABRAS S.A.,2010-12-31,121009000.0,A
011800,WEMBLEY SOCIEDADE ANÔNIMA,2010-12-31,12797000.0,A
011932,IOCHPE MAXION S.A.,2010-12-31,164153000.0,A
011975,AZEVEDO E TRAVASSOS S.A.,2010-12-31,16177000.0,A
011991,WETZEL S.A.,2010-12-31,-784000.0,A
012190,BOMBRIL S.A.,2010-12-31,28317000.0,A
012262,JPSP INVESTIMENTOS E PARTICIPAÇÕES S/A,2010-12-31,204895000.0,A
012530,ITAUTEC S.A. - GRUPO ITAUTEC,2010-12-31,11521000.0,A
012572,RECRUSUL S.A.,2010-12-31,-6492000.0,A
012653,KLABIN S.A.,2010-12-31,582152000.0,A
012696,SANSUY S.A. INDUSTRIA DE PLASTICOS,2010-12-31,-28941000.0,A
012793,FIBRIA CELULOSE S.A.,2010-12-31,603154000.0,A
012823,SIDERURGICA J. L. ALIPERTI S.A.,2010-12-31,4571000.0,A
012858,DIGITEL SA INDUSTRIA ELETRONICA,2010-12-31,2008.0,A
012866,INDÚSTRIA VEROLME S.A. - IVESA,2010-12-31,-90258000.0,A
013030,CONSTRUTORA SULTEPA S.A. - EM RECUPERAÇÃO JUDICIAL,2010-12-31,22348000.0,A
013285,JOSAPAR-JOAQUIM OLIVEIRA S.A. - PARTICIP,2010-12-31,13791000.0,A
013412,ÉVORA SA,2010-12-31,86204000.0,A
013471,PLASCAR PARTICIPACOES INDUSTRIAIS S.A.,2010-12-31,9175000.0,A
013765,MINUPAR PARTICIPACOES S.A.,2010-12-31,-30362000.0,A
013773,PBG S/A,2010-12-31,32304000.0,A
013781,SAO CARLOS EMPREEND E PARTICIPACOES S.A.,2010-12-31,91934000.0,A
013986,SUZANO S.A.,2010-12-31,768997000.0,A
014010,PREDILETO ALIMENTOS SA,2010-12-31,-17556.0,A
014028,VALE FERTILIZANTES S.A.,2010-12-31,99310000.0,A
014109,RANDON S.A. IMPLEMENTOS E PARTICIPACOES,2010-12-31,351366000.0,A
014133,TEC TOY S.A.,2010-12-31,-2292000.0,A
014206,BRB BANCO DE BRASILIA S.A.,2010-12-31,262184000.0,A
014311,CIA PARANAENSE DE ENERGIA - COPEL,2010-12-31,1010281000.0,A
014320,USINAS SID DE MINAS GERAIS S.A.-USIMINAS,2010-12-31,1583650000.0,A
014346,WHIRLPOOL S.A.,2010-12-31,637197000.0,A
014443,CIA SANEAMENTO BASICO EST SAO PAULO,2010-12-31,1630447000.0,A
014451,COMPANHIA ENERGÉTICA DE BRASÍLIA - CEB,2010-12-31,19617000.0,A
014460,CYRELA BRAZIL REALTY S.A.EMPREEND E PART,2010-12-31,685066000.0,A
014540,VBC ENERGIA SA,2010-12-31,364349000.0,A
014559,M&G POLIÉSTER SA,2010-12-31,-7812000.0,A
014621,NET SERVIÇOS DE COMUNICAÇÃO S.A.,2010-12-31,307151000.0,A
014664,SCHULZ S.A.,2010-12-31,47670000.0,A
014761,CIA HERING,2010-12-31,212013000.0,A
014796,FORPART S.A. - EM LIQUIDAÇÃO,2010-12-31,1375000.0,A
014826,CIA BRASILEIRA DE DISTRIBUICAO,2010-12-31,691735000.0,A
014931,DIXIE TOGA SA,2010-12-31,100343000.0,A
015083,KOSMOS COMÉRCIO DE VESTUÁRIO S/A - EM RECUPERAÇÃO JUDICIAL,2010-12-31,-626590.0,A
015091,LITEL PARTICIPACOES S.A.,2010-12-31,4975591000.0,A
015253,ENERGISA S.A.,2010-12-31,194648000.0,A
015300,RUMO MALHA NORTE S.A.,2010-12-31,341094000.0,A
015369,FERROVIA CENTRO-ATLANTICA S.A.,2010-12-31,-11665000.0,A
015458,EMBPAR PARTICIPAÇÕES S/A,2010-12-31,-3049000.0,A
015539,NEOENERGIA S.A.,2010-12-31,2064592000.0,A
015610,CECRISA REVESTIMENTOS CERAMICOS SA,2010-12-31,-8822000.0,A
015652,COMERCIAL QUINTELLA COM EXP SA EM LIQUIDAÇÃO,2010-12-31,-84860000.0,A
016101,GAFISA S.A.,2010-12-31,439980000.0,A
016225,VALETRON SA,2010-12-31,-300000.0,A
016233,BELAPART SA,2010-12-31,-351000.0,A
016292,BRF S.A.,2010-12-31,804996000.0,A
016306,ROSSI RESIDENCIAL S.A. - EM RECUPERAÇÃO JUDICIAL,2010-12-31,188090000.0,A
016330,521 PARTICIPACOES S.A. - EM LIQUIDAÇÃO EXTRAJUDICIAL,2010-12-31,379739000.0,A
016390,TAM S.A.,2010-12-31,668930000.0,A
016438,SUL 116 PARTICIPACOES S.A.,2010-12-31,1739000.0,A
016497,EMPRESA NAC COM REDITO PART S.A.ENCORPAR,2010-12-31,6799000.0,A
016624,UPTICK PARTICIPACOES S.A.,2010-12-31,14562000.0,A
016632,DEXXOS PARTICIPAÇÕES S.A.,2010-12-31,-19356000.0,A
016659,PORTO SEGURO S.A.,2010-12-31,623363000.0,A
016675,CEL PARTICIPAÇÕES S.A. - CELPAR,2010-12-31,43569.0,A
016730,INEPAR ENERGIA SA,2010-12-31,-21061000.0,A
016748,CIA RIOGRANDENSE DE SANEAMENTO,2010-12-31,197693.0,A
016950,DALETH PARTICIPAÇÕES SA - EM LIQUIDAÇÃO,2010-12-31,11686000.0,A
016993,EMAE - EMPRESA METROP.AGUAS ENERGIA S.A.,2010-12-31,13974000.0,A
017329,ENGIE BRASIL ENERGIA S.A.,2010-12-31,1211649000.0,A
017337,RET PARTICIPACOES S.A.,2010-12-31,431000.0,A
017361,ZAIN PARTICIPACOES S.A.,2010-12-31,46000.0,A
017388,FUTURETEL S.A. - EM LIQUIDAÇÃO,2010-12-31,1777000.0,A
017418,TELINVEST S.A.,2010-12-31,-196000.0,A
017442,LF TEL SA,2010-12-31,228662000.0,A
017450,RUMO S.A.,2010-12-31,239879000.0,A
017493,CAPITALPART PARTICIPACOES S.A.,2010-12-31,-409841.0,A
017540,NEWTEL PARTICIPACOES S.A.,2010-12-31,1730000.0,A
017558,INNCORP S.A.,2010-12-31,-262143.0,A
017604,TELE NORTE CELULAR PARTICIPAÇÕES SA,2010-12-31,1827281000.0,A
017639,TIM PARTICIPACOES S.A.,2010-12-31,2211715000.0,A
017647,EMBRATEL PARTICIPAÇÕES SA,2010-12-31,765035000.0,A
017655,TELE NORTE LESTE PARTICIPAÇÕES SA,2010-12-31,1749496000.0,A
017671,TELEFÔNICA BRASIL S.A,2010-12-31,2398836000.0,A
017710,VIVO PARTICIPAÇÕES SA,2010-12-31,1893833000.0,A
017779,MAORI SA,2010-12-31,-6018000.0,A
017892,SANTOS BRASIL PARTICIPACOES S.A.,2010-12-31,111229000.0,A
017914,MASSA FALIDA DA MMX MINERACAO E METALICOS S.A.,2010-12-31,39684000.0,A
017922,BRAZILIAN FINANCE E REAL ESTATE S.A.,2010-12-31,117020000.0,A
017930,RUMO MALHA PAULISTA S.A.,2010-12-31,85963000.0,A
017973,COGNA EDUCAÇÃO S.A.,2010-12-31,-29623000.0,A
018112,COMPANHIA DE BEBIDAS DAS AMÉRICAS-AMBEV,2010-12-31,7619243000.0,A
018287,VIRGO II COMPANHIA DE SECURITIZACAO,2010-12-31,9595000.0,A
018350,AES TIETE SA,2010-12-31,737339000.0,A
018376,CTEEP - CIA TRANSMISSÃO ENERGIA ELÉTRICA PAULISTA,2010-12-31,812171000.0,A
018414,PADTEC HOLDING S.A.,2010-12-31,-35468000.0,A
018465,ULTRAPAR PARTICIPACOES S.A.,2010-12-31,765186000.0,A
018635,PRIVATINVEST PARTICIPAÇÕES SA,2010-12-31,-262000.0,A
018651,ARAUCÁRIA PARTICIPAÇÕES SA,2010-12-31,-222742000.0,A
018660,CPFL ENERGIA S.A.,2010-12-31,1560037000.0,A
018678,TELEMAR PARTICIPAÇÕES SA,2010-12-31,1432431000.0,A
018708,CIA PARTICIPACOES ALIANCA DA BAHIA,2010-12-31,27497000.0,A
018716,CEMIG TELECOMUNICAÇÕES S.A.,2010-12-31,27261000.0,A
018724,BRADESPAR S.A.,2010-12-31,1780240000.0,A
018775,INVESTIMENTOS E PARTICIP. EM INFRA S.A. - INVEPAR,2010-12-31,-10594000.0,A
018821,CCR S.A.,2010-12-31,677508000.0,A
018902,VICUNHA SIDERURGIA SA,2010-12-31,2603240000.0,A
018953,CPFL GERACAO DE ENERGIA S.A.,2010-12-31,245513000.0,A
018961,ANHANGUERA EDUCACIONAL PARTICIPAÇÕES S.A.,2010-12-31,121622000.0,A
018970,AES TIETE ENERGIA SA,2010-12-31,1787147000.0,A
018988,VOTORANTIM FINANÇAS SA,2010-12-31,671037000.0,A
019046,BROOKFIELD SÃO PAULO EMPREENDIMENTOS IMOBILIÁRIOS S.A.,2010-12-31,65985000.0,A
019062,ANDRADE GUTIERREZ PARTICIPACOES S.A.,2010-12-31,424999000.0,A
019089,COARI PARTICIPAÇÕES SA,2010-12-31,-127343000.0,A
019100,ATMA PARTICIPAÇÕES S.A. - EM RECUPERAÇÃO JUDICIAL,2010-12-31,109053000.0,A
019143,EDITORA ABRIL S/A,2010-12-31,217533000.0,A
019216,CP CIMENTO E PARTICIPAÇÕES S/A,2010-12-31,36244000.0,A
019305,BIOMM S.A.,2010-12-31,-4273000.0,A
019313,AES ELPA S.A.,2010-12-31,1306490000.0,A
019330,TPI - TRIUNFO PARTICIP. E INVEST. S.A.,2010-12-31,30672000.0,A
019348,ITAU UNIBANCO HOLDING S.A.,2010-12-31,12493000000.0,A
019402,GLOBAL BRASIL SA,2010-12-31,1.0,A
019437,ANDRADE GUTIERREZ CONCESSOES S.A.,2010-12-31,666678000.0,A
019445,CIA SANEAMENTO DE MINAS GERAIS-COPASA MG,2010-12-31,669776000.0,A
019453,ECORODOVIAS INFRAESTRUTURA E LOGÍSTICA S.A.,2010-12-31,594039000.0,A
019550,NATURA COSMETICOS S.A.,2010-12-31,744050000.0,A
019569,GOL LINHAS AEREAS INTELIGENTES S.A.,2010-12-31,214197000.0,A
019615,GRENDENE S.A.,2010-12-31,312467000.0,A
019623,DIAGNOSTICOS DA AMERICA S.A.,2010-12-31,97966000.0,A
019631,CAMARGO CORREA CIMENTOS SA,2010-12-31,226404000.0,A
019658,POMIFRUTAS S/A EM RECUPERACAO JUDICIAL,2010-12-31,-35046000.0,A
019739,LOCALIZA RENT A CAR S.A.,2010-12-31,255892000.0,A
019763,EDP - ENERGIAS DO BRASIL S.A.,2010-12-31,736641000.0,A
019771,ARTERIS S.A.,2010-12-31,304249000.0,A
019798,PARAMOUNT TEXTEIS INDUSTRIA E COMERCIO S/A,2010-12-31,-5425000.0,A
019801,BUDDEMEYER S/A,2010-12-31,12152000.0,A
019860,RB CAPITAL SECURITIZADORA S.A.,2010-12-31,10037000.0,A
019879,LIGHT S.A. - EM RECUPERAÇÃO JUDICIAL,2010-12-31,575150000.0,A
019887,UNIVERSO ONLINE SA,2010-12-31,97305000.0,A
019909,BR MALLS PARTICIPACOES S.A.,2010-12-31,634272000.0,A
019917,TEMPO PARTICIPAÇOES S/A,2010-12-31,28565000.0,A
019925,BR PROPERTIES S.A.,2010-12-31,813368000.0,A
019933,ITAUSEG PARTICIPAÇÕES SA,2010-12-31,1000193000.0,A
019992,TOTVS S.A.,2010-12-31,137528000.0,A
020010,EQUATORIAL ENERGIA S.A.,2010-12-31,286098000.0,A
020028,VALID SOLUÇÕES S.A.,2010-12-31,93920000.0,A
020060,LUPATECH S.A,2010-12-31,-73160000.0,A
020087,EMBRAER S.A.,2010-12-31,600178000.0,A
020125,ODONTOPREV S.A.,2010-12-31,219427000.0,A
020141,CREMER SA,2010-12-31,32201000.0,A
020168,ÓLEO E GÁS PARTICIPAÇÕES S.A.,2010-12-31,-135525000.0,A
020214,AMPLA INVESTIMENTOS E SERVIÇOS S/A,2010-12-31,395233000.0,A
020257,TRANSMISSORA ALIANÇA DE ENERGIA ELÉTRICA S.A.,2010-12-31,428630000.0,A
020265,BROOKFIELD INCORPORAÇÕES S.A.,2010-12-31,363669000.0,A
020320,CEMIG GERACAO E TRANSMISSAO S.A.,2010-12-31,1084110000.0,A
020338,M.DIAS BRANCO S.A. IND COM DE ALIMENTOS,2010-12-31,351641000.0,A
020346,PROFARMA DISTRIB PROD FARMACEUTICOS S.A.,2010-12-31,34382000.0,A
020354,TERRA SANTA AGRO S.A.,2010-12-31,-22910000.0,A
020362,POSITIVO TECNOLOGIA S.A.,2010-12-31,89196000.0,A
020370,LPS BRASIL - CONSULTORIA DE IMOVEIS S.A.,2010-12-31,132031000.0,A
020400,SAFRA COMPANHIA SECURITIZADORA DE CREDITOS IMOBILIARIOS,2010-12-31,43784.0,A
020419,ONE PROPERTIES S.A.,2010-12-31,81019000.0,A
020435,TECNISA S.A.,2010-12-31,200048000.0,A
020451,RNI NEGÓCIOS IMOBILIÁRIOS S.A.,2010-12-31,71653000.0,A
020478,PDG REALTY S.A. EMPREEND E PARTICIPACOES,2010-12-31,789552000.0,A
020486,CAMARGO CORREA DESENVOLVIMENTO IMOBILIARIO SA,2010-12-31,143195000.0,A
020494,IGUATEMI EMPRESA DE SHOPPING CENTERS S.A,2010-12-31,151600000.0,A
020524,EVEN CONSTRUTORA E INCORPORADORA S.A.,2010-12-31,255044000.0,A
020532,BCO SANTANDER (BRASIL) S.A.,2010-12-31,7382574000.0,A
020540,CPFL ENERGIAS RENOVÁVEIS S.A.,2010-12-31,-15713000.0,A
020567,BCO PINE S.A,2010-12-31,162073000.0,A
020575,JBS S.A.,2010-12-31,-264000000.0,A
020605,JHSF PARTICIPACOES S.A.,2010-12-31,213466000.0,A
020613,METALFRIO SOLUTIONS S.A.,2010-12-31,70817000.0,A
020621,FERTILIZANTES HERINGER S.A.,2010-12-31,61805000.0,A
020630,FICA EMPREENDIMENTOS IMOBILIÁRIOS S.A.,2010-12-31,45158000.0,A
020656,BEMATECH IND COM EQUIP ELETRONICOS SA,2010-12-31,34267000.0,A
020680,BANCO SOFISA SA,2010-12-31,80095000.0,A
020702,VIVER INCORPORADORA E CONSTRUTORA S.A.,2010-12-31,67373000.0,A
020710,LOG-IN LOGISTICA INTERMODAL S.A.,2010-12-31,18300000.0,A
020745,SLC AGRICOLA S.A.,2010-12-31,58613000.0,A
020753,BANCO CRUZEIRO DO SUL SA,2010-12-31,-68836000.0,A
020770,EZ TEC EMPREEND. E PARTICIPACOES S.A.,2010-12-31,245462000.0,A
020788,MARFRIG GLOBAL FOODS S.A.,2010-12-31,140092000.0,A
020796,BCO DAYCOVAL S.A.,2010-12-31,249172000.0,A
020800,TEGMA GESTAO LOGISTICA S.A.,2010-12-31,112302000.0,A
020842,MAGNESITA REFRATARIOS S.A.,2010-12-31,92344000.0,A
020850,ALLIS PARTICIPAÇÕES S.A.,2010-12-31,-20954000.0,A
020877,HELBOR EMPREENDIMENTOS S.A.,2010-12-31,182058000.0,A
020885,BCO INDUSVAL S.A.,2010-12-31,26409000.0,A
020907,BHG S.A. - BRAZIL HOSPITALITY GROUP,2010-12-31,-6172000.0,A
020915,MRV ENGENHARIA E PARTICIPACOES S.A.,2010-12-31,675199000.0,A
020931,MINERVA S.A.,2010-12-31,22898000.0,A
020958,BCO ABC BRASIL S.A.,2010-12-31,202757000.0,A
020966,SPRINGS GLOBAL PARTICIPACOES S.A.,2010-12-31,-18432000.0,A
020974,COMPANHIA PROVIDENCIA IND E COMERCIO,2010-12-31,23814000.0,A
020982,MULTIPLAN - EMPREEND IMOBILIARIOS S.A.,2010-12-31,228998000.0,A
020990,AMERICANAS S.A. - EM RECUPERAÇÃO JUDICIAL,2010-12-31,33587000.0,A
021008,GENERAL SHOPPING E OUTLETS DO BRASIL BRASIL S.A.,2010-12-31,-11355000.0,A
021016,YDUQS PARTICIPACOES S.A.,2010-12-31,80660000.0,A
021032,ALGAR TELECOM S/A,2010-12-31,131023000.0,A
021040,SYN PROP & TECH S.A.,2010-12-31,107988000.0,A
021067,MOURA DUBEUX ENGENHARIA S/A,2010-12-31,159190000.0,A
021091,DEXCO S.A.,2010-12-31,467247000.0,A
021113,BANCO INDUSTRIAL E COMERCIAL S/A,2010-12-31,295088000.0,A
021121,SUL AMERICA S.A.,2010-12-31,612901000.0,A
021130,TRISUL S.A.,2010-12-31,39989000.0,A
021148,CONSTRUTORA TENDA S.A.,2010-12-31,123774000.0,A
021156,J. MACEDO S.A.,2010-12-31,17533000.0,A
021172,AMIL PARTICIPAÇÕES S/A,2010-12-31,131627000.0,A
021180,NEXPE PARTICIPAÇÕES S.A,2010-12-31,76603000.0,A
021199,BCO PAN S.A.,2010-12-31,-187297000.0,A
021202,VIX LOGÍSTICA S.A.,2010-12-31,36423183.0,A
021237,ENEVA S.A,2010-12-31,-255614000.0,A
021261,MONTICIANO PARTICIPAÇÕES S/A,2010-12-31,-96974000.0,A
021300,ALIANSCE SHOPPING CENTERS S.A.,2010-12-31,56132000.0,A
021342,OSX BRASIL S.A. - EM RECUPERAÇÃO JUDICIAL,2010-12-31,-77176000.0,A
021350,DIRECIONAL ENGENHARIA S.A.,2010-12-31,166552000.0,A
021377,BANCO INDUSTRIAL DO BRASIL,2010-12-31,55156000.0,A
021393,CIA CELG DE PARTICIPACOES - CELGPAR,2010-12-31,-630439000.0,A
021415,BRZ INVESTIMENTOS S/A,2010-12-31,11268000.0,A
021431,HYPERA S.A.,2010-12-31,261901000.0,A
021440,VESTE S.A. ESTILO,2010-12-31,37055000.0,A
021482,PRUMO LOGISTICA SA,2010-12-31,-25381000.0,A
021490,ALUPAR INVESTIMENTO S/A,2010-12-31,448474000.0,A
021520,MULTINER S/A,2010-12-31,-123876000.0,A
021539,REP REAL ESTATE PARTNERS DESENV IMOB SA,2010-12-31,44076.0,A
021555,LOCAMÉRICA RENT-A-CAR S.A.,2010-12-31,-126147000.0,A
021610,"B3 S.A. - BRASIL, BOLSA, BALCÃO",2010-12-31,1144486000.0,A
021636,RENOVA ENERGIA S.A. - EM RECUPERAÇÃO JUDICIAL,2010-12-31,1498000.0,A
021652,CTX PARTICIPAÇÕES S/A,2010-12-31,99627000.0,A
021717,TARPON INVESTIMENTOS S.A.,2010-12-31,139020000.0,A
021733,CIELO S.A. -  INSTITUIÇÃO DE PAGAMENTO,2010-12-31,1830914000.0,A
021741,ECO SECURITIZADORA DIREITOS CRED AGRONEGÓCIO S.A.,2010-12-31,-870000.0,A
021776,CENTENNIAL ASSET PARTICIPAÇÕES SUDESTE S/A,2010-12-31,-25037000.0,A
021792,CETIP S.A. - BALCÃO ORGANIZADO DE ATIVOS E DERIVATIVOS,2010-12-31,112319000.0,A
021806,AGV HOLDING S/A,2010-12-31,-11763000.0,A
021881,FLEURY S.A.,2010-12-31,130001000.0,A
021903,ECORODOVIAS CONCESSÕES E SERVIÇOS S.A.,2010-12-31,292692000.0,A
022020,JSL S.A.,2010-12-31,93041000.0,A
022055,MARISA LOJAS S.A.,2010-12-31,208675000.0,A
022110,OMEGA ENERGIA RENOVÁVEL S/A,2010-12-31,-19615000.0,A
022128,REDENTOR ENERGIA S/A,2010-12-31,60637000.0,A
022144,CONCESSÃO METROVIÁRIA DO RIO DE JANEIRO S.A.,2010-12-31,-20839.0,A
022187,PRIO S.A.,2010-12-31,-142370000.0,A
022217,ALPER CONSULTORIA E CORRETORA DE SEGUROS S.A.,2010-12-31,13071000.0,A
022292,STEIN SP II PARTICIPAÇÕES S.A.,2010-12-31,-4237000.0,A
022349,AZZAS 2154 S.A.,2010-12-31,64534000.0,A
022357,ALLOS S.A.,2010-12-31,212760000.0,A
022365,ENAUTA PARTICIPAÇÕES S.A.,2010-12-31,35595000.0,A
022373,ELETROSOM S/A,2010-12-31,26030000.0,A
022381,AUTOMETAL S.A.,2010-12-31,144737000.0,A
022438,INTERNATIONAL MEAL COMPANY HOLDINGS S/A,2010-12-31,7873000.0,A
022454,T4F ENTRETENIMENTO S.A.,2010-12-31,40263000.0,A
022470,MAGAZINE LUIZA S.A.,2010-12-31,68834000.0,A
022497,QUALICORP CONSULTORIA E CORRETORA DE SEGUROS S.A.,2010-12-31,-17363000.0,A
022500,MASSA FALIDA DA BRASIL PHARMA S.A.,2010-12-31,-27022000.0,A
022519,TECHNOS S.A.,2010-12-31,37543000.0,A
022551,SOMOS EDUCAÇÃO S.A.,2010-12-31,14417000.0,A
022560,INBRANDS S.A.,2010-12-31,20915.0,A
022594,STATKRAFT ENERGIAS RENOVAVEIS S.A.,2010-12-31,9637000.0,A
022691,COMPANHIA DE LOCAÇÃO DAS AMÉRICAS,2010-12-31,11553000.0,A
022756,SAAG INVESTIMENTOS S.A.,2010-12-31,416206000.0,A
023221,SER EDUCACIONAL S.A.,2010-12-31,35719000.0,A
080004,"TELEFÓNICA, S.A.",2010-12-31,22424000000.0,A
080020,"GP INVESTMENTS, LTD.",2010-12-31,-28678000.0,A
080047,WILSON SONS LTD.,2010-12-31,117475000.0,A
080080,AGRENCO LIMITED,2010-12-31,10080000.0,A
080098,LAEP INVESTMENTS LTD,2010-12-31,-451446000.0,A
080110,DUFRY A.G.,2010-12-31,243914000.0,A
080128,LATAM AIRLINES GROUP S.A.,2010-12-31,734775000.0,A
000094,PANATLANTICA S.A.,2011-12-31,13306000.0,A
000701,BAHEMA EDUCAÇÃO S.A.,2011-12-31,-2774000.0,A
000906,BCO BRADESCO S.A.,2011-12-31,11089442000.0,A
001023,BCO BRASIL S.A.,2011-12-31,12736912000.0,A
001155,BANESTES S.A. - BCO EST ESPIRITO SANTO,2011-12-31,80285000.0,A
001210,BCO ESTADO DO RIO GRANDE DO SUL S.A.,2011-12-31,934171000.0,A
001325,BCO MERCANTIL DO BRASIL S.A.,2011-12-31,73758000.0,A
001384,BCO ALFA DE INVESTIMENTO S.A.,2011-12-31,73333000.0,A
001520,BARDELLA S.A. INDUSTRIAS MECANICAS EM RECUPERAÇÃO JUDICIAL,2011-12-31,38632000.0,A
001562,BAUMER S.A.,2011-12-31,8170000.0,A
001597,PARTICIPAÇÕES INDUST. DO NORDESTE S.A.,2011-12-31,28627000.0,A
001694,BICICLETAS MONARK S.A.,2011-12-31,24012000.0,A
002062,CAFE SOLUVEL BRASILIA SA,2011-12-31,334631000.0,A
002100,CAMBUCI S.A.,2011-12-31,6723000.0,A
002429,IRANI PAPEL E EMBALAGEM S.A.,2011-12-31,9359000.0,A
002437,CENTRAIS ELET BRAS S.A. - ELETROBRAS,2011-12-31,3762019000.0,A
002453,CIA ENERGETICA DE MINAS GERAIS - CEMIG,2011-12-31,2415450000.0,A
002461,CENTRAIS ELET DE SANTA CATARINA S.A.,2011-12-31,323887000.0,A
002909,CIA CACIQUE CAFE SOLUVEL,2011-12-31,-9978000.0,A
003069,CIA FERRO LIGAS DA BAHIA - FERBASA,2011-12-31,90880000.0,A
003077,CIA FIACAO TECIDOS CEDRO CACHOEIRA,2011-12-31,15929000.0,A
003115,CIA SEGUROS ALIANCA DA BAHIA,2011-12-31,28253000.0,A
003158,CIA TECIDOS NORTE DE MINAS COTEMINAS,2011-12-31,-374732000.0,A
003174,CIA DOCAS DE IMBITUBA,2011-12-31,-16922000.0,A
003182,DOCAS INVESTIMENTOS SA,2011-12-31,-34295000.0,A
003190,REDE ENERGIA PARTICIPAÇÕES S.A.,2011-12-31,-730983000.0,A
003298,CIA HABITASUL DE PARTICIPACOES,2011-12-31,9713000.0,A
003328,CIA HIDRO ELÉTRICA DO SÃO FRANCISCO,2011-12-31,1554145000.0,A
003336,CIA. IGUAÇU DE CAFÉ SOLÚVEL,2011-12-31,-249072000.0,A
003395,CIA INDUSTRIAL CATAGUASES,2011-12-31,14435000.0,A
003654,CIA MELHORAMENTOS DE SAO PAULO,2011-12-31,-4456000.0,A
003980,GERDAU S.A.,2011-12-31,2097576000.0,A
004030,CIA SIDERURGICA NACIONAL,2011-12-31,3667234000.0,A
004057,SOUZA CRUZ SA,2011-12-31,1602709000.0,A
004081,CIA TECIDOS SANTANENSE,2011-12-31,24372000.0,A
004146,KARSTEN S.A.,2011-12-31,-69439000.0,A
004170,VALE S.A.,2011-12-31,37400224000.0,A
004537,GRAZZIOTIN S.A.,2011-12-31,35577097.0,A
004650,CONFAB INDUSTRIAL SA,2011-12-31,252773000.0,A
004669,GUARARAPES CONFECCOES S.A.,2011-12-31,363852000.0,A
004707,CONSORCIO ALFA DE ADMINISTRACAO S.A.,2011-12-31,79672000.0,A
004723,CONSTRUTORA ADOLPHO LINDENBERG S.A.,2011-12-31,-6576000.0,A
004774,CONSTRUTORA LIX DA CUNHA S.A.,2011-12-31,-636000.0,A
004820,BRASKEM S.A.,2011-12-31,-516839000.0,A
004863,CORREA RIBEIRO S.A. COMERCIO E INDUSTRIA,2011-12-31,823000.0,A
005150,DHB IND E COMERCIO SA,2011-12-31,36464000.0,A
005207,DOHLER S.A.,2011-12-31,24143000.0,A
005258,RAIA DROGASIL S.A.,2011-12-31,68696000.0,A
005312,MUNDIAL S.A. - PRODUTOS DE CONSUMO,2011-12-31,-39953000.0,A
005410,WEG S.A.,2011-12-31,607021000.0,A
005762,ETERNIT S.A. - EM RECUPERAÇÃO JUDICIAL,2011-12-31,97193000.0,A
005770,EUCATEX S.A. INDUSTRIA E COMERCIO,2011-12-31,88176000.0,A
005983,FIACAO E TECELAGEM SAO JOSE SA EM RECUPERACAO JUDICIAL,2011-12-31,-15543000.0,A
005991,VICUNHA TEXTIL SA,2011-12-31,80596000.0,A
006173,TAURUS ARMAS S.A.,2011-12-31,37337000.0,A
006211,FRAS-LE S.A.,2011-12-31,44246000.0,A
006343,TUPY S.A.,2011-12-31,203384000.0,A
006505,GRUPO CASAS BAHIA S.A.,2011-12-31,103854000.0,A
006700,HOTEIS OTHON S.A. - EM RECUPERAÇÃO JUDICIAL,2011-12-31,-47652000.0,A
006815,IGB ELETRONICA S.A - EM RECUPERACAO JUDICIAL,2011-12-31,-31396000.0,A
007510,ROMI S.A.,2011-12-31,4326000.0,A
007544,TEXTIL RENAUXVIEW S.A.,2011-12-31,-15116000.0,A
007595,INEPAR S.A. INDUSTRIA E CONSTRUCOES EM RECUPERACAO JUDICIAL,2011-12-31,-5993000.0,A
007617,ITAÚSA S.A.,2011-12-31,5367000000.0,A
007811,JOAO FORTES ENGENHARIA S.A. - EM RECUPERAÇÃO JUDICIAL,2011-12-31,69419000.0,A
007870,KEPLER WEBER S.A.,2011-12-31,28254000.0,A
008087,LOJAS AMERICANAS S.A.,2011-12-31,303766000.0,A
008133,LOJAS RENNER S.A.,2011-12-31,336907000.0,A
008192,TREVISA INVESTIMENTOS S.A.,2011-12-31,6953000.0,A
008397,MANGELS INDUSTRIAL S.A.,2011-12-31,-32601000.0,A
008427,MANUFATURA DE BRINQUEDOS ESTRELA S.A.,2011-03-31,-10284000.0,A
008427,MANUFATURA DE BRINQUEDOS ESTRELA S.A.,2011-12-31,-48519000.0,A
008451,MARCOPOLO S.A.,2011-12-31,344023000.0,A
008486,MARISOL SA,2011-12-31,38335000.0,A
008575,MAHLE-METAL LEVE S.A.,2011-12-31,189287000.0,A
008656,METALURGICA GERDAU S.A.,2011-12-31,1979649000.0,A
008672,IGUATEMI S.A.,2011-12-31,989592000.0,A
008745,METANOR SA METANOL DO NE,2011-12-31,-14766000.0,A
008753,METISA METALURGICA TIMBOENSE S.A.,2011-12-31,17754059.0,A
008893,MONTEIRO ARANHA S.A.,2011-12-31,181048000.0,A
009040,NADIR FIGUEIREDO IND E COM S.A.,2011-12-31,24419000.0,A
009067,SUZANO HOLDING S.A.,2011-12-31,38031000.0,A
009342,DIMED S.A. DISTRIBUIDORA DE MEDICAMENTOS,2011-12-31,37422000.0,A
009393,PARANAPANEMA S.A. - EM RECUPERAÇÃO JUDICIAL,2011-12-31,-47711000.0,A
009512,PETROLEO BRASILEIRO S.A. PETROBRAS,2011-12-31,33109612000.0,A
009539,PETTENATI S.A. INDUSTRIA TEXTIL,2011-06-30,-10742571.0,A
009857,QGN PARTICIPAÇÕES SA,2011-12-31,-26735000.0,A
009954,ALFA HOLDINGS S.A.,2011-12-31,47835000.0,A
009989,REFINARIA DE PETROLEOS MANGUINHOS S.A.,2011-12-31,-22135000.0,A
010456,ALPARGATAS S.A.,2011-12-31,309067000.0,A
010472,SARAIVA LIVREIROS S.A. - EM RECUPERAÇÃO JUDICIAL,2011-12-31,64921000.0,A
010596,SERGEN SERVS GERAIS DE ENG SA,2011-12-31,-113474862.0,A
010880,SONDOTECNICA ENGENHARIA SOLOS S.A.,2011-12-31,6278000.0,A
010960,SPRINGER S.A.,2011-12-31,45165000.0,A
011070,WLM PART. E COMÉRCIO DE MÁQUINAS E VEÍCULOS S.A.,2011-12-31,38148000.0,A
011223,TEKA-TECELAGEM KUEHNRICH S.A. - EM RECUPERAÇÃO JUDICIAL,2011-12-31,-194645000.0,A
011231,TEKNO S.A. - INDUSTRIA E COMERCIO,2011-12-31,25882000.0,A
011312,OI S.A. - EM RECUPERAÇÃO JUDICIAL,2011-12-31,1005750000.0,A
011320,TELEMAR NORTE LESTE SA,2011-12-31,-118371000.0,A
011398,TRONOX PIGMENTOS DO BRASIL S.A.,2011-12-31,32810000.0,A
011592,UNIPAR CARBOCLORO S.A.,2011-12-31,4448000.0,A
011762,VULCABRAS S.A.,2011-12-31,-315989000.0,A
011800,WEMBLEY SOCIEDADE ANÔNIMA,2011-12-31,-337128000.0,A
011932,IOCHPE MAXION S.A.,2011-12-31,223436000.0,A
011975,AZEVEDO E TRAVASSOS S.A.,2011-12-31,8080000.0,A
011991,WETZEL S.A.,2011-12-31,-1291000.0,A
012190,BOMBRIL S.A.,2011-12-31,-19313000.0,A
012220,USINA COSTA PINTO SA ACUC ALC,2011-03-31,154076000.0,A
012262,JPSP INVESTIMENTOS E PARTICIPAÇÕES S/A,2011-12-31,845233000.0,A
012530,ITAUTEC S.A. - GRUPO ITAUTEC,2011-12-31,43588000.0,A
012572,RECRUSUL S.A.,2011-12-31,-33248000.0,A
012653,KLABIN S.A.,2011-12-31,182721000.0,A
012696,SANSUY S.A. INDUSTRIA DE PLASTICOS,2011-12-31,-57596000.0,A
012793,FIBRIA CELULOSE S.A.,2011-12-31,-868114000.0,A
012823,SIDERURGICA J. L. ALIPERTI S.A.,2011-12-31,8510000.0,A
012866,INDÚSTRIA VEROLME S.A. - IVESA,2011-12-31,35139000.0,A
013030,CONSTRUTORA SULTEPA S.A. - EM RECUPERAÇÃO JUDICIAL,2011-12-31,559000.0,A
013285,JOSAPAR-JOAQUIM OLIVEIRA S.A. - PARTICIP,2011-12-31,22278000.0,A
013366,HAGA S.A. INDUSTRIA E COMERCIO,2011-12-31,6310578.0,A
013412,ÉVORA SA,2011-12-31,96466000.0,A
013471,PLASCAR PARTICIPACOES INDUSTRIAIS S.A.,2011-12-31,11548000.0,A
013765,MINUPAR PARTICIPACOES S.A.,2011-12-31,-12550000.0,A
013773,PBG S/A,2011-12-31,24390000.0,A
013781,SAO CARLOS EMPREEND E PARTICIPACOES S.A.,2011-12-31,96359000.0,A
013986,SUZANO S.A.,2011-12-31,29891000.0,A
014109,RANDON S.A. IMPLEMENTOS E PARTICIPACOES,2011-12-31,380337000.0,A
014133,TEC TOY S.A.,2011-12-31,-6788000.0,A
014206,BRB BANCO DE BRASILIA S.A.,2011-12-31,128936000.0,A
014311,CIA PARANAENSE DE ENERGIA - COPEL,2011-12-31,1176854000.0,A
014320,USINAS SID DE MINAS GERAIS S.A.-USIMINAS,2011-12-31,404133000.0,A
014346,WHIRLPOOL S.A.,2011-12-31,371664000.0,A
014443,CIA SANEAMENTO BASICO EST SAO PAULO,2011-12-31,1223419000.0,A
014451,COMPANHIA ENERGÉTICA DE BRASÍLIA - CEB,2011-12-31,46132000.0,A
014460,CYRELA BRAZIL REALTY S.A.EMPREEND E PART,2011-12-31,592186000.0,A
014559,M&G POLIÉSTER SA,2011-12-31,-72128000.0,A
014621,NET SERVIÇOS DE COMUNICAÇÃO S.A.,2011-12-31,373173000.0,A
014664,SCHULZ S.A.,2011-12-31,49059000.0,A
014761,CIA HERING,2011-12-31,297274000.0,A
014796,FORPART S.A. - EM LIQUIDAÇÃO,2011-12-31,1523000.0,A
014826,CIA BRASILEIRA DE DISTRIBUICAO,2011-12-31,719656000.0,A
015083,KOSMOS COMÉRCIO DE VESTUÁRIO S/A - EM RECUPERAÇÃO JUDICIAL,2011-12-31,-629182000.0,A
015091,LITEL PARTICIPACOES S.A.,2011-12-31,6388740000.0,A
015253,ENERGISA S.A.,2011-12-31,212054000.0,A
015300,RUMO MALHA NORTE S.A.,2011-12-31,350388000.0,A
015369,FERROVIA CENTRO-ATLANTICA S.A.,2011-12-31,-175196000.0,A
015458,EMBPAR PARTICIPAÇÕES S/A,2011-12-31,-47872000.0,A
015539,NEOENERGIA S.A.,2011-12-31,1845097000.0,A
015652,COMERCIAL QUINTELLA COM EXP SA EM LIQUIDAÇÃO,2011-12-31,-7119000.0,A
016101,GAFISA S.A.,2011-12-31,-905189000.0,A
016225,VALETRON SA,2011-12-31,-356000.0,A
016233,BELAPART SA,2011-12-31,-371000.0,A
016292,BRF S.A.,2011-12-31,1365089000.0,A
016306,ROSSI RESIDENCIAL S.A. - EM RECUPERAÇÃO JUDICIAL,2011-12-31,78677000.0,A
016330,521 PARTICIPACOES S.A. - EM LIQUIDAÇÃO EXTRAJUDICIAL,2011-12-31,75829000.0,A
016390,TAM S.A.,2011-12-31,-261513000.0,A
016438,SUL 116 PARTICIPACOES S.A.,2011-12-31,1869000.0,A
016497,EMPRESA NAC COM REDITO PART S.A.ENCORPAR,2011-12-31,46128000.0,A
016632,DEXXOS PARTICIPAÇÕES S.A.,2011-12-31,-38762000.0,A
016659,PORTO SEGURO S.A.,2011-12-31,580167000.0,A
016675,CEL PARTICIPAÇÕES S.A. - CELPAR,2011-12-31,-8042733.0,A
016950,DALETH PARTICIPAÇÕES SA - EM LIQUIDAÇÃO,2011-12-31,21112000.0,A
016993,EMAE - EMPRESA METROP.AGUAS ENERGIA S.A.,2011-12-31,-40815000.0,A
017329,ENGIE BRASIL ENERGIA S.A.,2011-12-31,1448106000.0,A
017337,RET PARTICIPACOES S.A.,2011-12-31,90000.0,A
017361,ZAIN PARTICIPACOES S.A.,2011-12-31,-5000.0,A
017388,FUTURETEL S.A. - EM LIQUIDAÇÃO,2011-12-31,1718000.0,A
017418,TELINVEST S.A.,2011-12-31,-267000.0,A
017442,LF TEL SA,2011-12-31,-264169000.0,A
017450,RUMO S.A.,2011-12-31,251282000.0,A
017493,CAPITALPART PARTICIPACOES S.A.,2011-12-31,-486148.0,A
017540,NEWTEL PARTICIPACOES S.A.,2011-12-31,1672000.0,A
017558,INNCORP S.A.,2011-12-31,-318431.0,A
017604,TELE NORTE CELULAR PARTICIPAÇÕES SA,2011-12-31,1895462000.0,A
017639,TIM PARTICIPACOES S.A.,2011-12-31,1281228000.0,A
017647,EMBRATEL PARTICIPAÇÕES SA,2011-12-31,413375000.0,A
017671,TELEFÔNICA BRASIL S.A,2011-12-31,4362199000.0,A
017779,MAORI SA,2011-12-31,-5304000.0,A
017892,SANTOS BRASIL PARTICIPACOES S.A.,2011-12-31,246336000.0,A
017914,MASSA FALIDA DA MMX MINERACAO E METALICOS S.A.,2011-12-31,-2153000.0,A
017922,BRAZILIAN FINANCE E REAL ESTATE S.A.,2011-12-31,74630000.0,A
017930,RUMO MALHA PAULISTA S.A.,2011-12-31,101591000.0,A
017973,COGNA EDUCAÇÃO S.A.,2011-12-31,37375000.0,A
018112,COMPANHIA DE BEBIDAS DAS AMÉRICAS-AMBEV,2011-12-31,8719764000.0,A
018287,VIRGO II COMPANHIA DE SECURITIZACAO,2011-12-31,10997000.0,A
018350,AES TIETE SA,2011-12-31,844864000.0,A
018376,CTEEP - CIA TRANSMISSÃO ENERGIA ELÉTRICA PAULISTA,2011-12-31,915260000.0,A
018414,PADTEC HOLDING S.A.,2011-12-31,-22233000.0,A
018465,ULTRAPAR PARTICIPACOES S.A.,2011-12-31,854787000.0,A
018651,ARAUCÁRIA PARTICIPAÇÕES SA,2011-12-31,-52049000.0,A
018660,CPFL ENERGIA S.A.,2011-12-31,1582384000.0,A
018678,TELEMAR PARTICIPAÇÕES SA,2011-12-31,-814864000.0,A
018708,CIA PARTICIPACOES ALIANCA DA BAHIA,2011-12-31,-2043000.0,A
018716,CEMIG TELECOMUNICAÇÕES S.A.,2011-12-31,13260000.0,A
018724,BRADESPAR S.A.,2011-12-31,2023552000.0,A
018775,INVESTIMENTOS E PARTICIP. EM INFRA S.A. - INVEPAR,2011-12-31,-59627000.0,A
018821,CCR S.A.,2011-12-31,910769000.0,A
018902,VICUNHA SIDERURGIA SA,2011-12-31,3599157000.0,A
018953,CPFL GERACAO DE ENERGIA S.A.,2011-12-31,723052000.0,A
018961,ANHANGUERA EDUCACIONAL PARTICIPAÇÕES S.A.,2011-12-31,42137000.0,A
018970,AES TIETE ENERGIA SA,2011-12-31,2667509000.0,A
019046,BROOKFIELD SÃO PAULO EMPREENDIMENTOS IMOBILIÁRIOS S.A.,2011-12-31,8859000.0,A
019062,ANDRADE GUTIERREZ PARTICIPACOES S.A.,2011-12-31,295504000.0,A
019100,ATMA PARTICIPAÇÕES S.A. - EM RECUPERAÇÃO JUDICIAL,2011-12-31,23285000.0,A
019305,BIOMM S.A.,2011-12-31,-4675000.0,A
019313,AES ELPA S.A.,2011-12-31,1521537000.0,A
019330,TPI - TRIUNFO PARTICIP. E INVEST. S.A.,2011-12-31,10888000.0,A
019348,ITAU UNIBANCO HOLDING S.A.,2011-12-31,14610000000.0,A
019402,GLOBAL BRASIL SA,2011-12-31,1.0,A
019437,ANDRADE GUTIERREZ CONCESSOES S.A.,2011-12-31,352644000.0,A
019445,CIA SANEAMENTO DE MINAS GERAIS-COPASA MG,2011-12-31,464507000.0,A
019453,ECORODOVIAS INFRAESTRUTURA E LOGÍSTICA S.A.,2011-12-31,387566000.0,A
019550,NATURA COSMETICOS S.A.,2011-12-31,830901000.0,A
019569,GOL LINHAS AEREAS INTELIGENTES S.A.,2011-12-31,-751538000.0,A
019615,GRENDENE S.A.,2011-12-31,305451000.0,A
019623,DIAGNOSTICOS DA AMERICA S.A.,2011-12-31,145255000.0,A
019658,POMIFRUTAS S/A EM RECUPERACAO JUDICIAL,2011-12-31,-21599000.0,A
019739,LOCALIZA RENT A CAR S.A.,2011-12-31,291642000.0,A
019763,EDP - ENERGIAS DO BRASIL S.A.,2011-12-31,691716000.0,A
019771,ARTERIS S.A.,2011-12-31,404396000.0,A
019798,PARAMOUNT TEXTEIS INDUSTRIA E COMERCIO S/A,2011-12-31,-33345000.0,A
019836,COSAN S.A.,2011-03-31,776562000.0,A
019879,LIGHT S.A. - EM RECUPERAÇÃO JUDICIAL,2011-12-31,310647000.0,A
019909,BR MALLS PARTICIPACOES S.A.,2011-12-31,789655000.0,A
019917,TEMPO PARTICIPAÇOES S/A,2011-12-31,32142000.0,A
019925,BR PROPERTIES S.A.,2011-12-31,335409000.0,A
019933,ITAUSEG PARTICIPAÇÕES SA,2011-12-31,1456035000.0,A
019992,TOTVS S.A.,2011-12-31,169383000.0,A
020010,EQUATORIAL ENERGIA S.A.,2011-12-31,246169000.0,A
020028,VALID SOLUÇÕES S.A.,2011-12-31,111820000.0,A
020036,BRASILAGRO - CIA BRAS DE PROP AGRICOLAS,2011-06-30,14663000.0,A
020060,LUPATECH S.A,2011-12-31,-241911000.0,A
020087,EMBRAER S.A.,2011-12-31,171254000.0,A
020125,ODONTOPREV S.A.,2011-12-31,145670000.0,A
020141,CREMER SA,2011-12-31,18639000.0,A
020168,ÓLEO E GÁS PARTICIPAÇÕES S.A.,2011-12-31,-509885000.0,A
020214,AMPLA INVESTIMENTOS E SERVIÇOS S/A,2011-12-31,385413000.0,A
020257,TRANSMISSORA ALIANÇA DE ENERGIA ELÉTRICA S.A.,2011-12-31,495399000.0,A
020265,BROOKFIELD INCORPORAÇÕES S.A.,2011-12-31,326831000.0,A
020320,CEMIG GERACAO E TRANSMISSAO S.A.,2011-12-31,1269012000.0,A
020338,M.DIAS BRANCO S.A. IND COM DE ALIMENTOS,2011-12-31,366544000.0,A
020346,PROFARMA DISTRIB PROD FARMACEUTICOS S.A.,2011-12-31,27192000.0,A
020354,TERRA SANTA AGRO S.A.,2011-12-31,-187223000.0,A
020362,POSITIVO TECNOLOGIA S.A.,2011-12-31,-67907000.0,A
020370,LPS BRASIL - CONSULTORIA DE IMOVEIS S.A.,2011-12-31,150631000.0,A
020419,ONE PROPERTIES S.A.,2011-12-31,-200444000.0,A
020435,TECNISA S.A.,2011-12-31,144411000.0,A
020451,RNI NEGÓCIOS IMOBILIÁRIOS S.A.,2011-12-31,57892000.0,A
020478,PDG REALTY S.A. EMPREEND E PARTICIPACOES,2011-12-31,708007000.0,A
020486,CAMARGO CORREA DESENVOLVIMENTO IMOBILIARIO SA,2011-12-31,-192802000.0,A
020494,IGUATEMI EMPRESA DE SHOPPING CENTERS S.A,2011-12-31,151995000.0,A
020516,SAO MARTINHO S.A.,2011-03-31,142288000.0,A
020524,EVEN CONSTRUTORA E INCORPORADORA S.A.,2011-12-31,232782000.0,A
020532,BCO SANTANDER (BRASIL) S.A.,2011-12-31,7755853000.0,A
020540,CPFL ENERGIAS RENOVÁVEIS S.A.,2011-12-31,70937000.0,A
020567,BCO PINE S.A,2011-12-31,184191000.0,A
020575,JBS S.A.,2011-12-31,-322885000.0,A
020605,JHSF PARTICIPACOES S.A.,2011-12-31,220769000.0,A
020613,METALFRIO SOLUTIONS S.A.,2011-12-31,11126000.0,A
020621,FERTILIZANTES HERINGER S.A.,2011-12-31,63890000.0,A
020630,FICA EMPREENDIMENTOS IMOBILIÁRIOS S.A.,2011-12-31,14795000.0,A
020656,BEMATECH IND COM EQUIP ELETRONICOS SA,2011-12-31,-42420000.0,A
020680,BANCO SOFISA SA,2011-12-31,37368000.0,A
020702,VIVER INCORPORADORA E CONSTRUTORA S.A.,2011-12-31,-114928000.0,A
020710,LOG-IN LOGISTICA INTERMODAL S.A.,2011-12-31,-78162000.0,A
020745,SLC AGRICOLA S.A.,2011-12-31,159992000.0,A
020753,BANCO CRUZEIRO DO SUL SA,2011-12-31,-98884000.0,A
020770,EZ TEC EMPREEND. E PARTICIPACOES S.A.,2011-12-31,330741000.0,A
020788,MARFRIG GLOBAL FOODS S.A.,2011-12-31,-746683000.0,A
020796,BCO DAYCOVAL S.A.,2011-12-31,293994000.0,A
020800,TEGMA GESTAO LOGISTICA S.A.,2011-12-31,99070000.0,A
020842,MAGNESITA REFRATARIOS S.A.,2011-12-31,98550000.0,A
020850,ALLIS PARTICIPAÇÕES S.A.,2011-12-31,-17258000.0,A
020877,HELBOR EMPREENDIMENTOS S.A.,2011-12-31,213345000.0,A
020885,BCO INDUSVAL S.A.,2011-12-31,-30020000.0,A
020907,BHG S.A. - BRAZIL HOSPITALITY GROUP,2011-12-31,9644000.0,A
020915,MRV ENGENHARIA E PARTICIPACOES S.A.,2011-12-31,816291000.0,A
020931,MINERVA S.A.,2011-12-31,41715000.0,A
020958,BCO ABC BRASIL S.A.,2011-12-31,235599000.0,A
020966,SPRINGS GLOBAL PARTICIPACOES S.A.,2011-12-31,-407166000.0,A
020974,COMPANHIA PROVIDENCIA IND E COMERCIO,2011-12-31,29451000.0,A
020982,MULTIPLAN - EMPREEND IMOBILIARIOS S.A.,2011-12-31,308919000.0,A
020990,AMERICANAS S.A. - EM RECUPERAÇÃO JUDICIAL,2011-12-31,-89168000.0,A
021008,GENERAL SHOPPING E OUTLETS DO BRASIL BRASIL S.A.,2011-12-31,-38001000.0,A
021016,YDUQS PARTICIPACOES S.A.,2011-12-31,70155000.0,A
021032,ALGAR TELECOM S/A,2011-12-31,144384000.0,A
021040,SYN PROP & TECH S.A.,2011-12-31,128185000.0,A
021067,MOURA DUBEUX ENGENHARIA S/A,2011-12-31,97742000.0,A
021091,DEXCO S.A.,2011-12-31,374860000.0,A
021113,BANCO INDUSTRIAL E COMERCIAL S/A,2011-12-31,333971000.0,A
021121,SUL AMERICA S.A.,2011-12-31,445682000.0,A
021130,TRISUL S.A.,2011-12-31,-38538000.0,A
021148,CONSTRUTORA TENDA S.A.,2011-12-31,-659725000.0,A
021156,J. MACEDO S.A.,2011-12-31,30507000.0,A
021172,AMIL PARTICIPAÇÕES S/A,2011-12-31,178763000.0,A
021180,NEXPE PARTICIPAÇÕES S.A,2011-12-31,117860000.0,A
021199,BCO PAN S.A.,2011-12-31,231068000.0,A
021202,VIX LOGÍSTICA S.A.,2011-12-31,34129000.0,A
021237,ENEVA S.A,2011-12-31,-401862000.0,A
021300,ALIANSCE SHOPPING CENTERS S.A.,2011-12-31,103889000.0,A
021342,OSX BRASIL S.A. - EM RECUPERAÇÃO JUDICIAL,2011-12-31,4685000.0,A
021350,DIRECIONAL ENGENHARIA S.A.,2011-12-31,181590000.0,A
021377,BANCO INDUSTRIAL DO BRASIL,2011-12-31,33312000.0,A
021393,CIA CELG DE PARTICIPACOES - CELGPAR,2011-12-31,-662286000.0,A
021431,HYPERA S.A.,2011-12-31,-54651000.0,A
021482,PRUMO LOGISTICA SA,2011-12-31,-52877000.0,A
021490,ALUPAR INVESTIMENTO S/A,2011-12-31,439044000.0,A
021520,MULTINER S/A,2011-12-31,-358332000.0,A
021539,REP REAL ESTATE PARTNERS DESENV IMOB SA,2011-12-31,-23066000.0,A
021555,LOCAMÉRICA RENT-A-CAR S.A.,2011-12-31,-64632000.0,A
021563,BERNA PARTICIPAÇÕES SA,2011-12-31,1798000.0,A
021610,"B3 S.A. - BRASIL, BOLSA, BALCÃO",2011-12-31,1048529000.0,A
021636,RENOVA ENERGIA S.A. - EM RECUPERAÇÃO JUDICIAL,2011-12-31,-12061000.0,A
021652,CTX PARTICIPAÇÕES S/A,2011-12-31,10582000.0,A
021709,CIA MINEIRA DE AÇUCAR E ALCOOL PARTICIPAÇÕES,2011-03-31,-52159000.0,A
021717,TARPON INVESTIMENTOS S.A.,2011-12-31,109503000.0,A
021725,ADVANCED DIGITAL HEALTH MEDICINA PREVENTIVA S.A.,2011-12-31,18902000.0,A
021733,CIELO S.A. -  INSTITUIÇÃO DE PAGAMENTO,2011-12-31,1816915000.0,A
021776,CENTENNIAL ASSET PARTICIPAÇÕES SUDESTE S/A,2011-12-31,-78914000.0,A
021792,CETIP S.A. - BALCÃO ORGANIZADO DE ATIVOS E DERIVATIVOS,2011-12-31,220517000.0,A
021806,AGV HOLDING S/A,2011-12-31,-68728000.0,A
021881,FLEURY S.A.,2011-12-31,100647000.0,A
021903,ECORODOVIAS CONCESSÕES E SERVIÇOS S.A.,2011-12-31,373582000.0,A
022020,JSL S.A.,2011-12-31,56885000.0,A
022055,MARISA LOJAS S.A.,2011-12-31,177493000.0,A
022110,OMEGA ENERGIA RENOVÁVEL S/A,2011-12-31,-3642000.0,A
022128,REDENTOR ENERGIA S/A,2011-12-31,38411000.0,A
022136,TEREOS INTERNACIONAL S/A,2011-03-31,196000000.0,A
022144,CONCESSÃO METROVIÁRIA DO RIO DE JANEIRO S.A.,2011-12-31,-81885.0,A
022187,PRIO S.A.,2011-12-31,-304035000.0,A
022209,PASCRO PARTICIPAÇÕES S.A.,2011-12-31,-91047000.0,A
022217,ALPER CONSULTORIA E CORRETORA DE SEGUROS S.A.,2011-12-31,109791000.0,A
022284,MCM CIMENTOS S/A,2011-12-31,-700000.0,A
022292,STEIN SP II PARTICIPAÇÕES S.A.,2011-12-31,-339000.0,A
022349,AZZAS 2154 S.A.,2011-12-31,91613000.0,A
022357,ALLOS S.A.,2011-12-31,364307000.0,A
022365,ENAUTA PARTICIPAÇÕES S.A.,2011-12-31,92137000.0,A
022373,ELETROSOM S/A,2011-12-31,2203000.0,A
022381,AUTOMETAL S.A.,2011-12-31,193974000.0,A
022438,INTERNATIONAL MEAL COMPANY HOLDINGS S/A,2011-12-31,1875000.0,A
022454,T4F ENTRETENIMENTO S.A.,2011-12-31,61071000.0,A
022470,MAGAZINE LUIZA S.A.,2011-12-31,11666000.0,A
022497,QUALICORP CONSULTORIA E CORRETORA DE SEGUROS S.A.,2011-12-31,-33670000.0,A
022500,MASSA FALIDA DA BRASIL PHARMA S.A.,2011-12-31,8228000.0,A
022519,TECHNOS S.A.,2011-12-31,88957000.0,A
022535,COPERSUCAR S.A.,2011-03-31,355486000.0,A
022551,SOMOS EDUCAÇÃO S.A.,2011-12-31,47702000.0,A
022560,INBRANDS S.A.,2011-12-31,-19514000.0,A
022586,MLOG S.A.,2011-12-31,-64000.0,A
022594,STATKRAFT ENERGIAS RENOVAVEIS S.A.,2011-12-31,2448000.0,A
022616,BCO BTG PACTUAL S.A.,2011-12-31,1339564000.0,A
022675,HIDROVIAS DO BRASIL S.A.,2011-12-31,-11012000.0,A
022691,COMPANHIA DE LOCAÇÃO DAS AMÉRICAS,2011-12-31,22576000.0,A
022756,SAAG INVESTIMENTOS S.A.,2011-12-31,866888000.0,A
022799,SINQIA S.A.,2011-12-31,2951039.0,A
022810,ELDORADO BRASIL CELULOSE S.A.,2011-12-31,320.0,A
022829,CIMENTO TUPI S.A.,2011-12-31,68532000.0,A
023000,LIGHT ENERGIA S.A.,2011-12-31,90750000.0,A
023035,LINX S.A.,2011-12-31,21036000.0,A
023221,SER EDUCACIONAL S.A.,2011-12-31,31552000.0,A
023574,INTERNATIONAL MEAL COMPANY ALIMENTACAO S.A.,2011-12-31,11297000.0,A
080020,"GP INVESTMENTS, LTD.",2011-12-31,-1191905000.0,A
080047,WILSON SONS LTD.,2011-12-31,70056000.0,A
080071,COSAN LIMITED,2011-03-31,767656000.0,A
080080,AGRENCO LIMITED,2011-12-31,-584388000.0,A
080098,LAEP INVESTMENTS LTD,2011-12-31,218464000.0,A
080110,DUFRY A.G.,2011-12-31,255777000.0,A
080128,LATAM AIRLINES GROUP S.A.,2011-12-31,546310000.0,A
080144,PACIFIC RUBIALES ENERGY CORP.,2011-12-31,902897000.0,A
080152,PPLA PARTICIPATIONS LTD.,2011-12-31,171992000.0,A
000094,PANATLANTICA S.A.,2012-12-31,15470000.0,A
000701,BAHEMA EDUCAÇÃO S.A.,2012-12-31,-2048000.0,A
000906,BCO BRADESCO S.A.,2012-12-31,11351694000.0,A
001023,BCO BRASIL S.A.,2012-12-31,11438200000.0,A
001155,BANESTES S.A. - BCO EST ESPIRITO SANTO,2012-12-31,81704000.0,A
001210,BCO ESTADO DO RIO GRANDE DO SUL S.A.,2012-12-31,833709000.0,A
001325,BCO MERCANTIL DO BRASIL S.A.,2012-12-31,136127000.0,A
001384,BCO ALFA DE INVESTIMENTO S.A.,2012-12-31,96912000.0,A
001520,BARDELLA S.A. INDUSTRIAS MECANICAS EM RECUPERAÇÃO JUDICIAL,2012-12-31,-26650000.0,A
001562,BAUMER S.A.,2012-12-31,9054000.0,A
001597,PARTICIPAÇÕES INDUST. DO NORDESTE S.A.,2012-12-31,46391000.0,A
001694,BICICLETAS MONARK S.A.,2012-12-31,10627000.0,A
002100,CAMBUCI S.A.,2012-12-31,-12317000.0,A
002429,IRANI PAPEL E EMBALAGEM S.A.,2012-12-31,26383000.0,A
002437,CENTRAIS ELET BRAS S.A. - ELETROBRAS,2012-12-31,-6925652000.0,A
002453,CIA ENERGETICA DE MINAS GERAIS - CEMIG,2012-12-31,4271685000.0,A
002461,CENTRAIS ELET DE SANTA CATARINA S.A.,2012-12-31,-258366000.0,A
002909,CIA CACIQUE CAFE SOLUVEL,2012-12-31,11833000.0,A
003069,CIA FERRO LIGAS DA BAHIA - FERBASA,2012-12-31,85544000.0,A
003077,CIA FIACAO TECIDOS CEDRO CACHOEIRA,2012-12-31,16418000.0,A
003115,CIA SEGUROS ALIANCA DA BAHIA,2012-12-31,13718000.0,A
003158,CIA TECIDOS NORTE DE MINAS COTEMINAS,2012-12-31,-136292000.0,A
003174,CIA DOCAS DE IMBITUBA,2012-12-31,-36857000.0,A
003182,DOCAS INVESTIMENTOS SA,2012-12-31,-46595000.0,A
003190,REDE ENERGIA PARTICIPAÇÕES S.A.,2012-12-31,-1239394000.0,A
003298,CIA HABITASUL DE PARTICIPACOES,2012-12-31,507000.0,A
003328,CIA HIDRO ELÉTRICA DO SÃO FRANCISCO,2012-12-31,-5341312000.0,A
003336,CIA. IGUAÇU DE CAFÉ SOLÚVEL,2012-12-31,-68103000.0,A
003395,CIA INDUSTRIAL CATAGUASES,2012-12-31,4681000.0,A
003654,CIA MELHORAMENTOS DE SAO PAULO,2012-12-31,3244000.0,A
003980,GERDAU S.A.,2012-12-31,1496240000.0,A
004030,CIA SIDERURGICA NACIONAL,2012-12-31,-480574000.0,A
004057,SOUZA CRUZ SA,2012-12-31,1641371000.0,A
004081,CIA TECIDOS SANTANENSE,2012-12-31,32024000.0,A
004146,KARSTEN S.A.,2012-12-31,-2469000.0,A
004170,VALE S.A.,2012-12-31,9232934000.0,A
004537,GRAZZIOTIN S.A.,2012-12-31,37876413.0,A
004669,GUARARAPES CONFECCOES S.A.,2012-12-31,365551000.0,A
004707,CONSORCIO ALFA DE ADMINISTRACAO S.A.,2012-12-31,97509000.0,A
004723,CONSTRUTORA ADOLPHO LINDENBERG S.A.,2012-12-31,3031000.0,A
004774,CONSTRUTORA LIX DA CUNHA S.A.,2012-12-31,-7800000.0,A
004820,BRASKEM S.A.,2012-12-31,-738305000.0,A
004863,CORREA RIBEIRO S.A. COMERCIO E INDUSTRIA,2012-12-31,-1965000.0,A
005150,DHB IND E COMERCIO SA,2012-12-31,-121841000.0,A
005207,DOHLER S.A.,2012-12-31,21001000.0,A
005258,RAIA DROGASIL S.A.,2012-12-31,104855000.0,A
005312,MUNDIAL S.A. - PRODUTOS DE CONSUMO,2012-12-31,-5745000.0,A
005410,WEG S.A.,2012-12-31,664864000.0,A
005762,ETERNIT S.A. - EM RECUPERAÇÃO JUDICIAL,2012-12-31,113004000.0,A
005770,EUCATEX S.A. INDUSTRIA E COMERCIO,2012-12-31,88379000.0,A
005983,FIACAO E TECELAGEM SAO JOSE SA EM RECUPERACAO JUDICIAL,2012-12-31,-8065000.0,A
005991,VICUNHA TEXTIL SA,2012-12-31,126827000.0,A
006173,TAURUS ARMAS S.A.,2012-12-31,-117210000.0,A
006211,FRAS-LE S.A.,2012-12-31,25059000.0,A
006343,TUPY S.A.,2012-12-31,66357000.0,A
006505,GRUPO CASAS BAHIA S.A.,2012-12-31,322159000.0,A
006700,HOTEIS OTHON S.A. - EM RECUPERAÇÃO JUDICIAL,2012-12-31,-27889000.0,A
006815,IGB ELETRONICA S.A - EM RECUPERACAO JUDICIAL,2012-12-31,176807000.0,A
007510,ROMI S.A.,2012-12-31,-37369000.0,A
007544,TEXTIL RENAUXVIEW S.A.,2012-12-31,-42125000.0,A
007595,INEPAR S.A. INDUSTRIA E CONSTRUCOES EM RECUPERACAO JUDICIAL,2012-12-31,-76148000.0,A
007617,ITAÚSA S.A.,2012-12-31,5040000000.0,A
007811,JOAO FORTES ENGENHARIA S.A. - EM RECUPERAÇÃO JUDICIAL,2012-12-31,25953000.0,A
007870,KEPLER WEBER S.A.,2012-12-31,31281000.0,A
008087,LOJAS AMERICANAS S.A.,2012-12-31,346574000.0,A
008133,LOJAS RENNER S.A.,2012-12-31,355401000.0,A
008192,TREVISA INVESTIMENTOS S.A.,2012-12-31,4481000.0,A
008397,MANGELS INDUSTRIAL S.A.,2012-12-31,-148897000.0,A
008427,MANUFATURA DE BRINQUEDOS ESTRELA S.A.,2012-12-31,-24452000.0,A
008451,MARCOPOLO S.A.,2012-12-31,302357000.0,A
008575,MAHLE-METAL LEVE S.A.,2012-12-31,179514000.0,A
008656,METALURGICA GERDAU S.A.,2012-12-31,1332677000.0,A
008672,IGUATEMI S.A.,2012-12-31,227721000.0,A
008745,METANOR SA METANOL DO NE,2012-12-31,-6828000.0,A
008753,METISA METALURGICA TIMBOENSE S.A.,2012-12-31,22288217.0,A
008893,MONTEIRO ARANHA S.A.,2012-12-31,172670000.0,A
009040,NADIR FIGUEIREDO IND E COM S.A.,2012-12-31,9005000.0,A
009067,SUZANO HOLDING S.A.,2012-12-31,-168849000.0,A
009342,DIMED S.A. DISTRIBUIDORA DE MEDICAMENTOS,2012-12-31,47105000.0,A
009393,PARANAPANEMA S.A. - EM RECUPERAÇÃO JUDICIAL,2012-12-31,-206488000.0,A
009512,PETROLEO BRASILEIRO S.A. PETROBRAS,2012-12-31,20959362000.0,A
009539,PETTENATI S.A. INDUSTRIA TEXTIL,2012-06-30,-4330407.0,A
009954,ALFA HOLDINGS S.A.,2012-12-31,52406000.0,A
009989,REFINARIA DE PETROLEOS MANGUINHOS S.A.,2012-12-31,-367202000.0,A
010456,ALPARGATAS S.A.,2012-12-31,280536000.0,A
010472,SARAIVA LIVREIROS S.A. - EM RECUPERAÇÃO JUDICIAL,2012-12-31,77015000.0,A
010596,SERGEN SERVS GERAIS DE ENG SA,2012-12-31,-11927688.0,A
010880,SONDOTECNICA ENGENHARIA SOLOS S.A.,2012-12-31,103390000.0,A
010960,SPRINGER S.A.,2012-12-31,-4310000.0,A
011070,WLM PART. E COMÉRCIO DE MÁQUINAS E VEÍCULOS S.A.,2012-12-31,34582000.0,A
011223,TEKA-TECELAGEM KUEHNRICH S.A. - EM RECUPERAÇÃO JUDICIAL,2012-12-31,101658000.0,A
011231,TEKNO S.A. - INDUSTRIA E COMERCIO,2012-12-31,21385000.0,A
011312,OI S.A. - EM RECUPERAÇÃO JUDICIAL,2012-12-31,1784927000.0,A
011398,TRONOX PIGMENTOS DO BRASIL S.A.,2012-12-31,50118000.0,A
011592,UNIPAR CARBOCLORO S.A.,2012-12-31,39282000.0,A
011762,VULCABRAS S.A.,2012-12-31,-307957000.0,A
011800,WEMBLEY SOCIEDADE ANÔNIMA,2012-12-31,-149163000.0,A
011932,IOCHPE MAXION S.A.,2012-12-31,105706000.0,A
011975,AZEVEDO E TRAVASSOS S.A.,2012-12-31,8796000.0,A
011991,WETZEL S.A.,2012-12-31,-15381000.0,A
012190,BOMBRIL S.A.,2012-12-31,-24589000.0,A
012220,USINA COSTA PINTO SA ACUC ALC,2012-03-31,157523000.0,A
012262,JPSP INVESTIMENTOS E PARTICIPAÇÕES S/A,2012-12-31,-18485000.0,A
012530,ITAUTEC S.A. - GRUPO ITAUTEC,2012-12-31,1500000.0,A
012572,RECRUSUL S.A.,2012-12-31,-14746000.0,A
012653,KLABIN S.A.,2012-12-31,751965000.0,A
012696,SANSUY S.A. INDUSTRIA DE PLASTICOS,2012-12-31,-49840000.0,A
012793,FIBRIA CELULOSE S.A.,2012-12-31,-697970000.0,A
012823,SIDERURGICA J. L. ALIPERTI S.A.,2012-12-31,13224000.0,A
012866,INDÚSTRIA VEROLME S.A. - IVESA,2012-12-31,-722626000.0,A
013030,CONSTRUTORA SULTEPA S.A. - EM RECUPERAÇÃO JUDICIAL,2012-12-31,-46293000.0,A
013285,JOSAPAR-JOAQUIM OLIVEIRA S.A. - PARTICIP,2012-12-31,38557000.0,A
013366,HAGA S.A. INDUSTRIA E COMERCIO,2012-12-31,9269275.0,A
013412,ÉVORA SA,2012-12-31,313689000.0,A
013471,PLASCAR PARTICIPACOES INDUSTRIAIS S.A.,2012-12-31,-57668000.0,A
013765,MINUPAR PARTICIPACOES S.A.,2012-12-31,-231210000.0,A
013773,PBG S/A,2012-12-31,65675000.0,A
013781,SAO CARLOS EMPREEND E PARTICIPACOES S.A.,2012-12-31,221047000.0,A
013986,SUZANO S.A.,2012-12-31,-182126000.0,A
014109,RANDON S.A. IMPLEMENTOS E PARTICIPACOES,2012-12-31,101052000.0,A
014133,TEC TOY S.A.,2012-12-31,-10359000.0,A
014206,BRB BANCO DE BRASILIA S.A.,2012-12-31,195644000.0,A
014311,CIA PARANAENSE DE ENERGIA - COPEL,2012-12-31,726520000.0,A
014320,USINAS SID DE MINAS GERAIS S.A.-USIMINAS,2012-12-31,-531300000.0,A
014346,WHIRLPOOL S.A.,2012-12-31,616951000.0,A
014443,CIA SANEAMENTO BASICO EST SAO PAULO,2012-12-31,1911900000.0,A
014451,COMPANHIA ENERGÉTICA DE BRASÍLIA - CEB,2012-12-31,74679000.0,A
014460,CYRELA BRAZIL REALTY S.A.EMPREEND E PART,2012-12-31,778719000.0,A
014559,M&G POLIÉSTER SA,2012-12-31,-9498000.0,A
014621,NET SERVIÇOS DE COMUNICAÇÃO S.A.,2012-12-31,393702000.0,A
014664,SCHULZ S.A.,2012-12-31,45934000.0,A
014761,CIA HERING,2012-12-31,311014000.0,A
014796,FORPART S.A. - EM LIQUIDAÇÃO,2012-12-31,3071000.0,A
014826,CIA BRASILEIRA DE DISTRIBUICAO,2012-12-31,1156436000.0,A
015083,KOSMOS COMÉRCIO DE VESTUÁRIO S/A - EM RECUPERAÇÃO JUDICIAL,2012-12-31,-645591000.0,A
015091,LITEL PARTICIPACOES S.A.,2012-12-31,1145019000.0,A
015253,ENERGISA S.A.,2012-12-31,291065000.0,A
015300,RUMO MALHA NORTE S.A.,2012-12-31,377310000.0,A
015369,FERROVIA CENTRO-ATLANTICA S.A.,2012-12-31,-163150000.0,A
015458,EMBPAR PARTICIPAÇÕES S/A,2012-12-31,-34159000.0,A
015539,NEOENERGIA S.A.,2012-12-31,1552750000.0,A
015652,COMERCIAL QUINTELLA COM EXP SA EM LIQUIDAÇÃO,2012-12-31,-72047000.0,A
016101,GAFISA S.A.,2012-12-31,-76363000.0,A
016225,VALETRON SA,2012-12-31,-109000.0,A
016233,BELAPART SA,2012-12-31,118000.0,A
016292,BRF S.A.,2012-12-31,820667000.0,A
016306,ROSSI RESIDENCIAL S.A. - EM RECUPERAÇÃO JUDICIAL,2012-12-31,-205718000.0,A
016438,SUL 116 PARTICIPACOES S.A.,2012-12-31,1035000.0,A
016497,EMPRESA NAC COM REDITO PART S.A.ENCORPAR,2012-12-31,-8408000.0,A
016632,DEXXOS PARTICIPAÇÕES S.A.,2012-12-31,-36522000.0,A
016659,PORTO SEGURO S.A.,2012-12-31,679998000.0,A
016675,CEL PARTICIPAÇÕES S.A. - CELPAR,2012-12-31,-2456054.0,A
016950,DALETH PARTICIPAÇÕES SA - EM LIQUIDAÇÃO,2012-12-31,28433000.0,A
016993,EMAE - EMPRESA METROP.AGUAS ENERGIA S.A.,2012-12-31,-125253000.0,A
017329,ENGIE BRASIL ENERGIA S.A.,2012-12-31,1499923000.0,A
017388,FUTURETEL S.A. - EM LIQUIDAÇÃO,2012-12-31,1019000.0,A
017418,TELINVEST S.A.,2012-12-31,-107000.0,A
017442,LF TEL SA,2012-12-31,-32640000.0,A
017450,RUMO S.A.,2012-12-31,243367000.0,A
017493,CAPITALPART PARTICIPACOES S.A.,2012-12-31,-425164.0,A
017558,INNCORP S.A.,2012-12-31,-276219.0,A
017639,TIM PARTICIPACOES S.A.,2012-12-31,1448888000.0,A
017647,EMBRATEL PARTICIPAÇÕES SA,2012-12-31,795846000.0,A
017671,TELEFÔNICA BRASIL S.A,2012-12-31,4452181000.0,A
017779,MAORI SA,2012-12-31,-5303000.0,A
017892,SANTOS BRASIL PARTICIPACOES S.A.,2012-12-31,270212000.0,A
017914,MASSA FALIDA DA MMX MINERACAO E METALICOS S.A.,2012-12-31,-795703000.0,A
017922,BRAZILIAN FINANCE E REAL ESTATE S.A.,2012-12-31,-16311000.0,A
017930,RUMO MALHA PAULISTA S.A.,2012-12-31,151091000.0,A
017973,COGNA EDUCAÇÃO S.A.,2012-12-31,202044000.0,A
018112,COMPANHIA DE BEBIDAS DAS AMÉRICAS-AMBEV,2012-12-31,10642555000.0,A
018287,VIRGO II COMPANHIA DE SECURITIZACAO,2012-12-31,8218000.0,A
018350,AES TIETE SA,2012-12-31,901263000.0,A
018376,CTEEP - CIA TRANSMISSÃO ENERGIA ELÉTRICA PAULISTA,2012-12-31,843488000.0,A
018414,PADTEC HOLDING S.A.,2012-12-31,-20613000.0,A
018465,ULTRAPAR PARTICIPACOES S.A.,2012-12-31,1017864000.0,A
018651,ARAUCÁRIA PARTICIPAÇÕES SA,2012-12-31,-116655000.0,A
018660,CPFL ENERGIA S.A.,2012-12-31,1256734000.0,A
018678,TELEMAR PARTICIPAÇÕES SA,2012-12-31,112389000.0,A
018708,CIA PARTICIPACOES ALIANCA DA BAHIA,2012-12-31,2797000.0,A
018716,CEMIG TELECOMUNICAÇÕES S.A.,2012-12-31,9550000.0,A
018724,BRADESPAR S.A.,2012-12-31,476737000.0,A
018775,INVESTIMENTOS E PARTICIP. EM INFRA S.A. - INVEPAR,2012-12-31,18025000.0,A
018821,CCR S.A.,2012-12-31,1192373000.0,A
018902,VICUNHA SIDERURGIA SA,2012-12-31,-482399000.0,A
018953,CPFL GERACAO DE ENERGIA S.A.,2012-12-31,335334000.0,A
018961,ANHANGUERA EDUCACIONAL PARTICIPAÇÕES S.A.,2012-12-31,152048000.0,A
018970,AES TIETE ENERGIA SA,2012-12-31,836528000.0,A
019062,ANDRADE GUTIERREZ PARTICIPACOES S.A.,2012-12-31,524175000.0,A
019100,ATMA PARTICIPAÇÕES S.A. - EM RECUPERAÇÃO JUDICIAL,2012-12-31,50303000.0,A
019305,BIOMM S.A.,2012-12-31,-14140000.0,A
019313,AES ELPA S.A.,2012-12-31,43840000.0,A
019330,TPI - TRIUNFO PARTICIP. E INVEST. S.A.,2012-12-31,515623000.0,A
019348,ITAU UNIBANCO HOLDING S.A.,2012-12-31,13191000000.0,A
019437,ANDRADE GUTIERREZ CONCESSOES S.A.,2012-12-31,610478000.0,A
019445,CIA SANEAMENTO DE MINAS GERAIS-COPASA MG,2012-12-31,481723000.0,A
019453,ECORODOVIAS INFRAESTRUTURA E LOGÍSTICA S.A.,2012-12-31,427045000.0,A
019550,NATURA COSMETICOS S.A.,2012-12-31,861222000.0,A
019569,GOL LINHAS AEREAS INTELIGENTES S.A.,2012-12-31,-1512915000.0,A
019615,GRENDENE S.A.,2012-12-31,429891000.0,A
019623,DIAGNOSTICOS DA AMERICA S.A.,2012-12-31,84728000.0,A
019658,POMIFRUTAS S/A EM RECUPERACAO JUDICIAL,2012-12-31,-23034000.0,A
019739,LOCALIZA RENT A CAR S.A.,2012-12-31,240936000.0,A
019763,EDP - ENERGIAS DO BRASIL S.A.,2012-12-31,533537000.0,A
019771,ARTERIS S.A.,2012-12-31,403566000.0,A
019798,PARAMOUNT TEXTEIS INDUSTRIA E COMERCIO S/A,2012-12-31,-30662.0,A
019836,COSAN S.A.,2012-03-31,2644790000.0,A
019879,LIGHT S.A. - EM RECUPERAÇÃO JUDICIAL,2012-12-31,423923000.0,A
019909,BR MALLS PARTICIPACOES S.A.,2012-12-31,1925524000.0,A
019917,TEMPO PARTICIPAÇOES S/A,2012-12-31,52362000.0,A
019925,BR PROPERTIES S.A.,2012-12-31,1227428000.0,A
019992,TOTVS S.A.,2012-12-31,207148000.0,A
020010,EQUATORIAL ENERGIA S.A.,2012-12-31,215070000.0,A
020028,VALID SOLUÇÕES S.A.,2012-12-31,102829000.0,A
020036,BRASILAGRO - CIA BRAS DE PROP AGRICOLAS,2012-06-30,-6600000.0,A
020060,LUPATECH S.A,2012-12-31,-560357000.0,A
020087,EMBRAER S.A.,2012-12-31,699008000.0,A
020125,ODONTOPREV S.A.,2012-12-31,145763000.0,A
020141,CREMER SA,2012-12-31,-10476000.0,A
020168,ÓLEO E GÁS PARTICIPAÇÕES S.A.,2012-12-31,-1172774000.0,A
020184,CCX CARVÃO DA COLÔMBIA S.A. - EM LIQUIDAÇÃO,2012-12-31,-54752000.0,A
020257,TRANSMISSORA ALIANÇA DE ENERGIA ELÉTRICA S.A.,2012-12-31,589182000.0,A
020265,BROOKFIELD INCORPORAÇÕES S.A.,2012-12-31,-388004000.0,A
020320,CEMIG GERACAO E TRANSMISSAO S.A.,2012-12-31,1919485000.0,A
020338,M.DIAS BRANCO S.A. IND COM DE ALIMENTOS,2012-12-31,470538000.0,A
020346,PROFARMA DISTRIB PROD FARMACEUTICOS S.A.,2012-12-31,42284000.0,A
020354,TERRA SANTA AGRO S.A.,2012-12-31,-128124000.0,A
020362,POSITIVO TECNOLOGIA S.A.,2012-12-31,30190000.0,A
020370,LPS BRASIL - CONSULTORIA DE IMOVEIS S.A.,2012-12-31,130118000.0,A
020435,TECNISA S.A.,2012-12-31,-170948000.0,A
020451,RNI NEGÓCIOS IMOBILIÁRIOS S.A.,2012-12-31,84357000.0,A
020478,PDG REALTY S.A. EMPREEND E PARTICIPACOES,2012-12-31,-2172855000.0,A
020494,IGUATEMI EMPRESA DE SHOPPING CENTERS S.A,2012-12-31,268308000.0,A
020516,SAO MARTINHO S.A.,2012-03-31,126611000.0,A
020524,EVEN CONSTRUTORA E INCORPORADORA S.A.,2012-12-31,270564000.0,A
020532,BCO SANTANDER (BRASIL) S.A.,2012-12-31,5459278000.0,A
020540,CPFL ENERGIAS RENOVÁVEIS S.A.,2012-12-31,8261000.0,A
020567,BCO PINE S.A,2012-12-31,194546000.0,A
020575,JBS S.A.,2012-12-31,762890000.0,A
020605,JHSF PARTICIPACOES S.A.,2012-12-31,184163000.0,A
020613,METALFRIO SOLUTIONS S.A.,2012-12-31,13680000.0,A
020621,FERTILIZANTES HERINGER S.A.,2012-12-31,-2466000.0,A
020630,FICA EMPREENDIMENTOS IMOBILIÁRIOS S.A.,2012-12-31,-23175000.0,A
020656,BEMATECH IND COM EQUIP ELETRONICOS SA,2012-12-31,32513000.0,A
020680,BANCO SOFISA SA,2012-12-31,23277000.0,A
020702,VIVER INCORPORADORA E CONSTRUTORA S.A.,2012-12-31,-463396000.0,A
020710,LOG-IN LOGISTICA INTERMODAL S.A.,2012-12-31,-24841000.0,A
020745,SLC AGRICOLA S.A.,2012-12-31,38430000.0,A
020770,EZ TEC EMPREEND. E PARTICIPACOES S.A.,2012-12-31,338220000.0,A
020788,MARFRIG GLOBAL FOODS S.A.,2012-12-31,-233231000.0,A
020796,BCO DAYCOVAL S.A.,2012-12-31,361359000.0,A
020800,TEGMA GESTAO LOGISTICA S.A.,2012-12-31,80476000.0,A
020842,MAGNESITA REFRATARIOS S.A.,2012-12-31,75781000.0,A
020850,ALLIS PARTICIPAÇÕES S.A.,2012-12-31,2054000.0,A
020877,HELBOR EMPREENDIMENTOS S.A.,2012-12-31,272116000.0,A
020885,BCO INDUSVAL S.A.,2012-12-31,2059000.0,A
020907,BHG S.A. - BRAZIL HOSPITALITY GROUP,2012-12-31,-7477000.0,A
020915,MRV ENGENHARIA E PARTICIPACOES S.A.,2012-12-31,574837000.0,A
020931,MINERVA S.A.,2012-12-31,-198818000.0,A
020958,BCO ABC BRASIL S.A.,2012-12-31,240919000.0,A
020966,SPRINGS GLOBAL PARTICIPACOES S.A.,2012-12-31,-144165000.0,A
020974,COMPANHIA PROVIDENCIA IND E COMERCIO,2012-12-31,45071000.0,A
020982,MULTIPLAN - EMPREEND IMOBILIARIOS S.A.,2012-12-31,389362000.0,A
020990,AMERICANAS S.A. - EM RECUPERAÇÃO JUDICIAL,2012-12-31,-170667000.0,A
021008,GENERAL SHOPPING E OUTLETS DO BRASIL BRASIL S.A.,2012-12-31,-90240000.0,A
021016,YDUQS PARTICIPACOES S.A.,2012-12-31,109687000.0,A
021032,ALGAR TELECOM S/A,2012-12-31,140998000.0,A
021040,SYN PROP & TECH S.A.,2012-12-31,171326000.0,A
021067,MOURA DUBEUX ENGENHARIA S/A,2012-12-31,100774000.0,A
021091,DEXCO S.A.,2012-12-31,459711000.0,A
021113,BANCO INDUSTRIAL E COMERCIAL S/A,2012-12-31,40089000.0,A
021121,SUL AMERICA S.A.,2012-12-31,483248000.0,A
021130,TRISUL S.A.,2012-12-31,27629000.0,A
021148,CONSTRUTORA TENDA S.A.,2012-12-31,-121763000.0,A
021156,J. MACEDO S.A.,2012-12-31,61589000.0,A
021172,AMIL PARTICIPAÇÕES S/A,2012-12-31,-160563000.0,A
021180,NEXPE PARTICIPAÇÕES S.A,2012-12-31,95361000.0,A
021199,BCO PAN S.A.,2012-12-31,-364602000.0,A
021202,VIX LOGÍSTICA S.A.,2012-12-31,50620000.0,A
021237,ENEVA S.A,2012-12-31,-434454000.0,A
021300,ALIANSCE SHOPPING CENTERS S.A.,2012-12-31,131161000.0,A
021334,NUTRIPLANT INDUSTRIA E COMERCIO S.A.,2012-12-31,7751000.0,A
021342,OSX BRASIL S.A. - EM RECUPERAÇÃO JUDICIAL,2012-12-31,-32724000.0,A
021350,DIRECIONAL ENGENHARIA S.A.,2012-12-31,230167000.0,A
021377,BANCO INDUSTRIAL DO BRASIL,2012-12-31,36538000.0,A
021393,CIA CELG DE PARTICIPACOES - CELGPAR,2012-12-31,-797324000.0,A
021431,HYPERA S.A.,2012-12-31,203913000.0,A
021482,PRUMO LOGISTICA SA,2012-12-31,-36580000.0,A
021490,ALUPAR INVESTIMENTO S/A,2012-12-31,538938000.0,A
021520,MULTINER S/A,2012-12-31,-57604000.0,A
021555,LOCAMÉRICA RENT-A-CAR S.A.,2012-12-31,78555000.0,A
021563,BERNA PARTICIPAÇÕES SA,2012-12-31,2931000.0,A
021580,BELMONTE PARTICIPAÇÕES SA,2012-12-31,-2345000.0,A
021601,BASEL PARTICIPAÇÕES S/A,2012-12-31,-10602000.0,A
021610,"B3 S.A. - BRASIL, BOLSA, BALCÃO",2012-12-31,1074256000.0,A
021636,RENOVA ENERGIA S.A. - EM RECUPERAÇÃO JUDICIAL,2012-12-31,-6017000.0,A
021652,CTX PARTICIPAÇÕES S/A,2012-12-31,40126000.0,A
021709,CIA MINEIRA DE AÇUCAR E ALCOOL PARTICIPAÇÕES,2012-03-31,-13286000.0,A
021717,TARPON INVESTIMENTOS S.A.,2012-12-31,40688000.0,A
021725,ADVANCED DIGITAL HEALTH MEDICINA PREVENTIVA S.A.,2012-12-31,-24703000.0,A
021733,CIELO S.A. -  INSTITUIÇÃO DE PAGAMENTO,2012-12-31,2320618000.0,A
021792,CETIP S.A. - BALCÃO ORGANIZADO DE ATIVOS E DERIVATIVOS,2012-12-31,275395000.0,A
021806,AGV HOLDING S/A,2012-12-31,-27433000.0,A
021881,FLEURY S.A.,2012-12-31,106588000.0,A
021903,ECORODOVIAS CONCESSÕES E SERVIÇOS S.A.,2012-12-31,441698000.0,A
022020,JSL S.A.,2012-12-31,77735000.0,A
022055,MARISA LOJAS S.A.,2012-12-31,229914000.0,A
022110,OMEGA ENERGIA RENOVÁVEL S/A,2012-12-31,-10735000.0,A
022128,REDENTOR ENERGIA S/A,2012-12-31,50944000.0,A
022136,TEREOS INTERNACIONAL S/A,2012-03-31,157000000.0,A
022144,CONCESSÃO METROVIÁRIA DO RIO DE JANEIRO S.A.,2012-12-31,530.0,A
022187,PRIO S.A.,2012-12-31,-277566000.0,A
022209,PASCRO PARTICIPAÇÕES S.A.,2012-12-31,5691000.0,A
022217,ALPER CONSULTORIA E CORRETORA DE SEGUROS S.A.,2012-12-31,117528000.0,A
022349,AZZAS 2154 S.A.,2012-12-31,96874000.0,A
022357,ALLOS S.A.,2012-12-31,309795000.0,A
022365,ENAUTA PARTICIPAÇÕES S.A.,2012-12-31,82468000.0,A
022373,ELETROSOM S/A,2012-12-31,24271000.0,A
022381,AUTOMETAL S.A.,2012-12-31,159295000.0,A
022438,INTERNATIONAL MEAL COMPANY HOLDINGS S/A,2012-12-31,17854000.0,A
022454,T4F ENTRETENIMENTO S.A.,2012-12-31,-3957000.0,A
022470,MAGAZINE LUIZA S.A.,2012-12-31,-6745000.0,A
022497,QUALICORP CONSULTORIA E CORRETORA DE SEGUROS S.A.,2012-12-31,23386000.0,A
022500,MASSA FALIDA DA BRASIL PHARMA S.A.,2012-12-31,2974000.0,A
022519,TECHNOS S.A.,2012-12-31,63764000.0,A
022551,SOMOS EDUCAÇÃO S.A.,2012-12-31,98123000.0,A
022560,INBRANDS S.A.,2012-12-31,-14188000.0,A
022586,MLOG S.A.,2012-12-31,-34623000.0,A
022594,STATKRAFT ENERGIAS RENOVAVEIS S.A.,2012-12-31,-31621000.0,A
022616,BCO BTG PACTUAL S.A.,2012-12-31,2154126000.0,A
022667,NAOMI PARTICIPAÇÕES S.A.,2012-12-31,-431000.0,A
022675,HIDROVIAS DO BRASIL S.A.,2012-12-31,-15535000.0,A
022691,COMPANHIA DE LOCAÇÃO DAS AMÉRICAS,2012-12-31,3722000.0,A
022772,VIGOR ALIMENTOS S.A.,2012-12-31,30653000.0,A
022799,SINQIA S.A.,2012-12-31,5952291.0,A
022810,ELDORADO BRASIL CELULOSE S.A.,2012-12-31,-63252000.0,A
022829,CIMENTO TUPI S.A.,2012-12-31,31198000.0,A
022845,BIOSEV S.A.,2012-03-31,-279453.0,A
022993,COMPANHIA DE CRÉDITO FINANCIAMENTO E INVESTIMENTO RCI BRASIL,2012-12-31,170924000.0,A
023000,LIGHT ENERGIA S.A.,2012-12-31,133706000.0,A
023035,LINX S.A.,2012-12-31,17304000.0,A
023116,FINPAR PARTICIPAÇÕES S/A,2012-12-31,669000.0,A
023159,BB SEGURIDADE PARTICIPAÇÕES S.A.,2012-12-31,0.0,A
023175,IGUA SANEAMENTO S.A.,2012-12-31,-12388000.0,A
023183,ALTUS SISTEMAS DE AUTOMAÇÃO S.A.,2012-12-31,-352000.0,A
023221,SER EDUCACIONAL S.A.,2012-12-31,64256000.0,A
023248,ANIMA HOLDING S.A.,2012-12-31,23503000.0,A
023272,LOG COMMERCIAL PROPERTIES E PARTICIPAÇÕES,2012-12-31,8588000.0,A
023280,UNIDAS LOCAÇÕES E SERVIÇOS S.A.,2012-12-31,24837000.0,A
023310,CVC BRASIL OPERADORA E AGÊNCIA DE VIAGENS S.A.,2012-12-31,20112000.0,A
023574,INTERNATIONAL MEAL COMPANY ALIMENTACAO S.A.,2012-12-31,27544000.0,A
080020,"GP INVESTMENTS, LTD.",2012-12-31,-67831000.0,A
080047,WILSON SONS LTD.,2012-12-31,98118000.0,A
080063,BCO PATAGONIA S.A.,2012-12-31,402501000.0,A
080071,COSAN LIMITED,2012-03-31,2192332000.0,A
080080,AGRENCO LIMITED,2012-12-31,98514000.0,A
080098,LAEP INVESTMENTS LTD,2012-12-31,-833593000.0,A
080101,SOLVAY INDUPA SAIC,2012-12-31,-180799000.0,A
080110,DUFRY A.G.,2012-12-31,328456000.0,A
080128,LATAM AIRLINES GROUP S.A.,2012-12-31,33367000.0,A
080136,TGLT S/A,2012-12-31,-67218430.0,A
080144,PACIFIC RUBIALES ENERGY CORP.,2012-12-31,987562000.0,A
080152,PPLA PARTICIPATIONS LTD.,2012-12-31,910921000.0,A
000094,PANATLANTICA S.A.,2013-12-31,64815000.0,A
000701,BAHEMA EDUCAÇÃO S.A.,2013-12-31,-2702000.0,A
000906,BCO BRADESCO S.A.,2013-12-31,12486138000.0,A
001023,BCO BRASIL S.A.,2013-12-31,11288834000.0,A
001155,BANESTES S.A. - BCO EST ESPIRITO SANTO,2013-12-31,113476000.0,A
001210,BCO ESTADO DO RIO GRANDE DO SUL S.A.,2013-12-31,748970000.0,A
001325,BCO MERCANTIL DO BRASIL S.A.,2013-12-31,86918000.0,A
001384,BCO ALFA DE INVESTIMENTO S.A.,2013-12-31,91107000.0,A
001520,BARDELLA S.A. INDUSTRIAS MECANICAS EM RECUPERAÇÃO JUDICIAL,2013-12-31,-38627000.0,A
001562,BAUMER S.A.,2013-12-31,14127000.0,A
001597,PARTICIPAÇÕES INDUST. DO NORDESTE S.A.,2013-12-31,64842000.0,A
001694,BICICLETAS MONARK S.A.,2013-12-31,7890000.0,A
002100,CAMBUCI S.A.,2013-12-31,331000.0,A
002429,IRANI PAPEL E EMBALAGEM S.A.,2013-12-31,67410000.0,A
002437,CENTRAIS ELET BRAS S.A. - ELETROBRAS,2013-12-31,-6291375000.0,A
002453,CIA ENERGETICA DE MINAS GERAIS - CEMIG,2013-12-31,3103855000.0,A
002461,CENTRAIS ELET DE SANTA CATARINA S.A.,2013-12-31,198874000.0,A
002909,CIA CACIQUE CAFE SOLUVEL,2013-12-31,51547000.0,A
003069,CIA FERRO LIGAS DA BAHIA - FERBASA,2013-12-31,73727000.0,A
003077,CIA FIACAO TECIDOS CEDRO CACHOEIRA,2013-12-31,16090000.0,A
003115,CIA SEGUROS ALIANCA DA BAHIA,2013-12-31,10607000.0,A
003158,CIA TECIDOS NORTE DE MINAS COTEMINAS,2013-12-31,-24553000.0,A
003174,CIA DOCAS DE IMBITUBA,2013-12-31,-7237000.0,A
003182,DOCAS INVESTIMENTOS SA,2013-12-31,-35911000.0,A
003190,REDE ENERGIA PARTICIPAÇÕES S.A.,2013-12-31,-129518000.0,A
003298,CIA HABITASUL DE PARTICIPACOES,2013-12-31,13061000.0,A
003395,CIA INDUSTRIAL CATAGUASES,2013-12-31,5231000.0,A
003654,CIA MELHORAMENTOS DE SAO PAULO,2013-12-31,-6826000.0,A
003980,GERDAU S.A.,2013-12-31,1693702000.0,A
004030,CIA SIDERURGICA NACIONAL,2013-12-31,533994000.0,A
004057,SOUZA CRUZ SA,2013-12-31,1694282000.0,A
004081,CIA TECIDOS SANTANENSE,2013-12-31,35381000.0,A
004146,KARSTEN S.A.,2013-12-31,-38224000.0,A
004170,VALE S.A.,2013-12-31,-257964000.0,A
004537,GRAZZIOTIN S.A.,2013-12-31,50433205.0,A
004669,GUARARAPES CONFECCOES S.A.,2013-12-31,420584000.0,A
004707,CONSORCIO ALFA DE ADMINISTRACAO S.A.,2013-12-31,77874000.0,A
004723,CONSTRUTORA ADOLPHO LINDENBERG S.A.,2013-12-31,18756000.0,A
004774,CONSTRUTORA LIX DA CUNHA S.A.,2013-12-31,-1617000.0,A
004820,BRASKEM S.A.,2013-12-31,507038000.0,A
004863,CORREA RIBEIRO S.A. COMERCIO E INDUSTRIA,2013-12-31,212000.0,A
005150,DHB IND E COMERCIO SA,2013-12-31,-135763000.0,A
005207,DOHLER S.A.,2013-12-31,40114000.0,A
005258,RAIA DROGASIL S.A.,2013-12-31,100985000.0,A
005312,MUNDIAL S.A. - PRODUTOS DE CONSUMO,2013-12-31,4856000.0,A
005410,WEG S.A.,2013-12-31,845304000.0,A
005762,ETERNIT S.A. - EM RECUPERAÇÃO JUDICIAL,2013-12-31,102256000.0,A
005770,EUCATEX S.A. INDUSTRIA E COMERCIO,2013-12-31,88862000.0,A
005983,FIACAO E TECELAGEM SAO JOSE SA EM RECUPERACAO JUDICIAL,2013-12-31,-18213000.0,A
006173,TAURUS ARMAS S.A.,2013-12-31,-80310000.0,A
006211,FRAS-LE S.A.,2013-12-31,40107000.0,A
006343,TUPY S.A.,2013-12-31,86321000.0,A
006505,GRUPO CASAS BAHIA S.A.,2013-12-31,1144519000.0,A
006700,HOTEIS OTHON S.A. - EM RECUPERAÇÃO JUDICIAL,2013-12-31,112193000.0,A
006815,IGB ELETRONICA S.A - EM RECUPERACAO JUDICIAL,2013-12-31,-43551000.0,A
007510,ROMI S.A.,2013-12-31,1842000.0,A
007544,TEXTIL RENAUXVIEW S.A.,2013-12-31,-19771000.0,A
007595,INEPAR S.A. INDUSTRIA E CONSTRUCOES EM RECUPERACAO JUDICIAL,2013-12-31,-187618000.0,A
007617,ITAÚSA S.A.,2013-12-31,6011000000.0,A
007811,JOAO FORTES ENGENHARIA S.A. - EM RECUPERAÇÃO JUDICIAL,2013-12-31,52344000.0,A
007870,KEPLER WEBER S.A.,2013-12-31,62098000.0,A
008087,LOJAS AMERICANAS S.A.,2013-12-31,402617000.0,A
008133,LOJAS RENNER S.A.,2013-12-31,407404000.0,A
008192,TREVISA INVESTIMENTOS S.A.,2013-12-31,4231000.0,A
008397,MANGELS INDUSTRIAL S.A.,2013-12-31,-137260000.0,A
008427,MANUFATURA DE BRINQUEDOS ESTRELA S.A.,2013-12-31,-36385000.0,A
008451,MARCOPOLO S.A.,2013-12-31,292117000.0,A
008575,MAHLE-METAL LEVE S.A.,2013-12-31,193768000.0,A
008656,METALURGICA GERDAU S.A.,2013-12-31,1520480000.0,A
008672,IGUATEMI S.A.,2013-12-31,78491000.0,A
008745,METANOR SA METANOL DO NE,2013-12-31,5527000.0,A
008753,METISA METALURGICA TIMBOENSE S.A.,2013-12-31,22603069.0,A
008893,MONTEIRO ARANHA S.A.,2013-12-31,105993000.0,A
009040,NADIR FIGUEIREDO IND E COM S.A.,2013-12-31,6857000.0,A
009067,SUZANO HOLDING S.A.,2013-12-31,-208759000.0,A
009342,DIMED S.A. DISTRIBUIDORA DE MEDICAMENTOS,2013-12-31,56145000.0,A
009393,PARANAPANEMA S.A. - EM RECUPERAÇÃO JUDICIAL,2013-12-31,5905000.0,A
009512,PETROLEO BRASILEIRO S.A. PETROBRAS,2013-12-31,23006885000.0,A
009539,PETTENATI S.A. INDUSTRIA TEXTIL,2013-06-30,3375385.0,A
009989,REFINARIA DE PETROLEOS MANGUINHOS S.A.,2013-12-31,-462847000.0,A
010456,ALPARGATAS S.A.,2013-12-31,309763000.0,A
010472,SARAIVA LIVREIROS S.A. - EM RECUPERAÇÃO JUDICIAL,2013-12-31,13021000.0,A
010596,SERGEN SERVS GERAIS DE ENG SA,2013-12-31,-3138884.0,A
010880,SONDOTECNICA ENGENHARIA SOLOS S.A.,2013-12-31,13090000.0,A
010960,SPRINGER S.A.,2013-12-31,-15803000.0,A
011070,WLM PART. E COMÉRCIO DE MÁQUINAS E VEÍCULOS S.A.,2013-12-31,19362000.0,A
011207,TECNOSOLO ENGENHARIA S.A. - EMPRESA FALIDA,2013-12-31,7178000.0,A
011223,TEKA-TECELAGEM KUEHNRICH S.A. - EM RECUPERAÇÃO JUDICIAL,2013-12-31,-154873000.0,A
011231,TEKNO S.A. - INDUSTRIA E COMERCIO,2013-12-31,21581000.0,A
011312,OI S.A. - EM RECUPERAÇÃO JUDICIAL,2013-12-31,1493015000.0,A
011398,TRONOX PIGMENTOS DO BRASIL S.A.,2013-12-31,11514000.0,A
011762,VULCABRAS S.A.,2013-12-31,-126685000.0,A
011800,WEMBLEY SOCIEDADE ANÔNIMA,2013-12-31,-12950000.0,A
011932,IOCHPE MAXION S.A.,2013-12-31,211300000.0,A
011975,AZEVEDO E TRAVASSOS S.A.,2013-12-31,7680000.0,A
011991,WETZEL S.A.,2013-12-31,4738000.0,A
012190,BOMBRIL S.A.,2013-12-31,-154039000.0,A
012262,JPSP INVESTIMENTOS E PARTICIPAÇÕES S/A,2013-12-31,-79969000.0,A
012530,ITAUTEC S.A. - GRUPO ITAUTEC,2013-12-31,-388676000.0,A
012572,RECRUSUL S.A.,2013-12-31,-7734000.0,A
012653,KLABIN S.A.,2013-12-31,290097000.0,A
012696,SANSUY S.A. INDUSTRIA DE PLASTICOS,2013-12-31,-66069000.0,A
012793,FIBRIA CELULOSE S.A.,2013-12-31,-697582000.0,A
012823,SIDERURGICA J. L. ALIPERTI S.A.,2013-12-31,7285000.0,A
012866,INDÚSTRIA VEROLME S.A. - IVESA,2013-12-31,-221567000.0,A
013030,CONSTRUTORA SULTEPA S.A. - EM RECUPERAÇÃO JUDICIAL,2013-12-31,-21768000.0,A
013285,JOSAPAR-JOAQUIM OLIVEIRA S.A. - PARTICIP,2013-12-31,24209000.0,A
013366,HAGA S.A. INDUSTRIA E COMERCIO,2013-12-31,2980352.0,A
013412,ÉVORA SA,2013-12-31,95133000.0,A
013471,PLASCAR PARTICIPACOES INDUSTRIAIS S.A.,2013-12-31,-77599000.0,A
013765,MINUPAR PARTICIPACOES S.A.,2013-12-31,-56991000.0,A
013773,PBG S/A,2013-12-31,90511000.0,A
013781,SAO CARLOS EMPREEND E PARTICIPACOES S.A.,2013-12-31,249219000.0,A
013986,SUZANO S.A.,2013-12-31,-220459000.0,A
014109,RANDON S.A. IMPLEMENTOS E PARTICIPACOES,2013-12-31,306766000.0,A
014133,TEC TOY S.A.,2013-12-31,-5691000.0,A
014206,BRB BANCO DE BRASILIA S.A.,2013-12-31,211225000.0,A
014311,CIA PARANAENSE DE ENERGIA - COPEL,2013-12-31,1101435000.0,A
014320,USINAS SID DE MINAS GERAIS S.A.-USIMINAS,2013-12-31,16791000.0,A
014346,WHIRLPOOL S.A.,2013-12-31,820770000.0,A
014451,COMPANHIA ENERGÉTICA DE BRASÍLIA - CEB,2013-12-31,-75163000.0,A
014460,CYRELA BRAZIL REALTY S.A.EMPREEND E PART,2013-12-31,893999000.0,A
014559,M&G POLIÉSTER SA,2013-12-31,-11745000.0,A
014621,NET SERVIÇOS DE COMUNICAÇÃO S.A.,2013-12-31,176568000.0,A
014664,SCHULZ S.A.,2013-12-31,61497000.0,A
014761,CIA HERING,2013-12-31,318172000.0,A
014826,CIA BRASILEIRA DE DISTRIBUICAO,2013-12-31,1396207000.0,A
015083,KOSMOS COMÉRCIO DE VESTUÁRIO S/A - EM RECUPERAÇÃO JUDICIAL,2013-12-31,-966912000.0,A
015091,LITEL PARTICIPACOES S.A.,2013-12-31,-481253000.0,A
015253,ENERGISA S.A.,2013-12-31,202747000.0,A
015369,FERROVIA CENTRO-ATLANTICA S.A.,2013-12-31,156449000.0,A
015458,EMBPAR PARTICIPAÇÕES S/A,2013-12-31,27475000.0,A
015539,NEOENERGIA S.A.,2013-12-31,1070811000.0,A
015652,COMERCIAL QUINTELLA COM EXP SA EM LIQUIDAÇÃO,2013-12-31,-81800000.0,A
016101,GAFISA S.A.,2013-12-31,867678000.0,A
016292,BRF S.A.,2013-12-31,1066837000.0,A
016306,ROSSI RESIDENCIAL S.A. - EM RECUPERAÇÃO JUDICIAL,2013-12-31,60559000.0,A
016497,EMPRESA NAC COM REDITO PART S.A.ENCORPAR,2013-12-31,14435000.0,A
016632,DEXXOS PARTICIPAÇÕES S.A.,2013-12-31,-111580000.0,A
016659,PORTO SEGURO S.A.,2013-12-31,1397311000.0,A
016993,EMAE - EMPRESA METROP.AGUAS ENERGIA S.A.,2013-12-31,62364000.0,A
017329,ENGIE BRASIL ENERGIA S.A.,2013-12-31,1436747000.0,A
017418,TELINVEST S.A.,2013-12-31,-162000.0,A
017442,LF TEL SA,2013-12-31,-105688000.0,A
017450,RUMO S.A.,2013-12-31,27978000.0,A
017493,CAPITALPART PARTICIPACOES S.A.,2013-12-31,-472169.0,A
017558,INNCORP S.A.,2013-12-31,-312571.0,A
017639,TIM PARTICIPACOES S.A.,2013-12-31,1505614000.0,A
017647,EMBRATEL PARTICIPAÇÕES SA,2013-12-31,425579000.0,A
017671,TELEFÔNICA BRASIL S.A,2013-12-31,3715945000.0,A
017779,MAORI SA,2013-12-31,-9813000.0,A
017892,SANTOS BRASIL PARTICIPACOES S.A.,2013-12-31,255060000.0,A
017914,MASSA FALIDA DA MMX MINERACAO E METALICOS S.A.,2013-12-31,-2068481000.0,A
017922,BRAZILIAN FINANCE E REAL ESTATE S.A.,2013-12-31,27108000.0,A
017973,COGNA EDUCAÇÃO S.A.,2013-12-31,516571000.0,A
018287,VIRGO II COMPANHIA DE SECURITIZACAO,2013-12-31,4698000.0,A
018350,AES TIETE SA,2013-12-31,881359000.0,A
018376,CTEEP - CIA TRANSMISSÃO ENERGIA ELÉTRICA PAULISTA,2013-12-31,31921000.0,A
018414,PADTEC HOLDING S.A.,2013-12-31,-15501000.0,A
018465,ULTRAPAR PARTICIPACOES S.A.,2013-12-31,1228713000.0,A
018651,ARAUCÁRIA PARTICIPAÇÕES SA,2013-12-31,-65338000.0,A
018660,CPFL ENERGIA S.A.,2013-12-31,949036000.0,A
018678,TELEMAR PARTICIPAÇÕES SA,2013-12-31,175039000.0,A
018708,CIA PARTICIPACOES ALIANCA DA BAHIA,2013-12-31,-11215000.0,A
018724,BRADESPAR S.A.,2013-12-31,-47709000.0,A
018775,INVESTIMENTOS E PARTICIP. EM INFRA S.A. - INVEPAR,2013-12-31,165237000.0,A
018821,CCR S.A.,2013-12-31,1367884000.0,A
018953,CPFL GERACAO DE ENERGIA S.A.,2013-12-31,244089000.0,A
018961,ANHANGUERA EDUCACIONAL PARTICIPAÇÕES S.A.,2013-12-31,125420000.0,A
018970,AES TIETE ENERGIA SA,2013-12-31,1063465000.0,A
019062,ANDRADE GUTIERREZ PARTICIPACOES S.A.,2013-12-31,444515000.0,A
019100,ATMA PARTICIPAÇÕES S.A. - EM RECUPERAÇÃO JUDICIAL,2013-12-31,103620000.0,A
019305,BIOMM S.A.,2013-12-31,-10059000.0,A
019313,AES ELPA S.A.,2013-12-31,150571000.0,A
019330,TPI - TRIUNFO PARTICIP. E INVEST. S.A.,2013-12-31,-79320000.0,A
019348,ITAU UNIBANCO HOLDING S.A.,2013-12-31,16522000000.0,A
019437,ANDRADE GUTIERREZ CONCESSOES S.A.,2013-12-31,555669000.0,A
019445,CIA SANEAMENTO DE MINAS GERAIS-COPASA MG,2013-12-31,419795000.0,A
019453,ECORODOVIAS INFRAESTRUTURA E LOGÍSTICA S.A.,2013-12-31,399512000.0,A
019550,NATURA COSMETICOS S.A.,2013-12-31,847806000.0,A
019569,GOL LINHAS AEREAS INTELIGENTES S.A.,2013-12-31,-724590000.0,A
019615,GRENDENE S.A.,2013-12-31,434005000.0,A
019623,DIAGNOSTICOS DA AMERICA S.A.,2013-12-31,131582000.0,A
019658,POMIFRUTAS S/A EM RECUPERACAO JUDICIAL,2013-12-31,7767000.0,A
019739,LOCALIZA RENT A CAR S.A.,2013-12-31,384344000.0,A
019763,EDP - ENERGIAS DO BRASIL S.A.,2013-12-31,554090000.0,A
019771,ARTERIS S.A.,2013-12-31,466340000.0,A
019798,PARAMOUNT TEXTEIS INDUSTRIA E COMERCIO S/A,2013-12-31,-41853.0,A
019836,COSAN S.A.,2013-03-31,868315000.0,A
019836,COSAN S.A.,2013-12-31,523248000.0,A
019879,LIGHT S.A. - EM RECUPERAÇÃO JUDICIAL,2013-12-31,587335000.0,A
019909,BR MALLS PARTICIPACOES S.A.,2013-12-31,755623000.0,A
019917,TEMPO PARTICIPAÇOES S/A,2013-12-31,40347000.0,A
019925,BR PROPERTIES S.A.,2013-12-31,70312000.0,A
019992,TOTVS S.A.,2013-12-31,223100000.0,A
020010,EQUATORIAL ENERGIA S.A.,2013-12-31,78517000.0,A
020028,VALID SOLUÇÕES S.A.,2013-12-31,91727000.0,A
020036,BRASILAGRO - CIA BRAS DE PROP AGRICOLAS,2013-06-30,28727000.0,A
020060,LUPATECH S.A,2013-12-31,-378789000.0,A
020087,EMBRAER S.A.,2013-12-31,786410000.0,A
020125,ODONTOPREV S.A.,2013-12-31,188436000.0,A
020141,CREMER SA,2013-12-31,30032000.0,A
020168,ÓLEO E GÁS PARTICIPAÇÕES S.A.,2013-12-31,-17430479000.0,A
020184,CCX CARVÃO DA COLÔMBIA S.A. - EM LIQUIDAÇÃO,2013-12-31,-537368000.0,A
020257,TRANSMISSORA ALIANÇA DE ENERGIA ELÉTRICA S.A.,2013-12-31,892852000.0,A
020265,BROOKFIELD INCORPORAÇÕES S.A.,2013-12-31,-686393000.0,A
020338,M.DIAS BRANCO S.A. IND COM DE ALIMENTOS,2013-12-31,524385000.0,A
020346,PROFARMA DISTRIB PROD FARMACEUTICOS S.A.,2013-12-31,19064000.0,A
020354,TERRA SANTA AGRO S.A.,2013-12-31,-229873000.0,A
020362,POSITIVO TECNOLOGIA S.A.,2013-12-31,15590000.0,A
020370,LPS BRASIL - CONSULTORIA DE IMOVEIS S.A.,2013-12-31,165909000.0,A
020435,TECNISA S.A.,2013-12-31,285449000.0,A
020451,RNI NEGÓCIOS IMOBILIÁRIOS S.A.,2013-12-31,129787000.0,A
020478,PDG REALTY S.A. EMPREEND E PARTICIPACOES,2013-12-31,-153257000.0,A
020494,IGUATEMI EMPRESA DE SHOPPING CENTERS S.A,2013-12-31,184285000.0,A
020516,SAO MARTINHO S.A.,2013-03-31,72950000.0,A
020524,EVEN CONSTRUTORA E INCORPORADORA S.A.,2013-12-31,328347000.0,A
020532,BCO SANTANDER (BRASIL) S.A.,2013-12-31,5848124000.0,A
020540,CPFL ENERGIAS RENOVÁVEIS S.A.,2013-12-31,-55017000.0,A
020567,BCO PINE S.A,2013-12-31,147304000.0,A
020575,JBS S.A.,2013-12-31,1118325000.0,A
020605,JHSF PARTICIPACOES S.A.,2013-12-31,319932000.0,A
020613,METALFRIO SOLUTIONS S.A.,2013-12-31,-18792000.0,A
020630,FICA EMPREENDIMENTOS IMOBILIÁRIOS S.A.,2013-12-31,-8776000.0,A
020656,BEMATECH IND COM EQUIP ELETRONICOS SA,2013-12-31,42943000.0,A
020680,BANCO SOFISA SA,2013-12-31,19013000.0,A
020702,VIVER INCORPORADORA E CONSTRUTORA S.A.,2013-12-31,-281397000.0,A
020710,LOG-IN LOGISTICA INTERMODAL S.A.,2013-12-31,6567000.0,A
020745,SLC AGRICOLA S.A.,2013-12-31,96603000.0,A
020770,EZ TEC EMPREEND. E PARTICIPACOES S.A.,2013-12-31,588754000.0,A
020788,MARFRIG GLOBAL FOODS S.A.,2013-12-31,-897088000.0,A
020796,BCO DAYCOVAL S.A.,2013-12-31,231584000.0,A
020800,TEGMA GESTAO LOGISTICA S.A.,2013-12-31,39476000.0,A
020842,MAGNESITA REFRATARIOS S.A.,2013-12-31,58469000.0,A
020850,ALLIS PARTICIPAÇÕES S.A.,2013-12-31,-8640000.0,A
020877,HELBOR EMPREENDIMENTOS S.A.,2013-12-31,304121000.0,A
020885,BCO INDUSVAL S.A.,2013-12-31,-109945000.0,A
020907,BHG S.A. - BRAZIL HOSPITALITY GROUP,2013-12-31,1833000.0,A
020915,MRV ENGENHARIA E PARTICIPACOES S.A.,2013-12-31,450195000.0,A
020931,MINERVA S.A.,2013-12-31,-314285000.0,A
020958,BCO ABC BRASIL S.A.,2013-12-31,265417000.0,A
020966,SPRINGS GLOBAL PARTICIPACOES S.A.,2013-12-31,-52735000.0,A
020974,COMPANHIA PROVIDENCIA IND E COMERCIO,2013-12-31,26920000.0,A
020982,MULTIPLAN - EMPREEND IMOBILIARIOS S.A.,2013-12-31,284609000.0,A
020990,AMERICANAS S.A. - EM RECUPERAÇÃO JUDICIAL,2013-12-31,-159562000.0,A
021008,GENERAL SHOPPING E OUTLETS DO BRASIL BRASIL S.A.,2013-12-31,-117601000.0,A
021016,YDUQS PARTICIPACOES S.A.,2013-12-31,244707000.0,A
021032,ALGAR TELECOM S/A,2013-12-31,137808000.0,A
021040,SYN PROP & TECH S.A.,2013-12-31,190999000.0,A
021067,MOURA DUBEUX ENGENHARIA S/A,2013-12-31,117617000.0,A
021091,DEXCO S.A.,2013-12-31,520142000.0,A
021113,BANCO INDUSTRIAL E COMERCIAL S/A,2013-12-31,16232000.0,A
021121,SUL AMERICA S.A.,2013-12-31,487153000.0,A
021130,TRISUL S.A.,2013-12-31,59171000.0,A
021148,CONSTRUTORA TENDA S.A.,2013-12-31,-84621000.0,A
021156,J. MACEDO S.A.,2013-12-31,51057000.0,A
021180,NEXPE PARTICIPAÇÕES S.A,2013-12-31,95803000.0,A
021199,BCO PAN S.A.,2013-12-31,-94044000.0,A
021202,VIX LOGÍSTICA S.A.,2013-12-31,61825000.0,A
021237,ENEVA S.A,2013-12-31,-944421000.0,A
021300,ALIANSCE SHOPPING CENTERS S.A.,2013-12-31,73947000.0,A
021334,NUTRIPLANT INDUSTRIA E COMERCIO S.A.,2013-12-31,-1763000.0,A
021342,OSX BRASIL S.A. - EM RECUPERAÇÃO JUDICIAL,2013-12-31,-2399842000.0,A
021350,DIRECIONAL ENGENHARIA S.A.,2013-12-31,236454000.0,A
021377,BANCO INDUSTRIAL DO BRASIL,2013-12-31,46866000.0,A
021393,CIA CELG DE PARTICIPACOES - CELGPAR,2013-12-31,14350000.0,A
021431,HYPERA S.A.,2013-12-31,256722000.0,A
021482,PRUMO LOGISTICA SA,2013-12-31,-135841000.0,A
021490,ALUPAR INVESTIMENTO S/A,2013-12-31,654968000.0,A
021520,MULTINER S/A,2013-12-31,-112144000.0,A
021555,LOCAMÉRICA RENT-A-CAR S.A.,2013-12-31,61208000.0,A
021563,BERNA PARTICIPAÇÕES SA,2013-12-31,18598000.0,A
021580,BELMONTE PARTICIPAÇÕES SA,2013-12-31,-50051000.0,A
021601,BASEL PARTICIPAÇÕES S/A,2013-12-31,-9155000.0,A
021610,"B3 S.A. - BRASIL, BOLSA, BALCÃO",2013-12-31,1080947000.0,A
021636,RENOVA ENERGIA S.A. - EM RECUPERAÇÃO JUDICIAL,2013-12-31,6271000.0,A
021652,CTX PARTICIPAÇÕES S/A,2013-12-31,99722000.0,A
021709,CIA MINEIRA DE AÇUCAR E ALCOOL PARTICIPAÇÕES,2013-03-31,-8473000.0,A
021717,TARPON INVESTIMENTOS S.A.,2013-12-31,74040000.0,A
021725,ADVANCED DIGITAL HEALTH MEDICINA PREVENTIVA S.A.,2013-12-31,-25410000.0,A
021733,CIELO S.A. -  INSTITUIÇÃO DE PAGAMENTO,2013-12-31,2680676000.0,A
021792,CETIP S.A. - BALCÃO ORGANIZADO DE ATIVOS E DERIVATIVOS,2013-12-31,360778000.0,A
021865,BRAZAL BRASIL ALIMENTOS SA,2013-12-31,-397482000.0,A
021881,FLEURY S.A.,2013-12-31,61143000.0,A
021903,ECORODOVIAS CONCESSÕES E SERVIÇOS S.A.,2013-12-31,449073000.0,A
022020,JSL S.A.,2013-12-31,93570000.0,A
022047,METROPOLIS EMPREENDIMENTOS IMOBILIÁRIOS S/A,2013-12-31,-10084000.0,A
022055,MARISA LOJAS S.A.,2013-12-31,85498000.0,A
022128,REDENTOR ENERGIA S/A,2013-12-31,71200000.0,A
022136,TEREOS INTERNACIONAL S/A,2013-03-31,-25000000.0,A
022144,CONCESSÃO METROVIÁRIA DO RIO DE JANEIRO S.A.,2013-12-31,36075.0,A
022187,PRIO S.A.,2013-12-31,-2237870000.0,A
022209,PASCRO PARTICIPAÇÕES S.A.,2013-12-31,-20840000.0,A
022217,ALPER CONSULTORIA E CORRETORA DE SEGUROS S.A.,2013-12-31,108605000.0,A
022349,AZZAS 2154 S.A.,2013-12-31,110555000.0,A
022357,ALLOS S.A.,2013-12-31,368497000.0,A
022365,ENAUTA PARTICIPAÇÕES S.A.,2013-12-31,192242000.0,A
022373,ELETROSOM S/A,2013-12-31,29884000.0,A
022381,AUTOMETAL S.A.,2013-12-31,151000000.0,A
022438,INTERNATIONAL MEAL COMPANY HOLDINGS S/A,2013-12-31,4179000.0,A
022454,T4F ENTRETENIMENTO S.A.,2013-12-31,-14720000.0,A
022470,MAGAZINE LUIZA S.A.,2013-12-31,113806000.0,A
022497,QUALICORP CONSULTORIA E CORRETORA DE SEGUROS S.A.,2013-12-31,-12195000.0,A
022500,MASSA FALIDA DA BRASIL PHARMA S.A.,2013-12-31,-151379000.0,A
022519,TECHNOS S.A.,2013-12-31,31522000.0,A
022551,SOMOS EDUCAÇÃO S.A.,2013-12-31,78885000.0,A
022560,INBRANDS S.A.,2013-12-31,36925000.0,A
022586,MLOG S.A.,2013-12-31,-13820000.0,A
022594,STATKRAFT ENERGIAS RENOVAVEIS S.A.,2013-12-31,-32490000.0,A
022616,BCO BTG PACTUAL S.A.,2013-12-31,2584821000.0,A
022632,BELEZA PARTICIPAÇÕES S.A.,2013-12-31,-186000.0,A
022667,NAOMI PARTICIPAÇÕES S.A.,2013-12-31,-11138000.0,A
022675,HIDROVIAS DO BRASIL S.A.,2013-12-31,-28963000.0,A
022691,COMPANHIA DE LOCAÇÃO DAS AMÉRICAS,2013-12-31,16226000.0,A
022772,VIGOR ALIMENTOS S.A.,2013-12-31,25711000.0,A
022780,UNICASA INDÚSTRIA DE MÓVEIS S.A.,2013-12-31,13709000.0,A
022799,SINQIA S.A.,2013-12-31,6330988.0,A
022810,ELDORADO BRASIL CELULOSE S.A.,2013-12-31,-491013000.0,A
022829,CIMENTO TUPI S.A.,2013-12-31,-19740000.0,A
022845,BIOSEV S.A.,2013-03-31,-619558000.0,A
022942,MGI - MINAS GERAIS PARTICIPAÇÕES S.A.,2013-12-31,37814000.0,A
022993,COMPANHIA DE CRÉDITO FINANCIAMENTO E INVESTIMENTO RCI BRASIL,2013-12-31,227635000.0,A
023000,LIGHT ENERGIA S.A.,2013-12-31,199185000.0,A
023035,LINX S.A.,2013-12-31,62410000.0,A
023116,FINPAR PARTICIPAÇÕES S/A,2013-12-31,-8198000.0,A
023159,BB SEGURIDADE PARTICIPAÇÕES S.A.,2013-12-31,2473752000.0,A
023175,IGUA SANEAMENTO S.A.,2013-12-31,19624000.0,A
023221,SER EDUCACIONAL S.A.,2013-12-31,116297000.0,A
023230,RAIZEN ENERGIA S.A.,2013-03-31,116996000.0,A
023248,ANIMA HOLDING S.A.,2013-12-31,34020000.0,A
023264,AMBEV S.A.,2013-12-31,11354070000.0,A
023272,LOG COMMERCIAL PROPERTIES E PARTICIPAÇÕES,2013-12-31,30922000.0,A
023299,JP PARTICIPAÇÕES S.A.,2013-12-31,70437000.0,A
023310,CVC BRASIL OPERADORA E AGÊNCIA DE VIAGENS S.A.,2013-12-31,111682000.0,A
023396,AEGEA SANEAMENTO E PARTICIPAÇÕES S.A.,2013-12-31,80572000.0,A
023426,SERENA GERAÇÃO S.A.,2013-12-31,-16878000.0,A
023434,LIBRA TERMINAL RIO S.A. - EM RECUPERAÇÃO JUDICIAL,2013-12-31,75072000.0,A
023450,RUMO LOGÍSTICA OPERADORA MULTIMODAL S.A.,2013-12-31,160474000.0,A
023485,COSAN LOGISTICA S.A.,2013-12-31,160474000.0,A
023493,DOMMO ENERGIA S.A.,2013-12-31,-16869047000.0,A
023531,CLARO TELECOM PARTICIPAÇÕES S.A.,2013-12-31,-1263806000.0,A
023574,INTERNATIONAL MEAL COMPANY ALIMENTACAO S.A.,2013-12-31,26246000.0,A
080020,"GP INVESTMENTS, LTD.",2013-12-31,-366900000.0,A
080047,WILSON SONS LTD.,2013-12-31,103100000.0,A
080063,BCO PATAGONIA S.A.,2013-12-31,626365000.0,A
080071,COSAN LIMITED,2013-03-31,957699000.0,A
080071,COSAN LIMITED,2013-12-31,499986000.0,A
080101,SOLVAY INDUPA SAIC,2013-12-31,-39950000.0,A
080110,DUFRY A.G.,2013-12-31,354168000.0,A
080128,LATAM AIRLINES GROUP S.A.,2013-12-31,-543030000.0,A
080136,TGLT S/A,2013-12-31,-25289885.0,A
080144,PACIFIC RUBIALES ENERGY CORP.,2013-12-31,910442000.0,A
080152,PPLA PARTICIPATIONS LTD.,2013-12-31,-126923000.0,A
080160,BANCO SANTANDER S.A.,2013-12-31,15753000000.0,A
000094,PANATLANTICA S.A.,2014-12-31,15545000.0,A
000906,BCO BRADESCO S.A.,2014-12-31,15416478000.0,A
001023,BCO BRASIL S.A.,2014-12-31,13343496000.0,A
001155,BANESTES S.A. - BCO EST ESPIRITO SANTO,2014-12-31,142849000.0,A
001210,BCO ESTADO DO RIO GRANDE DO SUL S.A.,2014-12-31,621015000.0,A
001325,BCO MERCANTIL DO BRASIL S.A.,2014-12-31,-202328000.0,A
001384,BCO ALFA DE INVESTIMENTO S.A.,2014-12-31,66080000.0,A
001520,BARDELLA S.A. INDUSTRIAS MECANICAS EM RECUPERAÇÃO JUDICIAL,2014-12-31,7392000.0,A
001562,BAUMER S.A.,2014-12-31,12382000.0,A
001597,PARTICIPAÇÕES INDUST. DO NORDESTE S.A.,2014-12-31,61216000.0,A
001694,BICICLETAS MONARK S.A.,2014-12-31,11686000.0,A
002100,CAMBUCI S.A.,2014-12-31,13986000.0,A
002429,IRANI PAPEL E EMBALAGEM S.A.,2014-12-31,56579000.0,A
002437,CENTRAIS ELET BRAS S.A. - ELETROBRAS,2014-12-31,-2962502000.0,A
002453,CIA ENERGETICA DE MINAS GERAIS - CEMIG,2014-12-31,3136903000.0,A
002461,CENTRAIS ELET DE SANTA CATARINA S.A.,2014-12-31,513055000.0,A
003069,CIA FERRO LIGAS DA BAHIA - FERBASA,2014-12-31,91695000.0,A
003077,CIA FIACAO TECIDOS CEDRO CACHOEIRA,2014-12-31,-10394000.0,A
003115,CIA SEGUROS ALIANCA DA BAHIA,2014-12-31,36099000.0,A
003158,CIA TECIDOS NORTE DE MINAS COTEMINAS,2014-12-31,-89958000.0,A
003174,CIA DOCAS DE IMBITUBA,2014-12-31,-8225000.0,A
003190,REDE ENERGIA PARTICIPAÇÕES S.A.,2014-12-31,1717985000.0,A
003204,CPFL TRANSMISSÃO S.A.,2014-12-31,-280763000.0,A
003298,CIA HABITASUL DE PARTICIPACOES,2014-12-31,2115000.0,A
003328,CIA HIDRO ELÉTRICA DO SÃO FRANCISCO,2014-12-31,-1117938000.0,A
003336,CIA. IGUAÇU DE CAFÉ SOLÚVEL,2014-03-31,-29488000.0,A
003395,CIA INDUSTRIAL CATAGUASES,2014-12-31,11429000.0,A
003549,CIA INDUSTRIAL SCHLOSSER S.A.,2014-12-31,-14119000.0,A
003654,CIA MELHORAMENTOS DE SAO PAULO,2014-12-31,33480000.0,A
003980,GERDAU S.A.,2014-12-31,1488373000.0,A
004030,CIA SIDERURGICA NACIONAL,2014-12-31,-112267000.0,A
004057,SOUZA CRUZ SA,2014-12-31,1714158000.0,A
004081,CIA TECIDOS SANTANENSE,2014-12-31,959000.0,A
004146,KARSTEN S.A.,2014-12-31,-108030000.0,A
004170,VALE S.A.,2014-12-31,219588000.0,A
004448,COBRASMA S.A.,2014-12-31,-681078000.0,A
004537,GRAZZIOTIN S.A.,2014-12-31,59463240.0,A
004669,GUARARAPES CONFECCOES S.A.,2014-12-31,480110000.0,A
004707,CONSORCIO ALFA DE ADMINISTRACAO S.A.,2014-12-31,66918000.0,A
004723,CONSTRUTORA ADOLPHO LINDENBERG S.A.,2014-12-31,8341000.0,A
004774,CONSTRUTORA LIX DA CUNHA S.A.,2014-12-31,9917000.0,A
004820,BRASKEM S.A.,2014-12-31,726301000.0,A
004863,CORREA RIBEIRO S.A. COMERCIO E INDUSTRIA,2014-12-31,1269000.0,A
005207,DOHLER S.A.,2014-12-31,42267000.0,A
005312,MUNDIAL S.A. - PRODUTOS DE CONSUMO,2014-12-31,-28722000.0,A
005410,WEG S.A.,2014-12-31,962316000.0,A
005762,ETERNIT S.A. - EM RECUPERAÇÃO JUDICIAL,2014-12-31,85160000.0,A
005770,EUCATEX S.A. INDUSTRIA E COMERCIO,2014-12-31,27382000.0,A
005983,FIACAO E TECELAGEM SAO JOSE SA EM RECUPERACAO JUDICIAL,2014-12-31,-12857000.0,A
006173,TAURUS ARMAS S.A.,2014-12-31,-185422000.0,A
006211,FRAS-LE S.A.,2014-12-31,45111000.0,A
006343,TUPY S.A.,2014-12-31,89212000.0,A
006505,GRUPO CASAS BAHIA S.A.,2014-12-31,938000000.0,A
006700,HOTEIS OTHON S.A. - EM RECUPERAÇÃO JUDICIAL,2014-12-31,-832000.0,A
006815,IGB ELETRONICA S.A - EM RECUPERACAO JUDICIAL,2014-12-31,-55211000.0,A
007510,ROMI S.A.,2014-12-31,7670000.0,A
007544,TEXTIL RENAUXVIEW S.A.,2014-12-31,-33671000.0,A
007595,INEPAR S.A. INDUSTRIA E CONSTRUCOES EM RECUPERACAO JUDICIAL,2014-12-31,-743777000.0,A
007617,ITAÚSA S.A.,2014-12-31,8161000000.0,A
007811,JOAO FORTES ENGENHARIA S.A. - EM RECUPERAÇÃO JUDICIAL,2014-12-31,-260617000.0,A
007870,KEPLER WEBER S.A.,2014-12-31,132684000.0,A
008087,LOJAS AMERICANAS S.A.,2014-12-31,355210000.0,A
008133,LOJAS RENNER S.A.,2014-12-31,471420000.0,A
008192,TREVISA INVESTIMENTOS S.A.,2014-12-31,4074000.0,A
008397,MANGELS INDUSTRIAL S.A.,2014-12-31,-44355000.0,A
008427,MANUFATURA DE BRINQUEDOS ESTRELA S.A.,2014-12-31,-25393000.0,A
008451,MARCOPOLO S.A.,2014-12-31,224070000.0,A
008575,MAHLE-METAL LEVE S.A.,2014-12-31,196665000.0,A
008656,METALURGICA GERDAU S.A.,2014-12-31,1105292000.0,A
008672,IGUATEMI S.A.,2014-12-31,-348168000.0,A
008745,METANOR SA METANOL DO NE,2014-12-31,5332000.0,A
008753,METISA METALURGICA TIMBOENSE S.A.,2014-12-31,19926637.0,A
008893,MONTEIRO ARANHA S.A.,2014-12-31,183916000.0,A
009040,NADIR FIGUEIREDO IND E COM S.A.,2014-12-31,17191000.0,A
009067,SUZANO HOLDING S.A.,2014-12-31,-231698000.0,A
009342,DIMED S.A. DISTRIBUIDORA DE MEDICAMENTOS,2014-12-31,49359000.0,A
009393,PARANAPANEMA S.A. - EM RECUPERAÇÃO JUDICIAL,2014-12-31,123881000.0,A
009512,PETROLEO BRASILEIRO S.A. PETROBRAS,2014-12-31,-21924000000.0,A
009539,PETTENATI S.A. INDUSTRIA TEXTIL,2014-06-30,11660540.0,A
009989,REFINARIA DE PETROLEOS MANGUINHOS S.A.,2014-12-31,-185444000.0,A
010456,ALPARGATAS S.A.,2014-12-31,286528000.0,A
010472,SARAIVA LIVREIROS S.A. - EM RECUPERAÇÃO JUDICIAL,2014-12-31,5747000.0,A
010880,SONDOTECNICA ENGENHARIA SOLOS S.A.,2014-12-31,10112000.0,A
010960,SPRINGER S.A.,2014-12-31,-22851000.0,A
011070,WLM PART. E COMÉRCIO DE MÁQUINAS E VEÍCULOS S.A.,2014-12-31,12207000.0,A
011207,TECNOSOLO ENGENHARIA S.A. - EMPRESA FALIDA,2014-12-31,6226000.0,A
011223,TEKA-TECELAGEM KUEHNRICH S.A. - EM RECUPERAÇÃO JUDICIAL,2014-12-31,-138650000.0,A
011231,TEKNO S.A. - INDUSTRIA E COMERCIO,2014-12-31,4442000.0,A
011258,TELEC BRASILEIRAS S.A. TELEBRAS,2014-12-31,-117358000.0,A
011312,OI S.A. - EM RECUPERAÇÃO JUDICIAL,2014-12-31,-4406421000.0,A
011398,TRONOX PIGMENTOS DO BRASIL S.A.,2014-12-31,-51613000.0,A
011762,VULCABRAS S.A.,2014-12-31,-72794000.0,A
011800,WEMBLEY SOCIEDADE ANÔNIMA,2014-12-31,-129298000.0,A
011932,IOCHPE MAXION S.A.,2014-12-31,118032000.0,A
011975,AZEVEDO E TRAVASSOS S.A.,2014-12-31,7076000.0,A
011991,WETZEL S.A.,2014-12-31,-41300000.0,A
012190,BOMBRIL S.A.,2014-12-31,-57504000.0,A
012262,JPSP INVESTIMENTOS E PARTICIPAÇÕES S/A,2014-12-31,-553847000.0,A
012530,ITAUTEC S.A. - GRUPO ITAUTEC,2014-12-31,-38672000.0,A
012572,RECRUSUL S.A.,2014-12-31,-42697000.0,A
012653,KLABIN S.A.,2014-12-31,730330000.0,A
012696,SANSUY S.A. INDUSTRIA DE PLASTICOS,2014-12-31,-105686000.0,A
012793,FIBRIA CELULOSE S.A.,2014-12-31,162552000.0,A
012823,SIDERURGICA J. L. ALIPERTI S.A.,2014-12-31,7499000.0,A
012866,INDÚSTRIA VEROLME S.A. - IVESA,2014-12-31,334090000.0,A
013030,CONSTRUTORA SULTEPA S.A. - EM RECUPERAÇÃO JUDICIAL,2014-12-31,-21212000.0,A
013285,JOSAPAR-JOAQUIM OLIVEIRA S.A. - PARTICIP,2014-12-31,26122000.0,A
013366,HAGA S.A. INDUSTRIA E COMERCIO,2014-12-31,4980786.0,A
013412,ÉVORA SA,2014-12-31,19541000.0,A
013471,PLASCAR PARTICIPACOES INDUSTRIAIS S.A.,2014-12-31,-76253000.0,A
013765,MINUPAR PARTICIPACOES S.A.,2014-12-31,-2155000.0,A
013773,PBG S/A,2014-12-31,93484000.0,A
013781,SAO CARLOS EMPREEND E PARTICIPACOES S.A.,2014-12-31,121287000.0,A
013986,SUZANO S.A.,2014-12-31,-261506000.0,A
014109,RANDON S.A. IMPLEMENTOS E PARTICIPACOES,2014-12-31,246285000.0,A
014133,TEC TOY S.A.,2014-12-31,-32599000.0,A
014206,BRB BANCO DE BRASILIA S.A.,2014-12-31,226876000.0,A
014311,CIA PARANAENSE DE ENERGIA - COPEL,2014-12-31,1335615000.0,A
014320,USINAS SID DE MINAS GERAIS S.A.-USIMINAS,2014-12-31,208479000.0,A
014346,WHIRLPOOL S.A.,2014-12-31,713908000.0,A
014451,COMPANHIA ENERGÉTICA DE BRASÍLIA - CEB,2014-12-31,-96319000.0,A
014460,CYRELA BRAZIL REALTY S.A.EMPREEND E PART,2014-12-31,831386000.0,A
014664,SCHULZ S.A.,2014-12-31,54068000.0,A
014761,CIA HERING,2014-12-31,318867000.0,A
014826,CIA BRASILEIRA DE DISTRIBUICAO,2014-12-31,1760000000.0,A
015083,KOSMOS COMÉRCIO DE VESTUÁRIO S/A - EM RECUPERAÇÃO JUDICIAL,2014-12-31,111041000.0,A
015091,LITEL PARTICIPACOES S.A.,2014-12-31,-299383000.0,A
015253,ENERGISA S.A.,2014-12-31,304720000.0,A
015369,FERROVIA CENTRO-ATLANTICA S.A.,2014-12-31,37974000.0,A
015458,EMBPAR PARTICIPAÇÕES S/A,2014-12-31,-27602000.0,A
015539,NEOENERGIA S.A.,2014-12-31,776886000.0,A
015652,COMERCIAL QUINTELLA COM EXP SA EM LIQUIDAÇÃO,2014-12-31,-57175000.0,A
016101,GAFISA S.A.,2014-12-31,-43725000.0,A
016292,BRF S.A.,2014-12-31,2224877000.0,A
016306,ROSSI RESIDENCIAL S.A. - EM RECUPERAÇÃO JUDICIAL,2014-12-31,-608812000.0,A
016497,EMPRESA NAC COM REDITO PART S.A.ENCORPAR,2014-12-31,-49784000.0,A
016632,DEXXOS PARTICIPAÇÕES S.A.,2014-12-31,-26016000.0,A
016659,PORTO SEGURO S.A.,2014-12-31,876188000.0,A
016993,EMAE - EMPRESA METROP.AGUAS ENERGIA S.A.,2014-12-31,-27163000.0,A
017329,ENGIE BRASIL ENERGIA S.A.,2014-12-31,1383105000.0,A
017418,TELINVEST S.A.,2014-12-31,-229000.0,A
017450,RUMO S.A.,2014-12-31,-2017881000.0,A
017493,CAPITALPART PARTICIPACOES S.A.,2014-12-31,-517573.0,A
017558,INNCORP S.A.,2014-12-31,-341853.0,A
017639,TIM PARTICIPACOES S.A.,2014-12-31,1546419000.0,A
017671,TELEFÔNICA BRASIL S.A,2014-12-31,4936659000.0,A
017892,SANTOS BRASIL PARTICIPACOES S.A.,2014-12-31,91559000.0,A
017914,MASSA FALIDA DA MMX MINERACAO E METALICOS S.A.,2014-12-31,-2223688000.0,A
017922,BRAZILIAN FINANCE E REAL ESTATE S.A.,2014-12-31,-10000.0,A
017973,COGNA EDUCAÇÃO S.A.,2014-12-31,1000600000.0,A
018287,VIRGO II COMPANHIA DE SECURITIZACAO,2014-12-31,4985000.0,A
018350,AES TIETE SA,2014-12-31,449344000.0,A
018376,CTEEP - CIA TRANSMISSÃO ENERGIA ELÉTRICA PAULISTA,2014-12-31,379732000.0,A
018414,PADTEC HOLDING S.A.,2014-12-31,-23491000.0,A
018465,ULTRAPAR PARTICIPACOES S.A.,2014-12-31,1251213000.0,A
018660,CPFL ENERGIA S.A.,2014-12-31,886443000.0,A
018678,TELEMAR PARTICIPAÇÕES SA,2014-12-31,-5474271000.0,A
018708,CIA PARTICIPACOES ALIANCA DA BAHIA,2014-12-31,17496000.0,A
018724,BRADESPAR S.A.,2014-12-31,101483000.0,A
018775,INVESTIMENTOS E PARTICIP. EM INFRA S.A. - INVEPAR,2014-12-31,-477024000.0,A
018821,CCR S.A.,2014-12-31,1349693000.0,A
018953,CPFL GERACAO DE ENERGIA S.A.,2014-12-31,-43138000.0,A
018970,AES TIETE ENERGIA SA,2014-12-31,209826000.0,A
019062,ANDRADE GUTIERREZ PARTICIPACOES S.A.,2014-12-31,223337000.0,A
019100,ATMA PARTICIPAÇÕES S.A. - EM RECUPERAÇÃO JUDICIAL,2014-12-31,96646000.0,A
019305,BIOMM S.A.,2014-12-31,-12713000.0,A
019313,AES ELPA S.A.,2014-12-31,-177884000.0,A
019330,TPI - TRIUNFO PARTICIP. E INVEST. S.A.,2014-12-31,-467932000.0,A
019348,ITAU UNIBANCO HOLDING S.A.,2014-12-31,21861000000.0,A
019437,ANDRADE GUTIERREZ CONCESSOES S.A.,2014-12-31,580856000.0,A
019445,CIA SANEAMENTO DE MINAS GERAIS-COPASA MG,2014-12-31,318141000.0,A
019453,ECORODOVIAS INFRAESTRUTURA E LOGÍSTICA S.A.,2014-12-31,474250000.0,A
019550,NATURA COSMETICOS S.A.,2014-12-31,741221000.0,A
019569,GOL LINHAS AEREAS INTELIGENTES S.A.,2014-12-31,-1117281000.0,A
019615,GRENDENE S.A.,2014-12-31,485259000.0,A
019623,DIAGNOSTICOS DA AMERICA S.A.,2014-12-31,82647000.0,A
019658,POMIFRUTAS S/A EM RECUPERACAO JUDICIAL,2014-12-31,-8552000.0,A
019739,LOCALIZA RENT A CAR S.A.,2014-12-31,410589000.0,A
019763,EDP - ENERGIAS DO BRASIL S.A.,2014-12-31,838361000.0,A
019771,ARTERIS S.A.,2014-12-31,456860000.0,A
019836,COSAN S.A.,2014-12-31,643292000.0,A
019879,LIGHT S.A. - EM RECUPERAÇÃO JUDICIAL,2014-12-31,662831000.0,A
019909,BR MALLS PARTICIPACOES S.A.,2014-12-31,598331000.0,A
019917,TEMPO PARTICIPAÇOES S/A,2014-12-31,94530000.0,A
019925,BR PROPERTIES S.A.,2014-12-31,267341000.0,A
019992,TOTVS S.A.,2014-12-31,262798000.0,A
020010,EQUATORIAL ENERGIA S.A.,2014-12-31,780562000.0,A
020028,VALID SOLUÇÕES S.A.,2014-12-31,110142000.0,A
020036,BRASILAGRO - CIA BRAS DE PROP AGRICOLAS,2014-06-30,-13362000.0,A
020060,LUPATECH S.A,2014-12-31,-631008000.0,A
020087,EMBRAER S.A.,2014-12-31,826600000.0,A
020125,ODONTOPREV S.A.,2014-12-31,194992000.0,A
020141,CREMER SA,2014-12-31,32726000.0,A
020168,ÓLEO E GÁS PARTICIPAÇÕES S.A.,2014-12-31,9868021000.0,A
020184,CCX CARVÃO DA COLÔMBIA S.A. - EM LIQUIDAÇÃO,2014-12-31,-30388000.0,A
020257,TRANSMISSORA ALIANÇA DE ENERGIA ELÉTRICA S.A.,2014-12-31,904845000.0,A
020265,BROOKFIELD INCORPORAÇÕES S.A.,2014-12-31,-1230130000.0,A
020338,M.DIAS BRANCO S.A. IND COM DE ALIMENTOS,2014-12-31,599262000.0,A
020346,PROFARMA DISTRIB PROD FARMACEUTICOS S.A.,2014-12-31,-52388000.0,A
020354,TERRA SANTA AGRO S.A.,2014-12-31,-75487000.0,A
020362,POSITIVO TECNOLOGIA S.A.,2014-12-31,23271000.0,A
020370,LPS BRASIL - CONSULTORIA DE IMOVEIS S.A.,2014-12-31,-3983000.0,A
020435,TECNISA S.A.,2014-12-31,211790000.0,A
020451,RNI NEGÓCIOS IMOBILIÁRIOS S.A.,2014-12-31,77487000.0,A
020478,PDG REALTY S.A. EMPREEND E PARTICIPACOES,2014-12-31,-475414000.0,A
020494,IGUATEMI EMPRESA DE SHOPPING CENTERS S.A,2014-12-31,230709000.0,A
020516,SAO MARTINHO S.A.,2014-03-31,135001000.0,A
020524,EVEN CONSTRUTORA E INCORPORADORA S.A.,2014-12-31,273897000.0,A
020532,BCO SANTANDER (BRASIL) S.A.,2014-12-31,5707776000.0,A
020540,CPFL ENERGIAS RENOVÁVEIS S.A.,2014-12-31,-167361000.0,A
020567,BCO PINE S.A,2014-12-31,95761000.0,A
020575,JBS S.A.,2014-12-31,2406427000.0,A
020605,JHSF PARTICIPACOES S.A.,2014-12-31,43099000.0,A
020613,METALFRIO SOLUTIONS S.A.,2014-12-31,-66075000.0,A
020630,FICA EMPREENDIMENTOS IMOBILIÁRIOS S.A.,2014-12-31,-36899000.0,A
020656,BEMATECH IND COM EQUIP ELETRONICOS SA,2014-12-31,54070000.0,A
020680,BANCO SOFISA SA,2014-12-31,46999000.0,A
020702,VIVER INCORPORADORA E CONSTRUTORA S.A.,2014-12-31,-233352000.0,A
020710,LOG-IN LOGISTICA INTERMODAL S.A.,2014-12-31,-84189000.0,A
020745,SLC AGRICOLA S.A.,2014-12-31,70143000.0,A
020770,EZ TEC EMPREEND. E PARTICIPACOES S.A.,2014-12-31,473955000.0,A
020788,MARFRIG GLOBAL FOODS S.A.,2014-12-31,-720293000.0,A
020796,BCO DAYCOVAL S.A.,2014-12-31,270532000.0,A
020800,TEGMA GESTAO LOGISTICA S.A.,2014-12-31,-22945000.0,A
020842,MAGNESITA REFRATARIOS S.A.,2014-12-31,-97016000.0,A
020850,ALLIS PARTICIPAÇÕES S.A.,2014-12-31,4155000.0,A
020877,HELBOR EMPREENDIMENTOS S.A.,2014-12-31,210757000.0,A
020885,BCO INDUSVAL S.A.,2014-12-31,-2804000.0,A
020907,BHG S.A. - BRAZIL HOSPITALITY GROUP,2014-12-31,3950000.0,A
020915,MRV ENGENHARIA E PARTICIPACOES S.A.,2014-12-31,751400000.0,A
020931,MINERVA S.A.,2014-12-31,-418218000.0,A
020958,BCO ABC BRASIL S.A.,2014-12-31,328379000.0,A
020966,SPRINGS GLOBAL PARTICIPACOES S.A.,2014-12-31,-29105000.0,A
020974,COMPANHIA PROVIDENCIA IND E COMERCIO,2014-12-31,-71905000.0,A
020982,MULTIPLAN - EMPREEND IMOBILIARIOS S.A.,2014-12-31,368047000.0,A
020990,AMERICANAS S.A. - EM RECUPERAÇÃO JUDICIAL,2014-12-31,-163313000.0,A
021008,GENERAL SHOPPING E OUTLETS DO BRASIL BRASIL S.A.,2014-12-31,-246339000.0,A
021016,YDUQS PARTICIPACOES S.A.,2014-12-31,425645000.0,A
021032,ALGAR TELECOM S/A,2014-12-31,141846000.0,A
021040,SYN PROP & TECH S.A.,2014-12-31,148818000.0,A
021067,MOURA DUBEUX ENGENHARIA S/A,2014-12-31,95216000.0,A
021091,DEXCO S.A.,2014-12-31,393560000.0,A
021113,BANCO INDUSTRIAL E COMERCIAL S/A,2014-12-31,-593245000.0,A
021121,SUL AMERICA S.A.,2014-12-31,555029000.0,A
021130,TRISUL S.A.,2014-12-31,38511000.0,A
021148,CONSTRUTORA TENDA S.A.,2014-12-31,-142386000.0,A
021156,J. MACEDO S.A.,2014-12-31,79509000.0,A
021180,NEXPE PARTICIPAÇÕES S.A,2014-12-31,-17294000.0,A
021199,BCO PAN S.A.,2014-12-31,82515000.0,A
021202,VIX LOGÍSTICA S.A.,2014-12-31,51193000.0,A
021237,ENEVA S.A,2014-12-31,-1556960000.0,A
021300,ALIANSCE SHOPPING CENTERS S.A.,2014-12-31,187282000.0,A
021334,NUTRIPLANT INDUSTRIA E COMERCIO S.A.,2014-12-31,-6024000.0,A
021342,OSX BRASIL S.A. - EM RECUPERAÇÃO JUDICIAL,2014-12-31,-4236936000.0,A
021350,DIRECIONAL ENGENHARIA S.A.,2014-12-31,232216000.0,A
021377,BANCO INDUSTRIAL DO BRASIL,2014-12-31,39448000.0,A
021393,CIA CELG DE PARTICIPACOES - CELGPAR,2014-12-31,-613052000.0,A
021431,HYPERA S.A.,2014-12-31,402695000.0,A
021440,VESTE S.A. ESTILO,2014-12-31,-4477000.0,A
021482,PRUMO LOGISTICA SA,2014-12-31,-47631000.0,A
021490,ALUPAR INVESTIMENTO S/A,2014-12-31,751658000.0,A
021520,MULTINER S/A,2014-12-31,-102910000.0,A
021555,LOCAMÉRICA RENT-A-CAR S.A.,2014-12-31,47985000.0,A
021601,BASEL PARTICIPAÇÕES S/A,2014-12-31,-6307000.0,A
021610,"B3 S.A. - BRASIL, BOLSA, BALCÃO",2014-12-31,977914000.0,A
021636,RENOVA ENERGIA S.A. - EM RECUPERAÇÃO JUDICIAL,2014-12-31,-35723000.0,A
021652,CTX PARTICIPAÇÕES S/A,2014-12-31,95426000.0,A
021709,CIA MINEIRA DE AÇUCAR E ALCOOL PARTICIPAÇÕES,2014-03-31,8551000.0,A
021717,TARPON INVESTIMENTOS S.A.,2014-12-31,13770000.0,A
021725,ADVANCED DIGITAL HEALTH MEDICINA PREVENTIVA S.A.,2014-12-31,-11323000.0,A
021733,CIELO S.A. -  INSTITUIÇÃO DE PAGAMENTO,2014-12-31,3228933000.0,A
021792,CETIP S.A. - BALCÃO ORGANIZADO DE ATIVOS E DERIVATIVOS,2014-12-31,427119000.0,A
021881,FLEURY S.A.,2014-12-31,85802000.0,A
021903,ECORODOVIAS CONCESSÕES E SERVIÇOS S.A.,2014-12-31,402156000.0,A
022020,JSL S.A.,2014-12-31,72440000.0,A
022055,MARISA LOJAS S.A.,2014-12-31,51082000.0,A
022128,REDENTOR ENERGIA S/A,2014-12-31,86635000.0,A
022136,TEREOS INTERNACIONAL S/A,2014-03-31,2000000.0,A
022144,CONCESSÃO METROVIÁRIA DO RIO DE JANEIRO S.A.,2014-12-31,61222.0,A
022187,PRIO S.A.,2014-12-31,-1003073000.0,A
022217,ALPER CONSULTORIA E CORRETORA DE SEGUROS S.A.,2014-12-31,16128000.0,A
022330,RJ CAPITAL PARTNERS S.A.,2014-12-31,-1617962.0,A
022349,AZZAS 2154 S.A.,2014-12-31,112752000.0,A
022357,ALLOS S.A.,2014-12-31,274771000.0,A
022365,ENAUTA PARTICIPAÇÕES S.A.,2014-12-31,166056000.0,A
022373,ELETROSOM S/A,2014-12-31,15469000.0,A
022454,T4F ENTRETENIMENTO S.A.,2014-12-31,-70321000.0,A
022470,MAGAZINE LUIZA S.A.,2014-12-31,128556000.0,A
022497,QUALICORP CONSULTORIA E CORRETORA DE SEGUROS S.A.,2014-12-31,138804000.0,A
022500,MASSA FALIDA DA BRASIL PHARMA S.A.,2014-12-31,-613242000.0,A
022519,TECHNOS S.A.,2014-12-31,46228000.0,A
022551,SOMOS EDUCAÇÃO S.A.,2014-12-31,58678000.0,A
022560,INBRANDS S.A.,2014-12-31,33916000.0,A
022586,MLOG S.A.,2014-12-31,-750406000.0,A
022594,STATKRAFT ENERGIAS RENOVAVEIS S.A.,2014-12-31,-19528000.0,A
022616,BCO BTG PACTUAL S.A.,2014-12-31,1901148000.0,A
022667,NAOMI PARTICIPAÇÕES S.A.,2014-12-31,-160000.0,A
022675,HIDROVIAS DO BRASIL S.A.,2014-12-31,-16293000.0,A
022691,COMPANHIA DE LOCAÇÃO DAS AMÉRICAS,2014-12-31,24788000.0,A
022772,VIGOR ALIMENTOS S.A.,2014-12-31,120031000.0,A
022780,UNICASA INDÚSTRIA DE MÓVEIS S.A.,2014-12-31,-2408000.0,A
022799,SINQIA S.A.,2014-12-31,11082997.0,A
022810,ELDORADO BRASIL CELULOSE S.A.,2014-12-31,-419002000.0,A
022829,CIMENTO TUPI S.A.,2014-12-31,-45538000.0,A
022845,BIOSEV S.A.,2014-03-31,-1466799000.0,A
022942,MGI - MINAS GERAIS PARTICIPAÇÕES S.A.,2014-12-31,311561000.0,A
022993,COMPANHIA DE CRÉDITO FINANCIAMENTO E INVESTIMENTO RCI BRASIL,2014-12-31,208530000.0,A
023000,LIGHT ENERGIA S.A.,2014-12-31,267670000.0,A
023035,LINX S.A.,2014-12-31,67582000.0,A
023116,FINPAR PARTICIPAÇÕES S/A,2014-12-31,-2092000.0,A
023140,SMILES S.A.,2014-12-31,283940000.0,A
023159,BB SEGURIDADE PARTICIPAÇÕES S.A.,2014-12-31,3456683000.0,A
023175,IGUA SANEAMENTO S.A.,2014-12-31,16954000.0,A
023221,SER EDUCACIONAL S.A.,2014-12-31,213864000.0,A
023230,RAIZEN ENERGIA S.A.,2014-03-31,140883000.0,A
023248,ANIMA HOLDING S.A.,2014-12-31,159094000.0,A
023264,AMBEV S.A.,2014-12-31,12362019000.0,A
023272,LOG COMMERCIAL PROPERTIES E PARTICIPAÇÕES,2014-12-31,272247000.0,A
023280,UNIDAS LOCAÇÕES E SERVIÇOS S.A.,2014-12-31,17872000.0,A
023310,CVC BRASIL OPERADORA E AGÊNCIA DE VIAGENS S.A.,2014-12-31,145739000.0,A
023396,AEGEA SANEAMENTO E PARTICIPAÇÕES S.A.,2014-12-31,112238000.0,A
023426,SERENA GERAÇÃO S.A.,2014-12-31,26368000.0,A
023434,LIBRA TERMINAL RIO S.A. - EM RECUPERAÇÃO JUDICIAL,2014-12-31,81967000.0,A
023450,RUMO LOGÍSTICA OPERADORA MULTIMODAL S.A.,2014-12-31,114679000.0,A
023485,COSAN LOGISTICA S.A.,2014-12-31,133096000.0,A
023493,DOMMO ENERGIA S.A.,2014-12-31,9921481000.0,A
023507,OUROFINO S.A.,2014-12-31,38190000.0,A
023531,CLARO TELECOM PARTICIPAÇÕES S.A.,2014-12-31,-1082378000.0,A
023574,INTERNATIONAL MEAL COMPANY ALIMENTACAO S.A.,2014-12-31,-8217000.0,A
023590,WIZ CO PARTICIPAÇÕES E CORRETAGEM DE SEGUROS S.A.,2014-12-31,85060000.0,A
023604,YOU INC INCORPORADORA E PARTICIPAÇÃO S.A,2014-12-31,40873.0,A
023620,CBO HOLDING S.A.,2014-12-31,-209243000.0,A
023710,BR HOME CENTERS S.A.,2014-12-31,25595000.0,A
023728,PRÁTICA PARTICIPAÇÕES S/A,2014-12-31,2932000.0,A
023779,BS&C EMPREENDIMENTOS E PARTICIPAÇÕES S.A.,2014-12-31,32822000.0,A
023817,BRQ SOLUCOES EM INFORMATICA S.A.,2014-12-31,930000.0,A
023825,MOVIDA PARTICIPACOES SA,2014-12-31,4766000.0,A
080020,"GP INVESTMENTS, LTD.",2014-12-31,13143000.0,A
080047,WILSON SONS LTD.,2014-12-31,99564000.0,A
080063,BCO PATAGONIA S.A.,2014-12-31,655241000.0,A
080071,COSAN LIMITED,2014-12-31,642479000.0,A
080101,SOLVAY INDUPA SAIC,2014-12-31,-61227000.0,A
080110,DUFRY A.G.,2014-12-31,214174000.0,A
080128,LATAM AIRLINES GROUP S.A.,2014-12-31,-488214000.0,A
080136,TGLT S/A,2014-12-31,-5998482.0,A
080152,PPLA PARTICIPATIONS LTD.,2014-12-31,-404761000.0,A
080160,BANCO SANTANDER S.A.,2014-12-31,21625000000.0,A
000094,PANATLANTICA S.A.,2015-12-31,11069000.0,A
000906,BCO BRADESCO S.A.,2015-12-31,18237905000.0,A
001023,BCO BRASIL S.A.,2015-12-31,15798039000.0,A
001155,BANESTES S.A. - BCO EST ESPIRITO SANTO,2015-12-31,156364000.0,A
001210,BCO ESTADO DO RIO GRANDE DO SUL S.A.,2015-12-31,880218000.0,A
001325,BCO MERCANTIL DO BRASIL S.A.,2015-12-31,104273000.0,A
001384,BCO ALFA DE INVESTIMENTO S.A.,2015-12-31,84799000.0,A
001520,BARDELLA S.A. INDUSTRIAS MECANICAS EM RECUPERAÇÃO JUDICIAL,2015-12-31,-8958000.0,A
001562,BAUMER S.A.,2015-12-31,14996000.0,A
001597,PARTICIPAÇÕES INDUST. DO NORDESTE S.A.,2015-12-31,774370000.0,A
001694,BICICLETAS MONARK S.A.,2015-12-31,10906000.0,A
002100,CAMBUCI S.A.,2015-12-31,-27450000.0,A
002429,IRANI PAPEL E EMBALAGEM S.A.,2015-12-31,495000.0,A
002437,CENTRAIS ELET BRAS S.A. - ELETROBRAS,2015-12-31,-14953658000.0,A
002453,CIA ENERGETICA DE MINAS GERAIS - CEMIG,2015-12-31,2469003000.0,A
002461,CENTRAIS ELET DE SANTA CATARINA S.A.,2015-12-31,130674000.0,A
003069,CIA FERRO LIGAS DA BAHIA - FERBASA,2015-12-31,173700000.0,A
003077,CIA FIACAO TECIDOS CEDRO CACHOEIRA,2015-12-31,-97521000.0,A
003115,CIA SEGUROS ALIANCA DA BAHIA,2015-12-31,46184000.0,A
003158,CIA TECIDOS NORTE DE MINAS COTEMINAS,2015-12-31,-76175000.0,A
003190,REDE ENERGIA PARTICIPAÇÕES S.A.,2015-12-31,424888000.0,A
003204,CPFL TRANSMISSÃO S.A.,2015-12-31,84779000.0,A
003298,CIA HABITASUL DE PARTICIPACOES,2015-12-31,6058000.0,A
003328,CIA HIDRO ELÉTRICA DO SÃO FRANCISCO,2015-12-31,-475992000.0,A
003395,CIA INDUSTRIAL CATAGUASES,2015-12-31,-5335000.0,A
003549,CIA INDUSTRIAL SCHLOSSER S.A.,2015-12-31,-16930000.0,A
003654,CIA MELHORAMENTOS DE SAO PAULO,2015-12-31,-81873000.0,A
003980,GERDAU S.A.,2015-12-31,-4595986000.0,A
004030,CIA SIDERURGICA NACIONAL,2015-12-31,1615951000.0,A
004081,CIA TECIDOS SANTANENSE,2015-12-31,-21051000.0,A
004146,KARSTEN S.A.,2015-12-31,-49564000.0,A
004170,VALE S.A.,2015-12-31,-45996622000.0,A
004448,COBRASMA S.A.,2015-12-31,-963480000.0,A
004537,GRAZZIOTIN S.A.,2015-12-31,46618175.0,A
004669,GUARARAPES CONFECCOES S.A.,2015-12-31,350215000.0,A
004707,CONSORCIO ALFA DE ADMINISTRACAO S.A.,2015-12-31,92991000.0,A
004723,CONSTRUTORA ADOLPHO LINDENBERG S.A.,2015-12-31,14586000.0,A
004774,CONSTRUTORA LIX DA CUNHA S.A.,2015-12-31,-9499000.0,A
004820,BRASKEM S.A.,2015-12-31,2898780000.0,A
004863,CORREA RIBEIRO S.A. COMERCIO E INDUSTRIA,2015-12-31,-2703000.0,A
005207,DOHLER S.A.,2015-12-31,28225000.0,A
005258,RAIA DROGASIL S.A.,2015-12-31,339785000.0,A
005312,MUNDIAL S.A. - PRODUTOS DE CONSUMO,2015-12-31,-51810000.0,A
005410,WEG S.A.,2015-12-31,1165810000.0,A
005762,ETERNIT S.A. - EM RECUPERAÇÃO JUDICIAL,2015-12-31,29421000.0,A
005770,EUCATEX S.A. INDUSTRIA E COMERCIO,2015-12-31,10508000.0,A
005983,FIACAO E TECELAGEM SAO JOSE SA EM RECUPERACAO JUDICIAL,2015-12-31,-10587000.0,A
006173,TAURUS ARMAS S.A.,2015-12-31,-253810000.0,A
006211,FRAS-LE S.A.,2015-12-31,52462000.0,A
006343,TUPY S.A.,2015-12-31,220126000.0,A
006505,GRUPO CASAS BAHIA S.A.,2015-12-31,14000000.0,A
006700,HOTEIS OTHON S.A. - EM RECUPERAÇÃO JUDICIAL,2015-12-31,-23818000.0,A
006815,IGB ELETRONICA S.A - EM RECUPERACAO JUDICIAL,2015-12-31,-77405000.0,A
007510,ROMI S.A.,2015-12-31,7346000.0,A
007544,TEXTIL RENAUXVIEW S.A.,2015-12-31,-149018000.0,A
007595,INEPAR S.A. INDUSTRIA E CONSTRUCOES EM RECUPERACAO JUDICIAL,2015-12-31,-201097000.0,A
007617,ITAÚSA S.A.,2015-12-31,8994000000.0,A
007811,JOAO FORTES ENGENHARIA S.A. - EM RECUPERAÇÃO JUDICIAL,2015-12-31,-283634000.0,A
007870,KEPLER WEBER S.A.,2015-12-31,6237000.0,A
008087,LOJAS AMERICANAS S.A.,2015-12-31,64474000.0,A
008133,LOJAS RENNER S.A.,2015-12-31,578838000.0,A
008192,TREVISA INVESTIMENTOS S.A.,2015-12-31,8455000.0,A
008397,MANGELS INDUSTRIAL S.A.,2015-12-31,-143638000.0,A
008427,MANUFATURA DE BRINQUEDOS ESTRELA S.A.,2015-12-31,-44896000.0,A
008451,MARCOPOLO S.A.,2015-12-31,89083000.0,A
008575,MAHLE-METAL LEVE S.A.,2015-12-31,172145000.0,A
008656,METALURGICA GERDAU S.A.,2015-12-31,-5028973000.0,A
008672,IGUATEMI S.A.,2015-12-31,-568545000.0,A
008745,METANOR SA METANOL DO NE,2015-12-31,-3803000.0,A
008753,METISA METALURGICA TIMBOENSE S.A.,2015-12-31,16587113.0,A
008893,MONTEIRO ARANHA S.A.,2015-12-31,96481000.0,A
009040,NADIR FIGUEIREDO IND E COM S.A.,2015-12-31,7693000.0,A
009067,SUZANO HOLDING S.A.,2015-12-31,-851931000.0,A
009342,DIMED S.A. DISTRIBUIDORA DE MEDICAMENTOS,2015-12-31,45268000.0,A
009393,PARANAPANEMA S.A. - EM RECUPERAÇÃO JUDICIAL,2015-12-31,134786000.0,A
009415,SAO PAULO TURISMO S.A.,2015-12-31,-13769000.0,A
009512,PETROLEO BRASILEIRO S.A. PETROBRAS,2015-12-31,-35171000000.0,A
009539,PETTENATI S.A. INDUSTRIA TEXTIL,2015-06-30,22391471.0,A
009989,REFINARIA DE PETROLEOS MANGUINHOS S.A.,2015-12-31,-482566000.0,A
010456,ALPARGATAS S.A.,2015-12-31,263248000.0,A
010472,SARAIVA LIVREIROS S.A. - EM RECUPERAÇÃO JUDICIAL,2015-12-31,93714000.0,A
010880,SONDOTECNICA ENGENHARIA SOLOS S.A.,2015-12-31,-10502000.0,A
010960,SPRINGER S.A.,2015-12-31,-21066000.0,A
011070,WLM PART. E COMÉRCIO DE MÁQUINAS E VEÍCULOS S.A.,2015-12-31,3943000.0,A
011207,TECNOSOLO ENGENHARIA S.A. - EMPRESA FALIDA,2015-12-31,506000.0,A
011223,TEKA-TECELAGEM KUEHNRICH S.A. - EM RECUPERAÇÃO JUDICIAL,2015-12-31,-130450000.0,A
011231,TEKNO S.A. - INDUSTRIA E COMERCIO,2015-12-31,-8962000.0,A
011258,TELEC BRASILEIRAS S.A. TELEBRAS,2015-12-31,-235633000.0,A
011312,OI S.A. - EM RECUPERAÇÃO JUDICIAL,2015-12-31,-5347601000.0,A
011398,TRONOX PIGMENTOS DO BRASIL S.A.,2015-12-31,-20908000.0,A
011762,VULCABRAS S.A.,2015-12-31,-49920000.0,A
011800,WEMBLEY SOCIEDADE ANÔNIMA,2015-12-31,-134533000.0,A
011932,IOCHPE MAXION S.A.,2015-12-31,119849000.0,A
011975,AZEVEDO E TRAVASSOS S.A.,2015-12-31,1245000.0,A
011991,WETZEL S.A.,2015-12-31,-70577000.0,A
012190,BOMBRIL S.A.,2015-12-31,-376948000.0,A
012262,JPSP INVESTIMENTOS E PARTICIPAÇÕES S/A,2015-12-31,-763892000.0,A
012319,BLUE TECH SOLUTIONS EQI S.A.,2015-12-31,-4221000.0,A
012530,ITAUTEC S.A. - GRUPO ITAUTEC,2015-12-31,-19295000.0,A
012572,RECRUSUL S.A.,2015-12-31,-17106000.0,A
012653,KLABIN S.A.,2015-12-31,-1253197000.0,A
012696,SANSUY S.A. INDUSTRIA DE PLASTICOS,2015-12-31,-139197000.0,A
012793,FIBRIA CELULOSE S.A.,2015-12-31,356985000.0,A
012823,SIDERURGICA J. L. ALIPERTI S.A.,2015-12-31,3088000.0,A
013030,CONSTRUTORA SULTEPA S.A. - EM RECUPERAÇÃO JUDICIAL,2015-12-31,28224000.0,A
013285,JOSAPAR-JOAQUIM OLIVEIRA S.A. - PARTICIP,2015-12-31,29905000.0,A
013366,HAGA S.A. INDUSTRIA E COMERCIO,2015-12-31,3146460.0,A
013412,ÉVORA SA,2015-12-31,10583000.0,A
013471,PLASCAR PARTICIPACOES INDUSTRIAIS S.A.,2015-12-31,-198565000.0,A
013765,MINUPAR PARTICIPACOES S.A.,2015-12-31,-11096000.0,A
013773,PBG S/A,2015-12-31,52673000.0,A
013781,SAO CARLOS EMPREEND E PARTICIPACOES S.A.,2015-12-31,163376000.0,A
013986,SUZANO S.A.,2015-12-31,-925354000.0,A
014109,RANDON S.A. IMPLEMENTOS E PARTICIPACOES,2015-12-31,-751000.0,A
014133,TEC TOY S.A.,2015-12-31,-35653000.0,A
014206,BRB BANCO DE BRASILIA S.A.,2015-12-31,151027000.0,A
014311,CIA PARANAENSE DE ENERGIA - COPEL,2015-12-31,1265551000.0,A
014320,USINAS SID DE MINAS GERAIS S.A.-USIMINAS,2015-12-31,-3684977000.0,A
014346,WHIRLPOOL S.A.,2015-12-31,290884000.0,A
014451,COMPANHIA ENERGÉTICA DE BRASÍLIA - CEB,2015-12-31,88519000.0,A
014460,CYRELA BRAZIL REALTY S.A.EMPREEND E PART,2015-12-31,593153000.0,A
014664,SCHULZ S.A.,2015-12-31,48099000.0,A
014761,CIA HERING,2015-12-31,281170000.0,A
014826,CIA BRASILEIRA DE DISTRIBUICAO,2015-12-31,-276000000.0,A
015083,KOSMOS COMÉRCIO DE VESTUÁRIO S/A - EM RECUPERAÇÃO JUDICIAL,2015-12-31,-155177000.0,A
015091,LITEL PARTICIPACOES S.A.,2015-12-31,-8325767000.0,A
015253,ENERGISA S.A.,2015-12-31,351401000.0,A
015458,EMBPAR PARTICIPAÇÕES S/A,2015-12-31,51157000.0,A
015539,NEOENERGIA S.A.,2015-12-31,371983000.0,A
015652,COMERCIAL QUINTELLA COM EXP SA EM LIQUIDAÇÃO,2015-12-31,-169223000.0,A
016101,GAFISA S.A.,2015-12-31,70979000.0,A
016233,BELAPART SA,2015-12-31,-8472000.0,A
016292,BRF S.A.,2015-12-31,3130858000.0,A
016306,ROSSI RESIDENCIAL S.A. - EM RECUPERAÇÃO JUDICIAL,2015-12-31,-551171000.0,A
016497,EMPRESA NAC COM REDITO PART S.A.ENCORPAR,2015-12-31,-60342000.0,A
016632,DEXXOS PARTICIPAÇÕES S.A.,2015-12-31,-56113000.0,A
016659,PORTO SEGURO S.A.,2015-12-31,998342000.0,A
016993,EMAE - EMPRESA METROP.AGUAS ENERGIA S.A.,2015-12-31,59790000.0,A
017329,ENGIE BRASIL ENERGIA S.A.,2015-12-31,1501303000.0,A
017418,TELINVEST S.A.,2015-12-31,-7807000.0,A
017450,RUMO S.A.,2015-12-31,-1190878000.0,A
017493,CAPITALPART PARTICIPACOES S.A.,2015-12-31,-559900.0,A
017558,INNCORP S.A.,2015-12-31,-368899.0,A
017639,TIM PARTICIPACOES S.A.,2015-12-31,2071145000.0,A
017671,TELEFÔNICA BRASIL S.A,2015-12-31,3420249000.0,A
017892,SANTOS BRASIL PARTICIPACOES S.A.,2015-12-31,-18129000.0,A
017914,MASSA FALIDA DA MMX MINERACAO E METALICOS S.A.,2015-12-31,96071000.0,A
017922,BRAZILIAN FINANCE E REAL ESTATE S.A.,2015-12-31,10057000.0,A
017973,COGNA EDUCAÇÃO S.A.,2015-12-31,1396134000.0,A
018287,VIRGO II COMPANHIA DE SECURITIZACAO,2015-12-31,6184000.0,A
018368,RIO PARANAPANEMA ENERGIA S.A.,2015-12-31,182647000.0,A
018376,CTEEP - CIA TRANSMISSÃO ENERGIA ELÉTRICA PAULISTA,2015-12-31,517186000.0,A
018414,PADTEC HOLDING S.A.,2015-12-31,-244046000.0,A
018465,ULTRAPAR PARTICIPACOES S.A.,2015-12-31,1512972000.0,A
018660,CPFL ENERGIA S.A.,2015-12-31,875277000.0,A
018708,CIA PARTICIPACOES ALIANCA DA BAHIA,2015-12-31,25956000.0,A
018724,BRADESPAR S.A.,2015-12-31,-2590301000.0,A
018775,INVESTIMENTOS E PARTICIP. EM INFRA S.A. - INVEPAR,2015-12-31,-1715551000.0,A
018821,CCR S.A.,2015-12-31,786871000.0,A
018953,CPFL GERACAO DE ENERGIA S.A.,2015-12-31,245899000.0,A
018970,AES TIETE ENERGIA SA,2015-12-31,803316000.0,A
019062,ANDRADE GUTIERREZ PARTICIPACOES S.A.,2015-12-31,40604000.0,A
019100,ATMA PARTICIPAÇÕES S.A. - EM RECUPERAÇÃO JUDICIAL,2015-12-31,-226778000.0,A
019305,BIOMM S.A.,2015-12-31,8282000.0,A
019313,AES ELPA S.A.,2015-12-31,54281000.0,A
019330,TPI - TRIUNFO PARTICIP. E INVEST. S.A.,2015-12-31,123355000.0,A
019348,ITAU UNIBANCO HOLDING S.A.,2015-12-31,26156000000.0,A
019437,ANDRADE GUTIERREZ CONCESSOES S.A.,2015-12-31,174742000.0,A
019445,CIA SANEAMENTO DE MINAS GERAIS-COPASA MG,2015-12-31,-11592000.0,A
019453,ECORODOVIAS INFRAESTRUTURA E LOGÍSTICA S.A.,2015-12-31,115772000.0,A
019550,NATURA COSMETICOS S.A.,2015-12-31,522732000.0,A
019569,GOL LINHAS AEREAS INTELIGENTES S.A.,2015-12-31,-4291240000.0,A
019615,GRENDENE S.A.,2015-12-31,539311000.0,A
019623,DIAGNOSTICOS DA AMERICA S.A.,2015-12-31,24204000.0,A
019658,POMIFRUTAS S/A EM RECUPERACAO JUDICIAL,2015-12-31,-31092000.0,A
019739,LOCALIZA RENT A CAR S.A.,2015-12-31,402427000.0,A
019763,EDP - ENERGIAS DO BRASIL S.A.,2015-12-31,1406372000.0,A
019771,ARTERIS S.A.,2015-12-31,149342000.0,A
019836,COSAN S.A.,2015-12-31,968263000.0,A
019879,LIGHT S.A. - EM RECUPERAÇÃO JUDICIAL,2015-12-31,37836000.0,A
019909,BR MALLS PARTICIPACOES S.A.,2015-12-31,66158000.0,A
019917,TEMPO PARTICIPAÇOES S/A,2015-12-31,57381000.0,A
019925,BR PROPERTIES S.A.,2015-12-31,-769772000.0,A
019992,TOTVS S.A.,2015-12-31,194946000.0,A
020010,EQUATORIAL ENERGIA S.A.,2015-12-31,959848000.0,A
020028,VALID SOLUÇÕES S.A.,2015-12-31,133098000.0,A
020036,BRASILAGRO - CIA BRAS DE PROP AGRICOLAS,2015-06-30,180810000.0,A
020060,LUPATECH S.A,2015-12-31,-75137000.0,A
020087,EMBRAER S.A.,2015-12-31,281608000.0,A
020125,ODONTOPREV S.A.,2015-12-31,221162000.0,A
020141,CREMER SA,2015-12-31,25683000.0,A
020184,CCX CARVÃO DA COLÔMBIA S.A. - EM LIQUIDAÇÃO,2015-12-31,-13585000.0,A
020257,TRANSMISSORA ALIANÇA DE ENERGIA ELÉTRICA S.A.,2015-12-31,909423000.0,A
020265,BROOKFIELD INCORPORAÇÕES S.A.,2015-12-31,-1097901000.0,A
020338,M.DIAS BRANCO S.A. IND COM DE ALIMENTOS,2015-12-31,603925000.0,A
020346,PROFARMA DISTRIB PROD FARMACEUTICOS S.A.,2015-12-31,-21182000.0,A
020354,TERRA SANTA AGRO S.A.,2015-12-31,-161500000.0,A
020362,POSITIVO TECNOLOGIA S.A.,2015-12-31,-79881000.0,A
020370,LPS BRASIL - CONSULTORIA DE IMOVEIS S.A.,2015-12-31,-445532000.0,A
020435,TECNISA S.A.,2015-12-31,292905000.0,A
020451,RNI NEGÓCIOS IMOBILIÁRIOS S.A.,2015-12-31,10030000.0,A
020478,PDG REALTY S.A. EMPREEND E PARTICIPACOES,2015-12-31,-2842482000.0,A
020494,IGUATEMI EMPRESA DE SHOPPING CENTERS S.A,2015-12-31,193657000.0,A
020516,SAO MARTINHO S.A.,2015-03-31,288317000.0,A
020524,EVEN CONSTRUTORA E INCORPORADORA S.A.,2015-12-31,149202000.0,A
020532,BCO SANTANDER (BRASIL) S.A.,2015-12-31,9833826000.0,A
020540,CPFL ENERGIAS RENOVÁVEIS S.A.,2015-12-31,-48717000.0,A
020567,BCO PINE S.A,2015-12-31,40757000.0,A
020575,JBS S.A.,2015-12-31,5128647000.0,A
020605,JHSF PARTICIPACOES S.A.,2015-12-31,109740000.0,A
020613,METALFRIO SOLUTIONS S.A.,2015-12-31,-101404000.0,A
020630,FICA EMPREENDIMENTOS IMOBILIÁRIOS S.A.,2015-12-31,-33517000.0,A
020680,BANCO SOFISA SA,2015-12-31,77039000.0,A
020702,VIVER INCORPORADORA E CONSTRUTORA S.A.,2015-12-31,-261588000.0,A
020710,LOG-IN LOGISTICA INTERMODAL S.A.,2015-12-31,-375285000.0,A
020745,SLC AGRICOLA S.A.,2015-12-31,121171000.0,A
020770,EZ TEC EMPREEND. E PARTICIPACOES S.A.,2015-12-31,444470000.0,A
020788,MARFRIG GLOBAL FOODS S.A.,2015-12-31,-538550000.0,A
020796,BCO DAYCOVAL S.A.,2015-12-31,473176000.0,A
020800,TEGMA GESTAO LOGISTICA S.A.,2015-12-31,9930000.0,A
020842,MAGNESITA REFRATARIOS S.A.,2015-12-31,-1060447000.0,A
020877,HELBOR EMPREENDIMENTOS S.A.,2015-12-31,68873000.0,A
020885,BCO INDUSVAL S.A.,2015-12-31,-168893000.0,A
020915,MRV ENGENHARIA E PARTICIPACOES S.A.,2015-12-31,595354000.0,A
020931,MINERVA S.A.,2015-12-31,-799955000.0,A
020958,BCO ABC BRASIL S.A.,2015-12-31,388557000.0,A
020966,SPRINGS GLOBAL PARTICIPACOES S.A.,2015-12-31,22577000.0,A
020982,MULTIPLAN - EMPREEND IMOBILIARIOS S.A.,2015-12-31,361959000.0,A
020990,AMERICANAS S.A. - EM RECUPERAÇÃO JUDICIAL,2015-12-31,-418437000.0,A
021008,GENERAL SHOPPING E OUTLETS DO BRASIL BRASIL S.A.,2015-12-31,-551955000.0,A
021016,YDUQS PARTICIPACOES S.A.,2015-12-31,484674000.0,A
021032,ALGAR TELECOM S/A,2015-12-31,153634000.0,A
021040,SYN PROP & TECH S.A.,2015-12-31,52238000.0,A
021067,MOURA DUBEUX ENGENHARIA S/A,2015-12-31,72734000.0,A
021091,DEXCO S.A.,2015-12-31,191744000.0,A
021121,SUL AMERICA S.A.,2015-12-31,737672000.0,A
021130,TRISUL S.A.,2015-12-31,24780000.0,A
021148,CONSTRUTORA TENDA S.A.,2015-12-31,29697000.0,A
021156,J. MACEDO S.A.,2015-12-31,87432000.0,A
021180,NEXPE PARTICIPAÇÕES S.A,2015-12-31,-89738000.0,A
021199,BCO PAN S.A.,2015-12-31,143893000.0,A
021202,VIX LOGÍSTICA S.A.,2015-12-31,67423000.0,A
021237,ENEVA S.A,2015-12-31,137109000.0,A
021300,ALIANSCE SHOPPING CENTERS S.A.,2015-12-31,144772000.0,A
021334,NUTRIPLANT INDUSTRIA E COMERCIO S.A.,2015-12-31,-22756000.0,A
021342,OSX BRASIL S.A. - EM RECUPERAÇÃO JUDICIAL,2015-12-31,-987345000.0,A
021350,DIRECIONAL ENGENHARIA S.A.,2015-12-31,156210000.0,A
021377,BANCO INDUSTRIAL DO BRASIL,2015-12-31,49227000.0,A
021393,CIA CELG DE PARTICIPACOES - CELGPAR,2015-12-31,-618164000.0,A
021431,HYPERA S.A.,2015-12-31,559872000.0,A
021440,VESTE S.A. ESTILO,2015-12-31,-17219000.0,A
021482,PRUMO LOGISTICA SA,2015-12-31,-216898000.0,A
021490,ALUPAR INVESTIMENTO S/A,2015-12-31,571192000.0,A
021520,MULTINER S/A,2015-12-31,-157028000.0,A
021555,LOCAMÉRICA RENT-A-CAR S.A.,2015-12-31,42747000.0,A
021601,BASEL PARTICIPAÇÕES S/A,2015-12-31,-23910000.0,A
021610,"B3 S.A. - BRASIL, BOLSA, BALCÃO",2015-12-31,2203458000.0,A
021636,RENOVA ENERGIA S.A. - EM RECUPERAÇÃO JUDICIAL,2015-12-31,118192000.0,A
021652,CTX PARTICIPAÇÕES S/A,2015-12-31,-227801000.0,A
021709,CIA MINEIRA DE AÇUCAR E ALCOOL PARTICIPAÇÕES,2015-03-31,6037000.0,A
021717,TARPON INVESTIMENTOS S.A.,2015-12-31,19193000.0,A
021725,ADVANCED DIGITAL HEALTH MEDICINA PREVENTIVA S.A.,2015-12-31,-14799000.0,A
021733,CIELO S.A. -  INSTITUIÇÃO DE PAGAMENTO,2015-12-31,3651433000.0,A
021792,CETIP S.A. - BALCÃO ORGANIZADO DE ATIVOS E DERIVATIVOS,2015-12-31,497606000.0,A
021881,FLEURY S.A.,2015-12-31,107343000.0,A
021903,ECORODOVIAS CONCESSÕES E SERVIÇOS S.A.,2015-12-31,387913000.0,A
022020,JSL S.A.,2015-12-31,46762000.0,A
022055,MARISA LOJAS S.A.,2015-12-31,-35764000.0,A
022136,TEREOS INTERNACIONAL S/A,2015-03-31,-195000000.0,A
022144,CONCESSÃO METROVIÁRIA DO RIO DE JANEIRO S.A.,2015-12-31,84731.0,A
022187,PRIO S.A.,2015-12-31,110421000.0,A
022217,ALPER CONSULTORIA E CORRETORA DE SEGUROS S.A.,2015-12-31,-104396000.0,A
022330,RJ CAPITAL PARTNERS S.A.,2015-12-31,-95946.0,A
022349,AZZAS 2154 S.A.,2015-12-31,119663000.0,A
022357,ALLOS S.A.,2015-12-31,204039000.0,A
022365,ENAUTA PARTICIPAÇÕES S.A.,2015-12-31,93613000.0,A
022454,T4F ENTRETENIMENTO S.A.,2015-12-31,20888000.0,A
022470,MAGAZINE LUIZA S.A.,2015-12-31,-65605000.0,A
022497,QUALICORP CONSULTORIA E CORRETORA DE SEGUROS S.A.,2015-12-31,240860000.0,A
022500,MASSA FALIDA DA BRASIL PHARMA S.A.,2015-12-31,-654545000.0,A
022519,TECHNOS S.A.,2015-12-31,22015000.0,A
022551,SOMOS EDUCAÇÃO S.A.,2015-12-31,-604133000.0,A
022560,INBRANDS S.A.,2015-12-31,13311000.0,A
022586,MLOG S.A.,2015-12-31,-185445000.0,A
022594,STATKRAFT ENERGIAS RENOVAVEIS S.A.,2015-12-31,-63770000.0,A
022616,BCO BTG PACTUAL S.A.,2015-12-31,576018000.0,A
022667,NAOMI PARTICIPAÇÕES S.A.,2015-12-31,-475000.0,A
022675,HIDROVIAS DO BRASIL S.A.,2015-12-31,-60064000.0,A
022772,VIGOR ALIMENTOS S.A.,2015-12-31,242778000.0,A
022780,UNICASA INDÚSTRIA DE MÓVEIS S.A.,2015-12-31,13105000.0,A
022799,SINQIA S.A.,2015-12-31,9799730.0,A
022810,ELDORADO BRASIL CELULOSE S.A.,2015-12-31,280645000.0,A
022829,CIMENTO TUPI S.A.,2015-12-31,-407057000.0,A
022845,BIOSEV S.A.,2015-03-31,-498717000.0,A
022942,MGI - MINAS GERAIS PARTICIPAÇÕES S.A.,2015-12-31,-611512000.0,A
022993,COMPANHIA DE CRÉDITO FINANCIAMENTO E INVESTIMENTO RCI BRASIL,2015-12-31,267186000.0,A
023000,LIGHT ENERGIA S.A.,2015-12-31,15335000.0,A
023035,LINX S.A.,2015-12-31,63818000.0,A
023140,SMILES S.A.,2015-12-31,369922000.0,A
023159,BB SEGURIDADE PARTICIPAÇÕES S.A.,2015-12-31,4207432000.0,A
023175,IGUA SANEAMENTO S.A.,2015-12-31,-66994000.0,A
023221,SER EDUCACIONAL S.A.,2015-12-31,161065000.0,A
023230,RAIZEN ENERGIA S.A.,2015-03-31,110999000.0,A
023248,ANIMA HOLDING S.A.,2015-12-31,64203000.0,A
023264,AMBEV S.A.,2015-12-31,12879141000.0,A
023272,LOG COMMERCIAL PROPERTIES E PARTICIPAÇÕES,2015-12-31,17191000.0,A
023280,UNIDAS LOCAÇÕES E SERVIÇOS S.A.,2015-12-31,8885000.0,A
023302,QUALITY SOFTWARE S.A.,2015-12-31,7450417.0,A
023310,CVC BRASIL OPERADORA E AGÊNCIA DE VIAGENS S.A.,2015-12-31,175234000.0,A
023396,AEGEA SANEAMENTO E PARTICIPAÇÕES S.A.,2015-12-31,115156000.0,A
023426,SERENA GERAÇÃO S.A.,2015-12-31,4776000.0,A
023434,LIBRA TERMINAL RIO S.A. - EM RECUPERAÇÃO JUDICIAL,2015-12-31,-7007000.0,A
023450,RUMO LOGÍSTICA OPERADORA MULTIMODAL S.A.,2015-12-31,-165338000.0,A
023485,COSAN LOGISTICA S.A.,2015-12-31,-157885000.0,A
023493,DOMMO ENERGIA S.A.,2015-12-31,-754286000.0,A
023507,OUROFINO S.A.,2015-12-31,69207000.0,A
023531,CLARO TELECOM PARTICIPAÇÕES S.A.,2015-12-31,-3556338000.0,A
023574,INTERNATIONAL MEAL COMPANY ALIMENTACAO S.A.,2015-12-31,-98901000.0,A
023590,WIZ CO PARTICIPAÇÕES E CORRETAGEM DE SEGUROS S.A.,2015-12-31,99790000.0,A
023604,YOU INC INCORPORADORA E PARTICIPAÇÃO S.A,2015-12-31,57208000.0,A
023620,CBO HOLDING S.A.,2015-12-31,-789492000.0,A
023710,BR HOME CENTERS S.A.,2015-12-31,-9232000.0,A
023728,PRÁTICA PARTICIPAÇÕES S/A,2015-12-31,-1526000.0,A
023736,FORNO DE MINAS ALIMENTOS S.A.,2015-12-31,15582000.0,A
023779,BS&C EMPREENDIMENTOS E PARTICIPAÇÕES S.A.,2015-12-31,39069000.0,A
023795,CAIXA SEGURIDADE PARTICIPAÇÕES S.A.,2015-12-31,534854000.0,A
023817,BRQ SOLUCOES EM INFORMATICA S.A.,2015-12-31,6475000.0,A
023825,MOVIDA PARTICIPACOES SA,2015-12-31,67050000.0,A
023930,BRASILIANA PARTICIPAÇÕES S/A,2015-12-31,0.0,A
023957,SUGOI S.A.,2015-12-31,2498000.0,A
023965,CINESYSTEM S.A.,2015-12-31,-403000.0,A
024058,ALLIANÇA SAÚDE E PARTICIPAÇÕES S.A.,2015-12-31,-11429000.0,A
080020,"GP INVESTMENTS, LTD.",2015-12-31,-695918000.0,A
080047,WILSON SONS LTD.,2015-12-31,108853000.0,A
080063,BCO PATAGONIA S.A.,2015-12-31,834737000.0,A
080071,COSAN LIMITED,2015-12-31,886262000.0,A
080101,SOLVAY INDUPA SAIC,2015-12-31,-163257000.0,A
080110,DUFRY A.G.,2015-12-31,-122894000.0,A
080128,LATAM AIRLINES GROUP S.A.,2015-12-31,-596250000.0,A
080136,TGLT S/A,2015-12-31,-25951722.0,A
080152,PPLA PARTICIPATIONS LTD.,2015-12-31,-2099468000.0,A
080160,BANCO SANTANDER S.A.,2015-12-31,26732000000.0,A
000094,PANATLANTICA S.A.,2016-12-31,14789000.0,A
000906,BCO BRADESCO S.A.,2016-12-31,17992726000.0,A
001023,BCO BRASIL S.A.,2016-12-31,8659577000.0,A
001155,BANESTES S.A. - BCO EST ESPIRITO SANTO,2016-12-31,145748000.0,A
001210,BCO ESTADO DO RIO GRANDE DO SUL S.A.,2016-12-31,728875000.0,A
001325,BCO MERCANTIL DO BRASIL S.A.,2016-12-31,23514000.0,A
001384,BCO ALFA DE INVESTIMENTO S.A.,2016-12-31,91545000.0,A
001520,BARDELLA S.A. INDUSTRIAS MECANICAS EM RECUPERAÇÃO JUDICIAL,2016-12-31,-101126000.0,A
001562,BAUMER S.A.,2016-12-31,2803000.0,A
001597,PARTICIPAÇÕES INDUST. DO NORDESTE S.A.,2016-12-31,-7036000.0,A
001694,BICICLETAS MONARK S.A.,2016-12-31,16050000.0,A
002100,CAMBUCI S.A.,2016-12-31,-33388000.0,A
002429,IRANI PAPEL E EMBALAGEM S.A.,2016-12-31,-10782000.0,A
002437,CENTRAIS ELET BRAS S.A. - ELETROBRAS,2016-12-31,3513276000.0,A
002453,CIA ENERGETICA DE MINAS GERAIS - CEMIG,2016-12-31,334754000.0,A
002461,CENTRAIS ELET DE SANTA CATARINA S.A.,2016-12-31,-9817000.0,A
003069,CIA FERRO LIGAS DA BAHIA - FERBASA,2016-12-31,70182000.0,A
003077,CIA FIACAO TECIDOS CEDRO CACHOEIRA,2016-12-31,-142627000.0,A
003115,CIA SEGUROS ALIANCA DA BAHIA,2016-12-31,55954000.0,A
003158,CIA TECIDOS NORTE DE MINAS COTEMINAS,2016-12-31,-144475000.0,A
003190,REDE ENERGIA PARTICIPAÇÕES S.A.,2016-12-31,204903000.0,A
003204,CPFL TRANSMISSÃO S.A.,2016-12-31,916682000.0,A
003298,CIA HABITASUL DE PARTICIPACOES,2016-12-31,-4937000.0,A
003328,CIA HIDRO ELÉTRICA DO SÃO FRANCISCO,2016-12-31,3985383000.0,A
003395,CIA INDUSTRIAL CATAGUASES,2016-12-31,1685000.0,A
003549,CIA INDUSTRIAL SCHLOSSER S.A.,2016-12-31,-16435000.0,A
003654,CIA MELHORAMENTOS DE SAO PAULO,2016-12-31,243591000.0,A
003980,GERDAU S.A.,2016-12-31,-2885929000.0,A
004030,CIA SIDERURGICA NACIONAL,2016-12-31,-853058000.0,A
004081,CIA TECIDOS SANTANENSE,2016-12-31,-3158000.0,A
004146,KARSTEN S.A.,2016-12-31,-96579000.0,A
004170,VALE S.A.,2016-12-31,13296496000.0,A
004448,COBRASMA S.A.,2016-12-31,-1059903000.0,A
004537,GRAZZIOTIN S.A.,2016-12-31,64011732.0,A
004669,GUARARAPES CONFECCOES S.A.,2016-12-31,317551000.0,A
004707,CONSORCIO ALFA DE ADMINISTRACAO S.A.,2016-12-31,95280000.0,A
004723,CONSTRUTORA ADOLPHO LINDENBERG S.A.,2016-12-31,4206000.0,A
004774,CONSTRUTORA LIX DA CUNHA S.A.,2016-12-31,-17720000.0,A
004820,BRASKEM S.A.,2016-12-31,-729197000.0,A
004863,CORREA RIBEIRO S.A. COMERCIO E INDUSTRIA,2016-12-31,-1496000.0,A
005207,DOHLER S.A.,2016-12-31,15471000.0,A
005258,RAIA DROGASIL S.A.,2016-12-31,451252000.0,A
005312,MUNDIAL S.A. - PRODUTOS DE CONSUMO,2016-12-31,-41264000.0,A
005410,WEG S.A.,2016-12-31,1127832000.0,A
005762,ETERNIT S.A. - EM RECUPERAÇÃO JUDICIAL,2016-12-31,-37682000.0,A
005770,EUCATEX S.A. INDUSTRIA E COMERCIO,2016-12-31,33578000.0,A
005983,FIACAO E TECELAGEM SAO JOSE SA EM RECUPERACAO JUDICIAL,2016-12-31,-10190000.0,A
006173,TAURUS ARMAS S.A.,2016-12-31,-103027000.0,A
006211,FRAS-LE S.A.,2016-12-31,64477000.0,A
006343,TUPY S.A.,2016-12-31,-181455000.0,A
006505,GRUPO CASAS BAHIA S.A.,2016-12-31,-95000000.0,A
006700,HOTEIS OTHON S.A. - EM RECUPERAÇÃO JUDICIAL,2016-12-31,-4223000.0,A
006815,IGB ELETRONICA S.A - EM RECUPERACAO JUDICIAL,2016-12-31,-97456000.0,A
007510,ROMI S.A.,2016-12-31,-39469000.0,A
007544,TEXTIL RENAUXVIEW S.A.,2016-12-31,-84730000.0,A
007595,INEPAR S.A. INDUSTRIA E CONSTRUCOES EM RECUPERACAO JUDICIAL,2016-12-31,-622963000.0,A
007617,ITAÚSA S.A.,2016-12-31,8216000000.0,A
007811,JOAO FORTES ENGENHARIA S.A. - EM RECUPERAÇÃO JUDICIAL,2016-12-31,-457759000.0,A
007870,KEPLER WEBER S.A.,2016-12-31,-22124000.0,A
008087,LOJAS AMERICANAS S.A.,2016-12-31,27828000.0,A
008133,LOJAS RENNER S.A.,2016-12-31,625058000.0,A
008192,TREVISA INVESTIMENTOS S.A.,2016-12-31,8991000.0,A
008397,MANGELS INDUSTRIAL S.A.,2016-12-31,4598000.0,A
008427,MANUFATURA DE BRINQUEDOS ESTRELA S.A.,2016-12-31,-62480000.0,A
008451,MARCOPOLO S.A.,2016-12-31,222546000.0,A
008575,MAHLE-METAL LEVE S.A.,2016-12-31,4149000.0,A
008656,METALURGICA GERDAU S.A.,2016-12-31,-3165249000.0,A
008672,IGUATEMI S.A.,2016-12-31,90501000.0,A
008745,METANOR SA METANOL DO NE,2016-12-31,-26720000.0,A
008753,METISA METALURGICA TIMBOENSE S.A.,2016-12-31,13436291.0,A
008893,MONTEIRO ARANHA S.A.,2016-12-31,212375000.0,A
009040,NADIR FIGUEIREDO IND E COM S.A.,2016-12-31,32065000.0,A
009067,SUZANO HOLDING S.A.,2016-12-31,1682455000.0,A
009342,DIMED S.A. DISTRIBUIDORA DE MEDICAMENTOS,2016-12-31,53059000.0,A
009393,PARANAPANEMA S.A. - EM RECUPERAÇÃO JUDICIAL,2016-12-31,-373168000.0,A
009512,PETROLEO BRASILEIRO S.A. PETROBRAS,2016-12-31,-13045000000.0,A
009539,PETTENATI S.A. INDUSTRIA TEXTIL,2016-06-30,21544864.0,A
009989,REFINARIA DE PETROLEOS MANGUINHOS S.A.,2016-12-31,-565113000.0,A
010456,ALPARGATAS S.A.,2016-12-31,358473000.0,A
010472,SARAIVA LIVREIROS S.A. - EM RECUPERAÇÃO JUDICIAL,2016-12-31,-49823000.0,A
010880,SONDOTECNICA ENGENHARIA SOLOS S.A.,2016-12-31,-5539000.0,A
010960,SPRINGER S.A.,2016-12-31,-2446000.0,A
011070,WLM PART. E COMÉRCIO DE MÁQUINAS E VEÍCULOS S.A.,2016-12-31,-19012000.0,A
011207,TECNOSOLO ENGENHARIA S.A. - EMPRESA FALIDA,2016-12-31,-635000.0,A
011223,TEKA-TECELAGEM KUEHNRICH S.A. - EM RECUPERAÇÃO JUDICIAL,2016-12-31,-133952000.0,A
011231,TEKNO S.A. - INDUSTRIA E COMERCIO,2016-12-31,-16818000.0,A
011258,TELEC BRASILEIRAS S.A. TELEBRAS,2016-12-31,-270883000.0,A
011312,OI S.A. - EM RECUPERAÇÃO JUDICIAL,2016-12-31,-7121116000.0,A
011398,TRONOX PIGMENTOS DO BRASIL S.A.,2016-12-31,83999000.0,A
011592,UNIPAR CARBOCLORO S.A.,2016-12-31,280836000.0,A
011762,VULCABRAS S.A.,2016-12-31,35695000.0,A
011932,IOCHPE MAXION S.A.,2016-12-31,89130000.0,A
011975,AZEVEDO E TRAVASSOS S.A.,2016-12-31,-39779000.0,A
011991,WETZEL S.A.,2016-12-31,-21138000.0,A
012190,BOMBRIL S.A.,2016-12-31,59068000.0,A
012262,JPSP INVESTIMENTOS E PARTICIPAÇÕES S/A,2016-12-31,-58042000.0,A
012319,BLUE TECH SOLUTIONS EQI S.A.,2016-12-31,-41750000.0,A
012530,ITAUTEC S.A. - GRUPO ITAUTEC,2016-12-31,-14775000.0,A
012572,RECRUSUL S.A.,2016-12-31,-29823000.0,A
012653,KLABIN S.A.,2016-12-31,2481946000.0,A
012696,SANSUY S.A. INDUSTRIA DE PLASTICOS,2016-12-31,-140902000.0,A
012793,FIBRIA CELULOSE S.A.,2016-12-31,1663616000.0,A
012823,SIDERURGICA J. L. ALIPERTI S.A.,2016-12-31,-14745000.0,A
013030,CONSTRUTORA SULTEPA S.A. - EM RECUPERAÇÃO JUDICIAL,2016-12-31,29834000.0,A
013285,JOSAPAR-JOAQUIM OLIVEIRA S.A. - PARTICIP,2016-12-31,35851000.0,A
013366,HAGA S.A. INDUSTRIA E COMERCIO,2016-12-31,3270468.0,A
013471,PLASCAR PARTICIPACOES INDUSTRIAIS S.A.,2016-12-31,-252112000.0,A
013765,MINUPAR PARTICIPACOES S.A.,2016-12-31,-13332000.0,A
013773,PBG S/A,2016-12-31,2142000.0,A
013781,SAO CARLOS EMPREEND E PARTICIPACOES S.A.,2016-12-31,76866000.0,A
013986,SUZANO S.A.,2016-12-31,1691998000.0,A
014109,RANDON S.A. IMPLEMENTOS E PARTICIPACOES,2016-12-31,-11366000.0,A
014133,TEC TOY S.A.,2016-12-31,-8850000.0,A
014206,BRB BANCO DE BRASILIA S.A.,2016-12-31,170443000.0,A
014311,CIA PARANAENSE DE ENERGIA - COPEL,2016-12-31,947790000.0,A
014320,USINAS SID DE MINAS GERAIS S.A.-USIMINAS,2016-12-31,-576843000.0,A
014346,WHIRLPOOL S.A.,2016-12-31,316740000.0,A
014451,COMPANHIA ENERGÉTICA DE BRASÍLIA - CEB,2016-12-31,133693000.0,A
014460,CYRELA BRAZIL REALTY S.A.EMPREEND E PART,2016-12-31,244620000.0,A
014664,SCHULZ S.A.,2016-12-31,30650000.0,A
014761,CIA HERING,2016-12-31,199417000.0,A
014826,CIA BRASILEIRA DE DISTRIBUICAO,2016-12-31,-1076000000.0,A
015083,KOSMOS COMÉRCIO DE VESTUÁRIO S/A - EM RECUPERAÇÃO JUDICIAL,2016-12-31,5301000.0,A
015091,LITEL PARTICIPACOES S.A.,2016-12-31,2635713000.0,A
015253,ENERGISA S.A.,2016-12-31,195786000.0,A
015458,EMBPAR PARTICIPAÇÕES S/A,2016-12-31,2201000.0,A
015539,NEOENERGIA S.A.,2016-12-31,354303000.0,A
016101,GAFISA S.A.,2016-12-31,-1161725000.0,A
016233,BELAPART SA,2016-12-31,-2940000.0,A
016292,BRF S.A.,2016-12-31,-367339000.0,A
016306,ROSSI RESIDENCIAL S.A. - EM RECUPERAÇÃO JUDICIAL,2016-12-31,-528492000.0,A
016497,EMPRESA NAC COM REDITO PART S.A.ENCORPAR,2016-12-31,-85322000.0,A
016632,DEXXOS PARTICIPAÇÕES S.A.,2016-12-31,57957000.0,A
016659,PORTO SEGURO S.A.,2016-12-31,911346000.0,A
016993,EMAE - EMPRESA METROP.AGUAS ENERGIA S.A.,2016-12-31,54980000.0,A
017329,ENGIE BRASIL ENERGIA S.A.,2016-12-31,1548301000.0,A
017418,TELINVEST S.A.,2016-12-31,-1300000.0,A
017450,RUMO S.A.,2016-12-31,-1052572000.0,A
017493,CAPITALPART PARTICIPACOES S.A.,2016-12-31,-628897.0,A
017558,INNCORP S.A.,2016-12-31,-420636.0,A
017639,TIM PARTICIPACOES S.A.,2016-12-31,750427000.0,A
017671,TELEFÔNICA BRASIL S.A,2016-12-31,4085242000.0,A
017892,SANTOS BRASIL PARTICIPACOES S.A.,2016-12-31,-19910000.0,A
017914,MASSA FALIDA DA MMX MINERACAO E METALICOS S.A.,2016-12-31,412821000.0,A
017973,COGNA EDUCAÇÃO S.A.,2016-12-31,1864635000.0,A
018287,VIRGO II COMPANHIA DE SECURITIZACAO,2016-12-31,7195000.0,A
018368,RIO PARANAPANEMA ENERGIA S.A.,2016-12-31,361040000.0,A
018376,CTEEP - CIA TRANSMISSÃO ENERGIA ELÉTRICA PAULISTA,2016-12-31,4949334000.0,A
018414,PADTEC HOLDING S.A.,2016-12-31,119079000.0,A
018465,ULTRAPAR PARTICIPACOES S.A.,2016-12-31,1570618000.0,A
018660,CPFL ENERGIA S.A.,2016-12-31,879057000.0,A
018708,CIA PARTICIPACOES ALIANCA DA BAHIA,2016-12-31,67268000.0,A
018724,BRADESPAR S.A.,2016-12-31,629323000.0,A
018775,INVESTIMENTOS E PARTICIP. EM INFRA S.A. - INVEPAR,2016-12-31,-222545000.0,A
018821,CCR S.A.,2016-12-31,1637447000.0,A
018953,CPFL GERACAO DE ENERGIA S.A.,2016-12-31,374458000.0,A
018970,AES TIETE ENERGIA SA,2016-12-31,358533000.0,A
019062,ANDRADE GUTIERREZ PARTICIPACOES S.A.,2016-12-31,-169048000.0,A
019100,ATMA PARTICIPAÇÕES S.A. - EM RECUPERAÇÃO JUDICIAL,2016-12-31,-73935000.0,A
019305,BIOMM S.A.,2016-12-31,-45608000.0,A
019313,AES ELPA S.A.,2016-12-31,225146000.0,A
019330,TPI - TRIUNFO PARTICIP. E INVEST. S.A.,2016-12-31,-334651000.0,A
019348,ITAU UNIBANCO HOLDING S.A.,2016-12-31,23582000000.0,A
019437,ANDRADE GUTIERREZ CONCESSOES S.A.,2016-12-31,86884000.0,A
019445,CIA SANEAMENTO DE MINAS GERAIS-COPASA MG,2016-12-31,434161000.0,A
019453,ECORODOVIAS INFRAESTRUTURA E LOGÍSTICA S.A.,2016-12-31,-949134000.0,A
019550,NATURA COSMETICOS S.A.,2016-12-31,308238000.0,A
019569,GOL LINHAS AEREAS INTELIGENTES S.A.,2016-12-31,1102364000.0,A
019615,GRENDENE S.A.,2016-12-31,633955000.0,A
019623,DIAGNOSTICOS DA AMERICA S.A.,2016-12-31,95205000.0,A
019658,POMIFRUTAS S/A EM RECUPERACAO JUDICIAL,2016-12-31,-18368000.0,A
019739,LOCALIZA RENT A CAR S.A.,2016-12-31,409315000.0,A
019763,EDP - ENERGIAS DO BRASIL S.A.,2016-12-31,830955000.0,A
019771,ARTERIS S.A.,2016-12-31,259570000.0,A
019836,COSAN S.A.,2016-12-31,1390087000.0,A
019879,LIGHT S.A. - EM RECUPERAÇÃO JUDICIAL,2016-12-31,-312937000.0,A
019909,BR MALLS PARTICIPACOES S.A.,2016-12-31,215416000.0,A
019925,BR PROPERTIES S.A.,2016-12-31,30579000.0,A
019992,TOTVS S.A.,2016-12-31,152269000.0,A
020010,EQUATORIAL ENERGIA S.A.,2016-12-31,873126000.0,A
020028,VALID SOLUÇÕES S.A.,2016-12-31,88395000.0,A
020036,BRASILAGRO - CIA BRAS DE PROP AGRICOLAS,2016-06-30,10572000.0,A
020060,LUPATECH S.A,2016-12-31,7370000.0,A
020087,EMBRAER S.A.,2016-12-31,591811000.0,A
020125,ODONTOPREV S.A.,2016-12-31,216050000.0,A
020141,CREMER SA,2016-12-31,8193000.0,A
020184,CCX CARVÃO DA COLÔMBIA S.A. - EM LIQUIDAÇÃO,2016-12-31,-302735000.0,A
020257,TRANSMISSORA ALIANÇA DE ENERGIA ELÉTRICA S.A.,2016-12-31,862066000.0,A
020320,CEMIG GERACAO E TRANSMISSAO S.A.,2016-12-31,69868000.0,A
020338,M.DIAS BRANCO S.A. IND COM DE ALIMENTOS,2016-12-31,784399000.0,A
020346,PROFARMA DISTRIB PROD FARMACEUTICOS S.A.,2016-12-31,-48963000.0,A
020354,TERRA SANTA AGRO S.A.,2016-12-31,-148078000.0,A
020362,POSITIVO TECNOLOGIA S.A.,2016-12-31,8838000.0,A
020370,LPS BRASIL - CONSULTORIA DE IMOVEIS S.A.,2016-12-31,-30370000.0,A
020435,TECNISA S.A.,2016-12-31,-456443000.0,A
020451,RNI NEGÓCIOS IMOBILIÁRIOS S.A.,2016-12-31,-75271000.0,A
020478,PDG REALTY S.A. EMPREEND E PARTICIPACOES,2016-12-31,-5430942000.0,A
020494,IGUATEMI EMPRESA DE SHOPPING CENTERS S.A,2016-12-31,164195000.0,A
020516,SAO MARTINHO S.A.,2016-03-31,194331000.0,A
020524,EVEN CONSTRUTORA E INCORPORADORA S.A.,2016-12-31,39892000.0,A
020532,BCO SANTANDER (BRASIL) S.A.,2016-12-31,7464918000.0,A
020540,CPFL ENERGIAS RENOVÁVEIS S.A.,2016-12-31,-143706000.0,A
020567,BCO PINE S.A,2016-12-31,-28514000.0,A
020575,JBS S.A.,2016-12-31,707498000.0,A
020605,JHSF PARTICIPACOES S.A.,2016-12-31,-250578000.0,A
020613,METALFRIO SOLUTIONS S.A.,2016-12-31,30548000.0,A
020630,FICA EMPREENDIMENTOS IMOBILIÁRIOS S.A.,2016-12-31,-51180000.0,A
020702,VIVER INCORPORADORA E CONSTRUTORA S.A.,2016-12-31,-348597000.0,A
020710,LOG-IN LOGISTICA INTERMODAL S.A.,2016-12-31,94064000.0,A
020745,SLC AGRICOLA S.A.,2016-12-31,15641000.0,A
020770,EZ TEC EMPREEND. E PARTICIPACOES S.A.,2016-12-31,232282000.0,A
020788,MARFRIG GLOBAL FOODS S.A.,2016-12-31,-632767000.0,A
020796,BCO DAYCOVAL S.A.,2016-12-31,414267000.0,A
020800,TEGMA GESTAO LOGISTICA S.A.,2016-12-31,13826000.0,A
020818,VIRGO COMPANHIA DE SECURITIZAÇÃO,2016-12-31,-594913.0,A
020842,MAGNESITA REFRATARIOS S.A.,2016-12-31,453947000.0,A
020877,HELBOR EMPREENDIMENTOS S.A.,2016-12-31,-103207000.0,A
020885,BCO INDUSVAL S.A.,2016-12-31,-113915000.0,A
020915,MRV ENGENHARIA E PARTICIPACOES S.A.,2016-12-31,574404000.0,A
020931,MINERVA S.A.,2016-12-31,195035000.0,A
020958,BCO ABC BRASIL S.A.,2016-12-31,391716000.0,A
020966,SPRINGS GLOBAL PARTICIPACOES S.A.,2016-12-31,-6341000.0,A
020982,MULTIPLAN - EMPREEND IMOBILIARIOS S.A.,2016-12-31,311802000.0,A
020990,AMERICANAS S.A. - EM RECUPERAÇÃO JUDICIAL,2016-12-31,-485901000.0,A
021008,GENERAL SHOPPING E OUTLETS DO BRASIL BRASIL S.A.,2016-12-31,183379000.0,A
021016,YDUQS PARTICIPACOES S.A.,2016-12-31,368102000.0,A
021032,ALGAR TELECOM S/A,2016-12-31,183578000.0,A
021040,SYN PROP & TECH S.A.,2016-12-31,14360000.0,A
021067,MOURA DUBEUX ENGENHARIA S/A,2016-12-31,-119526000.0,A
021091,DEXCO S.A.,2016-12-31,26229000.0,A
021121,SUL AMERICA S.A.,2016-12-31,698421000.0,A
021130,TRISUL S.A.,2016-12-31,2866000.0,A
021148,CONSTRUTORA TENDA S.A.,2016-12-31,47269000.0,A
021156,J. MACEDO S.A.,2016-12-31,69341000.0,A
021180,NEXPE PARTICIPAÇÕES S.A,2016-12-31,-127728000.0,A
021199,BCO PAN S.A.,2016-12-31,-146172000.0,A
021202,VIX LOGÍSTICA S.A.,2016-12-31,47989000.0,A
021237,ENEVA S.A,2016-12-31,-111139000.0,A
021300,ALIANSCE SHOPPING CENTERS S.A.,2016-12-31,-9869000.0,A
021334,NUTRIPLANT INDUSTRIA E COMERCIO S.A.,2016-12-31,-14718000.0,A
021342,OSX BRASIL S.A. - EM RECUPERAÇÃO JUDICIAL,2016-12-31,-1445855000.0,A
021350,DIRECIONAL ENGENHARIA S.A.,2016-12-31,-1397000.0,A
021393,CIA CELG DE PARTICIPACOES - CELGPAR,2016-12-31,1444026000.0,A
021431,HYPERA S.A.,2016-12-31,1174574000.0,A
021440,VESTE S.A. ESTILO,2016-12-31,-61642000.0,A
021466,BANCO RCI BRASIL S.A.,2016-12-31,78509000.0,A
021482,PRUMO LOGISTICA SA,2016-12-31,-237036000.0,A
021490,ALUPAR INVESTIMENTO S/A,2016-12-31,689725000.0,A
021520,MULTINER S/A,2016-12-31,-314978.0,A
021555,LOCAMÉRICA RENT-A-CAR S.A.,2016-12-31,46869000.0,A
021601,BASEL PARTICIPAÇÕES S/A,2016-12-31,-16239000.0,A
021610,"B3 S.A. - BRASIL, BOLSA, BALCÃO",2016-12-31,1446064000.0,A
021636,RENOVA ENERGIA S.A. - EM RECUPERAÇÃO JUDICIAL,2016-12-31,-1101472000.0,A
021709,CIA MINEIRA DE AÇUCAR E ALCOOL PARTICIPAÇÕES,2016-03-31,-87187000.0,A
021717,TARPON INVESTIMENTOS S.A.,2016-12-31,6320000.0,A
021725,ADVANCED DIGITAL HEALTH MEDICINA PREVENTIVA S.A.,2016-12-31,-1817000.0,A
021733,CIELO S.A. -  INSTITUIÇÃO DE PAGAMENTO,2016-12-31,4183496000.0,A
021792,CETIP S.A. - BALCÃO ORGANIZADO DE ATIVOS E DERIVATIVOS,2016-12-31,572628000.0,A
021881,FLEURY S.A.,2016-12-31,228749000.0,A
021903,ECORODOVIAS CONCESSÕES E SERVIÇOS S.A.,2016-12-31,523673000.0,A
022020,JSL S.A.,2016-12-31,-183174000.0,A
022055,MARISA LOJAS S.A.,2016-12-31,-88006000.0,A
022136,TEREOS INTERNACIONAL S/A,2016-03-31,-160000000.0,A
022144,CONCESSÃO METROVIÁRIA DO RIO DE JANEIRO S.A.,2016-12-31,31705000.0,A
022187,PRIO S.A.,2016-12-31,241622000.0,A
022217,ALPER CONSULTORIA E CORRETORA DE SEGUROS S.A.,2016-12-31,-93506000.0,A
022349,AZZAS 2154 S.A.,2016-12-31,116149000.0,A
022357,ALLOS S.A.,2016-12-31,247777000.0,A
022365,ENAUTA PARTICIPAÇÕES S.A.,2016-12-31,152898000.0,A
022454,T4F ENTRETENIMENTO S.A.,2016-12-31,26025000.0,A
022470,MAGAZINE LUIZA S.A.,2016-12-31,86565000.0,A
022497,QUALICORP CONSULTORIA E CORRETORA DE SEGUROS S.A.,2016-12-31,420577000.0,A
022500,MASSA FALIDA DA BRASIL PHARMA S.A.,2016-12-31,-634341000.0,A
022519,TECHNOS S.A.,2016-12-31,-1936000.0,A
022551,SOMOS EDUCAÇÃO S.A.,2016-12-31,-74487000.0,A
022560,INBRANDS S.A.,2016-12-31,-96635000.0,A
022586,MLOG S.A.,2016-12-31,693480000.0,A
022594,STATKRAFT ENERGIAS RENOVAVEIS S.A.,2016-12-31,-15544000.0,A
022616,BCO BTG PACTUAL S.A.,2016-12-31,4714958000.0,A
022667,NAOMI PARTICIPAÇÕES S.A.,2016-12-31,-357000.0,A
022675,HIDROVIAS DO BRASIL S.A.,2016-12-31,-88901000.0,A
022780,UNICASA INDÚSTRIA DE MÓVEIS S.A.,2016-12-31,-24264000.0,A
022799,SINQIA S.A.,2016-12-31,8282000.0,A
022810,ELDORADO BRASIL CELULOSE S.A.,2016-12-31,288387000.0,A
022829,CIMENTO TUPI S.A.,2016-12-31,-29082000.0,A
022845,BIOSEV S.A.,2016-03-31,-272657000.0,A
022942,MGI - MINAS GERAIS PARTICIPAÇÕES S.A.,2016-12-31,-133435000.0,A
023000,LIGHT ENERGIA S.A.,2016-12-31,-173938000.0,A
023035,LINX S.A.,2016-12-31,68501000.0,A
023140,SMILES S.A.,2016-12-31,548273000.0,A
023159,BB SEGURIDADE PARTICIPAÇÕES S.A.,2016-12-31,4013852000.0,A
023175,IGUA SANEAMENTO S.A.,2016-12-31,-83854000.0,A
023221,SER EDUCACIONAL S.A.,2016-12-31,230448000.0,A
023230,RAIZEN ENERGIA S.A.,2016-03-31,1185644000.0,A
023248,ANIMA HOLDING S.A.,2016-12-31,20845000.0,A
023264,AMBEV S.A.,2016-12-31,13083397000.0,A
023272,LOG COMMERCIAL PROPERTIES E PARTICIPAÇÕES,2016-12-31,35656000.0,A
023280,UNIDAS LOCAÇÕES E SERVIÇOS S.A.,2016-12-31,8933000.0,A
023302,QUALITY SOFTWARE S.A.,2016-12-31,3765314.0,A
023310,CVC BRASIL OPERADORA E AGÊNCIA DE VIAGENS S.A.,2016-12-31,197209000.0,A
023396,AEGEA SANEAMENTO E PARTICIPAÇÕES S.A.,2016-12-31,103129000.0,A
023426,SERENA GERAÇÃO S.A.,2016-12-31,26601000.0,A
023434,LIBRA TERMINAL RIO S.A. - EM RECUPERAÇÃO JUDICIAL,2016-12-31,-87073000.0,A
023485,COSAN LOGISTICA S.A.,2016-12-31,-733329000.0,A
023493,DOMMO ENERGIA S.A.,2016-12-31,-698949000.0,A
023507,OUROFINO S.A.,2016-12-31,-5351000.0,A
023531,CLARO TELECOM PARTICIPAÇÕES S.A.,2016-12-31,-1678437000.0,A
023574,INTERNATIONAL MEAL COMPANY ALIMENTACAO S.A.,2016-12-31,-76430000.0,A
023590,WIZ CO PARTICIPAÇÕES E CORRETAGEM DE SEGUROS S.A.,2016-12-31,148207000.0,A
023604,YOU INC INCORPORADORA E PARTICIPAÇÃO S.A,2016-12-31,-35791.0,A
023620,CBO HOLDING S.A.,2016-12-31,487415000.0,A
023710,BR HOME CENTERS S.A.,2016-12-31,-52959000.0,A
023728,PRÁTICA PARTICIPAÇÕES S/A,2016-12-31,3062000.0,A
023736,FORNO DE MINAS ALIMENTOS S.A.,2016-12-31,23121000.0,A
023795,CAIXA SEGURIDADE PARTICIPAÇÕES S.A.,2016-12-31,1089593000.0,A
023817,BRQ SOLUCOES EM INFORMATICA S.A.,2016-12-31,-4221000.0,A
023825,MOVIDA PARTICIPACOES SA,2016-12-31,39697000.0,A
023868,CONCEBRA - CONCESSIONARIA DAS RODOVIAS CENTRAIS DO BRASIL,2016-12-31,-29615.0,A
023930,BRASILIANA PARTICIPAÇÕES S/A,2016-12-31,225358000.0,A
023957,SUGOI S.A.,2016-12-31,7471000.0,A
023965,CINESYSTEM S.A.,2016-12-31,1517000.0,A
024058,ALLIANÇA SAÚDE E PARTICIPAÇÕES S.A.,2016-12-31,28767000.0,A
024090,INSTITUTO HERMES PARDINI S.A.,2016-12-31,102944000.0,A
024112,AZUL S.A.,2016-12-31,-126314000.0,A
024120,ARGO ENERGIA EMPREENDIMENTOS E PARTICIPAÇÕES S/A,2016-12-31,-710000.0,A
024171,ATACADÃO S.A.,2016-12-31,1363000000.0,A
024180,IRB - BRASIL RESSEGUROS S.A.,2016-12-31,849874000.0,A
024201,STARA S.A. - INDÚSTRIA DE IMPLEMENTOS AGRÍCOLAS,2016-12-31,24684000.0,A
024236,PRINER SERVIÇOS INDUSTRIAIS S.A.,2016-12-31,6269000.0,A
024260,SMARTFIT ESCOLA DE GINÁSTICA E DANÇA S.A.,2016-12-31,-21577000.0,A
024295,VIBRA ENERGIA S/A,2016-12-31,-315000000.0,A
024317,ZAMP SA,2016-12-31,-93456.0,A
024350,FLEX GESTÃO DE RELACIONAMENTOS S.A.-EM RECUPERAÇÃO JUDICIAL,2016-12-31,7539000.0,A
080020,"GP INVESTMENTS, LTD.",2016-12-31,194836000.0,A
080047,WILSON SONS LTD.,2016-12-31,293282000.0,A
080063,BCO PATAGONIA S.A.,2016-12-31,728842000.0,A
080071,COSAN LIMITED,2016-12-31,459023000.0,A
080110,DUFRY A.G.,2016-12-31,103440000.0,A
080160,BANCO SANTANDER S.A.,2016-12-31,28678000000.0,A
080179,BIOTOSCANA INVESTMENTS S.A.,2016-12-31,47224856.0,A
000094,PANATLANTICA S.A.,2017-12-31,17292000.0,A
000701,BAHEMA EDUCAÇÃO S.A.,2017-12-31,-4021000.0,A
000906,BCO BRADESCO S.A.,2017-12-31,17314603000.0,A
001023,BCO BRASIL S.A.,2017-12-31,12275303000.0,A
001155,BANESTES S.A. - BCO EST ESPIRITO SANTO,2017-12-31,167367000.0,A
001210,BCO ESTADO DO RIO GRANDE DO SUL S.A.,2017-12-31,1095506000.0,A
001325,BCO MERCANTIL DO BRASIL S.A.,2017-12-31,49382000.0,A
001384,BCO ALFA DE INVESTIMENTO S.A.,2017-12-31,49685000.0,A
001520,BARDELLA S.A. INDUSTRIAS MECANICAS EM RECUPERAÇÃO JUDICIAL,2017-12-31,-97755000.0,A
001562,BAUMER S.A.,2017-12-31,462000.0,A
001597,PARTICIPAÇÕES INDUST. DO NORDESTE S.A.,2017-12-31,10176000.0,A
001694,BICICLETAS MONARK S.A.,2017-12-31,8134000.0,A
002100,CAMBUCI S.A.,2017-12-31,44774000.0,A
002429,IRANI PAPEL E EMBALAGEM S.A.,2017-12-31,-108173000.0,A
002437,CENTRAIS ELET BRAS S.A. - ELETROBRAS,2017-12-31,-1725691000.0,A
002453,CIA ENERGETICA DE MINAS GERAIS - CEMIG,2017-12-31,1001596000.0,A
002461,CENTRAIS ELET DE SANTA CATARINA S.A.,2017-12-31,66485000.0,A
003069,CIA FERRO LIGAS DA BAHIA - FERBASA,2017-12-31,270262000.0,A
003077,CIA FIACAO TECIDOS CEDRO CACHOEIRA,2017-12-31,86222000.0,A
003115,CIA SEGUROS ALIANCA DA BAHIA,2017-12-31,20205000.0,A
003158,CIA TECIDOS NORTE DE MINAS COTEMINAS,2017-12-31,69045000.0,A
003190,REDE ENERGIA PARTICIPAÇÕES S.A.,2017-12-31,116997000.0,A
003204,CPFL TRANSMISSÃO S.A.,2017-12-31,391725000.0,A
003298,CIA HABITASUL DE PARTICIPACOES,2017-12-31,-117268000.0,A
003328,CIA HIDRO ELÉTRICA DO SÃO FRANCISCO,2017-12-31,1044049000.0,A
003395,CIA INDUSTRIAL CATAGUASES,2017-12-31,-11059000.0,A
003549,CIA INDUSTRIAL SCHLOSSER S.A.,2017-12-31,-8875000.0,A
003654,CIA MELHORAMENTOS DE SAO PAULO,2017-12-31,38137000.0,A
003980,GERDAU S.A.,2017-12-31,-338667000.0,A
004030,CIA SIDERURGICA NACIONAL,2017-12-31,111229000.0,A
004081,CIA TECIDOS SANTANENSE,2017-12-31,19944000.0,A
004146,KARSTEN S.A.,2017-12-31,-525000.0,A
004170,VALE S.A.,2017-12-31,17669992000.0,A
004448,COBRASMA S.A.,2017-12-31,-954878000.0,A
004537,GRAZZIOTIN S.A.,2017-12-31,61400438.0,A
004669,GUARARAPES CONFECCOES S.A.,2017-12-31,570327000.0,A
004707,CONSORCIO ALFA DE ADMINISTRACAO S.A.,2017-12-31,84603000.0,A
004723,CONSTRUTORA ADOLPHO LINDENBERG S.A.,2017-12-31,4605000.0,A
004774,CONSTRUTORA LIX DA CUNHA S.A.,2017-12-31,-21776000.0,A
004820,BRASKEM S.A.,2017-12-31,4133321000.0,A
004863,CORREA RIBEIRO S.A. COMERCIO E INDUSTRIA,2017-12-31,-1738000.0,A
005207,DOHLER S.A.,2017-12-31,34166000.0,A
005258,RAIA DROGASIL S.A.,2017-12-31,512653000.0,A
005312,MUNDIAL S.A. - PRODUTOS DE CONSUMO,2017-12-31,-79160000.0,A
005410,WEG S.A.,2017-12-31,1140942000.0,A
005762,ETERNIT S.A. - EM RECUPERAÇÃO JUDICIAL,2017-12-31,-276389000.0,A
005770,EUCATEX S.A. INDUSTRIA E COMERCIO,2017-12-31,41937000.0,A
005983,FIACAO E TECELAGEM SAO JOSE SA EM RECUPERACAO JUDICIAL,2017-12-31,-6014000.0,A
006173,TAURUS ARMAS S.A.,2017-12-31,-286028000.0,A
006211,FRAS-LE S.A.,2017-12-31,64160000.0,A
006343,TUPY S.A.,2017-12-31,153401000.0,A
006505,GRUPO CASAS BAHIA S.A.,2017-12-31,195000000.0,A
006700,HOTEIS OTHON S.A. - EM RECUPERAÇÃO JUDICIAL,2017-12-31,-40115000.0,A
006815,IGB ELETRONICA S.A - EM RECUPERACAO JUDICIAL,2017-12-31,44003000.0,A
007510,ROMI S.A.,2017-12-31,37954000.0,A
007544,TEXTIL RENAUXVIEW S.A.,2017-12-31,96717000.0,A
007595,INEPAR S.A. INDUSTRIA E CONSTRUCOES EM RECUPERACAO JUDICIAL,2017-12-31,-316170000.0,A
007617,ITAÚSA S.A.,2017-12-31,8522000000.0,A
007811,JOAO FORTES ENGENHARIA S.A. - EM RECUPERAÇÃO JUDICIAL,2017-12-31,-462882000.0,A
007870,KEPLER WEBER S.A.,2017-12-31,-34257000.0,A
008087,LOJAS AMERICANAS S.A.,2017-12-31,81234000.0,A
008133,LOJAS RENNER S.A.,2017-12-31,732679000.0,A
008192,TREVISA INVESTIMENTOS S.A.,2017-12-31,3885000.0,A
008397,MANGELS INDUSTRIAL S.A.,2017-12-31,-24319000.0,A
008427,MANUFATURA DE BRINQUEDOS ESTRELA S.A.,2017-12-31,-43580000.0,A
008451,MARCOPOLO S.A.,2017-12-31,82112000.0,A
008575,MAHLE-METAL LEVE S.A.,2017-12-31,224685000.0,A
008656,METALURGICA GERDAU S.A.,2017-12-31,-404612000.0,A
008672,IGUATEMI S.A.,2017-12-31,185306000.0,A
008745,METANOR SA METANOL DO NE,2017-12-31,4997000.0,A
008753,METISA METALURGICA TIMBOENSE S.A.,2017-12-31,13142924.0,A
008893,MONTEIRO ARANHA S.A.,2017-12-31,143711000.0,A
009040,NADIR FIGUEIREDO IND E COM S.A.,2017-12-31,57510000.0,A
009067,SUZANO HOLDING S.A.,2017-12-31,1782887000.0,A
009342,DIMED S.A. DISTRIBUIDORA DE MEDICAMENTOS,2017-12-31,59798000.0,A
009393,PARANAPANEMA S.A. - EM RECUPERAÇÃO JUDICIAL,2017-12-31,-135770000.0,A
009512,PETROLEO BRASILEIRO S.A. PETROBRAS,2017-12-31,377000000.0,A
009539,PETTENATI S.A. INDUSTRIA TEXTIL,2017-06-30,38640610.0,A
009989,REFINARIA DE PETROLEOS MANGUINHOS S.A.,2017-12-31,-236025000.0,A
010456,ALPARGATAS S.A.,2017-12-31,350562000.0,A
010472,SARAIVA LIVREIROS S.A. - EM RECUPERAÇÃO JUDICIAL,2017-12-31,-52012000.0,A
010880,SONDOTECNICA ENGENHARIA SOLOS S.A.,2017-12-31,3209000.0,A
010960,SPRINGER S.A.,2017-12-31,-21061000.0,A
011070,WLM PART. E COMÉRCIO DE MÁQUINAS E VEÍCULOS S.A.,2017-12-31,-6702000.0,A
011207,TECNOSOLO ENGENHARIA S.A. - EMPRESA FALIDA,2017-12-31,-14563000.0,A
011223,TEKA-TECELAGEM KUEHNRICH S.A. - EM RECUPERAÇÃO JUDICIAL,2017-12-31,-168359000.0,A
011231,TEKNO S.A. - INDUSTRIA E COMERCIO,2017-12-31,-15704000.0,A
011312,OI S.A. - EM RECUPERAÇÃO JUDICIAL,2017-12-31,-6656162000.0,A
011592,UNIPAR CARBOCLORO S.A.,2017-12-31,306264000.0,A
011762,VULCABRAS S.A.,2017-12-31,188939000.0,A
011932,IOCHPE MAXION S.A.,2017-12-31,80209000.0,A
011975,AZEVEDO E TRAVASSOS S.A.,2017-12-31,-84264000.0,A
011991,WETZEL S.A.,2017-12-31,6399000.0,A
012190,BOMBRIL S.A.,2017-12-31,126824000.0,A
012319,BLUE TECH SOLUTIONS EQI S.A.,2017-12-31,-1437000.0,A
012530,ITAUTEC S.A. - GRUPO ITAUTEC,2017-12-31,-22631000.0,A
012572,RECRUSUL S.A.,2017-12-31,-36911000.0,A
012653,KLABIN S.A.,2017-12-31,532169000.0,A
012696,SANSUY S.A. INDUSTRIA DE PLASTICOS,2017-12-31,-163632000.0,A
012793,FIBRIA CELULOSE S.A.,2017-12-31,1093344000.0,A
012823,SIDERURGICA J. L. ALIPERTI S.A.,2017-12-31,-26973000.0,A
013030,CONSTRUTORA SULTEPA S.A. - EM RECUPERAÇÃO JUDICIAL,2017-12-31,-43882000.0,A
013285,JOSAPAR-JOAQUIM OLIVEIRA S.A. - PARTICIP,2017-12-31,25306000.0,A
013366,HAGA S.A. INDUSTRIA E COMERCIO,2017-12-31,-1405676.0,A
013471,PLASCAR PARTICIPACOES INDUSTRIAIS S.A.,2017-12-31,-72025000.0,A
013765,MINUPAR PARTICIPACOES S.A.,2017-12-31,-25363000.0,A
013773,PBG S/A,2017-12-31,64170000.0,A
013781,SAO CARLOS EMPREEND E PARTICIPACOES S.A.,2017-12-31,120117000.0,A
013986,SUZANO S.A.,2017-12-31,1807433000.0,A
014109,RANDON S.A. IMPLEMENTOS E PARTICIPACOES,2017-12-31,104736000.0,A
014133,TEC TOY S.A.,2017-12-31,-21539000.0,A
014206,BRB BANCO DE BRASILIA S.A.,2017-12-31,219070000.0,A
014311,CIA PARANAENSE DE ENERGIA - COPEL,2017-12-31,1118255000.0,A
014320,USINAS SID DE MINAS GERAIS S.A.-USIMINAS,2017-12-31,315080000.0,A
014346,WHIRLPOOL S.A.,2017-12-31,427646000.0,A
014451,COMPANHIA ENERGÉTICA DE BRASÍLIA - CEB,2017-12-31,177233000.0,A
014460,CYRELA BRAZIL REALTY S.A.EMPREEND E PART,2017-12-31,-10539000.0,A
014664,SCHULZ S.A.,2017-12-31,40120000.0,A
014761,CIA HERING,2017-12-31,263781000.0,A
014826,CIA BRASILEIRA DE DISTRIBUICAO,2017-12-31,865000000.0,A
015083,KOSMOS COMÉRCIO DE VESTUÁRIO S/A - EM RECUPERAÇÃO JUDICIAL,2017-12-31,-85373000.0,A
015091,LITEL PARTICIPACOES S.A.,2017-12-31,2730423000.0,A
015253,ENERGISA S.A.,2017-12-31,572582000.0,A
015423,ATOM EMPREENDIMENTOS E PARTICIPAÇÕES S.A.,2017-12-31,4065000.0,A
015458,EMBPAR PARTICIPAÇÕES S/A,2017-12-31,-1356000.0,A
015539,NEOENERGIA S.A.,2017-12-31,451529000.0,A
016101,GAFISA S.A.,2017-12-31,-850137000.0,A
016292,BRF S.A.,2017-12-31,-1098854000.0,A
016306,ROSSI RESIDENCIAL S.A. - EM RECUPERAÇÃO JUDICIAL,2017-12-31,-350753000.0,A
016497,EMPRESA NAC COM REDITO PART S.A.ENCORPAR,2017-12-31,46156000.0,A
016632,DEXXOS PARTICIPAÇÕES S.A.,2017-12-31,114455000.0,A
016659,PORTO SEGURO S.A.,2017-12-31,1098238000.0,A
016993,EMAE - EMPRESA METROP.AGUAS ENERGIA S.A.,2017-12-31,119146000.0,A
017329,ENGIE BRASIL ENERGIA S.A.,2017-12-31,2004559000.0,A
017450,RUMO S.A.,2017-12-31,-258438000.0,A
017558,INNCORP S.A.,2017-12-31,-482823.0,A
017639,TIM PARTICIPACOES S.A.,2017-12-31,1234507000.0,A
017671,TELEFÔNICA BRASIL S.A,2017-12-31,4608790000.0,A
017892,SANTOS BRASIL PARTICIPACOES S.A.,2017-12-31,-5321000.0,A
017914,MASSA FALIDA DA MMX MINERACAO E METALICOS S.A.,2017-12-31,-27799000.0,A
017973,COGNA EDUCAÇÃO S.A.,2017-12-31,1882316000.0,A
018287,VIRGO II COMPANHIA DE SECURITIZACAO,2017-12-31,8009000.0,A
018368,RIO PARANAPANEMA ENERGIA S.A.,2017-12-31,243881000.0,A
018376,CTEEP - CIA TRANSMISSÃO ENERGIA ELÉTRICA PAULISTA,2017-12-31,1385460000.0,A
018414,PADTEC HOLDING S.A.,2017-12-31,22912000.0,A
018465,ULTRAPAR PARTICIPACOES S.A.,2017-12-31,1573868000.0,A
018660,CPFL ENERGIA S.A.,2017-12-31,1243042000.0,A
018708,CIA PARTICIPACOES ALIANCA DA BAHIA,2017-12-31,37147000.0,A
018724,BRADESPAR S.A.,2017-12-31,2328375000.0,A
018775,INVESTIMENTOS E PARTICIP. EM INFRA S.A. - INVEPAR,2017-12-31,-858497000.0,A
018821,CCR S.A.,2017-12-31,1782918000.0,A
018953,CPFL GERACAO DE ENERGIA S.A.,2017-12-31,645694000.0,A
018970,AES TIETE ENERGIA SA,2017-12-31,298277000.0,A
019062,ANDRADE GUTIERREZ PARTICIPACOES S.A.,2017-12-31,-314587000.0,A
019100,ATMA PARTICIPAÇÕES S.A. - EM RECUPERAÇÃO JUDICIAL,2017-12-31,-386383000.0,A
019305,BIOMM S.A.,2017-12-31,-38128000.0,A
019330,TPI - TRIUNFO PARTICIP. E INVEST. S.A.,2017-12-31,-16876000.0,A
019348,ITAU UNIBANCO HOLDING S.A.,2017-12-31,24268000000.0,A
019437,ANDRADE GUTIERREZ CONCESSOES S.A.,2017-12-31,160665000.0,A
019445,CIA SANEAMENTO DE MINAS GERAIS-COPASA MG,2017-12-31,560438000.0,A
019453,ECORODOVIAS INFRAESTRUTURA E LOGÍSTICA S.A.,2017-12-31,412331000.0,A
019550,NATURA COSMETICOS S.A.,2017-12-31,670251000.0,A
019569,GOL LINHAS AEREAS INTELIGENTES S.A.,2017-12-31,378209000.0,A
019615,GRENDENE S.A.,2017-12-31,660903000.0,A
019623,DIAGNOSTICOS DA AMERICA S.A.,2017-12-31,134458000.0,A
019658,POMIFRUTAS S/A EM RECUPERACAO JUDICIAL,2017-12-31,-20051000.0,A
019739,LOCALIZA RENT A CAR S.A.,2017-12-31,505676000.0,A
019763,EDP - ENERGIAS DO BRASIL S.A.,2017-12-31,688338000.0,A
019771,ARTERIS S.A.,2017-12-31,246946000.0,A
019836,COSAN S.A.,2017-12-31,1510530000.0,A
019879,LIGHT S.A. - EM RECUPERAÇÃO JUDICIAL,2017-12-31,124221000.0,A
019909,BR MALLS PARTICIPACOES S.A.,2017-12-31,-876151000.0,A
019925,BR PROPERTIES S.A.,2017-12-31,277017000.0,A
019992,TOTVS S.A.,2017-12-31,93258000.0,A
020010,EQUATORIAL ENERGIA S.A.,2017-12-31,1205083000.0,A
020028,VALID SOLUÇÕES S.A.,2017-12-31,27758000.0,A
020036,BRASILAGRO - CIA BRAS DE PROP AGRICOLAS,2017-06-30,27310000.0,A
020060,LUPATECH S.A,2017-12-31,-4102000.0,A
020087,EMBRAER S.A.,2017-12-31,847376000.0,A
020125,ODONTOPREV S.A.,2017-12-31,502830000.0,A
020141,CREMER SA,2017-12-31,14368000.0,A
020184,CCX CARVÃO DA COLÔMBIA S.A. - EM LIQUIDAÇÃO,2017-12-31,-5856000.0,A
020257,TRANSMISSORA ALIANÇA DE ENERGIA ELÉTRICA S.A.,2017-12-31,648285000.0,A
020320,CEMIG GERACAO E TRANSMISSAO S.A.,2017-12-31,428459000.0,A
020338,M.DIAS BRANCO S.A. IND COM DE ALIMENTOS,2017-12-31,844183000.0,A
020346,PROFARMA DISTRIB PROD FARMACEUTICOS S.A.,2017-12-31,-112720000.0,A
020354,TERRA SANTA AGRO S.A.,2017-12-31,7350000.0,A
020362,POSITIVO TECNOLOGIA S.A.,2017-12-31,-47551000.0,A
020370,LPS BRASIL - CONSULTORIA DE IMOVEIS S.A.,2017-12-31,-62526000.0,A
020435,TECNISA S.A.,2017-12-31,-531594000.0,A
020451,RNI NEGÓCIOS IMOBILIÁRIOS S.A.,2017-12-31,-93669000.0,A
020478,PDG REALTY S.A. EMPREEND E PARTICIPACOES,2017-12-31,160563000.0,A
020494,IGUATEMI EMPRESA DE SHOPPING CENTERS S.A,2017-12-31,218873000.0,A
020516,SAO MARTINHO S.A.,2017-03-31,283867000.0,A
020524,EVEN CONSTRUTORA E INCORPORADORA S.A.,2017-12-31,-343437000.0,A
020532,BCO SANTANDER (BRASIL) S.A.,2017-12-31,9138048000.0,A
020540,CPFL ENERGIAS RENOVÁVEIS S.A.,2017-12-31,19646000.0,A
020567,BCO PINE S.A,2017-12-31,-228383000.0,A
020575,JBS S.A.,2017-12-31,1025469000.0,A
020605,JHSF PARTICIPACOES S.A.,2017-12-31,-27270000.0,A
020613,METALFRIO SOLUTIONS S.A.,2017-12-31,-19852000.0,A
020630,FICA EMPREENDIMENTOS IMOBILIÁRIOS S.A.,2017-12-31,-4726000.0,A
020702,VIVER INCORPORADORA E CONSTRUTORA S.A.,2017-12-31,-119214000.0,A
020710,LOG-IN LOGISTICA INTERMODAL S.A.,2017-12-31,-606869000.0,A
020745,SLC AGRICOLA S.A.,2017-12-31,369262000.0,A
020770,EZ TEC EMPREEND. E PARTICIPACOES S.A.,2017-12-31,361465000.0,A
020788,MARFRIG GLOBAL FOODS S.A.,2017-12-31,-445237000.0,A
020796,BCO DAYCOVAL S.A.,2017-12-31,541485000.0,A
020800,TEGMA GESTAO LOGISTICA S.A.,2017-12-31,103763000.0,A
020818,VIRGO COMPANHIA DE SECURITIZAÇÃO,2017-12-31,2212378.0,A
020842,MAGNESITA REFRATARIOS S.A.,2017-12-31,-183102000.0,A
020877,HELBOR EMPREENDIMENTOS S.A.,2017-12-31,-309123000.0,A
020885,BCO INDUSVAL S.A.,2017-12-31,-206732000.0,A
020915,MRV ENGENHARIA E PARTICIPACOES S.A.,2017-12-31,700024000.0,A
020931,MINERVA S.A.,2017-12-31,-280683000.0,A
020958,BCO ABC BRASIL S.A.,2017-12-31,427417000.0,A
020966,SPRINGS GLOBAL PARTICIPACOES S.A.,2017-12-31,21624000.0,A
020982,MULTIPLAN - EMPREEND IMOBILIARIOS S.A.,2017-12-31,368536000.0,A
020990,AMERICANAS S.A. - EM RECUPERAÇÃO JUDICIAL,2017-12-31,-411750000.0,A
021008,GENERAL SHOPPING E OUTLETS DO BRASIL BRASIL S.A.,2017-12-31,251461000.0,A
021016,YDUQS PARTICIPACOES S.A.,2017-12-31,424590000.0,A
021032,ALGAR TELECOM S/A,2017-12-31,229592000.0,A
021040,SYN PROP & TECH S.A.,2017-12-31,222453000.0,A
021067,MOURA DUBEUX ENGENHARIA S/A,2017-12-31,10690000.0,A
021091,DEXCO S.A.,2017-12-31,185015000.0,A
021121,SUL AMERICA S.A.,2017-12-31,776423000.0,A
021130,TRISUL S.A.,2017-12-31,35448000.0,A
021148,CONSTRUTORA TENDA S.A.,2017-12-31,104636000.0,A
021156,J. MACEDO S.A.,2017-12-31,29233000.0,A
021180,NEXPE PARTICIPAÇÕES S.A,2017-12-31,-105933000.0,A
021199,BCO PAN S.A.,2017-12-31,243293000.0,A
021202,VIX LOGÍSTICA S.A.,2017-12-31,39718000.0,A
021237,ENEVA S.A,2017-12-31,93860000.0,A
021300,ALIANSCE SHOPPING CENTERS S.A.,2017-12-31,103459000.0,A
021334,NUTRIPLANT INDUSTRIA E COMERCIO S.A.,2017-12-31,-9485000.0,A
021342,OSX BRASIL S.A. - EM RECUPERAÇÃO JUDICIAL,2017-12-31,-502697000.0,A
021350,DIRECIONAL ENGENHARIA S.A.,2017-12-31,-137435000.0,A
021393,CIA CELG DE PARTICIPACOES - CELGPAR,2017-12-31,124768000.0,A
021431,HYPERA S.A.,2017-12-31,964942000.0,A
021440,VESTE S.A. ESTILO,2017-12-31,420568000.0,A
021466,BANCO RCI BRASIL S.A.,2017-12-31,205343000.0,A
021482,PRUMO LOGISTICA SA,2017-12-31,-989117000.0,A
021490,ALUPAR INVESTIMENTO S/A,2017-12-31,705725000.0,A
021520,MULTINER S/A,2017-12-31,118121000.0,A
021555,LOCAMÉRICA RENT-A-CAR S.A.,2017-12-31,60907000.0,A
021610,"B3 S.A. - BRASIL, BOLSA, BALCÃO",2017-12-31,1296645000.0,A
021636,RENOVA ENERGIA S.A. - EM RECUPERAÇÃO JUDICIAL,2017-12-31,-1139535000.0,A
021709,CIA MINEIRA DE AÇUCAR E ALCOOL PARTICIPAÇÕES,2017-03-31,-8895000.0,A
021717,TARPON INVESTIMENTOS S.A.,2017-12-31,9430000.0,A
021725,ADVANCED DIGITAL HEALTH MEDICINA PREVENTIVA S.A.,2017-12-31,-5411000.0,A
021733,CIELO S.A. -  INSTITUIÇÃO DE PAGAMENTO,2017-12-31,4264629000.0,A
021881,FLEURY S.A.,2017-12-31,320618000.0,A
021903,ECORODOVIAS CONCESSÕES E SERVIÇOS S.A.,2017-12-31,642519000.0,A
022020,JSL S.A.,2017-12-31,16718000.0,A
022055,MARISA LOJAS S.A.,2017-12-31,-60438000.0,A
022144,CONCESSÃO METROVIÁRIA DO RIO DE JANEIRO S.A.,2017-12-31,-6070000.0,A
022187,PRIO S.A.,2017-12-31,30627000.0,A
022217,ALPER CONSULTORIA E CORRETORA DE SEGUROS S.A.,2017-12-31,-83276000.0,A
022349,AZZAS 2154 S.A.,2017-12-31,154470000.0,A
022357,ALLOS S.A.,2017-12-31,252247000.0,A
022365,ENAUTA PARTICIPAÇÕES S.A.,2017-12-31,357375000.0,A
022454,T4F ENTRETENIMENTO S.A.,2017-12-31,45266000.0,A
022470,MAGAZINE LUIZA S.A.,2017-12-31,389022000.0,A
022497,QUALICORP CONSULTORIA E CORRETORA DE SEGUROS S.A.,2017-12-31,385819000.0,A
022500,MASSA FALIDA DA BRASIL PHARMA S.A.,2017-12-31,-1621675000.0,A
022519,TECHNOS S.A.,2017-12-31,-1919000.0,A
022551,SOMOS EDUCAÇÃO S.A.,2017-12-31,11897000.0,A
022560,INBRANDS S.A.,2017-12-31,-90408000.0,A
022586,MLOG S.A.,2017-12-31,-45651000.0,A
022594,STATKRAFT ENERGIAS RENOVAVEIS S.A.,2017-12-31,8401000.0,A
022616,BCO BTG PACTUAL S.A.,2017-12-31,2367398000.0,A
022675,HIDROVIAS DO BRASIL S.A.,2017-12-31,11693000.0,A
022691,COMPANHIA DE LOCAÇÃO DAS AMÉRICAS,2017-12-31,60598000.0,A
022780,UNICASA INDÚSTRIA DE MÓVEIS S.A.,2017-12-31,-6357000.0,A
022799,SINQIA S.A.,2017-12-31,7464000.0,A
022810,ELDORADO BRASIL CELULOSE S.A.,2017-12-31,713367000.0,A
022845,BIOSEV S.A.,2017-03-31,-600429000.0,A
022942,MGI - MINAS GERAIS PARTICIPAÇÕES S.A.,2017-12-31,-12480000.0,A
023000,LIGHT ENERGIA S.A.,2017-12-31,-73320000.0,A
023035,LINX S.A.,2017-12-31,84845000.0,A
023159,BB SEGURIDADE PARTICIPAÇÕES S.A.,2017-12-31,4049245000.0,A
023175,IGUA SANEAMENTO S.A.,2017-12-31,30253000.0,A
023221,SER EDUCACIONAL S.A.,2017-12-31,197475000.0,A
023230,RAIZEN ENERGIA S.A.,2017-03-31,1404667000.0,A
023248,ANIMA HOLDING S.A.,2017-12-31,85152000.0,A
023264,AMBEV S.A.,2017-12-31,7850504000.0,A
023272,LOG COMMERCIAL PROPERTIES E PARTICIPAÇÕES,2017-12-31,37413000.0,A
023280,UNIDAS LOCAÇÕES E SERVIÇOS S.A.,2017-12-31,-5129000.0,A
023302,QUALITY SOFTWARE S.A.,2017-12-31,-4630873.0,A
023310,CVC BRASIL OPERADORA E AGÊNCIA DE VIAGENS S.A.,2017-12-31,237432000.0,A
023396,AEGEA SANEAMENTO E PARTICIPAÇÕES S.A.,2017-12-31,145008000.0,A
023426,SERENA GERAÇÃO S.A.,2017-12-31,113116000.0,A
023434,LIBRA TERMINAL RIO S.A. - EM RECUPERAÇÃO JUDICIAL,2017-12-31,-83530000.0,A
023485,COSAN LOGISTICA S.A.,2017-12-31,-264012000.0,A
023493,DOMMO ENERGIA S.A.,2017-12-31,-1952738000.0,A
023507,OUROFINO S.A.,2017-12-31,37901000.0,A
023531,CLARO TELECOM PARTICIPAÇÕES S.A.,2017-12-31,-1371199000.0,A
023574,INTERNATIONAL MEAL COMPANY ALIMENTACAO S.A.,2017-12-31,3666000.0,A
023590,WIZ CO PARTICIPAÇÕES E CORRETAGEM DE SEGUROS S.A.,2017-12-31,163361000.0,A
023604,YOU INC INCORPORADORA E PARTICIPAÇÃO S.A,2017-12-31,-16145.0,A
023620,CBO HOLDING S.A.,2017-12-31,-43714000.0,A
023710,BR HOME CENTERS S.A.,2017-12-31,71000.0,A
023795,CAIXA SEGURIDADE PARTICIPAÇÕES S.A.,2017-12-31,1298850000.0,A
023817,BRQ SOLUCOES EM INFORMATICA S.A.,2017-12-31,2088000.0,A
023825,MOVIDA PARTICIPACOES SA,2017-12-31,66466000.0,A
023868,CONCEBRA - CONCESSIONARIA DAS RODOVIAS CENTRAIS DO BRASIL,2017-12-31,-70703.0,A
023930,BRASILIANA PARTICIPAÇÕES S/A,2017-12-31,126990000.0,A
023957,SUGOI S.A.,2017-12-31,-6554000.0,A
023965,CINESYSTEM S.A.,2017-12-31,2396000.0,A
024058,ALLIANÇA SAÚDE E PARTICIPAÇÕES S.A.,2017-12-31,14640000.0,A
024090,INSTITUTO HERMES PARDINI S.A.,2017-12-31,129673000.0,A
024112,AZUL S.A.,2017-12-31,529039000.0,A
024120,ARGO ENERGIA EMPREENDIMENTOS E PARTICIPAÇÕES S/A,2017-12-31,-8657000.0,A
024171,ATACADÃO S.A.,2017-12-31,1713000000.0,A
024180,IRB - BRASIL RESSEGUROS S.A.,2017-12-31,925050000.0,A
024201,STARA S.A. - INDÚSTRIA DE IMPLEMENTOS AGRÍCOLAS,2017-12-31,56266000.0,A
024228,CAMIL ALIMENTOS S.A.,2017-02-28,201531000.0,A
024236,PRINER SERVIÇOS INDUSTRIAIS S.A.,2017-12-31,-7388000.0,A
024252,SMILES FIDELIDADE S.A.,2017-12-31,458045000.0,A
024260,SMARTFIT ESCOLA DE GINÁSTICA E DANÇA S.A.,2017-12-31,-11589000.0,A
024295,VIBRA ENERGIA S/A,2017-12-31,1151000000.0,A
024317,ZAMP SA,2017-12-31,3819000.0,A
024350,FLEX GESTÃO DE RELACIONAMENTOS S.A.-EM RECUPERAÇÃO JUDICIAL,2017-12-31,10010000.0,A
024384,NOTRE DAME INTERMÉDICA PARTICIPAÇÕES S.A.,2017-12-31,238165000.0,A
024392,HAPVIDA PARTICIPAÇÕES E INVESTIMENTOS S.A.,2017-12-31,650598000.0,A
024406,BANCO INTER S.A.,2017-12-31,47681000.0,A
024414,DASS NORDESTE CALÇADOS E ARTIGOS ESPORTIVOS S.A,2017-12-31,237179000.0,A
024473,JHSF MALLS S.A.,2017-12-31,30503000.0,A
024546,PRÁTICA PRODUTOS S.A.,2017-12-31,7552000.0,A
024600,BANCO BMG S/A,2017-12-31,12176000.0,A
024627,BLAU FARMACÊUTICA S.A.,2017-12-31,103128000.0,A
024660,BBM LOGÍSTICA S.A.,2017-12-31,3105000.0,A
080020,"GP INVESTMENTS, LTD.",2017-12-31,264133000.0,A
080047,WILSON SONS LTD.,2017-12-31,234097000.0,A
080063,BCO PATAGONIA S.A.,2017-12-31,617559000.0,A
080071,COSAN LIMITED,2017-12-31,1046297000.0,A
080110,DUFRY A.G.,2017-12-31,374613000.0,A
080160,BANCO SANTANDER S.A.,2017-12-31,29492000000.0,A
080179,BIOTOSCANA INVESTMENTS S.A.,2017-12-31,16933662.0,A
902123,MULTILASER INDUSTRIAL S.A.,2017-12-31,221371000.0,A
000094,PANATLANTICA S.A.,2018-12-31,64243000.0,A
000701,BAHEMA EDUCAÇÃO S.A.,2018-12-31,-2566000.0,A
000906,BCO BRADESCO S.A.,2018-12-31,16748439000.0,A
001023,BCO BRASIL S.A.,2018-12-31,15086101000.0,A
001155,BANESTES S.A. - BCO EST ESPIRITO SANTO,2018-12-31,153733000.0,A
001210,BCO ESTADO DO RIO GRANDE DO SUL S.A.,2018-12-31,908597000.0,A
001325,BCO MERCANTIL DO BRASIL S.A.,2018-12-31,62292000.0,A
001384,BCO ALFA DE INVESTIMENTO S.A.,2018-12-31,53141000.0,A
001520,BARDELLA S.A. INDUSTRIAS MECANICAS EM RECUPERAÇÃO JUDICIAL,2018-12-31,-95862000.0,A
001562,BAUMER S.A.,2018-12-31,2753000.0,A
001597,PARTICIPAÇÕES INDUST. DO NORDESTE S.A.,2018-12-31,11800000.0,A
002100,CAMBUCI S.A.,2018-12-31,16650000.0,A
002429,IRANI PAPEL E EMBALAGEM S.A.,2018-12-31,3011000.0,A
002437,CENTRAIS ELET BRAS S.A. - ELETROBRAS,2018-12-31,13347577000.0,A
002453,CIA ENERGETICA DE MINAS GERAIS - CEMIG,2018-12-31,1741713000.0,A
002461,CENTRAIS ELET DE SANTA CATARINA S.A.,2018-12-31,165032000.0,A
003069,CIA FERRO LIGAS DA BAHIA - FERBASA,2018-12-31,309188000.0,A
003077,CIA FIACAO TECIDOS CEDRO CACHOEIRA,2018-12-31,45742000.0,A
003115,CIA SEGUROS ALIANCA DA BAHIA,2018-12-31,14042000.0,A
003158,CIA TECIDOS NORTE DE MINAS COTEMINAS,2018-12-31,231591000.0,A
003190,REDE ENERGIA PARTICIPAÇÕES S.A.,2018-12-31,577591000.0,A
003204,CPFL TRANSMISSÃO S.A.,2018-12-31,173439000.0,A
003298,CIA HABITASUL DE PARTICIPACOES,2018-12-31,-58570000.0,A
003328,CIA HIDRO ELÉTRICA DO SÃO FRANCISCO,2018-12-31,265942000.0,A
003395,CIA INDUSTRIAL CATAGUASES,2018-12-31,-4091000.0,A
003549,CIA INDUSTRIAL SCHLOSSER S.A.,2018-12-31,31452000.0,A
003654,CIA MELHORAMENTOS DE SAO PAULO,2018-12-31,4687000.0,A
003980,GERDAU S.A.,2018-12-31,2326382000.0,A
004030,CIA SIDERURGICA NACIONAL,2018-12-31,5200583000.0,A
004081,CIA TECIDOS SANTANENSE,2018-12-31,71788000.0,A
004146,KARSTEN S.A.,2018-12-31,-52684000.0,A
004170,VALE S.A.,2018-12-31,25773768000.0,A
004448,COBRASMA S.A.,2018-12-31,-1168094000.0,A
004537,GRAZZIOTIN S.A.,2018-12-31,53766098.0,A
004669,GUARARAPES CONFECCOES S.A.,2018-12-31,1235674000.0,A
004707,CONSORCIO ALFA DE ADMINISTRACAO S.A.,2018-12-31,83700000.0,A
004723,CONSTRUTORA ADOLPHO LINDENBERG S.A.,2018-12-31,2500000.0,A
004774,CONSTRUTORA LIX DA CUNHA S.A.,2018-12-31,2754000.0,A
004820,BRASKEM S.A.,2018-12-31,2907210000.0,A
004863,CORREA RIBEIRO S.A. COMERCIO E INDUSTRIA,2018-12-31,-5580000.0,A
005207,DOHLER S.A.,2018-12-31,49613000.0,A
005258,RAIA DROGASIL S.A.,2018-12-31,509313000.0,A
005312,MUNDIAL S.A. - PRODUTOS DE CONSUMO,2018-12-31,3063000.0,A
005380,ELECTRO ACO ALTONA S.A.,2018-12-31,12249000.0,A
005410,WEG S.A.,2018-12-31,1344148000.0,A
005762,ETERNIT S.A. - EM RECUPERAÇÃO JUDICIAL,2018-12-31,-149367000.0,A
005770,EUCATEX S.A. INDUSTRIA E COMERCIO,2018-12-31,28970000.0,A
005983,FIACAO E TECELAGEM SAO JOSE SA EM RECUPERACAO JUDICIAL,2018-12-31,24723000.0,A
006173,TAURUS ARMAS S.A.,2018-12-31,-59862000.0,A
006211,FRAS-LE S.A.,2018-12-31,88561000.0,A
006343,TUPY S.A.,2018-12-31,271721000.0,A
006505,GRUPO CASAS BAHIA S.A.,2018-12-31,-267000000.0,A
006700,HOTEIS OTHON S.A. - EM RECUPERAÇÃO JUDICIAL,2018-12-31,-94476000.0,A
006815,IGB ELETRONICA S.A - EM RECUPERACAO JUDICIAL,2018-12-31,-72113000.0,A
007510,ROMI S.A.,2018-12-31,84250000.0,A
007544,TEXTIL RENAUXVIEW S.A.,2018-12-31,-11442000.0,A
007595,INEPAR S.A. INDUSTRIA E CONSTRUCOES EM RECUPERACAO JUDICIAL,2018-12-31,-311886000.0,A
007617,ITAÚSA S.A.,2018-12-31,9710000000.0,A
007811,JOAO FORTES ENGENHARIA S.A. - EM RECUPERAÇÃO JUDICIAL,2018-12-31,-427819000.0,A
007870,KEPLER WEBER S.A.,2018-12-31,8266000.0,A
008087,LOJAS AMERICANAS S.A.,2018-12-31,227510000.0,A
008133,LOJAS RENNER S.A.,2018-12-31,1020136000.0,A
008192,TREVISA INVESTIMENTOS S.A.,2018-12-31,6232000.0,A
008397,MANGELS INDUSTRIAL S.A.,2018-12-31,-46378000.0,A
008427,MANUFATURA DE BRINQUEDOS ESTRELA S.A.,2018-12-31,-28557000.0,A
008451,MARCOPOLO S.A.,2018-12-31,190947000.0,A
008575,MAHLE-METAL LEVE S.A.,2018-12-31,293053000.0,A
008656,METALURGICA GERDAU S.A.,2018-12-31,2240690000.0,A
008672,IGUATEMI S.A.,2018-12-31,239664000.0,A
008745,METANOR SA METANOL DO NE,2018-12-31,1500000.0,A
008753,METISA METALURGICA TIMBOENSE S.A.,2018-12-31,16335466.0,A
008893,MONTEIRO ARANHA S.A.,2018-12-31,44978000.0,A
009040,NADIR FIGUEIREDO IND E COM S.A.,2018-12-31,84225000.0,A
009067,SUZANO HOLDING S.A.,2018-12-31,311331000.0,A
009342,DIMED S.A. DISTRIBUIDORA DE MEDICAMENTOS,2018-12-31,74982000.0,A
009393,PARANAPANEMA S.A. - EM RECUPERAÇÃO JUDICIAL,2018-12-31,-323373000.0,A
009512,PETROLEO BRASILEIRO S.A. PETROBRAS,2018-12-31,26698000000.0,A
009539,PETTENATI S.A. INDUSTRIA TEXTIL,2018-06-30,29767089.0,A
009989,REFINARIA DE PETROLEOS MANGUINHOS S.A.,2018-12-31,-177071000.0,A
010456,ALPARGATAS S.A.,2018-12-31,324041000.0,A
010472,SARAIVA LIVREIROS S.A. - EM RECUPERAÇÃO JUDICIAL,2018-12-31,-301754000.0,A
010880,SONDOTECNICA ENGENHARIA SOLOS S.A.,2018-12-31,6972000.0,A
011070,WLM PART. E COMÉRCIO DE MÁQUINAS E VEÍCULOS S.A.,2018-12-31,16062000.0,A
011207,TECNOSOLO ENGENHARIA S.A. - EMPRESA FALIDA,2018-12-31,-1175000.0,A
011223,TEKA-TECELAGEM KUEHNRICH S.A. - EM RECUPERAÇÃO JUDICIAL,2018-12-31,-125613000.0,A
011231,TEKNO S.A. - INDUSTRIA E COMERCIO,2018-12-31,718000.0,A
011312,OI S.A. - EM RECUPERAÇÃO JUDICIAL,2018-12-31,24615555000.0,A
011592,UNIPAR CARBOCLORO S.A.,2018-12-31,547440000.0,A
011762,VULCABRAS S.A.,2018-12-31,152114000.0,A
011932,IOCHPE MAXION S.A.,2018-12-31,306142000.0,A
011975,AZEVEDO E TRAVASSOS S.A.,2018-12-31,-133469000.0,A
011991,WETZEL S.A.,2018-12-31,-32441000.0,A
012190,BOMBRIL S.A.,2018-12-31,70166000.0,A
012319,BLUE TECH SOLUTIONS EQI S.A.,2018-12-31,16629000.0,A
012530,ITAUTEC S.A. - GRUPO ITAUTEC,2018-12-31,-7076000.0,A
012572,RECRUSUL S.A.,2018-12-31,-13052000.0,A
012653,KLABIN S.A.,2018-12-31,186818000.0,A
012696,SANSUY S.A. INDUSTRIA DE PLASTICOS,2018-12-31,-155902000.0,A
012793,FIBRIA CELULOSE S.A.,2018-12-31,3059621000.0,A
012823,SIDERURGICA J. L. ALIPERTI S.A.,2018-12-31,-11500000.0,A
013030,CONSTRUTORA SULTEPA S.A. - EM RECUPERAÇÃO JUDICIAL,2018-12-31,41901000.0,A
013285,JOSAPAR-JOAQUIM OLIVEIRA S.A. - PARTICIP,2018-12-31,30296000.0,A
013366,HAGA S.A. INDUSTRIA E COMERCIO,2018-12-31,5965588.0,A
013471,PLASCAR PARTICIPACOES INDUSTRIAIS S.A.,2018-12-31,-257536000.0,A
013765,MINUPAR PARTICIPACOES S.A.,2018-12-31,-67027000.0,A
013773,PBG S/A,2018-12-31,134312000.0,A
013781,SAO CARLOS EMPREEND E PARTICIPACOES S.A.,2018-12-31,17035000.0,A
013986,SUZANO S.A.,2018-12-31,318460000.0,A
014109,RANDON S.A. IMPLEMENTOS E PARTICIPACOES,2018-12-31,226903000.0,A
014133,TEC TOY S.A.,2018-12-31,-2231000.0,A
014206,BRB BANCO DE BRASILIA S.A.,2018-12-31,324211000.0,A
014311,CIA PARANAENSE DE ENERGIA - COPEL,2018-12-31,1444004000.0,A
014320,USINAS SID DE MINAS GERAIS S.A.-USIMINAS,2018-12-31,828695000.0,A
014346,WHIRLPOOL S.A.,2018-12-31,174067000.0,A
014451,COMPANHIA ENERGÉTICA DE BRASÍLIA - CEB,2018-12-31,115710000.0,A
014460,CYRELA BRAZIL REALTY S.A.EMPREEND E PART,2018-12-31,6028000.0,A
014664,SCHULZ S.A.,2018-12-31,70215000.0,A
014761,CIA HERING,2018-12-31,239514000.0,A
014826,CIA BRASILEIRA DE DISTRIBUICAO,2018-12-31,1180000000.0,A
015083,KOSMOS COMÉRCIO DE VESTUÁRIO S/A - EM RECUPERAÇÃO JUDICIAL,2018-12-31,-72602000.0,A
015091,LITEL PARTICIPACOES S.A.,2018-12-31,5123097000.0,A
015253,ENERGISA S.A.,2018-12-31,1179672000.0,A
015423,ATOM EMPREENDIMENTOS E PARTICIPAÇÕES S.A.,2018-12-31,7079000.0,A
015458,EMBPAR PARTICIPAÇÕES S/A,2018-12-31,-9997000.0,A
015539,NEOENERGIA S.A.,2018-12-31,1593951000.0,A
016101,GAFISA S.A.,2018-12-31,-421276000.0,A
016292,BRF S.A.,2018-12-31,-4466246000.0,A
016306,ROSSI RESIDENCIAL S.A. - EM RECUPERAÇÃO JUDICIAL,2018-12-31,-607067000.0,A
016497,EMPRESA NAC COM REDITO PART S.A.ENCORPAR,2018-12-31,29366000.0,A
016632,DEXXOS PARTICIPAÇÕES S.A.,2018-12-31,7557000.0,A
016659,PORTO SEGURO S.A.,2018-12-31,1309377000.0,A
016993,EMAE - EMPRESA METROP.AGUAS ENERGIA S.A.,2018-12-31,101517000.0,A
017329,ENGIE BRASIL ENERGIA S.A.,2018-12-31,2315407000.0,A
017450,RUMO S.A.,2018-12-31,272967000.0,A
017639,TIM PARTICIPACOES S.A.,2018-12-31,2545101000.0,A
017671,TELEFÔNICA BRASIL S.A,2018-12-31,8928258000.0,A
017892,SANTOS BRASIL PARTICIPACOES S.A.,2018-12-31,2979000.0,A
017914,MASSA FALIDA DA MMX MINERACAO E METALICOS S.A.,2018-12-31,-111581000.0,A
017973,COGNA EDUCAÇÃO S.A.,2018-12-31,1392856000.0,A
018287,VIRGO II COMPANHIA DE SECURITIZACAO,2018-12-31,2023000.0,A
018368,RIO PARANAPANEMA ENERGIA S.A.,2018-12-31,255911000.0,A
018376,CTEEP - CIA TRANSMISSÃO ENERGIA ELÉTRICA PAULISTA,2018-12-31,1895245000.0,A
018414,PADTEC HOLDING S.A.,2018-12-31,11302000.0,A
018465,ULTRAPAR PARTICIPACOES S.A.,2018-12-31,1132320000.0,A
018660,CPFL ENERGIA S.A.,2018-12-31,2165995000.0,A
018708,CIA PARTICIPACOES ALIANCA DA BAHIA,2018-12-31,35611000.0,A
018724,BRADESPAR S.A.,2018-12-31,1190496000.0,A
018775,INVESTIMENTOS E PARTICIP. EM INFRA S.A. - INVEPAR,2018-12-31,-434202000.0,A
018821,CCR S.A.,2018-12-31,636182000.0,A
018953,CPFL GERACAO DE ENERGIA S.A.,2018-12-31,863652000.0,A
018970,AES TIETE ENERGIA SA,2018-12-31,287963000.0,A
019062,ANDRADE GUTIERREZ PARTICIPACOES S.A.,2018-12-31,-178867000.0,A
019100,ATMA PARTICIPAÇÕES S.A. - EM RECUPERAÇÃO JUDICIAL,2018-12-31,-223435000.0,A
019305,BIOMM S.A.,2018-12-31,-42562000.0,A
019330,TPI - TRIUNFO PARTICIP. E INVEST. S.A.,2018-12-31,-382895000.0,A
019348,ITAU UNIBANCO HOLDING S.A.,2018-12-31,25639000000.0,A
019445,CIA SANEAMENTO DE MINAS GERAIS-COPASA MG,2018-12-31,578700000.0,A
019453,ECORODOVIAS INFRAESTRUTURA E LOGÍSTICA S.A.,2018-12-31,382135000.0,A
019550,NATURA COSMETICOS S.A.,2018-12-31,548379000.0,A
019569,GOL LINHAS AEREAS INTELIGENTES S.A.,2018-12-31,-779724000.0,A
019615,GRENDENE S.A.,2018-12-31,585530000.0,A
019623,DIAGNOSTICOS DA AMERICA S.A.,2018-12-31,185306000.0,A
019658,POMIFRUTAS S/A EM RECUPERACAO JUDICIAL,2018-12-31,-7505000.0,A
019739,LOCALIZA RENT A CAR S.A.,2018-12-31,659208000.0,A
019763,EDP - ENERGIAS DO BRASIL S.A.,2018-12-31,1414750000.0,A
019771,ARTERIS S.A.,2018-12-31,-189141000.0,A
019836,COSAN S.A.,2018-12-31,1903751000.0,A
019879,LIGHT S.A. - EM RECUPERAÇÃO JUDICIAL,2018-12-31,165782000.0,A
019909,BR MALLS PARTICIPACOES S.A.,2018-12-31,1103590000.0,A
019925,BR PROPERTIES S.A.,2018-12-31,13705000.0,A
019992,TOTVS S.A.,2018-12-31,60643000.0,A
020010,EQUATORIAL ENERGIA S.A.,2018-12-31,1161060000.0,A
020028,VALID SOLUÇÕES S.A.,2018-12-31,100078000.0,A
020036,BRASILAGRO - CIA BRAS DE PROP AGRICOLAS,2018-06-30,126338000.0,A
020060,LUPATECH S.A,2018-12-31,-101311000.0,A
020087,EMBRAER S.A.,2018-12-31,-643568000.0,A
020125,ODONTOPREV S.A.,2018-12-31,285277000.0,A
020184,CCX CARVÃO DA COLÔMBIA S.A. - EM LIQUIDAÇÃO,2018-12-31,-1666000.0,A
020257,TRANSMISSORA ALIANÇA DE ENERGIA ELÉTRICA S.A.,2018-12-31,1071305000.0,A
020320,CEMIG GERACAO E TRANSMISSAO S.A.,2018-12-31,590783000.0,A
020338,M.DIAS BRANCO S.A. IND COM DE ALIMENTOS,2018-12-31,723497000.0,A
020346,PROFARMA DISTRIB PROD FARMACEUTICOS S.A.,2018-12-31,-9734000.0,A
020354,TERRA SANTA AGRO S.A.,2018-12-31,42262000.0,A
020362,POSITIVO TECNOLOGIA S.A.,2018-12-31,-461000.0,A
020370,LPS BRASIL - CONSULTORIA DE IMOVEIS S.A.,2018-12-31,-47213000.0,A
020435,TECNISA S.A.,2018-12-31,-283288000.0,A
020451,RNI NEGÓCIOS IMOBILIÁRIOS S.A.,2018-12-31,-27139000.0,A
020478,PDG REALTY S.A. EMPREEND E PARTICIPACOES,2018-12-31,-846015000.0,A
020494,IGUATEMI EMPRESA DE SHOPPING CENTERS S.A,2018-12-31,260326000.0,A
020516,SAO MARTINHO S.A.,2018-03-31,491706000.0,A
020524,EVEN CONSTRUTORA E INCORPORADORA S.A.,2018-12-31,-140629000.0,A
020532,BCO SANTANDER (BRASIL) S.A.,2018-12-31,12799918000.0,A
020540,CPFL ENERGIAS RENOVÁVEIS S.A.,2018-12-31,118806000.0,A
020567,BCO PINE S.A,2018-12-31,-43094000.0,A
020575,JBS S.A.,2018-12-31,210116000.0,A
020605,JHSF PARTICIPACOES S.A.,2018-12-31,195439000.0,A
020613,METALFRIO SOLUTIONS S.A.,2018-12-31,-5392000.0,A
020630,FICA EMPREENDIMENTOS IMOBILIÁRIOS S.A.,2018-12-31,-21991000.0,A
020702,VIVER INCORPORADORA E CONSTRUTORA S.A.,2018-12-31,-198533000.0,A
020710,LOG-IN LOGISTICA INTERMODAL S.A.,2018-12-31,6074000.0,A
020745,SLC AGRICOLA S.A.,2018-12-31,406501000.0,A
020770,EZ TEC EMPREEND. E PARTICIPACOES S.A.,2018-12-31,102160000.0,A
020788,MARFRIG GLOBAL FOODS S.A.,2018-12-31,2153970000.0,A
020800,TEGMA GESTAO LOGISTICA S.A.,2018-12-31,108249000.0,A
020877,HELBOR EMPREENDIMENTOS S.A.,2018-12-31,-340931000.0,A
020885,BCO INDUSVAL S.A.,2018-12-31,-101190000.0,A
020915,MRV ENGENHARIA E PARTICIPACOES S.A.,2018-12-31,758137000.0,A
020931,MINERVA S.A.,2018-12-31,-1264782000.0,A
020958,BCO ABC BRASIL S.A.,2018-12-31,416475000.0,A
020966,SPRINGS GLOBAL PARTICIPACOES S.A.,2018-12-31,111568000.0,A
020982,MULTIPLAN - EMPREEND IMOBILIARIOS S.A.,2018-12-31,470573000.0,A
020990,AMERICANAS S.A. - EM RECUPERAÇÃO JUDICIAL,2018-12-31,-397914000.0,A
021008,GENERAL SHOPPING E OUTLETS DO BRASIL BRASIL S.A.,2018-12-31,-357047000.0,A
021016,YDUQS PARTICIPACOES S.A.,2018-12-31,644873000.0,A
021032,ALGAR TELECOM S/A,2018-12-31,316037000.0,A
021040,SYN PROP & TECH S.A.,2018-12-31,49702000.0,A
021067,MOURA DUBEUX ENGENHARIA S/A,2018-12-31,-198379000.0,A
021091,DEXCO S.A.,2018-12-31,431796000.0,A
021121,SUL AMERICA S.A.,2018-12-31,905057000.0,A
021130,TRISUL S.A.,2018-12-31,76998000.0,A
021148,CONSTRUTORA TENDA S.A.,2018-12-31,201346000.0,A
021156,J. MACEDO S.A.,2018-12-31,55168000.0,A
021180,NEXPE PARTICIPAÇÕES S.A,2018-12-31,-68374000.0,A
021199,BCO PAN S.A.,2018-12-31,198289000.0,A
021202,VIX LOGÍSTICA S.A.,2018-12-31,35698000.0,A
021237,ENEVA S.A,2018-12-31,888223000.0,A
021300,ALIANSCE SHOPPING CENTERS S.A.,2018-12-31,119445000.0,A
021334,NUTRIPLANT INDUSTRIA E COMERCIO S.A.,2018-12-31,-2719000.0,A
021342,OSX BRASIL S.A. - EM RECUPERAÇÃO JUDICIAL,2018-12-31,-427575000.0,A
021350,DIRECIONAL ENGENHARIA S.A.,2018-12-31,-73936000.0,A
021393,CIA CELG DE PARTICIPACOES - CELGPAR,2018-12-31,62506000.0,A
021431,HYPERA S.A.,2018-12-31,1129601000.0,A
021440,VESTE S.A. ESTILO,2018-12-31,103463000.0,A
021466,BANCO RCI BRASIL S.A.,2018-12-31,227429000.0,A
021490,ALUPAR INVESTIMENTO S/A,2018-12-31,750790000.0,A
021520,MULTINER S/A,2018-12-31,-217296000.0,A
021555,LOCAMÉRICA RENT-A-CAR S.A.,2018-12-31,109898000.0,A
021610,"B3 S.A. - BRASIL, BOLSA, BALCÃO",2018-12-31,2088351000.0,A
021636,RENOVA ENERGIA S.A. - EM RECUPERAÇÃO JUDICIAL,2018-12-31,-856297000.0,A
021709,CIA MINEIRA DE AÇUCAR E ALCOOL PARTICIPAÇÕES,2018-03-31,89886000.0,A
021717,TARPON INVESTIMENTOS S.A.,2018-12-31,56179000.0,A
021725,ADVANCED DIGITAL HEALTH MEDICINA PREVENTIVA S.A.,2018-12-31,-4941000.0,A
021733,CIELO S.A. -  INSTITUIÇÃO DE PAGAMENTO,2018-12-31,3559435000.0,A
021881,FLEURY S.A.,2018-12-31,331585000.0,A
021903,ECORODOVIAS CONCESSÕES E SERVIÇOS S.A.,2018-12-31,597842000.0,A
022020,JSL S.A.,2018-12-31,189170000.0,A
022055,MARISA LOJAS S.A.,2018-12-31,28363000.0,A
022187,PRIO S.A.,2018-12-31,204875000.0,A
022217,ALPER CONSULTORIA E CORRETORA DE SEGUROS S.A.,2018-12-31,-164089000.0,A
022349,AZZAS 2154 S.A.,2018-12-31,142644000.0,A
022357,ALLOS S.A.,2018-12-31,362844000.0,A
022365,ENAUTA PARTICIPAÇÕES S.A.,2018-12-31,425222000.0,A
022454,T4F ENTRETENIMENTO S.A.,2018-12-31,10623000.0,A
022470,MAGAZINE LUIZA S.A.,2018-12-31,597429000.0,A
022497,QUALICORP CONSULTORIA E CORRETORA DE SEGUROS S.A.,2018-12-31,397043000.0,A
022500,MASSA FALIDA DA BRASIL PHARMA S.A.,2018-12-31,1048956000.0,A
022519,TECHNOS S.A.,2018-12-31,14369000.0,A
022551,SOMOS EDUCAÇÃO S.A.,2018-12-31,-398434000.0,A
022560,INBRANDS S.A.,2018-12-31,-27071000.0,A
022586,MLOG S.A.,2018-12-31,-18953000.0,A
022594,STATKRAFT ENERGIAS RENOVAVEIS S.A.,2018-12-31,74632000.0,A
022616,BCO BTG PACTUAL S.A.,2018-12-31,2437107000.0,A
022675,HIDROVIAS DO BRASIL S.A.,2018-12-31,162116000.0,A
022691,COMPANHIA DE LOCAÇÃO DAS AMÉRICAS,2018-12-31,189202000.0,A
022780,UNICASA INDÚSTRIA DE MÓVEIS S.A.,2018-12-31,3394000.0,A
022799,SINQIA S.A.,2018-12-31,2726000.0,A
022810,ELDORADO BRASIL CELULOSE S.A.,2018-12-31,815880000.0,A
022845,BIOSEV S.A.,2018-03-31,-1269875000.0,A
022942,MGI - MINAS GERAIS PARTICIPAÇÕES S.A.,2018-12-31,226858000.0,A
023000,LIGHT ENERGIA S.A.,2018-12-31,36001000.0,A
023035,LINX S.A.,2018-12-31,71055000.0,A
023159,BB SEGURIDADE PARTICIPAÇÕES S.A.,2018-12-31,3539553000.0,A
023175,IGUA SANEAMENTO S.A.,2018-12-31,17769000.0,A
023221,SER EDUCACIONAL S.A.,2018-12-31,201279000.0,A
023230,RAIZEN ENERGIA S.A.,2018-03-31,642807000.0,A
023248,ANIMA HOLDING S.A.,2018-12-31,2251000.0,A
023264,AMBEV S.A.,2018-12-31,11377427000.0,A
023272,LOG COMMERCIAL PROPERTIES E PARTICIPAÇÕES,2018-12-31,47087000.0,A
023280,UNIDAS LOCAÇÕES E SERVIÇOS S.A.,2018-12-31,-73951000.0,A
023302,QUALITY SOFTWARE S.A.,2018-12-31,3205956.0,A
023310,CVC BRASIL OPERADORA E AGÊNCIA DE VIAGENS S.A.,2018-12-31,264542000.0,A
023396,AEGEA SANEAMENTO E PARTICIPAÇÕES S.A.,2018-12-31,176147000.0,A
023426,SERENA GERAÇÃO S.A.,2018-12-31,50031000.0,A
023485,COSAN LOGISTICA S.A.,2018-12-31,272349000.0,A
023493,DOMMO ENERGIA S.A.,2018-12-31,-670977000.0,A
023507,OUROFINO S.A.,2018-12-31,68867000.0,A
023531,CLARO TELECOM PARTICIPAÇÕES S.A.,2018-12-31,1051824000.0,A
023574,INTERNATIONAL MEAL COMPANY ALIMENTACAO S.A.,2018-12-31,7894000.0,A
023590,WIZ CO PARTICIPAÇÕES E CORRETAGEM DE SEGUROS S.A.,2018-12-31,184395000.0,A
023604,YOU INC INCORPORADORA E PARTICIPAÇÃO S.A,2018-12-31,30839.0,A
023612,MAESTRO LOCADORA DE VEICULOS S.A.,2018-12-31,-1160000.0,A
023620,CBO HOLDING S.A.,2018-12-31,-359054000.0,A
023710,BR HOME CENTERS S.A.,2018-12-31,-33381000.0,A
023795,CAIXA SEGURIDADE PARTICIPAÇÕES S.A.,2018-12-31,1477607000.0,A
023817,BRQ SOLUCOES EM INFORMATICA S.A.,2018-12-31,24028000.0,A
023825,MOVIDA PARTICIPACOES SA,2018-12-31,159754000.0,A
023868,CONCEBRA - CONCESSIONARIA DAS RODOVIAS CENTRAIS DO BRASIL,2018-12-31,-64588.0,A
023930,BRASILIANA PARTICIPAÇÕES S/A,2018-12-31,-84242000.0,A
023957,SUGOI S.A.,2018-12-31,14958000.0,A
023965,CINESYSTEM S.A.,2018-12-31,-5709000.0,A
024058,ALLIANÇA SAÚDE E PARTICIPAÇÕES S.A.,2018-12-31,51566000.0,A
024090,INSTITUTO HERMES PARDINI S.A.,2018-12-31,123353000.0,A
024112,AZUL S.A.,2018-12-31,420277000.0,A
024120,ARGO ENERGIA EMPREENDIMENTOS E PARTICIPAÇÕES S/A,2018-12-31,79015000.0,A
024171,ATACADÃO S.A.,2018-12-31,1863000000.0,A
024180,IRB - BRASIL RESSEGUROS S.A.,2018-12-31,1218796000.0,A
024201,STARA S.A. - INDÚSTRIA DE IMPLEMENTOS AGRÍCOLAS,2018-12-31,88352000.0,A
024228,CAMIL ALIMENTOS S.A.,2018-02-28,250665000.0,A
024236,PRINER SERVIÇOS INDUSTRIAIS S.A.,2018-12-31,5140000.0,A
024252,SMILES FIDELIDADE S.A.,2018-12-31,645842000.0,A
024260,SMARTFIT ESCOLA DE GINÁSTICA E DANÇA S.A.,2018-12-31,356956000.0,A
024279,INC EMPREENDIMENTOS IMOBILIÁRIOS S.A.,2018-12-31,47304000.0,A
024295,VIBRA ENERGIA S/A,2018-12-31,3193000000.0,A
024317,ZAMP SA,2018-12-31,128036000.0,A
024350,FLEX GESTÃO DE RELACIONAMENTOS S.A.-EM RECUPERAÇÃO JUDICIAL,2018-12-31,-3731000.0,A
024384,NOTRE DAME INTERMÉDICA PARTICIPAÇÕES S.A.,2018-12-31,334073000.0,A
024392,HAPVIDA PARTICIPAÇÕES E INVESTIMENTOS S.A.,2018-12-31,788334000.0,A
024406,BANCO INTER S.A.,2018-12-31,55773000.0,A
024473,JHSF MALLS S.A.,2018-12-31,101347000.0,A
024490,SABER SERVIÇOS EDUCACIONAIS S.A.,2018-12-31,-119582000.0,A
024546,PRÁTICA PRODUTOS S.A.,2018-12-31,5773000.0,A
024589,ENERGISA TRANSMISSÃO DE ENERGIA S/A,2018-12-31,20600000.0,A
024597,CELEO REDES TRANSMISSÃO DE ENERGIA S.A.,2018-12-31,19663000.0,A
024600,BANCO BMG S/A,2018-12-31,219842000.0,A
024627,BLAU FARMACÊUTICA S.A.,2018-12-31,123253000.0,A
024660,BBM LOGÍSTICA S.A.,2018-12-31,5817000.0,A
024694,GRUPO SBF S.A.,2018-12-31,148748000.0,A
024716,"VAMOS LOCAÇÃO DE CAMINHÕES, MÁQUINAS E EQUIPAMENTOS S.A.",2018-12-31,112937.0,A
024740,COPEL GERAÇÃO E TRANSMISSÃO S.A.,2018-12-31,870499000.0,A
024813,LOCALIZA FLEET S.A.,2018-12-31,210080000.0,A
024821,REDE D'OR SÃO LUIZ S.A.,2018-12-31,1179618000.0,A
024830,BRK AMBIENTAL PARTICIPAÇÕES S.A.,2018-12-31,65782.0,A
024848,C&A MODAS S.A.,2018-12-31,173636000.0,A
024872,LIFEMED INDUSTRIAL DE EQUIP. E ART. MEDICOS E HOSP. S.A,2018-12-31,-2076000.0,A
024902,MITRE REALTY EMPREENDIMENTOS E PARTICIPAÇÕES S.A.,2018-12-31,16307000.0,A
024910,LWSA S/A,2018-12-31,10886000.0,A
080020,"GP INVESTMENTS, LTD.",2018-12-31,-608080000.0,A
080047,WILSON SONS LTD.,2018-12-31,164540000.0,A
080063,BCO PATAGONIA S.A.,2018-12-31,150771000.0,A
080179,BIOTOSCANA INVESTMENTS S.A.,2018-12-31,63462367.0,A
000094,PANATLANTICA S.A.,2019-12-31,17825000.0,A
000701,BAHEMA EDUCAÇÃO S.A.,2019-12-31,-9433000.0,A
000906,BCO BRADESCO S.A.,2019-12-31,21173207000.0,A
001023,BCO BRASIL S.A.,2019-12-31,18888318000.0,A
001155,BANESTES S.A. - BCO EST ESPIRITO SANTO,2019-12-31,215186000.0,A
001210,BCO ESTADO DO RIO GRANDE DO SUL S.A.,2019-12-31,1269947000.0,A
001325,BCO MERCANTIL DO BRASIL S.A.,2019-12-31,113050000.0,A
001384,BCO ALFA DE INVESTIMENTO S.A.,2019-12-31,68881000.0,A
001520,BARDELLA S.A. INDUSTRIAS MECANICAS EM RECUPERAÇÃO JUDICIAL,2019-12-31,-204420000.0,A
001562,BAUMER S.A.,2019-12-31,4194000.0,A
001597,PARTICIPAÇÕES INDUST. DO NORDESTE S.A.,2019-12-31,7067000.0,A
002100,CAMBUCI S.A.,2019-12-31,20212000.0,A
002429,IRANI PAPEL E EMBALAGEM S.A.,2019-12-31,-79592000.0,A
002437,CENTRAIS ELET BRAS S.A. - ELETROBRAS,2019-12-31,10743843000.0,A
002453,CIA ENERGETICA DE MINAS GERAIS - CEMIG,2019-12-31,3128073000.0,A
002461,CENTRAIS ELET DE SANTA CATARINA S.A.,2019-12-31,283575000.0,A
003069,CIA FERRO LIGAS DA BAHIA - FERBASA,2019-12-31,221533000.0,A
003077,CIA FIACAO TECIDOS CEDRO CACHOEIRA,2019-12-31,-13885000.0,A
003115,CIA SEGUROS ALIANCA DA BAHIA,2019-12-31,16773000.0,A
003158,CIA TECIDOS NORTE DE MINAS COTEMINAS,2019-12-31,-42405000.0,A
003190,REDE ENERGIA PARTICIPAÇÕES S.A.,2019-12-31,984435000.0,A
003204,CPFL TRANSMISSÃO S.A.,2019-12-31,389361000.0,A
003298,CIA HABITASUL DE PARTICIPACOES,2019-12-31,-102972000.0,A
003328,CIA HIDRO ELÉTRICA DO SÃO FRANCISCO,2019-12-31,3485862000.0,A
003395,CIA INDUSTRIAL CATAGUASES,2019-12-31,7291000.0,A
003549,CIA INDUSTRIAL SCHLOSSER S.A.,2019-12-31,-4394000.0,A
003654,CIA MELHORAMENTOS DE SAO PAULO,2019-12-31,-36584000.0,A
003980,GERDAU S.A.,2019-12-31,1216887000.0,A
004030,CIA SIDERURGICA NACIONAL,2019-12-31,2244511000.0,A
004081,CIA TECIDOS SANTANENSE,2019-12-31,10604000.0,A
004146,KARSTEN S.A.,2019-12-31,-12431000.0,A
004170,VALE S.A.,2019-12-31,-8696040000.0,A
004448,COBRASMA S.A.,2019-12-31,-2071902000.0,A
004537,GRAZZIOTIN S.A.,2019-12-31,129450031.0,A
004669,GUARARAPES CONFECCOES S.A.,2019-12-31,592651000.0,A
004707,CONSORCIO ALFA DE ADMINISTRACAO S.A.,2019-12-31,76322000.0,A
004723,CONSTRUTORA ADOLPHO LINDENBERG S.A.,2019-12-31,-24666000.0,A
004820,BRASKEM S.A.,2019-12-31,-2896973000.0,A
004863,CORREA RIBEIRO S.A. COMERCIO E INDUSTRIA,2019-12-31,-1739000.0,A
005207,DOHLER S.A.,2019-12-31,31867000.0,A
005258,RAIA DROGASIL S.A.,2019-12-31,788735000.0,A
005312,MUNDIAL S.A. - PRODUTOS DE CONSUMO,2019-12-31,-10361000.0,A
005380,ELECTRO ACO ALTONA S.A.,2019-12-31,16851000.0,A
005410,WEG S.A.,2019-12-31,1632455000.0,A
005762,ETERNIT S.A. - EM RECUPERAÇÃO JUDICIAL,2019-12-31,-12626000.0,A
005770,EUCATEX S.A. INDUSTRIA E COMERCIO,2019-12-31,65683000.0,A
005983,FIACAO E TECELAGEM SAO JOSE SA EM RECUPERACAO JUDICIAL,2019-12-31,-3572000.0,A
006173,TAURUS ARMAS S.A.,2019-12-31,43426000.0,A
006211,FRAS-LE S.A.,2019-12-31,32805000.0,A
006343,TUPY S.A.,2019-12-31,278932000.0,A
006505,GRUPO CASAS BAHIA S.A.,2019-12-31,-1433000000.0,A
006700,HOTEIS OTHON S.A. - EM RECUPERAÇÃO JUDICIAL,2019-12-31,-136631000.0,A
006815,IGB ELETRONICA S.A - EM RECUPERACAO JUDICIAL,2019-12-31,-64510000.0,A
007510,ROMI S.A.,2019-12-31,129910000.0,A
007544,TEXTIL RENAUXVIEW S.A.,2019-12-31,21408000.0,A
007595,INEPAR S.A. INDUSTRIA E CONSTRUCOES EM RECUPERACAO JUDICIAL,2019-12-31,-451099000.0,A
007617,ITAÚSA S.A.,2019-12-31,10569000000.0,A
007811,JOAO FORTES ENGENHARIA S.A. - EM RECUPERAÇÃO JUDICIAL,2019-12-31,-396009000.0,A
007870,KEPLER WEBER S.A.,2019-12-31,37572000.0,A
008087,LOJAS AMERICANAS S.A.,2019-12-31,581283000.0,A
008133,LOJAS RENNER S.A.,2019-12-31,1099093000.0,A
008192,TREVISA INVESTIMENTOS S.A.,2019-12-31,12980000.0,A
008397,MANGELS INDUSTRIAL S.A.,2019-12-31,-6474000.0,A
008427,MANUFATURA DE BRINQUEDOS ESTRELA S.A.,2019-12-31,-40874000.0,A
008451,MARCOPOLO S.A.,2019-12-31,212029000.0,A
008575,MAHLE-METAL LEVE S.A.,2019-12-31,255851000.0,A
008656,METALURGICA GERDAU S.A.,2019-12-31,1196725000.0,A
008672,IGUATEMI S.A.,2019-12-31,285588000.0,A
008745,METANOR SA METANOL DO NE,2019-12-31,18151000.0,A
008753,METISA METALURGICA TIMBOENSE S.A.,2019-12-31,18000782.0,A
008893,MONTEIRO ARANHA S.A.,2019-12-31,100569000.0,A
009040,NADIR FIGUEIREDO IND E COM S.A.,2019-12-31,73601000.0,A
009067,SUZANO HOLDING S.A.,2019-12-31,-2817594000.0,A
009342,DIMED S.A. DISTRIBUIDORA DE MEDICAMENTOS,2019-12-31,76755000.0,A
009393,PARANAPANEMA S.A. - EM RECUPERAÇÃO JUDICIAL,2019-12-31,-25075000.0,A
009512,PETROLEO BRASILEIRO S.A. PETROBRAS,2019-12-31,40970000000.0,A
009539,PETTENATI S.A. INDUSTRIA TEXTIL,2019-06-30,38184976.0,A
009989,REFINARIA DE PETROLEOS MANGUINHOS S.A.,2019-12-31,-228360000.0,A
010456,ALPARGATAS S.A.,2019-12-31,259335000.0,A
010472,SARAIVA LIVREIROS S.A. - EM RECUPERAÇÃO JUDICIAL,2019-12-31,-318072000.0,A
010880,SONDOTECNICA ENGENHARIA SOLOS S.A.,2019-12-31,4388000.0,A
011070,WLM PART. E COMÉRCIO DE MÁQUINAS E VEÍCULOS S.A.,2019-12-31,49777000.0,A
011207,TECNOSOLO ENGENHARIA S.A. - EMPRESA FALIDA,2019-12-31,-372000.0,A
011223,TEKA-TECELAGEM KUEHNRICH S.A. - EM RECUPERAÇÃO JUDICIAL,2019-12-31,-129030000.0,A
011231,TEKNO S.A. - INDUSTRIA E COMERCIO,2019-12-31,9383000.0,A
011312,OI S.A. - EM RECUPERAÇÃO JUDICIAL,2019-12-31,-9095107000.0,A
011592,UNIPAR CARBOCLORO S.A.,2019-12-31,172358000.0,A
011762,VULCABRAS S.A.,2019-12-31,143080000.0,A
011932,IOCHPE MAXION S.A.,2019-12-31,421415000.0,A
011975,AZEVEDO E TRAVASSOS S.A.,2019-12-31,-35783000.0,A
011991,WETZEL S.A.,2019-12-31,-39123000.0,A
012190,BOMBRIL S.A.,2019-12-31,-40487000.0,A
012319,BLUE TECH SOLUTIONS EQI S.A.,2019-12-31,-4343000.0,A
012572,RECRUSUL S.A.,2019-12-31,-3463000.0,A
012653,KLABIN S.A.,2019-12-31,714618000.0,A
012696,SANSUY S.A. INDUSTRIA DE PLASTICOS,2019-12-31,-184955000.0,A
012823,SIDERURGICA J. L. ALIPERTI S.A.,2019-12-31,-18396000.0,A
013030,CONSTRUTORA SULTEPA S.A. - EM RECUPERAÇÃO JUDICIAL,2019-12-31,-78571000.0,A
013285,JOSAPAR-JOAQUIM OLIVEIRA S.A. - PARTICIP,2019-12-31,18488000.0,A
013366,HAGA S.A. INDUSTRIA E COMERCIO,2019-12-31,2504245.0,A
013439,METALURGICA RIOSULENSE S.A.,2019-12-31,17304000.0,A
013471,PLASCAR PARTICIPACOES INDUSTRIAIS S.A.,2019-12-31,-6825000.0,A
013765,MINUPAR PARTICIPACOES S.A.,2019-12-31,-33030000.0,A
013773,PBG S/A,2019-12-31,13163000.0,A
013781,SAO CARLOS EMPREEND E PARTICIPACOES S.A.,2019-12-31,86919000.0,A
013986,SUZANO S.A.,2019-12-31,-2814742000.0,A
014109,RANDON S.A. IMPLEMENTOS E PARTICIPACOES,2019-12-31,300544000.0,A
014206,BRB BANCO DE BRASILIA S.A.,2019-12-31,417146000.0,A
014311,CIA PARANAENSE DE ENERGIA - COPEL,2019-12-31,2062869000.0,A
014320,USINAS SID DE MINAS GERAIS S.A.-USIMINAS,2019-12-31,376691000.0,A
014346,WHIRLPOOL S.A.,2019-12-31,1776403000.0,A
014451,COMPANHIA ENERGÉTICA DE BRASÍLIA - CEB,2019-12-31,156629000.0,A
014460,CYRELA BRAZIL REALTY S.A.EMPREEND E PART,2019-12-31,534316000.0,A
014664,SCHULZ S.A.,2019-12-31,97153000.0,A
014761,CIA HERING,2019-12-31,214702000.0,A
014826,CIA BRASILEIRA DE DISTRIBUICAO,2019-12-31,836000000.0,A
015083,KOSMOS COMÉRCIO DE VESTUÁRIO S/A - EM RECUPERAÇÃO JUDICIAL,2019-12-31,-85003000.0,A
015091,LITEL PARTICIPACOES S.A.,2019-12-31,301708000.0,A
015253,ENERGISA S.A.,2019-12-31,527158000.0,A
015423,ATOM EMPREENDIMENTOS E PARTICIPAÇÕES S.A.,2019-12-31,2113000.0,A
015458,EMBPAR PARTICIPAÇÕES S/A,2019-12-31,9669000.0,A
015539,NEOENERGIA S.A.,2019-12-31,2309322000.0,A
016101,GAFISA S.A.,2019-12-31,-14103000.0,A
016292,BRF S.A.,2019-12-31,297452000.0,A
016306,ROSSI RESIDENCIAL S.A. - EM RECUPERAÇÃO JUDICIAL,2019-12-31,-311364000.0,A
016438,SUL 116 PARTICIPACOES S.A.,2019-12-31,-3548000.0,A
016497,EMPRESA NAC COM REDITO PART S.A.ENCORPAR,2019-12-31,-17688000.0,A
016632,DEXXOS PARTICIPAÇÕES S.A.,2019-12-31,22089000.0,A
016659,PORTO SEGURO S.A.,2019-12-31,1379109000.0,A
016993,EMAE - EMPRESA METROP.AGUAS ENERGIA S.A.,2019-12-31,92636000.0,A
017329,ENGIE BRASIL ENERGIA S.A.,2019-12-31,2311099000.0,A
017450,RUMO S.A.,2019-12-31,785871000.0,A
017639,TIM PARTICIPACOES S.A.,2019-12-31,3622127000.0,A
017671,TELEFÔNICA BRASIL S.A,2019-12-31,5001014000.0,A
017892,SANTOS BRASIL PARTICIPACOES S.A.,2019-12-31,15375000.0,A
017914,MASSA FALIDA DA MMX MINERACAO E METALICOS S.A.,2019-12-31,-120695000.0,A
017973,COGNA EDUCAÇÃO S.A.,2019-12-31,242588000.0,A
018287,VIRGO II COMPANHIA DE SECURITIZACAO,2019-12-31,-1448000.0,A
018368,RIO PARANAPANEMA ENERGIA S.A.,2019-12-31,246390000.0,A
018376,CTEEP - CIA TRANSMISSÃO ENERGIA ELÉTRICA PAULISTA,2019-12-31,1779451000.0,A
018414,PADTEC HOLDING S.A.,2019-12-31,5439000.0,A
018465,ULTRAPAR PARTICIPACOES S.A.,2019-12-31,402944000.0,A
018660,CPFL ENERGIA S.A.,2019-12-31,2748297000.0,A
018708,CIA PARTICIPACOES ALIANCA DA BAHIA,2019-12-31,45695000.0,A
018724,BRADESPAR S.A.,2019-12-31,-403207000.0,A
018775,INVESTIMENTOS E PARTICIP. EM INFRA S.A. - INVEPAR,2019-12-31,-2070932000.0,A
018821,CCR S.A.,2019-12-31,1426452000.0,A
018953,CPFL GERACAO DE ENERGIA S.A.,2019-12-31,952978000.0,A
018970,AES TIETE ENERGIA SA,2019-12-31,300119000.0,A
019100,ATMA PARTICIPAÇÕES S.A. - EM RECUPERAÇÃO JUDICIAL,2019-12-31,-422415000.0,A
019305,BIOMM S.A.,2019-12-31,-55812000.0,A
019330,TPI - TRIUNFO PARTICIP. E INVEST. S.A.,2019-12-31,-216435000.0,A
019348,ITAU UNIBANCO HOLDING S.A.,2019-12-31,27813000000.0,A
019445,CIA SANEAMENTO DE MINAS GERAIS-COPASA MG,2019-12-31,754374000.0,A
019453,ECORODOVIAS INFRAESTRUTURA E LOGÍSTICA S.A.,2019-12-31,-185460000.0,A
019550,NATURA COSMETICOS S.A.,2019-12-31,392391000.0,A
019569,GOL LINHAS AEREAS INTELIGENTES S.A.,2019-12-31,179338000.0,A
019615,GRENDENE S.A.,2019-12-31,494954000.0,A
019623,DIAGNOSTICOS DA AMERICA S.A.,2019-12-31,130223000.0,A
019658,POMIFRUTAS S/A EM RECUPERACAO JUDICIAL,2019-12-31,597000.0,A
019739,LOCALIZA RENT A CAR S.A.,2019-12-31,833938000.0,A
019763,EDP - ENERGIAS DO BRASIL S.A.,2019-12-31,1482455000.0,A
019771,ARTERIS S.A.,2019-12-31,-36939000.0,A
019836,COSAN S.A.,2019-12-31,2483275000.0,A
019879,LIGHT S.A. - EM RECUPERAÇÃO JUDICIAL,2019-12-31,1327803000.0,A
019909,BR MALLS PARTICIPACOES S.A.,2019-12-31,1382776000.0,A
019925,BR PROPERTIES S.A.,2019-12-31,311352000.0,A
019992,TOTVS S.A.,2019-12-31,210648000.0,A
020010,EQUATORIAL ENERGIA S.A.,2019-12-31,2715632000.0,A
020028,VALID SOLUÇÕES S.A.,2019-12-31,53741000.0,A
020036,BRASILAGRO - CIA BRAS DE PROP AGRICOLAS,2019-06-30,177079000.0,A
020060,LUPATECH S.A,2019-12-31,-26178000.0,A
020087,EMBRAER S.A.,2019-12-31,-1294086000.0,A
020125,ODONTOPREV S.A.,2019-12-31,284821000.0,A
020184,CCX CARVÃO DA COLÔMBIA S.A. - EM LIQUIDAÇÃO,2019-12-31,-4320000.0,A
020257,TRANSMISSORA ALIANÇA DE ENERGIA ELÉTRICA S.A.,2019-12-31,1002315000.0,A
020320,CEMIG GERACAO E TRANSMISSAO S.A.,2019-12-31,835078000.0,A
020338,M.DIAS BRANCO S.A. IND COM DE ALIMENTOS,2019-12-31,556884000.0,A
020346,PROFARMA DISTRIB PROD FARMACEUTICOS S.A.,2019-12-31,11978000.0,A
020354,TERRA SANTA AGRO S.A.,2019-12-31,-134719000.0,A
020362,POSITIVO TECNOLOGIA S.A.,2019-12-31,20848000.0,A
020370,LPS BRASIL - CONSULTORIA DE IMOVEIS S.A.,2019-12-31,-2776000.0,A
020435,TECNISA S.A.,2019-12-31,-262374000.0,A
020451,RNI NEGÓCIOS IMOBILIÁRIOS S.A.,2019-12-31,1258000.0,A
020478,PDG REALTY S.A. EMPREEND E PARTICIPACOES,2019-12-31,-909851000.0,A
020494,IGUATEMI EMPRESA DE SHOPPING CENTERS S.A,2019-12-31,314301000.0,A
020516,SAO MARTINHO S.A.,2019-03-31,314045000.0,A
020524,EVEN CONSTRUTORA E INCORPORADORA S.A.,2019-12-31,142740000.0,A
020532,BCO SANTANDER (BRASIL) S.A.,2019-12-31,16631450000.0,A
020540,CPFL ENERGIAS RENOVÁVEIS S.A.,2019-12-31,107024000.0,A
020567,BCO PINE S.A,2019-12-31,-115627000.0,A
020575,JBS S.A.,2019-12-31,6464854000.0,A
020605,JHSF PARTICIPACOES S.A.,2019-12-31,326678000.0,A
020613,METALFRIO SOLUTIONS S.A.,2019-12-31,47445000.0,A
020630,FICA EMPREENDIMENTOS IMOBILIÁRIOS S.A.,2019-12-31,-9913000.0,A
020702,VIVER INCORPORADORA E CONSTRUTORA S.A.,2019-12-31,-220334000.0,A
020710,LOG-IN LOGISTICA INTERMODAL S.A.,2019-12-31,11157000.0,A
020729,PARANA BCO S.A.,2019-12-31,187484000.0,A
020745,SLC AGRICOLA S.A.,2019-12-31,315041000.0,A
020770,EZ TEC EMPREEND. E PARTICIPACOES S.A.,2019-12-31,290461000.0,A
020788,MARFRIG GLOBAL FOODS S.A.,2019-12-31,1582239000.0,A
020796,BCO DAYCOVAL S.A.,2019-12-31,1026296000.0,A
020800,TEGMA GESTAO LOGISTICA S.A.,2019-12-31,193972000.0,A
020818,VIRGO COMPANHIA DE SECURITIZAÇÃO,2019-12-31,-1528000.0,A
020877,HELBOR EMPREENDIMENTOS S.A.,2019-12-31,-104194000.0,A
020885,BCO INDUSVAL S.A.,2019-12-31,-17656000.0,A
020915,MRV ENGENHARIA E PARTICIPACOES S.A.,2019-12-31,747876000.0,A
020931,MINERVA S.A.,2019-12-31,16157000.0,A
020958,BCO ABC BRASIL S.A.,2019-12-31,497394000.0,A
020966,SPRINGS GLOBAL PARTICIPACOES S.A.,2019-12-31,45724000.0,A
020982,MULTIPLAN - EMPREEND IMOBILIARIOS S.A.,2019-12-31,469195000.0,A
020990,AMERICANAS S.A. - EM RECUPERAÇÃO JUDICIAL,2019-12-31,-318238000.0,A
021008,GENERAL SHOPPING E OUTLETS DO BRASIL BRASIL S.A.,2019-12-31,-34312000.0,A
021016,YDUQS PARTICIPACOES S.A.,2019-12-31,646140000.0,A
021032,ALGAR TELECOM S/A,2019-12-31,302716000.0,A
021040,SYN PROP & TECH S.A.,2019-12-31,96774000.0,A
021067,MOURA DUBEUX ENGENHARIA S/A,2019-12-31,-99145000.0,A
021091,DEXCO S.A.,2019-12-31,405727000.0,A
021121,SUL AMERICA S.A.,2019-12-31,1181627000.0,A
021130,TRISUL S.A.,2019-12-31,151022000.0,A
021148,CONSTRUTORA TENDA S.A.,2019-12-31,264413000.0,A
021156,J. MACEDO S.A.,2019-12-31,-69443000.0,A
021180,NEXPE PARTICIPAÇÕES S.A,2019-12-31,-70765000.0,A
021199,BCO PAN S.A.,2019-12-31,621815000.0,A
021202,VIX LOGÍSTICA S.A.,2019-12-31,44560000.0,A
021237,ENEVA S.A,2019-12-31,599080000.0,A
021334,NUTRIPLANT INDUSTRIA E COMERCIO S.A.,2019-12-31,34457000.0,A
021342,OSX BRASIL S.A. - EM RECUPERAÇÃO JUDICIAL,2019-12-31,-568628000.0,A
021350,DIRECIONAL ENGENHARIA S.A.,2019-12-31,120816000.0,A
021393,CIA CELG DE PARTICIPACOES - CELGPAR,2019-12-31,71922000.0,A
021431,HYPERA S.A.,2019-12-31,1164040000.0,A
021440,VESTE S.A. ESTILO,2019-12-31,-192996000.0,A
021466,BANCO RCI BRASIL S.A.,2019-12-31,232432000.0,A
021490,ALUPAR INVESTIMENTO S/A,2019-12-31,1641397000.0,A
021520,MULTINER S/A,2019-12-31,-32249000.0,A
021555,LOCAMÉRICA RENT-A-CAR S.A.,2019-12-31,176960000.0,A
021610,"B3 S.A. - BRASIL, BOLSA, BALCÃO",2019-12-31,2713204000.0,A
021636,RENOVA ENERGIA S.A. - EM RECUPERAÇÃO JUDICIAL,2019-12-31,-1014058000.0,A
021709,CIA MINEIRA DE AÇUCAR E ALCOOL PARTICIPAÇÕES,2019-03-31,18832000.0,A
021733,CIELO S.A. -  INSTITUIÇÃO DE PAGAMENTO,2019-12-31,1789559000.0,A
021881,FLEURY S.A.,2019-12-31,312317000.0,A
021903,ECORODOVIAS CONCESSÕES E SERVIÇOS S.A.,2019-12-31,109113000.0,A
022012,"MILLS LOCAÇÃO, SERVIÇOS E LOGÍSTICA S.A.",2019-12-31,-44980000.0,A
022020,JSL S.A.,2019-12-31,318625000.0,A
022055,MARISA LOJAS S.A.,2019-12-31,-112361000.0,A
022187,PRIO S.A.,2019-12-31,842346000.0,A
022217,ALPER CONSULTORIA E CORRETORA DE SEGUROS S.A.,2019-12-31,2501000.0,A
022349,AZZAS 2154 S.A.,2019-12-31,162139000.0,A
022357,ALLOS S.A.,2019-12-31,56632000.0,A
022365,ENAUTA PARTICIPAÇÕES S.A.,2019-12-31,215465000.0,A
022454,T4F ENTRETENIMENTO S.A.,2019-12-31,-71779000.0,A
022470,MAGAZINE LUIZA S.A.,2019-12-31,921828000.0,A
022497,QUALICORP CONSULTORIA E CORRETORA DE SEGUROS S.A.,2019-12-31,392756000.0,A
022519,TECHNOS S.A.,2019-12-31,-122654000.0,A
022560,INBRANDS S.A.,2019-12-31,23990000.0,A
022586,MLOG S.A.,2019-12-31,-29530000.0,A
022594,STATKRAFT ENERGIAS RENOVAVEIS S.A.,2019-12-31,45236000.0,A
022616,BCO BTG PACTUAL S.A.,2019-12-31,4053417000.0,A
022675,HIDROVIAS DO BRASIL S.A.,2019-12-31,58609000.0,A
022691,COMPANHIA DE LOCAÇÃO DAS AMÉRICAS,2019-12-31,338146000.0,A
022780,UNICASA INDÚSTRIA DE MÓVEIS S.A.,2019-12-31,17984000.0,A
022799,SINQIA S.A.,2019-12-31,-4579000.0,A
022810,ELDORADO BRASIL CELULOSE S.A.,2019-12-31,541321000.0,A
022845,BIOSEV S.A.,2019-03-31,-1199130000.0,A
022942,MGI - MINAS GERAIS PARTICIPAÇÕES S.A.,2019-12-31,-8494000.0,A
023000,LIGHT ENERGIA S.A.,2019-12-31,326609000.0,A
023035,LINX S.A.,2019-12-31,38876000.0,A
023159,BB SEGURIDADE PARTICIPAÇÕES S.A.,2019-12-31,6658781000.0,A
023175,IGUA SANEAMENTO S.A.,2019-12-31,44724000.0,A
023221,SER EDUCACIONAL S.A.,2019-12-31,136372000.0,A
023230,RAIZEN ENERGIA S.A.,2019-03-31,473022000.0,A
023248,ANIMA HOLDING S.A.,2019-12-31,-9593000.0,A
023264,AMBEV S.A.,2019-12-31,12188332000.0,A
023272,LOG COMMERCIAL PROPERTIES E PARTICIPAÇÕES,2019-12-31,93335000.0,A
023280,UNIDAS LOCAÇÕES E SERVIÇOS S.A.,2019-12-31,-87505000.0,A
023302,QUALITY SOFTWARE S.A.,2019-12-31,2200882.0,A
023310,CVC BRASIL OPERADORA E AGÊNCIA DE VIAGENS S.A.,2019-12-31,-1865000.0,A
023396,AEGEA SANEAMENTO E PARTICIPAÇÕES S.A.,2019-12-31,294412000.0,A
023426,SERENA GERAÇÃO S.A.,2019-12-31,32629000.0,A
023485,COSAN LOGISTICA S.A.,2019-12-31,778248000.0,A
023493,DOMMO ENERGIA S.A.,2019-12-31,-126516000.0,A
023507,OUROFINO S.A.,2019-12-31,46278000.0,A
023531,CLARO TELECOM PARTICIPAÇÕES S.A.,2019-12-31,1502616000.0,A
023574,INTERNATIONAL MEAL COMPANY ALIMENTACAO S.A.,2019-12-31,-15842000.0,A
023590,WIZ CO PARTICIPAÇÕES E CORRETAGEM DE SEGUROS S.A.,2019-12-31,223667000.0,A
023604,YOU INC INCORPORADORA E PARTICIPAÇÃO S.A,2019-12-31,30579000.0,A
023620,CBO HOLDING S.A.,2019-12-31,285932000.0,A
023795,CAIXA SEGURIDADE PARTICIPAÇÕES S.A.,2019-12-31,1536057000.0,A
023817,BRQ SOLUCOES EM INFORMATICA S.A.,2019-12-31,29844000.0,A
023825,MOVIDA PARTICIPACOES SA,2019-12-31,227815000.0,A
023930,BRASILIANA PARTICIPAÇÕES S/A,2019-12-31,-22394000.0,A
023957,SUGOI S.A.,2019-12-31,27515000.0,A
023965,CINESYSTEM S.A.,2019-12-31,2700000.0,A
023981,CTC - CENTRO DE TECNOLOGIA CANAVIEIRA S.A.,2019-03-31,23597000.0,A
024058,ALLIANÇA SAÚDE E PARTICIPAÇÕES S.A.,2019-12-31,50073000.0,A
024090,INSTITUTO HERMES PARDINI S.A.,2019-12-31,158404000.0,A
024112,AZUL S.A.,2019-12-31,-2403086000.0,A
024120,ARGO ENERGIA EMPREENDIMENTOS E PARTICIPAÇÕES S/A,2019-12-31,459013000.0,A
024171,ATACADÃO S.A.,2019-12-31,1328000000.0,A
024180,IRB - BRASIL RESSEGUROS S.A.,2019-12-31,1210120000.0,A
024201,STARA S.A. - INDÚSTRIA DE IMPLEMENTOS AGRÍCOLAS,2019-12-31,127448000.0,A
024228,CAMIL ALIMENTOS S.A.,2019-02-28,362387000.0,A
024236,PRINER SERVIÇOS INDUSTRIAIS S.A.,2019-12-31,-10798000.0,A
024252,SMILES FIDELIDADE S.A.,2019-12-31,626725000.0,A
024260,SMARTFIT ESCOLA DE GINÁSTICA E DANÇA S.A.,2019-12-31,-339272000.0,A
024279,INC EMPREENDIMENTOS IMOBILIÁRIOS S.A.,2019-12-31,46567000.0,A
024295,VIBRA ENERGIA S/A,2019-12-31,2211000000.0,A
024309,VENTURE CAPITAL PARTICIPAÇÕES E INVESTIMENTOS S/A,2019-12-31,29805000.0,A
024317,ZAMP SA,2019-12-31,48543000.0,A
024350,FLEX GESTÃO DE RELACIONAMENTOS S.A.-EM RECUPERAÇÃO JUDICIAL,2019-12-31,-19024000.0,A
024384,NOTRE DAME INTERMÉDICA PARTICIPAÇÕES S.A.,2019-12-31,423583000.0,A
024392,HAPVIDA PARTICIPAÇÕES E INVESTIMENTOS S.A.,2019-12-31,851846000.0,A
024473,JHSF MALLS S.A.,2019-12-31,230545000.0,A
024490,SABER SERVIÇOS EDUCACIONAIS S.A.,2019-12-31,-253148000.0,A
024546,PRÁTICA PRODUTOS S.A.,2019-12-31,8030000.0,A
024589,ENERGISA TRANSMISSÃO DE ENERGIA S/A,2019-12-31,259391000.0,A
024597,CELEO REDES TRANSMISSÃO DE ENERGIA S.A.,2019-12-31,38409.0,A
024600,BANCO BMG S/A,2019-12-31,389809000.0,A
024627,BLAU FARMACÊUTICA S.A.,2019-12-31,200238000.0,A
024660,BBM LOGÍSTICA S.A.,2019-12-31,13746000.0,A
024694,GRUPO SBF S.A.,2019-12-31,309727000.0,A
024716,"VAMOS LOCAÇÃO DE CAMINHÕES, MÁQUINAS E EQUIPAMENTOS S.A.",2019-12-31,141782000.0,A
024740,COPEL GERAÇÃO E TRANSMISSÃO S.A.,2019-12-31,1270443000.0,A
024775,BCBF PARTICIPAÇÕES S.A.,2019-12-31,555736000.0,A
024783,NATURA &CO HOLDING S.A.,2019-12-31,155467000.0,A
024805,VIVARA PARTICIPAÇÕES S.A.,2019-12-31,257971336.0,A
024813,LOCALIZA FLEET S.A.,2019-12-31,216045000.0,A
024821,REDE D'OR SÃO LUIZ S.A.,2019-12-31,1191517000.0,A
024830,BRK AMBIENTAL PARTICIPAÇÕES S.A.,2019-12-31,336505.0,A
024848,C&A MODAS S.A.,2019-12-31,971993000.0,A
024856,UP ENGENHARIA E URBANISMO S.A.,2019-12-31,-17893.0,A
024872,LIFEMED INDUSTRIAL DE EQUIP. E ART. MEDICOS E HOSP. S.A,2019-12-31,18275000.0,A
024902,MITRE REALTY EMPREENDIMENTOS E PARTICIPAÇÕES S.A.,2019-12-31,31996000.0,A
024910,LWSA S/A,2019-12-31,18071000.0,A
024953,"ALLPARK EMPREENDIMENTOS, PARTICIPAÇÕES E SERVIÇOS S.A.",2019-12-31,-42628000.0,A
024961,AMBIPAR PARTICIPAÇÕES E EMPREENDIMENTOS S.A.,2019-12-31,35468000.0,A
025003,SIMPAR S.A.,2019-12-31,312963000.0,A
025011,GRUPO DE MODA SOMA S.A.,2019-12-31,126835000.0,A
025038,LOJAS QUERO QUERO S.A.,2019-12-31,30122000.0,A
025046,D1000 VAREJO FARMA PARTICIPAÇÕES S.A.,2019-12-31,-7487000.0,A
025062,LAVVI EMPREENDIMENTOS IMOBILIÁRIOS S.A.,2019-12-31,49709000.0,A
025100,CURY CONSTRUTORA E INCORPORADORA S.A.,2019-12-31,204056000.0,A
025119,MELNICK DESENVOLVIMENTO IMOBILIÁRIO S.A.,2019-12-31,55312000.0,A
025127,COMPASS GÁS E ENERGIA S.A.,2019-12-31,-1726000.0,A
025143,PACAEMBU CONSTRUTORA S.A.,2019-12-31,111579000.0,A
025160,SEQUOIA LOGÍSTICA E TRANSPORTES S.A.,2019-12-31,-7146000.0,A
025186,GRUPO MATEUS S.A.,2019-12-31,337695000.0,A
025194,TRIPLE PLAY BRASIL PARTICIPAÇÕES S.A.,2019-12-31,8540000.0,A
025208,TRACK & FIELD CO S.A.,2019-12-31,23443000.0,A
025224,2W ECOBANK S.A.,2019-12-31,11757000.0,A
025259,ENJOEI S.A.,2019-12-31,-20757000.0,A
025275,ALPHAVILLE S.A.,2019-12-31,-823237000.0,A
025283,AERIS IND. E COM. DE EQUIP. PARA GER. DE ENG. S.A.,2019-12-31,88742000.0,A
025291,3R PETROLEUM ÓLEO E GÁS S.A.,2019-12-31,-31966000.0,A
025305,PATRIMAR ENGENHARIA S.A.,2019-12-31,26539000.0,A
025321,GRANBIO INVESTIMENTOS S.A.,2019-12-31,78565000.0,A
025330,ALLIED TECNOLOGIA S.A.,2019-12-31,100630000.0,A
025348,ELFA MEDICAMENTOS S.A.,2019-12-31,39560000.0,A
025372,SENDAS DISTRIBUIDORA S.A.,2019-12-31,1060000000.0,A
025399,NEOGRID PARTICIPAÇÕES S.A.,2019-12-31,8654000.0,A
025402,HBR REALTY EMPREENDIMENTOS IMOBILIÁRIOS S.A.,2019-12-31,278495000.0,A
025410,SBF COMÉRCIO DE PRODUTOS ESPORTIVOS S.A.,2019-12-31,505082000.0,A
025429,FARMÁCIA E DROGARIA NISSEI S.A.,2019-12-31,-14241000.0,A
025437,URBA DESENVOLVIMENTO URBANO S.A.,2019-12-31,-2678000.0,A
025445,MPM CORPÓREOS S.A.,2019-12-31,65380000.0,A
025453,INTELBRAS S.A. IND. DE TELECOMUNICAÇÃO ELETRÔNICA BRASILEIRA,2019-12-31,189393000.0,A
025461,MOBLY S.A.,2019-12-31,-38233000.0,A
025470,MOSAICO TECNOLOGIA AO CONSUMIDOR S.A.,2019-12-31,63900000.0,A
025488,FOCUS ENERGIA HOLDING PARTICIPAÇÕES S.A.,2019-12-31,94142000.0,A
025526,CRUZEIRO DO SUL EDUCACIONAL S.A.,2019-12-31,120871000.0,A
025534,OCEANPACT SERVIÇOS MARITIMOS S.A.,2019-12-31,9616000.0,A
025542,CVLB BRASIL S.A,2019-12-31,13071000.0,A
025550,ORIZON VALORIZAÇÃO DE RESÍDUOS S.A.,2019-12-31,-16581000.0,A
025569,ELETROMIDIA S.A.,2019-12-31,16185000.0,A
025585,CSN MINERAÇÃO S.A.,2019-12-31,3664263000.0,A
025658,AGROGALAXY PARTICIPAÇÕES S.A.,2019-12-31,24454000.0,A
025739,CS BRASIL PARTICIPAÇÕES E LOCAÇÕES S.A.,2019-12-31,8318000.0,A
025763,VITTIA S.A.,2019-12-31,58114000.0,A
025836,DOTZ S.A.,2019-12-31,-18574000.0,A
025852,W2W E-COMMERCE DE VINHOS S.A.,2019-12-31,7549000.0,A
026166,GRUPO FARTURA DE HORTIFRUT S.A.,2019-12-31,21693000.0,A
080020,"GP INVESTMENTS, LTD.",2019-12-31,547519000.0,A
080047,WILSON SONS LTD.,2019-12-31,121414000.0,A
080179,BIOTOSCANA INVESTMENTS S.A.,2019-12-31,1601525.0,A
080187,AURA MINERALS INC.,2019-01-01,104211000.0,A
080187,AURA MINERALS INC.,2019-12-31,104211000.0,A
000094,PANATLANTICA S.A.,2020-12-31,182494000.0,A
000701,BAHEMA EDUCAÇÃO S.A.,2020-12-31,-45698000.0,A
000906,BCO BRADESCO S.A.,2020-12-31,16033961000.0,A
001023,BCO BRASIL S.A.,2020-12-31,13292883000.0,A
001155,BANESTES S.A. - BCO EST ESPIRITO SANTO,2020-12-31,221654000.0,A
001210,BCO ESTADO DO RIO GRANDE DO SUL S.A.,2020-12-31,619864000.0,A
001325,BCO MERCANTIL DO BRASIL S.A.,2020-12-31,184425000.0,A
001384,BCO ALFA DE INVESTIMENTO S.A.,2020-12-31,74955000.0,A
001520,BARDELLA S.A. INDUSTRIAS MECANICAS EM RECUPERAÇÃO JUDICIAL,2020-12-31,-65455000.0,A
001562,BAUMER S.A.,2020-12-31,16431000.0,A
001597,PARTICIPAÇÕES INDUST. DO NORDESTE S.A.,2020-12-31,-6804000.0,A
002100,CAMBUCI S.A.,2020-12-31,22027000.0,A
002429,IRANI PAPEL E EMBALAGEM S.A.,2020-12-31,92761000.0,A
002437,CENTRAIS ELET BRAS S.A. - ELETROBRAS,2020-12-31,6387313000.0,A
002453,CIA ENERGETICA DE MINAS GERAIS - CEMIG,2020-12-31,2865121000.0,A
002461,CENTRAIS ELET DE SANTA CATARINA S.A.,2020-12-31,518685000.0,A
002577,CESP - CIA ENERGETICA DE SAO PAULO,2020-12-31,1728762000.0,A
003069,CIA FERRO LIGAS DA BAHIA - FERBASA,2020-12-31,70014000.0,A
003077,CIA FIACAO TECIDOS CEDRO CACHOEIRA,2020-12-31,-45920000.0,A
003115,CIA SEGUROS ALIANCA DA BAHIA,2020-12-31,51040000.0,A
003158,CIA TECIDOS NORTE DE MINAS COTEMINAS,2020-12-31,-361269000.0,A
003190,REDE ENERGIA PARTICIPAÇÕES S.A.,2020-12-31,1227851000.0,A
003204,CPFL TRANSMISSÃO S.A.,2020-12-31,276349000.0,A
003298,CIA HABITASUL DE PARTICIPACOES,2020-12-31,1391000.0,A
003328,CIA HIDRO ELÉTRICA DO SÃO FRANCISCO,2020-12-31,2108639000.0,A
003395,CIA INDUSTRIAL CATAGUASES,2020-12-31,-7077000.0,A
003549,CIA INDUSTRIAL SCHLOSSER S.A.,2020-12-31,-933000.0,A
003654,CIA MELHORAMENTOS DE SAO PAULO,2020-12-31,-54834000.0,A
003891,FINANCEIRA ALFA S.A.- CRED FINANC E INVS,2020-12-31,54425000.0,A
003980,GERDAU S.A.,2020-12-31,2388054000.0,A
004030,CIA SIDERURGICA NACIONAL,2020-12-31,4292618000.0,A
004081,CIA TECIDOS SANTANENSE EM RECUPERAÇÃO JUDICIAL,2020-12-31,-3755000.0,A
004146,KARSTEN S.A.,2020-12-31,80509000.0,A
004170,VALE S.A.,2020-12-31,24902341000.0,A
004448,COBRASMA S.A.,2020-12-31,-2538383000.0,A
004537,GRAZZIOTIN S.A.,2020-12-31,70997257.0,A
004669,GUARARAPES CONFECCOES S.A.,2020-12-31,-27154000.0,A
004707,CONSORCIO ALFA DE ADMINISTRACAO S.A.,2020-12-31,63814000.0,A
004723,CONSTRUTORA ADOLPHO LINDENBERG S.A.,2020-12-31,1943000.0,A
004820,BRASKEM S.A.,2020-12-31,-7015306000.0,A
004863,CORREA RIBEIRO S.A. COMERCIO E INDUSTRIA,2020-12-31,5184000.0,A
005207,DOHLER S.A.,2020-12-31,84016000.0,A
005258,RAIA DROGASIL S.A.,2020-12-31,495533000.0,A
005312,MUNDIAL S.A. - PRODUTOS DE CONSUMO,2020-12-31,-8961000.0,A
005380,ELECTRO ACO ALTONA S.A.,2020-12-31,25242000.0,A
005410,WEG S.A.,2020-12-31,2395957000.0,A
005762,ETERNIT S.A.,2020-12-31,158733000.0,A
005770,EUCATEX S.A. INDUSTRIA E COMERCIO,2020-12-31,144175000.0,A
005983,FIACAO E TECELAGEM SAO JOSE SA EM RECUPERACAO JUDICIAL,2020-12-31,-3004000.0,A
006173,TAURUS ARMAS S.A.,2020-12-31,263603000.0,A
006211,FRAS-LE S.A.,2020-12-31,182046000.0,A
006343,TUPY S.A.,2020-12-31,-76210000.0,A
006505,GRUPO CASAS BAHIA S.A.,2020-12-31,1004000000.0,A
006700,HOTEIS OTHON S.A. - EM RECUPERAÇÃO JUDICIAL,2020-12-31,-90774000.0,A
006815,IGB ELETRONICA S.A - EM RECUPERACAO JUDICIAL,2020-12-31,-84814000.0,A
007510,ROMI S.A.,2020-12-31,174699000.0,A
007544,TEXTIL RENAUXVIEW S.A.,2020-12-31,-17905000.0,A
007595,INEPAR S.A. INDUSTRIA E CONSTRUCOES EM RECUPERACAO JUDICIAL,2020-12-31,-542786000.0,A
007617,ITAÚSA S.A.,2020-12-31,7344000000.0,A
007811,JOAO FORTES ENGENHARIA S.A. - EM RECUPERAÇÃO JUDICIAL,2020-12-31,-170943000.0,A
007870,KEPLER WEBER S.A.,2020-12-31,67650000.0,A
008087,LOJAS AMERICANAS S.A.,2020-12-31,314929000.0,A
008133,LOJAS RENNER S.A.,2020-12-31,1096269000.0,A
008192,TREVISA INVESTIMENTOS S.A.,2020-12-31,8419000.0,A
008397,MANGELS INDUSTRIAL S.A.,2020-12-31,-30980000.0,A
008427,MANUFATURA DE BRINQUEDOS ESTRELA S.A.,2020-12-31,-15698000.0,A
008451,MARCOPOLO S.A.,2020-12-31,90707000.0,A
008575,MAHLE-METAL LEVE S.A.,2020-12-31,122218000.0,A
008656,METALURGICA GERDAU S.A.,2020-12-31,2383590000.0,A
008672,IGUATEMI S.A.,2020-12-31,176080000.0,A
008745,METANOR SA METANOL DO NE,2020-12-31,18762000.0,A
008753,METISA METALURGICA TIMBOENSE S.A.,2020-12-31,57201135.0,A
008893,MONTEIRO ARANHA S.A.,2020-12-31,-9345000.0,A
009067,SUZANO HOLDING S.A.,2020-12-31,-10731744000.0,A
009342,DIMED S.A. DISTRIBUIDORA DE MEDICAMENTOS,2020-12-31,56151000.0,A
009393,PARANAPANEMA S.A. - EM RECUPERAÇÃO JUDICIAL,2020-12-31,-861604000.0,A
009512,PETROLEO BRASILEIRO S.A. PETROBRAS,2020-12-31,6246000000.0,A
009539,PETTENATI S.A. INDUSTRIA TEXTIL,2020-06-30,4018328.0,A
009989,REFINARIA DE PETROLEOS MANGUINHOS S.A.,2020-12-31,-412911000.0,A
010456,ALPARGATAS S.A.,2020-12-31,126886000.0,A
010472,SARAIVA LIVREIROS S.A. - EM RECUPERAÇÃO JUDICIAL,2020-12-31,-419628000.0,A
010880,SONDOTECNICA ENGENHARIA SOLOS S.A.,2020-12-31,21101000.0,A
011070,WLM PART. E COMÉRCIO DE MÁQUINAS E VEÍCULOS S.A.,2020-12-31,54427000.0,A
011207,TECNOSOLO ENGENHARIA S.A. - EMPRESA FALIDA,2020-12-31,-706000.0,A
011223,TEKA-TECELAGEM KUEHNRICH S.A. - EM RECUPERAÇÃO JUDICIAL,2020-12-31,-115783000.0,A
011231,TEKNO S.A. - INDUSTRIA E COMERCIO,2020-12-31,12800000.0,A
011312,OI S.A. - EM RECUPERAÇÃO JUDICIAL,2020-12-31,-10528499000.0,A
011592,UNIPAR CARBOCLORO S.A.,2020-12-31,370215000.0,A
011762,VULCABRAS S.A.,2020-12-31,31554000.0,A
011932,IOCHPE MAXION S.A.,2020-12-31,-419914000.0,A
011975,AZEVEDO E TRAVASSOS S.A.,2020-12-31,-36869000.0,A
011991,WETZEL S.A.,2020-12-31,24864000.0,A
012190,BOMBRIL S.A.,2020-12-31,39956000.0,A
012319,BLUE TECH SOLUTIONS EQI S.A.,2020-12-31,-6480000.0,A
012572,RECRUSUL S.A.,2020-12-31,-1369000.0,A
012653,KLABIN S.A.,2020-12-31,-2389490000.0,A
012696,SANSUY S.A. INDUSTRIA DE PLASTICOS,2020-12-31,-140567000.0,A
012823,SIDERURGICA J. L. ALIPERTI S.A.,2020-12-31,65421000.0,A
013030,CONSTRUTORA SULTEPA S.A. - EM RECUPERAÇÃO JUDICIAL,2020-12-31,58964000.0,A
013285,JOSAPAR-JOAQUIM OLIVEIRA S.A. - PARTICIP,2020-12-31,38418000.0,A
013366,HAGA S.A. INDUSTRIA E COMERCIO,2020-12-31,5577962.0,A
013439,METALURGICA RIOSULENSE S.A.,2020-12-31,-5709000.0,A
013471,PLASCAR PARTICIPACOES INDUSTRIAIS S.A.,2020-12-31,-117013000.0,A
013765,MINUPAR PARTICIPACOES S.A.,2020-12-31,16573000.0,A
013773,PBG S/A,2020-12-31,128242000.0,A
013781,SAO CARLOS EMPREEND E PARTICIPACOES S.A.,2020-12-31,88865000.0,A
013986,SUZANO S.A.,2020-12-31,-10714935000.0,A
014109,RANDON S.A. IMPLEMENTOS E PARTICIPACOES,2020-12-31,833308000.0,A
014206,BRB BANCO DE BRASILIA S.A.,2020-12-31,423379000.0,A
014311,CIA PARANAENSE DE ENERGIA - COPEL,2020-12-31,3909750000.0,A
014320,USINAS SID DE MINAS GERAIS S.A.-USIMINAS,2020-12-31,1291743000.0,A
014346,WHIRLPOOL S.A.,2020-12-31,713737000.0,A
014451,COMPANHIA ENERGÉTICA DE BRASÍLIA - CEB,2020-12-31,465378000.0,A
014460,CYRELA BRAZIL REALTY S.A.EMPREEND E PART,2020-12-31,1829496000.0,A
014664,SCHULZ S.A.,2020-12-31,141819000.0,A
014761,CIA HERING,2020-12-31,342969000.0,A
014826,CIA BRASILEIRA DE DISTRIBUICAO,2020-12-31,2326000000.0,A
015253,ENERGISA S.A.,2020-12-31,1607474000.0,A
015423,FICTOR ALIMENTOS S.A.,2020-12-31,12330000.0,A
015458,EMBPAR PARTICIPAÇÕES S/A,2020-12-31,15897000.0,A
015539,NEOENERGIA S.A.,2020-12-31,2905000000.0,A
016101,GAFISA S.A.,2020-12-31,-77000000.0,A
016292,BRF S.A.,2020-12-31,1390069000.0,A
016306,ROSSI RESIDENCIAL S.A. - EM RECUPERAÇÃO JUDICIAL,2020-12-31,-8916000.0,A
016438,SUL 116 PARTICIPACOES S.A.,2020-12-31,-574000.0,A
016497,EMPRESA NAC COM REDITO PART S.A.ENCORPAR,2020-12-31,-55356000.0,A
016632,DEXXOS PARTICIPAÇÕES S.A.,2020-12-31,143887000.0,A
016659,PORTO SEGURO S.A.,2020-12-31,1688216000.0,A
016993,EMAE - EMPRESA METROP.AGUAS ENERGIA S.A.,2020-12-31,198485000.0,A
017329,ENGIE BRASIL ENERGIA S.A.,2020-12-31,2797268000.0,A
017450,RUMO S.A.,2020-12-31,304675000.0,A
017671,TELEFÔNICA BRASIL S.A,2020-12-31,4770527000.0,A
017892,SANTOS BRASIL PARTICIPACOES S.A.,2020-12-31,-13761000.0,A
017914,MASSA FALIDA DA MMX MINERACAO E METALICOS S.A.,2020-12-31,-81048000.0,A
017973,COGNA EDUCAÇÃO S.A.,2020-12-31,-5805798000.0,A
018287,VIRGO II COMPANHIA DE SECURITIZACAO,2020-12-31,2743000.0,A
018368,RIO PARANAPANEMA ENERGIA S.A.,2020-12-31,701868000.0,A
018376,ISA ENERGIA BRASIL,2020-12-31,3382650000.0,A
018414,PADTEC HOLDING S.A.,2020-12-31,17211000.0,A
018465,ULTRAPAR PARTICIPACOES S.A.,2020-12-31,927697000.0,A
018660,CPFL ENERGIA S.A.,2020-12-31,3706986000.0,A
018708,CIA PARTICIPACOES ALIANCA DA BAHIA,2020-12-31,464599000.0,A
018724,BRADESPAR S.A.,2020-12-31,1467052000.0,A
018775,INVESTIMENTOS E PARTICIP. EM INFRA S.A. - INVEPAR,2020-12-31,-1414600000.0,A
018821,CCR S.A.,2020-12-31,86113000.0,A
018953,CPFL GERACAO DE ENERGIA S.A.,2020-12-31,1644548000.0,A
018970,AES TIETE ENERGIA SA,2020-12-31,848021000.0,A
019100,ATMA PARTICIPAÇÕES S.A. - EM RECUPERAÇÃO JUDICIAL,2020-12-31,-214692000.0,A
019305,BIOMM S.A.,2020-12-31,-70767000.0,A
019330,TPI - TRIUNFO PARTICIP. E INVEST. S.A.,2020-12-31,168574000.0,A
019348,ITAU UNIBANCO HOLDING S.A.,2020-12-31,15064000000.0,A
019445,CIA SANEAMENTO DE MINAS GERAIS-COPASA MG,2020-12-31,816477000.0,A
019453,ECORODOVIAS INFRAESTRUTURA E LOGÍSTICA S.A.,2020-12-31,-423988000.0,A
019550,NATURA COSMETICOS S.A.,2020-12-31,1102271000.0,A
019569,GOL LINHAS AEREAS INTELIGENTES S.A.,2020-12-31,-5895251000.0,A
019615,GRENDENE S.A.,2020-12-31,405206000.0,A
019623,DIAGNOSTICOS DA AMERICA S.A.,2020-12-31,-147739000.0,A
019658,POMIFRUTAS S/A EM RECUPERACAO JUDICIAL,2020-12-31,2159000.0,A
019739,LOCALIZA RENT A CAR S.A.,2020-12-31,1048180000.0,A
019763,EDP - ENERGIAS DO BRASIL S.A.,2020-12-31,1713920000.0,A
019771,ARTERIS S.A.,2020-12-31,-48189000.0,A
019836,COSAN S.A.,2020-12-31,908814000.0,A
019879,LIGHT S.A. - EM RECUPERAÇÃO JUDICIAL,2020-12-31,691922000.0,A
019909,BR MALLS PARTICIPACOES S.A.,2020-12-31,-336109000.0,A
019925,BR PROPERTIES S.A.,2020-12-31,206269000.0,A
019992,TOTVS S.A.,2020-12-31,294959000.0,A
020010,EQUATORIAL S.A.,2020-12-31,3447653000.0,A
020028,VALID SOLUÇÕES S.A.,2020-12-31,-201649000.0,A
020036,BRASILAGRO - CIA BRAS DE PROP AGRICOLAS,2020-06-30,119554000.0,A
020060,LUPATECH S.A,2020-12-31,20578000.0,A
020087,EMBRAER S.A.,2020-12-31,-3596233000.0,A
020125,ODONTOPREV S.A.,2020-12-31,359721000.0,A
020184,CCX CARVÃO DA COLÔMBIA S.A. - EM LIQUIDAÇÃO,2020-12-31,5648000.0,A
020257,TRANSMISSORA ALIANÇA DE ENERGIA ELÉTRICA S.A.,2020-12-31,2262927000.0,A
020320,CEMIG GERACAO E TRANSMISSAO S.A.,2020-12-31,1055535000.0,A
020338,M.DIAS BRANCO S.A. IND COM DE ALIMENTOS,2020-12-31,763844000.0,A
020346,PROFARMA DISTRIB PROD FARMACEUTICOS S.A.,2020-12-31,61797000.0,A
020354,TERRA SANTA AGRO S.A.,2020-12-31,-56848000.0,A
020362,POSITIVO TECNOLOGIA S.A.,2020-12-31,195842000.0,A
020370,LPS BRASIL - CONSULTORIA DE IMOVEIS S.A.,2020-12-31,13060000.0,A
020435,TECNISA S.A.,2020-12-31,-166875000.0,A
020451,RNI NEGÓCIOS IMOBILIÁRIOS S.A.,2020-12-31,4322000.0,A
020478,PDG REALTY S.A. EMPREEND E PARTICIPACOES,2020-12-31,-456703000.0,A
020494,IGUATEMI EMPRESA DE SHOPPING CENTERS S.A,2020-12-31,202324000.0,A
020516,SAO MARTINHO S.A.,2020-03-31,639010000.0,A
020524,EVEN CONSTRUTORA E INCORPORADORA S.A.,2020-12-31,53349000.0,A
020532,BCO SANTANDER (BRASIL) S.A.,2020-12-31,13450753000.0,A
020540,CPFL ENERGIAS RENOVÁVEIS S.A.,2020-12-31,806006000.0,A
020567,BCO PINE S.A,2020-12-31,-71008000.0,A
020575,JBS S.A.,2020-12-31,4654949000.0,A
020605,JHSF PARTICIPACOES S.A.,2020-12-31,638854000.0,A
020613,METALFRIO SOLUTIONS S.A.,2020-12-31,-140066000.0,A
020630,FICA EMPREENDIMENTOS IMOBILIÁRIOS S.A.,2020-12-31,-15439000.0,A
020702,VIVER INCORPORADORA E CONSTRUTORA S.A.,2020-12-31,-181244000.0,A
020710,LOG-IN LOGISTICA INTERMODAL S.A.,2020-12-31,13000000.0,A
020745,SLC AGRICOLA S.A.,2020-12-31,510948000.0,A
020770,EZ TEC EMPREEND. E PARTICIPACOES S.A.,2020-12-31,415027000.0,A
020788,MARFRIG GLOBAL FOODS S.A.,2020-12-31,4530852000.0,A
020796,BCO DAYCOVAL S.A.,2020-12-31,1164955000.0,A
020800,TEGMA GESTAO LOGISTICA S.A.,2020-12-31,73509000.0,A
020818,VIRGO COMPANHIA DE SECURITIZAÇÃO,2020-12-31,-424000.0,A
020877,HELBOR EMPREENDIMENTOS S.A.,2020-12-31,61954000.0,A
020915,MRV ENGENHARIA E PARTICIPACOES S.A.,2020-12-31,620992000.0,A
020931,MINERVA S.A.,2020-12-31,697092000.0,A
020958,BCO ABC BRASIL S.A.,2020-12-31,340688000.0,A
020966,SPRINGS GLOBAL PARTICIPACOES S.A.,2020-12-31,-320940000.0,A
020982,MULTIPLAN - EMPREEND IMOBILIARIOS S.A.,2020-12-31,963978000.0,A
020990,AMERICANAS S.A. - EM RECUPERAÇÃO JUDICIAL,2020-12-31,-210758000.0,A
021008,GENERAL SHOPPING E OUTLETS DO BRASIL BRASIL S.A.,2020-12-31,-472942000.0,A
021016,YDUQS PARTICIPACOES S.A.,2020-12-31,98181000.0,A
021032,ALGAR TELECOM S/A,2020-12-31,202376000.0,A
021040,SYN PROP & TECH S.A.,2020-12-31,127991000.0,A
021067,MOURA DUBEUX ENGENHARIA S/A,2020-12-31,-104399000.0,A
021091,DEXCO S.A.,2020-12-31,453983000.0,A
021121,SUL AMERICA S.A.,2020-12-31,2347457000.0,A
021130,TRISUL S.A.,2020-12-31,183626000.0,A
021148,CONSTRUTORA TENDA S.A.,2020-12-31,199720000.0,A
021156,J. MACEDO S.A.,2020-12-31,102462000.0,A
021180,NEXPE PARTICIPAÇÕES S.A,2020-12-31,-177892000.0,A
021199,BCO PAN S.A.,2020-12-31,627378000.0,A
021202,VIX LOGÍSTICA S.A.,2020-12-31,74672000.0,A
021237,ENEVA S.A,2020-12-31,1006536000.0,A
021334,NUTRIPLANT INDUSTRIA E COMERCIO S.A.,2020-12-31,3432000.0,A
021342,OSX BRASIL S.A. - EM RECUPERAÇÃO JUDICIAL,2020-12-31,-871911000.0,A
021350,DIRECIONAL ENGENHARIA S.A.,2020-12-31,150133000.0,A
021393,CIA CELG DE PARTICIPACOES - CELGPAR,2020-12-31,166436000.0,A
021431,HYPERA S.A.,2020-12-31,1295116000.0,A
021440,VESTE S.A. ESTILO,2020-12-31,-2005084000.0,A
021466,BANCO RCI BRASIL S.A.,2020-12-31,137975000.0,A
021490,ALUPAR INVESTIMENTO S/A,2020-12-31,2055505000.0,A
021520,MULTINER S/A,2020-12-31,-64160000.0,A
021610,"B3 S.A. - BRASIL, BOLSA, BALCÃO",2020-12-31,4150715000.0,A
021636,RENOVA ENERGIA S.A. - EM RECUPERAÇÃO JUDICIAL,2020-12-31,22434000.0,A
021709,CIA MINEIRA DE AÇUCAR E ALCOOL PARTICIPAÇÕES,2020-03-31,57738000.0,A
021733,CIELO S.A. -  INSTITUIÇÃO DE PAGAMENTO,2020-12-31,-347338000.0,A
021881,FLEURY S.A.,2020-12-31,256961000.0,A
021903,ECORODOVIAS CONCESSÕES E SERVIÇOS S.A.,2020-12-31,415589000.0,A
022012,"MILLS LOCAÇÃO, SERVIÇOS E LOGÍSTICA S.A.",2020-12-31,-4747000.0,A
022020,JSL S.A.,2020-12-31,131317000.0,A
022055,MARISA LOJAS S.A.,2020-12-31,-432196000.0,A
022187,PRIO S.A.,2020-12-31,452913000.0,A
022217,ALPER CONSULTORIA E CORRETORA DE SEGUROS S.A.,2020-12-31,-881000.0,A
022349,AZZAS 2154 S.A.,2020-12-31,48584000.0,A
022357,ALLOS S.A.,2020-12-31,202473000.0,A
022365,ENAUTA PARTICIPAÇÕES S.A.,2020-12-31,123953000.0,A
022454,T4F ENTRETENIMENTO S.A.,2020-12-31,-109420000.0,A
022470,MAGAZINE LUIZA S.A.,2020-12-31,391709000.0,A
022497,QUALICORP CONSULTORIA E CORRETORA DE SEGUROS S.A.,2020-12-31,395187000.0,A
022519,TECHNOS S.A.,2020-12-31,-28163000.0,A
022560,INBRANDS S.A.,2020-12-31,-111030000.0,A
022586,MLOG S.A.,2020-12-31,41366000.0,A
022594,STATKRAFT ENERGIAS RENOVAVEIS S.A.,2020-12-31,59504000.0,A
022616,BCO BTG PACTUAL S.A.,2020-12-31,4280921000.0,A
022675,HIDROVIAS DO BRASIL S.A.,2020-12-31,-105545000.0,A
022691,COMPANHIA DE LOCAÇÃO DAS AMÉRICAS,2020-12-31,385648000.0,A
022780,UNICASA INDÚSTRIA DE MÓVEIS S.A.,2020-12-31,14833000.0,A
022799,SINQIA S.A.,2020-12-31,4956000.0,A
022810,ELDORADO BRASIL CELULOSE S.A.,2020-12-31,-108411.0,A
022845,BIOSEV S.A.,2020-03-31,-1551248000.0,A
023000,LIGHT ENERGIA S.A.,2020-12-31,421817000.0,A
023035,LINX S.A.,2020-12-31,-80074000.0,A
023159,BB SEGURIDADE PARTICIPAÇÕES S.A.,2020-12-31,3850771000.0,A
023175,IGUA SANEAMENTO S.A.,2020-12-31,-4705000.0,A
023221,SER EDUCACIONAL S.A.,2020-12-31,165034000.0,A
023230,RAIZEN ENERGIA S.A.,2020-03-31,273979000.0,A
023248,ANIMA HOLDING S.A.,2020-12-31,-40651000.0,A
023264,AMBEV S.A.,2020-12-31,11731909000.0,A
023272,LOG COMMERCIAL PROPERTIES E PARTICIPAÇÕES,2020-12-31,142572000.0,A
023280,UNIDAS LOCAÇÕES E SERVIÇOS S.A.,2020-12-31,-5616000.0,A
023302,QUALITY SOFTWARE S.A.,2020-12-31,10068258.0,A
023310,CVC BRASIL OPERADORA E AGÊNCIA DE VIAGENS S.A.,2020-12-31,-1226736000.0,A
023396,AEGEA SANEAMENTO E PARTICIPAÇÕES S.A.,2020-12-31,500940000.0,A
023426,SERENA GERAÇÃO S.A.,2020-12-31,54720000.0,A
023493,DOMMO ENERGIA S.A.,2020-12-31,-328572000.0,A
023507,OUROFINO S.A.,2020-12-31,89713000.0,A
023531,CLARO TELECOM PARTICIPAÇÕES S.A.,2020-12-31,3475863000.0,A
023574,INTERNATIONAL MEAL COMPANY ALIMENTACAO S.A.,2020-12-31,-473578000.0,A
023590,WIZ CO PARTICIPAÇÕES E CORRETAGEM DE SEGUROS S.A.,2020-12-31,199555000.0,A
023604,YOU INC INCORPORADORA E PARTICIPAÇÃO S.A,2020-12-31,137465000.0,A
023620,CBO HOLDING S.A.,2020-12-31,158911000.0,A
023795,CAIXA SEGURIDADE PARTICIPAÇÕES S.A.,2020-12-31,1769413000.0,A
023817,BRQ SOLUCOES EM INFORMATICA S.A.,2020-12-31,44569000.0,A
023825,MOVIDA PARTICIPACOES SA,2020-12-31,109027000.0,A
023868,CONCEBRA - CONCESSIONARIA DAS RODOVIAS CENTRAIS DO BRASIL,2020-12-31,104007.0,A
023930,BRASILIANA PARTICIPAÇÕES S/A,2020-12-31,-81752000.0,A
023957,SUGOI S.A.,2020-12-31,18677000.0,A
023965,CINESYSTEM S.A.,2020-12-31,-44628000.0,A
023981,CTC - CENTRO DE TECNOLOGIA CANAVIEIRA S.A.,2020-03-31,19391000.0,A
024058,ALLIANÇA SAÚDE E PARTICIPAÇÕES S.A.,2020-12-31,-92431000.0,A
024090,INSTITUTO HERMES PARDINI S.A.,2020-12-31,126611000.0,A
024112,AZUL S.A.,2020-12-31,-10834709000.0,A
024120,ARGO ENERGIA EMPREENDIMENTOS E PARTICIPAÇÕES S/A,2020-12-31,641144000.0,A
024171,ATACADÃO S.A.,2020-12-31,2844000000.0,A
024180,IRB - BRASIL RESSEGUROS S.A.,2020-12-31,-1521263000.0,A
024201,STARA S.A. - INDÚSTRIA DE IMPLEMENTOS AGRÍCOLAS,2020-12-31,137863000.0,A
024228,CAMIL ALIMENTOS S.A.,2020-02-29,239628000.0,A
024236,PRINER SERVIÇOS INDUSTRIAIS S.A.,2020-12-31,-3096000.0,A
024252,SMILES FIDELIDADE S.A.,2020-12-31,195957000.0,A
024260,SMARTFIT ESCOLA DE GINÁSTICA E DANÇA S.A.,2020-12-31,-604428000.0,A
024279,INC EMPREENDIMENTOS IMOBILIÁRIOS S.A.,2020-12-31,-40035000.0,A
024295,VIBRA ENERGIA S/A,2020-12-31,3905000000.0,A
024309,VENTURE CAPITAL PARTICIPAÇÕES E INVESTIMENTOS S/A,2020-12-31,18490000.0,A
024317,ZAMP SA,2020-12-31,-445607000.0,A
024350,FLEX GESTÃO DE RELACIONAMENTOS S.A.-EM RECUPERAÇÃO JUDICIAL,2020-12-31,-23631000.0,A
024384,NOTRE DAME INTERMÉDICA PARTICIPAÇÕES S.A.,2020-12-31,735745000.0,A
024392,HAPVIDA PARTICIPAÇÕES E INVESTIMENTOS S.A.,2020-12-31,785299000.0,A
024473,JHSF MALLS S.A.,2020-12-31,49927000.0,A
024490,SABER SERVIÇOS EDUCACIONAIS S.A.,2020-12-31,-2897953000.0,A
024546,PRÁTICA PRODUTOS S.A.,2020-12-31,4870000.0,A
024589,ENERGISA TRANSMISSÃO DE ENERGIA S/A,2020-12-31,175533000.0,A
024597,CELEO REDES TRANSMISSÃO DE ENERGIA S.A.,2020-12-31,62560000.0,A
024600,BANCO BMG S/A,2020-12-31,310081000.0,A
024627,BLAU FARMACÊUTICA S.A.,2020-12-31,254330000.0,A
024660,BBM LOGÍSTICA S.A.,2020-12-31,8899000.0,A
024694,GRUPO SBF S.A.,2020-12-31,-112805000.0,A
024716,"VAMOS LOCAÇÃO DE CAMINHÕES, MÁQUINAS E EQUIPAMENTOS S.A.",2020-12-31,179192000.0,A
024740,COPEL GERAÇÃO E TRANSMISSÃO S.A.,2020-12-31,1619342000.0,A
024775,BCBF PARTICIPAÇÕES S.A.,2020-12-31,840179000.0,A
024783,NATURA &CO HOLDING S.A.,2020-12-31,-663678000.0,A
024805,VIVARA PARTICIPAÇÕES S.A.,2020-12-31,146672109.0,A
024813,LOCALIZA FLEET S.A.,2020-12-31,396666000.0,A
024821,REDE D'OR SÃO LUIZ S.A.,2020-12-31,459423000.0,A
024830,BRK AMBIENTAL PARTICIPAÇÕES S.A.,2020-12-31,48976.0,A
024848,C&A MODAS S.A.,2020-12-31,-166332000.0,A
024872,LIFEMED INDUSTRIAL DE EQUIP. E ART. MEDICOS E HOSP. S.A,2020-12-31,32072000.0,A
024880,LM TRANSPORTES INTERESTADUAIS SERVIÇOS E COMÉRCIO S.A.,2020-12-31,36034000.0,A
024902,MITRE REALTY EMPREENDIMENTOS E PARTICIPAÇÕES S.A.,2020-12-31,49083000.0,A
024910,LWSA S/A,2020-12-31,19740000.0,A
024929,TIM S.A.,2020-12-31,1843690000.0,A
024953,"ALLPARK EMPREENDIMENTOS, PARTICIPAÇÕES E SERVIÇOS S.A.",2020-12-31,-170669000.0,A
024961,AMBIPAR PARTICIPAÇÕES E EMPREENDIMENTOS S.A.,2020-12-31,49523000.0,A
024996,RIVA INCORPORADORA S.A,2020-12-31,-3321000.0,A
025003,SIMPAR S.A.,2020-12-31,397500000.0,A
025011,GRUPO DE MODA SOMA S.A.,2020-12-31,-69716000.0,A
025038,LOJAS QUERO QUERO S.A.,2020-12-31,67866000.0,A
025046,D1000 VAREJO FARMA PARTICIPAÇÕES S.A.,2020-12-31,123000.0,A
025062,LAVVI EMPREENDIMENTOS IMOBILIÁRIOS S.A.,2020-12-31,118832000.0,A
025070,PLANO & PLANO DESENVOLVIMENTO IMOBILIÁRIO S.A.,2020-12-31,132204000.0,A
025100,CURY CONSTRUTORA E INCORPORADORA S.A.,2020-12-31,189998000.0,A
025119,MELNICK DESENVOLVIMENTO IMOBILIÁRIO S.A.,2020-12-31,57168000.0,A
025127,COMPASS GÁS E ENERGIA S.A.,2020-12-31,940465000.0,A
025135,BOA VISTA SERVIÇOS S.A.,2020-12-31,46677000.0,A
025143,PACAEMBU CONSTRUTORA S.A.,2020-12-31,80144000.0,A
025160,SEQUOIA LOGÍSTICA E TRANSPORTES S.A.,2020-12-31,7028000.0,A
025186,GRUPO MATEUS S.A.,2020-12-31,726269000.0,A
025194,TRIPLE PLAY BRASIL PARTICIPAÇÕES S.A.,2020-12-31,-6085000.0,A
025208,TRACK & FIELD CO S.A.,2020-12-31,25831000.0,A
025224,2W ECOBANK S.A.,2020-12-31,55064000.0,A
025232,MÉLIUZ S.A.,2020-12-31,19630000.0,A
025259,ENJOEI S.A.,2020-12-31,-31125000.0,A
025275,ALPHAVILLE S.A.,2020-12-31,-419765000.0,A
025283,AERIS IND. E COM. DE EQUIP. PARA GER. DE ENG. S.A.,2020-12-31,113199000.0,A
025291,BRAVA ENERGIA S.A.,2020-12-31,-276530000.0,A
025305,PATRIMAR ENGENHARIA S.A.,2020-12-31,94367000.0,A
025313,HOUSI S.A.,2020-12-31,1158000.0,A
025321,GRANBIO INVESTIMENTOS S.A.,2020-12-31,-170164000.0,A
025330,ALLIED TECNOLOGIA S.A.,2020-12-31,167645000.0,A
025348,ELFA MEDICAMENTOS S.A.,2020-12-31,40942000.0,A
025372,SENDAS DISTRIBUIDORA S.A.,2020-12-31,1556000000.0,A
025380,EZ INC INCORPORAÇÕES S.A.,2020-12-31,2085000.0,A
025399,NEOGRID PARTICIPAÇÕES S.A.,2020-12-31,12359000.0,A
025402,HBR REALTY EMPREENDIMENTOS IMOBILIÁRIOS S.A.,2020-12-31,-27397000.0,A
025410,SBF COMÉRCIO DE PRODUTOS ESPORTIVOS S.A.,2020-12-31,-112225000.0,A
025429,FARMÁCIA E DROGARIA NISSEI S.A.,2020-12-31,-6506000.0,A
025437,URBA DESENVOLVIMENTO URBANO S.A.,2020-12-31,11515000.0,A
025445,MPM CORPÓREOS S.A.,2020-12-31,58820000.0,A
025453,INTELBRAS S.A. IND. DE TELECOMUNICAÇÃO ELETRÔNICA BRASILEIRA,2020-12-31,327956000.0,A
025461,MOBLY S.A.,2020-12-31,-40256000.0,A
025470,MOSAICO TECNOLOGIA AO CONSUMIDOR S.A.,2020-12-31,60401000.0,A
025488,FOCUS ENERGIA HOLDING PARTICIPAÇÕES S.A.,2020-12-31,46552000.0,A
025496,JALLES MACHADO S.A.,2020-03-31,76524000.0,A
025500,BEMOBI MOBILE TECH S.A.,2020-12-31,35730000.0,A
025526,CRUZEIRO DO SUL EDUCACIONAL S.A.,2020-12-31,-34793000.0,A
025534,OCEANPACT SERVIÇOS MARITIMOS S.A.,2020-12-31,-22810000.0,A
025542,CVLB BRASIL S.A,2020-12-31,-55530000.0,A
025550,ORIZON VALORIZAÇÃO DE RESÍDUOS S.A.,2020-12-31,23610000.0,A
025569,ELETROMIDIA S.A.,2020-12-31,-69805000.0,A
025585,CSN MINERAÇÃO S.A.,2020-12-31,4030710000.0,A
025658,AGROGALAXY PARTICIPAÇÕES S.A. - EM RECUPERAÇÃO JUDICIAL,2020-12-31,76211000.0,A
025666,LG INFORMÁTICA S.A.,2020-12-31,14029000.0,A
025682,CM HOSPITALAR S.A,2020-12-31,121766000.0,A
025712,GPS PARTICIPAÇÕES E EMPREENDIMENTOS S.A.,2020-12-31,282646000.0,A
025720,RIO ALTO ENERGIAS RENOVÁVEIS S.A.,2020-12-31,-3838000.0,A
025739,CS BRASIL PARTICIPAÇÕES E LOCAÇÕES S.A.,2020-12-31,70413000.0,A
025747,INFRACOMMERCE CXAAS S.A.,2020-12-31,-6534000.0,A
025755,BANCO MODAL S.A.,2020-12-31,27078000.0,A
025763,VITTIA S.A.,2020-12-31,85934000.0,A
025771,HOSPITAL CARE CALEDONIA S.A.,2020-12-31,12097000.0,A
025780,PETRORECÔNCAVO S.A.,2020-12-31,-81759000.0,A
025798,KALLAS INCORPORAÇÕES E CONSTRUÇÕES S.A.,2020-12-31,66305000.0,A
025801,RODOBENS SA,2020-12-31,226317000.0,A
025810,ATHENA SAÚDE BRASIL SA,2020-12-31,14451000.0,A
025836,DOTZ S.A.,2020-12-31,-64237000.0,A
025844,TEGRA INCORPORADORA S.A.,2020-12-31,60530000.0,A
025852,W2W E-COMMERCE DE VINHOS S.A.,2020-12-31,-6611000.0,A
025860,BR ADVISORY PARTNERS PARTICIPAÇÕES S.A.,2020-12-31,88735000.0,A
025879,KORA SAÚDE PARTICIPAÇÕES S.A.,2020-12-31,17540000.0,A
025895,LIVETECH DA BAHIA INDÚSTRIA E COMÉRCIO S.A.,2020-12-31,70587000.0,A
025909,EMCCAMP RESIDENCIAL S.A.,2020-12-31,40743000.0,A
025917,RAÍZEN S.A.,2020-03-31,2100884000.0,A
025925,BIONEXO S.A.,2020-12-31,-2801000.0,A
025933,HUMBERG AGRIBRASIL COMÉRCIO E EXPORTAÇÃO DE GRÃOS S.A.,2020-12-31,23177000.0,A
025976,YUNY INCORPORADORA HOLDING S.A.,2020-12-31,7337000.0,A
025984,COMPANHIA BRASILEIRA DE ALUMÍNIO,2020-12-31,-879860000.0,A
025992,INTERCEMENT BRASIL S.A. - EM RECUPERAÇÃO JUDICIAL,2020-12-31,-24161000.0,A
026026,DESKTOP S.A.,2020-12-31,26593000.0,A
026034,GRUPO MULTI S.A.,2020-12-31,444302000.0,A
026050,UNIFIQUE TELECOMUNICAÇÕES S.A.,2020-12-31,50449000.0,A
026085,BRISANET PARTICIPAÇÕES S.A.,2020-12-31,29123000.0,A
026093,CLEAR SALE S.A.,2020-12-31,18717000.0,A
026123,ONCOCLÍNICAS DO BRASIL SERVIÇOS MÉDICOS S.A.,2020-12-31,-125205000.0,A
026131,ENTALPIA PARTICIPAÇÕES S.A.,2020-12-31,-3658000.0,A
026140,GETNET ADQ E SERV PARA MEIOS DE PAGTO S.A. - INST PAGTO,2020-12-31,361013000.0,A
026158,ESSENTIA PCHS S.A.,2020-12-31,91819000.0,A
026166,GRUPO FARTURA DE HORTIFRUT S.A.,2020-12-31,43929000.0,A
026190,CARAMURU ALIMENTOS S.A.,2020-12-31,221843000.0,A
026204,BLUEFIT ACADEMIAS DE GINÁSTICA E PARTICIPAÇÕES S.A.,2020-12-31,-30839000.0,A
026247,WILSON SONS S.A.,2020-12-31,121361000.0,A
026255,TIGRE S.A. PARTICIPAÇÕES,2020-12-31,449643000.0,A
026271,ENVIRONMENTAL ESG PARTICIPAÇÕES S.A.,2020-12-31,-565000.0,A
026280,COMERC ENERGIA S.A.,2020-12-31,-1155000.0,A
026298,RIO ENERGY PARTICIPAÇÕES S.A.,2020-12-31,-981000.0,A
026301,UNIGEL PARTICIPAÇÕES S.A.,2020-12-31,-6985000.0,A
026336,FULWOOD S.A.,2020-12-31,97160.0,A
026379,MADERO INDÚSTRIA E COMÉRCIO S.A.,2020-12-31,-248954000.0,A
026395,ALMEIDA JUNIOR SHOPPING CENTERS S.A.,2020-12-31,1933000.0,A
026409,VERO S.A.,2020-12-31,29738000.0,A
026417,OLIVEIRA TRUST S.A.,2020-12-31,30915000.0,A
026506,LUPO S.A.,2020-12-31,-16967000.0,A
026530,CENCOSUD BRASIL COMERCIAL S.A.,2020-12-31,60939000.0,A
026557,DATORA PARTICIPAÇÕES E SERVIÇOS S.A.,2020-12-31,31300000.0,A
026573,TROCAFONE S.A.,2020-12-31,779000.0,A
026590,AURA ALMAS MINERAÇÃO S.A.,2020-12-31,-4350000.0,A
026603,GSH CORP PARTICIPAÇÕES S.A.,2020-12-31,29257000.0,A
026689,HOLDING VERZANI E SANDRINI S.A.,2020-12-31,3729000.0,A
026700,EUROFARMA LABORATÓRIOS S.A.,2020-12-31,848970000.0,A
026794,SELF IT ACADEMIAS HOLDING S.A.,2020-12-31,-60503000.0,A
080020,"GP INVESTMENTS, LTD.",2020-12-31,-830547000.0,A
080047,WILSON SONS LTD.,2020-12-31,117831000.0,A
080187,AURA MINERALS INC.,2020-12-31,384991000.0,A
080195,"G2D INVESTMENTS, LTD.",2020-12-31,91200000.0,A
080209,NU HOLDINGS LTD.,2020-12-31,-885408000.0,A
000094,PANATLANTICA S.A.,2021-12-31,293348000.0,A
000701,BIOMA EDUCAÇÃO S.A.,2021-12-31,-38182000.0,A
000906,BCO BRADESCO S.A.,2021-12-31,23380804000.0,A
001023,BCO BRASIL S.A.,2021-12-31,19722871000.0,A
001155,BANESTES S.A. - BCO EST ESPIRITO SANTO,2021-12-31,230524000.0,A
001210,BCO ESTADO DO RIO GRANDE DO SUL S.A.,2021-12-31,1084465000.0,A
001325,BCO MERCANTIL DO BRASIL S.A.,2021-12-31,201574000.0,A
001384,BCO ALFA DE INVESTIMENTO S.A.,2021-12-31,0.0,A
001520,BARDELLA S.A. INDUSTRIAS MECANICAS EM RECUPERAÇÃO JUDICIAL,2021-12-31,-17463000.0,A
001562,BAUMER S.A.,2021-12-31,10132000.0,A
002100,CAMBUCI S.A.,2021-12-31,27592000.0,A
002429,IRANI PAPEL E EMBALAGEM S.A.,2021-12-31,285313000.0,A
002437,CENTRAIS ELET BRAS S.A. - ELETROBRAS,2021-12-31,5713633000.0,A
002453,CIA ENERGETICA DE MINAS GERAIS - CEMIG,2021-12-31,3752869000.0,A
002461,CENTRAIS ELET DE SANTA CATARINA S.A.,2021-12-31,563172000.0,A
002577,CESP - CIA ENERGETICA DE SAO PAULO,2021-12-31,440827000.0,A
003069,CIA FERRO LIGAS DA BAHIA - FERBASA,2021-12-31,642907000.0,A
003077,CIA FIACAO TECIDOS CEDRO CACHOEIRA,2021-12-31,-2018000.0,A
003115,CIA SEGUROS ALIANCA DA BAHIA,2021-12-31,9311000.0,A
003158,CIA TECIDOS NORTE DE MINAS COTEMINAS,2021-12-31,-141423000.0,A
003190,REDE ENERGIA PARTICIPAÇÕES S.A.,2021-12-31,2039722000.0,A
003204,CPFL TRANSMISSÃO S.A.,2021-12-31,73868000.0,A
003298,CIA HABITASUL DE PARTICIPACOES,2021-12-31,189904000.0,A
003395,COMPANHIA INDUSTRIAL CATAGUASES,2021-12-31,15998000.0,A
003549,CIA INDUSTRIAL SCHLOSSER S.A.,2021-12-31,-449000.0,A
003654,CIA MELHORAMENTOS DE SAO PAULO,2021-12-31,-32513000.0,A
003891,FINANCEIRA ALFA S.A.- CRED FINANC E INVS,2021-12-31,0.0,A
003980,GERDAU S.A.,2021-12-31,15558938000.0,A
004030,CIA SIDERURGICA NACIONAL,2021-12-31,13595621000.0,A
004081,CIA TECIDOS SANTANENSE EM RECUPERAÇÃO JUDICIAL,2021-12-31,27107000.0,A
004146,KARSTEN S.A.,2021-12-31,57485000.0,A
004170,VALE S.A.,2021-12-31,121343000000.0,A
004448,COBRASMA S.A.,2021-12-31,-2977241000.0,A
004537,GRAZZIOTIN S.A.,2021-12-31,174776000.0,A
004669,GUARARAPES CONFECCOES S.A.,2021-12-31,453128000.0,A
004693,CONSERVAS ODERICH S.A.,2021-12-31,96095000.0,A
004707,CONSORCIO ALFA DE ADMINISTRACAO S.A.,2021-12-31,23648000.0,A
004723,CONSTRUTORA ADOLPHO LINDENBERG S.A.,2021-12-31,7467000.0,A
004820,BRASKEM S.A.,2021-12-31,13961620000.0,A
004863,CORREA RIBEIRO S.A. COMERCIO E INDUSTRIA,2021-12-31,-1943000.0,A
005258,RAIA DROGASIL S.A.,2021-12-31,764133000.0,A
005312,MUNDIAL S.A. - PRODUTOS DE CONSUMO,2021-12-31,-572641000.0,A
005380,ELECTRO ACO ALTONA S.A.,2021-12-31,36313000.0,A
005410,WEG S.A.,2021-12-31,3657480000.0,A
005762,ETERNIT S.A.,2021-12-31,269446000.0,A
005770,EUCATEX S.A. INDUSTRIA E COMERCIO,2021-12-31,427971000.0,A
005983,FIACAO E TECELAGEM SAO JOSE SA EM RECUPERACAO JUDICIAL,2021-12-31,-4467000.0,A
006173,TAURUS ARMAS S.A.,2021-12-31,635060000.0,A
006211,FRAS-LE S.A.,2021-12-31,210622000.0,A
006343,TUPY S.A.,2021-12-31,202912000.0,A
006505,GRUPO CASAS BAHIA S.A.,2021-12-31,-297000000.0,A
006700,HOTEIS OTHON S.A. - EM RECUPERAÇÃO JUDICIAL,2021-12-31,-39939000.0,A
006815,IGB ELETRONICA S.A - EM RECUPERACAO JUDICIAL,2021-12-31,-54161000.0,A
007510,ROMI S.A.,2021-12-31,204148000.0,A
007544,TEXTIL RENAUXVIEW S.A.,2021-12-31,-21790000.0,A
007595,INEPAR S.A. INDUSTRIA E CONSTRUCOES EM RECUPERACAO JUDICIAL,2021-12-31,1301954000.0,A
007617,ITAÚSA S.A.,2021-12-31,13291000000.0,A
007811,JOAO FORTES ENGENHARIA S.A. - EM RECUPERAÇÃO JUDICIAL,2021-12-31,-193239000.0,A
007870,KEPLER WEBER S.A.,2021-12-31,154635000.0,A
008133,LOJAS RENNER S.A.,2021-12-31,633112000.0,A
008192,TREVISA INVESTIMENTOS S.A.,2021-12-31,14388000.0,A
008397,MANGELS INDUSTRIAL S.A.,2021-12-31,149330000.0,A
008427,MANUFATURA DE BRINQUEDOS ESTRELA S.A.,2021-12-31,-4313000.0,A
008451,MARCOPOLO S.A.,2021-12-31,358372000.0,A
008575,MAHLE METAL LEVE S.A.,2021-12-31,566620000.0,A
008656,METALURGICA GERDAU S.A.,2021-12-31,15554098000.0,A
008672,IGUATEMI S.A.,2021-12-31,346205000.0,A
008745,METANOR SA METANOL DO NE,2021-12-31,33542000.0,A
008753,METISA METALURGICA TIMBOENSE S.A.,2021-12-31,53185863.0,A
008893,MONTEIRO ARANHA S.A.,2021-12-31,591383000.0,A
009067,SUZANO HOLDING S.A.,2021-12-31,8634583000.0,A
009342,DIMED S.A. DISTRIBUIDORA DE MEDICAMENTOS,2021-12-31,79426000.0,A
009393,PARANAPANEMA S.A. - EM RECUPERAÇÃO JUDICIAL,2021-12-31,-801105000.0,A
009512,PETROLEO BRASILEIRO S.A. PETROBRAS,2021-12-31,107264000000.0,A
009539,PETTENATI S.A. INDUSTRIA TEXTIL,2021-06-30,73559548.0,A
009989,REFINARIA DE PETROLEOS MANGUINHOS S.A.,2021-12-31,-361756000.0,A
010456,ALPARGATAS S.A.,2021-12-31,692563000.0,A
010472,SARAIVA LIVREIROS S.A. - EM RECUPERAÇÃO JUDICIAL,2021-12-31,46199000.0,A
010880,SONDOTECNICA ENGENHARIA SOLOS S.A.,2021-12-31,13795000.0,A
011070,WLM PART. E COMÉRCIO DE MÁQUINAS E VEÍCULOS S.A.,2021-12-31,105725000.0,A
011207,TECNOSOLO ENGENHARIA S.A. - EMPRESA FALIDA,2021-12-31,-634000.0,A
011223,TEKA-TECELAGEM KUEHNRICH S.A. - EM RECUPERAÇÃO JUDICIAL,2021-12-31,-80118000.0,A
011231,TEKNO S.A. - INDUSTRIA E COMERCIO,2021-12-31,66068000.0,A
011312,OI S.A. - EM RECUPERAÇÃO JUDICIAL,2021-12-31,-8492526000.0,A
011592,UNIPAR CARBOCLORO S.A.,2021-12-31,2003833000.0,A
011762,VULCABRAS S.A.,2021-12-31,313839000.0,A
011932,IOCHPE MAXION S.A.,2021-12-31,626938000.0,A
011975,AZEVEDO E TRAVASSOS S.A.,2021-12-31,190136000.0,A
011991,WETZEL S.A.,2021-12-31,129833000.0,A
012190,BOMBRIL S.A. - EM RECUPERAÇÃO JUDICIAL,2021-12-31,66906000.0,A
012319,BLUE TECH SOLUTIONS EQI S.A.,2021-12-31,-4662000.0,A
012572,RECRUSUL S.A.,2021-12-31,-1635000.0,A
012653,KLABIN S.A.,2021-12-31,3404874000.0,A
012696,SANSUY S.A. INDUSTRIA DE PLASTICOS,2021-12-31,-114498000.0,A
012823,ALIPERTI S.A.,2021-12-31,-12809000.0,A
013030,CONSTRUTORA SULTEPA S.A. - EM RECUPERAÇÃO JUDICIAL,2021-12-31,89280000.0,A
013285,JOSAPAR-JOAQUIM OLIVEIRA S.A. - PARTICIP,2021-12-31,37185000.0,A
013366,HAGA S.A. INDUSTRIA E COMERCIO,2021-12-31,8022131.0,A
013439,METALURGICA RIOSULENSE S.A.,2021-12-31,88794000.0,A
013471,PLASCAR PARTICIPACOES INDUSTRIAIS S.A.,2021-12-31,-122230000.0,A
013765,MINUPAR PARTICIPACOES S.A.,2021-12-31,33810000.0,A
013773,PBG S/A,2021-12-31,216222000.0,A
013781,SAO CARLOS EMPREEND E PARTICIPACOES S.A.,2021-12-31,34400000.0,A
013986,SUZANO S.A.,2021-12-31,8635532000.0,A
014109,RANDONCORP S.A.,2021-12-31,884711000.0,A
014206,BRB BANCO DE BRASILIA S.A.,2021-12-31,-407446000.0,A
014311,CIA PARANAENSE DE ENERGIA - COPEL,2021-12-31,5048602000.0,A
014320,USINAS SID DE MINAS GERAIS S.A.-USIMINAS,2021-12-31,10059954000.0,A
014346,WHIRLPOOL S.A.,2021-12-31,981810000.0,A
014451,COMPANHIA ENERGÉTICA DE BRASÍLIA - CEB,2021-12-31,1294407000.0,A
014460,CYRELA BRAZIL REALTY S.A.EMPREEND E PART,2021-12-31,1017314000.0,A
014664,SCHULZ S.A.,2021-12-31,192716000.0,A
014826,CIA BRASILEIRA DE DISTRIBUICAO,2021-12-31,960000000.0,A
015253,ENERGISA S.A.,2021-12-31,2814807000.0,A
015423,FICTOR ALIMENTOS S.A.,2021-12-31,6070000.0,A
015458,EMBPAR PARTICIPAÇÕES S/A,2021-12-31,73894000.0,A
015539,NEOENERGIA S.A.,2021-12-31,4066000000.0,A
016101,GAFISA S.A.,2021-12-31,81050000.0,A
016292,BRF S.A.,2021-12-31,437384000.0,A
016306,ROSSI RESIDENCIAL S.A. - EM RECUPERAÇÃO JUDICIAL,2021-12-31,-188871000.0,A
016438,SUL 116 PARTICIPACOES S.A.,2021-12-31,-469000.0,A
016497,EMPRESA NAC COM REDITO PART S.A.ENCORPAR,2021-12-31,-17375000.0,A
016632,DEXXOS PARTICIPAÇÕES S.A.,2021-12-31,229685000.0,A
016659,PORTO SEGURO S.A.,2021-12-31,1544263000.0,A
016675,CEL PARTICIPAÇÕES S.A. - CELPAR,2021-12-31,597540.0,A
016993,EMAE - EMPRESA METROP.AGUAS ENERGIA S.A.,2021-12-31,149918000.0,A
017329,ENGIE BRASIL ENERGIA S.A.,2021-12-31,1564970000.0,A
017450,RUMO S.A.,2021-12-31,155741000.0,A
017671,TELEFÔNICA BRASIL S.A,2021-12-31,6229357000.0,A
017868,INEPAR EQUIPAMENTOS E MONTAGENS S/A - EM RECUPERACAO JUDICIA,2021-12-31,184793000.0,A
017892,SANTOS BRASIL PARTICIPACOES S.A.,2021-12-31,271732000.0,A
017922,BRAZILIAN FINANCE E REAL ESTATE S.A.,2021-12-31,12287000.0,A
017973,COGNA EDUCAÇÃO S.A.,2021-12-31,-512985000.0,A
018287,VIRGO II COMPANHIA DE SECURITIZACAO,2021-12-31,354000.0,A
018368,RIO PARANAPANEMA ENERGIA S.A.,2021-12-31,-8800000.0,A
018376,ISA ENERGIA BRASIL,2021-12-31,3037808000.0,A
018414,PADTEC HOLDING S.A.,2021-12-31,50949000.0,A
018465,ULTRAPAR PARTICIPACOES S.A.,2021-12-31,883878000.0,A
018660,CPFL ENERGIA S.A.,2021-12-31,4853751000.0,A
018708,CIA PARTICIPACOES ALIANCA DA BAHIA,2021-12-31,135400000.0,A
018724,BRADESPAR S.A.,2021-12-31,8079261000.0,A
018775,INVESTIMENTOS E PARTICIP. EM INFRA S.A. - INVEPAR,2021-12-31,-1135112000.0,A
018821,MOTIVA INFRAESTRUTURA DE MOBILIDADE S.A.,2021-12-31,805596000.0,A
018953,CPFL GERACAO DE ENERGIA S.A.,2021-12-31,2136616000.0,A
019100,CONTAX PARTICIPAÇÕES S.A. - EM RECUPERAÇÃO JUDICIAL,2021-12-31,-136279000.0,A
019232,PRODUTORES ENERGET.DE MANSO S.A.- PROMAN,2021-12-31,307000.0,A
019305,BIOMM S.A.,2021-12-31,-80261000.0,A
019330,TPI - TRIUNFO PARTICIP. E INVEST. S.A.,2021-12-31,4984000.0,A
019348,ITAU UNIBANCO HOLDING S.A.,2021-12-31,28384000000.0,A
019445,CIA SANEAMENTO DE MINAS GERAIS-COPASA MG,2021-12-31,537587000.0,A
019453,ECORODOVIAS INFRAESTRUTURA E LOGÍSTICA S.A.,2021-12-31,367262000.0,A
019550,NATURA COSMÉTICOS S.A.,2021-12-31,934152000.0,A
019569,GOL LINHAS AEREAS INTELIGENTES S.A.,2021-12-31,-7183804000.0,A
019615,GRENDENE S.A.,2021-12-31,601005000.0,A
019623,DIAGNOSTICOS DA AMERICA S.A.,2021-12-31,-216937000.0,A
019658,POMIFRUTAS S/A EM RECUPERACAO JUDICIAL,2021-12-31,288000.0,A
019739,LOCALIZA RENT A CAR S.A.,2021-12-31,2043677000.0,A
019763,EDP - ENERGIAS DO BRASIL S.A.,2021-12-31,2367545000.0,A
019771,ARTERIS S.A.,2021-12-31,-158567000.0,A
019836,COSAN S.A.,2021-12-31,6350776000.0,A
019879,LIGHT S.A. - EM RECUPERAÇÃO JUDICIAL,2021-12-31,397945000.0,A
019909,BR MALLS PARTICIPACOES S.A.,2021-12-31,212050000.0,A
019925,BR PROPERTIES S.A.,2021-12-31,32016000.0,A
019992,TOTVS S.A.,2021-12-31,374037000.0,A
020010,EQUATORIAL S.A.,2021-12-31,4302509000.0,A
020028,VALID SOLUÇÕES S.A.,2021-12-31,57917000.0,A
020036,BRASILAGRO - CIA BRAS DE PROP AGRICOLAS,2021-06-30,317646000.0,A
020060,LUPATECH S.A,2021-12-31,-41340000.0,A
020087,EMBRAER S.A.,2021-12-31,-267618000.0,A
020125,ODONTOPREV S.A.,2021-12-31,381340000.0,A
020184,CCX CARVÃO DA COLÔMBIA S.A. - EM LIQUIDAÇÃO,2021-12-31,-1215000.0,A
020257,TRANSMISSORA ALIANÇA DE ENERGIA ELÉTRICA S.A.,2021-12-31,2213714000.0,A
020320,CEMIG GERACAO E TRANSMISSAO S.A.,2021-12-31,871434000.0,A
020338,M.DIAS BRANCO S.A. IND COM DE ALIMENTOS,2021-12-31,504986000.0,A
020346,PROFARMA DISTRIB PROD FARMACEUTICOS S.A.,2021-12-31,79113000.0,A
020362,POSITIVO TECNOLOGIA S.A.,2021-12-31,202896000.0,A
020370,LPS BRASIL - CONSULTORIA DE IMOVEIS S.A.,2021-12-31,57152000.0,A
020435,TECNISA S.A.,2021-12-31,-185641000.0,A
020451,RNI NEGÓCIOS IMOBILIÁRIOS S.A.,2021-12-31,14887000.0,A
020478,PDG REALTY S.A. EMPREEND E PARTICIPACOES,2021-12-31,-121445000.0,A
020494,IGUATEMI EMPRESA DE SHOPPING CENTERS S.A,2021-12-31,344083000.0,A
020516,SAO MARTINHO S.A.,2021-03-31,927124000.0,A
020524,EVEN CONSTRUTORA E INCORPORADORA S.A.,2021-12-31,286221000.0,A
020532,BCO SANTANDER (BRASIL) S.A.,2021-12-31,15559323000.0,A
020540,CPFL ENERGIAS RENOVÁVEIS S.A.,2021-12-31,1485418000.0,A
020567,BCO PINE S.A,2021-12-31,2460000.0,A
020575,JBS S.A.,2021-12-31,20529653000.0,A
020605,JHSF PARTICIPACOES S.A.,2021-12-31,981219000.0,A
020613,METALFRIO SOLUTIONS S.A.,2021-12-31,-56046000.0,A
020630,FICA EMPREENDIMENTOS IMOBILIÁRIOS S.A.,2021-12-31,-6984000.0,A
020702,VIVER INCORPORADORA E CONSTRUTORA S.A.,2021-12-31,-57926000.0,A
020710,LOG-IN LOGISTICA INTERMODAL S.A.,2021-12-31,97571000.0,A
020745,SLC AGRICOLA S.A.,2021-12-31,1130759000.0,A
020770,EZ TEC EMPREEND. E PARTICIPACOES S.A.,2021-12-31,452137000.0,A
020788,MARFRIG GLOBAL FOODS S.A.,2021-12-31,6646379000.0,A
020796,BCO DAYCOVAL S.A.,2021-12-31,1409772000.0,A
020800,TEGMA GESTAO LOGISTICA S.A.,2021-12-31,107785000.0,A
020818,VIRGO COMPANHIA DE SECURITIZAÇÃO,2021-12-31,-6337000.0,A
020877,HELBOR EMPREENDIMENTOS S.A.,2021-12-31,144899000.0,A
020915,MRV ENGENHARIA E PARTICIPACOES S.A.,2021-12-31,876805000.0,A
020931,MINERVA S.A.,2021-12-31,598879000.0,A
020958,BCO ABC BRASIL S.A.,2021-12-31,563585000.0,A
020966,SPRINGS GLOBAL PARTICIPACOES S.A.,2021-12-31,-153576000.0,A
020982,MULTIPLAN - EMPREEND IMOBILIARIOS S.A.,2021-12-31,452698000.0,A
020990,AMERICANAS S.A. - EM RECUPERAÇÃO JUDICIAL,2021-12-31,543795000.0,A
021008,GENERAL SHOPPING E OUTLETS DO BRASIL BRASIL S.A.,2021-12-31,-256470000.0,A
021016,YDUQS PARTICIPACOES S.A.,2021-12-31,158171000.0,A
021032,ALGAR TELECOM S/A,2021-12-31,229505000.0,A
021040,SYN PROP & TECH S.A.,2021-12-31,1404193000.0,A
021067,MOURA DUBEUX ENGENHARIA S/A,2021-12-31,84943000.0,A
021091,DEXCO S.A.,2021-12-31,1725682000.0,A
021121,SUL AMERICA S.A.,2021-12-31,332694000.0,A
021130,TRISUL S.A.,2021-12-31,131965000.0,A
021148,CONSTRUTORA TENDA S.A.,2021-12-31,-196589000.0,A
021156,J. MACEDO S.A.,2021-12-31,134302000.0,A
021180,NEXPE PARTICIPAÇÕES S.A,2021-12-31,-73138000.0,A
021199,BCO PAN S.A.,2021-12-31,727476000.0,A
021202,VIX LOGÍSTICA S.A.,2021-12-31,151895000.0,A
021237,ENEVA S.A,2021-12-31,1173292000.0,A
021334,NUTRIPLANT INDUSTRIA E COMERCIO S.A.,2021-12-31,6692000.0,A
021342,OSX BRASIL S.A. - EM RECUPERAÇÃO JUDICIAL,2021-12-31,122860000.0,A
021350,DIRECIONAL ENGENHARIA S.A.,2021-12-31,208760000.0,A
021393,CIA CELG DE PARTICIPACOES - CELGPAR,2021-12-31,169819000.0,A
021431,HYPERA S.A.,2021-12-31,1330305000.0,A
021440,VESTE S.A. ESTILO,2021-12-31,-804313000.0,A
021466,BANCO RCI BRASIL S.A.,2021-12-31,175192000.0,A
021490,ALUPAR INVESTIMENTO S/A,2021-12-31,2122816000.0,A
021520,MULTINER S/A,2021-12-31,-30880000.0,A
021610,"B3 S.A. - BRASIL, BOLSA, BALCÃO",2021-12-31,4717089000.0,A
021636,RENOVA ENERGIA S.A.,2021-12-31,30687000.0,A
021709,CIA MINEIRA DE AÇUCAR E ALCOOL PARTICIPAÇÕES,2021-03-31,176161000.0,A
021733,CIELO S.A. -  INSTITUIÇÃO DE PAGAMENTO,2021-12-31,-317039000.0,A
021881,FLEURY S.A.,2021-12-31,351491000.0,A
021903,ECORODOVIAS CONCESSÕES E SERVIÇOS S.A.,2021-12-31,421702000.0,A
022012,"MILLS LOCAÇÃO, SERVIÇOS E LOGÍSTICA S.A.",2021-12-31,102307000.0,A
022020,JSL S.A.,2021-12-31,272548000.0,A
022055,MARISA LOJAS S.A.,2021-12-31,-71754000.0,A
022187,PRIO S.A.,2021-12-31,1333046000.0,A
022217,ALPER CONSULTORIA E CORRETORA DE SEGUROS S.A.,2021-12-31,4384000.0,A
022349,AZZAS 2154 S.A.,2021-12-31,343720000.0,A
022357,ALLOS S.A.,2021-12-31,318405000.0,A
022365,ENAUTA PARTICIPAÇÕES S.A.,2021-12-31,1444565000.0,A
022454,T4F ENTRETENIMENTO S.A.,2021-12-31,-64548000.0,A
022470,MAGAZINE LUIZA S.A.,2021-12-31,590661000.0,A
022497,QUALICORP CONSULTORIA E CORRETORA DE SEGUROS S.A.,2021-12-31,377306000.0,A
022519,TECHNOS S.A.,2021-12-31,28081000.0,A
022560,INBRANDS S.A.,2021-12-31,1763000.0,A
022586,MLOG S.A.,2021-12-31,-2479000.0,A
022594,STATKRAFT ENERGIAS RENOVAVEIS S.A.,2021-12-31,183619000.0,A
022616,BCO BTG PACTUAL S.A.,2021-12-31,7064470000.0,A
022675,HIDROVIAS DO BRASIL S.A.,2021-12-31,-343132000.0,A
022691,COMPANHIA DE LOCAÇÃO DAS AMÉRICAS,2021-12-31,1003173000.0,A
022780,UNICASA INDÚSTRIA DE MÓVEIS S.A.,2021-12-31,25938000.0,A
022799,SINQIA S.A.,2021-12-31,22529000.0,A
022810,ELDORADO BRASIL CELULOSE S.A.,2021-12-31,879762000.0,A
022845,BIOSEV S.A.,2021-03-31,163042000.0,A
023000,LIGHT ENERGIA S.A.,2021-12-31,102961000.0,A
023159,BB SEGURIDADE PARTICIPAÇÕES S.A.,2021-12-31,3933217000.0,A
023175,IGUA SANEAMENTO S.A.,2021-12-31,-47800000.0,A
023221,SER EDUCACIONAL S.A.,2021-12-31,52483000.0,A
023230,RAIZEN ENERGIA S.A.,2021-03-31,593948000.0,A
023248,ANIMA HOLDING S.A.,2021-12-31,-81328000.0,A
023264,AMBEV S.A.,2021-12-31,13122582000.0,A
023272,LOG COMMERCIAL PROPERTIES E PARTICIPAÇÕES,2021-12-31,383236000.0,A
023280,UNIDAS LOCAÇÕES E SERVIÇOS S.A.,2021-12-31,35439000.0,A
023302,QUALITY SOFTWARE S.A.,2021-12-31,10706275.0,A
023310,CVC BRASIL OPERADORA E AGÊNCIA DE VIAGENS S.A.,2021-12-31,-486642000.0,A
023396,AEGEA SANEAMENTO E PARTICIPAÇÕES S.A.,2021-12-31,586728000.0,A
023426,SERENA GERAÇÃO S.A.,2021-12-31,296373000.0,A
023493,DOMMO ENERGIA S.A.,2021-12-31,56813000.0,A
023507,OUROFINO S.A.,2021-12-31,113957000.0,A
023531,CLARO TELECOM PARTICIPAÇÕES S.A.,2021-12-31,3452164000.0,A
023574,INTERNATIONAL MEAL COMPANY ALIMENTACAO S.A.,2021-12-31,-80449000.0,A
023590,WIZ CO PARTICIPAÇÕES E CORRETAGEM DE SEGUROS S.A.,2021-12-31,205783000.0,A
023604,YOU INC INCORPORADORA E PARTICIPAÇÃO S.A,2021-12-31,106789000.0,A
023620,CBO HOLDING S.A.,2021-12-31,172801000.0,A
023795,CAIXA SEGURIDADE PARTICIPAÇÕES S.A.,2021-12-31,1896152000.0,A
023817,BRQ SOLUCOES EM INFORMATICA S.A.,2021-12-31,40261000.0,A
023825,MOVIDA PARTICIPACOES SA,2021-12-31,819439000.0,A
023868,CONCEBRA - CONCESSIONARIA DAS RODOVIAS CENTRAIS DO BRASIL,2021-12-31,-76342.0,A
023930,BRASILIANA PARTICIPAÇÕES S/A,2021-12-31,-19455000.0,A
023957,SUGOI S.A.,2021-12-31,6337000.0,A
023965,CINESYSTEM S.A.,2021-12-31,-27950000.0,A
023981,CTC - CENTRO DE TECNOLOGIA CANAVIEIRA S.A.,2021-03-31,108398000.0,A
024058,ALLIANÇA SAÚDE E PARTICIPAÇÕES S.A.,2021-12-31,1988000.0,A
024090,INSTITUTO HERMES PARDINI S.A.,2021-12-31,213993000.0,A
024112,AZUL S.A.,2021-12-31,-4213208000.0,A
024120,ARGO ENERGIA EMPREENDIMENTOS E PARTICIPAÇÕES S/A,2021-12-31,352432000.0,A
024171,ATACADÃO S.A.,2021-12-31,3366000000.0,A
024180,IRB - BRASIL RESSEGUROS S.A.,2021-12-31,-682701000.0,A
024228,CAMIL ALIMENTOS S.A.,2021-02-28,462676000.0,A
024236,PRINER SERVIÇOS INDUSTRIAIS S.A.,2021-12-31,14499000.0,A
024260,SMARTFIT ESCOLA DE GINÁSTICA E DANÇA S.A.,2021-12-31,-633017000.0,A
024279,INC EMPREENDIMENTOS IMOBILIÁRIOS S.A.,2021-12-31,15384000.0,A
024295,VIBRA ENERGIA S/A,2021-12-31,2497000000.0,A
024317,ZAMP SA,2021-12-31,-273841000.0,A
024350,FLEX GESTÃO DE RELACIONAMENTOS S.A.-EM RECUPERAÇÃO JUDICIAL,2021-12-31,-44789000.0,A
024392,HAPVIDA PARTICIPAÇÕES E INVESTIMENTOS S.A.,2021-12-31,500336000.0,A
024406,BANCO INTER S.A.,2021-12-31,-38350000.0,A
024473,JHSF MALLS S.A.,2021-12-31,-8382000.0,A
024490,SABER SERVIÇOS EDUCACIONAIS S.A.,2021-12-31,175143000.0,A
024546,PRÁTICA PRODUTOS S.A.,2021-12-31,19881000.0,A
024589,ENERGISA TRANSMISSÃO DE ENERGIA S/A,2021-12-31,181222000.0,A
024597,CELEO REDES TRANSMISSÃO DE ENERGIA S.A.,2021-12-31,45258000.0,A
024600,BANCO BMG S/A,2021-12-31,172161000.0,A
024627,BLAU FARMACÊUTICA S.A.,2021-12-31,323864000.0,A
024660,BBM LOGÍSTICA S.A.,2021-12-31,12023000.0,A
024694,GRUPO SBF S.A.,2021-12-31,497831000.0,A
024716,"VAMOS LOCAÇÃO DE CAMINHÕES, MÁQUINAS E EQUIPAMENTOS S.A.",2021-12-31,402375000.0,A
024740,COPEL GERAÇÃO E TRANSMISSÃO S.A.,2021-12-31,2820099000.0,A
024775,BCBF PARTICIPAÇÕES S.A.,2021-12-31,-115967000.0,A
024783,NATURA &CO HOLDING S.A.,2021-12-31,1139239000.0,A
024805,VIVARA PARTICIPAÇÕES S.A.,2021-12-31,298490271.0,A
024813,LOCALIZA FLEET S.A.,2021-12-31,526797000.0,A
024821,REDE D'OR SÃO LUIZ S.A.,2021-12-31,1677735000.0,A
024830,BRK AMBIENTAL PARTICIPAÇÕES S.A.,2021-12-31,93337000.0,A
024848,C&A MODAS S.A.,2021-12-31,329009000.0,A
024872,LIFEMED INDUSTRIAL DE EQUIP. E ART. MEDICOS E HOSP. S.A,2021-12-31,101812000.0,A
024880,LM TRANSPORTES INTERESTADUAIS SERVIÇOS E COMÉRCIO S.A.,2021-12-31,98665000.0,A
024902,MITRE REALTY EMPREENDIMENTOS E PARTICIPAÇÕES S.A.,2021-12-31,27384000.0,A
024910,LWSA S/A,2021-12-31,-15749000.0,A
024953,"ALLPARK EMPREENDIMENTOS, PARTICIPAÇÕES E SERVIÇOS S.A.",2021-12-31,-224170000.0,A
024961,AMBIPAR PARTICIPAÇÕES E EMPREENDIMENTOS S.A.,2021-12-31,168871000.0,A
024996,RIVA INCORPORADORA S.A,2021-12-31,6777000.0,A
025003,SIMPAR S.A.,2021-12-31,1328950000.0,A
025011,GRUPO DE MODA SOMA S.A.,2021-12-31,299790000.0,A
025038,LOJAS QUERO QUERO S.A.,2021-12-31,68227000.0,A
025046,D1000 VAREJO FARMA PARTICIPAÇÕES S.A.,2021-12-31,1979000.0,A
025062,LAVVI EMPREENDIMENTOS IMOBILIÁRIOS S.A.,2021-12-31,204301000.0,A
025070,PLANO & PLANO DESENVOLVIMENTO IMOBILIÁRIO S.A.,2021-12-31,135084000.0,A
025089,PET CENTER COMÉRCIO E PARTICIPAÇÕES S.A.,2021-12-31,75036000.0,A
025100,CURY CONSTRUTORA E INCORPORADORA S.A.,2021-12-31,315309000.0,A
025119,MELNICK DESENVOLVIMENTO IMOBILIÁRIO S.A.,2021-12-31,86359000.0,A
025127,COMPASS GÁS E ENERGIA S.A.,2021-12-31,1742636000.0,A
025135,BOA VISTA SERVIÇOS S.A.,2021-12-31,175197000.0,A
025143,PACAEMBU CONSTRUTORA S.A.,2021-12-31,23858000.0,A
025160,SEQUOIA LOGÍSTICA E TRANSPORTES S.A.,2021-12-31,-17861000.0,A
025186,GRUPO MATEUS S.A.,2021-12-31,768791000.0,A
025194,ALARES INTERNET PARTICIPAÇÕES S/A,2021-12-31,-27755000.0,A
025208,TRACK & FIELD CO S.A.,2021-12-31,77147000.0,A
025224,2W ECOBANK S.A. - EM RECUPERAÇÃO JUDICIAL,2021-12-31,-102355000.0,A
025232,MÉLIUZ S.A.,2021-12-31,-34334000.0,A
025259,ENJOEI S.A.,2021-12-31,-118785000.0,A
025275,ALPHAVILLE S.A.,2021-12-31,-381698000.0,A
025283,AERIS IND. E COM. DE EQUIP. PARA GER. DE ENG. S.A.,2021-12-31,69193000.0,A
025291,BRAVA ENERGIA S.A.,2021-12-31,15991000.0,A
025305,PATRIMAR ENGENHARIA S.A.,2021-12-31,154764000.0,A
025313,HOUSI S.A.,2021-12-31,2285000.0,A
025321,GRANBIO INVESTIMENTOS S.A.,2021-12-31,-171192000.0,A
025330,ALLIED TECNOLOGIA S.A.,2021-12-31,288231000.0,A
025348,ELFA MEDICAMENTOS S.A.,2021-12-31,176741000.0,A
025380,EZ INC INCORPORAÇÕES S.A.,2021-12-31,3759000.0,A
025399,NEOGRID PARTICIPAÇÕES S.A.,2021-12-31,14580000.0,A
025402,HBR REALTY EMPREENDIMENTOS IMOBILIÁRIOS S.A.,2021-12-31,180479000.0,A
025410,SBF COMÉRCIO DE PRODUTOS ESPORTIVOS S.A.,2021-12-31,80310000.0,A
025429,FARMÁCIA E DROGARIA NISSEI S.A.,2021-12-31,19944000.0,A
025437,URBA DESENVOLVIMENTO URBANO S.A.,2021-12-31,26332000.0,A
025445,MPM CORPÓREOS S.A.,2021-12-31,179142000.0,A
025453,INTELBRAS S.A. IND. DE TELECOMUNICAÇÃO ELETRÔNICA BRASILEIRA,2021-12-31,363509000.0,A
025461,GRUPO TOKY S.A.,2021-12-31,-84809000.0,A
025496,JALLES MACHADO S.A.,2021-03-31,170449000.0,A
025500,BEMOBI MOBILE TECH S.A.,2021-12-31,75349000.0,A
025526,CRUZEIRO DO SUL EDUCACIONAL S.A.,2021-12-31,82955000.0,A
025534,OCEANPACT SERVIÇOS MARITIMOS S.A.,2021-12-31,-47378000.0,A
025542,CVLB BRASIL S.A,2021-12-31,-106786000.0,A
025550,ORIZON VALORIZAÇÃO DE RESÍDUOS S.A.,2021-12-31,-55509000.0,A
025569,ELETROMIDIA S.A.,2021-12-31,-11479000.0,A
025585,CSN MINERAÇÃO S.A.,2021-12-31,6370966000.0,A
025640,AUREN PARTICIPAÇÕES S.A.,2021-12-31,424564000.0,A
025658,AGROGALAXY PARTICIPAÇÕES S.A. - EM RECUPERAÇÃO JUDICIAL,2021-12-31,119397000.0,A
025666,LG INFORMÁTICA S.A.,2021-12-31,15426000.0,A
025674,HMOBI PARTICIPAÇÕES S.A.,2021-12-31,75937000.0,A
025682,CM HOSPITALAR S.A,2021-12-31,395155000.0,A
025690,HOSPITAL MATER DEI S.A.,2021-12-31,146846000.0,A
025712,GPS PARTICIPAÇÕES E EMPREENDIMENTOS S.A.,2021-12-31,399748000.0,A
025720,RIO ALTO ENERGIAS RENOVÁVEIS S.A.,2021-12-31,-43209000.0,A
025739,CS BRASIL PARTICIPAÇÕES E LOCAÇÕES S.A.,2021-12-31,130410000.0,A
025747,INFRACOMMERCE CXAAS S.A.,2021-12-31,-39068000.0,A
025755,BANCO MODAL S.A.,2021-12-31,113336000.0,A
025763,VITTIA S.A.,2021-12-31,107740000.0,A
025771,HOSPITAL CARE CALEDONIA S.A.,2021-12-31,79694000.0,A
025780,PETRORECÔNCAVO S.A.,2021-12-31,176899000.0,A
025798,KALLAS INCORPORAÇÕES E CONSTRUÇÕES S.A.,2021-12-31,77447000.0,A
025801,RODOBENS SA,2021-12-31,471277000.0,A
025810,ATHENA SAÚDE BRASIL SA,2021-12-31,-61787000.0,A
025836,DOTZ S.A.,2021-12-31,-82252000.0,A
025844,TEGRA INCORPORADORA S.A.,2021-12-31,160743000.0,A
025852,W2W E-COMMERCE DE VINHOS S.A.,2021-12-31,-3506000.0,A
025860,BRBI BR PARTNERS S.A,2021-12-31,138660000.0,A
025879,KORA SAÚDE PARTICIPAÇÕES S.A.,2021-12-31,-54955000.0,A
025895,LIVETECH DA BAHIA INDÚSTRIA E COMÉRCIO S.A.,2021-12-31,72454000.0,A
025909,EMCCAMP RESIDENCIAL S.A.,2021-12-31,19638000.0,A
025917,RAÍZEN S.A.,2021-03-31,1039344000.0,A
025925,BIONEXO S.A.,2021-12-31,-51502000.0,A
025933,HUMBERG AGRIBRASIL COMÉRCIO E EXPORTAÇÃO DE GRÃOS S.A.,2021-12-31,9121000.0,A
025976,YUNY INCORPORADORA HOLDING S.A.,2021-12-31,-11862000.0,A
025984,COMPANHIA BRASILEIRA DE ALUMÍNIO,2021-12-31,837727000.0,A
025992,INTERCEMENT BRASIL S.A. - EM RECUPERAÇÃO JUDICIAL,2021-12-31,1314271000.0,A
026000,TERRA SANTA PROPRIEDADES AGRÍCOLAS S.A.,2021-12-31,38024000.0,A
026026,DESKTOP S.A.,2021-12-31,30668000.0,A
026034,GRUPO MULTI S.A.,2021-12-31,774715000.0,A
026050,UNIFIQUE TELECOMUNICAÇÕES S.A.,2021-12-31,80539000.0,A
026069,"ARMAC LOCAÇÃO, LOGÍSTICA E SERVIÇOS S.A.",2021-12-31,58064000.0,A
026077,TC S.A.,2021-12-31,1201000.0,A
026085,BRISANET PARTICIPAÇÕES S.A.,2021-12-31,2243000.0,A
026093,CLEAR SALE S.A.,2021-12-31,-74517000.0,A
026123,ONCOCLÍNICAS DO BRASIL SERVIÇOS MÉDICOS S.A.,2021-12-31,-22417000.0,A
026140,GETNET ADQ E SERV PARA MEIOS DE PAGTO S.A. - INST PAGTO,2021-12-31,475924000.0,A
026158,ESSENTIA PCHS S.A.,2021-12-31,134094000.0,A
026166,GRUPO FARTURA DE HORTIFRUT S.A.,2021-12-31,20623000.0,A
026174,AUREN OPERAÇÕES S.A.,2021-12-31,516512000.0,A
026190,CARAMURU ALIMENTOS S.A.,2021-12-31,353867000.0,A
026204,BLUEFIT ACADEMIAS DE GINÁSTICA E PARTICIPAÇÕES S.A.,2021-12-31,-35223000.0,A
026247,WILSON SONS S.A.,2021-12-31,223759000.0,A
026255,TIGRE S.A. PARTICIPAÇÕES,2021-12-31,569233000.0,A
026271,ENVIRONMENTAL ESG PARTICIPAÇÕES S.A.,2021-12-31,30817000.0,A
026280,COMERC ENERGIA S.A.,2021-12-31,-260134000.0,A
026298,RIO ENERGY PARTICIPAÇÕES S.A.,2021-12-31,-95186000.0,A
026301,UNIGEL PARTICIPAÇÕES S.A.,2021-12-31,882173000.0,A
026328,MONTE RODOVIAS S.A.,2021-06-30,55776000.0,A
026328,MONTE RODOVIAS S.A.,2021-12-31,79768000.0,A
026336,FULWOOD S.A.,2021-12-31,42324000.0,A
026352,RODOVIAS DO BRASIL HOLDING S.A.,2021-12-31,-71593000.0,A
026379,MADERO INDÚSTRIA E COMÉRCIO S.A.,2021-12-31,-121078000.0,A
026387,INTERPLAYERS SOLUÇÕES INTEGRADAS S.A.,2021-12-31,10000000.0,A
026395,ALMEIDA JUNIOR SHOPPING CENTERS S.A.,2021-12-31,43692000.0,A
026409,VERO S.A.,2021-12-31,51672000.0,A
026417,OLIVEIRA TRUST S.A.,2021-12-31,124500000.0,A
026441,SERENA ENERGIA S.A.,2021-12-31,598231000.0,A
026476,AMMO VAREJO S.A.,2021-12-31,-52106000.0,A
026506,LUPO S.A.,2021-12-31,297274000.0,A
026514,ASA BRANCA HOLDING S.A.,2021-12-31,-15727000.0,A
026522,CERRADINHO BIOENERGIA S.A.,2021-03-31,264963000.0,A
026530,CENCOSUD BRASIL COMERCIAL S.A.,2021-12-31,-74783000.0,A
026549,CLARANET TECHNOLOGY S.A.,2021-06-30,2536000.0,A
026557,DATORA PARTICIPAÇÕES E SERVIÇOS S.A.,2021-12-31,21331000.0,A
026565,HOLDING DO ARAGUAIA S.A.,2021-12-31,-13658000.0,A
026590,AURA ALMAS MINERAÇÃO S.A.,2021-12-31,13102000.0,A
026603,GSH CORP PARTICIPAÇÕES S.A.,2021-12-31,23401000.0,A
026620,AUREN ENERGIA S.A.,2021-12-31,311646000.0,A
026689,HOLDING VERZANI E SANDRINI S.A.,2021-12-31,-5534000.0,A
026700,EUROFARMA LABORATÓRIOS S.A.,2021-12-31,999894000.0,A
026786,SENIOR SISTEMAS S.A.,2021-12-31,103374000.0,A
026794,SELF IT ACADEMIAS HOLDING S.A.,2021-12-31,-69355000.0,A
026832,ANEMUS WIND HOLDING S.A.,2021-12-31,-8873000.0,A
026867,UNIÃO QUÍMICA FARMACÊUTICA NACIONAL S.A.,2021-12-31,448308000.0,A
026891,ELETRORIVER S.A.,2021-12-31,989845000.0,A
026930,AMAZONE FUN PARKS S.A.,2021-12-31,-447751.0,A
026956,OCEÂNICA ENGENHARIA E CONSULTORIA S.A.,2021-12-31,-6158000.0,A
026964,REAG CAPITAL HOLDING S.A.,2021-12-31,8123000.0,A
026972,CREDGRID SERVIÇOS FINANCEIROS S.A.,2021-12-31,64315000.0,A
026980,BORRACHAS VIPAL S.A.,2021-12-31,202651000.0,A
027006,RIO ALTO STL HOLDING I S.A.,2021-12-31,-337082.0,A
027014,SOLAR BEBIDAS S.A.,2021-12-31,986232000.0,A
027057,VITRU EDUCAÇÃO S.A.,2021-12-31,57208000.0,A
027090,TIM BRASIL SERVIÇOS E PARTICIPAÇÕES S.A.,2021-12-31,2891986000.0,A
027103,CHINA THREE GORGES BRASIL ENERGIA S.A.,2021-12-31,1745876000.0,A
027111,XP INVESTIMENTOS S.A.,2021-12-31,465863000.0,A
027138,SAFIRA HOLDING S.A.,2021-12-31,16381000.0,A
027154,COMPANHIA ESTADUAL DE GERAÇÃO DE ENERGIA ELÉTRICA - CEEE-G,2021-12-31,209633000.0,A
057886,"INTER & CO, INC.",2021-12-31,-55068000.0,A
080020,"GP INVESTMENTS, LTD.",2021-12-31,611190000.0,A
080187,AURA MINERALS INC.,2021-12-31,240378000.0,A
080209,NU HOLDINGS LTD.,2021-12-31,-892192000.0,A
080217,"INTER & CO, INC.",2021-12-31,-55068000.0,A
080225,ALMACENES ÉXITO S.A.,2021-12-31,852627000.0,A
000094,PANATLANTICA S.A.,2022-12-31,55693000.0,A
000701,BIOMA EDUCAÇÃO S.A.,2022-12-31,-114068000.0,A
000906,BCO BRADESCO S.A.,2022-12-31,21217196000.0,A
001023,BCO BRASIL S.A.,2022-12-31,29849335000.0,A
001155,BANESTES S.A. - BCO EST ESPIRITO SANTO,2022-12-31,345796000.0,A
001210,BANCO DO ESTADO DO RIO GRANDE DO SUL SA,2022-12-31,842242000.0,A
001325,BCO MERCANTIL DO BRASIL S.A.,2022-12-31,199851000.0,A
001384,BCO ALFA DE INVESTIMENTO S.A.,2022-12-31,0.0,A
001520,BARDELLA S.A. INDUSTRIAS MECANICAS EM RECUPERAÇÃO JUDICIAL,2022-12-31,65690000.0,A
001562,BAUMER S.A.,2022-12-31,5709000.0,A
002100,CAMBUCI S.A.,2022-12-31,56743000.0,A
002429,IRANI PAPEL E EMBALAGEM S.A.,2022-12-31,378210000.0,A
002437,AXIA ENERGIA S.A.,2022-12-31,3638382000.0,A
002453,CIA ENERGETICA DE MINAS GERAIS - CEMIG,2022-12-31,4094367000.0,A
002461,CENTRAIS ELET DE SANTA CATARINA S.A.,2022-12-31,540562000.0,A
002577,CESP - CIA ENERGETICA DE SAO PAULO,2022-12-31,0.0,A
003069,CIA FERRO LIGAS DA BAHIA - FERBASA,2022-12-31,1062474000.0,A
003077,CIA FIACAO TECIDOS CEDRO CACHOEIRA,2022-12-31,-27019000.0,A
003115,CIA SEGUROS ALIANCA DA BAHIA,2022-12-31,18227000.0,A
003158,CIA TECIDOS NORTE DE MINAS COTEMINAS,2022-12-31,-669413000.0,A
003190,REDE ENERGIA PARTICIPAÇÕES S.A.,2022-12-31,2036123000.0,A
003204,CPFL TRANSMISSÃO S.A.,2022-12-31,905788000.0,A
003298,CIA HABITASUL DE PARTICIPACOES,2022-12-31,60684000.0,A
003395,COMPANHIA INDUSTRIAL CATAGUASES,2022-12-31,22448000.0,A
003549,CIA INDUSTRIAL SCHLOSSER S.A.,2022-12-31,-246000.0,A
003654,CIA MELHORAMENTOS DE SAO PAULO,2022-12-31,1512000.0,A
003891,FINANCEIRA ALFA S.A.- CRED FINANC E INVS,2022-12-31,0.0,A
003980,GERDAU S.A.,2022-12-31,11479552000.0,A
004030,CIA SIDERURGICA NACIONAL,2022-12-31,2167698000.0,A
004081,CIA TECIDOS SANTANENSE EM RECUPERAÇÃO JUDICIAL,2022-12-31,6185000.0,A
004146,KARSTEN S.A.,2022-12-31,-21146000.0,A
004170,VALE S.A.,2022-12-31,96337000000.0,A
004448,COBRASMA S.A.,2022-12-31,-2774185000.0,A
004537,GRAZZIOTIN S.A.,2022-12-31,119071000.0,A
004669,GUARARAPES CONFECCOES S.A.,2022-12-31,51980000.0,A
004693,CONSERVAS ODERICH S.A.,2022-12-31,115869000.0,A
004707,CONSORCIO ALFA DE ADMINISTRACAO S.A.,2022-12-31,126886000.0,A
004723,CONSTRUTORA ADOLPHO LINDENBERG S.A.,2022-12-31,7000000.0,A
004820,BRASKEM S.A.,2022-12-31,-820391000.0,A
004863,CORREA RIBEIRO S.A. COMERCIO E INDUSTRIA,2022-12-31,9236000.0,A
005258,RAIA DROGASIL S.A.,2022-12-31,1014968000.0,A
005312,MUNDIAL S.A. - PRODUTOS DE CONSUMO,2022-12-31,881992000.0,A
005380,ELECTRO ACO ALTONA S.A.,2022-12-31,37002000.0,A
005410,WEG S.A.,2022-12-31,4272872000.0,A
005762,ETERNIT S.A.,2022-12-31,137713000.0,A
005770,EUCATEX S.A. INDUSTRIA E COMERCIO,2022-12-31,257503000.0,A
005983,FIACAO E TECELAGEM SAO JOSE SA EM RECUPERACAO JUDICIAL,2022-12-31,-6710000.0,A
006173,TAURUS ARMAS S.A.,2022-12-31,519984000.0,A
006211,FRASLE MOBILITY S.A.,2022-12-31,203329000.0,A
006343,TUPY S.A.,2022-12-31,502221000.0,A
006505,GRUPO CASAS BAHIA S.A.,2022-12-31,-342000000.0,A
006700,HOTEIS OTHON S.A. - EM RECUPERAÇÃO JUDICIAL,2022-12-31,197694000.0,A
007510,ROMI S.A.,2022-12-31,216096000.0,A
007544,TEXTIL RENAUXVIEW S.A.,2022-12-31,1123000.0,A
007595,INEPAR S.A. INDUSTRIA E CONSTRUCOES EM RECUPERACAO JUDICIAL,2022-12-31,-366566000.0,A
007617,ITAÚSA S.A.,2022-12-31,14154000000.0,A
007811,JOAO FORTES ENGENHARIA S.A. - EM RECUPERAÇÃO JUDICIAL,2022-12-31,-126136000.0,A
007870,KEPLER WEBER S.A.,2022-12-31,382468000.0,A
008133,LOJAS RENNER S.A.,2022-12-31,1291704000.0,A
008192,TREVISA INVESTIMENTOS S.A.,2022-12-31,11227000.0,A
008397,MANGELS INDUSTRIAL S.A.,2022-12-31,258724000.0,A
008427,MANUFATURA DE BRINQUEDOS ESTRELA S.A.,2022-12-31,-46510000.0,A
008451,MARCOPOLO S.A.,2022-12-31,436802000.0,A
008575,MAHLE METAL LEVE S.A.,2022-12-31,562360000.0,A
008656,METALURGICA GERDAU S.A.,2022-12-31,11462284000.0,A
008672,IGUATEMI S.A.,2022-12-31,12821000.0,A
008745,METANOR SA METANOL DO NE,2022-12-31,22216000.0,A
008753,METISA METALURGICA TIMBOENSE S.A.,2022-12-31,91768946.0,A
008893,MONTEIRO ARANHA S.A.,2022-12-31,230767000.0,A
009067,SUZANO HOLDING S.A.,2022-12-31,23392406000.0,A
009342,DIMED S.A. DISTRIBUIDORA DE MEDICAMENTOS,2022-12-31,86345000.0,A
009393,PARANAPANEMA S.A. - EM RECUPERAÇÃO JUDICIAL,2022-12-31,-2701084000.0,A
009512,PETROLEO BRASILEIRO S.A. PETROBRAS,2022-12-31,189005000000.0,A
009539,PETTENATI S.A. INDUSTRIA TEXTIL,2022-06-30,82137247.0,A
009989,REFINARIA DE PETROLEOS MANGUINHOS S.A.,2022-12-31,-935854000.0,A
010456,ALPARGATAS S.A.,2022-12-31,108531000.0,A
010472,SARAIVA LIVREIROS S.A. - EM RECUPERAÇÃO JUDICIAL,2022-12-31,115773000.0,A
010880,SONDOTECNICA ENGENHARIA SOLOS S.A.,2022-12-31,14344000.0,A
011070,WLM PART. E COMÉRCIO DE MÁQUINAS E VEÍCULOS S.A.,2022-12-31,117274000.0,A
011223,TEKA-TECELAGEM KUEHNRICH S.A. - EM RECUPERAÇÃO JUDICIAL,2022-12-31,-159690000.0,A
011231,TEKNO S.A. - INDUSTRIA E COMERCIO,2022-12-31,38250000.0,A
011312,OI S.A. - EM RECUPERAÇÃO JUDICIAL,2022-12-31,-19265934000.0,A
011592,UNIPAR CARBOCLORO S.A.,2022-12-31,1334303000.0,A
011762,VULCABRAS S.A.,2022-12-31,469930000.0,A
011932,IOCHPE MAXION S.A.,2022-12-31,404172000.0,A
011975,AZEVEDO E TRAVASSOS S.A.,2022-12-31,-79972000.0,A
011991,WETZEL S.A.,2022-12-31,24042000.0,A
012190,BOMBRIL S.A. - EM RECUPERAÇÃO JUDICIAL,2022-12-31,22585000.0,A
012572,RECRUSUL S.A.,2022-12-31,-12699000.0,A
012653,KLABIN S.A.,2022-12-31,4688903000.0,A
012696,SANSUY S.A. INDUSTRIA DE PLASTICOS,2022-12-31,-290768000.0,A
012823,ALIPERTI S.A.,2022-12-31,-25231000.0,A
013030,CONSTRUTORA SULTEPA S.A. - EM RECUPERAÇÃO JUDICIAL,2022-12-31,72888000.0,A
013285,JOSAPAR-JOAQUIM OLIVEIRA S.A. - PARTICIP,2022-12-31,37262000.0,A
013366,HAGA S.A. INDUSTRIA E COMERCIO,2022-12-31,5545845.0,A
013439,METALURGICA RIOSULENSE S.A.,2022-12-31,66905000.0,A
013471,PLASCAR PARTICIPACOES INDUSTRIAIS S.A.,2022-12-31,-97121000.0,A
013765,MINUPAR PARTICIPACOES S.A.,2022-12-31,6555000.0,A
013773,PBG S/A,2022-12-31,153105000.0,A
013781,SAO CARLOS EMPREEND E PARTICIPACOES S.A.,2022-12-31,-82926000.0,A
013986,SUZANO S.A.,2022-12-31,23394887000.0,A
014109,RANDONCORP S.A.,2022-12-31,666402000.0,A
014206,BRB BANCO DE BRASILIA S.A.,2022-12-31,90902000.0,A
014311,CIA PARANAENSE DE ENERGIA - COPEL,2022-12-31,1149321000.0,A
014320,USINAS SID DE MINAS GERAIS S.A.-USIMINAS,2022-12-31,2092889000.0,A
014346,WHIRLPOOL S.A.,2022-12-31,418696000.0,A
014451,COMPANHIA ENERGÉTICA DE BRASÍLIA - CEB,2022-12-31,258053000.0,A
014460,CYRELA BRAZIL REALTY S.A.EMPREEND E PART,2022-12-31,858591000.0,A
014664,SCHULZ S.A.,2022-12-31,269981000.0,A
014826,CIA BRASILEIRA DE DISTRIBUICAO,2022-12-31,-4000000.0,A
015253,ENERGISA S.A.,2022-12-31,2428020000.0,A
015423,FICTOR ALIMENTOS S.A. - EM RECUPERAÇÃO JUDICIAL,2022-12-31,10024000.0,A
015458,EMBPAR PARTICIPAÇÕES S/A,2022-12-31,63450000.0,A
015539,NEOENERGIA S.A.,2022-12-31,4787000000.0,A
016101,GAFISA S.A.,2022-12-31,-83192000.0,A
016292,BRF S.A.,2022-12-31,-3141626000.0,A
016306,ROSSI RESIDENCIAL S.A. - EM RECUPERAÇÃO JUDICIAL,2022-12-31,-442044000.0,A
016438,SUL 116 PARTICIPAÇÕES S.A. - EM LIQUIDAÇÃO,2022-12-31,224000.0,A
016632,DEXXOS PARTICIPAÇÕES S.A.,2022-12-31,179915000.0,A
016659,PORTO SEGURO S.A.,2022-12-31,1152290000.0,A
016675,CEL PARTICIPAÇÕES S.A. - CELPAR,2022-12-31,472174.0,A
016705,YBYRÁ CAPITAL S.A.,2022-12-31,-524800.0,A
016993,EMAE - EMPRESA METROP. DE AGUAS E ENERGIA S.A.,2022-12-31,68015000.0,A
017329,ENGIE BRASIL ENERGIA S.A.,2022-12-31,2664568000.0,A
017450,RUMO S.A.,2022-12-31,514021000.0,A
017671,TELEFÔNICA BRASIL S.A,2022-12-31,4057902000.0,A
017868,INEPAR EQUIPAMENTOS E MONTAGENS S/A - EM RECUPERACAO JUDICIA,2022-12-31,-9133000.0,A
017892,SANTOS BRASIL PARTICIPACOES S.A.,2022-12-31,429450000.0,A
017922,BRAZILIAN FINANCE E REAL ESTATE S.A.,2022-12-31,15748000.0,A
017973,COGNA EDUCAÇÃO S.A.,2022-12-31,-540998000.0,A
018368,RIO PARANAPANEMA ENERGIA S.A.,2022-12-31,243225000.0,A
018376,ISA ENERGIA BRASIL,2022-12-31,2319791000.0,A
018414,PADTEC HOLDING S.A.,2022-12-31,9754000.0,A
018465,ULTRAPAR PARTICIPACOES S.A.,2022-12-31,1840069000.0,A
018660,CPFL ENERGIA S.A.,2022-12-31,5218813000.0,A
018708,CIA PARTICIPACOES ALIANCA DA BAHIA,2022-12-31,40580000.0,A
018724,BRADESPAR S.A.,2022-12-31,3727675000.0,A
018775,INVESTIMENTOS E PARTICIP. EM INFRA S.A. - INVEPAR,2022-12-31,-235902000.0,A
018821,MOTIVA INFRAESTRUTURA DE MOBILIDADE S.A.,2022-12-31,4212180000.0,A
018953,CPFL GERACAO DE ENERGIA S.A.,2022-12-31,2758587000.0,A
019100,CONTAX PARTICIPAÇÕES S.A. - EM RECUPERAÇÃO JUDICIAL,2022-12-31,-455241000.0,A
019232,PRODUTORES ENERGET.DE MANSO S.A.- PROMAN,2022-12-31,242000.0,A
019305,BIOMM S.A.,2022-12-31,-92559000.0,A
019330,TPI - TRIUNFO PARTICIP. E INVEST. S.A.,2022-12-31,6348000.0,A
019348,ITAU UNIBANCO HOLDING S.A.,2022-12-31,30737000000.0,A
019445,CIA SANEAMENTO DE MINAS GERAIS-COPASA MG,2022-12-31,843362000.0,A
019453,ECORODOVIAS INFRAESTRUTURA E LOGÍSTICA S.A.,2022-12-31,234059000.0,A
019550,NATURA COSMÉTICOS S.A.,2022-12-31,123717000.0,A
019569,GOL LINHAS AEREAS INTELIGENTES S.A.,2022-12-31,-1561473000.0,A
019615,GRENDENE S.A.,2022-12-31,568027000.0,A
019623,DIAGNOSTICOS DA AMERICA S.A.,2022-12-31,-387766000.0,A
019658,POMIFRUTAS S/A EM RECUPERACAO JUDICIAL,2022-12-31,-5200000.0,A
019739,LOCALIZA RENT A CAR S.A.,2022-12-31,1841207000.0,A
019763,EDP - ENERGIAS DO BRASIL S.A.,2022-12-31,1212727000.0,A
019771,ARTERIS S.A.,2022-12-31,-1620478000.0,A
019836,COSAN S.A.,2022-12-31,2820875000.0,A
019879,LIGHT S.A. - EM RECUPERAÇÃO JUDICIAL,2022-12-31,-5672203000.0,A
019909,BR MALLS PARTICIPACOES S.A.,2022-12-31,628484000.0,A
019925,BR PROPERTIES S.A.,2022-12-31,-1523240000.0,A
019992,TOTVS S.A.,2022-12-31,523301000.0,A
020010,EQUATORIAL S.A.,2022-12-31,1922003000.0,A
020028,VALID SOLUÇÕES S.A.,2022-12-31,36503000.0,A
020036,BRASILAGRO - CIA BRAS DE PROP AGRICOLAS,2022-06-30,520100000.0,A
020060,LUPATECH S.A,2022-12-31,54866000.0,A
020087,EMBRAER S.A.,2022-12-31,-1047213000.0,A
020125,BRADSAÚDE S.A.,2022-12-31,451361000.0,A
020184,CCX CARVÃO DA COLÔMBIA S.A. - EM LIQUIDAÇÃO,2022-12-31,-7970000.0,A
020257,TRANSMISSORA ALIANÇA DE ENERGIA ELÉTRICA S.A.,2022-12-31,1449215000.0,A
020320,CEMIG GERACAO E TRANSMISSAO S.A.,2022-12-31,2085456000.0,A
020338,M.DIAS BRANCO S.A. IND COM DE ALIMENTOS,2022-12-31,481839000.0,A
020346,PROFARMA DISTRIB PROD FARMACEUTICOS S.A.,2022-12-31,85040000.0,A
020362,POSITIVO TECNOLOGIA S.A.,2022-12-31,306357000.0,A
020370,LPS BRASIL - CONSULTORIA DE IMOVEIS S.A.,2022-12-31,27013000.0,A
020435,TECNISA S.A.,2022-12-31,2300000.0,A
020451,RNI NEGÓCIOS IMOBILIÁRIOS S.A.,2022-12-31,31688000.0,A
020478,PDG REALTY S.A. EMPREEND E PARTICIPACOES,2022-12-31,-82820000.0,A
020494,IGUATEMI EMPRESA DE SHOPPING CENTERS S.A,2022-12-31,-19216000.0,A
020516,SAO MARTINHO S.A.,2022-03-31,1480868000.0,A
020524,EVEN CONSTRUTORA E INCORPORADORA S.A.,2022-12-31,195032000.0,A
020532,BCO SANTANDER (BRASIL) S.A.,2022-12-31,14339475000.0,A
020540,CPFL ENERGIAS RENOVÁVEIS S.A.,2022-12-31,1316306000.0,A
020567,BCO PINE S.A,2022-12-31,47292000.0,A
020575,JBS S.A.,2022-12-31,16201254000.0,A
020605,JHSF PARTICIPACOES S.A.,2022-12-31,632094000.0,A
020613,METALFRIO SOLUTIONS S.A.,2022-12-31,-194950000.0,A
020630,FICA EMPREENDIMENTOS IMOBILIÁRIOS S.A.,2022-12-31,-7551000.0,A
020702,VIVER INCORPORADORA E CONSTRUTORA S.A.,2022-12-31,-12524000.0,A
020710,LOG-IN LOGISTICA INTERMODAL S.A.,2022-12-31,406760000.0,A
020745,SLC AGRICOLA S.A.,2022-12-31,1336733000.0,A
020770,EZ TEC EMPREEND. E PARTICIPACOES S.A.,2022-12-31,342107000.0,A
020788,MARFRIG GLOBAL FOODS S.A.,2022-12-31,2762975000.0,A
020796,BCO DAYCOVAL S.A.,2022-12-31,1055390000.0,A
020800,TEGMA GESTAO LOGISTICA S.A.,2022-12-31,159664000.0,A
020818,VIRGO COMPANHIA DE SECURITIZAÇÃO,2022-12-31,8023000.0,A
020877,HELBOR EMPREENDIMENTOS S.A.,2022-12-31,107741000.0,A
020915,MRV ENGENHARIA E PARTICIPACOES S.A.,2022-12-31,-123463000.0,A
020931,MINERVA S.A.,2022-12-31,655064000.0,A
020958,BCO ABC BRASIL S.A.,2022-12-31,789718000.0,A
020966,SPRINGS GLOBAL PARTICIPACOES S.A.,2022-12-31,-630785000.0,A
020982,MULTIPLAN - EMPREEND IMOBILIARIOS S.A.,2022-12-31,769388000.0,A
020990,AMERICANAS S.A. - EM RECUPERAÇÃO JUDICIAL,2022-12-31,-12911538000.0,A
021008,GENERAL SHOPPING E OUTLETS DO BRASIL BRASIL S.A.,2022-12-31,-86772000.0,A
021016,YDUQS PARTICIPACOES S.A.,2022-12-31,-55444000.0,A
021032,ALGAR TELECOM S/A,2022-12-31,51443000.0,A
021040,SYN PROP & TECH S.A.,2022-12-31,-32939000.0,A
021067,MOURA DUBEUX ENGENHARIA S/A,2022-12-31,105057000.0,A
021091,DEXCO S.A.,2022-12-31,764922000.0,A
021130,TRISUL S.A.,2022-12-31,69749000.0,A
021148,CONSTRUTORA TENDA S.A.,2022-12-31,-555713000.0,A
021156,J. MACEDO S.A.,2022-12-31,317857000.0,A
021180,NEXPE PARTICIPAÇÕES S.A,2022-12-31,-150738000.0,A
021199,BCO PAN S.A.,2022-12-31,668283000.0,A
021202,VIX LOGÍSTICA S.A.,2022-12-31,88453000.0,A
021237,ENEVA S.A,2022-12-31,375774000.0,A
021334,NUTRIPLANT INDUSTRIA E COMERCIO S.A.,2022-12-31,8319000.0,A
021342,OSX BRASIL S.A. - EM RECUPERAÇÃO JUDICIAL,2022-12-31,-288421000.0,A
021350,DIRECIONAL ENGENHARIA S.A.,2022-12-31,255689000.0,A
021393,CIA CELG DE PARTICIPACOES - CELGPAR,2022-12-31,0.0,A
021431,HYPERA S.A.,2022-12-31,1698399000.0,A
021440,VESTE S.A. ESTILO,2022-12-31,55275000.0,A
021466,BANCO RCI BRASIL S.A.,2022-12-31,183535000.0,A
021490,ALUPAR INVESTIMENTO S/A,2022-12-31,1663873000.0,A
021520,MULTINER S/A,2022-12-31,59277000.0,A
021610,"B3 S.A. - BRASIL, BOLSA, BALCÃO",2022-12-31,4226598000.0,A
021636,RENOVA ENERGIA S.A.,2022-12-31,777120000.0,A
021709,CIA MINEIRA DE AÇUCAR E ALCOOL PARTICIPAÇÕES,2022-03-31,72903000.0,A
021733,CIELO S.A. -  INSTITUIÇÃO DE PAGAMENTO,2022-12-31,1714680000.0,A
021881,FLEURY S.A.,2022-12-31,308731000.0,A
021903,ECORODOVIAS CONCESSÕES E SERVIÇOS S.A.,2022-12-31,444437000.0,A
022012,"MILLS LOCAÇÃO, SERVIÇOS E LOGÍSTICA S.A.",2022-12-31,216453000.0,A
022020,JSL S.A.,2022-12-31,194182000.0,A
022055,MARISA LOJAS S.A.,2022-12-31,-519382000.0,A
022187,PRIO S.A.,2022-12-31,3427072000.0,A
022217,ALPER CONSULTORIA E CORRETORA DE SEGUROS S.A.,2022-12-31,26445000.0,A
022349,AZZAS 2154 S.A.,2022-12-31,422538000.0,A
022357,ALLOS S.A.,2022-12-31,222144000.0,A
022365,ENAUTA PARTICIPAÇÕES S.A.,2022-12-31,383375000.0,A
022454,T4F ENTRETENIMENTO S.A.,2022-12-31,-8431000.0,A
022470,MAGAZINE LUIZA S.A.,2022-12-31,-498975000.0,A
022497,QUALICORP CONSULTORIA E CORRETORA DE SEGUROS S.A.,2022-12-31,101478000.0,A
022519,TECHNOS S.A.,2022-12-31,39925000.0,A
022560,INBRANDS S.A.,2022-12-31,-125028000.0,A
022586,MLOG S.A.,2022-12-31,-74265000.0,A
022594,STATKRAFT ENERGIAS RENOVAVEIS S.A.,2022-12-31,237814000.0,A
022608,EMPREENDIMENTOS PAGUE MENOS S.A.,2022-12-31,263049000.0,A
022616,BCO BTG PACTUAL S.A.,2022-12-31,8020194000.0,A
022675,HIDROVIAS DO BRASIL S.A.,2022-12-31,-8163000.0,A
022691,COMPANHIA DE LOCAÇÃO DAS AMÉRICAS,2022-12-31,303499000.0,A
022780,UNICASA INDÚSTRIA DE MÓVEIS S.A.,2022-12-31,32947000.0,A
022799,SINQIA S.A.,2022-12-31,17556000.0,A
022810,ELDORADO BRASIL CELULOSE S.A.,2022-12-31,3534268000.0,A
023000,LIGHT ENERGIA S.A.,2022-12-31,146311000.0,A
023159,BB SEGURIDADE PARTICIPAÇÕES S.A.,2022-12-31,6044571000.0,A
023175,IGUA SANEAMENTO S.A.,2022-12-31,-611082000.0,A
023221,SER EDUCACIONAL S.A.,2022-12-31,-222148000.0,A
023230,RAIZEN ENERGIA S.A.,2022-03-31,1158036000.0,A
023248,ANIMA HOLDING S.A.,2022-12-31,11454000.0,A
023264,AMBEV S.A.,2022-12-31,14891291000.0,A
023272,LOG COMMERCIAL PROPERTIES E PARTICIPAÇÕES,2022-12-31,400700000.0,A
023280,UNIDAS LOCAÇÕES E SERVIÇOS S.A.,2022-12-31,102135000.0,A
023302,QUALITY SOFTWARE S.A.,2022-12-31,12649092.0,A
023310,CVC BRASIL OPERADORA E AGÊNCIA DE VIAGENS S.A.,2022-12-31,-433441000.0,A
023396,AEGEA SANEAMENTO E PARTICIPAÇÕES S.A.,2022-12-31,416874000.0,A
023426,SERENA GERAÇÃO S.A.,2022-12-31,55306000.0,A
023507,OUROFINO S.A.,2022-12-31,130658000.0,A
023531,CLARO TELECOM PARTICIPAÇÕES S.A.,2022-12-31,2586047000.0,A
023574,INTERNATIONAL MEAL COMPANY ALIMENTACAO S.A.,2022-12-31,72669000.0,A
023590,WIZ CO PARTICIPAÇÕES E CORRETAGEM DE SEGUROS S.A.,2022-12-31,213100000.0,A
023604,YOU INC INCORPORADORA E PARTICIPAÇÕES S.A,2022-12-31,94990000.0,A
023620,CBO HOLDING S.A.,2022-12-31,70810000.0,A
023795,CAIXA SEGURIDADE PARTICIPAÇÕES S.A.,2022-12-31,2952840000.0,A
023817,BRQ SOLUCOES EM INFORMATICA S.A.,2022-12-31,85452000.0,A
023825,MOVIDA PARTICIPACOES SA,2022-12-31,556406000.0,A
023930,BRASILIANA PARTICIPAÇÕES S/A,2022-12-31,-21556000.0,A
023957,SUGOI S.A.,2022-12-31,3151000.0,A
023965,CINESYSTEM S.A.,2022-12-31,-6966000.0,A
023981,CTC - CENTRO DE TECNOLOGIA CANAVIEIRA S.A.,2022-03-31,134003000.0,A
024058,ALLIANÇA SAÚDE E PARTICIPAÇÕES S.A.,2022-12-31,-219243000.0,A
024090,INSTITUTO HERMES PARDINI S.A.,2022-12-31,173012000.0,A
024112,AZUL S.A.,2022-12-31,-722367000.0,A
024120,ARGO ENERGIA EMPREENDIMENTOS E PARTICIPAÇÕES S/A,2022-12-31,575175000.0,A
024171,ATACADÃO S.A.,2022-12-31,1998000000.0,A
024180,IRB - BRASIL RESSEGUROS S.A.,2022-12-31,-630341000.0,A
024228,CAMIL ALIMENTOS S.A.,2022-02-28,478721000.0,A
024236,PRINER SERVIÇOS INDUSTRIAIS S.A.,2022-12-31,64934000.0,A
024260,SMARTFIT ESCOLA DE GINÁSTICA E DANÇA S.A.,2022-12-31,-86051000.0,A
024279,INC EMPREENDIMENTOS IMOBILIÁRIOS S.A.,2022-12-31,63790000.0,A
024295,VIBRA ENERGIA S/A,2022-12-31,1537000000.0,A
024317,ZAMP SA,2022-12-31,-55786000.0,A
024350,FLEX GESTÃO DE RELACIONAMENTOS S.A.-EM RECUPERAÇÃO JUDICIAL,2022-12-31,-350543000.0,A
024392,HAPVIDA PARTICIPAÇÕES E INVESTIMENTOS S.A.,2022-12-31,-775839000.0,A
024406,BANCO INTER S.A.,2022-03-31,-27298000.0,A
024473,JHSF MALLS S.A.,2022-12-31,-63878000.0,A
024490,SABER SERVIÇOS EDUCACIONAIS S.A.,2022-12-31,52085000.0,A
024546,PRÁTICA PRODUTOS S.A.,2022-12-31,18008000.0,A
024589,ENERGISA TRANSMISSÃO DE ENERGIA S/A,2022-12-31,395213000.0,A
024597,CELEO REDES TRANSMISSÃO DE ENERGIA S.A.,2022-12-31,54246000.0,A
024600,BANCO BMG S/A,2022-12-31,65350000.0,A
024627,BLAU FARMACÊUTICA S.A.,2022-12-31,360492000.0,A
024660,BBM LOGÍSTICA S.A.,2022-12-31,-71099000.0,A
024694,GRUPO SBF S.A.,2022-12-31,204602000.0,A
024716,"VAMOS LOCAÇÃO DE CAMINHÕES, MÁQUINAS E EQUIPAMENTOS S.A.",2022-12-31,668629000.0,A
024740,COPEL GERAÇÃO E TRANSMISSÃO S.A.,2022-12-31,1599459000.0,A
024775,BCBF PARTICIPAÇÕES S.A.,2022-12-31,-855909000.0,A
024783,NATURA &CO HOLDING S.A.,2022-12-31,-2858626000.0,A
024805,VIVARA PARTICIPAÇÕES S.A.,2022-12-31,360854417.0,A
024813,LOCALIZA FLEET S.A.,2022-12-31,539074000.0,A
024821,REDE D'OR SÃO LUIZ S.A.,2022-12-31,1262317000.0,A
024830,BRK AMBIENTAL PARTICIPAÇÕES S.A.,2022-12-31,-12821000.0,A
024848,C&A MODAS S.A.,2022-12-31,829000.0,A
024872,LIFEMED INDUSTRIAL DE EQUIP. E ART. MEDICOS E HOSP. S.A,2022-12-31,-15381000.0,A
024880,LM TRANSPORTES INTERESTADUAIS SERVIÇOS E COMÉRCIO S.A.,2022-12-31,140897000.0,A
024902,MITRE REALTY EMPREENDIMENTOS E PARTICIPAÇÕES S.A.,2022-12-31,37220000.0,A
024910,LWSA S/A,2022-12-31,30281000.0,A
024929,TIM S.A.,2022-12-31,1670755000.0,A
024953,"ALLPARK EMPREENDIMENTOS, PARTICIPAÇÕES E SERVIÇOS S.A.",2022-12-31,-157686000.0,A
024961,AMBIPAR PARTICIPAÇÕES E EMPREENDIMENTOS S.A.,2022-12-31,108745000.0,A
024996,RIVA INCORPORADORA S.A,2022-12-31,99105000.0,A
025003,SIMPAR S.A.,2022-12-31,940707000.0,A
025011,GRUPO DE MODA SOMA S.A.,2022-12-31,335188000.0,A
025038,LOJAS QUERO QUERO S.A.,2022-12-31,-18703000.0,A
025046,D1000 VAREJO FARMA PARTICIPAÇÕES S.A.,2022-12-31,11355000.0,A
025062,LAVVI EMPREENDIMENTOS IMOBILIÁRIOS S.A.,2022-12-31,130908000.0,A
025070,PLANO & PLANO DESENVOLVIMENTO IMOBILIÁRIO S.A.,2022-12-31,132566000.0,A
025089,PET CENTER COMÉRCIO E PARTICIPAÇÕES S.A.,2022-12-31,50590000.0,A
025100,CURY CONSTRUTORA E INCORPORADORA S.A.,2022-12-31,348440000.0,A
025119,MELNICK DESENVOLVIMENTO IMOBILIÁRIO S.A.,2022-12-31,125593000.0,A
025127,COMPASS GÁS E ENERGIA S.A.,2022-12-31,1977298000.0,A
025135,BOA VISTA SERVIÇOS S.A.,2022-12-31,297750000.0,A
025143,PACAEMBU CONSTRUTORA S.A.,2022-12-31,24189000.0,A
025160,SEQUOIA LOGÍSTICA E TRANSPORTES S.A.,2022-12-31,-106872000.0,A
025186,GRUPO MATEUS S.A.,2022-12-31,1064795000.0,A
025194,ALARES INTERNET PARTICIPAÇÕES S/A,2022-12-31,-127755000.0,A
025208,TRACK & FIELD CO S.A.,2022-12-31,96460000.0,A
025224,2W ECOBANK S.A. - EM RECUPERAÇÃO JUDICIAL,2022-12-31,89218000.0,A
025232,MÉLIUZ S.A.,2022-12-31,-58148000.0,A
025259,ENJOEI S.A.,2022-12-31,-66515000.0,A
025275,ALPHAVILLE S.A.,2022-12-31,-410715000.0,A
025283,AERIS IND. E COM. DE EQUIP. PARA GER. DE ENG. S.A.,2022-12-31,-92709000.0,A
025291,BRAVA ENERGIA S.A.,2022-12-31,127716000.0,A
025305,PATRIMAR ENGENHARIA S.A.,2022-12-31,72546000.0,A
025321,GRANBIO INVESTIMENTOS S.A.,2022-12-31,26420000.0,A
025330,ALLIED TECNOLOGIA S.A.,2022-12-31,76146000.0,A
025348,ELFA MEDICAMENTOS S.A.,2022-12-31,84383000.0,A
025380,EZ INC INCORPORAÇÕES S.A.,2022-12-31,9501000.0,A
025399,NEOGRID PARTICIPAÇÕES S.A.,2022-12-31,13115000.0,A
025402,HBR REALTY EMPREENDIMENTOS IMOBILIÁRIOS S.A.,2022-12-31,120484000.0,A
025410,SBF COMÉRCIO DE PRODUTOS ESPORTIVOS S.A.,2022-12-31,40170000.0,A
025429,FARMÁCIA E DROGARIA NISSEI S.A.,2022-12-31,12389000.0,A
025437,URBA DESENVOLVIMENTO URBANO S.A.,2022-12-31,-7053000.0,A
025445,MPM CORPÓREOS S.A.,2022-12-31,-51366000.0,A
025453,INTELBRAS S.A. IND. DE TELECOMUNICAÇÃO ELETRÔNICA BRASILEIRA,2022-12-31,479248000.0,A
025461,GRUPO TOKY S.A. - EM RECUPERAÇÃO JUDICIAL,2022-12-31,-89838000.0,A
025496,JALLES MACHADO S.A.,2022-03-31,387907000.0,A
025500,BEMOBI MOBILE TECH S.A.,2022-12-31,85566000.0,A
025526,CRUZEIRO DO SUL EDUCACIONAL S.A.,2022-12-31,6606000.0,A
025534,OCEANPACT SERVIÇOS MARITIMOS S.A.,2022-12-31,-92975000.0,A
025542,CVLB BRASIL S.A EM RECUPERAÇÃO JUDICAL,2022-12-31,-106114000.0,A
025550,ORIZON VALORIZAÇÃO DE RESÍDUOS S.A.,2022-12-31,-143464000.0,A
025569,ELETROMIDIA S.A.,2022-12-31,51410000.0,A
025585,CSN MINERAÇÃO S.A.,2022-12-31,2950298000.0,A
025640,AUREN PARTICIPAÇÕES S.A.,2022-12-31,320147000.0,A
025658,AGROGALAXY PARTICIPAÇÕES S.A. - EM RECUPERAÇÃO JUDICIAL,2022-12-31,28947000.0,A
025674,HMOBI PARTICIPAÇÕES S.A.,2022-12-31,336335000.0,A
025682,CM HOSPITALAR S.A,2022-12-31,259733000.0,A
025690,HOSPITAL MATER DEI S.A.,2022-12-31,122687000.0,A
025704,BOA SAFRA SEMENTES S.A.,2022-12-31,175292000.0,A
025712,GPS PARTICIPAÇÕES E EMPREENDIMENTOS S.A.,2022-12-31,517032000.0,A
025720,RIO ALTO ENERGIAS RENOVÁVEIS S.A.,2022-12-31,-87700000.0,A
025747,INFRACOMMERCE CXAAS S.A.,2022-12-31,-264939000.0,A
025755,BANCO MODAL S.A.,2022-12-31,48902000.0,A
025763,VITTIA S.A.,2022-12-31,147485000.0,A
025771,HOSPITAL CARE CALEDONIA S.A.,2022-12-31,-41876000.0,A
025780,PETRORECÔNCAVO S.A.,2022-12-31,1153391000.0,A
025798,KALLAS INCORPORAÇÕES E CONSTRUÇÕES S.A.,2022-12-31,46749000.0,A
025801,RODOBENS SA,2022-12-31,501206000.0,A
025810,ATHENA SAÚDE BRASIL SA,2022-03-31,-32471000.0,A
025836,DOTZ S.A.,2022-12-31,-95195000.0,A
025844,TEGRA INCORPORADORA S.A.,2022-12-31,192482000.0,A
025852,W2W E-COMMERCE DE VINHOS S.A.,2022-12-31,-20331000.0,A
025860,BRBI BR PARTNERS S.A,2022-12-31,147101000.0,A
025879,KORA SAÚDE PARTICIPAÇÕES S.A.,2022-12-31,-94469000.0,A
025887,ARANDU INVESTIMENTOS S.A.,2022-12-31,-15843000.0,A
025895,LIVETECH DA BAHIA INDÚSTRIA E COMÉRCIO S.A.,2022-12-31,23169000.0,A
025909,EMCCAMP RESIDENCIAL S.A.,2022-12-31,39536000.0,A
025917,RAÍZEN S.A.,2022-03-31,3249563000.0,A
025925,BIONEXO S.A.,2022-12-31,-36501000.0,A
025933,HUMBERG AGRIBRASIL COMÉRCIO E EXPORTAÇÃO DE GRÃOS S.A.,2022-12-31,118480000.0,A
025950,TRÊS TENTOS AGROINDUSTRIAL S/A,2022-12-31,571174000.0,A
025976,YUNY INCORPORADORA HOLDING S.A.,2022-12-31,-26622000.0,A
025984,COMPANHIA BRASILEIRA DE ALUMÍNIO,2022-12-31,957246000.0,A
025992,INTERCEMENT BRASIL S.A. - EM RECUPERAÇÃO JUDICIAL,2022-12-31,64713000.0,A
026000,TERRA SANTA PROPRIEDADES AGRÍCOLAS S.A.,2022-12-31,137168000.0,A
026026,DESKTOP S.A.,2022-12-31,54992000.0,A
026034,GRUPO MULTILASER S.A.,2022-12-31,89967000.0,A
026050,UNIFIQUE TELECOMUNICAÇÕES S.A.,2022-12-31,130208000.0,A
026069,"ARMAC LOCAÇÃO, LOGÍSTICA E SERVIÇOS S.A.",2022-12-31,148592000.0,A
026077,ECONOMATICA S.A.,2022-09-30,-41567000.0,A
026077,ECONOMATICA S.A.,2022-12-31,-81973000.0,A
026085,BRISANET PARTICIPAÇÕES S.A.,2022-12-31,60704000.0,A
026093,CLEAR SALE S.A.,2022-12-31,-37061000.0,A
026115,GUARARAPES PAINÉIS S.A.,2022-12-31,163762000.0,A
026123,ONCOCLÍNICAS DO BRASIL SERVIÇOS MÉDICOS S.A.,2022-12-31,113770000.0,A
026158,ESSENTIA PCHS S.A.,2022-12-31,69774000.0,A
026166,GRUPO FARTURA DE HORTIFRUT S.A.,2022-12-31,34452000.0,A
026174,AUREN OPERAÇÕES S.A.,2022-12-31,297662000.0,A
026190,CARAMURU ALIMENTOS S.A.,2022-12-31,348744000.0,A
026204,BLUEFIT ACADEMIAS DE GINÁSTICA E PARTICIPAÇÕES S.A.,2022-12-31,-3578000.0,A
026247,WILSON SONS S.A.,2022-12-31,338908000.0,A
026255,TIGRE S.A. PARTICIPAÇÕES,2022-12-31,612356000.0,A
026271,ENVIRONMENTAL ESG PARTICIPAÇÕES S.A.,2022-12-31,73245000.0,A
026280,COMERC ENERGIA S.A.,2022-12-31,-26981000.0,A
026298,RIO ENERGY PARTICIPAÇÕES S.A.,2022-12-31,-106343000.0,A
026301,UNIGEL PARTICIPAÇÕES S.A.,2022-12-31,388717000.0,A
026328,AUSTRAVIAS S.A.,2022-12-31,-45519000.0,A
026336,FULWOOD S.A.,2022-12-31,21537000.0,A
026352,RODOVIAS DO BRASIL HOLDING S.A.,2022-12-31,-20651000.0,A
026379,MADERO INDÚSTRIA E COMÉRCIO S.A.,2022-12-31,-146791000.0,A
026387,INTERPLAYERS SOLUÇÕES INTEGRADAS S.A.,2022-12-31,24500000.0,A
026395,ALMEIDA JUNIOR SHOPPING CENTERS S.A.,2022-12-31,153966000.0,A
026409,VERO S.A.,2022-12-31,49229000.0,A
026417,OLIVEIRA TRUST S.A.,2022-12-31,80046000.0,A
026441,SERENA ENERGIA S.A.,2022-12-31,-8031000.0,A
026468,HOSPITAL ANCHIETA S.A.,2022-12-31,-51106000.0,A
026476,AMMO VAREJO S.A.,2022-12-31,-86631000.0,A
026506,LUPO S.A.,2022-12-31,210282000.0,A
026514,ASA BRANCA HOLDING S.A.,2022-12-31,10543000.0,A
026522,CERRADINHO BIOENERGIA S.A.,2022-03-31,513615000.0,A
026530,CENCOSUD BRASIL COMERCIAL S.A.,2022-12-31,-466967000.0,A
026549,CLARANET TECHNOLOGY S.A.,2022-06-30,-14716000.0,A
026557,DATORA PARTICIPAÇÕES E SERVIÇOS S.A.,2022-12-31,18178000.0,A
026565,HOLDING DO ARAGUAIA S.A.,2022-12-31,-33247000.0,A
026590,AURA ALMAS MINERAÇÃO S.A.,2022-12-31,14557000.0,A
026603,GSH CORP PARTICIPAÇÕES S.A.,2022-12-31,10398000.0,A
026620,AUREN ENERGIA S.A.,2022-12-31,2678614000.0,A
026646,CANTU STORE S.A.,2022-12-31,263439000.0,A
026697,FOZ DO RIO CLARO ENERGIA S.A.,2022-12-31,-1513000.0,A
026700,EUROFARMA LABORATÓRIOS S.A.,2022-12-31,1001047000.0,A
026760,TECIDOS E ARMARINHOS MIGUEL BARTOLOMEU S.A.,2022-12-31,440973000.0,A
026786,SENIOR SISTEMAS S.A.,2022-12-31,134670000.0,A
026832,ANEMUS WIND HOLDING S.A.,2022-12-31,-20912000.0,A
026867,UNIÃO QUÍMICA FARMACÊUTICA NACIONAL S.A.,2022-12-31,367411000.0,A
026891,ELETRORIVER S.A.,2022-12-31,268874000.0,A
026930,AMAZONE FUN PARKS S.A.,2022-12-31,-2071000.0,A
026956,OCEÂNICA ENGENHARIA E CONSULTORIA S.A.,2022-12-31,75047000.0,A
026964,REAG CAPITAL HOLDING S.A.,2022-12-31,3910000.0,A
026972,CREDGRID SERVIÇOS FINANCEIROS S.A.,2022-12-31,84738000.0,A
026980,BORRACHAS VIPAL S.A.,2022-12-31,178472000.0,A
027006,RIO ALTO STL HOLDING I S.A.,2022-12-31,-12647000.0,A
027014,SOLAR BEBIDAS S.A.,2022-12-31,732691000.0,A
027022,V. TAL - REDE NEUTRA DE TELECOMUNICAÇÕES S.A.,2022-12-31,-443340000.0,A
027049,ORIZON MEIO AMBIENTE S.A.,2022-12-31,-82609000.0,A
027057,VITRU EDUCAÇÃO S.A.,2022-12-31,93140000.0,A
027073,SOLVI ESSENCIS AMBIENTAL S.A.,2022-12-31,-19996000.0,A
027090,TIM BRASIL SERVIÇOS E PARTICIPAÇÕES S.A.,2022-12-31,1585623000.0,A
027103,CHINA THREE GORGES BRASIL ENERGIA S.A.,2022-12-31,2278414000.0,A
027111,XP INVESTIMENTOS S.A.,2022-12-31,-36541000.0,A
027138,SAFIRA HOLDING S.A.,2022-12-31,22094000.0,A
027154,COMPANHIA ESTADUAL DE GERAÇÃO DE ENERGIA ELÉTRICA - CEEE-G,2022-12-31,-14239000.0,A
027189,VOTORANTIM CIMENTOS S.A.,2022-12-31,1145454000.0,A
027219,GRANJA FARIA S.A.,2022-12-31,170540000.0,A
027227,ORIGEM ENERGIA S.A.,2022-12-31,228983000.0,A
027243,CLI SUL S.A.,2022-12-31,24172000.0,A
027251,INSPIRALI EDUCAÇÃO S.A.,2022-12-31,490499000.0,A
027260,CORREDOR LOGÍSTICA E INFRAESTRUTURA S.A.,2022-12-31,8998000.0,A
027324,VOKE S.A.,2022-12-31,-14905000.0,A
027340,CONSTRUTORA METROCASA S.A.,2022-12-31,125256000.0,A
027367,LIGGA TELECOMUNICAÇÕES S.A.,2022-12-31,-39164000.0,A
027391,BRZ EMPREENDIMENTOS E CONSTRUÇÕES S.A.,2022-12-31,25374000.0,A
027413,AUTOMOB S.A.,2022-12-31,94271000.0,A
027430,ALUBAR METAIS E CABOS S.A.,2022-12-31,134339.0,A
080020,"GP INVESTMENTS, LTD.",2022-12-31,-848239000.0,A
080187,AURA MINERALS INC.,2022-12-31,343776000.0,A
080195,"G2D INVESTMENTS, LTD.",2022-12-31,-239977000.0,A
080209,NU HOLDINGS LTD.,2022-12-31,-1883444000.0,A
080217,"INTER & CO, INC.",2022-12-31,-14079000.0,A
080225,ALMACENES ÉXITO S.A.,2022-12-31,302546000.0,A
000094,PANATLANTICA S.A.,2023-12-31,13418000.0,A
000701,BIOMA EDUCAÇÃO S.A.,2023-12-31,-6692000.0,A
000906,BCO BRADESCO S.A.,2023-12-31,14502765000.0,A
001023,BCO BRASIL S.A.,2023-12-31,33165591000.0,A
001155,BANESTES S.A. - BCO EST ESPIRITO SANTO,2023-12-31,323803000.0,A
001210,BANCO DO ESTADO DO RIO GRANDE DO SUL SA,2023-12-31,1012434000.0,A
001325,BCO MERCANTIL DO BRASIL S.A.,2023-12-31,395377000.0,A
001384,BCO ALFA DE INVESTIMENTO S.A.,2023-12-31,7173000.0,A
001520,BARDELLA S.A. INDUSTRIAS MECANICAS EM RECUPERAÇÃO JUDICIAL,2023-12-31,-82440000.0,A
001562,BAUMER S.A.,2023-12-31,8941000.0,A
002100,CAMBUCI S.A.,2023-12-31,71881000.0,A
002429,IRANI PAPEL E EMBALAGEM S.A.,2023-12-31,383434000.0,A
002437,AXIA ENERGIA S.A.,2023-12-31,4394861000.0,A
002453,CIA ENERGETICA DE MINAS GERAIS - CEMIG,2023-12-31,5766835000.0,A
002461,CENTRAIS ELET DE SANTA CATARINA S.A.,2023-12-31,557034000.0,A
002577,CESP - CIA ENERGETICA DE SAO PAULO,2023-12-31,-449370000.0,A
003069,CIA FERRO LIGAS DA BAHIA - FERBASA,2023-12-31,382885000.0,A
003077,CIA FIACAO TECIDOS CEDRO CACHOEIRA,2023-12-31,80189000.0,A
003158,CIA TECIDOS NORTE DE MINAS COTEMINAS,2023-12-31,-1229078000.0,A
003190,REDE ENERGIA PARTICIPAÇÕES S.A.,2023-12-31,2297216000.0,A
003204,CPFL TRANSMISSÃO S.A.,2023-12-31,608820000.0,A
003298,CIA HABITASUL DE PARTICIPACOES,2023-12-31,281087000.0,A
003395,COMPANHIA INDUSTRIAL CATAGUASES,2023-12-31,20113000.0,A
003549,CIA INDUSTRIAL SCHLOSSER S.A.,2023-12-31,-84000.0,A
003654,CIA MELHORAMENTOS DE SAO PAULO,2023-12-31,7878000.0,A
003891,FINANCEIRA ALFA S.A.- CRED FINANC E INVS,2023-12-31,23044000.0,A
003980,GERDAU S.A.,2023-12-31,7536983000.0,A
004030,CIA SIDERURGICA NACIONAL,2023-12-31,402649000.0,A
004081,CIA TECIDOS SANTANENSE EM RECUPERAÇÃO JUDICIAL,2023-12-31,-94606000.0,A
004146,KARSTEN S.A.,2023-12-31,42160000.0,A
004170,VALE S.A.,2023-12-31,40554000000.0,A
004448,COBRASMA S.A.,2023-12-31,-2726894000.0,A
004537,GRAZZIOTIN S.A.,2023-12-31,95652000.0,A
004669,GUARARAPES CONFECCOES S.A.,2023-12-31,-34260000.0,A
004693,CONSERVAS ODERICH S.A.,2023-12-31,90998000.0,A
004707,CONSORCIO ALFA DE ADMINISTRACAO S.A.,2023-12-31,49105000.0,A
004723,CONSTRUTORA ADOLPHO LINDENBERG S.A.,2023-12-31,9678000.0,A
004820,BRASKEM S.A.,2023-12-31,-4890000000.0,A
005258,RAIA DROGASIL S.A.,2023-12-31,1087143000.0,A
005312,MUNDIAL S.A. - PRODUTOS DE CONSUMO,2023-12-31,-6827000.0,A
005380,ELECTRO ACO ALTONA S.A.,2023-12-31,49313000.0,A
005410,WEG S.A.,2023-12-31,5867615000.0,A
005762,ETERNIT S.A.,2023-12-31,127221000.0,A
005770,EUCATEX S.A. INDUSTRIA E COMERCIO,2023-12-31,422218000.0,A
005983,FIACAO E TECELAGEM SAO JOSE SA EM RECUPERACAO JUDICIAL,2023-12-31,-9631000.0,A
006173,TAURUS ARMAS S.A.,2023-12-31,152790000.0,A
006211,FRASLE MOBILITY S.A.,2023-12-31,388732000.0,A
006343,TUPY S.A.,2023-12-31,517013000.0,A
006505,GRUPO CASAS BAHIA S.A.,2023-12-31,-2625000000.0,A
006700,HOTEIS OTHON S.A. - EM RECUPERAÇÃO JUDICIAL,2023-12-31,123511000.0,A
007510,ROMI S.A.,2023-12-31,164587000.0,A
007544,TEXTIL RENAUXVIEW S.A.,2023-12-31,16745000.0,A
007595,INEPAR S.A. INDUSTRIA E CONSTRUCOES EM RECUPERACAO JUDICIAL,2023-12-31,477425000.0,A
007617,ITAÚSA S.A.,2023-12-31,13978000000.0,A
007811,JOAO FORTES ENGENHARIA S.A. - EM RECUPERAÇÃO JUDICIAL,2023-12-31,-52456000.0,A
007870,KEPLER WEBER S.A.,2023-12-31,245214000.0,A
008133,LOJAS RENNER S.A.,2023-12-31,976259000.0,A
008192,TREVISA INVESTIMENTOS S.A.,2023-12-31,18489000.0,A
008397,MANGELS INDUSTRIAL S.A.,2023-12-31,34047000.0,A
008427,MANUFATURA DE BRINQUEDOS ESTRELA S.A.,2023-12-31,-21811000.0,A
008451,MARCOPOLO S.A.,2023-12-31,810811000.0,A
008575,MAHLE METAL LEVE S.A.,2023-12-31,747778000.0,A
008656,METALURGICA GERDAU S.A.,2023-12-31,7585094000.0,A
008672,IGUATEMI S.A.,2023-12-31,308934000.0,A
008745,METANOR SA METANOL DO NE,2023-12-31,20143000.0,A
008753,METISA METALURGICA TIMBOENSE S.A.,2023-12-31,87278025.0,A
008893,MONTEIRO ARANHA S.A.,2023-12-31,878981000.0,A
009067,SUZANO HOLDING S.A.,2023-12-31,14068548000.0,A
009342,DIMED S.A. DISTRIBUIDORA DE MEDICAMENTOS,2023-12-31,92905000.0,A
009393,PARANAPANEMA S.A. - EM RECUPERAÇÃO JUDICIAL,2023-12-31,-1389934000.0,A
009512,PETROLEO BRASILEIRO S.A. PETROBRAS,2023-12-31,125166000000.0,A
009539,PETTENATI S.A. INDUSTRIA TEXTIL,2023-06-30,68607305.0,A
009989,REFINARIA DE PETROLEOS MANGUINHOS S.A.,2023-12-31,-979063000.0,A
010456,ALPARGATAS S.A.,2023-12-31,-1867484000.0,A
010880,SONDOTECNICA ENGENHARIA SOLOS S.A.,2023-12-31,11877000.0,A
011070,WLM PART. E COMÉRCIO DE MÁQUINAS E VEÍCULOS S.A.,2023-12-31,114587000.0,A
011223,TEKA-TECELAGEM KUEHNRICH S.A. - EM RECUPERAÇÃO JUDICIAL,2023-12-31,-151545000.0,A
011231,TEKNO S.A. - INDUSTRIA E COMERCIO,2023-12-31,36109000.0,A
011312,OI S.A. - EM RECUPERAÇÃO JUDICIAL,2023-12-31,-5427756000.0,A
011592,UNIPAR CARBOCLORO S.A.,2023-12-31,791273000.0,A
011762,VULCABRAS S.A.,2023-12-31,494883000.0,A
011932,IOCHPE MAXION S.A.,2023-12-31,105891000.0,A
011975,AZEVEDO E TRAVASSOS S.A.,2023-12-31,-50805000.0,A
011991,WETZEL S.A.,2023-12-31,-25338000.0,A
012190,BOMBRIL S.A. - EM RECUPERAÇÃO JUDICIAL,2023-12-31,100166000.0,A
012572,RECRUSUL S.A.,2023-12-31,-5174000.0,A
012653,KLABIN S.A.,2023-12-31,2847388000.0,A
012696,SANSUY S.A. INDUSTRIA DE PLASTICOS,2023-12-31,-137582000.0,A
012823,ALIPERTI S.A.,2023-12-31,16178000.0,A
013030,CONSTRUTORA SULTEPA S.A. - EM RECUPERAÇÃO JUDICIAL,2023-12-31,68505000.0,A
013285,JOSAPAR-JOAQUIM OLIVEIRA S.A. - PARTICIP,2023-12-31,22258000.0,A
013366,HAGA S.A. INDUSTRIA E COMERCIO,2023-12-31,2484364.0,A
013439,METALURGICA RIOSULENSE S.A.,2023-12-31,54126000.0,A
013471,PLASCAR PARTICIPACOES INDUSTRIAIS S.A.,2023-12-31,-714000.0,A
013765,MINUPAR PARTICIPACOES S.A.,2023-12-31,11909000.0,A
013773,PBG S/A,2023-12-31,-35103000.0,A
013781,SAO CARLOS EMPREEND E PARTICIPACOES S.A.,2023-12-31,303685000.0,A
013986,SUZANO S.A.,2023-12-31,14106381000.0,A
014109,RANDONCORP S.A.,2023-12-31,663489000.0,A
014206,BRB BANCO DE BRASILIA S.A.,2023-12-31,189539000.0,A
014311,CIA PARANAENSE DE ENERGIA - COPEL,2023-12-31,2327168000.0,A
014320,USINAS SID DE MINAS GERAIS S.A.-USIMINAS,2023-12-31,1640368000.0,A
014346,WHIRLPOOL S.A.,2023-12-31,254064000.0,A
014443,CIA SANEAMENTO BASICO EST SAO PAULO,2023-12-31,3523531000.0,A
014451,COMPANHIA ENERGÉTICA DE BRASÍLIA - CEB,2023-12-31,235023000.0,A
014460,CYRELA BRAZIL REALTY S.A.EMPREEND E PART,2023-12-31,1105700000.0,A
014664,SCHULZ S.A.,2023-12-31,277892000.0,A
014826,CIA BRASILEIRA DE DISTRIBUICAO,2023-12-31,-2134000000.0,A
015253,ENERGISA S.A.,2023-12-31,2583534000.0,A
015423,FICTOR ALIMENTOS S.A. - EM RECUPERAÇÃO JUDICIAL,2023-12-31,-515000.0,A
015458,EMBPAR PARTICIPAÇÕES S/A,2023-12-31,15554000.0,A
015539,NEOENERGIA S.A.,2023-12-31,4527000000.0,A
016101,GAFISA S.A.,2023-12-31,-195470000.0,A
016292,BRF S.A.,2023-12-31,-1868852000.0,A
016306,ROSSI RESIDENCIAL S.A. - EM RECUPERAÇÃO JUDICIAL,2023-12-31,254703000.0,A
016438,SUL 116 PARTICIPAÇÕES S.A. - EM LIQUIDAÇÃO,2023-12-31,24000.0,A
016632,DEXXOS PARTICIPAÇÕES S.A.,2023-12-31,211286000.0,A
016659,PORTO SEGURO S.A.,2023-12-31,2314857000.0,A
016675,CEL PARTICIPAÇÕES S.A. - CELPAR,2023-12-31,120707.0,A
016705,YBYRÁ CAPITAL S.A.,2023-12-31,18249114.0,A
016993,EMAE - EMPRESA METROP. DE AGUAS E ENERGIA S.A.,2023-12-31,150480000.0,A
017329,ENGIE BRASIL ENERGIA S.A.,2023-12-31,3429060000.0,A
017450,RUMO S.A.,2023-12-31,721917000.0,A
017671,TELEFÔNICA BRASIL S.A,2023-12-31,5039977000.0,A
017868,INEPAR EQUIPAMENTOS E MONTAGENS S/A - EM RECUPERACAO JUDICIA,2023-12-31,123440000.0,A
017892,SANTOS BRASIL PARTICIPACOES S.A.,2023-12-31,504304000.0,A
017922,BRAZILIAN FINANCE E REAL ESTATE S.A.,2023-12-31,15935000.0,A
017973,COGNA EDUCAÇÃO S.A.,2023-12-31,-511353000.0,A
018368,RIO PARANAPANEMA ENERGIA S.A.,2023-12-31,341617000.0,A
018376,ISA ENERGIA BRASIL,2023-12-31,2892362000.0,A
018414,PADTEC HOLDING S.A.,2023-12-31,15413000.0,A
018465,ULTRAPAR PARTICIPACOES S.A.,2023-12-31,2517753000.0,A
018660,CPFL ENERGIA S.A.,2023-12-31,5537162000.0,A
018708,CIA PARTICIPACOES ALIANCA DA BAHIA,2023-12-31,12135000.0,A
018724,BRADESPAR S.A.,2023-12-31,1896619000.0,A
018775,INVESTIMENTOS E PARTICIP. EM INFRA S.A. - INVEPAR,2023-12-31,-277065000.0,A
018821,MOTIVA INFRAESTRUTURA DE MOBILIDADE S.A.,2023-12-31,1854501000.0,A
018953,CPFL GERACAO DE ENERGIA S.A.,2023-12-31,1896643000.0,A
019100,CONTAX PARTICIPAÇÕES S.A. - EM RECUPERAÇÃO JUDICIAL,2023-12-31,589953000.0,A
019232,PRODUTORES ENERGET.DE MANSO S.A.- PROMAN,2023-12-31,-510000.0,A
019305,BIOMM S.A.,2023-12-31,-81141000.0,A
019330,TPI - TRIUNFO PARTICIP. E INVEST. S.A.,2023-12-31,-10519000.0,A
019348,ITAU UNIBANCO HOLDING S.A.,2023-12-31,33877000000.0,A
019445,CIA SANEAMENTO DE MINAS GERAIS-COPASA MG,2023-12-31,1379346000.0,A
019453,ECORODOVIAS INFRAESTRUTURA E LOGÍSTICA S.A.,2023-12-31,596632000.0,A
019550,NATURA COSMÉTICOS S.A.,2023-12-31,6439948000.0,A
019569,GOL LINHAS AEREAS INTELIGENTES S.A.,2023-12-31,-1222259000.0,A
019615,GRENDENE S.A.,2023-12-31,557671000.0,A
019623,DIAGNOSTICOS DA AMERICA S.A.,2023-12-31,-1129770000.0,A
019658,POMIFRUTAS S/A EM RECUPERACAO JUDICIAL,2023-12-31,-5444000.0,A
019739,LOCALIZA RENT A CAR S.A.,2023-12-31,1803090000.0,A
019763,EDP - ENERGIAS DO BRASIL S.A.,2023-12-31,1385107000.0,A
019771,ARTERIS S.A.,2023-12-31,-442173000.0,A
019836,COSAN S.A.,2023-12-31,4884744000.0,A
019879,LIGHT S.A. - EM RECUPERAÇÃO JUDICIAL,2023-12-31,255162000.0,A
019909,BR MALLS PARTICIPACOES S.A.,2023-12-31,2560908000.0,A
019992,TOTVS S.A.,2023-12-31,764435000.0,A
020010,EQUATORIAL S.A.,2023-12-31,2876284000.0,A
020028,VALID SOLUÇÕES S.A.,2023-12-31,210621000.0,A
020036,BRASILAGRO - CIA BRAS DE PROP AGRICOLAS,2023-06-30,268536000.0,A
020044,CSU DIGITAL S.A.,2023-12-31,88423000.0,A
020060,LUPATECH S.A,2023-12-31,52649000.0,A
020087,EMBRAER S.A.,2023-12-31,784355000.0,A
020125,BRADSAÚDE S.A.,2023-12-31,511590000.0,A
020257,TRANSMISSORA ALIANÇA DE ENERGIA ELÉTRICA S.A.,2023-12-31,1367834000.0,A
020320,CEMIG GERACAO E TRANSMISSAO S.A.,2023-12-31,2402666000.0,A
020338,M.DIAS BRANCO S.A. IND COM DE ALIMENTOS,2023-12-31,888654000.0,A
020346,PROFARMA DISTRIB PROD FARMACEUTICOS S.A.,2023-12-31,77858000.0,A
020362,POSITIVO TECNOLOGIA S.A.,2023-12-31,250882000.0,A
020370,LPS BRASIL - CONSULTORIA DE IMOVEIS S.A.,2023-12-31,35277000.0,A
020435,TECNISA S.A.,2023-12-31,-55267000.0,A
020451,RNI NEGÓCIOS IMOBILIÁRIOS S.A.,2023-12-31,-194992000.0,A
020478,PDG REALTY S.A. EMPREEND E PARTICIPACOES,2023-12-31,1119394000.0,A
020494,IGUATEMI EMPRESA DE SHOPPING CENTERS S.A,2023-12-31,310946000.0,A
020516,SAO MARTINHO S.A.,2023-03-31,1015744000.0,A
020524,EVEN CONSTRUTORA E INCORPORADORA S.A.,2023-12-31,341294000.0,A
020532,BCO SANTANDER (BRASIL) S.A.,2023-12-31,9498812000.0,A
020540,CPFL ENERGIAS RENOVÁVEIS S.A.,2023-12-31,1382380000.0,A
020567,BCO PINE S.A,2023-12-31,177700000.0,A
020575,JBS S.A.,2023-12-31,-729145000.0,A
020605,JHSF PARTICIPACOES S.A.,2023-12-31,497865000.0,A
020613,METALFRIO SOLUTIONS S.A.,2023-12-31,8277000.0,A
020630,FICA EMPREENDIMENTOS IMOBILIÁRIOS S.A.,2023-12-31,-12845000.0,A
020702,VIVER INCORPORADORA E CONSTRUTORA S.A.,2023-12-31,-72749000.0,A
020710,LOG-IN LOGISTICA INTERMODAL S.A.,2023-12-31,60172000.0,A
020745,SLC AGRICOLA S.A.,2023-12-31,937980000.0,A
020770,EZ TEC EMPREEND. E PARTICIPACOES S.A.,2023-12-31,246096000.0,A
020788,MARFRIG GLOBAL FOODS S.A.,2023-12-31,-3621246000.0,A
020796,BCO DAYCOVAL S.A.,2023-12-31,1108964000.0,A
020800,TEGMA GESTAO LOGISTICA S.A.,2023-12-31,181912000.0,A
020818,VIRGO COMPANHIA DE SECURITIZAÇÃO,2023-12-31,23521000.0,A
020877,HELBOR EMPREENDIMENTOS S.A.,2023-12-31,172841000.0,A
020915,MRV ENGENHARIA E PARTICIPACOES S.A.,2023-12-31,-18439000.0,A
020931,MINERVA S.A.,2023-12-31,395533000.0,A
020958,BCO ABC BRASIL S.A.,2023-12-31,800853000.0,A
020966,SPRINGS GLOBAL PARTICIPACOES S.A.,2023-12-31,-1065922000.0,A
020982,MULTIPLAN - EMPREEND IMOBILIARIOS S.A.,2023-12-31,1020554000.0,A
020990,AMERICANAS S.A. - EM RECUPERAÇÃO JUDICIAL,2023-12-31,-2272000000.0,A
021008,GENERAL SHOPPING E OUTLETS DO BRASIL BRASIL S.A.,2023-12-31,93165000.0,A
021016,YDUQS PARTICIPACOES S.A.,2023-12-31,154651000.0,A
021032,ALGAR TELECOM S/A,2023-12-31,-149613000.0,A
021040,SYN PROP & TECH S.A.,2023-12-31,5546000.0,A
021067,MOURA DUBEUX ENGENHARIA S/A,2023-12-31,155617000.0,A
021091,DEXCO S.A.,2023-12-31,811270000.0,A
021130,TRISUL S.A.,2023-12-31,130195000.0,A
021148,CONSTRUTORA TENDA S.A.,2023-03-31,-43685000.0,A
021148,CONSTRUTORA TENDA S.A.,2023-12-31,-102510000.0,A
021156,J. MACEDO S.A.,2023-12-31,423568000.0,A
021180,NEXPE PARTICIPAÇÕES S.A,2023-12-31,-48006000.0,A
021199,BCO PAN S.A.,2023-12-31,591676000.0,A
021202,VIX LOGÍSTICA S.A.,2023-12-31,124796000.0,A
021237,ENEVA S.A,2023-12-31,303432000.0,A
021334,NUTRIPLANT INDUSTRIA E COMERCIO S.A.,2023-12-31,3508000.0,A
021342,OSX BRASIL S.A. - EM RECUPERAÇÃO JUDICIAL,2023-12-31,-1191067000.0,A
021350,DIRECIONAL ENGENHARIA S.A.,2023-12-31,386877000.0,A
021393,CIA CELG DE PARTICIPACOES - CELGPAR,2023-12-31,0.0,A
021431,HYPERA S.A.,2023-12-31,1650550000.0,A
021440,VESTE S.A. ESTILO,2023-12-31,22779000.0,A
021466,BANCO RCI BRASIL S.A.,2023-12-31,211221000.0,A
021490,ALUPAR INVESTIMENTO S/A,2023-12-31,1150986000.0,A
021520,MULTINER S/A,2023-12-31,237014000.0,A
021610,"B3 S.A. - BRASIL, BOLSA, BALCÃO",2023-12-31,4132512000.0,A
021636,RENOVA ENERGIA S.A.,2023-12-31,-9238000.0,A
021709,CIA MINEIRA DE AÇUCAR E ALCOOL PARTICIPAÇÕES,2023-03-31,78632000.0,A
021733,CIELO S.A. -  INSTITUIÇÃO DE PAGAMENTO,2023-12-31,2468466000.0,A
021881,FLEURY S.A.,2023-12-31,420823000.0,A
021903,ECORODOVIAS CONCESSÕES E SERVIÇOS S.A.,2023-12-31,771117000.0,A
022012,"MILLS LOCAÇÃO, SERVIÇOS E LOGÍSTICA S.A.",2023-12-31,278212000.0,A
022020,JSL S.A.,2023-12-31,351783000.0,A
022055,MARISA LOJAS S.A.,2023-12-31,-520753000.0,A
022187,PRIO S.A.,2023-12-31,5179905000.0,A
022217,ALPER CONSULTORIA E CORRETORA DE SEGUROS S.A.,2023-12-31,-6942000.0,A
022349,AZZAS 2154 S.A.,2023-12-31,398673000.0,A
022357,ALLOS S.A.,2023-12-31,3493910000.0,A
022365,ENAUTA PARTICIPAÇÕES S.A.,2023-12-31,-45393000.0,A
022454,T4F ENTRETENIMENTO S.A.,2023-12-31,58198000.0,A
022470,MAGAZINE LUIZA S.A.,2023-12-31,-979104000.0,A
022497,QUALICORP CONSULTORIA E CORRETORA DE SEGUROS S.A.,2023-12-31,-75375000.0,A
022519,TECHNOS S.A.,2023-12-31,56213000.0,A
022560,INBRANDS S.A.,2023-12-31,-26206000.0,A
022586,MLOG S.A.,2023-12-31,-28977000.0,A
022594,STATKRAFT ENERGIAS RENOVAVEIS S.A.,2023-12-31,380979000.0,A
022608,EMPREENDIMENTOS PAGUE MENOS S.A.,2023-12-31,2735000.0,A
022616,BCO BTG PACTUAL S.A.,2023-12-31,10254760000.0,A
022675,HIDROVIAS DO BRASIL S.A.,2023-12-31,17599000.0,A
022691,COMPANHIA DE LOCAÇÃO DAS AMÉRICAS,2023-12-31,721280000.0,A
022780,UNICASA INDÚSTRIA DE MÓVEIS S.A.,2023-12-31,15167000.0,A
022810,ELDORADO BRASIL CELULOSE S.A.,2023-12-31,2347195000.0,A
023000,LIGHT ENERGIA S.A.,2023-12-31,368101000.0,A
023159,BB SEGURIDADE PARTICIPAÇÕES S.A.,2023-12-31,7947203000.0,A
023175,IGUA SANEAMENTO S.A.,2023-12-31,-381658000.0,A
023221,SER EDUCACIONAL S.A.,2023-12-31,-28044000.0,A
023230,RAIZEN ENERGIA S.A.,2023-03-31,644795000.0,A
023248,ANIMA HOLDING S.A.,2023-12-31,-213172000.0,A
023264,AMBEV S.A.,2023-12-31,14960459000.0,A
023272,LOG COMMERCIAL PROPERTIES E PARTICIPAÇÕES,2023-12-31,194960000.0,A
023280,UNIDAS LOCAÇÕES E SERVIÇOS S.A.,2023-12-31,101685000.0,A
023302,QUALITY SOFTWARE S.A.,2023-12-31,19768295.0,A
023310,CVC BRASIL OPERADORA E AGÊNCIA DE VIAGENS S.A.,2023-12-31,-456880000.0,A
023396,AEGEA SANEAMENTO E PARTICIPAÇÕES S.A.,2023-12-31,1596362000.0,A
023426,SERENA GERAÇÃO S.A.,2023-12-31,203021000.0,A
023507,OUROFINO S.A.,2023-12-31,-49976000.0,A
023531,CLARO TELECOM PARTICIPAÇÕES S.A.,2023-12-31,2978098000.0,A
023574,INTERNATIONAL MEAL COMPANY ALIMENTACAO S.A.,2023-12-31,-81997000.0,A
023590,WIZ CO PARTICIPAÇÕES E CORRETAGEM DE SEGUROS S.A.,2023-12-31,235903000.0,A
023604,YOU INC INCORPORADORA E PARTICIPAÇÕES S.A,2023-12-31,31101000.0,A
023620,CBO HOLDING S.A.,2023-12-31,66779000.0,A
023795,CAIXA SEGURIDADE PARTICIPAÇÕES S.A.,2023-12-31,3582244000.0,A
023817,BRQ SOLUCOES EM INFORMATICA S.A.,2023-12-31,69717000.0,A
023825,MOVIDA PARTICIPACOES SA,2023-12-31,-650851000.0,A
023930,BRASILIANA PARTICIPAÇÕES S/A,2023-12-31,2485000.0,A
023957,SUGOI S.A.,2023-12-31,22646000.0,A
023981,CTC - CENTRO DE TECNOLOGIA CANAVIEIRA S.A.,2023-03-31,91437000.0,A
024058,ALLIANÇA SAÚDE E PARTICIPAÇÕES S.A.,2023-12-31,-218559000.0,A
024112,AZUL S.A.,2023-12-31,-2380456000.0,A
024120,ARGO ENERGIA EMPREENDIMENTOS E PARTICIPAÇÕES S/A,2023-12-31,548846000.0,A
024171,ATACADÃO S.A.,2023-12-31,-639000000.0,A
024180,IRB - BRASIL RESSEGUROS S.A.,2023-12-31,-123853000.0,A
024228,CAMIL ALIMENTOS S.A.,2023-02-28,353684000.0,A
024236,PRINER SERVIÇOS INDUSTRIAIS S.A.,2023-12-31,25080000.0,A
024260,SMARTFIT ESCOLA DE GINÁSTICA E DANÇA S.A.,2023-12-31,1044176000.0,A
024279,INC EMPREENDIMENTOS IMOBILIÁRIOS S.A.,2023-12-31,46001000.0,A
024295,VIBRA ENERGIA S/A,2023-12-31,4766000000.0,A
024317,ZAMP SA,2023-12-31,-97826000.0,A
024392,HAPVIDA PARTICIPAÇÕES E INVESTIMENTOS S.A.,2023-12-31,-757409000.0,A
024490,SABER SERVIÇOS EDUCACIONAIS S.A.,2023-12-31,339111000.0,A
024546,PRÁTICA PRODUTOS S.A.,2023-12-31,29059000.0,A
024589,ENERGISA TRANSMISSÃO DE ENERGIA S/A,2023-12-31,39593000.0,A
024597,CELEO REDES TRANSMISSÃO DE ENERGIA S.A.,2023-12-31,37812000.0,A
024600,BANCO BMG S/A,2023-12-31,287230000.0,A
024627,BLAU FARMACÊUTICA S.A.,2023-12-31,247491000.0,A
024660,BBM LOGÍSTICA S.A.,2023-12-31,-53827000.0,A
024694,GRUPO SBF S.A.,2023-12-31,168812000.0,A
024716,"VAMOS LOCAÇÃO DE CAMINHÕES, MÁQUINAS E EQUIPAMENTOS S.A.",2023-12-31,586959000.0,A
024740,COPEL GERAÇÃO E TRANSMISSÃO S.A.,2023-12-31,1700521000.0,A
024783,NATURA &CO HOLDING S.A.,2023-12-31,2974510000.0,A
024805,VIVARA PARTICIPAÇÕES S.A.,2023-12-31,369244553.0,A
024813,LOCALIZA FLEET S.A.,2023-12-31,616267000.0,A
024821,REDE D'OR SÃO LUIZ S.A.,2023-12-31,2113701000.0,A
024830,BRK AMBIENTAL PARTICIPAÇÕES S.A.,2023-12-31,-138093000.0,A
024848,C&A MODAS S.A.,2023-12-31,2337000.0,A
024872,LIFEMED INDUSTRIAL DE EQUIP. E ART. MEDICOS E HOSP. S.A,2023-12-31,-18019000.0,A
024880,LM TRANSPORTES INTERESTADUAIS SERVIÇOS E COMÉRCIO S.A.,2023-12-31,160371000.0,A
024902,MITRE REALTY EMPREENDIMENTOS E PARTICIPAÇÕES S.A.,2023-12-31,94896000.0,A
024910,LWSA S/A,2023-12-31,-73735000.0,A
024929,TIM S.A.,2023-12-31,2837422000.0,A
024953,"ALLPARK EMPREENDIMENTOS, PARTICIPAÇÕES E SERVIÇOS S.A.",2023-12-31,-68080000.0,A
024961,AMBIPAR PARTICIPAÇÕES E EMPREENDIMENTOS S.A.,2023-12-31,56649000.0,A
025003,SIMPAR S.A.,2023-12-31,-651850000.0,A
025011,GRUPO DE MODA SOMA S.A.,2023-12-31,-1617129000.0,A
025038,LOJAS QUERO QUERO S.A.,2023-12-31,19679000.0,A
025046,D1000 VAREJO FARMA PARTICIPAÇÕES S.A.,2023-12-31,21362000.0,A
025062,LAVVI EMPREENDIMENTOS IMOBILIÁRIOS S.A.,2023-12-31,246619000.0,A
025070,PLANO & PLANO DESENVOLVIMENTO IMOBILIÁRIO S.A.,2023-12-31,276915000.0,A
025089,PET CENTER COMÉRCIO E PARTICIPAÇÕES S.A.,2023-12-31,16349000.0,A
025100,CURY CONSTRUTORA E INCORPORADORA S.A.,2023-12-31,495611000.0,A
025119,MELNICK DESENVOLVIMENTO IMOBILIÁRIO S.A.,2023-12-31,151949000.0,A
025127,COMPASS GÁS E ENERGIA S.A.,2023-12-31,1800241000.0,A
025143,PACAEMBU CONSTRUTORA S.A.,2023-12-31,106020000.0,A
025160,SEQUOIA LOGÍSTICA E TRANSPORTES S.A.,2023-12-31,-822222000.0,A
025186,GRUPO MATEUS S.A.,2023-12-31,1234638000.0,A
025194,ALARES INTERNET PARTICIPAÇÕES S/A,2023-12-31,-157366000.0,A
025208,TRACK & FIELD CO S.A.,2023-12-31,114410000.0,A
025224,2W ECOBANK S.A. - EM RECUPERAÇÃO JUDICIAL,2023-12-31,-222647000.0,A
025232,MÉLIUZ S.A.,2023-12-31,-25552000.0,A
025259,ENJOEI S.A.,2023-12-31,-52971000.0,A
025275,ALPHAVILLE S.A.,2023-12-31,-580969000.0,A
025283,AERIS IND. E COM. DE EQUIP. PARA GER. DE ENG. S.A.,2023-12-31,-106567000.0,A
025291,BRAVA ENERGIA S.A.,2023-12-31,425215000.0,A
025305,PATRIMAR ENGENHARIA S.A.,2023-12-31,79512000.0,A
025321,GRANBIO INVESTIMENTOS S.A.,2023-12-31,-47334000.0,A
025330,ALLIED TECNOLOGIA S.A.,2023-12-31,122444000.0,A
025348,ELFA MEDICAMENTOS S.A.,2023-12-31,-42863000.0,A
025380,EZ INC INCORPORAÇÕES S.A.,2023-12-31,-6452000.0,A
025399,NEOGRID PARTICIPAÇÕES S.A.,2023-12-31,1019000.0,A
025402,HBR REALTY EMPREENDIMENTOS IMOBILIÁRIOS S.A.,2023-12-31,267216000.0,A
025410,SBF COMÉRCIO DE PRODUTOS ESPORTIVOS S.A.,2023-12-31,129060000.0,A
025429,FARMÁCIA E DROGARIA NISSEI S.A.,2023-12-31,8658000.0,A
025437,URBA DESENVOLVIMENTO URBANO S.A.,2023-12-31,-69446000.0,A
025445,MPM CORPÓREOS S.A.,2023-12-31,-25515000.0,A
025453,INTELBRAS S.A. IND. DE TELECOMUNICAÇÃO ELETRÔNICA BRASILEIRA,2023-12-31,545558000.0,A
025461,GRUPO TOKY S.A. - EM RECUPERAÇÃO JUDICIAL,2023-12-31,-85145000.0,A
025496,JALLES MACHADO S.A.,2023-03-31,692329000.0,A
025500,BEMOBI MOBILE TECH S.A.,2023-12-31,86889000.0,A
025526,CRUZEIRO DO SUL EDUCACIONAL S.A.,2023-12-31,100455000.0,A
025534,OCEANPACT SERVIÇOS MARITIMOS S.A.,2023-12-31,73315000.0,A
025542,CVLB BRASIL S.A EM RECUPERAÇÃO JUDICAL,2023-12-31,-135693000.0,A
025550,ORIZON VALORIZAÇÃO DE RESÍDUOS S.A.,2023-12-31,50167000.0,A
025569,ELETROMIDIA S.A.,2023-12-31,92694000.0,A
025585,CSN MINERAÇÃO S.A.,2023-12-31,3568737000.0,A
025640,AUREN PARTICIPAÇÕES S.A.,2023-12-31,333287000.0,A
025658,AGROGALAXY PARTICIPAÇÕES S.A. - EM RECUPERAÇÃO JUDICIAL,2023-12-31,-367292000.0,A
025674,HMOBI PARTICIPAÇÕES S.A.,2023-12-31,88520000.0,A
025682,CM HOSPITALAR S.A,2023-12-31,359916000.0,A
025690,HOSPITAL MATER DEI S.A.,2023-12-31,141247000.0,A
025704,BOA SAFRA SEMENTES S.A.,2023-12-31,344952000.0,A
025712,GPS PARTICIPAÇÕES E EMPREENDIMENTOS S.A.,2023-12-31,646347000.0,A
025720,RIO ALTO ENERGIAS RENOVÁVEIS S.A.,2023-12-31,-137206000.0,A
025747,INFRACOMMERCE CXAAS S.A.,2023-12-31,-294872000.0,A
025763,VITTIA S.A.,2023-12-31,97303000.0,A
025771,HOSPITAL CARE CALEDONIA S.A.,2023-12-31,-250826000.0,A
025780,PETRORECÔNCAVO S.A.,2023-12-31,708938000.0,A
025798,KALLAS INCORPORAÇÕES E CONSTRUÇÕES S.A.,2023-12-31,77989000.0,A
025801,RODOBENS SA,2023-12-31,508023000.0,A
025836,DOTZ S.A.,2023-12-31,-60503000.0,A
025844,TEGRA INCORPORADORA S.A.,2023-12-31,112580000.0,A
025852,W2W E-COMMERCE DE VINHOS S.A.,2023-12-31,-26530000.0,A
025860,BRBI BR PARTNERS S.A,2023-12-31,155084000.0,A
025879,KORA SAÚDE PARTICIPAÇÕES S.A.,2023-12-31,-158069000.0,A
025887,ARANDU INVESTIMENTOS S.A.,2023-12-31,3687000.0,A
025895,LIVETECH DA BAHIA INDÚSTRIA E COMÉRCIO S.A.,2023-12-31,-11876000.0,A
025909,EMCCAMP RESIDENCIAL S.A.,2023-12-31,-31595000.0,A
025917,RAÍZEN S.A.,2023-03-31,2503326000.0,A
025925,BIONEXO S.A.,2023-12-31,-26051000.0,A
025933,HUMBERG AGRIBRASIL COMÉRCIO E EXPORTAÇÃO DE GRÃOS S.A.,2023-12-31,1206000.0,A
025950,TRÊS TENTOS AGROINDUSTRIAL S/A,2023-12-31,573802000.0,A
025976,YUNY INCORPORADORA HOLDING S.A.,2023-12-31,5198000.0,A
025984,COMPANHIA BRASILEIRA DE ALUMÍNIO,2023-12-31,-809199000.0,A
025992,INTERCEMENT BRASIL S.A. - EM RECUPERAÇÃO JUDICIAL,2023-12-31,-393902000.0,A
026000,TERRA SANTA PROPRIEDADES AGRÍCOLAS S.A.,2023-12-31,35214000.0,A
026026,DESKTOP S.A.,2023-12-31,116978000.0,A
026034,GRUPO MULTILASER S.A.,2023-12-31,-836178000.0,A
026050,UNIFIQUE TELECOMUNICAÇÕES S.A.,2023-12-31,145109000.0,A
026077,ECONOMATICA S.A.,2023-12-31,-243817000.0,A
026085,BRISANET PARTICIPAÇÕES S.A.,2023-12-31,163349000.0,A
026093,CLEAR SALE S.A.,2023-12-31,-28005000.0,A
026123,ONCOCLÍNICAS DO BRASIL SERVIÇOS MÉDICOS S.A.,2023-12-31,312562000.0,A
026158,ESSENTIA PCHS S.A.,2023-12-31,101647000.0,A
026166,GRUPO FARTURA DE HORTIFRUT S.A.,2023-12-31,346025000.0,A
026174,AUREN OPERAÇÕES S.A.,2023-12-31,334090000.0,A
026190,CARAMURU ALIMENTOS S.A.,2023-12-31,239857000.0,A
026204,BLUEFIT ACADEMIAS DE GINÁSTICA E PARTICIPAÇÕES S.A.,2023-12-31,7011000.0,A
026247,WILSON SONS S.A.,2023-12-31,404879000.0,A
026255,TIGRE S.A. PARTICIPAÇÕES,2023-12-31,272530000.0,A
026271,ENVIRONMENTAL ESG PARTICIPAÇÕES S.A.,2023-12-31,301730000.0,A
026280,COMERC ENERGIA S.A.,2023-12-31,45381000.0,A
026301,UNIGEL PARTICIPAÇÕES S.A.,2023-12-31,-2334432000.0,A
026328,AUSTRAVIAS S.A.,2023-12-31,-7076000.0,A
026352,RODOVIAS DO BRASIL HOLDING S.A.,2023-12-31,113956000.0,A
026379,MADERO INDÚSTRIA E COMÉRCIO S.A.,2023-12-31,-65175000.0,A
026387,INTERPLAYERS SOLUÇÕES INTEGRADAS S.A.,2023-12-31,21463000.0,A
026395,ALMEIDA JUNIOR SHOPPING CENTERS S.A.,2023-12-31,148939000.0,A
026409,VERO S.A.,2023-12-31,4352000.0,A
026417,OLIVEIRA TRUST S.A.,2023-12-31,81014000.0,A
026441,SERENA ENERGIA S.A.,2023-12-31,62178000.0,A
026468,HOSPITAL ANCHIETA S.A.,2023-12-31,-75431000.0,A
026476,AMMO VAREJO S.A.,2023-12-31,-156426000.0,A
026506,LUPO S.A.,2023-12-31,171362000.0,A
026514,ASA BRANCA HOLDING S.A.,2023-12-31,-14911000.0,A
026522,CERRADINHO BIOENERGIA S.A.,2023-03-31,242803000.0,A
026530,CENCOSUD BRASIL COMERCIAL S.A.,2023-12-31,-602801000.0,A
026557,DATORA PARTICIPAÇÕES E SERVIÇOS S.A.,2023-12-31,29746000.0,A
026565,HOLDING DO ARAGUAIA S.A.,2023-12-31,77337000.0,A
026590,AURA ALMAS MINERAÇÃO S.A.,2023-12-31,44782000.0,A
026603,GSH CORP PARTICIPAÇÕES S.A.,2023-12-31,13263000.0,A
026620,AUREN ENERGIA S.A.,2023-12-31,-317689000.0,A
026646,CANTU STORE S.A.,2023-12-31,90846000.0,A
026697,FOZ DO RIO CLARO ENERGIA S.A.,2023-12-31,-7466000.0,A
026700,EUROFARMA LABORATÓRIOS S.A.,2023-12-31,649698000.0,A
026760,TECIDOS E ARMARINHOS MIGUEL BARTOLOMEU S.A.,2023-12-31,331590000.0,A
026786,SENIOR SISTEMAS S.A.,2023-12-31,176179000.0,A
026832,ANEMUS WIND HOLDING S.A.,2023-12-31,28377000.0,A
026867,UNIÃO QUÍMICA FARMACÊUTICA NACIONAL S.A.,2023-12-31,316213000.0,A
026891,ELETRORIVER S.A.,2023-12-31,299244000.0,A
026956,OCEÂNICA ENGENHARIA E CONSULTORIA S.A.,2023-12-31,21038000.0,A
026964,REAG CAPITAL HOLDING S.A.,2023-12-31,-102729000.0,A
026980,BORRACHAS VIPAL S.A.,2023-12-31,310635000.0,A
027006,RIO ALTO STL HOLDING I S.A.,2023-12-31,-51978000.0,A
027014,SOLAR BEBIDAS S.A.,2023-12-31,995921000.0,A
027022,V. TAL - REDE NEUTRA DE TELECOMUNICAÇÕES S.A.,2023-12-31,385622000.0,A
027049,ORIZON MEIO AMBIENTE S.A.,2023-12-31,-9935000.0,A
027057,VITRU EDUCAÇÃO S.A.,2023-12-31,122671000.0,A
027073,SOLVI ESSENCIS AMBIENTAL S.A.,2023-12-31,52238000.0,A
027090,TIM BRASIL SERVIÇOS E PARTICIPAÇÕES S.A.,2023-12-31,2420977000.0,A
027103,CHINA THREE GORGES BRASIL ENERGIA S.A.,2023-12-31,2657292000.0,A
027111,XP INVESTIMENTOS S.A.,2023-12-31,768613000.0,A
027138,SAFIRA HOLDING S.A.,2023-12-31,23063000.0,A
027154,COMPANHIA ESTADUAL DE GERAÇÃO DE ENERGIA ELÉTRICA - CEEE-G,2023-12-31,72485000.0,A
027162,UNIDAS LOCADORA S.A.,2023-12-31,-20674000.0,A
027189,VOTORANTIM CIMENTOS S.A.,2023-12-31,2617880000.0,A
027219,GRANJA FARIA S.A.,2023-12-31,204563000.0,A
027227,ORIGEM ENERGIA S.A.,2023-12-31,326263000.0,A
027243,CLI SUL S.A.,2023-12-31,63639000.0,A
027251,INSPIRALI EDUCAÇÃO S.A.,2023-12-31,220435000.0,A
027260,CORREDOR LOGÍSTICA E INFRAESTRUTURA S.A.,2023-12-31,-15656000.0,A
027278,DESCARBONIZE SOLUÇÕES S.A.,2023-12-31,-274195000.0,A
027324,VOKE S.A.,2023-12-31,11387000.0,A
027332,HÉLIO VALGAS SOLAR PARTICIPAÇÕES S.A.,2023-12-31,-30761000.0,A
027340,CONSTRUTORA METROCASA S.A.,2023-12-31,163818000.0,A
027367,LIGGA TELECOMUNICAÇÕES S.A.,2023-12-31,-58751000.0,A
027375,BRASIL BIOFUELS S.A.,2023-12-31,-347167000.0,A
027383,LETS RENT A CAR S/A,2023-12-31,63754000.0,A
027391,BRZ EMPREENDIMENTOS E CONSTRUÇÕES S.A.,2023-12-31,8634000.0,A
027413,AUTOMOB S.A.,2023-12-31,46022000.0,A
027430,ALUBAR METAIS E CABOS S.A.,2023-12-31,125573000.0,A
027472,AXIA ENERGIA NORTE S.A.,2023-12-31,644547000.0,A
027480,AXIA ENERGIA SUL S.A.,2023-12-31,-647360000.0,A
027499,BRASIL TECNOLOGIA E PARTICIPAÇÕES S.A.,2023-12-31,39844000.0,A
027502,GIGA MAIS FIBRA TELECOMUNICAÇÕES S.A.,2023-12-31,63117000.0,A
027510,VITAL ENGENHARIA AMBIENTAL S.A.,2023-12-31,383900000.0,A
027600,PORTO SERVIÇO S.A,2023-12-31,14509000.0,A
027618,PORTO SAÚDE PARTICIPAÇÕES S.A.,2023-12-31,88782000.0,A
027642,EQUIPAV SANEAMENTO S.A.,2023-12-31,1415951000.0,A
027693,BRISANET SERVIÇOS DE TELECOMUNICAÇÕES S.A.,2023-12-31,172188000.0,A
027707,AUTOMOB PARTICIPAÇÕES S.A.,2023-12-31,-177597000.0,A
027715,EPR INFRAESTRUTURA PR S.A.,2023-12-31,-3063000.0,A
027731,CONCESSIONÁRIA DA LINHA 4 DO METRÔ DE SÃO PAULO S.A.,2023-12-31,765426000.0,A
027740,PRIO FORTE S.A.,2023-12-31,537439000.0,A
027766,UNIÃO PET PARTICIPAÇÕES S.A.,2023-12-31,58740000.0,A
027847,TECNOGERA-LOCAÇÃO E TRANSFORMAÇÃO DE ENERGIA S.A.,2023-12-31,-2966000.0,A
080020,"GP INVESTMENTS, LTD.",2023-12-31,-70614000.0,A
080187,AURA MINERALS INC.,2023-12-31,161880000.0,A
080217,"INTER & CO, INC.",2023-12-31,352260000.0,A
080225,ALMACENES ÉXITO S.A.,2023-12-31,356518000.0,A
080233,JBS N.V.,2023-12-31,-337.0,A
000094,PANATLANTICA S.A.,2024-12-31,84659000.0,A
000701,BIOMA EDUCAÇÃO S.A.,2024-12-31,-74340000.0,A
000906,BCO BRADESCO S.A.,2024-12-31,17542153000.0,A
001023,BCO BRASIL S.A.,2024-12-31,29171564000.0,A
001155,BANESTES S.A. - BCO EST ESPIRITO SANTO,2024-12-31,428634000.0,A
001210,BANCO DO ESTADO DO RIO GRANDE DO SUL SA,2024-12-31,727798000.0,A
001325,BCO MERCANTIL DO BRASIL S.A.,2024-12-31,510618000.0,A
001350,BANCO NACIONAL S.A.,2024-12-31,398106000.0,A
001520,BARDELLA S.A. INDUSTRIAS MECANICAS EM RECUPERAÇÃO JUDICIAL,2024-12-31,-30921000.0,A
001562,BAUMER S.A.,2024-12-31,29261000.0,A
002100,CAMBUCI S.A.,2024-12-31,76418000.0,A
002429,IRANI PAPEL E EMBALAGEM S.A.,2024-12-31,304519000.0,A
002437,AXIA ENERGIA S.A.,2024-12-31,10380753000.0,A
002453,CIA ENERGETICA DE MINAS GERAIS - CEMIG,2024-12-31,7119287000.0,A
002461,CENTRAIS ELET DE SANTA CATARINA S.A.,2024-12-31,715802000.0,A
002577,CESP - CIA ENERGETICA DE SAO PAULO,2024-12-31,1077900000.0,A
003069,CIA FERRO LIGAS DA BAHIA - FERBASA,2024-12-31,327754000.0,A
003077,CIA FIACAO TECIDOS CEDRO CACHOEIRA,2024-12-31,110590000.0,A
003158,CIA TECIDOS NORTE DE MINAS COTEMINAS,2024-12-31,-780032000.0,A
003190,REDE ENERGIA PARTICIPAÇÕES S.A.,2024-12-31,2008005000.0,A
003204,CPFL TRANSMISSÃO S.A.,2024-12-31,517859000.0,A
003298,CIA HABITASUL DE PARTICIPACOES,2024-12-31,14959000.0,A
003328,AXIA ENERGIA NORDESTE S.A.,2024-12-31,2914646000.0,A
003395,COMPANHIA INDUSTRIAL CATAGUASES,2024-12-31,23257000.0,A
003549,CIA INDUSTRIAL SCHLOSSER S.A.,2024-12-31,-189000.0,A
003654,CIA MELHORAMENTOS DE SAO PAULO,2024-12-31,3312000.0,A
003980,GERDAU S.A.,2024-12-31,4599062000.0,A
004030,CIA SIDERURGICA NACIONAL,2024-12-31,-1538141000.0,A
004081,CIA TECIDOS SANTANENSE EM RECUPERAÇÃO JUDICIAL,2024-12-31,-161364000.0,A
004146,KARSTEN S.A.,2024-12-31,118409000.0,A
004170,VALE S.A.,2024-12-31,30431000000.0,A
004448,COBRASMA S.A.,2024-12-31,-4104797000.0,A
004537,GRAZZIOTIN S.A.,2024-12-31,104649000.0,A
004669,GUARARAPES CONFECCOES S.A.,2024-12-31,235138000.0,A
004693,CONSERVAS ODERICH S.A.,2024-12-31,36713000.0,A
004723,CONSTRUTORA ADOLPHO LINDENBERG S.A.,2024-12-31,7950000.0,A
004820,BRASKEM S.A.,2024-12-31,-12052000000.0,A
005258,RAIA DROGASIL S.A.,2024-12-31,1211373000.0,A
005312,MUNDIAL S.A. - PRODUTOS DE CONSUMO,2024-12-31,3818000.0,A
005380,ELECTRO ACO ALTONA S.A.,2024-12-31,66541000.0,A
005410,WEG S.A.,2024-12-31,6318763000.0,A
005762,ETERNIT S.A.,2024-12-31,38820000.0,A
005770,EUCATEX S.A. INDUSTRIA E COMERCIO,2024-12-31,197999000.0,A
005983,FIACAO E TECELAGEM SAO JOSE SA EM RECUPERACAO JUDICIAL,2024-12-31,-9872000.0,A
006173,TAURUS ARMAS S.A.,2024-12-31,76592000.0,A
006211,FRASLE MOBILITY S.A.,2024-12-31,374703000.0,A
006343,TUPY S.A.,2024-12-31,82440000.0,A
006505,GRUPO CASAS BAHIA S.A.,2024-12-31,-1045000000.0,A
006700,HOTEIS OTHON S.A. - EM RECUPERAÇÃO JUDICIAL,2024-12-31,81134000.0,A
007510,ROMI S.A.,2024-12-31,114964000.0,A
007544,TEXTIL RENAUXVIEW S.A.,2024-12-31,-39446000.0,A
007595,INEPAR S.A. INDUSTRIA E CONSTRUCOES EM RECUPERACAO JUDICIAL,2024-12-31,-236773000.0,A
007617,ITAÚSA S.A.,2024-12-31,14887000000.0,A
007811,JOAO FORTES ENGENHARIA S.A. - EM RECUPERAÇÃO JUDICIAL,2024-12-31,-224400000.0,A
007870,KEPLER WEBER S.A.,2024-12-31,199183000.0,A
008133,LOJAS RENNER S.A.,2024-12-31,1196668000.0,A
008192,TREVISA INVESTIMENTOS S.A.,2024-12-31,37134000.0,A
008397,MANGELS INDUSTRIAL S.A.,2024-12-31,-41575000.0,A
008427,MANUFATURA DE BRINQUEDOS ESTRELA S.A.,2024-12-31,-24261000.0,A
008451,MARCOPOLO S.A.,2024-12-31,1222377000.0,A
008575,MAHLE METAL LEVE S.A.,2024-12-31,541204000.0,A
008656,METALURGICA GERDAU S.A.,2024-12-31,4610512000.0,A
008672,IGUATEMI S.A.,2024-12-31,399876000.0,A
008745,METANOR SA METANOL DO NE,2024-12-31,30622000.0,A
008753,METISA METALURGICA TIMBOENSE S.A.,2024-12-31,30520056.0,A
008893,MONTEIRO ARANHA S.A.,2024-12-31,72642000.0,A
009067,SUZANO HOLDING S.A.,2024-12-31,-7092255000.0,A
009342,DIMED S.A. DISTRIBUIDORA DE MEDICAMENTOS,2024-12-31,105509000.0,A
009393,PARANAPANEMA S.A. - EM RECUPERAÇÃO JUDICIAL,2024-12-31,-2138610000.0,A
009512,PETROLEO BRASILEIRO S.A. PETROBRAS,2024-12-31,37009000000.0,A
009539,PETTENATI S.A. INDUSTRIA TEXTIL,2024-06-30,33971636.0,A
009989,REFINARIA DE PETROLEOS MANGUINHOS S.A.,2024-12-31,-1041119000.0,A
010456,ALPARGATAS S.A.,2024-12-31,107397000.0,A
010880,SONDOTECNICA ENGENHARIA SOLOS S.A.,2024-12-31,14903000.0,A
011070,WLM PART. E COMÉRCIO DE MÁQUINAS E VEÍCULOS S.A.,2024-12-31,129380000.0,A
011223,TEKA-TECELAGEM KUEHNRICH S.A. - EM RECUPERAÇÃO JUDICIAL,2024-12-31,146796000.0,A
011231,TEKNO S.A. - INDUSTRIA E COMERCIO,2024-12-31,50411000.0,A
011312,OI S.A. - EM RECUPERAÇÃO JUDICIAL,2024-12-31,9610110000.0,A
011592,UNIPAR CARBOCLORO S.A.,2024-12-31,557118000.0,A
011762,VULCABRAS S.A.,2024-12-31,569867000.0,A
011932,IOCHPE MAXION S.A.,2024-12-31,380084000.0,A
011975,AZEVEDO E TRAVASSOS S.A.,2024-12-31,-266491000.0,A
011991,WETZEL S.A.,2024-12-31,32880000.0,A
012190,BOMBRIL S.A. - EM RECUPERAÇÃO JUDICIAL,2024-12-31,-1552216000.0,A
012572,RECRUSUL S.A.,2024-12-31,-19719000.0,A
012653,KLABIN S.A.,2024-12-31,2046945000.0,A
012696,SANSUY S.A. INDUSTRIA DE PLASTICOS,2024-12-31,-21253000.0,A
012823,ALIPERTI S.A.,2024-12-31,51219000.0,A
013030,CONSTRUTORA SULTEPA S.A. - EM RECUPERAÇÃO JUDICIAL,2024-12-31,95232000.0,A
013285,JOSAPAR-JOAQUIM OLIVEIRA S.A. - PARTICIP,2024-12-31,28902000.0,A
013366,HAGA S.A. INDUSTRIA E COMERCIO,2024-12-31,2563841.0,A
013439,METALURGICA RIOSULENSE S.A.,2024-12-31,58732000.0,A
013471,PLASCAR PARTICIPACOES INDUSTRIAIS S.A.,2024-12-31,-109995000.0,A
013765,MINUPAR PARTICIPACOES S.A.,2024-12-31,12050000.0,A
013773,PBG S/A,2024-12-31,-102017000.0,A
013781,SAO CARLOS EMPREEND E PARTICIPACOES S.A.,2024-12-31,-32922000.0,A
013986,SUZANO S.A.,2024-12-31,-7044706000.0,A
014109,RANDONCORP S.A.,2024-12-31,691696000.0,A
014206,BRB BANCO DE BRASILIA S.A.,2024-12-31,311019000.0,A
014311,CIA PARANAENSE DE ENERGIA - COPEL,2024-12-31,2799370000.0,A
014320,USINAS SID DE MINAS GERAIS S.A.-USIMINAS,2024-12-31,3362000.0,A
014346,WHIRLPOOL S.A.,2024-12-31,910783000.0,A
014443,CIA SANEAMENTO BASICO EST SAO PAULO,2024-12-31,9579563000.0,A
014451,COMPANHIA ENERGÉTICA DE BRASÍLIA - CEB,2024-12-31,225527000.0,A
014460,CYRELA BRAZIL REALTY S.A.EMPREEND E PART,2024-12-31,1921052000.0,A
014664,SCHULZ S.A.,2024-12-31,255191000.0,A
014826,CIA BRASILEIRA DE DISTRIBUICAO,2024-12-31,-2403000000.0,A
015253,ENERGISA S.A.,2024-12-31,4636282000.0,A
015458,EMBPAR PARTICIPAÇÕES S/A,2024-12-31,-6790000.0,A
015539,NEOENERGIA S.A.,2024-12-31,3682000000.0,A
016101,GAFISA S.A.,2024-12-31,-40723000.0,A
016292,BRF S.A.,2024-12-31,3691904000.0,A
016306,ROSSI RESIDENCIAL S.A. - EM RECUPERAÇÃO JUDICIAL,2024-12-31,85990000.0,A
016438,SUL 116 PARTICIPAÇÕES S.A. - EM LIQUIDAÇÃO,2024-12-31,-479000.0,A
016632,DEXXOS PARTICIPAÇÕES S.A.,2024-12-31,153199000.0,A
016659,PORTO SEGURO S.A.,2024-12-31,2690782000.0,A
016675,CEL PARTICIPAÇÕES S.A. - CELPAR,2024-12-31,152557.0,A
016705,YBYRÁ CAPITAL S.A.,2024-12-31,-49973.0,A
016993,EMAE - EMPRESA METROP. DE AGUAS E ENERGIA S.A.,2024-12-31,54724000.0,A
017329,ENGIE BRASIL ENERGIA S.A.,2024-12-31,4302841000.0,A
017450,RUMO S.A.,2024-12-31,-949242000.0,A
017671,TELEFÔNICA BRASIL S.A,2024-12-31,5557332000.0,A
017868,INEPAR EQUIPAMENTOS E MONTAGENS S/A - EM RECUPERACAO JUDICIA,2024-12-31,-1531000.0,A
017892,SANTOS BRASIL PARTICIPACOES S.A.,2024-12-31,741966000.0,A
017949,MRS LOGISTICA S.A.,2024-12-31,1415510000.0,A
017973,COGNA EDUCAÇÃO S.A.,2024-12-31,991631000.0,A
018368,RIO PARANAPANEMA ENERGIA S.A.,2024-12-31,0.0,A
018376,ISA ENERGIA BRASIL,2024-12-31,3552731000.0,A
018414,PADTEC HOLDING S.A.,2024-12-31,-27838.0,A
018465,ULTRAPAR PARTICIPACOES S.A.,2024-12-31,2525900000.0,A
018660,CPFL ENERGIA S.A.,2024-12-31,5761554000.0,A
018708,CIA PARTICIPACOES ALIANCA DA BAHIA,2024-12-31,41040000.0,A
018775,INVESTIMENTOS E PARTICIP. EM INFRA S.A. - INVEPAR,2024-12-31,-872550000.0,A
018821,MOTIVA INFRAESTRUTURA DE MOBILIDADE S.A.,2024-12-31,1311615000.0,A
018953,CPFL GERACAO DE ENERGIA S.A.,2024-12-31,2161461000.0,A
019100,CONTAX PARTICIPAÇÕES S.A. - EM RECUPERAÇÃO JUDICIAL,2024-12-31,-140758000.0,A
019232,PRODUTORES ENERGET.DE MANSO S.A.- PROMAN,2024-12-31,211000.0,A
019305,BIOMM S.A.,2024-12-31,-77238000.0,A
019330,TPI - TRIUNFO PARTICIP. E INVEST. S.A.,2024-12-31,18312000.0,A
019348,ITAU UNIBANCO HOLDING S.A.,2024-12-31,42128000000.0,A
019445,CIA SANEAMENTO DE MINAS GERAIS-COPASA MG,2024-12-31,1316920000.0,A
019453,ECORODOVIAS INFRAESTRUTURA E LOGÍSTICA S.A.,2024-12-31,913451000.0,A
019550,NATURA COSMÉTICOS S.A.,2024-12-31,760639000.0,A
019569,GOL LINHAS AEREAS INTELIGENTES S.A.,2024-12-31,-6067103000.0,A
019615,GRENDENE S.A.,2024-12-31,735236000.0,A
019623,DIAGNOSTICOS DA AMERICA S.A.,2024-12-31,-1195929000.0,A
019739,LOCALIZA RENT A CAR S.A.,2024-12-31,1813310000.0,A
019763,EDP - ENERGIAS DO BRASIL S.A.,2024-12-31,2469594000.0,A
019771,ARTERIS S.A.,2024-12-31,-841393000.0,A
019836,COSAN S.A.,2024-12-31,-8161766000.0,A
019879,LIGHT S.A. - EM RECUPERAÇÃO JUDICIAL,2024-12-31,1643779000.0,A
019909,BR MALLS PARTICIPACOES S.A.,2024-12-31,677661000.0,A
019992,TOTVS S.A.,2024-12-31,735443000.0,A
020010,EQUATORIAL S.A.,2024-12-31,3767805000.0,A
020028,VALID SOLUÇÕES S.A.,2024-12-31,379649000.0,A
020036,BRASILAGRO - CIA BRAS DE PROP AGRICOLAS,2024-06-30,226867000.0,A
020044,CSU DIGITAL S.A.,2024-12-31,91177000.0,A
020060,LUPATECH S.A,2024-12-31,-31772000.0,A
020087,EMBRAER S.A.,2024-12-31,1923831000.0,A
020125,BRADSAÚDE S.A.,2024-12-31,539133000.0,A
020257,TRANSMISSORA ALIANÇA DE ENERGIA ELÉTRICA S.A.,2024-12-31,1693915000.0,A
020320,CEMIG GERACAO E TRANSMISSAO S.A.,2024-12-31,3692313000.0,A
020338,M.DIAS BRANCO S.A. IND COM DE ALIMENTOS,2024-12-31,645948000.0,A
020346,PROFARMA DISTRIB PROD FARMACEUTICOS S.A.,2024-12-31,122813000.0,A
020362,POSITIVO TECNOLOGIA S.A.,2024-12-31,85038000.0,A
020370,LPS BRASIL - CONSULTORIA DE IMOVEIS S.A.,2024-12-31,34526000.0,A
020435,TECNISA S.A.,2024-12-31,-151053000.0,A
020451,RNI NEGÓCIOS IMOBILIÁRIOS S.A.,2024-12-31,-136661000.0,A
020478,PDG REALTY S.A. EMPREEND E PARTICIPACOES,2024-12-31,-429848000.0,A
020494,IGUATEMI EMPRESA DE SHOPPING CENTERS S.A,2024-12-31,370706000.0,A
020516,SAO MARTINHO S.A.,2024-03-31,1476279000.0,A
020524,EVEN CONSTRUTORA E INCORPORADORA S.A.,2024-12-31,131518000.0,A
020532,BCO SANTANDER (BRASIL) S.A.,2024-12-31,13413763000.0,A
020540,CPFL ENERGIAS RENOVÁVEIS S.A.,2024-12-31,1204299000.0,A
020567,BCO PINE S.A,2024-12-31,101734000.0,A
020575,JBS S.A.,2024-12-31,10703994000.0,A
020605,JHSF PARTICIPACOES S.A.,2024-12-31,861545000.0,A
020613,METALFRIO SOLUTIONS S.A.,2024-12-31,-22573000.0,A
020630,FICA EMPREENDIMENTOS IMOBILIÁRIOS S.A.,2024-12-31,-639000.0,A
020702,VIVER INCORPORADORA E CONSTRUTORA S.A.,2024-12-31,-40454000.0,A
020710,LOG-IN LOGISTICA INTERMODAL S.A.,2024-12-31,53703000.0,A
020745,SLC AGRICOLA S.A.,2024-12-31,481723000.0,A
020770,EZ TEC EMPREEND. E PARTICIPACOES S.A.,2024-12-31,428718000.0,A
020788,MARFRIG GLOBAL FOODS S.A.,2024-12-31,3880870000.0,A
020796,BCO DAYCOVAL S.A.,2024-12-31,1700413000.0,A
020800,TEGMA GESTAO LOGISTICA S.A.,2024-12-31,270612000.0,A
020818,VIRGO COMPANHIA DE SECURITIZAÇÃO,2024-12-31,20402000.0,A
020877,HELBOR EMPREENDIMENTOS S.A.,2024-12-31,163020000.0,A
020915,MRV ENGENHARIA E PARTICIPACOES S.A.,2024-12-31,-482097000.0,A
020931,MINERVA S.A.,2024-12-31,-1563806000.0,A
020966,SPRINGS GLOBAL PARTICIPACOES S.A.,2024-12-31,-613382000.0,A
020982,MULTIPLAN - EMPREEND IMOBILIARIOS S.A.,2024-12-31,1340986000.0,A
020990,AMERICANAS S.A. - EM RECUPERAÇÃO JUDICIAL,2024-12-31,8281000000.0,A
021008,GENERAL SHOPPING E OUTLETS DO BRASIL BRASIL S.A.,2024-12-31,-815268000.0,A
021016,YDUQS PARTICIPACOES S.A.,2024-12-31,341208000.0,A
021032,ALGAR TELECOM S/A,2024-12-31,-331150000.0,A
021040,SYN PROP & TECH S.A.,2024-12-31,659946000.0,A
021067,MOURA DUBEUX ENGENHARIA S/A,2024-12-31,251054000.0,A
021091,DEXCO S.A.,2024-12-31,174375000.0,A
021130,TRISUL S.A.,2024-12-31,174844000.0,A
021148,CONSTRUTORA TENDA S.A.,2024-12-31,100711000.0,A
021156,J. MACEDO S.A.,2024-12-31,352248000.0,A
021180,NEXPE PARTICIPAÇÕES S.A,2024-12-31,-48496000.0,A
021199,BCO PAN S.A.,2024-12-31,528229000.0,A
021202,VIX LOGÍSTICA S.A.,2024-12-31,119348000.0,A
021237,ENEVA S.A,2024-12-31,549472000.0,A
021334,NUTRIPLANT INDUSTRIA E COMERCIO S.A.,2024-12-31,10276000.0,A
021342,OSX BRASIL S.A. - EM RECUPERAÇÃO JUDICIAL,2024-12-31,-1591264000.0,A
021350,DIRECIONAL ENGENHARIA S.A.,2024-12-31,727668000.0,A
021393,CIA CELG DE PARTICIPACOES - CELGPAR,2024-12-31,37486000.0,A
021431,HYPERA S.A.,2024-12-31,1330875000.0,A
021440,VESTE S.A. ESTILO,2024-12-31,665000.0,A
021466,BANCO RCI BRASIL S.A.,2024-12-31,330479000.0,A
021490,ALUPAR INVESTIMENTO S/A,2024-12-31,1859906000.0,A
021520,MULTINER S/A,2024-12-31,-44057000.0,A
021610,"B3 S.A. - BRASIL, BOLSA, BALCÃO",2024-12-31,4576691000.0,A
021636,RENOVA ENERGIA S.A.,2024-12-31,-117069000.0,A
021733,CIELO S.A. -  INSTITUIÇÃO DE PAGAMENTO,2024-12-31,1769987000.0,A
021881,FLEURY S.A.,2024-12-31,603654000.0,A
021903,ECORODOVIAS CONCESSÕES E SERVIÇOS S.A.,2024-12-31,1014685000.0,A
022012,"MILLS LOCAÇÃO, SERVIÇOS E LOGÍSTICA S.A.",2024-12-31,285188000.0,A
022020,JSL S.A.,2024-12-31,207312000.0,A
022055,MARISA LOJAS S.A.,2024-12-31,-315784000.0,A
022187,PRIO S.A.,2024-12-31,10301606000.0,A
022349,AZZAS 2154 S.A.,2024-12-31,338549000.0,A
022357,ALLOS S.A.,2024-12-31,811978000.0,A
022454,T4F ENTRETENIMENTO S.A.,2024-12-31,-68241000.0,A
022470,MAGAZINE LUIZA S.A.,2024-12-31,448717000.0,A
022497,QUALICORP CONSULTORIA E CORRETORA DE SEGUROS S.A.,2024-12-31,15063000.0,A
022519,TECHNOS S.A.,2024-12-31,64833000.0,A
022560,INBRANDS S.A.,2024-12-31,-46840000.0,A
022586,MLOG S.A.,2024-12-31,-41070000.0,A
022608,EMPREENDIMENTOS PAGUE MENOS S.A.,2024-12-31,103148000.0,A
022616,BCO BTG PACTUAL S.A.,2024-12-31,11080445000.0,A
022675,HIDROVIAS DO BRASIL S.A.,2024-12-31,-621699000.0,A
022691,COMPANHIA DE LOCAÇÃO DAS AMÉRICAS,2024-12-31,834795000.0,A
022780,UNICASA INDÚSTRIA DE MÓVEIS S.A.,2024-12-31,12449000.0,A
022810,ELDORADO BRASIL CELULOSE S.A.,2024-12-31,1095508000.0,A
023000,LIGHT ENERGIA S.A.,2024-12-31,133411000.0,A
023159,BB SEGURIDADE PARTICIPAÇÕES S.A.,2024-12-31,8703353000.0,A
023175,IGUA SANEAMENTO S.A.,2024-12-31,-317312000.0,A
023221,SER EDUCACIONAL S.A.,2024-12-31,-1162000.0,A
023230,RAIZEN ENERGIA S.A.,2024-03-31,-1313314000.0,A
023248,ANIMA HOLDING S.A.,2024-12-31,204444000.0,A
023264,AMBEV S.A.,2024-12-31,14846952000.0,A
023272,LOG COMMERCIAL PROPERTIES E PARTICIPAÇÕES,2024-12-31,344378000.0,A
023280,UNIDAS LOCAÇÕES E SERVIÇOS S.A.,2024-12-31,100562000.0,A
023302,QUALITY SOFTWARE S.A.,2024-12-31,25746166.0,A
023310,CVC BRASIL OPERADORA E AGÊNCIA DE VIAGENS S.A.,2024-12-31,-103341000.0,A
023396,AEGEA SANEAMENTO E PARTICIPAÇÕES S.A.,2024-12-31,2396851000.0,A
023426,SERENA GERAÇÃO S.A.,2024-12-31,684430000.0,A
023507,OUROFINO S.A.,2024-12-31,134329000.0,A
023531,CLARO TELECOM PARTICIPAÇÕES S.A.,2024-12-31,-1306614000.0,A
023574,INTERNATIONAL MEAL COMPANY ALIMENTACAO S.A.,2024-12-31,-76278000.0,A
023590,WIZ CO PARTICIPAÇÕES E CORRETAGEM DE SEGUROS S.A.,2024-12-31,296766000.0,A
023604,YOU INC INCORPORADORA E PARTICIPAÇÕES S.A,2024-12-31,-4301000.0,A
023620,CBO HOLDING S.A.,2024-12-31,44795000.0,A
023795,CAIXA SEGURIDADE PARTICIPAÇÕES S.A.,2024-12-31,3765184000.0,A
023817,BRQ SOLUCOES EM INFORMATICA S.A.,2024-12-31,62996000.0,A
023825,MOVIDA PARTICIPACOES SA,2024-12-31,231493000.0,A
023957,SUGOI S.A.,2024-12-31,-85595000.0,A
023981,CTC - CENTRO DE TECNOLOGIA CANAVIEIRA S.A.,2024-03-31,152307000.0,A
024058,ALLIANÇA SAÚDE E PARTICIPAÇÕES S.A.,2024-12-31,-111202000.0,A
024112,AZUL S.A.,2024-12-31,-9151371000.0,A
024120,ARGO ENERGIA EMPREENDIMENTOS E PARTICIPAÇÕES S/A,2024-12-31,522963000.0,A
024171,ATACADÃO S.A.,2024-12-31,1940000000.0,A
024180,IRB - BRASIL RESSEGUROS S.A.,2024-12-31,805740000.0,A
024228,CAMIL ALIMENTOS S.A.,2024-02-28,360461000.0,A
024236,PRINER SERVIÇOS INDUSTRIAIS S.A.,2024-12-31,27817000.0,A
024260,SMARTFIT ESCOLA DE GINÁSTICA E DANÇA S.A.,2024-12-31,440576000.0,A
024279,INC EMPREENDIMENTOS IMOBILIÁRIOS S.A.,2024-12-31,58480000.0,A
024295,VIBRA ENERGIA S/A,2024-12-31,6367000000.0,A
024317,ZAMP SA,2024-12-31,-191319000.0,A
024392,HAPVIDA PARTICIPAÇÕES E INVESTIMENTOS S.A.,2024-12-31,-649376000.0,A
024546,PRÁTICA PRODUTOS S.A.,2024-12-31,32623000.0,A
024589,ENERGISA TRANSMISSÃO DE ENERGIA S/A,2024-12-31,338834000.0,A
024597,CELEO REDES TRANSMISSÃO DE ENERGIA S.A.,2024-12-31,40405000.0,A
024600,BANCO BMG S/A,2024-12-31,279349000.0,A
024627,BLAU FARMACÊUTICA S.A.,2024-12-31,213525000.0,A
024660,BBM LOGÍSTICA S.A.,2024-12-31,-342274000.0,A
024694,GRUPO SBF S.A.,2024-12-31,535834000.0,A
024716,"VAMOS LOCAÇÃO DE CAMINHÕES, MÁQUINAS E EQUIPAMENTOS S.A.",2024-12-31,380974000.0,A
024740,COPEL GERAÇÃO E TRANSMISSÃO S.A.,2024-12-31,1306964000.0,A
024783,NATURA &CO HOLDING S.A.,2024-12-31,-8929680000.0,A
024805,VIVARA PARTICIPAÇÕES S.A.,2024-12-31,653393946.0,A
024813,LOCALIZA FLEET S.A.,2024-12-31,831241000.0,A
024821,REDE D'OR SÃO LUIZ S.A.,2024-12-31,3934120000.0,A
024830,BRK AMBIENTAL PARTICIPAÇÕES S.A.,2024-12-31,7443000.0,A
024848,C&A MODAS S.A.,2024-12-31,452478000.0,A
024872,LIFEMED INDUSTRIAL DE EQUIP. E ART. MEDICOS E HOSP. S.A,2024-12-31,-27963000.0,A
024880,LM TRANSPORTES INTERESTADUAIS SERVIÇOS E COMÉRCIO S.A.,2024-12-31,200184000.0,A
024902,MITRE REALTY EMPREENDIMENTOS E PARTICIPAÇÕES S.A.,2024-12-31,69624000.0,A
024910,LWSA S/A,2024-12-31,42194000.0,A
024929,TIM S.A.,2024-12-31,0.0,A
024953,"ALLPARK EMPREENDIMENTOS, PARTICIPAÇÕES E SERVIÇOS S.A.",2024-12-31,-8719000.0,A
024961,AMBIPAR PARTICIPAÇÕES E EMPREENDIMENTOS S.A.,2024-12-31,-172178000.0,A
025003,SIMPAR S.A.,2024-12-31,93833000.0,A
025038,LOJAS QUERO QUERO S.A.,2024-12-31,146000.0,A
025046,D1000 VAREJO FARMA PARTICIPAÇÕES S.A.,2024-12-31,25857000.0,A
025062,LAVVI EMPREENDIMENTOS IMOBILIÁRIOS S.A.,2024-12-31,392456000.0,A
025070,PLANO & PLANO DESENVOLVIMENTO IMOBILIÁRIO S.A.,2024-12-31,390565000.0,A
025089,PET CENTER COMÉRCIO E PARTICIPAÇÕES S.A.,2024-12-31,-42756000.0,A
025100,CURY CONSTRUTORA E INCORPORADORA S.A.,2024-12-31,698812000.0,A
025119,MELNICK DESENVOLVIMENTO IMOBILIÁRIO S.A.,2024-12-31,136833000.0,A
025127,COMPASS GÁS E ENERGIA S.A.,2024-12-31,2122454000.0,A
025143,PACAEMBU CONSTRUTORA S.A.,2024-12-31,261207000.0,A
025160,SEQUOIA LOGÍSTICA E TRANSPORTES S.A.,2024-12-31,-1278391000.0,A
025186,GRUPO MATEUS S.A.,2024-12-31,1334894000.0,A
025194,ALARES INTERNET PARTICIPAÇÕES S/A,2024-12-31,-100516000.0,A
025208,TRACK & FIELD CO S.A.,2024-12-31,117753000.0,A
025224,2W ECOBANK S.A. - EM RECUPERAÇÃO JUDICIAL,2024-12-31,-407042000.0,A
025232,MÉLIUZ S.A.,2024-12-31,-11334000.0,A
025259,ENJOEI S.A.,2024-12-31,-23935000.0,A
025275,ALPHAVILLE S.A.,2024-12-31,85202000.0,A
025283,AERIS IND. E COM. DE EQUIP. PARA GER. DE ENG. S.A.,2024-12-31,-934083000.0,A
025291,BRAVA ENERGIA S.A.,2024-12-31,-909691000.0,A
025305,PATRIMAR ENGENHARIA S.A.,2024-12-31,35152000.0,A
025321,GRANBIO INVESTIMENTOS S.A.,2024-12-31,-3166000.0,A
025330,ALLIED TECNOLOGIA S.A.,2024-12-31,145532000.0,A
025348,ELFA MEDICAMENTOS S.A.,2024-12-31,-134025000.0,A
025380,EZ INC INCORPORAÇÕES S.A.,2024-12-31,-3429000.0,A
025399,NEOGRID PARTICIPAÇÕES S.A.,2024-12-31,-33816000.0,A
025402,HBR REALTY EMPREENDIMENTOS IMOBILIÁRIOS S.A.,2024-12-31,135524000.0,A
025410,SBF COMÉRCIO DE PRODUTOS ESPORTIVOS S.A.,2024-12-31,522755000.0,A
025429,FARMÁCIA E DROGARIA NISSEI S.A.,2024-12-31,-39404000.0,A
025437,URBA DESENVOLVIMENTO URBANO S.A.,2024-12-31,2643000.0,A
025445,MPM CORPÓREOS S.A.,2024-12-31,1648000.0,A
025453,INTELBRAS S.A. IND. DE TELECOMUNICAÇÃO ELETRÔNICA BRASILEIRA,2024-12-31,528412000.0,A
025461,GRUPO TOKY S.A. - EM RECUPERAÇÃO JUDICIAL,2024-12-31,-164081000.0,A
025496,JALLES MACHADO S.A.,2024-03-31,85118000.0,A
025500,BEMOBI MOBILE TECH S.A.,2024-12-31,120163000.0,A
025526,CRUZEIRO DO SUL EDUCACIONAL S.A.,2024-12-31,144306000.0,A
025534,OCEANPACT SERVIÇOS MARITIMOS S.A.,2024-12-31,-15598000.0,A
025542,CVLB BRASIL S.A EM RECUPERAÇÃO JUDICAL,2024-12-31,-111611000.0,A
025550,ORIZON VALORIZAÇÃO DE RESÍDUOS S.A.,2024-12-31,74476000.0,A
025569,ELETROMIDIA S.A.,2024-12-31,145762000.0,A
025585,CSN MINERAÇÃO S.A.,2024-12-31,4527718000.0,A
025640,AUREN PARTICIPAÇÕES S.A.,2024-12-31,-319071000.0,A
025658,AGROGALAXY PARTICIPAÇÕES S.A. - EM RECUPERAÇÃO JUDICIAL,2024-12-31,-3020012000.0,A
025674,HMOBI PARTICIPAÇÕES S.A.,2024-12-31,377582000.0,A
025682,CM HOSPITALAR S.A,2024-12-31,-1415491000.0,A
025690,HOSPITAL MATER DEI S.A.,2024-12-31,-323904000.0,A
025704,BOA SAFRA SEMENTES S.A.,2024-12-31,160508000.0,A
025712,GPS PARTICIPAÇÕES E EMPREENDIMENTOS S.A.,2024-12-31,666434000.0,A
025720,RIO ALTO ENERGIAS RENOVÁVEIS S.A.,2024-12-31,-450264000.0,A
025747,INFRACOMMERCE CXAAS S.A.,2024-12-31,-1756143000.0,A
025763,VITTIA S.A.,2024-12-31,75304000.0,A
025771,HOSPITAL CARE CALEDONIA S.A.,2024-12-31,-179712000.0,A
025780,PETRORECÔNCAVO S.A.,2024-12-31,437498000.0,A
025798,KALLAS INCORPORAÇÕES E CONSTRUÇÕES S.A.,2024-12-31,58695000.0,A
025801,RODOBENS SA,2024-12-31,335107000.0,A
025836,DOTZ S.A.,2024-12-31,-16487000.0,A
025844,TEGRA INCORPORADORA S.A.,2024-12-31,2227000.0,A
025852,W2W E-COMMERCE DE VINHOS S.A.,2024-12-31,-40780000.0,A
025860,BRBI BR PARTNERS S.A,2024-12-31,193670000.0,A
025879,KORA SAÚDE PARTICIPAÇÕES S.A.,2024-12-31,-168454000.0,A
025887,ARANDU INVESTIMENTOS S.A.,2024-12-31,33665000.0,A
025895,LIVETECH DA BAHIA INDÚSTRIA E COMÉRCIO S.A.,2024-12-31,28657000.0,A
025909,EMCCAMP RESIDENCIAL S.A.,2024-12-31,77180000.0,A
025917,RAÍZEN S.A.,2024-03-31,614133000.0,A
025925,BIONEXO S.A.,2024-12-31,-7629000.0,A
025933,HUMBERG AGRIBRASIL COMÉRCIO E EXPORTAÇÃO DE GRÃOS S.A.,2024-12-31,27342000.0,A
025950,TRÊS TENTOS AGROINDUSTRIAL S/A,2024-12-31,756365000.0,A
025976,YUNY INCORPORADORA HOLDING S.A.,2024-12-31,-27185000.0,A
025984,COMPANHIA BRASILEIRA DE ALUMÍNIO,2024-12-31,-72889000.0,A
025992,INTERCEMENT BRASIL S.A. - EM RECUPERAÇÃO JUDICIAL,2024-12-31,-288854000.0,A
026000,TERRA SANTA PROPRIEDADES AGRÍCOLAS S.A.,2024-12-31,7332000.0,A
026026,DESKTOP S.A.,2024-12-31,100074000.0,A
026034,GRUPO MULTILASER S.A.,2024-12-31,-321233000.0,A
026050,UNIFIQUE TELECOMUNICAÇÕES S.A.,2024-12-31,174566000.0,A
026069,"ARMAC LOCAÇÃO, LOGÍSTICA E SERVIÇOS S.A.",2024-12-31,175639000.0,A
026077,ECONOMATICA S.A.,2024-12-31,-86775000.0,A
026093,CLEAR SALE S.A.,2024-12-31,-28610000.0,A
026123,ONCOCLÍNICAS DO BRASIL SERVIÇOS MÉDICOS S.A.,2024-12-31,-717425000.0,A
026158,ESSENTIA PCHS S.A.,2024-12-31,111470000.0,A
026166,GRUPO FARTURA DE HORTIFRUT S.A.,2024-12-31,83043000.0,A
026174,AUREN OPERAÇÕES S.A.,2024-12-31,28155000.0,A
026190,CARAMURU ALIMENTOS S.A.,2024-12-31,272076000.0,A
026204,BLUEFIT ACADEMIAS DE GINÁSTICA E PARTICIPAÇÕES S.A.,2024-12-31,14108000.0,A
026247,WILSON SONS S.A.,2024-12-31,488612000.0,A
026255,TIGRE S.A. PARTICIPAÇÕES,2024-12-31,-186016000.0,A
026271,ENVIRONMENTAL ESG PARTICIPAÇÕES S.A.,2024-12-31,266765000.0,A
026280,COMERC ENERGIA S.A.,2024-12-31,189625000.0,A
026301,UNIGEL PARTICIPAÇÕES S.A.,2024-12-31,-1862564000.0,A
026328,AUSTRAVIAS S.A.,2024-12-31,-15732000.0,A
026352,RODOVIAS DO BRASIL HOLDING S.A.,2024-12-31,192884000.0,A
026379,MADERO INDÚSTRIA E COMÉRCIO S.A.,2024-12-31,219120000.0,A
026395,ALMEIDA JUNIOR SHOPPING CENTERS S.A.,2024-12-31,177463000.0,A
026409,VERO S.A.,2024-12-31,-23287000.0,A
026417,OLIVEIRA TRUST S.A.,2024-12-31,103558000.0,A
026441,SERENA ENERGIA S.A.,2024-12-31,297423000.0,A
026468,HOSPITAL ANCHIETA S.A.,2024-12-31,-87206000.0,A
026476,AMMO VAREJO S.A.,2024-12-31,-76212000.0,A
026506,LUPO S.A.,2024-12-31,173362000.0,A
026514,ASA BRANCA HOLDING S.A.,2024-12-31,-38290000.0,A
026522,CERRADINHO BIOENERGIA S.A.,2024-03-31,40295000.0,A
026565,HOLDING DO ARAGUAIA S.A.,2024-12-31,26726000.0,A
026590,AURA ALMAS MINERAÇÃO S.A.,2024-12-31,138595000.0,A
026603,GSH CORP PARTICIPAÇÕES S.A.,2024-12-31,12059000.0,A
026620,AUREN ENERGIA S.A.,2024-12-31,271869000.0,A
026646,CANTU STORE S.A.,2024-12-31,83729000.0,A
026697,FOZ DO RIO CLARO ENERGIA S.A.,2024-12-31,14871000.0,A
026700,EUROFARMA LABORATÓRIOS S.A.,2024-12-31,273796000.0,A
026760,TECIDOS E ARMARINHOS MIGUEL BARTOLOMEU S.A.,2024-12-31,267102000.0,A
026786,SENIOR SISTEMAS S.A.,2024-12-31,194501000.0,A
026832,ANEMUS WIND HOLDING S.A.,2024-12-31,-156796000.0,A
026867,UNIÃO QUÍMICA FARMACÊUTICA NACIONAL S.A.,2024-12-31,338622000.0,A
026891,ELETRORIVER S.A.,2024-12-31,274720000.0,A
026956,OCEÂNICA ENGENHARIA E CONSULTORIA S.A.,2024-12-31,-296000000.0,A
026980,BORRACHAS VIPAL S.A.,2024-12-31,280664000.0,A
027006,RIO ALTO STL HOLDING I S.A.,2024-12-31,-254781000.0,A
027014,SOLAR BEBIDAS S.A.,2024-12-31,1646494000.0,A
027022,V. TAL - REDE NEUTRA DE TELECOMUNICAÇÕES S.A.,2024-12-31,864359000.0,A
027049,ORIZON MEIO AMBIENTE S.A.,2024-12-31,55922000.0,A
027057,VITRU EDUCAÇÃO S.A.,2024-12-31,288752000.0,A
027073,SOLVI ESSENCIS AMBIENTAL S.A.,2024-12-31,222999000.0,A
027090,TIM BRASIL SERVIÇOS E PARTICIPAÇÕES S.A.,2024-12-31,2399428000.0,A
027103,CHINA THREE GORGES BRASIL ENERGIA S.A.,2024-12-31,2275981000.0,A
027111,XP INVESTIMENTOS S.A.,2024-12-31,422317000.0,A
027154,COMPANHIA ESTADUAL DE GERAÇÃO DE ENERGIA ELÉTRICA - CEEE-G,2024-12-31,-65303000.0,A
027162,UNIDAS LOCADORA S.A.,2024-12-31,1551000.0,A
027189,VOTORANTIM CIMENTOS S.A.,2024-12-31,1073696000.0,A
027197,TURBI COMPARTILHAMENTO DE VEÍCULOS S.A.,2024-12-31,-91764000.0,A
027219,GRANJA FARIA S.A.,2024-12-31,230479000.0,A
027227,ORIGEM ENERGIA S.A.,2024-12-31,-512341000.0,A
027243,CLI SUL S.A.,2024-12-31,57107000.0,A
027251,INSPIRALI EDUCAÇÃO S.A.,2024-12-31,467458000.0,A
027260,CORREDOR LOGÍSTICA E INFRAESTRUTURA S.A.,2024-12-31,5074000.0,A
027316,"BRAZIL TOWER, CESSÃO DE INFRA-ESTRUTURAS S.A",2024-12-31,-23829000.0,A
027324,VOKE S.A.,2024-12-31,22710000.0,A
027332,HÉLIO VALGAS SOLAR PARTICIPAÇÕES S.A.,2024-12-31,566366000.0,A
027340,CONSTRUTORA METROCASA S.A.,2024-12-31,221204000.0,A
027375,BRASIL BIOFUELS S.A.,2024-12-31,-448307000.0,A
027383,LETS RENT A CAR S/A,2024-12-31,25653000.0,A
027391,BRZ EMPREENDIMENTOS E CONSTRUÇÕES S.A.,2024-12-31,113594000.0,A
027430,ALUBAR METAIS E CABOS S.A.,2024-12-31,88685000.0,A
027472,AXIA ENERGIA NORTE S.A.,2024-12-31,2084000000.0,A
027480,AXIA ENERGIA SUL S.A.,2024-12-31,639275000.0,A
027499,BRASIL TECNOLOGIA E PARTICIPAÇÕES S.A.,2024-12-31,-15224000.0,A
027502,GIGA MAIS FIBRA TELECOMUNICAÇÕES S.A.,2024-12-31,44871000.0,A
027510,VITAL ENGENHARIA AMBIENTAL S.A.,2024-12-31,295649000.0,A
027545,ASSURUÁ 4 E 5 HOLDING ENERGIA S.A.,2024-12-31,-43464000.0,A
027553,ENGELHART CTP (BRASIL) S.A.,2024-12-31,428848000.0,A
027600,PORTO SERVIÇO S.A,2024-12-31,221200000.0,A
027618,PORTO SAÚDE PARTICIPAÇÕES S.A.,2024-12-31,353417000.0,A
027626,AZEVEDO & TRAVASSOS ENERGIA S.A.,2024-12-31,-38651000.0,A
027642,EQUIPAV SANEAMENTO S.A.,2024-12-31,2627553000.0,A
027669,CORPÓREOS - SERVIÇOS TERAPÊUTICOS S.A.,2024-12-31,54195000.0,A
027677,ATOM EDUCAÇÃO E EDITORA S.A.,2024-12-31,459000.0,A
027693,BRISANET SERVIÇOS DE TELECOMUNICAÇÕES S.A.,2024-12-31,60794000.0,A
027707,AUTOMOB PARTICIPAÇÕES S.A.,2024-12-31,-105482000.0,A
027715,EPR INFRAESTRUTURA PR S.A.,2024-12-31,280075000.0,A
027731,CONCESSIONÁRIA DA LINHA 4 DO METRÔ DE SÃO PAULO S.A.,2024-12-31,436509000.0,A
027740,PRIO FORTE S.A.,2024-12-31,6445650000.0,A
027766,UNIÃO PET PARTICIPAÇÕES S.A.,2024-12-31,116793000.0,A
027774,BTG PACTUAL COMMODITIES SERTRADING S.A.,2024-12-31,292501000.0,A
027804,TERP GLBL BRASIL I PARTICIPAÇÕES S.A.,2024-12-31,149387000.0,A
027820,GRUPO SALTA EDUCAÇÃO S.A.,2024-12-31,76384000.0,A
027839,CPX DISTRIBUIDORA S.A.,2024-12-31,88279000.0,A
027847,TECNOGERA-LOCAÇÃO E TRANSFORMAÇÃO DE ENERGIA S.A.,2024-12-31,66501000.0,A
027880,HIGHLINE BRASIL II INFRAESTRUTURA DE TELECOMUNICAÇÕES S.A.,2024-12-31,-221636000.0,A
027995,PLATÃO CAPITAL S.A.,2024-12-31,-59727000.0,A
080020,"GP INVESTMENTS, LTD.",2024-12-31,-360228000.0,A
080187,AURA MINERALS INC.,2024-12-31,-148967000.0,A
080217,"INTER & CO, INC.",2024-12-31,972843000.0,A
080225,ALMACENES ÉXITO S.A.,2024-12-31,313728000.0,A
080233,JBS N.V.,2024-12-31,2383616000.0,A
000094,PANATLANTICA S.A.,2025-12-31,49866000.0,A
000701,BIOMA EDUCAÇÃO S.A.,2025-12-31,-61569000.0,A
000906,BCO BRADESCO S.A.,2025-12-31,23924636000.0,A
001023,BCO BRASIL S.A.,2025-12-31,16781938000.0,A
001155,BANESTES S.A. - BCO EST ESPIRITO SANTO,2025-12-31,339919000.0,A
001210,BANCO DO ESTADO DO RIO GRANDE DO SUL SA,2025-12-31,1714551000.0,A
001325,BCO MERCANTIL DO BRASIL S.A.,2025-12-31,640758000.0,A
001520,BARDELLA S.A. INDUSTRIAS MECANICAS EM RECUPERAÇÃO JUDICIAL,2025-12-31,-20752000.0,A
001562,BAUMER S.A.,2025-12-31,22106000.0,A
002100,CAMBUCI S.A.,2025-12-31,68390000.0,A
002429,IRANI PAPEL E EMBALAGEM S.A.,2025-12-31,242050000.0,A
002437,AXIA ENERGIA S.A.,2025-12-31,6559659000.0,A
002453,CIA ENERGETICA DE MINAS GERAIS - CEMIG,2025-12-31,4899617000.0,A
002461,CENTRAIS ELET DE SANTA CATARINA S.A.,2025-12-31,729495000.0,A
002577,CESP - CIA ENERGETICA DE SAO PAULO,2025-12-31,335809000.0,A
003069,CIA FERRO LIGAS DA BAHIA - FERBASA,2025-12-31,188676000.0,A
003190,REDE ENERGIA PARTICIPAÇÕES S.A.,2025-12-31,1677899000.0,A
003204,CPFL TRANSMISSÃO S.A.,2025-12-31,318724000.0,A
003298,CIA HABITASUL DE PARTICIPACOES,2025-12-31,74559000.0,A
003328,AXIA ENERGIA NORDESTE S.A.,2025-12-31,169170000.0,A
003395,COMPANHIA INDUSTRIAL CATAGUASES,2025-12-31,15808000.0,A
003549,CIA INDUSTRIAL SCHLOSSER S.A.,2025-12-31,-278000.0,A
003654,CIA MELHORAMENTOS DE SAO PAULO,2025-12-31,-32702000.0,A
003980,GERDAU S.A.,2025-12-31,1418438000.0,A
004030,CIA SIDERURGICA NACIONAL,2025-12-31,-1506726000.0,A
004146,KARSTEN S.A.,2025-12-31,70539000.0,A
004170,VALE S.A.,2025-12-31,11811000000.0,A
004448,COBRASMA S.A.,2025-12-31,-4343371000.0,A
004537,GRAZZIOTIN S.A.,2025-12-31,83855000.0,A
004669,GUARARAPES CONFECCOES S.A.,2025-12-31,1475168000.0,A
004693,CONSERVAS ODERICH S.A.,2025-12-31,75539000.0,A
004723,CONSTRUTORA ADOLPHO LINDENBERG S.A.,2025-12-31,45872000.0,A
004820,BRASKEM S.A.,2025-12-31,-10961000000.0,A
005258,RAIA DROGASIL S.A.,2025-12-31,1300243000.0,A
005312,MUNDIAL S.A. - PRODUTOS DE CONSUMO,2025-12-31,-21970000.0,A
005380,ELECTRO ACO ALTONA S.A.,2025-12-31,91042000.0,A
005410,WEG S.A.,2025-12-31,6775958000.0,A
005762,ETERNIT S.A.,2025-12-31,48975000.0,A
005770,EUCATEX S.A. INDUSTRIA E COMERCIO,2025-12-31,319096000.0,A
005983,FIACAO E TECELAGEM SAO JOSE SA EM RECUPERACAO JUDICIAL,2025-12-31,-7728000.0,A
006173,TAURUS ARMAS S.A.,2025-12-31,17673000.0,A
006211,FRASLE MOBILITY S.A.,2025-12-31,283166000.0,A
006343,TUPY S.A.,2025-12-31,-654552000.0,A
006505,GRUPO CASAS BAHIA S.A.,2025-12-31,-2988000000.0,A
006700,HOTEIS OTHON S.A. - EM RECUPERAÇÃO JUDICIAL,2025-12-31,30596000.0,A
007510,ROMI S.A.,2025-12-31,86170000.0,A
007544,TEXTIL RENAUXVIEW S.A.,2025-12-31,-57092000.0,A
007595,INEPAR S.A. INDUSTRIA E CONSTRUCOES EM RECUPERACAO JUDICIAL,2025-12-31,-513225000.0,A
007617,ITAÚSA S.A.,2025-12-31,16550000000.0,A
007811,JOAO FORTES ENGENHARIA S.A. - EM RECUPERAÇÃO JUDICIAL,2025-12-31,-223606000.0,A
007870,KEPLER WEBER S.A.,2025-12-31,156270000.0,A
008133,LOJAS RENNER S.A.,2025-12-31,1457566000.0,A
008192,TREVISA INVESTIMENTOS S.A.,2025-12-31,22822000.0,A
008397,MANGELS INDUSTRIAL S.A.,2025-12-31,48022000.0,A
008427,MANUFATURA DE BRINQUEDOS ESTRELA S.A.,2025-12-31,142138000.0,A
008451,MARCOPOLO S.A.,2025-12-31,1235508000.0,A
008575,MAHLE METAL LEVE S.A.,2025-12-31,608756000.0,A
008656,METALURGICA GERDAU S.A.,2025-12-31,1413724000.0,A
008672,IGUATEMI S.A.,2025-12-31,582576000.0,A
008745,METANOR SA METANOL DO NE,2025-12-31,24277000.0,A
008753,METISA METALURGICA TIMBOENSE S.A.,2025-12-31,40684240.0,A
009067,SUZANO HOLDING S.A.,2025-12-31,13443772000.0,A
009342,DIMED S.A. DISTRIBUIDORA DE MEDICAMENTOS,2025-12-31,124605000.0,A
009393,PARANAPANEMA S.A. - EM RECUPERAÇÃO JUDICIAL,2025-12-31,-1331490000.0,A
009512,PETROLEO BRASILEIRO S.A. PETROBRAS,2025-12-31,110605000000.0,A
009539,PETTENATI S.A. INDUSTRIA TEXTIL,2025-06-30,57768709.0,A
010456,ALPARGATAS S.A.,2025-12-31,567926000.0,A
010880,SONDOTECNICA ENGENHARIA SOLOS S.A.,2025-12-31,35732000.0,A
011070,WLM PART. E COMÉRCIO DE MÁQUINAS E VEÍCULOS S.A.,2025-12-31,86892000.0,A
011231,TEKNO S.A. - INDUSTRIA E COMERCIO,2025-12-31,30018000.0,A
011592,UNIPAR CARBOCLORO S.A.,2025-12-31,481744000.0,A
011762,VULCABRAS S.A.,2025-12-31,1165314000.0,A
011932,IOCHPE MAXION S.A.,2025-12-31,217134000.0,A
011975,AZEVEDO E TRAVASSOS S.A.,2025-12-31,-618309000.0,A
011991,WETZEL S.A.,2025-12-31,-28578000.0,A
012190,BOMBRIL S.A. - EM RECUPERAÇÃO JUDICIAL,2025-12-31,68008000.0,A
012572,RECRUSUL S.A.,2025-12-31,-16965000.0,A
012653,KLABIN S.A.,2025-12-31,1678211000.0,A
012696,SANSUY S.A. INDUSTRIA DE PLASTICOS,2025-12-31,-284204000.0,A
012823,ALIPERTI S.A.,2025-12-31,16938000.0,A
013030,CONSTRUTORA SULTEPA S.A. - EM RECUPERAÇÃO JUDICIAL,2025-12-31,93579000.0,A
013285,JOSAPAR-JOAQUIM OLIVEIRA S.A. - PARTICIP,2025-12-31,16792000.0,A
013366,HAGA S.A. INDUSTRIA E COMERCIO,2025-12-31,2144306.0,A
013439,METALURGICA RIOSULENSE S.A.,2025-12-31,64448000.0,A
013471,PLASCAR PARTICIPACOES INDUSTRIAIS S.A.,2025-12-31,-203946000.0,A
013765,MINUPAR PARTICIPACOES S.A.,2025-12-31,516149000.0,A
013773,PBG S/A,2025-12-31,-291722000.0,A
013781,SAO CARLOS EMPREEND E PARTICIPACOES S.A.,2025-12-31,-48442000.0,A
013986,SUZANO S.A.,2025-12-31,13437687000.0,A
014109,RANDONCORP S.A.,2025-12-31,-59791000.0,A
014311,CIA PARANAENSE DE ENERGIA - COPEL,2025-12-31,2687939000.0,A
014320,USINAS SID DE MINAS GERAIS S.A.-USIMINAS,2025-12-31,-2910034000.0,A
014346,WHIRLPOOL S.A.,2025-12-31,450784000.0,A
014443,CIA SANEAMENTO BASICO EST SAO PAULO,2025-12-31,8462059000.0,A
014451,COMPANHIA ENERGÉTICA DE BRASÍLIA - CEB,2025-12-31,235310000.0,A
014460,CYRELA BRAZIL REALTY S.A.EMPREEND E PART,2025-12-31,2395829000.0,A
014664,SCHULZ S.A.,2025-12-31,288876000.0,A
014826,CIA BRASILEIRA DE DISTRIBUICAO,2025-12-31,-815000000.0,A
015253,ENERGISA S.A.,2025-12-31,3140072000.0,A
015423,FICTOR ALIMENTOS S.A. - EM RECUPERAÇÃO JUDICIAL,2025-12-31,-23420000.0,A
015458,EMBPAR PARTICIPAÇÕES S/A,2025-12-31,-2865000.0,A
015539,NEOENERGIA S.A.,2025-12-31,5057000000.0,A
016101,GAFISA S.A.,2025-12-31,-544550000.0,A
016292,BRF S.A.,2025-12-31,3288189000.0,A
016438,SUL 116 PARTICIPAÇÕES S.A. - EM LIQUIDAÇÃO,2025-12-31,-157000.0,A
016632,DEXXOS PARTICIPAÇÕES S.A.,2025-12-31,143653000.0,A
016659,PORTO SEGURO S.A.,2025-12-31,3424078000.0,A
016675,CEL PARTICIPAÇÕES S.A. - CELPAR,2025-12-31,140630.0,A
016705,YBYRÁ CAPITAL S.A.,2025-12-31,-289467.0,A
016993,EMAE - EMPRESA METROP. DE AGUAS E ENERGIA S.A.,2025-12-31,-133356000.0,A
017329,ENGIE BRASIL ENERGIA S.A.,2025-12-31,2857919000.0,A
017450,RUMO S.A.,2025-12-31,865125000.0,A
017671,TELEFÔNICA BRASIL S.A,2025-12-31,6177543000.0,A
017868,INEPAR EQUIPAMENTOS E MONTAGENS S/A - EM RECUPERACAO JUDICIA,2025-12-31,-6756000.0,A
017892,SANTOS BRASIL PARTICIPACOES S.A.,2025-12-31,871664000.0,A
017949,MRS LOGISTICA S.A.,2025-12-31,1555063000.0,A
017973,COGNA EDUCAÇÃO S.A.,2025-12-31,586035000.0,A
018368,RIO PARANAPANEMA ENERGIA S.A.,2025-12-31,0.0,A
018376,ISA ENERGIA BRASIL,2025-12-31,2511015000.0,A
018414,PADTEC HOLDING S.A.,2025-12-31,6961.0,A
018465,ULTRAPAR PARTICIPACOES S.A.,2025-12-31,2541908000.0,A
018660,CPFL ENERGIA S.A.,2025-12-31,5742553000.0,A
018708,CIA PARTICIPACOES ALIANCA DA BAHIA,2025-12-31,33709000.0,A
018775,INVESTIMENTOS E PARTICIP. EM INFRA S.A. - INVEPAR,2025-12-31,741462000.0,A
018821,MOTIVA INFRAESTRUTURA DE MOBILIDADE S.A.,2025-12-31,3503497000.0,A
019100,CONTAX PARTICIPAÇÕES S.A. - EM RECUPERAÇÃO JUDICIAL,2025-12-31,-34365000.0,A
019232,PRODUTORES ENERGET.DE MANSO S.A.- PROMAN,2025-12-31,218000.0,A
019305,BIOMM S.A.,2025-12-31,-6687000.0,A
019330,TPI - TRIUNFO PARTICIP. E INVEST. S.A.,2025-12-31,-402656000.0,A
019348,ITAU UNIBANCO HOLDING S.A.,2025-12-31,45849000000.0,A
019445,CIA SANEAMENTO DE MINAS GERAIS-COPASA MG,2025-12-31,1415744000.0,A
019453,ECORODOVIAS INFRAESTRUTURA E LOGÍSTICA S.A.,2025-12-31,866818000.0,A
019550,NATURA COSMÉTICOS S.A.,2025-12-31,-1785238000.0,A
019569,GOL LINHAS AEREAS INTELIGENTES S.A.,2025-12-31,-1304930000.0,A
019615,GRENDENE S.A.,2025-12-31,644808000.0,A
019623,DIAGNOSTICOS DA AMERICA S.A.,2025-12-31,-1135024000.0,A
019739,LOCALIZA RENT A CAR S.A.,2025-12-31,1870470000.0,A
019763,EDP - ENERGIAS DO BRASIL S.A.,2025-12-31,1994297000.0,A
019771,ARTERIS S.A.,2025-12-31,215752000.0,A
019836,COSAN S.A.,2025-12-31,-10194401000.0,A
019879,LIGHT S.A. - EM RECUPERAÇÃO JUDICIAL,2025-12-31,213095000.0,A
019909,BR MALLS PARTICIPACOES S.A.,2025-12-31,875365000.0,A
019992,TOTVS S.A.,2025-12-31,920742000.0,A
020010,EQUATORIAL S.A.,2025-12-31,2503931000.0,A
020028,VALID SOLUÇÕES S.A.,2025-12-31,268707000.0,A
020036,BRASILAGRO - CIA BRAS DE PROP AGRICOLAS,2025-06-30,138019000.0,A
020044,CSU DIGITAL S.A.,2025-12-31,106051000.0,A
020060,LUPATECH S.A,2025-12-31,-60176000.0,A
020087,EMBRAER S.A.,2025-12-31,1992037000.0,A
020125,BRADSAÚDE S.A.,2025-12-31,582537000.0,A
020257,TRANSMISSORA ALIANÇA DE ENERGIA ELÉTRICA S.A.,2025-12-31,1579863000.0,A
020320,CEMIG GERACAO E TRANSMISSAO S.A.,2025-12-31,1817262000.0,A
020338,M.DIAS BRANCO S.A. IND COM DE ALIMENTOS,2025-12-31,659817000.0,A
020346,PROFARMA DISTRIB PROD FARMACEUTICOS S.A.,2025-12-31,126013000.0,A
020362,POSITIVO TECNOLOGIA S.A.,2025-12-31,12234000.0,A
020370,LPS BRASIL - CONSULTORIA DE IMOVEIS S.A.,2025-12-31,52090000.0,A
020435,TECNISA S.A.,2025-12-31,-100131000.0,A
020451,RNI NEGÓCIOS IMOBILIÁRIOS S.A.,2025-12-31,-199612000.0,A
020478,PDG REALTY S.A. EMPREEND E PARTICIPACOES,2025-12-31,-333739000.0,A
020494,IGUATEMI EMPRESA DE SHOPPING CENTERS S.A,2025-12-31,569684000.0,A
020516,SAO MARTINHO S.A.,2025-03-31,556731000.0,A
020524,EVEN CONSTRUTORA E INCORPORADORA S.A.,2025-12-31,299052000.0,A
020532,BCO SANTANDER (BRASIL) S.A.,2025-12-31,12965123000.0,A
020540,CPFL ENERGIAS RENOVÁVEIS S.A.,2025-12-31,1084841000.0,A
020567,BCO PINE S.A,2025-12-31,432878000.0,A
020575,JBS S.A.,2025-12-31,12535912000.0,A
020605,JHSF PARTICIPACOES S.A.,2025-12-31,1868540000.0,A
020613,METALFRIO SOLUTIONS S.A.,2025-12-31,21936000.0,A
020630,FICA EMPREENDIMENTOS IMOBILIÁRIOS S.A.,2025-12-31,-8275000.0,A
020702,VIVER INCORPORADORA E CONSTRUTORA S.A.,2025-12-31,-17549000.0,A
020710,LOG-IN LOGISTICA INTERMODAL S.A.,2025-12-31,93675000.0,A
020745,SLC AGRICOLA S.A.,2025-12-31,565213000.0,A
020770,EZ TEC EMPREEND. E PARTICIPACOES S.A.,2025-12-31,547595000.0,A
020788,MARFRIG GLOBAL FOODS S.A.,2025-12-31,762675000.0,A
020796,BCO DAYCOVAL S.A.,2025-12-31,1836635000.0,A
020800,TEGMA GESTAO LOGISTICA S.A.,2025-12-31,242963000.0,A
020877,HELBOR EMPREENDIMENTOS S.A.,2025-12-31,92028000.0,A
020915,MRV ENGENHARIA E PARTICIPACOES S.A.,2025-12-31,-1042704000.0,A
020931,MINERVA S.A.,2025-12-31,848260000.0,A
020982,MULTIPLAN - EMPREEND IMOBILIARIOS S.A.,2025-12-31,1141233000.0,A
020990,AMERICANAS S.A. - EM RECUPERAÇÃO JUDICIAL,2025-12-31,-271000000.0,A
021008,GENERAL SHOPPING E OUTLETS DO BRASIL BRASIL S.A.,2025-12-31,22170000.0,A
021016,YDUQS PARTICIPACOES S.A.,2025-12-31,180177000.0,A
021032,ALGAR TELECOM S/A,2025-12-31,-197044000.0,A
021040,SYN PROP & TECH S.A.,2025-12-31,74867000.0,A
021067,MOURA DUBEUX ENGENHARIA S/A,2025-12-31,420173000.0,A
021091,DEXCO S.A.,2025-12-31,63065000.0,A
021130,TRISUL S.A.,2025-12-31,213095000.0,A
021148,CONSTRUTORA TENDA S.A.,2025-12-31,484431000.0,A
021156,J. MACEDO S.A.,2025-12-31,347709000.0,A
021180,NEXPE PARTICIPAÇÕES S.A,2025-12-31,107550000.0,A
021202,VIX LOGÍSTICA S.A.,2025-12-31,170244000.0,A
021237,ENEVA S.A,2025-12-31,1691630000.0,A
021334,NUTRIPLANT INDUSTRIA E COMERCIO S.A.,2025-12-31,5386000.0,A
021342,OSX BRASIL S.A. - EM RECUPERAÇÃO JUDICIAL,2025-12-31,-1106833000.0,A
021350,DIRECIONAL ENGENHARIA S.A.,2025-12-31,979692000.0,A
021431,HYPERA S.A.,2025-12-31,1190132000.0,A
021440,VESTE S.A. ESTILO,2025-12-31,24409000.0,A
021466,BANCO RCI BRASIL S.A.,2025-12-31,288325000.0,A
021490,ALUPAR INVESTIMENTO S/A,2025-12-31,1733193000.0,A
021520,MULTINER S/A,2025-12-31,-14711000.0,A
021610,"B3 S.A. - BRASIL, BOLSA, BALCÃO",2025-12-31,4586872000.0,A
021636,RENOVA ENERGIA S.A.,2025-12-31,-162231000.0,A
021733,CIELO S.A. -  INSTITUIÇÃO DE PAGAMENTO,2025-12-31,2282359000.0,A
021881,FLEURY S.A.,2025-12-31,596671000.0,A
021903,ECORODOVIAS CONCESSÕES E SERVIÇOS S.A.,2025-12-31,963218000.0,A
022012,"MILLS LOCAÇÃO, SERVIÇOS E LOGÍSTICA S.A.",2025-12-31,301263000.0,A
022020,JSL S.A.,2025-12-31,81704000.0,A
022055,MARISA LOJAS S.A.,2025-12-31,-59982000.0,A
022187,PRIO S.A.,2025-12-31,2251479000.0,A
022217,ALPER CONSULTORIA E CORRETORA DE SEGUROS S.A.,2025-12-31,15294000.0,A
022349,AZZAS 2154 S.A.,2025-12-31,911249000.0,A
022357,ALLOS S.A.,2025-12-31,945293000.0,A
022454,T4F ENTRETENIMENTO S.A.,2025-12-31,-54365000.0,A
022470,MAGAZINE LUIZA S.A.,2025-12-31,204603000.0,A
022497,QUALICORP CONSULTORIA E CORRETORA DE SEGUROS S.A.,2025-12-31,17049000.0,A
022519,TECHNOS S.A.,2025-12-31,71475000.0,A
022560,INBRANDS S.A.,2025-12-31,-119379000.0,A
022586,MLOG S.A.,2025-12-31,-44351000.0,A
022608,EMPREENDIMENTOS PAGUE MENOS S.A.,2025-12-31,260930000.0,A
022616,BCO BTG PACTUAL S.A.,2025-12-31,16663803000.0,A
022675,HIDROVIAS DO BRASIL S.A.,2025-12-31,-140918000.0,A
022780,UNICASA INDÚSTRIA DE MÓVEIS S.A.,2025-12-31,-11549000.0,A
022810,ELDORADO BRASIL CELULOSE S.A.,2025-12-31,4551787000.0,A
023000,LIGHT ENERGIA S.A.,2025-12-31,168525000.0,A
023159,BB SEGURIDADE PARTICIPAÇÕES S.A.,2025-12-31,9017329000.0,A
023175,IGUA SANEAMENTO S.A.,2025-12-31,-625901000.0,A
023221,SER EDUCACIONAL S.A.,2025-12-31,214436000.0,A
023230,RAIZEN ENERGIA S.A.,2025-03-31,-6098329000.0,A
023248,ANIMA HOLDING S.A.,2025-12-31,256665000.0,A
023264,AMBEV S.A.,2025-12-31,15988433000.0,A
023272,LOG COMMERCIAL PROPERTIES E PARTICIPAÇÕES,2025-12-31,363486000.0,A
023280,UNIDAS LOCAÇÕES E SERVIÇOS S.A.,2025-12-31,1711000.0,A
023302,QUALITY SOFTWARE S.A.,2025-12-31,25768350.0,A
023310,CVC BRASIL OPERADORA E AGÊNCIA DE VIAGENS S.A.,2025-12-31,-40935000.0,A
023396,AEGEA SANEAMENTO E PARTICIPAÇÕES S.A.,2025-12-31,1280100000.0,A
023426,SERENA GERAÇÃO S.A.,2025-12-31,101685000.0,A
023507,OUROFINO S.A.,2025-12-31,222311000.0,A
023531,CLARO TELECOM PARTICIPAÇÕES S.A.,2025-12-31,4707141000.0,A
023574,INTERNATIONAL MEAL COMPANY ALIMENTACAO S.A.,2025-12-31,-148968000.0,A
023590,WIZ CO PARTICIPAÇÕES E CORRETAGEM DE SEGUROS S.A.,2025-12-31,367710000.0,A
023604,YOU INC INCORPORADORA E PARTICIPAÇÕES S.A,2025-12-31,-329534000.0,A
023620,CBO HOLDING S.A.,2025-12-31,235115000.0,A
023795,CAIXA SEGURIDADE PARTICIPAÇÕES S.A.,2025-12-31,4291560000.0,A
023817,BRQ SOLUCOES EM INFORMATICA S.A.,2025-12-31,68436000.0,A
023825,MOVIDA PARTICIPACOES SA,2025-12-31,318364000.0,A
023981,CTC - CENTRO DE TECNOLOGIA CANAVIEIRA S.A.,2025-03-31,175677000.0,A
024058,ALLIANÇA SAÚDE E PARTICIPAÇÕES S.A.,2025-12-31,-1371831000.0,A
024112,AZUL S.A.,2025-12-31,124858000.0,A
024120,ARGO ENERGIA EMPREENDIMENTOS E PARTICIPAÇÕES S/A,2025-12-31,462111000.0,A
024180,IRB - BRASIL RESSEGUROS S.A.,2025-12-31,390945000.0,A
024228,CAMIL ALIMENTOS S.A.,2025-02-28,217001000.0,A
024236,PRINER SERVIÇOS INDUSTRIAIS S.A.,2025-12-31,8404000.0,A
024260,SMARTFIT ESCOLA DE GINÁSTICA E DANÇA S.A.,2025-12-31,640534000.0,A
024279,INC EMPREENDIMENTOS IMOBILIÁRIOS S.A.,2025-12-31,75863000.0,A
024295,VIBRA ENERGIA S/A,2025-12-31,1979000000.0,A
024317,ZAMP SA,2025-12-31,-107137000.0,A
024392,HAPVIDA PARTICIPAÇÕES E INVESTIMENTOS S.A.,2025-12-31,-142169000.0,A
024546,PRÁTICA PRODUTOS S.A.,2025-12-31,20198000.0,A
024589,ENERGISA TRANSMISSÃO DE ENERGIA S/A,2025-12-31,347694000.0,A
024597,CELEO REDES TRANSMISSÃO DE ENERGIA S.A.,2025-12-31,19110000.0,A
024600,BANCO BMG S/A,2025-12-31,587304000.0,A
024627,BLAU FARMACÊUTICA S.A.,2025-12-31,296773000.0,A
024660,BBM LOGÍSTICA S.A.,2025-12-31,-252881000.0,A
024694,GRUPO SBF S.A.,2025-12-31,327970000.0,A
024716,"VAMOS LOCAÇÃO DE CAMINHÕES, MÁQUINAS E EQUIPAMENTOS S.A.",2025-12-31,328702000.0,A
024740,COPEL GERAÇÃO E TRANSMISSÃO S.A.,2025-12-31,1802418000.0,A
024805,VIVARA PARTICIPAÇÕES S.A.,2025-12-31,619502301.0,A
024813,LOCALIZA FLEET S.A.,2025-12-31,986023000.0,A
024821,REDE D'OR SÃO LUIZ S.A.,2025-12-31,4843623000.0,A
024830,BRK AMBIENTAL PARTICIPAÇÕES S.A.,2025-12-31,-107968000.0,A
024848,C&A MODAS S.A.,2025-12-31,587087000.0,A
024872,LIFEMED INDUSTRIAL DE EQUIP. E ART. MEDICOS E HOSP. S.A,2025-12-31,261000.0,A
024880,LM TRANSPORTES INTERESTADUAIS SERVIÇOS E COMÉRCIO S.A.,2025-12-31,45188000.0,A
024902,MITRE REALTY EMPREENDIMENTOS E PARTICIPAÇÕES S.A.,2025-12-31,78116000.0,A
024910,LWSA S/A,2025-12-31,-225450000.0,A
024929,TIM S.A.,2025-12-31,0.0,A
024953,"ALLPARK EMPREENDIMENTOS, PARTICIPAÇÕES E SERVIÇOS S.A.",2025-12-31,14096000.0,A
025003,SIMPAR S.A.,2025-12-31,215250000.0,A
025038,LOJAS QUERO QUERO S.A.,2025-12-31,-161941000.0,A
025046,D1000 VAREJO FARMA PARTICIPAÇÕES S.A.,2025-12-31,22565000.0,A
025062,LAVVI EMPREENDIMENTOS IMOBILIÁRIOS S.A.,2025-12-31,464164000.0,A
025070,PLANO & PLANO DESENVOLVIMENTO IMOBILIÁRIO S.A.,2025-12-31,422700000.0,A
025089,PET CENTER COMÉRCIO E PARTICIPAÇÕES S.A.,2025-12-31,40042000.0,A
025100,CURY CONSTRUTORA E INCORPORADORA S.A.,2025-12-31,1081220000.0,A
025119,MELNICK DESENVOLVIMENTO IMOBILIÁRIO S.A.,2025-12-31,150056000.0,A
025127,COMPASS GÁS E ENERGIA S.A.,2025-12-31,1459707000.0,A
025143,PACAEMBU CONSTRUTORA S.A.,2025-12-31,342674000.0,A
025160,SEQUOIA LOGÍSTICA E TRANSPORTES S.A.,2025-12-31,-195422000.0,A
025186,GRUPO MATEUS S.A.,2025-12-31,1857293000.0,A
025194,ALARES INTERNET PARTICIPAÇÕES S/A,2025-12-31,-111780000.0,A
025208,TRACK & FIELD CO S.A.,2025-12-31,142318000.0,A
025232,MÉLIUZ S.A.,2025-12-31,-1140000.0,A
025259,ENJOEI S.A.,2025-12-31,-16788000.0,A
025275,ALPHAVILLE S.A.,2025-12-31,-105497000.0,A
025283,AERIS IND. E COM. DE EQUIP. PARA GER. DE ENG. S.A.,2025-12-31,-901213000.0,A
025291,BRAVA ENERGIA S.A.,2025-12-31,1411225000.0,A
025305,PATRIMAR ENGENHARIA S.A.,2025-12-31,32589000.0,A
025330,ALLIED TECNOLOGIA S.A.,2025-12-31,332712000.0,A
025348,ELFA MEDICAMENTOS S.A.,2025-12-31,-587335000.0,A
025380,EZ INC INCORPORAÇÕES S.A.,2025-12-31,32397000.0,A
025399,NEOGRID PARTICIPAÇÕES S.A.,2025-12-31,-5383000.0,A
025402,HBR REALTY EMPREENDIMENTOS IMOBILIÁRIOS S.A.,2025-12-31,96823000.0,A
025410,SBF COMÉRCIO DE PRODUTOS ESPORTIVOS S.A.,2025-12-31,642305000.0,A
025429,FARMÁCIA E DROGARIA NISSEI S.A.,2025-12-31,-47490000.0,A
025437,URBA DESENVOLVIMENTO URBANO S.A.,2025-12-31,26780000.0,A
025445,MPM CORPÓREOS S.A.,2025-12-31,13158000.0,A
025453,INTELBRAS S.A. IND. DE TELECOMUNICAÇÃO ELETRÔNICA BRASILEIRA,2025-12-31,483733000.0,A
025461,GRUPO TOKY S.A. - EM RECUPERAÇÃO JUDICIAL,2025-12-31,-146886000.0,A
025496,JALLES MACHADO S.A.,2025-03-31,-55950000.0,A
025500,BEMOBI MOBILE TECH S.A.,2025-12-31,161262000.0,A
025526,CRUZEIRO DO SUL EDUCACIONAL S.A.,2025-12-31,296866000.0,A
025534,OCEANPACT SERVIÇOS MARITIMOS S.A.,2025-12-31,105475000.0,A
025542,CVLB BRASIL S.A EM RECUPERAÇÃO JUDICAL,2025-12-31,-767714000.0,A
025550,ORIZON VALORIZAÇÃO DE RESÍDUOS S.A.,2025-12-31,73962000.0,A
025585,CSN MINERAÇÃO S.A.,2025-12-31,1649159000.0,A
025640,AUREN PARTICIPAÇÕES S.A.,2025-12-31,-368880000.0,A
025674,HMOBI PARTICIPAÇÕES S.A.,2025-12-31,-23103000.0,A
025682,CM HOSPITALAR S.A,2025-12-31,18239000.0,A
025690,HOSPITAL MATER DEI S.A.,2025-12-31,111916000.0,A
025704,BOA SAFRA SEMENTES S.A.,2025-12-31,101130000.0,A
025712,GPS PARTICIPAÇÕES E EMPREENDIMENTOS S.A.,2025-12-31,694143000.0,A
025720,RIO ALTO ENERGIAS RENOVÁVEIS S.A.,2025-12-31,-537416000.0,A
025747,INFRACOMMERCE CXAAS S.A.,2025-12-31,-341892000.0,A
025763,VITTIA S.A.,2025-12-31,66151000.0,A
025771,HOSPITAL CARE CALEDONIA S.A.,2025-12-31,-258074000.0,A
025780,PETRORECÔNCAVO S.A.,2025-12-31,638352000.0,A
025798,KALLAS INCORPORAÇÕES E CONSTRUÇÕES S.A.,2025-12-31,-155379000.0,A
025801,RODOBENS SA,2025-12-31,373359000.0,A
025836,DOTZ S.A.,2025-12-31,-469000.0,A
025844,TEGRA INCORPORADORA S.A.,2025-12-31,-77042000.0,A
025852,W2W E-COMMERCE DE VINHOS S.A.,2025-12-31,6219000.0,A
025860,BRBI BR PARTNERS S.A,2025-12-31,175073000.0,A
025879,KORA SAÚDE PARTICIPAÇÕES S.A.,2025-12-31,-421325000.0,A
025887,ARANDU INVESTIMENTOS S.A.,2025-12-31,-459708000.0,A
025895,LIVETECH DA BAHIA INDÚSTRIA E COMÉRCIO S.A.,2025-12-31,-191446000.0,A
025909,EMCCAMP RESIDENCIAL S.A.,2025-12-31,85494000.0,A
025917,RAÍZEN S.A.,2025-03-31,-4176951000.0,A
025925,BIONEXO S.A.,2025-12-31,-51638000.0,A
025950,TRÊS TENTOS AGROINDUSTRIAL S/A,2025-12-31,808699000.0,A
025984,COMPANHIA BRASILEIRA DE ALUMÍNIO,2025-12-31,229854000.0,A
025992,INTERCEMENT BRASIL S.A. - EM RECUPERAÇÃO JUDICIAL,2025-12-31,777621000.0,A
026000,TERRA SANTA PROPRIEDADES AGRÍCOLAS S.A.,2025-12-31,4745000.0,A
026026,DESKTOP S.A.,2025-12-31,80773000.0,A
026034,GRUPO MULTILASER S.A.,2025-12-31,121899000.0,A
026050,UNIFIQUE TELECOMUNICAÇÕES S.A.,2025-12-31,208957000.0,A
026069,"ARMAC LOCAÇÃO, LOGÍSTICA E SERVIÇOS S.A.",2025-12-31,73771000.0,A
026077,ECONOMATICA S.A.,2025-12-31,-85986000.0,A
026123,ONCOCLÍNICAS DO BRASIL SERVIÇOS MÉDICOS S.A.,2025-12-31,-3671107000.0,A
026158,ESSENTIA PCHS S.A.,2025-12-31,83722000.0,A
026166,GRUPO FARTURA DE HORTIFRUT S.A.,2025-12-31,79117000.0,A
026174,AUREN OPERAÇÕES S.A.,2025-12-31,99953000.0,A
026190,CARAMURU ALIMENTOS S.A.,2025-12-31,570799000.0,A
026204,BLUEFIT ACADEMIAS DE GINÁSTICA E PARTICIPAÇÕES S.A.,2025-12-31,13041000.0,A
026255,TIGRE S.A. PARTICIPAÇÕES,2025-12-31,192471000.0,A
026280,COMERC ENERGIA S.A.,2025-12-31,-762276000.0,A
026328,AUSTRAVIAS S.A.,2025-12-31,-84830000.0,A
026352,RODOVIAS DO BRASIL HOLDING S.A.,2025-12-31,230486000.0,A
026379,MADERO INDÚSTRIA E COMÉRCIO S.A.,2025-12-31,103156000.0,A
026395,ALMEIDA JUNIOR SHOPPING CENTERS S.A.,2025-12-31,307272000.0,A
026417,OLIVEIRA TRUST S.A.,2025-12-31,132083000.0,A
026441,SERENA ENERGIA S.A.,2025-12-31,20837000.0,A
026468,HOSPITAL ANCHIETA S.A.,2025-12-31,-90992000.0,A
026506,LUPO S.A.,2025-12-31,176516000.0,A
026514,ASA BRANCA HOLDING S.A.,2025-12-31,-20296000.0,A
026522,CERRADINHO BIOENERGIA S.A.,2025-03-31,196528000.0,A
026565,HOLDING DO ARAGUAIA S.A.,2025-12-31,-54379000.0,A
026590,AURA ALMAS MINERAÇÃO S.A.,2025-12-31,318019000.0,A
026603,GSH CORP PARTICIPAÇÕES S.A.,2025-12-31,-29997000.0,A
026620,AUREN ENERGIA S.A.,2025-12-31,-557875000.0,A
026646,CANTU STORE S.A.,2025-12-31,6912000.0,A
026697,FOZ DO RIO CLARO ENERGIA S.A.,2025-12-31,-15084000.0,A
026700,EUROFARMA LABORATÓRIOS S.A.,2025-12-31,593544000.0,A
026760,TECIDOS E ARMARINHOS MIGUEL BARTOLOMEU S.A.,2025-12-31,250330000.0,A
026786,SENIOR SISTEMAS S.A.,2025-12-31,246478000.0,A
026867,UNIÃO QUÍMICA FARMACÊUTICA NACIONAL S.A.,2025-12-31,250570000.0,A
026891,ELETRORIVER S.A.,2025-12-31,333737000.0,A
026948,ELEA DIGITAL INFRAESTRUTURA E REDES DE TELECOMUNICAÇÕES S.A.,2025-12-31,-72945.0,A
026956,OCEÂNICA ENGENHARIA E CONSULTORIA S.A.,2025-12-31,-29168000.0,A
026980,BORRACHAS VIPAL S.A.,2025-12-31,147952000.0,A
027014,SOLAR BEBIDAS S.A.,2025-12-31,1394244000.0,A
027022,V. TAL - REDE NEUTRA DE TELECOMUNICAÇÕES S.A.,2025-12-31,-13855499000.0,A
027049,ORIZON MEIO AMBIENTE S.A.,2025-12-31,35988000.0,A
027057,VITRU EDUCAÇÃO S.A.,2025-12-31,369891000.0,A
027073,SOLVI ESSENCIS AMBIENTAL S.A.,2025-12-31,309803000.0,A
027090,TIM BRASIL SERVIÇOS E PARTICIPAÇÕES S.A.,2025-12-31,3401422000.0,A
027103,CHINA THREE GORGES BRASIL ENERGIA S.A.,2025-12-31,2680217000.0,A
027154,COMPANHIA ESTADUAL DE GERAÇÃO DE ENERGIA ELÉTRICA - CEEE-G,2025-12-31,-3615000.0,A
027162,UNIDAS LOCADORA S.A.,2025-12-31,5933000.0,A
027189,VOTORANTIM CIMENTOS S.A.,2025-12-31,3178000000.0,A
027197,TURBI COMPARTILHAMENTO DE VEÍCULOS S.A.,2025-12-31,-76948000.0,A
027219,GRANJA FARIA S.A.,2025-12-31,239844000.0,A
027227,ORIGEM ENERGIA S.A.,2025-12-31,552544000.0,A
027243,CLI SUL S.A.,2025-12-31,0.0,A
027251,INSPIRALI EDUCAÇÃO S.A.,2025-12-31,613712000.0,A
027260,CORREDOR LOGÍSTICA E INFRAESTRUTURA S.A.,2025-12-31,-12655000.0,A
027316,"BRAZIL TOWER, CESSÃO DE INFRA-ESTRUTURAS S.A",2025-12-31,-20846000.0,A
027324,VOKE S.A.,2025-12-31,-32061000.0,A
027332,HÉLIO VALGAS SOLAR PARTICIPAÇÕES S.A.,2025-12-31,-551996000.0,A
027340,CONSTRUTORA METROCASA S.A.,2025-12-31,313209000.0,A
027391,BRZ EMPREENDIMENTOS E CONSTRUÇÕES S.A.,2025-12-31,7756000.0,A
027430,ALUBAR METAIS E CABOS S.A.,2025-12-31,171109000.0,A
027472,AXIA ENERGIA NORTE S.A.,2025-12-31,1334502000.0,A
027480,AXIA ENERGIA SUL S.A.,2025-12-31,1163251000.0,A
027499,BRASIL TECNOLOGIA E PARTICIPAÇÕES S.A.,2025-12-31,72244000.0,A
027502,GIGA MAIS FIBRA TELECOMUNICAÇÕES S.A.,2025-12-31,-128516000.0,A
027510,VITAL ENGENHARIA AMBIENTAL S.A.,2025-12-31,496753000.0,A
027545,ASSURUÁ 4 E 5 HOLDING ENERGIA S.A.,2025-12-31,23216000.0,A
027600,PORTO SERVIÇO S.A,2025-12-31,263801000.0,A
027618,PORTO SAÚDE PARTICIPAÇÕES S.A.,2025-12-31,666306000.0,A
027626,AZEVEDO & TRAVASSOS ENERGIA S.A.,2025-12-31,-9854000.0,A
027634,B100 S.A.,2025-12-31,-465085000.0,A
027642,EQUIPAV SANEAMENTO S.A.,2025-12-31,1026193000.0,A
027650,REVEE S.A.,2025-12-31,12042000.0,A
027669,CORPÓREOS - SERVIÇOS TERAPÊUTICOS S.A.,2025-12-31,53321000.0,A
027677,ATOM EDUCAÇÃO E EDITORA S.A.,2025-12-31,-3939000.0,A
027693,BRISANET SERVIÇOS DE TELECOMUNICAÇÕES S.A.,2025-12-31,40884000.0,A
027707,AUTOMOB PARTICIPAÇÕES S.A.,2025-12-31,-285575000.0,A
027715,EPR INFRAESTRUTURA PR S.A.,2025-12-31,429999000.0,A
027731,CONCESSIONÁRIA DA LINHA 4 DO METRÔ DE SÃO PAULO S.A.,2025-12-31,982077000.0,A
027740,PRIO FORTE S.A.,2025-12-31,3659199000.0,A
027766,UNIÃO PET PARTICIPAÇÕES S.A.,2025-12-31,109339000.0,A
027774,BTG PACTUAL COMMODITIES SERTRADING S.A.,2025-12-31,1090694000.0,A
027804,TERP GLBL BRASIL I PARTICIPAÇÕES S.A.,2025-12-31,66065000.0,A
027820,GRUPO SALTA EDUCAÇÃO S.A.,2025-12-31,121025000.0,A
027839,CPX DISTRIBUIDORA S.A.,2025-12-31,-9977000.0,A
027847,TECNOGERA-LOCAÇÃO E TRANSFORMAÇÃO DE ENERGIA S.A.,2025-12-31,82371000.0,A
027880,HIGHLINE BRASIL II INFRAESTRUTURA DE TELECOMUNICAÇÕES S.A.,2025-12-31,-280300000.0,A
027910,ORANJEBTC S.A. - EDUCAÇÃO E INVESTIMENTO,2025-12-31,-469986000.0,A
027944,TUPI ENERGIAS RENOVÁVEIS S.A.,2025-12-31,-61993000.0,A
027995,PLATÃO CAPITAL S.A.,2025-12-31,-57613000.0,A
028002,COMPANHIA BRASILEIRA DE EDUCAÇÃO E SISTEMA DE ENSINO S.A.,2025-09-30,-199061000.0,A
028010,FGR INCORPORAÇÕES S.A.,2025-12-31,535836000.0,A
028045,VLI MULTIMODAL S.A,2025-12-31,2774028000.0,A
080187,AURA MINERALS INC.,2025-12-31,-459284000.0,A
080217,"INTER & CO, INC.",2025-12-31,1397321000.0,A
080233,JBS N.V.,2025-12-31,12474103000.0,A
000094,PANATLANTICA S.A.,2021-03-31,82179000.0,T
000094,PANATLANTICA S.A.,2021-06-30,89429000.0,T
000094,PANATLANTICA S.A.,2021-09-30,102648000.0,T
000701,BIOMA EDUCAÇÃO S.A.,2021-03-31,-4733000.0,T
000701,BIOMA EDUCAÇÃO S.A.,2021-06-30,-8787000.0,T
000701,BIOMA EDUCAÇÃO S.A.,2021-09-30,-10477000.0,T
001520,BARDELLA S.A. INDUSTRIAS MECANICAS EM RECUPERAÇÃO JUDICIAL,2021-03-31,-7896000.0,T
001520,BARDELLA S.A. INDUSTRIAS MECANICAS EM RECUPERAÇÃO JUDICIAL,2021-06-30,-11996000.0,T
001520,BARDELLA S.A. INDUSTRIAS MECANICAS EM RECUPERAÇÃO JUDICIAL,2021-09-30,-8012000.0,T
001562,BAUMER S.A.,2021-03-31,6313000.0,T
001562,BAUMER S.A.,2021-06-30,-3825000.0,T
001562,BAUMER S.A.,2021-09-30,205000.0,T
001597,PARTICIPAÇÕES INDUST. DO NORDESTE S.A.,2021-03-31,-1441000.0,T
002100,CAMBUCI S.A.,2021-03-31,1045000.0,T
002100,CAMBUCI S.A.,2021-06-30,-2862000.0,T
002100,CAMBUCI S.A.,2021-09-30,10439000.0,T
002429,IRANI PAPEL E EMBALAGEM S.A.,2021-03-31,56701000.0,T
002429,IRANI PAPEL E EMBALAGEM S.A.,2021-06-30,67691000.0,T
002429,IRANI PAPEL E EMBALAGEM S.A.,2021-09-30,97595000.0,T
002437,CENTRAIS ELET BRAS S.A. - ELETROBRAS,2021-03-31,1609139000.0,T
002437,CENTRAIS ELET BRAS S.A. - ELETROBRAS,2021-06-30,2529924000.0,T
002437,CENTRAIS ELET BRAS S.A. - ELETROBRAS,2021-09-30,964561000.0,T
002453,CIA ENERGETICA DE MINAS GERAIS - CEMIG,2021-03-31,422351000.0,T
002453,CIA ENERGETICA DE MINAS GERAIS - CEMIG,2021-06-30,1946639000.0,T
002453,CIA ENERGETICA DE MINAS GERAIS - CEMIG,2021-09-30,426000.0,T
002461,CENTRAIS ELET DE SANTA CATARINA S.A.,2021-03-31,199154000.0,T
002461,CENTRAIS ELET DE SANTA CATARINA S.A.,2021-06-30,100152000.0,T
002461,CENTRAIS ELET DE SANTA CATARINA S.A.,2021-09-30,175593000.0,T
002577,CESP - CIA ENERGETICA DE SAO PAULO,2021-03-31,115798000.0,T
002577,CESP - CIA ENERGETICA DE SAO PAULO,2021-06-30,-18129000.0,T
002577,CESP - CIA ENERGETICA DE SAO PAULO,2021-09-30,395323000.0,T
003069,CIA FERRO LIGAS DA BAHIA - FERBASA,2021-03-31,59035000.0,T
003069,CIA FERRO LIGAS DA BAHIA - FERBASA,2021-06-30,114264000.0,T
003069,CIA FERRO LIGAS DA BAHIA - FERBASA,2021-09-30,233034000.0,T
003077,CIA FIACAO TECIDOS CEDRO CACHOEIRA,2021-03-31,2264000.0,T
003077,CIA FIACAO TECIDOS CEDRO CACHOEIRA,2021-06-30,1955000.0,T
003077,CIA FIACAO TECIDOS CEDRO CACHOEIRA,2021-09-30,850000.0,T
003115,CIA SEGUROS ALIANCA DA BAHIA,2021-03-31,3523000.0,T
003115,CIA SEGUROS ALIANCA DA BAHIA,2021-06-30,4738000.0,T
003115,CIA SEGUROS ALIANCA DA BAHIA,2021-09-30,19232000.0,T
003158,CIA TECIDOS NORTE DE MINAS COTEMINAS,2021-03-31,-20745000.0,T
003158,CIA TECIDOS NORTE DE MINAS COTEMINAS,2021-06-30,-48840000.0,T
003158,CIA TECIDOS NORTE DE MINAS COTEMINAS,2021-09-30,-4677000.0,T
003190,REDE ENERGIA PARTICIPAÇÕES S.A.,2021-03-31,487992000.0,T
003190,REDE ENERGIA PARTICIPAÇÕES S.A.,2021-06-30,552166000.0,T
003190,REDE ENERGIA PARTICIPAÇÕES S.A.,2021-09-30,533977000.0,T
003204,CPFL TRANSMISSÃO S.A.,2021-03-31,119773000.0,T
003204,CPFL TRANSMISSÃO S.A.,2021-06-30,216097000.0,T
003204,CPFL TRANSMISSÃO S.A.,2021-09-30,81035000.0,T
003298,CIA HABITASUL DE PARTICIPACOES,2021-03-31,18424000.0,T
003298,CIA HABITASUL DE PARTICIPACOES,2021-06-30,69539000.0,T
003298,CIA HABITASUL DE PARTICIPACOES,2021-09-30,140896000.0,T
003328,CIA HIDRO ELÉTRICA DO SÃO FRANCISCO,2021-03-31,465925000.0,T
003328,CIA HIDRO ELÉTRICA DO SÃO FRANCISCO,2021-06-30,1000.0,T
003395,COMPANHIA INDUSTRIAL CATAGUASES,2021-03-31,1284000.0,T
003395,COMPANHIA INDUSTRIAL CATAGUASES,2021-06-30,931000.0,T
003395,COMPANHIA INDUSTRIAL CATAGUASES,2021-09-30,-1856000.0,T
003549,CIA INDUSTRIAL SCHLOSSER S.A.,2021-03-31,-240.0,T
003549,CIA INDUSTRIAL SCHLOSSER S.A.,2021-06-30,-415.0,T
003549,CIA INDUSTRIAL SCHLOSSER S.A.,2021-09-30,-12.0,T
003654,CIA MELHORAMENTOS DE SAO PAULO,2021-03-31,0.0,T
003654,CIA MELHORAMENTOS DE SAO PAULO,2021-06-30,-7849000.0,T
003654,CIA MELHORAMENTOS DE SAO PAULO,2021-09-30,-10627000.0,T
003980,GERDAU S.A.,2021-03-31,2470536000.0,T
003980,GERDAU S.A.,2021-06-30,3934477000.0,T
003980,GERDAU S.A.,2021-09-30,5593941000.0,T
004030,CIA SIDERURGICA NACIONAL,2021-03-31,5697313000.0,T
004030,CIA SIDERURGICA NACIONAL,2021-06-30,5512660000.0,T
004030,CIA SIDERURGICA NACIONAL,2021-09-30,1324652000.0,T
004081,CIA TECIDOS SANTANENSE EM RECUPERAÇÃO JUDICIAL,2021-03-31,2654000.0,T
004081,CIA TECIDOS SANTANENSE EM RECUPERAÇÃO JUDICIAL,2021-06-30,14804000.0,T
004081,CIA TECIDOS SANTANENSE EM RECUPERAÇÃO JUDICIAL,2021-09-30,18714000.0,T
004146,KARSTEN S.A.,2021-03-31,9021000.0,T
004146,KARSTEN S.A.,2021-06-30,16573000.0,T
004146,KARSTEN S.A.,2021-09-30,18622000.0,T
004170,VALE S.A.,2021-03-31,30188979000.0,T
004170,VALE S.A.,2021-06-30,39831884000.0,T
004170,VALE S.A.,2021-09-30,20574181000.0,T
004448,COBRASMA S.A.,2021-03-31,-885572000.0,T
004448,COBRASMA S.A.,2021-06-30,-855184000.0,T
004448,COBRASMA S.A.,2021-09-30,-583082000.0,T
004537,GRAZZIOTIN S.A.,2021-03-31,13629170.0,T
004537,GRAZZIOTIN S.A.,2021-06-30,63654873.0,T
004537,GRAZZIOTIN S.A.,2021-09-30,76230000.0,T
004669,GUARARAPES CONFECCOES S.A.,2021-03-31,-104917000.0,T
004669,GUARARAPES CONFECCOES S.A.,2021-06-30,46109000.0,T
004669,GUARARAPES CONFECCOES S.A.,2021-09-30,207317000.0,T
004693,CONSERVAS ODERICH S.A.,2021-09-30,37140000.0,T
004707,CONSORCIO ALFA DE ADMINISTRACAO S.A.,2021-03-31,7846000.0,T
004707,CONSORCIO ALFA DE ADMINISTRACAO S.A.,2021-06-30,3187000.0,T
004707,CONSORCIO ALFA DE ADMINISTRACAO S.A.,2021-09-30,10525000.0,T
004723,CONSTRUTORA ADOLPHO LINDENBERG S.A.,2021-03-31,282000.0,T
004723,CONSTRUTORA ADOLPHO LINDENBERG S.A.,2021-06-30,2657000.0,T
004723,CONSTRUTORA ADOLPHO LINDENBERG S.A.,2021-09-30,932000.0,T
004820,BRASKEM S.A.,2021-03-31,2413751000.0,T
004820,BRASKEM S.A.,2021-06-30,7561961000.0,T
004820,BRASKEM S.A.,2021-09-30,3517709000.0,T
004863,CORREA RIBEIRO S.A. COMERCIO E INDUSTRIA,2021-03-31,-501000.0,T
004863,CORREA RIBEIRO S.A. COMERCIO E INDUSTRIA,2021-06-30,-285000.0,T
004863,CORREA RIBEIRO S.A. COMERCIO E INDUSTRIA,2021-09-30,-619000.0,T
005207,DOHLER S.A.,2021-03-31,16280000.0,T
005207,DOHLER S.A.,2021-06-30,14762000.0,T
005207,DOHLER S.A.,2021-09-30,28598000.0,T
005258,RAIA DROGASIL S.A.,2021-03-31,176229000.0,T
005258,RAIA DROGASIL S.A.,2021-06-30,253782000.0,T
005258,RAIA DROGASIL S.A.,2021-09-30,158479000.0,T
005312,MUNDIAL S.A. - PRODUTOS DE CONSUMO,2021-03-31,11440000.0,T
005312,MUNDIAL S.A. - PRODUTOS DE CONSUMO,2021-06-30,13484000.0,T
005312,MUNDIAL S.A. - PRODUTOS DE CONSUMO,2021-09-30,10151000.0,T
005380,ELECTRO ACO ALTONA S.A.,2021-03-31,5745000.0,T
005380,ELECTRO ACO ALTONA S.A.,2021-06-30,5521000.0,T
005380,ELECTRO ACO ALTONA S.A.,2021-09-30,12281000.0,T
005410,WEG S.A.,2021-03-31,778921000.0,T
005410,WEG S.A.,2021-06-30,1152401000.0,T
005410,WEG S.A.,2021-09-30,832232000.0,T
005762,ETERNIT S.A.,2021-03-31,58434000.0,T
005762,ETERNIT S.A.,2021-06-30,59655000.0,T
005762,ETERNIT S.A.,2021-09-30,98014000.0,T
005770,EUCATEX S.A. INDUSTRIA E COMERCIO,2021-03-31,61627000.0,T
005770,EUCATEX S.A. INDUSTRIA E COMERCIO,2021-06-30,167471000.0,T
005770,EUCATEX S.A. INDUSTRIA E COMERCIO,2021-09-30,70513000.0,T
005983,FIACAO E TECELAGEM SAO JOSE SA EM RECUPERACAO JUDICIAL,2021-03-31,-634000.0,T
005983,FIACAO E TECELAGEM SAO JOSE SA EM RECUPERACAO JUDICIAL,2021-06-30,-750000.0,T
005983,FIACAO E TECELAGEM SAO JOSE SA EM RECUPERACAO JUDICIAL,2021-09-30,-675000.0,T
006173,TAURUS ARMAS S.A.,2021-03-31,68096000.0,T
006173,TAURUS ARMAS S.A.,2021-06-30,193631000.0,T
006173,TAURUS ARMAS S.A.,2021-09-30,166411000.0,T
006211,FRAS-LE S.A.,2021-03-31,60452000.0,T
006211,FRAS-LE S.A.,2021-06-30,43590000.0,T
006211,FRAS-LE S.A.,2021-09-30,84548000.0,T
006343,TUPY S.A.,2021-03-31,-14906000.0,T
006343,TUPY S.A.,2021-06-30,31490000.0,T
006343,TUPY S.A.,2021-09-30,125150000.0,T
006505,GRUPO CASAS BAHIA S.A.,2021-03-31,180000000.0,T
006505,GRUPO CASAS BAHIA S.A.,2021-06-30,132000000.0,T
006505,GRUPO CASAS BAHIA S.A.,2021-09-30,-638000000.0,T
006700,HOTEIS OTHON S.A. - EM RECUPERAÇÃO JUDICIAL,2021-03-31,-8815000.0,T
006700,HOTEIS OTHON S.A. - EM RECUPERAÇÃO JUDICIAL,2021-06-30,-7546000.0,T
006700,HOTEIS OTHON S.A. - EM RECUPERAÇÃO JUDICIAL,2021-09-30,1367000.0,T
006815,IGB ELETRONICA S.A - EM RECUPERACAO JUDICIAL,2021-03-31,-28202000.0,T
006815,IGB ELETRONICA S.A - EM RECUPERACAO JUDICIAL,2021-06-30,-9235000.0,T
006815,IGB ELETRONICA S.A - EM RECUPERACAO JUDICIAL,2021-09-30,-16162000.0,T
007510,ROMI S.A.,2021-03-31,20744000.0,T
007510,ROMI S.A.,2021-06-30,42819000.0,T
007510,ROMI S.A.,2021-09-30,85850000.0,T
007544,TEXTIL RENAUXVIEW S.A.,2021-03-31,-1682000.0,T
007544,TEXTIL RENAUXVIEW S.A.,2021-06-30,-1896000.0,T
007544,TEXTIL RENAUXVIEW S.A.,2021-09-30,2680000.0,T
007595,INEPAR S.A. INDUSTRIA E CONSTRUCOES EM RECUPERACAO JUDICIAL,2021-03-31,-11618000.0,T
007595,INEPAR S.A. INDUSTRIA E CONSTRUCOES EM RECUPERACAO JUDICIAL,2021-06-30,21090000.0,T
007595,INEPAR S.A. INDUSTRIA E CONSTRUCOES EM RECUPERACAO JUDICIAL,2021-09-30,701000.0,T
007617,ITAÚSA S.A.,2021-03-31,2316000000.0,T
007617,ITAÚSA S.A.,2021-06-30,3966000000.0,T
007617,ITAÚSA S.A.,2021-09-30,2524000000.0,T
007811,JOAO FORTES ENGENHARIA S.A. - EM RECUPERAÇÃO JUDICIAL,2021-03-31,-13464000.0,T
007811,JOAO FORTES ENGENHARIA S.A. - EM RECUPERAÇÃO JUDICIAL,2021-06-30,-48358000.0,T
007811,JOAO FORTES ENGENHARIA S.A. - EM RECUPERAÇÃO JUDICIAL,2021-09-30,-54581000.0,T
007870,KEPLER WEBER S.A.,2021-03-31,17208000.0,T
007870,KEPLER WEBER S.A.,2021-06-30,11823000.0,T
007870,KEPLER WEBER S.A.,2021-09-30,41133000.0,T
008087,LOJAS AMERICANAS S.A.,2021-03-31,-224406000.0,T
008087,LOJAS AMERICANAS S.A.,2021-06-30,225200000.0,T
008087,LOJAS AMERICANAS S.A.,2021-09-30,242093000.0,T
008133,LOJAS RENNER S.A.,2021-03-31,0.0,T
008133,LOJAS RENNER S.A.,2021-06-30,193073000.0,T
008133,LOJAS RENNER S.A.,2021-09-30,171956000.0,T
008192,TREVISA INVESTIMENTOS S.A.,2021-03-31,2739000.0,T
008192,TREVISA INVESTIMENTOS S.A.,2021-06-30,6978000.0,T
008192,TREVISA INVESTIMENTOS S.A.,2021-09-30,5983000.0,T
008397,MANGELS INDUSTRIAL S.A.,2021-03-31,-15413000.0,T
008397,MANGELS INDUSTRIAL S.A.,2021-06-30,150891000.0,T
008397,MANGELS INDUSTRIAL S.A.,2021-09-30,-6461000.0,T
008427,MANUFATURA DE BRINQUEDOS ESTRELA S.A.,2021-03-31,-9366000.0,T
008427,MANUFATURA DE BRINQUEDOS ESTRELA S.A.,2021-06-30,-6852000.0,T
008427,MANUFATURA DE BRINQUEDOS ESTRELA S.A.,2021-09-30,4992000.0,T
008451,MARCOPOLO S.A.,2021-03-31,-14693000.0,T
008451,MARCOPOLO S.A.,2021-06-30,200858000.0,T
008451,MARCOPOLO S.A.,2021-09-30,107056000.0,T
008575,MAHLE METAL LEVE S.A.,2021-03-31,126583000.0,T
008575,MAHLE METAL LEVE S.A.,2021-06-30,169957000.0,T
008575,MAHLE METAL LEVE S.A.,2021-09-30,139756000.0,T
008656,METALURGICA GERDAU S.A.,2021-03-31,2468091000.0,T
008656,METALURGICA GERDAU S.A.,2021-06-30,3940995000.0,T
008656,METALURGICA GERDAU S.A.,2021-09-30,5579790000.0,T
008672,IGUATEMI S.A.,2021-03-31,38945000.0,T
008672,IGUATEMI S.A.,2021-06-30,318388000.0,T
008672,IGUATEMI S.A.,2021-09-30,-91150000.0,T
008745,METANOR SA METANOL DO NE,2021-03-31,6348000.0,T
008745,METANOR SA METANOL DO NE,2021-06-30,4874000.0,T
008745,METANOR SA METANOL DO NE,2021-09-30,1533000.0,T
008753,METISA METALURGICA TIMBOENSE S.A.,2021-03-31,9701846.0,T
008753,METISA METALURGICA TIMBOENSE S.A.,2021-06-30,15032805.0,T
008753,METISA METALURGICA TIMBOENSE S.A.,2021-09-30,13844813.0,T
008893,MONTEIRO ARANHA S.A.,2021-03-31,94855000.0,T
008893,MONTEIRO ARANHA S.A.,2021-06-30,423040000.0,T
008893,MONTEIRO ARANHA S.A.,2021-09-30,3828000.0,T
009067,SUZANO HOLDING S.A.,2021-03-31,-2756203000.0,T
009067,SUZANO HOLDING S.A.,2021-06-30,10036922000.0,T
009067,SUZANO HOLDING S.A.,2021-09-30,-959193000.0,T
009342,DIMED S.A. DISTRIBUIDORA DE MEDICAMENTOS,2021-03-31,20281000.0,T
009342,DIMED S.A. DISTRIBUIDORA DE MEDICAMENTOS,2021-06-30,20295000.0,T
009342,DIMED S.A. DISTRIBUIDORA DE MEDICAMENTOS,2021-09-30,15653000.0,T
009393,PARANAPANEMA S.A. - EM RECUPERAÇÃO JUDICIAL,2021-03-31,0.0,T
009393,PARANAPANEMA S.A. - EM RECUPERAÇÃO JUDICIAL,2021-06-30,208910000.0,T
009393,PARANAPANEMA S.A. - EM RECUPERAÇÃO JUDICIAL,2021-09-30,-419575000.0,T
009512,PETROLEO BRASILEIRO S.A. PETROBRAS,2021-03-31,1276000000.0,T
009512,PETROLEO BRASILEIRO S.A. PETROBRAS,2021-06-30,43041000000.0,T
009512,PETROLEO BRASILEIRO S.A. PETROBRAS,2021-09-30,31224000000.0,T
009539,PETTENATI S.A. INDUSTRIA TEXTIL,2021-03-31,15576440.0,T
009539,PETTENATI S.A. INDUSTRIA TEXTIL,2021-09-30,11836614.0,T
009539,PETTENATI S.A. INDUSTRIA TEXTIL,2021-12-31,40288711.0,T
009989,REFINARIA DE PETROLEOS MANGUINHOS S.A.,2021-03-31,-12734000.0,T
009989,REFINARIA DE PETROLEOS MANGUINHOS S.A.,2021-06-30,-48641000.0,T
009989,REFINARIA DE PETROLEOS MANGUINHOS S.A.,2021-09-30,-69112000.0,T
010456,ALPARGATAS S.A.,2021-03-31,126182000.0,T
010456,ALPARGATAS S.A.,2021-06-30,105609000.0,T
010456,ALPARGATAS S.A.,2021-09-30,157715000.0,T
010472,SARAIVA LIVREIROS S.A. - EM RECUPERAÇÃO JUDICIAL,2021-03-31,-18623000.0,T
010472,SARAIVA LIVREIROS S.A. - EM RECUPERAÇÃO JUDICIAL,2021-06-30,-13388000.0,T
010472,SARAIVA LIVREIROS S.A. - EM RECUPERAÇÃO JUDICIAL,2021-09-30,23145000.0,T
010880,SONDOTECNICA ENGENHARIA SOLOS S.A.,2021-03-31,1417000.0,T
010880,SONDOTECNICA ENGENHARIA SOLOS S.A.,2021-06-30,-819000.0,T
010880,SONDOTECNICA ENGENHARIA SOLOS S.A.,2021-09-30,4847000.0,T
011070,WLM PART. E COMÉRCIO DE MÁQUINAS E VEÍCULOS S.A.,2021-03-31,24721000.0,T
011070,WLM PART. E COMÉRCIO DE MÁQUINAS E VEÍCULOS S.A.,2021-06-30,32427000.0,T
011070,WLM PART. E COMÉRCIO DE MÁQUINAS E VEÍCULOS S.A.,2021-09-30,19928000.0,T
011207,TECNOSOLO ENGENHARIA S.A. - EMPRESA FALIDA,2021-03-31,55000.0,T
011207,TECNOSOLO ENGENHARIA S.A. - EMPRESA FALIDA,2021-06-30,111000.0,T
011207,TECNOSOLO ENGENHARIA S.A. - EMPRESA FALIDA,2021-09-30,63000.0,T
011223,TEKA-TECELAGEM KUEHNRICH S.A. - EM RECUPERAÇÃO JUDICIAL,2021-03-31,-33364000.0,T
011223,TEKA-TECELAGEM KUEHNRICH S.A. - EM RECUPERAÇÃO JUDICIAL,2021-06-30,-33945000.0,T
011223,TEKA-TECELAGEM KUEHNRICH S.A. - EM RECUPERAÇÃO JUDICIAL,2021-09-30,-32685000.0,T
011231,TEKNO S.A. - INDUSTRIA E COMERCIO,2021-03-31,9039000.0,T
011231,TEKNO S.A. - INDUSTRIA E COMERCIO,2021-06-30,13385000.0,T
011231,TEKNO S.A. - INDUSTRIA E COMERCIO,2021-09-30,29703000.0,T
011312,OI S.A. - EM RECUPERAÇÃO JUDICIAL,2021-03-31,-3041548000.0,T
011312,OI S.A. - EM RECUPERAÇÃO JUDICIAL,2021-06-30,1139205000.0,T
011312,OI S.A. - EM RECUPERAÇÃO JUDICIAL,2021-09-30,-4811484000.0,T
011592,UNIPAR CARBOCLORO S.A.,2021-03-31,280811000.0,T
011592,UNIPAR CARBOCLORO S.A.,2021-06-30,246971000.0,T
011592,UNIPAR CARBOCLORO S.A.,2021-09-30,788055000.0,T
011762,VULCABRAS S.A.,2021-03-31,14602000.0,T
011762,VULCABRAS S.A.,2021-06-30,91505000.0,T
011762,VULCABRAS S.A.,2021-09-30,126512000.0,T
011932,IOCHPE MAXION S.A.,2021-03-31,78002000.0,T
011932,IOCHPE MAXION S.A.,2021-06-30,235022000.0,T
011932,IOCHPE MAXION S.A.,2021-09-30,204043000.0,T
011975,AZEVEDO E TRAVASSOS S.A.,2021-03-31,175085000.0,T
011975,AZEVEDO E TRAVASSOS S.A.,2021-06-30,-10217000.0,T
011975,AZEVEDO E TRAVASSOS S.A.,2021-09-30,-37117000.0,T
011991,WETZEL S.A.,2021-03-31,-1694000.0,T
011991,WETZEL S.A.,2021-06-30,129502000.0,T
011991,WETZEL S.A.,2021-09-30,2122000.0,T
012190,BOMBRIL S.A. - EM RECUPERAÇÃO JUDICIAL,2021-03-31,-26296000.0,T
012190,BOMBRIL S.A. - EM RECUPERAÇÃO JUDICIAL,2021-06-30,156536000.0,T
012190,BOMBRIL S.A. - EM RECUPERAÇÃO JUDICIAL,2021-09-30,91000.0,T
012319,BLUE TECH SOLUTIONS EQI S.A.,2021-03-31,-1426000.0,T
012319,BLUE TECH SOLUTIONS EQI S.A.,2021-06-30,-1074000.0,T
012319,BLUE TECH SOLUTIONS EQI S.A.,2021-09-30,-1477000.0,T
012572,RECRUSUL S.A.,2021-03-31,105000.0,T
012572,RECRUSUL S.A.,2021-06-30,197000.0,T
012572,RECRUSUL S.A.,2021-09-30,-865000.0,T
012653,KLABIN S.A.,2021-03-31,420708000.0,T
012653,KLABIN S.A.,2021-06-30,718756000.0,T
012653,KLABIN S.A.,2021-09-30,1215304000.0,T
012696,SANSUY S.A. INDUSTRIA DE PLASTICOS,2021-03-31,-28878000.0,T
012696,SANSUY S.A. INDUSTRIA DE PLASTICOS,2021-06-30,-21324000.0,T
012696,SANSUY S.A. INDUSTRIA DE PLASTICOS,2021-09-30,-23149000.0,T
012823,ALIPERTI S.A.,2021-03-31,-7312000.0,T
012823,ALIPERTI S.A.,2021-06-30,5395000.0,T
012823,ALIPERTI S.A.,2021-09-30,-5473000.0,T
013030,CONSTRUTORA SULTEPA S.A. - EM RECUPERAÇÃO JUDICIAL,2021-03-31,18361000.0,T
013030,CONSTRUTORA SULTEPA S.A. - EM RECUPERAÇÃO JUDICIAL,2021-06-30,17979000.0,T
013030,CONSTRUTORA SULTEPA S.A. - EM RECUPERAÇÃO JUDICIAL,2021-09-30,37722000.0,T
013285,JOSAPAR-JOAQUIM OLIVEIRA S.A. - PARTICIP,2021-03-31,6528000.0,T
013285,JOSAPAR-JOAQUIM OLIVEIRA S.A. - PARTICIP,2021-06-30,9299000.0,T
013285,JOSAPAR-JOAQUIM OLIVEIRA S.A. - PARTICIP,2021-09-30,15077000.0,T
013366,HAGA S.A. INDUSTRIA E COMERCIO,2021-03-31,1454190.0,T
013366,HAGA S.A. INDUSTRIA E COMERCIO,2021-06-30,896797.0,T
013366,HAGA S.A. INDUSTRIA E COMERCIO,2021-09-30,1246233.0,T
013439,METALURGICA RIOSULENSE S.A.,2021-03-31,47287000.0,T
013439,METALURGICA RIOSULENSE S.A.,2021-06-30,10724000.0,T
013439,METALURGICA RIOSULENSE S.A.,2021-09-30,17491000.0,T
013471,PLASCAR PARTICIPACOES INDUSTRIAIS S.A.,2021-03-31,-14208000.0,T
013471,PLASCAR PARTICIPACOES INDUSTRIAIS S.A.,2021-06-30,-22305000.0,T
013471,PLASCAR PARTICIPACOES INDUSTRIAIS S.A.,2021-09-30,-60671000.0,T
013765,MINUPAR PARTICIPACOES S.A.,2021-03-31,7580000.0,T
013765,MINUPAR PARTICIPACOES S.A.,2021-06-30,-3652000.0,T
013765,MINUPAR PARTICIPACOES S.A.,2021-09-30,12332000.0,T
013773,PBG S/A,2021-03-31,40414000.0,T
013773,PBG S/A,2021-06-30,40186000.0,T
013773,PBG S/A,2021-09-30,80688000.0,T
013781,SAO CARLOS EMPREEND E PARTICIPACOES S.A.,2021-03-31,19747000.0,T
013781,SAO CARLOS EMPREEND E PARTICIPACOES S.A.,2021-06-30,7769000.0,T
013781,SAO CARLOS EMPREEND E PARTICIPACOES S.A.,2021-09-30,4058000.0,T
013986,SUZANO S.A.,2021-03-31,-2755259000.0,T
013986,SUZANO S.A.,2021-06-30,10036699000.0,T
013986,SUZANO S.A.,2021-09-30,-959375000.0,T
014109,RANDONCORP S.A.,2021-03-31,180331000.0,T
014109,RANDONCORP S.A.,2021-06-30,160068000.0,T
014109,RANDONCORP S.A.,2021-09-30,362804000.0,T
014311,CIA PARANAENSE DE ENERGIA - COPEL,2021-03-31,795174000.0,T
014311,CIA PARANAENSE DE ENERGIA - COPEL,2021-06-30,1004658000.0,T
014311,CIA PARANAENSE DE ENERGIA - COPEL,2021-09-30,2852599000.0,T
014320,USINAS SID DE MINAS GERAIS S.A.-USIMINAS,2021-03-31,1204897000.0,T
014320,USINAS SID DE MINAS GERAIS S.A.-USIMINAS,2021-06-30,4543209000.0,T
014320,USINAS SID DE MINAS GERAIS S.A.-USIMINAS,2021-09-30,1823743000.0,T
014346,WHIRLPOOL S.A.,2021-03-31,198075000.0,T
014346,WHIRLPOOL S.A.,2021-06-30,223922000.0,T
014346,WHIRLPOOL S.A.,2021-09-30,398424000.0,T
014451,COMPANHIA ENERGÉTICA DE BRASÍLIA - CEB,2021-03-31,1151368000.0,T
014451,COMPANHIA ENERGÉTICA DE BRASÍLIA - CEB,2021-06-30,27544000.0,T
014451,COMPANHIA ENERGÉTICA DE BRASÍLIA - CEB,2021-09-30,39743000.0,T
014460,CYRELA BRAZIL REALTY S.A.EMPREEND E PART,2021-03-31,208193000.0,T
014460,CYRELA BRAZIL REALTY S.A.EMPREEND E PART,2021-06-30,290352000.0,T
014460,CYRELA BRAZIL REALTY S.A.EMPREEND E PART,2021-09-30,266245000.0,T
014664,SCHULZ S.A.,2021-03-31,27405000.0,T
014664,SCHULZ S.A.,2021-06-30,36195000.0,T
014664,SCHULZ S.A.,2021-09-30,53999000.0,T
014761,CIA HERING,2021-03-31,19758000.0,T
014761,CIA HERING,2021-06-30,7074000.0,T
014761,CIA HERING,2021-09-30,58650000.0,T
014826,CIA BRASILEIRA DE DISTRIBUICAO,2021-03-31,127000000.0,T
014826,CIA BRASILEIRA DE DISTRIBUICAO,2021-06-30,29000000.0,T
014826,CIA BRASILEIRA DE DISTRIBUICAO,2021-09-30,-37000000.0,T
015253,ENERGISA S.A.,2021-03-31,873337000.0,T
015253,ENERGISA S.A.,2021-06-30,749002000.0,T
015253,ENERGISA S.A.,2021-09-30,863877000.0,T
015423,FICTOR ALIMENTOS S.A.,2021-03-31,4313000.0,T
015423,FICTOR ALIMENTOS S.A.,2021-06-30,2262000.0,T
015423,FICTOR ALIMENTOS S.A.,2021-09-30,102000.0,T
015458,EMBPAR PARTICIPAÇÕES S/A,2021-03-31,0.0,T
015458,EMBPAR PARTICIPAÇÕES S/A,2021-06-30,16419000.0,T
015458,EMBPAR PARTICIPAÇÕES S/A,2021-09-30,17631000.0,T
015539,NEOENERGIA S.A.,2021-03-31,1039000000.0,T
015539,NEOENERGIA S.A.,2021-06-30,1045000000.0,T
015539,NEOENERGIA S.A.,2021-09-30,1321000000.0,T
016101,GAFISA S.A.,2021-03-31,12947000.0,T
016101,GAFISA S.A.,2021-06-30,13787000.0,T
016101,GAFISA S.A.,2021-09-30,5700000.0,T
016292,BRF S.A.,2021-03-31,22461000.0,T
016292,BRF S.A.,2021-06-30,-239845000.0,T
016292,BRF S.A.,2021-09-30,-277499000.0,T
016306,ROSSI RESIDENCIAL S.A. - EM RECUPERAÇÃO JUDICIAL,2021-03-31,-28624000.0,T
016306,ROSSI RESIDENCIAL S.A. - EM RECUPERAÇÃO JUDICIAL,2021-06-30,106476000.0,T
016306,ROSSI RESIDENCIAL S.A. - EM RECUPERAÇÃO JUDICIAL,2021-09-30,-104356000.0,T
016438,SUL 116 PARTICIPACOES S.A.,2021-03-31,-73000.0,T
016438,SUL 116 PARTICIPACOES S.A.,2021-06-30,-405000.0,T
016438,SUL 116 PARTICIPACOES S.A.,2021-09-30,16000.0,T
016497,EMPRESA NAC COM REDITO PART S.A.ENCORPAR,2021-03-31,2916000.0,T
016497,EMPRESA NAC COM REDITO PART S.A.ENCORPAR,2021-06-30,-17430000.0,T
016497,EMPRESA NAC COM REDITO PART S.A.ENCORPAR,2021-09-30,-8722000.0,T
016632,DEXXOS PARTICIPAÇÕES S.A.,2021-03-31,47487000.0,T
016632,DEXXOS PARTICIPAÇÕES S.A.,2021-06-30,80196000.0,T
016632,DEXXOS PARTICIPAÇÕES S.A.,2021-09-30,80286000.0,T
016659,PORTO SEGURO S.A.,2021-03-31,294671000.0,T
016659,PORTO SEGURO S.A.,2021-06-30,656664000.0,T
016659,PORTO SEGURO S.A.,2021-09-30,60098000.0,T
016993,EMAE - EMPRESA METROP.AGUAS ENERGIA S.A.,2021-03-31,47006000.0,T
016993,EMAE - EMPRESA METROP.AGUAS ENERGIA S.A.,2021-06-30,40144000.0,T
016993,EMAE - EMPRESA METROP.AGUAS ENERGIA S.A.,2021-09-30,32118000.0,T
017329,ENGIE BRASIL ENERGIA S.A.,2021-03-31,529110000.0,T
017329,ENGIE BRASIL ENERGIA S.A.,2021-06-30,319044000.0,T
017329,ENGIE BRASIL ENERGIA S.A.,2021-09-30,639036000.0,T
017450,RUMO S.A.,2021-03-31,174556000.0,T
017450,RUMO S.A.,2021-06-30,314391000.0,T
017450,RUMO S.A.,2021-09-30,50678000.0,T
017671,TELEFÔNICA BRASIL S.A,2021-03-31,942135000.0,T
017671,TELEFÔNICA BRASIL S.A,2021-06-30,1344945000.0,T
017671,TELEFÔNICA BRASIL S.A,2021-09-30,1314699000.0,T
017892,SANTOS BRASIL PARTICIPACOES S.A.,2021-03-31,30926000.0,T
017892,SANTOS BRASIL PARTICIPACOES S.A.,2021-06-30,60398000.0,T
017892,SANTOS BRASIL PARTICIPACOES S.A.,2021-09-30,66625000.0,T
017914,MASSA FALIDA DA MMX MINERACAO E METALICOS S.A.,2021-03-31,-29760000.0,T
017973,COGNA EDUCAÇÃO S.A.,2021-03-31,-91172000.0,T
017973,COGNA EDUCAÇÃO S.A.,2021-06-30,-106609000.0,T
017973,COGNA EDUCAÇÃO S.A.,2021-09-30,-385537000.0,T
018287,VIRGO II COMPANHIA DE SECURITIZACAO,2021-03-31,-329000.0,T
018287,VIRGO II COMPANHIA DE SECURITIZACAO,2021-06-30,266000.0,T
018287,VIRGO II COMPANHIA DE SECURITIZACAO,2021-09-30,-344000.0,T
018368,RIO PARANAPANEMA ENERGIA S.A.,2021-03-31,4772000.0,T
018368,RIO PARANAPANEMA ENERGIA S.A.,2021-06-30,4401000.0,T
018368,RIO PARANAPANEMA ENERGIA S.A.,2021-09-30,-13607000.0,T
018376,ISA ENERGIA BRASIL,2021-03-31,584479000.0,T
018376,ISA ENERGIA BRASIL,2021-06-30,853411000.0,T
018376,ISA ENERGIA BRASIL,2021-09-30,728426000.0,T
018414,PADTEC HOLDING S.A.,2021-03-31,11721000.0,T
018414,PADTEC HOLDING S.A.,2021-06-30,10903000.0,T
018414,PADTEC HOLDING S.A.,2021-09-30,4660000.0,T
018465,ULTRAPAR PARTICIPACOES S.A.,2021-03-31,137430000.0,T
018465,ULTRAPAR PARTICIPACOES S.A.,2021-06-30,-18243000.0,T
018465,ULTRAPAR PARTICIPACOES S.A.,2021-09-30,374257000.0,T
018660,CPFL ENERGIA S.A.,2021-03-31,961237000.0,T
018660,CPFL ENERGIA S.A.,2021-06-30,1126053000.0,T
018660,CPFL ENERGIA S.A.,2021-09-30,1435797000.0,T
018708,CIA PARTICIPACOES ALIANCA DA BAHIA,2021-03-31,5911000.0,T
018708,CIA PARTICIPACOES ALIANCA DA BAHIA,2021-06-30,26127000.0,T
018708,CIA PARTICIPACOES ALIANCA DA BAHIA,2021-09-30,240633000.0,T
018724,BRADESPAR S.A.,2021-03-31,1700938000.0,T
018724,BRADESPAR S.A.,2021-06-30,2241571000.0,T
018724,BRADESPAR S.A.,2021-09-30,1175863000.0,T
018775,INVESTIMENTOS E PARTICIP. EM INFRA S.A. - INVEPAR,2021-03-31,-701821000.0,T
018775,INVESTIMENTOS E PARTICIP. EM INFRA S.A. - INVEPAR,2021-06-30,-657250000.0,T
018775,INVESTIMENTOS E PARTICIP. EM INFRA S.A. - INVEPAR,2021-09-30,-878780000.0,T
018821,MOTIVA INFRAESTRUTURA DE MOBILIDADE S.A.,2021-03-31,844358000.0,T
018821,MOTIVA INFRAESTRUTURA DE MOBILIDADE S.A.,2021-06-30,-45635000.0,T
018821,MOTIVA INFRAESTRUTURA DE MOBILIDADE S.A.,2021-09-30,164590000.0,T
018953,CPFL GERACAO DE ENERGIA S.A.,2021-03-31,343221000.0,T
018953,CPFL GERACAO DE ENERGIA S.A.,2021-06-30,390941000.0,T
018953,CPFL GERACAO DE ENERGIA S.A.,2021-09-30,694731000.0,T
018970,AES TIETE ENERGIA SA,2021-03-31,92978000.0,T
018970,AES TIETE ENERGIA SA,2021-06-30,27528000.0,T
018970,AES TIETE ENERGIA SA,2021-09-30,430822000.0,T
019100,CONTAX PARTICIPAÇÕES S.A. - EM RECUPERAÇÃO JUDICIAL,2021-03-31,-39634000.0,T
019100,CONTAX PARTICIPAÇÕES S.A. - EM RECUPERAÇÃO JUDICIAL,2021-06-30,-33419000.0,T
019100,CONTAX PARTICIPAÇÕES S.A. - EM RECUPERAÇÃO JUDICIAL,2021-09-30,-19096000.0,T
019232,PRODUTORES ENERGET.DE MANSO S.A.- PROMAN,2021-06-30,70000.0,T
019232,PRODUTORES ENERGET.DE MANSO S.A.- PROMAN,2021-09-30,89000.0,T
019305,BIOMM S.A.,2021-03-31,-19529000.0,T
019305,BIOMM S.A.,2021-06-30,-13532000.0,T
019305,BIOMM S.A.,2021-09-30,-16626000.0,T
019330,TPI - TRIUNFO PARTICIP. E INVEST. S.A.,2021-03-31,-57511000.0,T
019330,TPI - TRIUNFO PARTICIP. E INVEST. S.A.,2021-06-30,-9037000.0,T
019330,TPI - TRIUNFO PARTICIP. E INVEST. S.A.,2021-09-30,96062000.0,T
019348,ITAU UNIBANCO HOLDING S.A.,2021-03-31,6220000000.0,T
019348,ITAU UNIBANCO HOLDING S.A.,2021-06-30,8739000000.0,T
019348,ITAU UNIBANCO HOLDING S.A.,2021-09-30,6395000000.0,T
019445,CIA SANEAMENTO DE MINAS GERAIS-COPASA MG,2021-03-31,219787000.0,T
019445,CIA SANEAMENTO DE MINAS GERAIS-COPASA MG,2021-06-30,237129000.0,T
019445,CIA SANEAMENTO DE MINAS GERAIS-COPASA MG,2021-09-30,16369000.0,T
019453,ECORODOVIAS INFRAESTRUTURA E LOGÍSTICA S.A.,2021-03-31,87985000.0,T
019453,ECORODOVIAS INFRAESTRUTURA E LOGÍSTICA S.A.,2021-06-30,127361000.0,T
019453,ECORODOVIAS INFRAESTRUTURA E LOGÍSTICA S.A.,2021-09-30,141656000.0,T
019550,NATURA COSMÉTICOS S.A.,2021-03-31,229228000.0,T
019550,NATURA COSMÉTICOS S.A.,2021-06-30,-176442000.0,T
019550,NATURA COSMÉTICOS S.A.,2021-09-30,258862000.0,T
019569,GOL LINHAS AEREAS INTELIGENTES S.A.,2021-03-31,-2505791000.0,T
019569,GOL LINHAS AEREAS INTELIGENTES S.A.,2021-06-30,658035000.0,T
019569,GOL LINHAS AEREAS INTELIGENTES S.A.,2021-09-30,-2526725000.0,T
019615,GRENDENE S.A.,2021-03-31,129158000.0,T
019615,GRENDENE S.A.,2021-06-30,33182000.0,T
019615,GRENDENE S.A.,2021-09-30,208056000.0,T
019623,DIAGNOSTICOS DA AMERICA S.A.,2021-03-31,-10908000.0,T
019623,DIAGNOSTICOS DA AMERICA S.A.,2021-06-30,-115036000.0,T
019623,DIAGNOSTICOS DA AMERICA S.A.,2021-09-30,75770000.0,T
019658,POMIFRUTAS S/A EM RECUPERACAO JUDICIAL,2021-03-31,-475000.0,T
019658,POMIFRUTAS S/A EM RECUPERACAO JUDICIAL,2021-06-30,881000.0,T
019658,POMIFRUTAS S/A EM RECUPERACAO JUDICIAL,2021-09-30,-7805000.0,T
019739,LOCALIZA RENT A CAR S.A.,2021-03-31,482256000.0,T
019739,LOCALIZA RENT A CAR S.A.,2021-06-30,447902000.0,T
019739,LOCALIZA RENT A CAR S.A.,2021-09-30,671398000.0,T
019763,EDP - ENERGIAS DO BRASIL S.A.,2021-03-31,525302000.0,T
019763,EDP - ENERGIAS DO BRASIL S.A.,2021-06-30,380750000.0,T
019763,EDP - ENERGIAS DO BRASIL S.A.,2021-09-30,590394000.0,T
019771,ARTERIS S.A.,2021-03-31,-34873000.0,T
019771,ARTERIS S.A.,2021-06-30,-1096000.0,T
019771,ARTERIS S.A.,2021-09-30,-26151000.0,T
019836,COSAN S.A.,2021-03-31,708263000.0,T
019836,COSAN S.A.,2021-06-30,1195118000.0,T
019836,COSAN S.A.,2021-09-30,3358020000.0,T
019879,LIGHT S.A. - EM RECUPERAÇÃO JUDICIAL,2021-03-31,-41780000.0,T
019879,LIGHT S.A. - EM RECUPERAÇÃO JUDICIAL,2021-06-30,3216000.0,T
019879,LIGHT S.A. - EM RECUPERAÇÃO JUDICIAL,2021-09-30,363991000.0,T
019909,BR MALLS PARTICIPACOES S.A.,2021-03-31,63667000.0,T
019909,BR MALLS PARTICIPACOES S.A.,2021-06-30,-127500000.0,T
019909,BR MALLS PARTICIPACOES S.A.,2021-09-30,58864000.0,T
019925,BR PROPERTIES S.A.,2021-03-31,13426000.0,T
019925,BR PROPERTIES S.A.,2021-06-30,27766000.0,T
019925,BR PROPERTIES S.A.,2021-09-30,38258000.0,T
019992,TOTVS S.A.,2021-03-31,80645000.0,T
019992,TOTVS S.A.,2021-06-30,78643000.0,T
019992,TOTVS S.A.,2021-09-30,88920000.0,T
020010,EQUATORIAL S.A.,2021-03-31,452656000.0,T
020010,EQUATORIAL S.A.,2021-06-30,632009000.0,T
020010,EQUATORIAL S.A.,2021-09-30,1591380000.0,T
020028,VALID SOLUÇÕES S.A.,2021-03-31,-2776000.0,T
020028,VALID SOLUÇÕES S.A.,2021-06-30,-18272000.0,T
020028,VALID SOLUÇÕES S.A.,2021-09-30,52820000.0,T
020036,BRASILAGRO - CIA BRAS DE PROP AGRICOLAS,2021-03-31,137571000.0,T
020036,BRASILAGRO - CIA BRAS DE PROP AGRICOLAS,2021-09-30,107871000.0,T
020036,BRASILAGRO - CIA BRAS DE PROP AGRICOLAS,2021-12-31,299337000.0,T
020060,LUPATECH S.A,2021-03-31,-42764000.0,T
020060,LUPATECH S.A,2021-06-30,1989000.0,T
020060,LUPATECH S.A,2021-09-30,121000.0,T
020087,EMBRAER S.A.,2021-03-31,-491042000.0,T
020087,EMBRAER S.A.,2021-06-30,444868000.0,T
020087,EMBRAER S.A.,2021-09-30,-238052000.0,T
020125,ODONTOPREV S.A.,2021-03-31,109126000.0,T
020125,ODONTOPREV S.A.,2021-06-30,87556.0,T
020125,ODONTOPREV S.A.,2021-09-30,97925000.0,T
020184,CCX CARVÃO DA COLÔMBIA S.A. - EM LIQUIDAÇÃO,2021-03-31,3359000.0,T
020184,CCX CARVÃO DA COLÔMBIA S.A. - EM LIQUIDAÇÃO,2021-06-30,-7080000.0,T
020184,CCX CARVÃO DA COLÔMBIA S.A. - EM LIQUIDAÇÃO,2021-09-30,2758000.0,T
020257,TRANSMISSORA ALIANÇA DE ENERGIA ELÉTRICA S.A.,2021-03-31,555852000.0,T
020257,TRANSMISSORA ALIANÇA DE ENERGIA ELÉTRICA S.A.,2021-06-30,697895000.0,T
020257,TRANSMISSORA ALIANÇA DE ENERGIA ELÉTRICA S.A.,2021-09-30,536889000.0,T
020320,CEMIG GERACAO E TRANSMISSAO S.A.,2021-03-31,-311373000.0,T
020320,CEMIG GERACAO E TRANSMISSAO S.A.,2021-06-30,1444329000.0,T
020320,CEMIG GERACAO E TRANSMISSAO S.A.,2021-09-30,-210659000.0,T
020338,M.DIAS BRANCO S.A. IND COM DE ALIMENTOS,2021-03-31,15017000.0,T
020338,M.DIAS BRANCO S.A. IND COM DE ALIMENTOS,2021-06-30,142260000.0,T
020338,M.DIAS BRANCO S.A. IND COM DE ALIMENTOS,2021-09-30,196667000.0,T
020346,PROFARMA DISTRIB PROD FARMACEUTICOS S.A.,2021-03-31,4958000.0,T
020346,PROFARMA DISTRIB PROD FARMACEUTICOS S.A.,2021-06-30,32378000.0,T
020346,PROFARMA DISTRIB PROD FARMACEUTICOS S.A.,2021-09-30,23832000.0,T
020354,TERRA SANTA AGRO S.A.,2021-03-31,-38282000.0,T
020354,TERRA SANTA AGRO S.A.,2021-06-30,-7731000.0,T
020362,POSITIVO TECNOLOGIA S.A.,2021-03-31,55757000.0,T
020362,POSITIVO TECNOLOGIA S.A.,2021-06-30,51543000.0,T
020362,POSITIVO TECNOLOGIA S.A.,2021-09-30,53742000.0,T
020370,LPS BRASIL - CONSULTORIA DE IMOVEIS S.A.,2021-03-31,6096000.0,T
020370,LPS BRASIL - CONSULTORIA DE IMOVEIS S.A.,2021-06-30,3700000.0,T
020370,LPS BRASIL - CONSULTORIA DE IMOVEIS S.A.,2021-09-30,46172000.0,T
020435,TECNISA S.A.,2021-03-31,-26611000.0,T
020435,TECNISA S.A.,2021-06-30,-54069000.0,T
020435,TECNISA S.A.,2021-09-30,-45502000.0,T
020451,RNI NEGÓCIOS IMOBILIÁRIOS S.A.,2021-03-31,5395000.0,T
020451,RNI NEGÓCIOS IMOBILIÁRIOS S.A.,2021-06-30,2999000.0,T
020451,RNI NEGÓCIOS IMOBILIÁRIOS S.A.,2021-09-30,3047000.0,T
020478,PDG REALTY S.A. EMPREEND E PARTICIPACOES,2021-03-31,-220923000.0,T
020478,PDG REALTY S.A. EMPREEND E PARTICIPACOES,2021-06-30,-283959000.0,T
020478,PDG REALTY S.A. EMPREEND E PARTICIPACOES,2021-09-30,36878000.0,T
020494,IGUATEMI EMPRESA DE SHOPPING CENTERS S.A,2021-03-31,39840000.0,T
020494,IGUATEMI EMPRESA DE SHOPPING CENTERS S.A,2021-06-30,279007000.0,T
020494,IGUATEMI EMPRESA DE SHOPPING CENTERS S.A,2021-09-30,-57956000.0,T
020516,SAO MARTINHO S.A.,2021-06-30,190091000.0,T
020516,SAO MARTINHO S.A.,2021-09-30,368412000.0,T
020516,SAO MARTINHO S.A.,2021-12-31,696938000.0,T
020524,EVEN CONSTRUTORA E INCORPORADORA S.A.,2021-03-31,97459000.0,T
020524,EVEN CONSTRUTORA E INCORPORADORA S.A.,2021-06-30,60022000.0,T
020524,EVEN CONSTRUTORA E INCORPORADORA S.A.,2021-09-30,63688000.0,T
020532,BCO SANTANDER (BRASIL) S.A.,2021-03-31,4062967000.0,T
020532,BCO SANTANDER (BRASIL) S.A.,2021-06-30,4009447000.0,T
020532,BCO SANTANDER (BRASIL) S.A.,2021-09-30,3859206000.0,T
020540,CPFL ENERGIAS RENOVÁVEIS S.A.,2021-03-31,211906000.0,T
020540,CPFL ENERGIAS RENOVÁVEIS S.A.,2021-06-30,259294000.0,T
020540,CPFL ENERGIAS RENOVÁVEIS S.A.,2021-09-30,551602000.0,T
020575,JBS S.A.,2021-03-31,2155579000.0,T
020575,JBS S.A.,2021-06-30,4208155000.0,T
020575,JBS S.A.,2021-09-30,7649910000.0,T
020605,JHSF PARTICIPACOES S.A.,2021-03-31,191521000.0,T
020605,JHSF PARTICIPACOES S.A.,2021-06-30,321383000.0,T
020605,JHSF PARTICIPACOES S.A.,2021-09-30,186088000.0,T
020613,METALFRIO SOLUTIONS S.A.,2021-03-31,3978000.0,T
020613,METALFRIO SOLUTIONS S.A.,2021-06-30,20663000.0,T
020613,METALFRIO SOLUTIONS S.A.,2021-09-30,-37582000.0,T
020630,FICA EMPREENDIMENTOS IMOBILIÁRIOS S.A.,2021-03-31,-1821000.0,T
020630,FICA EMPREENDIMENTOS IMOBILIÁRIOS S.A.,2021-06-30,-1020000.0,T
020630,FICA EMPREENDIMENTOS IMOBILIÁRIOS S.A.,2021-09-30,-1889000.0,T
020702,VIVER INCORPORADORA E CONSTRUTORA S.A.,2021-03-31,213000.0,T
020702,VIVER INCORPORADORA E CONSTRUTORA S.A.,2021-06-30,2403000.0,T
020702,VIVER INCORPORADORA E CONSTRUTORA S.A.,2021-09-30,-17754000.0,T
020710,LOG-IN LOGISTICA INTERMODAL S.A.,2021-03-31,-21269000.0,T
020710,LOG-IN LOGISTICA INTERMODAL S.A.,2021-06-30,37542000.0,T
020710,LOG-IN LOGISTICA INTERMODAL S.A.,2021-09-30,60265000.0,T
020729,PARANA BCO S.A.,2021-06-30,44542000.0,T
020745,SLC AGRICOLA S.A.,2021-03-31,376804000.0,T
020745,SLC AGRICOLA S.A.,2021-06-30,447240000.0,T
020745,SLC AGRICOLA S.A.,2021-09-30,113755000.0,T
020770,EZ TEC EMPREEND. E PARTICIPACOES S.A.,2021-03-31,76205000.0,T
020770,EZ TEC EMPREEND. E PARTICIPACOES S.A.,2021-06-30,145808000.0,T
020770,EZ TEC EMPREEND. E PARTICIPACOES S.A.,2021-09-30,152223000.0,T
020788,MARFRIG GLOBAL FOODS S.A.,2021-03-31,506335000.0,T
020788,MARFRIG GLOBAL FOODS S.A.,2021-06-30,2376401000.0,T
020788,MARFRIG GLOBAL FOODS S.A.,2021-09-30,2442123000.0,T
020800,TEGMA GESTAO LOGISTICA S.A.,2021-03-31,20158000.0,T
020800,TEGMA GESTAO LOGISTICA S.A.,2021-06-30,24156000.0,T
020800,TEGMA GESTAO LOGISTICA S.A.,2021-09-30,34193000.0,T
020818,VIRGO COMPANHIA DE SECURITIZAÇÃO,2021-03-31,-1617000.0,T
020818,VIRGO COMPANHIA DE SECURITIZAÇÃO,2021-06-30,493000.0,T
020818,VIRGO COMPANHIA DE SECURITIZAÇÃO,2021-09-30,1062000.0,T
020877,HELBOR EMPREENDIMENTOS S.A.,2021-03-31,39327000.0,T
020877,HELBOR EMPREENDIMENTOS S.A.,2021-06-30,44471000.0,T
020877,HELBOR EMPREENDIMENTOS S.A.,2021-09-30,46148000.0,T
020915,MRV ENGENHARIA E PARTICIPACOES S.A.,2021-03-31,146550000.0,T
020915,MRV ENGENHARIA E PARTICIPACOES S.A.,2021-06-30,225452000.0,T
020915,MRV ENGENHARIA E PARTICIPACOES S.A.,2021-09-30,194465000.0,T
020931,MINERVA S.A.,2021-03-31,259546000.0,T
020931,MINERVA S.A.,2021-06-30,116670000.0,T
020931,MINERVA S.A.,2021-09-30,72374000.0,T
020966,SPRINGS GLOBAL PARTICIPACOES S.A.,2021-03-31,-28007000.0,T
020966,SPRINGS GLOBAL PARTICIPACOES S.A.,2021-06-30,-37768000.0,T
020966,SPRINGS GLOBAL PARTICIPACOES S.A.,2021-09-30,-34282000.0,T
020982,MULTIPLAN - EMPREEND IMOBILIARIOS S.A.,2021-03-31,46321000.0,T
020982,MULTIPLAN - EMPREEND IMOBILIARIOS S.A.,2021-06-30,93793000.0,T
020982,MULTIPLAN - EMPREEND IMOBILIARIOS S.A.,2021-09-30,98935000.0,T
020990,AMERICANAS S.A. - EM RECUPERAÇÃO JUDICIAL,2021-03-31,-163611000.0,T
020990,AMERICANAS S.A. - EM RECUPERAÇÃO JUDICIAL,2021-06-30,-22821000.0,T
020990,AMERICANAS S.A. - EM RECUPERAÇÃO JUDICIAL,2021-09-30,240551000.0,T
021008,GENERAL SHOPPING E OUTLETS DO BRASIL BRASIL S.A.,2021-03-31,-159202000.0,T
021008,GENERAL SHOPPING E OUTLETS DO BRASIL BRASIL S.A.,2021-06-30,130264000.0,T
021008,GENERAL SHOPPING E OUTLETS DO BRASIL BRASIL S.A.,2021-09-30,-151657000.0,T
021016,YDUQS PARTICIPACOES S.A.,2021-03-31,43225000.0,T
021016,YDUQS PARTICIPACOES S.A.,2021-06-30,116465000.0,T
021016,YDUQS PARTICIPACOES S.A.,2021-09-30,72831000.0,T
021032,ALGAR TELECOM S/A,2021-03-31,58309000.0,T
021032,ALGAR TELECOM S/A,2021-06-30,48260000.0,T
021032,ALGAR TELECOM S/A,2021-09-30,94678000.0,T
021040,SYN PROP & TECH S.A.,2021-03-31,29072000.0,T
021040,SYN PROP & TECH S.A.,2021-06-30,26161000.0,T
021040,SYN PROP & TECH S.A.,2021-09-30,32014000.0,T
021067,MOURA DUBEUX ENGENHARIA S/A,2021-03-31,17819000.0,T
021067,MOURA DUBEUX ENGENHARIA S/A,2021-06-30,26276000.0,T
021067,MOURA DUBEUX ENGENHARIA S/A,2021-09-30,26532000.0,T
021091,DEXCO S.A.,2021-03-31,172699000.0,T
021091,DEXCO S.A.,2021-06-30,716600000.0,T
021091,DEXCO S.A.,2021-09-30,255336000.0,T
021121,SUL AMERICA S.A.,2021-03-31,0.0,T
021121,SUL AMERICA S.A.,2021-06-30,29585000.0,T
021121,SUL AMERICA S.A.,2021-09-30,280267000.0,T
021130,TRISUL S.A.,2021-03-31,39203000.0,T
021130,TRISUL S.A.,2021-06-30,39185000.0,T
021130,TRISUL S.A.,2021-09-30,36227000.0,T
021148,CONSTRUTORA TENDA S.A.,2021-03-31,36213000.0,T
021148,CONSTRUTORA TENDA S.A.,2021-06-30,33045000.0,T
021148,CONSTRUTORA TENDA S.A.,2021-09-30,5308000.0,T
021156,J. MACEDO S.A.,2021-03-31,12984000.0,T
021156,J. MACEDO S.A.,2021-06-30,40311000.0,T
021156,J. MACEDO S.A.,2021-09-30,46139000.0,T
021180,NEXPE PARTICIPAÇÕES S.A,2021-03-31,-23998000.0,T
021180,NEXPE PARTICIPAÇÕES S.A,2021-06-30,-5802000.0,T
021180,NEXPE PARTICIPAÇÕES S.A,2021-09-30,-9129000.0,T
021202,VIX LOGÍSTICA S.A.,2021-03-31,30997000.0,T
021202,VIX LOGÍSTICA S.A.,2021-06-30,36109000.0,T
021202,VIX LOGÍSTICA S.A.,2021-09-30,34269000.0,T
021237,ENEVA S.A,2021-03-31,202911000.0,T
021237,ENEVA S.A,2021-06-30,118365000.0,T
021237,ENEVA S.A,2021-09-30,362603000.0,T
021334,NUTRIPLANT INDUSTRIA E COMERCIO S.A.,2021-03-31,427000.0,T
021334,NUTRIPLANT INDUSTRIA E COMERCIO S.A.,2021-06-30,1987000.0,T
021334,NUTRIPLANT INDUSTRIA E COMERCIO S.A.,2021-09-30,1750000.0,T
021342,OSX BRASIL S.A. - EM RECUPERAÇÃO JUDICIAL,2021-03-31,-100790000.0,T
021342,OSX BRASIL S.A. - EM RECUPERAÇÃO JUDICIAL,2021-06-30,-106628000.0,T
021342,OSX BRASIL S.A. - EM RECUPERAÇÃO JUDICIAL,2021-09-30,455807000.0,T
021350,DIRECIONAL ENGENHARIA S.A.,2021-03-31,36110000.0,T
021350,DIRECIONAL ENGENHARIA S.A.,2021-06-30,52980000.0,T
021350,DIRECIONAL ENGENHARIA S.A.,2021-09-30,58905000.0,T
021393,CIA CELG DE PARTICIPACOES - CELGPAR,2021-03-31,43378000.0,T
021393,CIA CELG DE PARTICIPACOES - CELGPAR,2021-06-30,38360000.0,T
021393,CIA CELG DE PARTICIPACOES - CELGPAR,2021-09-30,2792000.0,T
021431,HYPERA S.A.,2021-03-31,305092000.0,T
021431,HYPERA S.A.,2021-06-30,470583000.0,T
021431,HYPERA S.A.,2021-09-30,201554000.0,T
021440,VESTE S.A. ESTILO,2021-03-31,-38031000.0,T
021440,VESTE S.A. ESTILO,2021-06-30,-55943000.0,T
021440,VESTE S.A. ESTILO,2021-09-30,-49136000.0,T
021466,BANCO RCI BRASIL S.A.,2021-03-31,38850000.0,T
021466,BANCO RCI BRASIL S.A.,2021-06-30,47720000.0,T
021466,BANCO RCI BRASIL S.A.,2021-09-30,27351000.0,T
021490,ALUPAR INVESTIMENTO S/A,2021-03-31,660887000.0,T
021490,ALUPAR INVESTIMENTO S/A,2021-06-30,676488000.0,T
021490,ALUPAR INVESTIMENTO S/A,2021-09-30,429032000.0,T
021520,MULTINER S/A,2021-03-31,-37886000.0,T
021520,MULTINER S/A,2021-06-30,-72867000.0,T
021520,MULTINER S/A,2021-09-30,24210000.0,T
021610,"B3 S.A. - BRASIL, BOLSA, BALCÃO",2021-03-31,1256027000.0,T
021610,"B3 S.A. - BRASIL, BOLSA, BALCÃO",2021-06-30,1193311000.0,T
021610,"B3 S.A. - BRASIL, BOLSA, BALCÃO",2021-09-30,1176097000.0,T
021636,RENOVA ENERGIA S.A.,2021-03-31,-30023000.0,T
021636,RENOVA ENERGIA S.A.,2021-06-30,-54331000.0,T
021636,RENOVA ENERGIA S.A.,2021-09-30,-45179000.0,T
021709,CIA MINEIRA DE AÇUCAR E ALCOOL PARTICIPAÇÕES,2021-06-30,62184000.0,T
021709,CIA MINEIRA DE AÇUCAR E ALCOOL PARTICIPAÇÕES,2021-09-30,115360000.0,T
021709,CIA MINEIRA DE AÇUCAR E ALCOOL PARTICIPAÇÕES,2021-12-31,17637000.0,T
021881,FLEURY S.A.,2021-03-31,118612000.0,T
021881,FLEURY S.A.,2021-06-30,65495000.0,T
021881,FLEURY S.A.,2021-09-30,96389000.0,T
021903,ECORODOVIAS CONCESSÕES E SERVIÇOS S.A.,2021-03-31,106378000.0,T
021903,ECORODOVIAS CONCESSÕES E SERVIÇOS S.A.,2021-06-30,122848000.0,T
021903,ECORODOVIAS CONCESSÕES E SERVIÇOS S.A.,2021-09-30,109938000.0,T
022012,"MILLS LOCAÇÃO, SERVIÇOS E LOGÍSTICA S.A.",2021-03-31,7365000.0,T
022012,"MILLS LOCAÇÃO, SERVIÇOS E LOGÍSTICA S.A.",2021-06-30,19925000.0,T
022012,"MILLS LOCAÇÃO, SERVIÇOS E LOGÍSTICA S.A.",2021-09-30,31439000.0,T
022020,JSL S.A.,2021-03-31,42088000.0,T
022020,JSL S.A.,2021-06-30,93129000.0,T
022020,JSL S.A.,2021-09-30,83080000.0,T
022055,MARISA LOJAS S.A.,2021-03-31,-53378000.0,T
022055,MARISA LOJAS S.A.,2021-06-30,-59505000.0,T
022055,MARISA LOJAS S.A.,2021-09-30,44379000.0,T
022187,PRIO S.A.,2021-03-31,-65792000.0,T
022187,PRIO S.A.,2021-06-30,420902000.0,T
022187,PRIO S.A.,2021-09-30,97104000.0,T
022217,ALPER CONSULTORIA E CORRETORA DE SEGUROS S.A.,2021-03-31,732000.0,T
022217,ALPER CONSULTORIA E CORRETORA DE SEGUROS S.A.,2021-06-30,212000.0,T
022217,ALPER CONSULTORIA E CORRETORA DE SEGUROS S.A.,2021-09-30,616000.0,T
022349,AZZAS 2154 S.A.,2021-03-31,29776000.0,T
022349,AZZAS 2154 S.A.,2021-06-30,132496000.0,T
022349,AZZAS 2154 S.A.,2021-09-30,77530000.0,T
022349,AZZAS 2154 S.A.,2021-12-31,103918000.0,T
022357,ALLOS S.A.,2021-03-31,50395000.0,T
022357,ALLOS S.A.,2021-06-30,68297000.0,T
022357,ALLOS S.A.,2021-09-30,67436000.0,T
022365,ENAUTA PARTICIPAÇÕES S.A.,2021-03-31,-15792000.0,T
022365,ENAUTA PARTICIPAÇÕES S.A.,2021-06-30,635713000.0,T
022365,ENAUTA PARTICIPAÇÕES S.A.,2021-09-30,133953000.0,T
022454,T4F ENTRETENIMENTO S.A.,2021-03-31,-11532000.0,T
022454,T4F ENTRETENIMENTO S.A.,2021-06-30,-14577000.0,T
022454,T4F ENTRETENIMENTO S.A.,2021-09-30,-18723000.0,T
022470,MAGAZINE LUIZA S.A.,2021-03-31,258640000.0,T
022470,MAGAZINE LUIZA S.A.,2021-06-30,95537000.0,T
022470,MAGAZINE LUIZA S.A.,2021-09-30,143516000.0,T
022497,QUALICORP CONSULTORIA E CORRETORA DE SEGUROS S.A.,2021-03-31,117113000.0,T
022497,QUALICORP CONSULTORIA E CORRETORA DE SEGUROS S.A.,2021-06-30,92593000.0,T
022497,QUALICORP CONSULTORIA E CORRETORA DE SEGUROS S.A.,2021-09-30,113111000.0,T
022519,TECHNOS S.A.,2021-03-31,-4012000.0,T
022519,TECHNOS S.A.,2021-06-30,7576000.0,T
022519,TECHNOS S.A.,2021-09-30,6432000.0,T
022560,INBRANDS S.A.,2021-03-31,-20194000.0,T
022560,INBRANDS S.A.,2021-06-30,-4131000.0,T
022560,INBRANDS S.A.,2021-09-30,10304000.0,T
022586,MLOG S.A.,2021-03-31,-5708000.0,T
022586,MLOG S.A.,2021-06-30,14552000.0,T
022586,MLOG S.A.,2021-09-30,976000.0,T
022594,STATKRAFT ENERGIAS RENOVAVEIS S.A.,2021-03-31,40180000.0,T
022594,STATKRAFT ENERGIAS RENOVAVEIS S.A.,2021-06-30,21583000.0,T
022594,STATKRAFT ENERGIAS RENOVAVEIS S.A.,2021-09-30,126212000.0,T
022675,HIDROVIAS DO BRASIL S.A.,2021-03-31,-183005000.0,T
022675,HIDROVIAS DO BRASIL S.A.,2021-06-30,97805000.0,T
022675,HIDROVIAS DO BRASIL S.A.,2021-09-30,-66893000.0,T
022691,COMPANHIA DE LOCAÇÃO DAS AMÉRICAS,2021-03-31,219496000.0,T
022691,COMPANHIA DE LOCAÇÃO DAS AMÉRICAS,2021-06-30,239536000.0,T
022691,COMPANHIA DE LOCAÇÃO DAS AMÉRICAS,2021-09-30,267286000.0,T
022780,UNICASA INDÚSTRIA DE MÓVEIS S.A.,2021-03-31,3738000.0,T
022780,UNICASA INDÚSTRIA DE MÓVEIS S.A.,2021-06-30,5294000.0,T
022780,UNICASA INDÚSTRIA DE MÓVEIS S.A.,2021-09-30,7269000.0,T
022799,SINQIA S.A.,2021-03-31,779000.0,T
022799,SINQIA S.A.,2021-06-30,5600000.0,T
022799,SINQIA S.A.,2021-09-30,3719000.0,T
022799,SINQIA S.A.,2021-12-31,12431000.0,T
022810,ELDORADO BRASIL CELULOSE S.A.,2021-03-31,0.0,T
022810,ELDORADO BRASIL CELULOSE S.A.,2021-06-30,1161320000.0,T
022810,ELDORADO BRASIL CELULOSE S.A.,2021-09-30,352067000.0,T
023000,LIGHT ENERGIA S.A.,2021-03-31,40829000.0,T
023000,LIGHT ENERGIA S.A.,2021-06-30,55130000.0,T
023000,LIGHT ENERGIA S.A.,2021-09-30,-31047000.0,T
023035,LINX S.A.,2021-03-31,-6870000.0,T
023159,BB SEGURIDADE PARTICIPAÇÕES S.A.,2021-03-31,977062000.0,T
023159,BB SEGURIDADE PARTICIPAÇÕES S.A.,2021-06-30,753702000.0,T
023159,BB SEGURIDADE PARTICIPAÇÕES S.A.,2021-09-30,0.0,T
023175,IGUA SANEAMENTO S.A.,2021-03-31,2364000.0,T
023175,IGUA SANEAMENTO S.A.,2021-06-30,28669000.0,T
023175,IGUA SANEAMENTO S.A.,2021-09-30,-45500000.0,T
023221,SER EDUCACIONAL S.A.,2021-03-31,30068000.0,T
023221,SER EDUCACIONAL S.A.,2021-06-30,25698000.0,T
023221,SER EDUCACIONAL S.A.,2021-09-30,-6777000.0,T
023230,RAIZEN ENERGIA S.A.,2021-06-30,428257000.0,T
023230,RAIZEN ENERGIA S.A.,2021-09-30,146098000.0,T
023230,RAIZEN ENERGIA S.A.,2021-12-31,588244000.0,T
023248,ANIMA HOLDING S.A.,2021-03-31,52097000.0,T
023248,ANIMA HOLDING S.A.,2021-06-30,4980000.0,T
023248,ANIMA HOLDING S.A.,2021-09-30,14493000.0,T
023264,AMBEV S.A.,2021-03-31,2733311000.0,T
023264,AMBEV S.A.,2021-06-30,2929581000.0,T
023264,AMBEV S.A.,2021-09-30,3712717000.0,T
023272,LOG COMMERCIAL PROPERTIES E PARTICIPAÇÕES,2021-03-31,122096000.0,T
023272,LOG COMMERCIAL PROPERTIES E PARTICIPAÇÕES,2021-06-30,78448000.0,T
023272,LOG COMMERCIAL PROPERTIES E PARTICIPAÇÕES,2021-09-30,94698000.0,T
023280,UNIDAS LOCAÇÕES E SERVIÇOS S.A.,2021-03-31,-23956000.0,T
023280,UNIDAS LOCAÇÕES E SERVIÇOS S.A.,2021-06-30,39156000.0,T
023280,UNIDAS LOCAÇÕES E SERVIÇOS S.A.,2021-09-30,22567000.0,T
023302,QUALITY SOFTWARE S.A.,2021-03-31,3041237.0,T
023302,QUALITY SOFTWARE S.A.,2021-06-30,2366648.0,T
023302,QUALITY SOFTWARE S.A.,2021-09-30,2231308.0,T
023310,CVC BRASIL OPERADORA E AGÊNCIA DE VIAGENS S.A.,2021-03-31,-81482000.0,T
023310,CVC BRASIL OPERADORA E AGÊNCIA DE VIAGENS S.A.,2021-06-30,-175570000.0,T
023310,CVC BRASIL OPERADORA E AGÊNCIA DE VIAGENS S.A.,2021-09-30,-83811000.0,T
023396,AEGEA SANEAMENTO E PARTICIPAÇÕES S.A.,2021-03-31,95715000.0,T
023396,AEGEA SANEAMENTO E PARTICIPAÇÕES S.A.,2021-06-30,126916000.0,T
023396,AEGEA SANEAMENTO E PARTICIPAÇÕES S.A.,2021-09-30,139925000.0,T
023426,SERENA GERAÇÃO S.A.,2021-03-31,-93806000.0,T
023426,SERENA GERAÇÃO S.A.,2021-06-30,-159609000.0,T
023426,SERENA GERAÇÃO S.A.,2021-09-30,-25747000.0,T
023493,DOMMO ENERGIA S.A.,2021-03-31,-15578000.0,T
023493,DOMMO ENERGIA S.A.,2021-06-30,147666000.0,T
023493,DOMMO ENERGIA S.A.,2021-09-30,-74677000.0,T
023507,OUROFINO S.A.,2021-03-31,9490000.0,T
023507,OUROFINO S.A.,2021-06-30,31978000.0,T
023507,OUROFINO S.A.,2021-09-30,34767000.0,T
023531,CLARO TELECOM PARTICIPAÇÕES S.A.,2021-03-31,-792737000.0,T
023531,CLARO TELECOM PARTICIPAÇÕES S.A.,2021-06-30,2013196000.0,T
023531,CLARO TELECOM PARTICIPAÇÕES S.A.,2021-09-30,-587398000.0,T
023574,INTERNATIONAL MEAL COMPANY ALIMENTACAO S.A.,2021-03-31,0.0,T
023574,INTERNATIONAL MEAL COMPANY ALIMENTACAO S.A.,2021-06-30,21146000.0,T
023574,INTERNATIONAL MEAL COMPANY ALIMENTACAO S.A.,2021-09-30,-4450000.0,T
023590,WIZ CO PARTICIPAÇÕES E CORRETAGEM DE SEGUROS S.A.,2021-03-31,63567000.0,T
023590,WIZ CO PARTICIPAÇÕES E CORRETAGEM DE SEGUROS S.A.,2021-06-30,75028000.0,T
023590,WIZ CO PARTICIPAÇÕES E CORRETAGEM DE SEGUROS S.A.,2021-09-30,25837000.0,T
023604,YOU INC INCORPORADORA E PARTICIPAÇÃO S.A,2021-03-31,24778000.0,T
023604,YOU INC INCORPORADORA E PARTICIPAÇÃO S.A,2021-06-30,31890000.0,T
023604,YOU INC INCORPORADORA E PARTICIPAÇÃO S.A,2021-09-30,25501000.0,T
023620,CBO HOLDING S.A.,2021-03-31,-19161000.0,T
023620,CBO HOLDING S.A.,2021-06-30,130881000.0,T
023620,CBO HOLDING S.A.,2021-09-30,-34457000.0,T
023795,CAIXA SEGURIDADE PARTICIPAÇÕES S.A.,2021-03-31,431657000.0,T
023795,CAIXA SEGURIDADE PARTICIPAÇÕES S.A.,2021-06-30,426634000.0,T
023795,CAIXA SEGURIDADE PARTICIPAÇÕES S.A.,2021-09-30,492136000.0,T
023817,BRQ SOLUCOES EM INFORMATICA S.A.,2021-03-31,4998000.0,T
023817,BRQ SOLUCOES EM INFORMATICA S.A.,2021-06-30,22281000.0,T
023817,BRQ SOLUCOES EM INFORMATICA S.A.,2021-09-30,-2496000.0,T
023825,MOVIDA PARTICIPACOES SA,2021-03-31,109481000.0,T
023825,MOVIDA PARTICIPACOES SA,2021-06-30,173921000.0,T
023825,MOVIDA PARTICIPACOES SA,2021-09-30,259381000.0,T
023868,CONCEBRA - CONCESSIONARIA DAS RODOVIAS CENTRAIS DO BRASIL,2021-03-31,-20143000.0,T
023868,CONCEBRA - CONCESSIONARIA DAS RODOVIAS CENTRAIS DO BRASIL,2021-06-30,-20863000.0,T
023868,CONCEBRA - CONCESSIONARIA DAS RODOVIAS CENTRAIS DO BRASIL,2021-09-30,-8458000.0,T
023930,BRASILIANA PARTICIPAÇÕES S/A,2021-03-31,-9488.0,T
023930,BRASILIANA PARTICIPAÇÕES S/A,2021-06-30,-8109000.0,T
023930,BRASILIANA PARTICIPAÇÕES S/A,2021-09-30,-2466000.0,T
023957,SUGOI S.A.,2021-03-31,-1850000.0,T
023957,SUGOI S.A.,2021-06-30,869000.0,T
023957,SUGOI S.A.,2021-09-30,-3232000.0,T
023965,CINESYSTEM S.A.,2021-03-31,-15014000.0,T
023965,CINESYSTEM S.A.,2021-06-30,-14627000.0,T
023965,CINESYSTEM S.A.,2021-09-30,-4493000.0,T
023981,CTC - CENTRO DE TECNOLOGIA CANAVIEIRA S.A.,2021-06-30,30563000.0,T
023981,CTC - CENTRO DE TECNOLOGIA CANAVIEIRA S.A.,2021-09-30,26500000.0,T
023981,CTC - CENTRO DE TECNOLOGIA CANAVIEIRA S.A.,2021-12-31,39121000.0,T
024058,ALLIANÇA SAÚDE E PARTICIPAÇÕES S.A.,2021-03-31,12530000.0,T
024058,ALLIANÇA SAÚDE E PARTICIPAÇÕES S.A.,2021-06-30,11687000.0,T
024058,ALLIANÇA SAÚDE E PARTICIPAÇÕES S.A.,2021-09-30,9176000.0,T
024090,INSTITUTO HERMES PARDINI S.A.,2021-03-31,50106000.0,T
024090,INSTITUTO HERMES PARDINI S.A.,2021-06-30,70840000.0,T
024090,INSTITUTO HERMES PARDINI S.A.,2021-09-30,52714000.0,T
024112,AZUL S.A.,2021-03-31,-2786626000.0,T
024112,AZUL S.A.,2021-06-30,1162053000.0,T
024112,AZUL S.A.,2021-09-30,-2196294000.0,T
024120,ARGO ENERGIA EMPREENDIMENTOS E PARTICIPAÇÕES S/A,2021-03-31,119564000.0,T
024120,ARGO ENERGIA EMPREENDIMENTOS E PARTICIPAÇÕES S/A,2021-06-30,49792000.0,T
024120,ARGO ENERGIA EMPREENDIMENTOS E PARTICIPAÇÕES S/A,2021-09-30,116199000.0,T
024171,ATACADÃO S.A.,2021-03-31,953000000.0,T
024171,ATACADÃO S.A.,2021-06-30,624000000.0,T
024171,ATACADÃO S.A.,2021-09-30,680000000.0,T
024180,IRB - BRASIL RESSEGUROS S.A.,2021-03-31,50801000.0,T
024180,IRB - BRASIL RESSEGUROS S.A.,2021-06-30,-206946000.0,T
024180,IRB - BRASIL RESSEGUROS S.A.,2021-09-30,-155701000.0,T
024201,STARA S.A. - INDÚSTRIA DE IMPLEMENTOS AGRÍCOLAS,2021-03-31,47705000.0,T
024201,STARA S.A. - INDÚSTRIA DE IMPLEMENTOS AGRÍCOLAS,2021-06-30,75333000.0,T
024201,STARA S.A. - INDÚSTRIA DE IMPLEMENTOS AGRÍCOLAS,2021-09-30,108971000.0,T
024228,CAMIL ALIMENTOS S.A.,2021-05-31,108176000.0,T
024228,CAMIL ALIMENTOS S.A.,2021-08-31,106525000.0,T
024228,CAMIL ALIMENTOS S.A.,2021-11-30,120509000.0,T
024236,PRINER SERVIÇOS INDUSTRIAIS S.A.,2021-03-31,-1031000.0,T
024236,PRINER SERVIÇOS INDUSTRIAIS S.A.,2021-06-30,6204000.0,T
024236,PRINER SERVIÇOS INDUSTRIAIS S.A.,2021-09-30,3781000.0,T
024252,SMILES FIDELIDADE S.A.,2021-03-31,47707000.0,T
024252,SMILES FIDELIDADE S.A.,2021-06-30,70233000.0,T
024260,SMARTFIT ESCOLA DE GINÁSTICA E DANÇA S.A.,2021-03-31,-166305000.0,T
024260,SMARTFIT ESCOLA DE GINÁSTICA E DANÇA S.A.,2021-06-30,-175209000.0,T
024260,SMARTFIT ESCOLA DE GINÁSTICA E DANÇA S.A.,2021-09-30,-157202000.0,T
024279,INC EMPREENDIMENTOS IMOBILIÁRIOS S.A.,2021-03-31,4770000.0,T
024279,INC EMPREENDIMENTOS IMOBILIÁRIOS S.A.,2021-06-30,1095000.0,T
024279,INC EMPREENDIMENTOS IMOBILIÁRIOS S.A.,2021-09-30,14809000.0,T
024295,VIBRA ENERGIA S/A,2021-03-31,492000000.0,T
024295,VIBRA ENERGIA S/A,2021-06-30,382000000.0,T
024295,VIBRA ENERGIA S/A,2021-09-30,598000000.0,T
024309,VENTURE CAPITAL PARTICIPAÇÕES E INVESTIMENTOS S/A,2021-03-31,1339000.0,T
024309,VENTURE CAPITAL PARTICIPAÇÕES E INVESTIMENTOS S/A,2021-06-30,30808000.0,T
024309,VENTURE CAPITAL PARTICIPAÇÕES E INVESTIMENTOS S/A,2021-09-30,17704000.0,T
024317,ZAMP SA,2021-03-31,-162421000.0,T
024317,ZAMP SA,2021-06-30,-97088000.0,T
024317,ZAMP SA,2021-09-30,-37946000.0,T
024350,FLEX GESTÃO DE RELACIONAMENTOS S.A.-EM RECUPERAÇÃO JUDICIAL,2021-03-31,-1188000.0,T
024350,FLEX GESTÃO DE RELACIONAMENTOS S.A.-EM RECUPERAÇÃO JUDICIAL,2021-06-30,-11304000.0,T
024350,FLEX GESTÃO DE RELACIONAMENTOS S.A.-EM RECUPERAÇÃO JUDICIAL,2021-09-30,-2978000.0,T
024384,NOTRE DAME INTERMÉDICA PARTICIPAÇÕES S.A.,2021-03-31,-27900000.0,T
024384,NOTRE DAME INTERMÉDICA PARTICIPAÇÕES S.A.,2021-06-30,-47980000.0,T
024384,NOTRE DAME INTERMÉDICA PARTICIPAÇÕES S.A.,2021-09-30,-90730000.0,T
024392,HAPVIDA PARTICIPAÇÕES E INVESTIMENTOS S.A.,2021-03-31,151829000.0,T
024392,HAPVIDA PARTICIPAÇÕES E INVESTIMENTOS S.A.,2021-06-30,104610000.0,T
024392,HAPVIDA PARTICIPAÇÕES E INVESTIMENTOS S.A.,2021-09-30,43672000.0,T
024473,JHSF MALLS S.A.,2021-03-31,7565.0,T
024473,JHSF MALLS S.A.,2021-06-30,-20261000.0,T
024473,JHSF MALLS S.A.,2021-09-30,11354000.0,T
024490,SABER SERVIÇOS EDUCACIONAIS S.A.,2021-03-31,27379000.0,T
024490,SABER SERVIÇOS EDUCACIONAIS S.A.,2021-06-30,-49833000.0,T
024490,SABER SERVIÇOS EDUCACIONAIS S.A.,2021-09-30,-111725000.0,T
024546,PRÁTICA PRODUTOS S.A.,2021-03-31,1818000.0,T
024546,PRÁTICA PRODUTOS S.A.,2021-06-30,2662000.0,T
024546,PRÁTICA PRODUTOS S.A.,2021-09-30,11412000.0,T
024589,ENERGISA TRANSMISSÃO DE ENERGIA S/A,2021-03-31,43567000.0,T
024589,ENERGISA TRANSMISSÃO DE ENERGIA S/A,2021-06-30,39643000.0,T
024589,ENERGISA TRANSMISSÃO DE ENERGIA S/A,2021-09-30,70865000.0,T
024597,CELEO REDES TRANSMISSÃO DE ENERGIA S.A.,2021-03-31,12650000.0,T
024597,CELEO REDES TRANSMISSÃO DE ENERGIA S.A.,2021-06-30,12463000.0,T
024597,CELEO REDES TRANSMISSÃO DE ENERGIA S.A.,2021-09-30,7550000.0,T
024600,BANCO BMG S/A,2021-03-31,54119000.0,T
024600,BANCO BMG S/A,2021-06-30,89025000.0,T
024600,BANCO BMG S/A,2021-09-30,28331000.0,T
024627,BLAU FARMACÊUTICA S.A.,2021-03-31,86165000.0,T
024627,BLAU FARMACÊUTICA S.A.,2021-06-30,99492000.0,T
024627,BLAU FARMACÊUTICA S.A.,2021-09-30,94393000.0,T
024660,BBM LOGÍSTICA S.A.,2021-03-31,-814000.0,T
024660,BBM LOGÍSTICA S.A.,2021-06-30,25593000.0,T
024660,BBM LOGÍSTICA S.A.,2021-09-30,3134000.0,T
024694,GRUPO SBF S.A.,2021-03-31,-36164000.0,T
024694,GRUPO SBF S.A.,2021-06-30,24078000.0,T
024694,GRUPO SBF S.A.,2021-09-30,221440000.0,T
024716,"VAMOS LOCAÇÃO DE CAMINHÕES, MÁQUINAS E EQUIPAMENTOS S.A.",2021-03-31,73241000.0,T
024716,"VAMOS LOCAÇÃO DE CAMINHÕES, MÁQUINAS E EQUIPAMENTOS S.A.",2021-06-30,100031000.0,T
024716,"VAMOS LOCAÇÃO DE CAMINHÕES, MÁQUINAS E EQUIPAMENTOS S.A.",2021-09-30,111365000.0,T
024740,COPEL GERAÇÃO E TRANSMISSÃO S.A.,2021-03-31,478531000.0,T
024740,COPEL GERAÇÃO E TRANSMISSÃO S.A.,2021-06-30,674813000.0,T
024740,COPEL GERAÇÃO E TRANSMISSÃO S.A.,2021-09-30,1411131000.0,T
024775,BCBF PARTICIPAÇÕES S.A.,2021-03-31,595000.0,T
024775,BCBF PARTICIPAÇÕES S.A.,2021-06-30,-38090000.0,T
024775,BCBF PARTICIPAÇÕES S.A.,2021-09-30,-81900000.0,T
024783,NATURA &CO HOLDING S.A.,2021-03-31,-156552000.0,T
024783,NATURA &CO HOLDING S.A.,2021-06-30,232238000.0,T
024783,NATURA &CO HOLDING S.A.,2021-09-30,269604000.0,T
024805,VIVARA PARTICIPAÇÕES S.A.,2021-03-31,3912656.0,T
024805,VIVARA PARTICIPAÇÕES S.A.,2021-06-30,81191240.0,T
024805,VIVARA PARTICIPAÇÕES S.A.,2021-09-30,86257739.0,T
024813,LOCALIZA FLEET S.A.,2021-03-31,123916000.0,T
024813,LOCALIZA FLEET S.A.,2021-06-30,143323000.0,T
024813,LOCALIZA FLEET S.A.,2021-09-30,146727000.0,T
024821,REDE D'OR SÃO LUIZ S.A.,2021-03-31,402443000.0,T
024821,REDE D'OR SÃO LUIZ S.A.,2021-06-30,477736000.0,T
024821,REDE D'OR SÃO LUIZ S.A.,2021-09-30,378104000.0,T
024830,BRK AMBIENTAL PARTICIPAÇÕES S.A.,2021-03-31,14908.0,T
024830,BRK AMBIENTAL PARTICIPAÇÕES S.A.,2021-06-30,28767.0,T
024830,BRK AMBIENTAL PARTICIPAÇÕES S.A.,2021-09-30,8859.0,T
024848,C&A MODAS S.A.,2021-03-31,-138540000.0,T
024848,C&A MODAS S.A.,2021-06-30,69232000.0,T
024848,C&A MODAS S.A.,2021-09-30,243904000.0,T
024872,LIFEMED INDUSTRIAL DE EQUIP. E ART. MEDICOS E HOSP. S.A,2021-03-31,28983000.0,T
024872,LIFEMED INDUSTRIAL DE EQUIP. E ART. MEDICOS E HOSP. S.A,2021-06-30,20662000.0,T
024872,LIFEMED INDUSTRIAL DE EQUIP. E ART. MEDICOS E HOSP. S.A,2021-09-30,13485000.0,T
024880,LM TRANSPORTES INTERESTADUAIS SERVIÇOS E COMÉRCIO S.A.,2021-03-31,24465000.0,T
024880,LM TRANSPORTES INTERESTADUAIS SERVIÇOS E COMÉRCIO S.A.,2021-06-30,40303000.0,T
024880,LM TRANSPORTES INTERESTADUAIS SERVIÇOS E COMÉRCIO S.A.,2021-09-30,24073000.0,T
024902,MITRE REALTY EMPREENDIMENTOS E PARTICIPAÇÕES S.A.,2021-03-31,-11689000.0,T
024902,MITRE REALTY EMPREENDIMENTOS E PARTICIPAÇÕES S.A.,2021-06-30,21215000.0,T
024902,MITRE REALTY EMPREENDIMENTOS E PARTICIPAÇÕES S.A.,2021-09-30,5348000.0,T
024910,LWSA S/A,2021-03-31,-8377000.0,T
024910,LWSA S/A,2021-06-30,3576000.0,T
024910,LWSA S/A,2021-09-30,-3736000.0,T
024929,TIM S.A.,2021-03-31,276889000.0,T
024929,TIM S.A.,2021-06-30,672217000.0,T
024929,TIM S.A.,2021-09-30,992769000.0,T
024953,"ALLPARK EMPREENDIMENTOS, PARTICIPAÇÕES E SERVIÇOS S.A.",2021-03-31,-64703000.0,T
024953,"ALLPARK EMPREENDIMENTOS, PARTICIPAÇÕES E SERVIÇOS S.A.",2021-06-30,-60468000.0,T
024953,"ALLPARK EMPREENDIMENTOS, PARTICIPAÇÕES E SERVIÇOS S.A.",2021-09-30,-48224000.0,T
024961,AMBIPAR PARTICIPAÇÕES E EMPREENDIMENTOS S.A.,2021-03-31,32299000.0,T
024961,AMBIPAR PARTICIPAÇÕES E EMPREENDIMENTOS S.A.,2021-06-30,40584000.0,T
024961,AMBIPAR PARTICIPAÇÕES E EMPREENDIMENTOS S.A.,2021-09-30,43647000.0,T
024996,RIVA INCORPORADORA S.A,2021-03-31,-6764000.0,T
024996,RIVA INCORPORADORA S.A,2021-06-30,-2009000.0,T
024996,RIVA INCORPORADORA S.A,2021-09-30,273000.0,T
025003,SIMPAR S.A.,2021-03-31,171167000.0,T
025003,SIMPAR S.A.,2021-06-30,391833000.0,T
025003,SIMPAR S.A.,2021-09-30,399356000.0,T
025011,GRUPO DE MODA SOMA S.A.,2021-03-31,14850000.0,T
025011,GRUPO DE MODA SOMA S.A.,2021-06-30,66179000.0,T
025011,GRUPO DE MODA SOMA S.A.,2021-09-30,173803000.0,T
025038,LOJAS QUERO QUERO S.A.,2021-03-31,11612000.0,T
025038,LOJAS QUERO QUERO S.A.,2021-06-30,15986000.0,T
025038,LOJAS QUERO QUERO S.A.,2021-09-30,15551000.0,T
025046,D1000 VAREJO FARMA PARTICIPAÇÕES S.A.,2021-03-31,-8464000.0,T
025046,D1000 VAREJO FARMA PARTICIPAÇÕES S.A.,2021-06-30,-2930000.0,T
025046,D1000 VAREJO FARMA PARTICIPAÇÕES S.A.,2021-09-30,-1558000.0,T
025062,LAVVI EMPREENDIMENTOS IMOBILIÁRIOS S.A.,2021-03-31,24325000.0,T
025062,LAVVI EMPREENDIMENTOS IMOBILIÁRIOS S.A.,2021-06-30,96316000.0,T
025062,LAVVI EMPREENDIMENTOS IMOBILIÁRIOS S.A.,2021-09-30,53278000.0,T
025070,PLANO & PLANO DESENVOLVIMENTO IMOBILIÁRIO S.A.,2021-03-31,50006000.0,T
025070,PLANO & PLANO DESENVOLVIMENTO IMOBILIÁRIO S.A.,2021-06-30,17596000.0,T
025070,PLANO & PLANO DESENVOLVIMENTO IMOBILIÁRIO S.A.,2021-09-30,40063000.0,T
025089,PET CENTER COMÉRCIO E PARTICIPAÇÕES S.A.,2021-09-30,22369000.0,T
025100,CURY CONSTRUTORA E INCORPORADORA S.A.,2021-03-31,52068000.0,T
025100,CURY CONSTRUTORA E INCORPORADORA S.A.,2021-06-30,76951000.0,T
025100,CURY CONSTRUTORA E INCORPORADORA S.A.,2021-09-30,74647000.0,T
025119,MELNICK DESENVOLVIMENTO IMOBILIÁRIO S.A.,2021-03-31,20895000.0,T
025119,MELNICK DESENVOLVIMENTO IMOBILIÁRIO S.A.,2021-06-30,12367000.0,T
025119,MELNICK DESENVOLVIMENTO IMOBILIÁRIO S.A.,2021-09-30,21375000.0,T
025127,COMPASS GÁS E ENERGIA S.A.,2021-03-31,471138000.0,T
025127,COMPASS GÁS E ENERGIA S.A.,2021-06-30,321196000.0,T
025127,COMPASS GÁS E ENERGIA S.A.,2021-09-30,629933000.0,T
025135,BOA VISTA SERVIÇOS S.A.,2021-03-31,17397000.0,T
025135,BOA VISTA SERVIÇOS S.A.,2021-06-30,22193000.0,T
025135,BOA VISTA SERVIÇOS S.A.,2021-09-30,49782000.0,T
025143,PACAEMBU CONSTRUTORA S.A.,2021-03-31,10035000.0,T
025143,PACAEMBU CONSTRUTORA S.A.,2021-06-30,11385000.0,T
025143,PACAEMBU CONSTRUTORA S.A.,2021-09-30,9089000.0,T
025160,SEQUOIA LOGÍSTICA E TRANSPORTES S.A.,2021-03-31,-18592000.0,T
025160,SEQUOIA LOGÍSTICA E TRANSPORTES S.A.,2021-06-30,3026000.0,T
025160,SEQUOIA LOGÍSTICA E TRANSPORTES S.A.,2021-09-30,-322000.0,T
025186,GRUPO MATEUS S.A.,2021-03-31,156720000.0,T
025186,GRUPO MATEUS S.A.,2021-06-30,190566000.0,T
025186,GRUPO MATEUS S.A.,2021-09-30,213424000.0,T
025194,ALARES INTERNET PARTICIPAÇÕES S/A,2021-03-31,569000.0,T
025194,ALARES INTERNET PARTICIPAÇÕES S/A,2021-06-30,2913000.0,T
025194,ALARES INTERNET PARTICIPAÇÕES S/A,2021-09-30,-22437000.0,T
025208,TRACK & FIELD CO S.A.,2021-03-31,7227000.0,T
025208,TRACK & FIELD CO S.A.,2021-06-30,13381000.0,T
025208,TRACK & FIELD CO S.A.,2021-09-30,21468000.0,T
025224,2W ECOBANK S.A. - EM RECUPERAÇÃO JUDICIAL,2021-03-31,7356000.0,T
025224,2W ECOBANK S.A. - EM RECUPERAÇÃO JUDICIAL,2021-06-30,-16188000.0,T
025224,2W ECOBANK S.A. - EM RECUPERAÇÃO JUDICIAL,2021-09-30,-42988000.0,T
025232,MÉLIUZ S.A.,2021-03-31,3017000.0,T
025232,MÉLIUZ S.A.,2021-06-30,-4658000.0,T
025232,MÉLIUZ S.A.,2021-09-30,-2950000.0,T
025259,ENJOEI S.A.,2021-03-31,-31775000.0,T
025259,ENJOEI S.A.,2021-06-30,-30040000.0,T
025259,ENJOEI S.A.,2021-09-30,-23256000.0,T
025275,ALPHAVILLE S.A.,2021-03-31,-70109000.0,T
025275,ALPHAVILLE S.A.,2021-06-30,-78662000.0,T
025275,ALPHAVILLE S.A.,2021-09-30,-112344000.0,T
025283,AERIS IND. E COM. DE EQUIP. PARA GER. DE ENG. S.A.,2021-03-31,23044000.0,T
025283,AERIS IND. E COM. DE EQUIP. PARA GER. DE ENG. S.A.,2021-06-30,18723000.0,T
025283,AERIS IND. E COM. DE EQUIP. PARA GER. DE ENG. S.A.,2021-09-30,9315000.0,T
025291,BRAVA ENERGIA S.A.,2021-03-31,-43974000.0,T
025291,BRAVA ENERGIA S.A.,2021-06-30,54286000.0,T
025291,BRAVA ENERGIA S.A.,2021-09-30,-14101000.0,T
025305,PATRIMAR ENGENHARIA S.A.,2021-03-31,40422000.0,T
025305,PATRIMAR ENGENHARIA S.A.,2021-06-30,38969000.0,T
025305,PATRIMAR ENGENHARIA S.A.,2021-09-30,32525000.0,T
025313,HOUSI S.A.,2021-03-31,-764000.0,T
025313,HOUSI S.A.,2021-06-30,4059000.0,T
025313,HOUSI S.A.,2021-09-30,-351000.0,T
025321,GRANBIO INVESTIMENTOS S.A.,2021-03-31,-72944000.0,T
025321,GRANBIO INVESTIMENTOS S.A.,2021-06-30,-26301000.0,T
025321,GRANBIO INVESTIMENTOS S.A.,2021-09-30,-37538000.0,T
025330,ALLIED TECNOLOGIA S.A.,2021-03-31,46369000.0,T
025330,ALLIED TECNOLOGIA S.A.,2021-06-30,152336000.0,T
025330,ALLIED TECNOLOGIA S.A.,2021-09-30,68442000.0,T
025348,ELFA MEDICAMENTOS S.A.,2021-03-31,0.0,T
025348,ELFA MEDICAMENTOS S.A.,2021-06-30,103867000.0,T
025348,ELFA MEDICAMENTOS S.A.,2021-09-30,50878000.0,T
025372,SENDAS DISTRIBUIDORA S.A.,2021-03-31,240000000.0,T
025372,SENDAS DISTRIBUIDORA S.A.,2021-06-30,305000000.0,T
025372,SENDAS DISTRIBUIDORA S.A.,2021-09-30,538000000.0,T
025380,EZ INC INCORPORAÇÕES S.A.,2021-03-31,-819000.0,T
025380,EZ INC INCORPORAÇÕES S.A.,2021-06-30,-330000.0,T
025380,EZ INC INCORPORAÇÕES S.A.,2021-09-30,1883000.0,T
025399,NEOGRID PARTICIPAÇÕES S.A.,2021-03-31,6334000.0,T
025399,NEOGRID PARTICIPAÇÕES S.A.,2021-06-30,8903.0,T
025399,NEOGRID PARTICIPAÇÕES S.A.,2021-09-30,1672000.0,T
025402,HBR REALTY EMPREENDIMENTOS IMOBILIÁRIOS S.A.,2021-03-31,-9722000.0,T
025402,HBR REALTY EMPREENDIMENTOS IMOBILIÁRIOS S.A.,2021-06-30,-18663000.0,T
025402,HBR REALTY EMPREENDIMENTOS IMOBILIÁRIOS S.A.,2021-09-30,-4410000.0,T
025410,SBF COMÉRCIO DE PRODUTOS ESPORTIVOS S.A.,2021-03-31,-63016000.0,T
025410,SBF COMÉRCIO DE PRODUTOS ESPORTIVOS S.A.,2021-06-30,-5205000.0,T
025410,SBF COMÉRCIO DE PRODUTOS ESPORTIVOS S.A.,2021-09-30,254808000.0,T
025429,FARMÁCIA E DROGARIA NISSEI S.A.,2021-03-31,3204000.0,T
025429,FARMÁCIA E DROGARIA NISSEI S.A.,2021-06-30,5705000.0,T
025429,FARMÁCIA E DROGARIA NISSEI S.A.,2021-09-30,2240000.0,T
025429,FARMÁCIA E DROGARIA NISSEI S.A.,2021-12-31,19944000.0,T
025437,URBA DESENVOLVIMENTO URBANO S.A.,2021-03-31,-2889000.0,T
025437,URBA DESENVOLVIMENTO URBANO S.A.,2021-06-30,8749000.0,T
025437,URBA DESENVOLVIMENTO URBANO S.A.,2021-09-30,7235000.0,T
025445,MPM CORPÓREOS S.A.,2021-03-31,75223000.0,T
025445,MPM CORPÓREOS S.A.,2021-06-30,73546000.0,T
025445,MPM CORPÓREOS S.A.,2021-09-30,8514000.0,T
025453,INTELBRAS S.A. IND. DE TELECOMUNICAÇÃO ELETRÔNICA BRASILEIRA,2021-03-31,89707000.0,T
025453,INTELBRAS S.A. IND. DE TELECOMUNICAÇÃO ELETRÔNICA BRASILEIRA,2021-06-30,85276000.0,T
025453,INTELBRAS S.A. IND. DE TELECOMUNICAÇÃO ELETRÔNICA BRASILEIRA,2021-09-30,88360000.0,T
025461,GRUPO TOKY S.A.,2021-03-31,-25491000.0,T
025461,GRUPO TOKY S.A.,2021-06-30,-16989000.0,T
025461,GRUPO TOKY S.A.,2021-09-30,-25685000.0,T
025470,MOSAICO TECNOLOGIA AO CONSUMIDOR S.A.,2021-03-31,-54000.0,T
025470,MOSAICO TECNOLOGIA AO CONSUMIDOR S.A.,2021-06-30,3673000.0,T
025470,MOSAICO TECNOLOGIA AO CONSUMIDOR S.A.,2021-09-30,2147000.0,T
025488,FOCUS ENERGIA HOLDING PARTICIPAÇÕES S.A.,2021-03-31,14923000.0,T
025488,FOCUS ENERGIA HOLDING PARTICIPAÇÕES S.A.,2021-06-30,17754000.0,T
025488,FOCUS ENERGIA HOLDING PARTICIPAÇÕES S.A.,2021-09-30,8509000.0,T
025496,JALLES MACHADO S.A.,2021-06-30,115686000.0,T
025496,JALLES MACHADO S.A.,2021-09-30,-10237000.0,T
025496,JALLES MACHADO S.A.,2021-12-31,169475000.0,T
025500,BEMOBI MOBILE TECH S.A.,2021-03-31,13943000.0,T
025500,BEMOBI MOBILE TECH S.A.,2021-06-30,18022000.0,T
025500,BEMOBI MOBILE TECH S.A.,2021-09-30,18984000.0,T
025526,CRUZEIRO DO SUL EDUCACIONAL S.A.,2021-03-31,16331000.0,T
025526,CRUZEIRO DO SUL EDUCACIONAL S.A.,2021-06-30,27996000.0,T
025526,CRUZEIRO DO SUL EDUCACIONAL S.A.,2021-09-30,13538000.0,T
025534,OCEANPACT SERVIÇOS MARITIMOS S.A.,2021-03-31,-20197000.0,T
025534,OCEANPACT SERVIÇOS MARITIMOS S.A.,2021-06-30,18470000.0,T
025534,OCEANPACT SERVIÇOS MARITIMOS S.A.,2021-09-30,-31126000.0,T
025542,CVLB BRASIL S.A,2021-03-31,-29260000.0,T
025542,CVLB BRASIL S.A,2021-06-30,0.0,T
025542,CVLB BRASIL S.A,2021-09-30,-31674000.0,T
025550,ORIZON VALORIZAÇÃO DE RESÍDUOS S.A.,2021-03-31,-45525000.0,T
025550,ORIZON VALORIZAÇÃO DE RESÍDUOS S.A.,2021-06-30,6399000.0,T
025550,ORIZON VALORIZAÇÃO DE RESÍDUOS S.A.,2021-09-30,-1349000.0,T
025550,ORIZON VALORIZAÇÃO DE RESÍDUOS S.A.,2021-12-31,-15034000.0,T
025569,ELETROMIDIA S.A.,2021-03-31,-22292000.0,T
025569,ELETROMIDIA S.A.,2021-06-30,-11482000.0,T
025569,ELETROMIDIA S.A.,2021-09-30,6473000.0,T
025585,CSN MINERAÇÃO S.A.,2021-03-31,2362662000.0,T
025585,CSN MINERAÇÃO S.A.,2021-06-30,2500637000.0,T
025585,CSN MINERAÇÃO S.A.,2021-09-30,804065000.0,T
025640,AUREN PARTICIPAÇÕES S.A.,2021-03-31,0.0,T
025640,AUREN PARTICIPAÇÕES S.A.,2021-06-30,26570000.0,T
025640,AUREN PARTICIPAÇÕES S.A.,2021-09-30,429513000.0,T
025658,AGROGALAXY PARTICIPAÇÕES S.A. - EM RECUPERAÇÃO JUDICIAL,2021-03-31,-30316000.0,T
025658,AGROGALAXY PARTICIPAÇÕES S.A. - EM RECUPERAÇÃO JUDICIAL,2021-06-30,-40571000.0,T
025658,AGROGALAXY PARTICIPAÇÕES S.A. - EM RECUPERAÇÃO JUDICIAL,2021-09-30,72308000.0,T
025666,LG INFORMÁTICA S.A.,2021-03-31,4323000.0,T
025666,LG INFORMÁTICA S.A.,2021-06-30,302000.0,T
025666,LG INFORMÁTICA S.A.,2021-09-30,5716000.0,T
025682,CM HOSPITALAR S.A,2021-03-31,34063000.0,T
025682,CM HOSPITALAR S.A,2021-06-30,218219000.0,T
025682,CM HOSPITALAR S.A,2021-09-30,61255000.0,T
025690,HOSPITAL MATER DEI S.A.,2021-09-30,43634000.0,T
025712,GPS PARTICIPAÇÕES E EMPREENDIMENTOS S.A.,2021-03-31,76367000.0,T
025712,GPS PARTICIPAÇÕES E EMPREENDIMENTOS S.A.,2021-06-30,80837000.0,T
025712,GPS PARTICIPAÇÕES E EMPREENDIMENTOS S.A.,2021-09-30,99316000.0,T
025720,RIO ALTO ENERGIAS RENOVÁVEIS S.A.,2021-03-31,-7140000.0,T
025720,RIO ALTO ENERGIAS RENOVÁVEIS S.A.,2021-06-30,-9741000.0,T
025720,RIO ALTO ENERGIAS RENOVÁVEIS S.A.,2021-09-30,-10069000.0,T
025720,RIO ALTO ENERGIAS RENOVÁVEIS S.A.,2021-12-31,-19105000.0,T
025739,CS BRASIL PARTICIPAÇÕES E LOCAÇÕES S.A.,2021-03-31,32128000.0,T
025739,CS BRASIL PARTICIPAÇÕES E LOCAÇÕES S.A.,2021-06-30,34129000.0,T
025739,CS BRASIL PARTICIPAÇÕES E LOCAÇÕES S.A.,2021-09-30,31058000.0,T
025747,INFRACOMMERCE CXAAS S.A.,2021-03-31,3867000.0,T
025747,INFRACOMMERCE CXAAS S.A.,2021-06-30,-14664000.0,T
025747,INFRACOMMERCE CXAAS S.A.,2021-09-30,-3808000.0,T
025755,BANCO MODAL S.A.,2021-03-31,23623000.0,T
025755,BANCO MODAL S.A.,2021-06-30,30996000.0,T
025755,BANCO MODAL S.A.,2021-09-30,48382000.0,T
025763,VITTIA S.A.,2021-03-31,12670000.0,T
025763,VITTIA S.A.,2021-06-30,-3785000.0,T
025763,VITTIA S.A.,2021-09-30,56101000.0,T
025771,HOSPITAL CARE CALEDONIA S.A.,2021-03-31,2612000.0,T
025771,HOSPITAL CARE CALEDONIA S.A.,2021-06-30,8455000.0,T
025771,HOSPITAL CARE CALEDONIA S.A.,2021-09-30,-6693000.0,T
025780,PETRORECÔNCAVO S.A.,2021-03-31,0.0,T
025780,PETRORECÔNCAVO S.A.,2021-06-30,94566000.0,T
025780,PETRORECÔNCAVO S.A.,2021-09-30,22926000.0,T
025798,KALLAS INCORPORAÇÕES E CONSTRUÇÕES S.A.,2021-03-31,0.0,T
025798,KALLAS INCORPORAÇÕES E CONSTRUÇÕES S.A.,2021-06-30,21789000.0,T
025798,KALLAS INCORPORAÇÕES E CONSTRUÇÕES S.A.,2021-09-30,22918000.0,T
025801,RODOBENS SA,2021-03-31,97904000.0,T
025801,RODOBENS SA,2021-06-30,120500000.0,T
025801,RODOBENS SA,2021-09-30,137218000.0,T
025810,ATHENA SAÚDE BRASIL SA,2021-03-31,29392000.0,T
025810,ATHENA SAÚDE BRASIL SA,2021-06-30,-40466000.0,T
025810,ATHENA SAÚDE BRASIL SA,2021-09-30,-13573000.0,T
025836,DOTZ S.A.,2021-03-31,-22067000.0,T
025836,DOTZ S.A.,2021-06-30,-11777000.0,T
025836,DOTZ S.A.,2021-09-30,-24073000.0,T
025844,TEGRA INCORPORADORA S.A.,2021-03-31,5232000.0,T
025844,TEGRA INCORPORADORA S.A.,2021-06-30,25034000.0,T
025844,TEGRA INCORPORADORA S.A.,2021-09-30,83714000.0,T
025852,W2W E-COMMERCE DE VINHOS S.A.,2021-03-31,-452000.0,T
025852,W2W E-COMMERCE DE VINHOS S.A.,2021-06-30,11402000.0,T
025852,W2W E-COMMERCE DE VINHOS S.A.,2021-09-30,-2168000.0,T
025860,BRBI BR PARTNERS S.A,2021-03-31,30975000.0,T
025860,BRBI BR PARTNERS S.A,2021-06-30,34969000.0,T
025860,BRBI BR PARTNERS S.A,2021-09-30,41761000.0,T
025879,KORA SAÚDE PARTICIPAÇÕES S.A.,2021-03-31,14109000.0,T
025879,KORA SAÚDE PARTICIPAÇÕES S.A.,2021-06-30,20503000.0,T
025879,KORA SAÚDE PARTICIPAÇÕES S.A.,2021-09-30,-14717000.0,T
025895,LIVETECH DA BAHIA INDÚSTRIA E COMÉRCIO S.A.,2021-03-31,9450000.0,T
025895,LIVETECH DA BAHIA INDÚSTRIA E COMÉRCIO S.A.,2021-06-30,26724000.0,T
025895,LIVETECH DA BAHIA INDÚSTRIA E COMÉRCIO S.A.,2021-09-30,12099000.0,T
025909,EMCCAMP RESIDENCIAL S.A.,2021-03-31,14714000.0,T
025909,EMCCAMP RESIDENCIAL S.A.,2021-06-30,12584000.0,T
025909,EMCCAMP RESIDENCIAL S.A.,2021-09-30,14184000.0,T
025917,RAÍZEN S.A.,2021-06-30,780317000.0,T
025917,RAÍZEN S.A.,2021-09-30,730747000.0,T
025917,RAÍZEN S.A.,2021-12-31,1422510000.0,T
025925,BIONEXO S.A.,2021-03-31,736000.0,T
025925,BIONEXO S.A.,2021-06-30,-1063000.0,T
025925,BIONEXO S.A.,2021-09-30,-11078000.0,T
025933,HUMBERG AGRIBRASIL COMÉRCIO E EXPORTAÇÃO DE GRÃOS S.A.,2021-03-31,4196000.0,T
025933,HUMBERG AGRIBRASIL COMÉRCIO E EXPORTAÇÃO DE GRÃOS S.A.,2021-06-30,5867000.0,T
025933,HUMBERG AGRIBRASIL COMÉRCIO E EXPORTAÇÃO DE GRÃOS S.A.,2021-09-30,-7705000.0,T
025976,YUNY INCORPORADORA HOLDING S.A.,2021-03-31,3352.0,T
025976,YUNY INCORPORADORA HOLDING S.A.,2021-06-30,874.0,T
025976,YUNY INCORPORADORA HOLDING S.A.,2021-09-30,-7462.0,T
025984,COMPANHIA BRASILEIRA DE ALUMÍNIO,2021-03-31,-133213000.0,T
025984,COMPANHIA BRASILEIRA DE ALUMÍNIO,2021-06-30,396584000.0,T
025984,COMPANHIA BRASILEIRA DE ALUMÍNIO,2021-09-30,-40500000.0,T
025992,INTERCEMENT BRASIL S.A. - EM RECUPERAÇÃO JUDICIAL,2021-03-31,118300000.0,T
025992,INTERCEMENT BRASIL S.A. - EM RECUPERAÇÃO JUDICIAL,2021-06-30,191272000.0,T
025992,INTERCEMENT BRASIL S.A. - EM RECUPERAÇÃO JUDICIAL,2021-09-30,73417000.0,T
026000,TERRA SANTA PROPRIEDADES AGRÍCOLAS S.A.,2021-03-31,23399000.0,T
026000,TERRA SANTA PROPRIEDADES AGRÍCOLAS S.A.,2021-06-30,-5127000.0,T
026000,TERRA SANTA PROPRIEDADES AGRÍCOLAS S.A.,2021-09-30,-354000.0,T
026026,DESKTOP S.A.,2021-03-31,5274000.0,T
026026,DESKTOP S.A.,2021-06-30,-1260000.0,T
026026,DESKTOP S.A.,2021-09-30,12021000.0,T
026034,GRUPO MULTI S.A.,2021-03-31,193624000.0,T
026034,GRUPO MULTI S.A.,2021-06-30,202300000.0,T
026034,GRUPO MULTI S.A.,2021-09-30,225658000.0,T
026050,UNIFIQUE TELECOMUNICAÇÕES S.A.,2021-03-31,18657000.0,T
026050,UNIFIQUE TELECOMUNICAÇÕES S.A.,2021-06-30,16880000.0,T
026050,UNIFIQUE TELECOMUNICAÇÕES S.A.,2021-09-30,22171000.0,T
026069,"ARMAC LOCAÇÃO, LOGÍSTICA E SERVIÇOS S.A.",2021-09-30,13676000.0,T
026077,TC S.A.,2021-03-31,1166000.0,T
026077,TC S.A.,2021-06-30,-2203000.0,T
026077,TC S.A.,2021-09-30,11438000.0,T
026085,BRISANET PARTICIPAÇÕES S.A.,2021-03-31,-7224000.0,T
026085,BRISANET PARTICIPAÇÕES S.A.,2021-06-30,14538000.0,T
026085,BRISANET PARTICIPAÇÕES S.A.,2021-09-30,-6625000.0,T
026093,CLEAR SALE S.A.,2021-03-31,13754000.0,T
026093,CLEAR SALE S.A.,2021-06-30,1292000.0,T
026093,CLEAR SALE S.A.,2021-09-30,-45238000.0,T
026115,GUARARAPES PAINÉIS S.A.,2021-03-31,105539000.0,T
026115,GUARARAPES PAINÉIS S.A.,2021-06-30,132323000.0,T
026115,GUARARAPES PAINÉIS S.A.,2021-09-30,101696000.0,T
026115,GUARARAPES PAINÉIS S.A.,2021-12-31,88451000.0,T
026123,ONCOCLÍNICAS DO BRASIL SERVIÇOS MÉDICOS S.A.,2021-03-31,6593000.0,T
026123,ONCOCLÍNICAS DO BRASIL SERVIÇOS MÉDICOS S.A.,2021-06-30,-202528000.0,T
026123,ONCOCLÍNICAS DO BRASIL SERVIÇOS MÉDICOS S.A.,2021-09-30,150788000.0,T
026131,ENTALPIA PARTICIPAÇÕES S.A.,2021-03-31,1189000.0,T
026131,ENTALPIA PARTICIPAÇÕES S.A.,2021-06-30,6691000.0,T
026140,GETNET ADQ E SERV PARA MEIOS DE PAGTO S.A. - INST PAGTO,2021-03-31,56267000.0,T
026140,GETNET ADQ E SERV PARA MEIOS DE PAGTO S.A. - INST PAGTO,2021-06-30,131750000.0,T
026140,GETNET ADQ E SERV PARA MEIOS DE PAGTO S.A. - INST PAGTO,2021-09-30,88446000.0,T
026158,ESSENTIA PCHS S.A.,2021-03-31,28503000.0,T
026158,ESSENTIA PCHS S.A.,2021-06-30,19880000.0,T
026158,ESSENTIA PCHS S.A.,2021-09-30,82792000.0,T
026166,GRUPO FARTURA DE HORTIFRUT S.A.,2021-03-31,15528000.0,T
026166,GRUPO FARTURA DE HORTIFRUT S.A.,2021-06-30,18779000.0,T
026166,GRUPO FARTURA DE HORTIFRUT S.A.,2021-09-30,-2692000.0,T
026190,CARAMURU ALIMENTOS S.A.,2021-03-31,49994000.0,T
026190,CARAMURU ALIMENTOS S.A.,2021-06-30,146398000.0,T
026190,CARAMURU ALIMENTOS S.A.,2021-09-30,90160000.0,T
026204,BLUEFIT ACADEMIAS DE GINÁSTICA E PARTICIPAÇÕES S.A.,2021-03-31,-8150000.0,T
026204,BLUEFIT ACADEMIAS DE GINÁSTICA E PARTICIPAÇÕES S.A.,2021-06-30,-6901000.0,T
026204,BLUEFIT ACADEMIAS DE GINÁSTICA E PARTICIPAÇÕES S.A.,2021-09-30,-6961000.0,T
026247,WILSON SONS S.A.,2021-03-31,26707.0,T
026247,WILSON SONS S.A.,2021-06-30,120562000.0,T
026247,WILSON SONS S.A.,2021-09-30,34636000.0,T
026255,TIGRE S.A. PARTICIPAÇÕES,2021-03-31,97719000.0,T
026255,TIGRE S.A. PARTICIPAÇÕES,2021-06-30,181165000.0,T
026255,TIGRE S.A. PARTICIPAÇÕES,2021-09-30,229083000.0,T
026271,ENVIRONMENTAL ESG PARTICIPAÇÕES S.A.,2021-03-31,9452000.0,T
026271,ENVIRONMENTAL ESG PARTICIPAÇÕES S.A.,2021-06-30,6931000.0,T
026271,ENVIRONMENTAL ESG PARTICIPAÇÕES S.A.,2021-09-30,10121000.0,T
026280,COMERC ENERGIA S.A.,2021-03-31,7548000.0,T
026280,COMERC ENERGIA S.A.,2021-06-30,-36554000.0,T
026280,COMERC ENERGIA S.A.,2021-09-30,-10166000.0,T
026298,RIO ENERGY PARTICIPAÇÕES S.A.,2021-03-31,-11272000.0,T
026298,RIO ENERGY PARTICIPAÇÕES S.A.,2021-06-30,-18410000.0,T
026298,RIO ENERGY PARTICIPAÇÕES S.A.,2021-09-30,-21185000.0,T
026301,UNIGEL PARTICIPAÇÕES S.A.,2021-03-31,153759000.0,T
026301,UNIGEL PARTICIPAÇÕES S.A.,2021-06-30,554954000.0,T
026301,UNIGEL PARTICIPAÇÕES S.A.,2021-09-30,40698000.0,T
026328,MONTE RODOVIAS S.A.,2021-03-31,-134000.0,T
026328,MONTE RODOVIAS S.A.,2021-06-30,55910000.0,T
026328,MONTE RODOVIAS S.A.,2021-09-30,-700000.0,T
026336,FULWOOD S.A.,2021-03-31,16130000.0,T
026336,FULWOOD S.A.,2021-06-30,9434000.0,T
026336,FULWOOD S.A.,2021-09-30,3575000.0,T
026352,RODOVIAS DO BRASIL HOLDING S.A.,2021-06-30,-30084000.0,T
026352,RODOVIAS DO BRASIL HOLDING S.A.,2021-09-30,-18992000.0,T
026379,MADERO INDÚSTRIA E COMÉRCIO S.A.,2021-03-31,-55522000.0,T
026379,MADERO INDÚSTRIA E COMÉRCIO S.A.,2021-06-30,-34504000.0,T
026379,MADERO INDÚSTRIA E COMÉRCIO S.A.,2021-09-30,-25175000.0,T
026387,INTERPLAYERS SOLUÇÕES INTEGRADAS S.A.,2021-03-31,5352000.0,T
026387,INTERPLAYERS SOLUÇÕES INTEGRADAS S.A.,2021-06-30,5774000.0,T
026387,INTERPLAYERS SOLUÇÕES INTEGRADAS S.A.,2021-09-30,1435000.0,T
026395,ALMEIDA JUNIOR SHOPPING CENTERS S.A.,2021-03-31,8180000.0,T
026395,ALMEIDA JUNIOR SHOPPING CENTERS S.A.,2021-06-30,7782000.0,T
026395,ALMEIDA JUNIOR SHOPPING CENTERS S.A.,2021-09-30,-1961000.0,T
026409,VERO S.A.,2021-03-31,15102000.0,T
026409,VERO S.A.,2021-06-30,14575000.0,T
026409,VERO S.A.,2021-09-30,11147000.0,T
026417,OLIVEIRA TRUST S.A.,2021-03-31,13378000.0,T
026417,OLIVEIRA TRUST S.A.,2021-06-30,16961000.0,T
026417,OLIVEIRA TRUST S.A.,2021-09-30,24424000.0,T
026476,AMMO VAREJO S.A.,2021-06-30,-14657000.0,T
026476,AMMO VAREJO S.A.,2021-09-30,-10554000.0,T
026506,LUPO S.A.,2021-03-31,24122000.0,T
026506,LUPO S.A.,2021-06-30,98920000.0,T
026506,LUPO S.A.,2021-09-30,69142000.0,T
026514,ASA BRANCA HOLDING S.A.,2021-03-31,-2024000.0,T
026514,ASA BRANCA HOLDING S.A.,2021-06-30,-1895000.0,T
026514,ASA BRANCA HOLDING S.A.,2021-09-30,1463000.0,T
026522,CERRADINHO BIOENERGIA S.A.,2021-06-30,141944000.0,T
026522,CERRADINHO BIOENERGIA S.A.,2021-09-30,145000000.0,T
026522,CERRADINHO BIOENERGIA S.A.,2021-12-31,152883000.0,T
026530,CENCOSUD BRASIL COMERCIAL S.A.,2021-03-31,-31986000.0,T
026530,CENCOSUD BRASIL COMERCIAL S.A.,2021-06-30,34956000.0,T
026530,CENCOSUD BRASIL COMERCIAL S.A.,2021-09-30,-23297000.0,T
026549,CLARANET TECHNOLOGY S.A.,2021-09-30,-842000.0,T
026549,CLARANET TECHNOLOGY S.A.,2021-12-31,-2294000.0,T
026557,DATORA PARTICIPAÇÕES E SERVIÇOS S.A.,2021-03-31,5281000.0,T
026557,DATORA PARTICIPAÇÕES E SERVIÇOS S.A.,2021-06-30,8758000.0,T
026557,DATORA PARTICIPAÇÕES E SERVIÇOS S.A.,2021-09-30,0.0,T
026565,HOLDING DO ARAGUAIA S.A.,2021-09-30,-10279713.0,T
026573,TROCAFONE S.A.,2021-03-31,-4031000.0,T
026573,TROCAFONE S.A.,2021-06-30,-12029000.0,T
026573,TROCAFONE S.A.,2021-09-30,-21008000.0,T
026603,GSH CORP PARTICIPAÇÕES S.A.,2021-03-31,9692000.0,T
026603,GSH CORP PARTICIPAÇÕES S.A.,2021-06-30,15501000.0,T
026603,GSH CORP PARTICIPAÇÕES S.A.,2021-09-30,11237000.0,T
026620,AUREN ENERGIA S.A.,2021-03-31,39564000.0,T
026620,AUREN ENERGIA S.A.,2021-06-30,-86226000.0,T
026620,AUREN ENERGIA S.A.,2021-09-30,316526000.0,T
026689,HOLDING VERZANI E SANDRINI S.A.,2021-03-31,0.0,T
026689,HOLDING VERZANI E SANDRINI S.A.,2021-06-30,-31636000.0,T
026689,HOLDING VERZANI E SANDRINI S.A.,2021-09-30,6065000.0,T
026700,EUROFARMA LABORATÓRIOS S.A.,2021-03-31,321219000.0,T
026700,EUROFARMA LABORATÓRIOS S.A.,2021-06-30,112678000.0,T
026700,EUROFARMA LABORATÓRIOS S.A.,2021-09-30,246811000.0,T
026794,SELF IT ACADEMIAS HOLDING S.A.,2021-03-31,-14690000.0,T
026794,SELF IT ACADEMIAS HOLDING S.A.,2021-06-30,-16794000.0,T
026794,SELF IT ACADEMIAS HOLDING S.A.,2021-09-30,-12336000.0,T
080020,"GP INVESTMENTS, LTD.",2021-03-31,-149754000.0,T
080020,"GP INVESTMENTS, LTD.",2021-06-30,591416000.0,T
080020,"GP INVESTMENTS, LTD.",2021-09-30,271322000.0,T
080047,WILSON SONS LTD.,2021-03-31,25744000.0,T
080047,WILSON SONS LTD.,2021-06-30,120946000.0,T
080187,AURA MINERALS INC.,2021-03-31,76351000.0,T
080187,AURA MINERALS INC.,2021-06-30,190544000.0,T
080187,AURA MINERALS INC.,2021-09-30,-76195000.0,T
080209,NU HOLDINGS LTD.,2021-03-31,-271442000.0,T
080209,NU HOLDINGS LTD.,2021-06-30,-81985000.0,T
080209,NU HOLDINGS LTD.,2021-09-30,-179821000.0,T
000094,PANATLANTICA S.A.,2022-03-31,-13320000.0,T
000094,PANATLANTICA S.A.,2022-06-30,49772000.0,T
000094,PANATLANTICA S.A.,2022-09-30,19322000.0,T
000701,BIOMA EDUCAÇÃO S.A.,2022-03-31,-18068000.0,T
000701,BIOMA EDUCAÇÃO S.A.,2022-06-30,-35553000.0,T
000701,BIOMA EDUCAÇÃO S.A.,2022-09-30,-28105000.0,T
000906,BCO BRADESCO S.A.,2022-03-31,7268755000.0,T
000906,BCO BRADESCO S.A.,2022-06-30,7209326000.0,T
000906,BCO BRADESCO S.A.,2022-09-30,5909702000.0,T
001023,BCO BRASIL S.A.,2022-03-31,4974664000.0,T
001023,BCO BRASIL S.A.,2022-06-30,8721176000.0,T
001023,BCO BRASIL S.A.,2022-09-30,8083574000.0,T
001155,BANESTES S.A. - BCO EST ESPIRITO SANTO,2022-03-31,71784000.0,T
001155,BANESTES S.A. - BCO EST ESPIRITO SANTO,2022-06-30,114724000.0,T
001155,BANESTES S.A. - BCO EST ESPIRITO SANTO,2022-09-30,71518000.0,T
001210,BANCO DO ESTADO DO RIO GRANDE DO SUL SA,2022-03-31,118815000.0,T
001210,BANCO DO ESTADO DO RIO GRANDE DO SUL SA,2022-06-30,373448000.0,T
001210,BANCO DO ESTADO DO RIO GRANDE DO SUL SA,2022-09-30,76507000.0,T
001325,BCO MERCANTIL DO BRASIL S.A.,2022-03-31,55477000.0,T
001325,BCO MERCANTIL DO BRASIL S.A.,2022-06-30,64564000.0,T
001325,BCO MERCANTIL DO BRASIL S.A.,2022-09-30,28316000.0,T
001520,BARDELLA S.A. INDUSTRIAS MECANICAS EM RECUPERAÇÃO JUDICIAL,2022-03-31,-13721000.0,T
001520,BARDELLA S.A. INDUSTRIAS MECANICAS EM RECUPERAÇÃO JUDICIAL,2022-06-30,-7433000.0,T
001520,BARDELLA S.A. INDUSTRIAS MECANICAS EM RECUPERAÇÃO JUDICIAL,2022-09-30,16218000.0,T
001562,BAUMER S.A.,2022-03-31,-3246000.0,T
001562,BAUMER S.A.,2022-06-30,5756000.0,T
001562,BAUMER S.A.,2022-09-30,2906000.0,T
002100,CAMBUCI S.A.,2022-03-31,7525000.0,T
002100,CAMBUCI S.A.,2022-06-30,15094000.0,T
002100,CAMBUCI S.A.,2022-09-30,21296000.0,T
002429,IRANI PAPEL E EMBALAGEM S.A.,2022-03-31,112148000.0,T
002429,IRANI PAPEL E EMBALAGEM S.A.,2022-06-30,84613000.0,T
002429,IRANI PAPEL E EMBALAGEM S.A.,2022-09-30,95530000.0,T
002437,AXIA ENERGIA S.A.,2022-03-31,2716375000.0,T
002437,AXIA ENERGIA S.A.,2022-06-30,1400718000.0,T
002437,AXIA ENERGIA S.A.,2022-09-30,-88000.0,T
002453,CIA ENERGETICA DE MINAS GERAIS - CEMIG,2022-03-31,1455571000.0,T
002453,CIA ENERGETICA DE MINAS GERAIS - CEMIG,2022-06-30,49876000.0,T
002453,CIA ENERGETICA DE MINAS GERAIS - CEMIG,2022-09-30,1182353000.0,T
002461,CENTRAIS ELET DE SANTA CATARINA S.A.,2022-03-31,259859000.0,T
002461,CENTRAIS ELET DE SANTA CATARINA S.A.,2022-06-30,101166000.0,T
002461,CENTRAIS ELET DE SANTA CATARINA S.A.,2022-09-30,76165000.0,T
002577,CESP - CIA ENERGETICA DE SAO PAULO,2022-03-31,-114000.0,T
002577,CESP - CIA ENERGETICA DE SAO PAULO,2022-06-30,-8715000.0,T
002577,CESP - CIA ENERGETICA DE SAO PAULO,2022-09-30,70192000.0,T
003069,CIA FERRO LIGAS DA BAHIA - FERBASA,2022-03-31,252265000.0,T
003069,CIA FERRO LIGAS DA BAHIA - FERBASA,2022-06-30,380907000.0,T
003069,CIA FERRO LIGAS DA BAHIA - FERBASA,2022-09-30,277310000.0,T
003077,CIA FIACAO TECIDOS CEDRO CACHOEIRA,2022-03-31,-13787000.0,T
003077,CIA FIACAO TECIDOS CEDRO CACHOEIRA,2022-06-30,-20459000.0,T
003077,CIA FIACAO TECIDOS CEDRO CACHOEIRA,2022-09-30,13521000.0,T
003115,CIA SEGUROS ALIANCA DA BAHIA,2022-03-31,6507000.0,T
003115,CIA SEGUROS ALIANCA DA BAHIA,2022-06-30,4756000.0,T
003115,CIA SEGUROS ALIANCA DA BAHIA,2022-09-30,2955000.0,T
003158,CIA TECIDOS NORTE DE MINAS COTEMINAS,2022-03-31,-89508000.0,T
003158,CIA TECIDOS NORTE DE MINAS COTEMINAS,2022-06-30,-174211000.0,T
003158,CIA TECIDOS NORTE DE MINAS COTEMINAS,2022-09-30,-202672000.0,T
003190,REDE ENERGIA PARTICIPAÇÕES S.A.,2022-03-31,624626000.0,T
003190,REDE ENERGIA PARTICIPAÇÕES S.A.,2022-06-30,570603000.0,T
003190,REDE ENERGIA PARTICIPAÇÕES S.A.,2022-09-30,421514000.0,T
003204,CPFL TRANSMISSÃO S.A.,2022-03-31,155690000.0,T
003204,CPFL TRANSMISSÃO S.A.,2022-06-30,179047000.0,T
003204,CPFL TRANSMISSÃO S.A.,2022-09-30,167527000.0,T
003298,CIA HABITASUL DE PARTICIPACOES,2022-03-31,22061000.0,T
003298,CIA HABITASUL DE PARTICIPACOES,2022-06-30,9921000.0,T
003298,CIA HABITASUL DE PARTICIPACOES,2022-09-30,18038000.0,T
003395,COMPANHIA INDUSTRIAL CATAGUASES,2022-03-31,3963000.0,T
003395,COMPANHIA INDUSTRIAL CATAGUASES,2022-06-30,-626000.0,T
003395,COMPANHIA INDUSTRIAL CATAGUASES,2022-09-30,15078000.0,T
003549,CIA INDUSTRIAL SCHLOSSER S.A.,2022-03-31,-21.0,T
003549,CIA INDUSTRIAL SCHLOSSER S.A.,2022-06-30,-34.0,T
003549,CIA INDUSTRIAL SCHLOSSER S.A.,2022-09-30,-48.0,T
003654,CIA MELHORAMENTOS DE SAO PAULO,2022-03-31,-1694000.0,T
003654,CIA MELHORAMENTOS DE SAO PAULO,2022-06-30,-14716000.0,T
003654,CIA MELHORAMENTOS DE SAO PAULO,2022-09-30,-7390000.0,T
003980,GERDAU S.A.,2022-03-31,2940385000.0,T
003980,GERDAU S.A.,2022-06-30,4298499000.0,T
003980,GERDAU S.A.,2022-09-30,3022246000.0,T
004030,CIA SIDERURGICA NACIONAL,2022-03-31,1363943000.0,T
004030,CIA SIDERURGICA NACIONAL,2022-06-30,369331000.0,T
004030,CIA SIDERURGICA NACIONAL,2022-09-30,237632000.0,T
004081,CIA TECIDOS SANTANENSE EM RECUPERAÇÃO JUDICIAL,2022-03-31,-3553000.0,T
004081,CIA TECIDOS SANTANENSE EM RECUPERAÇÃO JUDICIAL,2022-06-30,-12259000.0,T
004081,CIA TECIDOS SANTANENSE EM RECUPERAÇÃO JUDICIAL,2022-09-30,-9615000.0,T
004146,KARSTEN S.A.,2022-03-31,-17390000.0,T
004146,KARSTEN S.A.,2022-06-30,-10824000.0,T
004146,KARSTEN S.A.,2022-09-30,-394000.0,T
004170,VALE S.A.,2022-03-31,23163000000.0,T
004170,VALE S.A.,2022-06-30,30285000000.0,T
004170,VALE S.A.,2022-09-30,23228000000.0,T
004448,COBRASMA S.A.,2022-03-31,-943532000.0,T
004448,COBRASMA S.A.,2022-06-30,-782662000.0,T
004448,COBRASMA S.A.,2022-09-30,-525773000.0,T
004537,GRAZZIOTIN S.A.,2022-03-31,23502000.0,T
004537,GRAZZIOTIN S.A.,2022-06-30,49192000.0,T
004537,GRAZZIOTIN S.A.,2022-09-30,22137000.0,T
004669,GUARARAPES CONFECCOES S.A.,2022-03-31,-80138000.0,T
004669,GUARARAPES CONFECCOES S.A.,2022-06-30,26383000.0,T
004669,GUARARAPES CONFECCOES S.A.,2022-09-30,3478000.0,T
004693,CONSERVAS ODERICH S.A.,2022-03-31,39527000.0,T
004693,CONSERVAS ODERICH S.A.,2022-06-30,8770000.0,T
004693,CONSERVAS ODERICH S.A.,2022-09-30,22184000.0,T
004707,CONSORCIO ALFA DE ADMINISTRACAO S.A.,2022-03-31,8272000.0,T
004707,CONSORCIO ALFA DE ADMINISTRACAO S.A.,2022-06-30,22369000.0,T
004707,CONSORCIO ALFA DE ADMINISTRACAO S.A.,2022-09-30,83546000.0,T
004723,CONSTRUTORA ADOLPHO LINDENBERG S.A.,2022-03-31,-1448000.0,T
004723,CONSTRUTORA ADOLPHO LINDENBERG S.A.,2022-06-30,-3041000.0,T
004723,CONSTRUTORA ADOLPHO LINDENBERG S.A.,2022-09-30,5886000.0,T
004820,BRASKEM S.A.,2022-03-31,3947379000.0,T
004820,BRASKEM S.A.,2022-06-30,-1462699000.0,T
004820,BRASKEM S.A.,2022-09-30,-1421792000.0,T
004863,CORREA RIBEIRO S.A. COMERCIO E INDUSTRIA,2022-03-31,573000.0,T
004863,CORREA RIBEIRO S.A. COMERCIO E INDUSTRIA,2022-06-30,-170000.0,T
004863,CORREA RIBEIRO S.A. COMERCIO E INDUSTRIA,2022-09-30,-541000.0,T
005258,RAIA DROGASIL S.A.,2022-03-31,143909000.0,T
005258,RAIA DROGASIL S.A.,2022-06-30,363487000.0,T
005258,RAIA DROGASIL S.A.,2022-09-30,219976000.0,T
005312,MUNDIAL S.A. - PRODUTOS DE CONSUMO,2022-03-31,-12699000.0,T
005312,MUNDIAL S.A. - PRODUTOS DE CONSUMO,2022-06-30,-5471000.0,T
005312,MUNDIAL S.A. - PRODUTOS DE CONSUMO,2022-09-30,-11995000.0,T
005380,ELECTRO ACO ALTONA S.A.,2022-03-31,10828000.0,T
005380,ELECTRO ACO ALTONA S.A.,2022-06-30,12662000.0,T
005380,ELECTRO ACO ALTONA S.A.,2022-09-30,6944000.0,T
005410,WEG S.A.,2022-03-31,953482000.0,T
005410,WEG S.A.,2022-06-30,926120000.0,T
005410,WEG S.A.,2022-09-30,1174204000.0,T
005762,ETERNIT S.A.,2022-03-31,42297000.0,T
005762,ETERNIT S.A.,2022-06-30,40346000.0,T
005762,ETERNIT S.A.,2022-09-30,41040000.0,T
005770,EUCATEX S.A. INDUSTRIA E COMERCIO,2022-03-31,85373000.0,T
005770,EUCATEX S.A. INDUSTRIA E COMERCIO,2022-06-30,45082000.0,T
005770,EUCATEX S.A. INDUSTRIA E COMERCIO,2022-09-30,45050000.0,T
005983,FIACAO E TECELAGEM SAO JOSE SA EM RECUPERACAO JUDICIAL,2022-03-31,-1533000.0,T
005983,FIACAO E TECELAGEM SAO JOSE SA EM RECUPERACAO JUDICIAL,2022-06-30,-1541000.0,T
005983,FIACAO E TECELAGEM SAO JOSE SA EM RECUPERACAO JUDICIAL,2022-09-30,-1707000.0,T
006173,TAURUS ARMAS S.A.,2022-03-31,194993000.0,T
006173,TAURUS ARMAS S.A.,2022-06-30,100819000.0,T
006173,TAURUS ARMAS S.A.,2022-09-30,103139000.0,T
006211,FRASLE MOBILITY S.A.,2022-03-31,27879000.0,T
006211,FRASLE MOBILITY S.A.,2022-06-30,66805000.0,T
006211,FRASLE MOBILITY S.A.,2022-09-30,73327000.0,T
006343,TUPY S.A.,2022-03-31,73999000.0,T
006343,TUPY S.A.,2022-06-30,179573000.0,T
006343,TUPY S.A.,2022-09-30,192249000.0,T
006505,GRUPO CASAS BAHIA S.A.,2022-03-31,18000000.0,T
006505,GRUPO CASAS BAHIA S.A.,2022-06-30,6000000.0,T
006505,GRUPO CASAS BAHIA S.A.,2022-09-30,-203000000.0,T
006700,HOTEIS OTHON S.A. - EM RECUPERAÇÃO JUDICIAL,2022-03-31,-22067000.0,T
006700,HOTEIS OTHON S.A. - EM RECUPERAÇÃO JUDICIAL,2022-06-30,148671000.0,T
006700,HOTEIS OTHON S.A. - EM RECUPERAÇÃO JUDICIAL,2022-09-30,16799000.0,T
006815,IGB ELETRONICA S.A - EM RECUPERACAO JUDICIAL,2022-03-31,-9665000.0,T
006815,IGB ELETRONICA S.A - EM RECUPERACAO JUDICIAL,2022-06-30,-13690000.0,T
006815,IGB ELETRONICA S.A - EM RECUPERACAO JUDICIAL,2022-09-30,415155000.0,T
007510,ROMI S.A.,2022-03-31,30504000.0,T
007510,ROMI S.A.,2022-06-30,33000000.0,T
007510,ROMI S.A.,2022-09-30,64920000.0,T
007544,TEXTIL RENAUXVIEW S.A.,2022-03-31,-1594000.0,T
007544,TEXTIL RENAUXVIEW S.A.,2022-06-30,-5080000.0,T
007544,TEXTIL RENAUXVIEW S.A.,2022-09-30,8817000.0,T
007595,INEPAR S.A. INDUSTRIA E CONSTRUCOES EM RECUPERACAO JUDICIAL,2022-03-31,-54545000.0,T
007595,INEPAR S.A. INDUSTRIA E CONSTRUCOES EM RECUPERACAO JUDICIAL,2022-06-30,-68291000.0,T
007595,INEPAR S.A. INDUSTRIA E CONSTRUCOES EM RECUPERACAO JUDICIAL,2022-09-30,-63480000.0,T
007617,ITAÚSA S.A.,2022-03-31,3859000000.0,T
007617,ITAÚSA S.A.,2022-06-30,3181000000.0,T
007617,ITAÚSA S.A.,2022-09-30,3651000000.0,T
007811,JOAO FORTES ENGENHARIA S.A. - EM RECUPERAÇÃO JUDICIAL,2022-03-31,-39605000.0,T
007811,JOAO FORTES ENGENHARIA S.A. - EM RECUPERAÇÃO JUDICIAL,2022-06-30,-17048000.0,T
007811,JOAO FORTES ENGENHARIA S.A. - EM RECUPERAÇÃO JUDICIAL,2022-09-30,-25673000.0,T
007870,KEPLER WEBER S.A.,2022-03-31,93640000.0,T
007870,KEPLER WEBER S.A.,2022-06-30,60168000.0,T
007870,KEPLER WEBER S.A.,2022-09-30,115648000.0,T
008133,LOJAS RENNER S.A.,2022-03-31,191630000.0,T
008133,LOJAS RENNER S.A.,2022-06-30,360389000.0,T
008133,LOJAS RENNER S.A.,2022-09-30,257862000.0,T
008192,TREVISA INVESTIMENTOS S.A.,2022-03-31,4744000.0,T
008192,TREVISA INVESTIMENTOS S.A.,2022-06-30,1702000.0,T
008192,TREVISA INVESTIMENTOS S.A.,2022-09-30,3319000.0,T
008397,MANGELS INDUSTRIAL S.A.,2022-03-31,80370000.0,T
008397,MANGELS INDUSTRIAL S.A.,2022-06-30,-18718000.0,T
008397,MANGELS INDUSTRIAL S.A.,2022-09-30,584000.0,T
008427,MANUFATURA DE BRINQUEDOS ESTRELA S.A.,2022-03-31,-14735000.0,T
008427,MANUFATURA DE BRINQUEDOS ESTRELA S.A.,2022-06-30,905000.0,T
008427,MANUFATURA DE BRINQUEDOS ESTRELA S.A.,2022-09-30,-6946000.0,T
008451,MARCOPOLO S.A.,2022-03-31,98043000.0,T
008451,MARCOPOLO S.A.,2022-06-30,26846000.0,T
008451,MARCOPOLO S.A.,2022-09-30,46653000.0,T
008575,MAHLE METAL LEVE S.A.,2022-03-31,122620000.0,T
008575,MAHLE METAL LEVE S.A.,2022-06-30,113618000.0,T
008575,MAHLE METAL LEVE S.A.,2022-09-30,203988000.0,T
008656,METALURGICA GERDAU S.A.,2022-03-31,2952261000.0,T
008656,METALURGICA GERDAU S.A.,2022-06-30,4267121000.0,T
008656,METALURGICA GERDAU S.A.,2022-09-30,3035562000.0,T
008672,IGUATEMI S.A.,2022-03-31,-16355000.0,T
008672,IGUATEMI S.A.,2022-06-30,-131795000.0,T
008672,IGUATEMI S.A.,2022-09-30,66150000.0,T
008745,METANOR SA METANOL DO NE,2022-03-31,8308000.0,T
008745,METANOR SA METANOL DO NE,2022-06-30,6875000.0,T
008745,METANOR SA METANOL DO NE,2022-09-30,4013000.0,T
008753,METISA METALURGICA TIMBOENSE S.A.,2022-03-31,16432727.0,T
008753,METISA METALURGICA TIMBOENSE S.A.,2022-06-30,23486870.0,T
008753,METISA METALURGICA TIMBOENSE S.A.,2022-09-30,27739675.0,T
008893,MONTEIRO ARANHA S.A.,2022-03-31,1908000.0,T
008893,MONTEIRO ARANHA S.A.,2022-06-30,-21036000.0,T
008893,MONTEIRO ARANHA S.A.,2022-09-30,55085000.0,T
009067,SUZANO HOLDING S.A.,2022-03-31,10303684000.0,T
009067,SUZANO HOLDING S.A.,2022-06-30,181272000.0,T
009067,SUZANO HOLDING S.A.,2022-09-30,5449330000.0,T
009342,DIMED S.A. DISTRIBUIDORA DE MEDICAMENTOS,2022-03-31,20608000.0,T
009342,DIMED S.A. DISTRIBUIDORA DE MEDICAMENTOS,2022-06-30,23362000.0,T
009342,DIMED S.A. DISTRIBUIDORA DE MEDICAMENTOS,2022-09-30,18244000.0,T
009393,PARANAPANEMA S.A. - EM RECUPERAÇÃO JUDICIAL,2022-03-31,169690000.0,T
009393,PARANAPANEMA S.A. - EM RECUPERAÇÃO JUDICIAL,2022-06-30,-562335000.0,T
009393,PARANAPANEMA S.A. - EM RECUPERAÇÃO JUDICIAL,2022-09-30,-317006000.0,T
009512,PETROLEO BRASILEIRO S.A. PETROBRAS,2022-03-31,44783000000.0,T
009512,PETROLEO BRASILEIRO S.A. PETROBRAS,2022-06-30,54484000000.0,T
009512,PETROLEO BRASILEIRO S.A. PETROBRAS,2022-09-30,46236000000.0,T
009539,PETTENATI S.A. INDUSTRIA TEXTIL,2022-03-31,18341652.0,T
009539,PETTENATI S.A. INDUSTRIA TEXTIL,2022-09-30,15801318.0,T
009539,PETTENATI S.A. INDUSTRIA TEXTIL,2022-12-31,15879371.0,T
009989,REFINARIA DE PETROLEOS MANGUINHOS S.A.,2022-03-31,-147142000.0,T
009989,REFINARIA DE PETROLEOS MANGUINHOS S.A.,2022-06-30,-153938000.0,T
009989,REFINARIA DE PETROLEOS MANGUINHOS S.A.,2022-09-30,-377768000.0,T
010456,ALPARGATAS S.A.,2022-03-31,20795000.0,T
010456,ALPARGATAS S.A.,2022-06-30,63797000.0,T
010456,ALPARGATAS S.A.,2022-09-30,44916000.0,T
010472,SARAIVA LIVREIROS S.A. - EM RECUPERAÇÃO JUDICIAL,2022-03-31,-6894000.0,T
010472,SARAIVA LIVREIROS S.A. - EM RECUPERAÇÃO JUDICIAL,2022-06-30,20153000.0,T
010472,SARAIVA LIVREIROS S.A. - EM RECUPERAÇÃO JUDICIAL,2022-09-30,84346000.0,T
010880,SONDOTECNICA ENGENHARIA SOLOS S.A.,2022-03-31,1725000.0,T
010880,SONDOTECNICA ENGENHARIA SOLOS S.A.,2022-06-30,839000.0,T
010880,SONDOTECNICA ENGENHARIA SOLOS S.A.,2022-09-30,2942000.0,T
011070,WLM PART. E COMÉRCIO DE MÁQUINAS E VEÍCULOS S.A.,2022-03-31,18086000.0,T
011070,WLM PART. E COMÉRCIO DE MÁQUINAS E VEÍCULOS S.A.,2022-06-30,34445000.0,T
011070,WLM PART. E COMÉRCIO DE MÁQUINAS E VEÍCULOS S.A.,2022-09-30,32220000.0,T
011207,TECNOSOLO ENGENHARIA S.A. - EMPRESA FALIDA,2022-03-31,-184000.0,T
011207,TECNOSOLO ENGENHARIA S.A. - EMPRESA FALIDA,2022-06-30,-183000.0,T
011223,TEKA-TECELAGEM KUEHNRICH S.A. - EM RECUPERAÇÃO JUDICIAL,2022-03-31,-37964000.0,T
011223,TEKA-TECELAGEM KUEHNRICH S.A. - EM RECUPERAÇÃO JUDICIAL,2022-06-30,-46192000.0,T
011223,TEKA-TECELAGEM KUEHNRICH S.A. - EM RECUPERAÇÃO JUDICIAL,2022-09-30,-39024000.0,T
011231,TEKNO S.A. - INDUSTRIA E COMERCIO,2022-03-31,11644000.0,T
011231,TEKNO S.A. - INDUSTRIA E COMERCIO,2022-06-30,13414000.0,T
011231,TEKNO S.A. - INDUSTRIA E COMERCIO,2022-09-30,13176000.0,T
011312,OI S.A. - EM RECUPERAÇÃO JUDICIAL,2022-03-31,1783947000.0,T
011312,OI S.A. - EM RECUPERAÇÃO JUDICIAL,2022-06-30,-320659000.0,T
011312,OI S.A. - EM RECUPERAÇÃO JUDICIAL,2022-09-30,-3062457000.0,T
011592,UNIPAR CARBOCLORO S.A.,2022-03-31,449030000.0,T
011592,UNIPAR CARBOCLORO S.A.,2022-06-30,539150000.0,T
011592,UNIPAR CARBOCLORO S.A.,2022-09-30,197790000.0,T
011762,VULCABRAS S.A.,2022-03-31,53981000.0,T
011762,VULCABRAS S.A.,2022-06-30,103758000.0,T
011762,VULCABRAS S.A.,2022-09-30,97891000.0,T
011932,IOCHPE MAXION S.A.,2022-03-31,188712000.0,T
011932,IOCHPE MAXION S.A.,2022-06-30,219191000.0,T
011932,IOCHPE MAXION S.A.,2022-09-30,89589000.0,T
011975,AZEVEDO E TRAVASSOS S.A.,2022-03-31,11675000.0,T
011975,AZEVEDO E TRAVASSOS S.A.,2022-06-30,-21599000.0,T
011975,AZEVEDO E TRAVASSOS S.A.,2022-09-30,-40888000.0,T
011991,WETZEL S.A.,2022-03-31,-943000.0,T
011991,WETZEL S.A.,2022-06-30,-3656000.0,T
011991,WETZEL S.A.,2022-09-30,30275000.0,T
012190,BOMBRIL S.A. - EM RECUPERAÇÃO JUDICIAL,2022-03-31,-24695000.0,T
012190,BOMBRIL S.A. - EM RECUPERAÇÃO JUDICIAL,2022-06-30,7946000.0,T
012190,BOMBRIL S.A. - EM RECUPERAÇÃO JUDICIAL,2022-09-30,15744000.0,T
012572,RECRUSUL S.A.,2022-03-31,106000.0,T
012572,RECRUSUL S.A.,2022-06-30,-1185000.0,T
012572,RECRUSUL S.A.,2022-09-30,-945000.0,T
012653,KLABIN S.A.,2022-03-31,874873000.0,T
012653,KLABIN S.A.,2022-06-30,971651000.0,T
012653,KLABIN S.A.,2022-09-30,2052755000.0,T
012696,SANSUY S.A. INDUSTRIA DE PLASTICOS,2022-03-31,-46503000.0,T
012696,SANSUY S.A. INDUSTRIA DE PLASTICOS,2022-06-30,-41065000.0,T
012696,SANSUY S.A. INDUSTRIA DE PLASTICOS,2022-09-30,-42700000.0,T
012823,ALIPERTI S.A.,2022-03-31,-4428000.0,T
012823,ALIPERTI S.A.,2022-06-30,12483000.0,T
012823,ALIPERTI S.A.,2022-09-30,2819000.0,T
013030,CONSTRUTORA SULTEPA S.A. - EM RECUPERAÇÃO JUDICIAL,2022-03-31,27081000.0,T
013030,CONSTRUTORA SULTEPA S.A. - EM RECUPERAÇÃO JUDICIAL,2022-06-30,25938000.0,T
013030,CONSTRUTORA SULTEPA S.A. - EM RECUPERAÇÃO JUDICIAL,2022-09-30,3116000.0,T
013285,JOSAPAR-JOAQUIM OLIVEIRA S.A. - PARTICIP,2022-03-31,7227000.0,T
013285,JOSAPAR-JOAQUIM OLIVEIRA S.A. - PARTICIP,2022-06-30,15725000.0,T
013285,JOSAPAR-JOAQUIM OLIVEIRA S.A. - PARTICIP,2022-09-30,9647000.0,T
013366,HAGA S.A. INDUSTRIA E COMERCIO,2022-03-31,-708831.0,T
013366,HAGA S.A. INDUSTRIA E COMERCIO,2022-06-30,-477707.0,T
013366,HAGA S.A. INDUSTRIA E COMERCIO,2022-09-30,338975.0,T
013439,METALURGICA RIOSULENSE S.A.,2022-03-31,13181000.0,T
013439,METALURGICA RIOSULENSE S.A.,2022-06-30,15607000.0,T
013439,METALURGICA RIOSULENSE S.A.,2022-09-30,19732000.0,T
013471,PLASCAR PARTICIPACOES INDUSTRIAIS S.A.,2022-03-31,-20111000.0,T
013471,PLASCAR PARTICIPACOES INDUSTRIAIS S.A.,2022-06-30,-16736000.0,T
013471,PLASCAR PARTICIPACOES INDUSTRIAIS S.A.,2022-09-30,-23516000.0,T
013765,MINUPAR PARTICIPACOES S.A.,2022-03-31,-6434000.0,T
013765,MINUPAR PARTICIPACOES S.A.,2022-06-30,23095000.0,T
013765,MINUPAR PARTICIPACOES S.A.,2022-09-30,7278000.0,T
013773,PBG S/A,2022-03-31,37645000.0,T
013773,PBG S/A,2022-06-30,53826000.0,T
013773,PBG S/A,2022-09-30,52478000.0,T
013781,SAO CARLOS EMPREEND E PARTICIPACOES S.A.,2022-03-31,-20966000.0,T
013781,SAO CARLOS EMPREEND E PARTICIPACOES S.A.,2022-06-30,-28192000.0,T
013781,SAO CARLOS EMPREEND E PARTICIPACOES S.A.,2022-09-30,-21891000.0,T
013986,SUZANO S.A.,2022-03-31,10306110000.0,T
013986,SUZANO S.A.,2022-06-30,181789000.0,T
013986,SUZANO S.A.,2022-09-30,5448098000.0,T
014109,RANDONCORP S.A.,2022-03-31,170329000.0,T
014109,RANDONCORP S.A.,2022-06-30,158226000.0,T
014109,RANDONCORP S.A.,2022-09-30,208176000.0,T
014206,BRB BANCO DE BRASILIA S.A.,2022-03-31,9200000.0,T
014206,BRB BANCO DE BRASILIA S.A.,2022-06-30,74419000.0,T
014206,BRB BANCO DE BRASILIA S.A.,2022-09-30,-101870000.0,T
014311,CIA PARANAENSE DE ENERGIA - COPEL,2022-03-31,669791000.0,T
014311,CIA PARANAENSE DE ENERGIA - COPEL,2022-06-30,-522371000.0,T
014311,CIA PARANAENSE DE ENERGIA - COPEL,2022-09-30,378391000.0,T
014320,USINAS SID DE MINAS GERAIS S.A.-USIMINAS,2022-03-31,1263169000.0,T
014320,USINAS SID DE MINAS GERAIS S.A.-USIMINAS,2022-06-30,1059930000.0,T
014320,USINAS SID DE MINAS GERAIS S.A.-USIMINAS,2022-09-30,608575000.0,T
014346,WHIRLPOOL S.A.,2022-03-31,123129000.0,T
014346,WHIRLPOOL S.A.,2022-06-30,137243000.0,T
014346,WHIRLPOOL S.A.,2022-09-30,121408000.0,T
014451,COMPANHIA ENERGÉTICA DE BRASÍLIA - CEB,2022-03-31,53590000.0,T
014451,COMPANHIA ENERGÉTICA DE BRASÍLIA - CEB,2022-06-30,91808000.0,T
014451,COMPANHIA ENERGÉTICA DE BRASÍLIA - CEB,2022-09-30,50372000.0,T
014460,CYRELA BRAZIL REALTY S.A.EMPREEND E PART,2022-03-31,170657000.0,T
014460,CYRELA BRAZIL REALTY S.A.EMPREEND E PART,2022-06-30,161614000.0,T
014460,CYRELA BRAZIL REALTY S.A.EMPREEND E PART,2022-09-30,309597000.0,T
014664,SCHULZ S.A.,2022-03-31,38188000.0,T
014664,SCHULZ S.A.,2022-06-30,52768000.0,T
014664,SCHULZ S.A.,2022-09-30,84261000.0,T
014826,CIA BRASILEIRA DE DISTRIBUICAO,2022-03-31,1425000000.0,T
014826,CIA BRASILEIRA DE DISTRIBUICAO,2022-06-30,-124000000.0,T
014826,CIA BRASILEIRA DE DISTRIBUICAO,2022-09-30,-244000000.0,T
015253,ENERGISA S.A.,2022-03-31,580684000.0,T
015253,ENERGISA S.A.,2022-06-30,989696000.0,T
015253,ENERGISA S.A.,2022-09-30,474745000.0,T
015423,FICTOR ALIMENTOS S.A. - EM RECUPERAÇÃO JUDICIAL,2022-03-31,8651000.0,T
015423,FICTOR ALIMENTOS S.A. - EM RECUPERAÇÃO JUDICIAL,2022-06-30,731000.0,T
015423,FICTOR ALIMENTOS S.A. - EM RECUPERAÇÃO JUDICIAL,2022-09-30,1150000.0,T
015458,EMBPAR PARTICIPAÇÕES S/A,2022-03-31,8841000.0,T
015458,EMBPAR PARTICIPAÇÕES S/A,2022-06-30,-1473000.0,T
015458,EMBPAR PARTICIPAÇÕES S/A,2022-09-30,24991000.0,T
015539,NEOENERGIA S.A.,2022-03-31,1238000000.0,T
015539,NEOENERGIA S.A.,2022-06-30,1093000000.0,T
015539,NEOENERGIA S.A.,2022-09-30,1502000000.0,T
016101,GAFISA S.A.,2022-03-31,119000.0,T
016101,GAFISA S.A.,2022-06-30,-30229000.0,T
016101,GAFISA S.A.,2022-09-30,-49358000.0,T
016292,BRF S.A.,2022-03-31,-1581001000.0,T
016292,BRF S.A.,2022-06-30,-467525000.0,T
016292,BRF S.A.,2022-09-30,-136785000.0,T
016306,ROSSI RESIDENCIAL S.A. - EM RECUPERAÇÃO JUDICIAL,2022-03-31,-156174000.0,T
016306,ROSSI RESIDENCIAL S.A. - EM RECUPERAÇÃO JUDICIAL,2022-06-30,-58773000.0,T
016306,ROSSI RESIDENCIAL S.A. - EM RECUPERAÇÃO JUDICIAL,2022-09-30,-34451000.0,T
016438,SUL 116 PARTICIPAÇÕES S.A. - EM LIQUIDAÇÃO,2022-03-31,8000.0,T
016438,SUL 116 PARTICIPAÇÕES S.A. - EM LIQUIDAÇÃO,2022-06-30,-72000.0,T
016438,SUL 116 PARTICIPAÇÕES S.A. - EM LIQUIDAÇÃO,2022-09-30,75000.0,T
016632,DEXXOS PARTICIPAÇÕES S.A.,2022-03-31,67834000.0,T
016632,DEXXOS PARTICIPAÇÕES S.A.,2022-06-30,35828000.0,T
016632,DEXXOS PARTICIPAÇÕES S.A.,2022-09-30,34770000.0,T
016659,PORTO SEGURO S.A.,2022-03-31,175105000.0,T
016659,PORTO SEGURO S.A.,2022-06-30,131455000.0,T
016659,PORTO SEGURO S.A.,2022-09-30,276482000.0,T
016675,CEL PARTICIPAÇÕES S.A. - CELPAR,2022-03-31,59555.0,T
016675,CEL PARTICIPAÇÕES S.A. - CELPAR,2022-06-30,-288759.0,T
016675,CEL PARTICIPAÇÕES S.A. - CELPAR,2022-09-30,55667.0,T
016705,YBYRÁ CAPITAL S.A.,2022-03-31,-310508.0,T
016705,YBYRÁ CAPITAL S.A.,2022-06-30,-82509.0,T
016705,YBYRÁ CAPITAL S.A.,2022-09-30,-68208.0,T
016993,EMAE - EMPRESA METROP. DE AGUAS E ENERGIA S.A.,2022-03-31,25782000.0,T
016993,EMAE - EMPRESA METROP. DE AGUAS E ENERGIA S.A.,2022-06-30,29626000.0,T
016993,EMAE - EMPRESA METROP. DE AGUAS E ENERGIA S.A.,2022-09-30,18089000.0,T
017329,ENGIE BRASIL ENERGIA S.A.,2022-03-31,645052000.0,T
017329,ENGIE BRASIL ENERGIA S.A.,2022-06-30,394594000.0,T
017329,ENGIE BRASIL ENERGIA S.A.,2022-09-30,734295000.0,T
017450,RUMO S.A.,2022-03-31,-68251000.0,T
017450,RUMO S.A.,2022-06-30,30131000.0,T
017450,RUMO S.A.,2022-09-30,309136000.0,T
017671,TELEFÔNICA BRASIL S.A,2022-03-31,749928000.0,T
017671,TELEFÔNICA BRASIL S.A,2022-06-30,745630000.0,T
017671,TELEFÔNICA BRASIL S.A,2022-09-30,1436467000.0,T
017868,INEPAR EQUIPAMENTOS E MONTAGENS S/A - EM RECUPERACAO JUDICIA,2022-03-31,-2812000.0,T
017868,INEPAR EQUIPAMENTOS E MONTAGENS S/A - EM RECUPERACAO JUDICIA,2022-06-30,-1633000.0,T
017868,INEPAR EQUIPAMENTOS E MONTAGENS S/A - EM RECUPERACAO JUDICIA,2022-09-30,-2810000.0,T
017892,SANTOS BRASIL PARTICIPACOES S.A.,2022-03-31,94235000.0,T
017892,SANTOS BRASIL PARTICIPACOES S.A.,2022-06-30,102407000.0,T
017892,SANTOS BRASIL PARTICIPACOES S.A.,2022-09-30,109772000.0,T
017922,BRAZILIAN FINANCE E REAL ESTATE S.A.,2022-03-31,1580000.0,T
017922,BRAZILIAN FINANCE E REAL ESTATE S.A.,2022-06-30,2567000.0,T
017922,BRAZILIAN FINANCE E REAL ESTATE S.A.,2022-09-30,3536000.0,T
017973,COGNA EDUCAÇÃO S.A.,2022-03-31,-8589000.0,T
017973,COGNA EDUCAÇÃO S.A.,2022-06-30,-117671000.0,T
017973,COGNA EDUCAÇÃO S.A.,2022-09-30,-228647000.0,T
018287,VIRGO II COMPANHIA DE SECURITIZACAO,2022-03-31,88000.0,T
018368,RIO PARANAPANEMA ENERGIA S.A.,2022-03-31,69933000.0,T
018368,RIO PARANAPANEMA ENERGIA S.A.,2022-06-30,26762000.0,T
018368,RIO PARANAPANEMA ENERGIA S.A.,2022-09-30,56571000.0,T
018376,ISA ENERGIA BRASIL,2022-03-31,553170000.0,T
018376,ISA ENERGIA BRASIL,2022-06-30,713177000.0,T
018376,ISA ENERGIA BRASIL,2022-09-30,493004000.0,T
018414,PADTEC HOLDING S.A.,2022-03-31,-4477000.0,T
018414,PADTEC HOLDING S.A.,2022-06-30,-3787000.0,T
018414,PADTEC HOLDING S.A.,2022-09-30,12218000.0,T
018465,ULTRAPAR PARTICIPACOES S.A.,2022-03-31,461180000.0,T
018465,ULTRAPAR PARTICIPACOES S.A.,2022-06-30,459935000.0,T
018465,ULTRAPAR PARTICIPACOES S.A.,2022-09-30,82571000.0,T
018660,CPFL ENERGIA S.A.,2022-03-31,1161982000.0,T
018660,CPFL ENERGIA S.A.,2022-06-30,1262578000.0,T
018660,CPFL ENERGIA S.A.,2022-09-30,1419211000.0,T
018708,CIA PARTICIPACOES ALIANCA DA BAHIA,2022-03-31,26781000.0,T
018708,CIA PARTICIPACOES ALIANCA DA BAHIA,2022-06-30,-3056000.0,T
018708,CIA PARTICIPACOES ALIANCA DA BAHIA,2022-09-30,1775000.0,T
018724,BRADESPAR S.A.,2022-03-31,924140000.0,T
018724,BRADESPAR S.A.,2022-06-30,992226000.0,T
018724,BRADESPAR S.A.,2022-09-30,1062260000.0,T
018775,INVESTIMENTOS E PARTICIP. EM INFRA S.A. - INVEPAR,2022-03-31,-501828000.0,T
018775,INVESTIMENTOS E PARTICIP. EM INFRA S.A. - INVEPAR,2022-06-30,-260044000.0,T
018775,INVESTIMENTOS E PARTICIP. EM INFRA S.A. - INVEPAR,2022-09-30,341092000.0,T
018821,MOTIVA INFRAESTRUTURA DE MOBILIDADE S.A.,2022-03-31,3438393000.0,T
018821,MOTIVA INFRAESTRUTURA DE MOBILIDADE S.A.,2022-06-30,288207000.0,T
018821,MOTIVA INFRAESTRUTURA DE MOBILIDADE S.A.,2022-09-30,641211000.0,T
018953,CPFL GERACAO DE ENERGIA S.A.,2022-03-31,306183000.0,T
018953,CPFL GERACAO DE ENERGIA S.A.,2022-06-30,381422000.0,T
018953,CPFL GERACAO DE ENERGIA S.A.,2022-09-30,704976000.0,T
019100,CONTAX PARTICIPAÇÕES S.A. - EM RECUPERAÇÃO JUDICIAL,2022-03-31,-78352000.0,T
019100,CONTAX PARTICIPAÇÕES S.A. - EM RECUPERAÇÃO JUDICIAL,2022-06-30,-240686000.0,T
019100,CONTAX PARTICIPAÇÕES S.A. - EM RECUPERAÇÃO JUDICIAL,2022-09-30,-111356000.0,T
019232,PRODUTORES ENERGET.DE MANSO S.A.- PROMAN,2022-03-31,84000.0,T
019232,PRODUTORES ENERGET.DE MANSO S.A.- PROMAN,2022-06-30,52000.0,T
019232,PRODUTORES ENERGET.DE MANSO S.A.- PROMAN,2022-09-30,57000.0,T
019305,BIOMM S.A.,2022-03-31,-20981000.0,T
019305,BIOMM S.A.,2022-06-30,-24152000.0,T
019305,BIOMM S.A.,2022-09-30,-25136000.0,T
019330,TPI - TRIUNFO PARTICIP. E INVEST. S.A.,2022-03-31,-33683000.0,T
019330,TPI - TRIUNFO PARTICIP. E INVEST. S.A.,2022-06-30,109872000.0,T
019330,TPI - TRIUNFO PARTICIP. E INVEST. S.A.,2022-09-30,-56788000.0,T
019348,ITAU UNIBANCO HOLDING S.A.,2022-03-31,6935000000.0,T
019348,ITAU UNIBANCO HOLDING S.A.,2022-06-30,7768000000.0,T
019348,ITAU UNIBANCO HOLDING S.A.,2022-09-30,8261000000.0,T
019445,CIA SANEAMENTO DE MINAS GERAIS-COPASA MG,2022-03-31,167522000.0,T
019445,CIA SANEAMENTO DE MINAS GERAIS-COPASA MG,2022-06-30,180390000.0,T
019445,CIA SANEAMENTO DE MINAS GERAIS-COPASA MG,2022-09-30,227168000.0,T
019453,ECORODOVIAS INFRAESTRUTURA E LOGÍSTICA S.A.,2022-03-31,11815000.0,T
019453,ECORODOVIAS INFRAESTRUTURA E LOGÍSTICA S.A.,2022-06-30,-13062000.0,T
019453,ECORODOVIAS INFRAESTRUTURA E LOGÍSTICA S.A.,2022-09-30,121166000.0,T
019550,NATURA COSMÉTICOS S.A.,2022-03-31,-64018000.0,T
019550,NATURA COSMÉTICOS S.A.,2022-06-30,-75815000.0,T
019550,NATURA COSMÉTICOS S.A.,2022-09-30,99937000.0,T
019569,GOL LINHAS AEREAS INTELIGENTES S.A.,2022-03-31,2607585000.0,T
019569,GOL LINHAS AEREAS INTELIGENTES S.A.,2022-06-30,-2851099000.0,T
019569,GOL LINHAS AEREAS INTELIGENTES S.A.,2022-09-30,-1548869000.0,T
019615,GRENDENE S.A.,2022-03-31,125470000.0,T
019615,GRENDENE S.A.,2022-06-30,65709000.0,T
019615,GRENDENE S.A.,2022-09-30,174241000.0,T
019623,DIAGNOSTICOS DA AMERICA S.A.,2022-03-31,36589000.0,T
019623,DIAGNOSTICOS DA AMERICA S.A.,2022-06-30,-120214000.0,T
019623,DIAGNOSTICOS DA AMERICA S.A.,2022-09-30,-89145000.0,T
019658,POMIFRUTAS S/A EM RECUPERACAO JUDICIAL,2022-03-31,1848000.0,T
019658,POMIFRUTAS S/A EM RECUPERACAO JUDICIAL,2022-06-30,-1968000.0,T
019658,POMIFRUTAS S/A EM RECUPERACAO JUDICIAL,2022-09-30,-2857000.0,T
019739,LOCALIZA RENT A CAR S.A.,2022-03-31,517423000.0,T
019739,LOCALIZA RENT A CAR S.A.,2022-06-30,456714000.0,T
019739,LOCALIZA RENT A CAR S.A.,2022-09-30,423620000.0,T
019763,EDP - ENERGIAS DO BRASIL S.A.,2022-03-31,560111000.0,T
019763,EDP - ENERGIAS DO BRASIL S.A.,2022-06-30,419009000.0,T
019763,EDP - ENERGIAS DO BRASIL S.A.,2022-09-30,569918000.0,T
019771,ARTERIS S.A.,2022-03-31,-59000000.0,T
019771,ARTERIS S.A.,2022-06-30,-978372000.0,T
019771,ARTERIS S.A.,2022-09-30,46758000.0,T
019836,COSAN S.A.,2022-03-31,575836000.0,T
019836,COSAN S.A.,2022-06-30,51868000.0,T
019836,COSAN S.A.,2022-09-30,440868000.0,T
019879,LIGHT S.A. - EM RECUPERAÇÃO JUDICIAL,2022-03-31,-106034000.0,T
019879,LIGHT S.A. - EM RECUPERAÇÃO JUDICIAL,2022-06-30,-80031000.0,T
019879,LIGHT S.A. - EM RECUPERAÇÃO JUDICIAL,2022-09-30,7880000.0,T
019909,BR MALLS PARTICIPACOES S.A.,2022-03-31,86316000.0,T
019909,BR MALLS PARTICIPACOES S.A.,2022-06-30,164202000.0,T
019909,BR MALLS PARTICIPACOES S.A.,2022-09-30,138639000.0,T
019925,BR PROPERTIES S.A.,2022-03-31,-30712000.0,T
019925,BR PROPERTIES S.A.,2022-06-30,-1472463000.0,T
019925,BR PROPERTIES S.A.,2022-09-30,50429000.0,T
019992,TOTVS S.A.,2022-03-31,84977000.0,T
019992,TOTVS S.A.,2022-06-30,129141000.0,T
019992,TOTVS S.A.,2022-09-30,155768000.0,T
020010,EQUATORIAL S.A.,2022-03-31,678597000.0,T
020010,EQUATORIAL S.A.,2022-06-30,-112468000.0,T
020010,EQUATORIAL S.A.,2022-09-30,584520000.0,T
020028,VALID SOLUÇÕES S.A.,2022-03-31,-16474000.0,T
020028,VALID SOLUÇÕES S.A.,2022-06-30,-4264000.0,T
020028,VALID SOLUÇÕES S.A.,2022-09-30,38717000.0,T
020036,BRASILAGRO - CIA BRAS DE PROP AGRICOLAS,2022-03-31,81781000.0,T
020036,BRASILAGRO - CIA BRAS DE PROP AGRICOLAS,2022-09-30,42002000.0,T
020036,BRASILAGRO - CIA BRAS DE PROP AGRICOLAS,2022-12-31,-12881000.0,T
020060,LUPATECH S.A,2022-03-31,14916000.0,T
020060,LUPATECH S.A,2022-06-30,-23654000.0,T
020060,LUPATECH S.A,2022-09-30,-18085000.0,T
020087,EMBRAER S.A.,2022-03-31,-165211000.0,T
020087,EMBRAER S.A.,2022-06-30,-782823000.0,T
020087,EMBRAER S.A.,2022-09-30,-219444000.0,T
020125,BRADSAÚDE S.A.,2022-03-31,160947000.0,T
020125,BRADSAÚDE S.A.,2022-06-30,99537000.0,T
020125,BRADSAÚDE S.A.,2022-09-30,95886000.0,T
020184,CCX CARVÃO DA COLÔMBIA S.A. - EM LIQUIDAÇÃO,2022-03-31,-9409000.0,T
020184,CCX CARVÃO DA COLÔMBIA S.A. - EM LIQUIDAÇÃO,2022-06-30,1921000.0,T
020184,CCX CARVÃO DA COLÔMBIA S.A. - EM LIQUIDAÇÃO,2022-09-30,1325000.0,T
020257,TRANSMISSORA ALIANÇA DE ENERGIA ELÉTRICA S.A.,2022-03-31,559923000.0,T
020257,TRANSMISSORA ALIANÇA DE ENERGIA ELÉTRICA S.A.,2022-06-30,564022000.0,T
020257,TRANSMISSORA ALIANÇA DE ENERGIA ELÉTRICA S.A.,2022-09-30,302454000.0,T
020320,CEMIG GERACAO E TRANSMISSAO S.A.,2022-03-31,813514000.0,T
020320,CEMIG GERACAO E TRANSMISSAO S.A.,2022-06-30,589890000.0,T
020320,CEMIG GERACAO E TRANSMISSAO S.A.,2022-09-30,251242000.0,T
020338,M.DIAS BRANCO S.A. IND COM DE ALIMENTOS,2022-03-31,37754000.0,T
020338,M.DIAS BRANCO S.A. IND COM DE ALIMENTOS,2022-06-30,233522000.0,T
020338,M.DIAS BRANCO S.A. IND COM DE ALIMENTOS,2022-09-30,195018000.0,T
020346,PROFARMA DISTRIB PROD FARMACEUTICOS S.A.,2022-03-31,-9595000.0,T
020346,PROFARMA DISTRIB PROD FARMACEUTICOS S.A.,2022-06-30,71356000.0,T
020346,PROFARMA DISTRIB PROD FARMACEUTICOS S.A.,2022-09-30,17609000.0,T
020362,POSITIVO TECNOLOGIA S.A.,2022-03-31,28446000.0,T
020362,POSITIVO TECNOLOGIA S.A.,2022-06-30,90489000.0,T
020362,POSITIVO TECNOLOGIA S.A.,2022-09-30,50505000.0,T
020370,LPS BRASIL - CONSULTORIA DE IMOVEIS S.A.,2022-03-31,5247000.0,T
020370,LPS BRASIL - CONSULTORIA DE IMOVEIS S.A.,2022-06-30,19098000.0,T
020370,LPS BRASIL - CONSULTORIA DE IMOVEIS S.A.,2022-09-30,4005000.0,T
020435,TECNISA S.A.,2022-03-31,-6973000.0,T
020435,TECNISA S.A.,2022-06-30,-9529000.0,T
020435,TECNISA S.A.,2022-09-30,1910000.0,T
020451,RNI NEGÓCIOS IMOBILIÁRIOS S.A.,2022-03-31,3042000.0,T
020451,RNI NEGÓCIOS IMOBILIÁRIOS S.A.,2022-06-30,7332000.0,T
020451,RNI NEGÓCIOS IMOBILIÁRIOS S.A.,2022-09-30,10750000.0,T
020478,PDG REALTY S.A. EMPREEND E PARTICIPACOES,2022-03-31,44912000.0,T
020478,PDG REALTY S.A. EMPREEND E PARTICIPACOES,2022-06-30,350988000.0,T
020478,PDG REALTY S.A. EMPREEND E PARTICIPACOES,2022-09-30,-119430000.0,T
020494,IGUATEMI EMPRESA DE SHOPPING CENTERS S.A,2022-03-31,31000.0,T
020494,IGUATEMI EMPRESA DE SHOPPING CENTERS S.A,2022-06-30,-116778000.0,T
020494,IGUATEMI EMPRESA DE SHOPPING CENTERS S.A,2022-09-30,64361000.0,T
020516,SAO MARTINHO S.A.,2022-06-30,221579000.0,T
020516,SAO MARTINHO S.A.,2022-09-30,212596000.0,T
020516,SAO MARTINHO S.A.,2022-12-31,429692000.0,T
020524,EVEN CONSTRUTORA E INCORPORADORA S.A.,2022-03-31,45496000.0,T
020524,EVEN CONSTRUTORA E INCORPORADORA S.A.,2022-06-30,84884000.0,T
020524,EVEN CONSTRUTORA E INCORPORADORA S.A.,2022-09-30,53191000.0,T
020532,BCO SANTANDER (BRASIL) S.A.,2022-03-31,3819438000.0,T
020532,BCO SANTANDER (BRASIL) S.A.,2022-06-30,4187524000.0,T
020532,BCO SANTANDER (BRASIL) S.A.,2022-09-30,3426538000.0,T
020540,CPFL ENERGIAS RENOVÁVEIS S.A.,2022-03-31,160179000.0,T
020540,CPFL ENERGIAS RENOVÁVEIS S.A.,2022-06-30,212370000.0,T
020540,CPFL ENERGIAS RENOVÁVEIS S.A.,2022-09-30,463991000.0,T
020567,BCO PINE S.A,2022-03-31,4043000.0,T
020567,BCO PINE S.A,2022-06-30,10070000.0,T
020567,BCO PINE S.A,2022-09-30,14982000.0,T
020575,JBS S.A.,2022-03-31,5438818000.0,T
020575,JBS S.A.,2022-06-30,4284075000.0,T
020575,JBS S.A.,2022-09-30,4263936000.0,T
020605,JHSF PARTICIPACOES S.A.,2022-03-31,166548000.0,T
020605,JHSF PARTICIPACOES S.A.,2022-06-30,220675000.0,T
020605,JHSF PARTICIPACOES S.A.,2022-09-30,159700000.0,T
020613,METALFRIO SOLUTIONS S.A.,2022-03-31,-2845000.0,T
020613,METALFRIO SOLUTIONS S.A.,2022-06-30,-95938000.0,T
020613,METALFRIO SOLUTIONS S.A.,2022-09-30,-32834000.0,T
020630,FICA EMPREENDIMENTOS IMOBILIÁRIOS S.A.,2022-03-31,-2343000.0,T
020630,FICA EMPREENDIMENTOS IMOBILIÁRIOS S.A.,2022-06-30,82000.0,T
020630,FICA EMPREENDIMENTOS IMOBILIÁRIOS S.A.,2022-09-30,-2487000.0,T
020702,VIVER INCORPORADORA E CONSTRUTORA S.A.,2022-03-31,-8275000.0,T
020702,VIVER INCORPORADORA E CONSTRUTORA S.A.,2022-06-30,18537000.0,T
020702,VIVER INCORPORADORA E CONSTRUTORA S.A.,2022-09-30,1400000.0,T
020710,LOG-IN LOGISTICA INTERMODAL S.A.,2022-03-31,88437000.0,T
020710,LOG-IN LOGISTICA INTERMODAL S.A.,2022-06-30,21972000.0,T
020710,LOG-IN LOGISTICA INTERMODAL S.A.,2022-09-30,35992000.0,T
020745,SLC AGRICOLA S.A.,2022-03-31,797062000.0,T
020745,SLC AGRICOLA S.A.,2022-06-30,485583000.0,T
020745,SLC AGRICOLA S.A.,2022-09-30,-78345000.0,T
020770,EZ TEC EMPREEND. E PARTICIPACOES S.A.,2022-03-31,110267000.0,T
020770,EZ TEC EMPREEND. E PARTICIPACOES S.A.,2022-06-30,88757000.0,T
020770,EZ TEC EMPREEND. E PARTICIPACOES S.A.,2022-09-30,109050000.0,T
020788,MARFRIG GLOBAL FOODS S.A.,2022-03-31,492403000.0,T
020788,MARFRIG GLOBAL FOODS S.A.,2022-06-30,3852479000.0,T
020788,MARFRIG GLOBAL FOODS S.A.,2022-09-30,51295000.0,T
020796,BCO DAYCOVAL S.A.,2022-03-31,199792000.0,T
020796,BCO DAYCOVAL S.A.,2022-06-30,254932000.0,T
020796,BCO DAYCOVAL S.A.,2022-09-30,246211000.0,T
020800,TEGMA GESTAO LOGISTICA S.A.,2022-03-31,18783000.0,T
020800,TEGMA GESTAO LOGISTICA S.A.,2022-06-30,30580000.0,T
020800,TEGMA GESTAO LOGISTICA S.A.,2022-09-30,53469000.0,T
020818,VIRGO COMPANHIA DE SECURITIZAÇÃO,2022-03-31,-868000.0,T
020818,VIRGO COMPANHIA DE SECURITIZAÇÃO,2022-06-30,522000.0,T
020818,VIRGO COMPANHIA DE SECURITIZAÇÃO,2022-09-30,642000.0,T
020877,HELBOR EMPREENDIMENTOS S.A.,2022-03-31,26385000.0,T
020877,HELBOR EMPREENDIMENTOS S.A.,2022-06-30,21720000.0,T
020877,HELBOR EMPREENDIMENTOS S.A.,2022-09-30,24480000.0,T
020915,MRV ENGENHARIA E PARTICIPACOES S.A.,2022-03-31,83337000.0,T
020915,MRV ENGENHARIA E PARTICIPACOES S.A.,2022-06-30,86348000.0,T
020915,MRV ENGENHARIA E PARTICIPACOES S.A.,2022-09-30,8016000.0,T
020931,MINERVA S.A.,2022-03-31,114592000.0,T
020931,MINERVA S.A.,2022-06-30,424672000.0,T
020931,MINERVA S.A.,2022-09-30,141484000.0,T
020958,BCO ABC BRASIL S.A.,2022-03-31,173549000.0,T
020958,BCO ABC BRASIL S.A.,2022-06-30,191165000.0,T
020958,BCO ABC BRASIL S.A.,2022-09-30,224200000.0,T
020966,SPRINGS GLOBAL PARTICIPACOES S.A.,2022-03-31,-64759000.0,T
020966,SPRINGS GLOBAL PARTICIPACOES S.A.,2022-06-30,-160645000.0,T
020966,SPRINGS GLOBAL PARTICIPACOES S.A.,2022-09-30,-175386000.0,T
020982,MULTIPLAN - EMPREEND IMOBILIARIOS S.A.,2022-03-31,171606000.0,T
020982,MULTIPLAN - EMPREEND IMOBILIARIOS S.A.,2022-06-30,172583000.0,T
020982,MULTIPLAN - EMPREEND IMOBILIARIOS S.A.,2022-09-30,186133000.0,T
020990,AMERICANAS S.A. - EM RECUPERAÇÃO JUDICIAL,2022-03-31,-137331000.0,T
020990,AMERICANAS S.A. - EM RECUPERAÇÃO JUDICIAL,2022-06-30,-97905000.0,T
020990,AMERICANAS S.A. - EM RECUPERAÇÃO JUDICIAL,2022-09-30,-211551000.0,T
021008,GENERAL SHOPPING E OUTLETS DO BRASIL BRASIL S.A.,2022-03-31,164052000.0,T
021008,GENERAL SHOPPING E OUTLETS DO BRASIL BRASIL S.A.,2022-06-30,-177197000.0,T
021008,GENERAL SHOPPING E OUTLETS DO BRASIL BRASIL S.A.,2022-09-30,-85523000.0,T
021016,YDUQS PARTICIPACOES S.A.,2022-03-31,76039000.0,T
021016,YDUQS PARTICIPACOES S.A.,2022-06-30,-63333000.0,T
021016,YDUQS PARTICIPACOES S.A.,2022-09-30,16139000.0,T
021032,ALGAR TELECOM S/A,2022-03-31,10134000.0,T
021032,ALGAR TELECOM S/A,2022-06-30,-2996000.0,T
021032,ALGAR TELECOM S/A,2022-09-30,28597000.0,T
021040,SYN PROP & TECH S.A.,2022-03-31,-3012000.0,T
021040,SYN PROP & TECH S.A.,2022-06-30,-21215000.0,T
021040,SYN PROP & TECH S.A.,2022-09-30,12743000.0,T
021067,MOURA DUBEUX ENGENHARIA S/A,2022-03-31,23242000.0,T
021067,MOURA DUBEUX ENGENHARIA S/A,2022-06-30,30953000.0,T
021067,MOURA DUBEUX ENGENHARIA S/A,2022-09-30,40660000.0,T
021091,DEXCO S.A.,2022-03-31,223715000.0,T
021091,DEXCO S.A.,2022-06-30,169191000.0,T
021091,DEXCO S.A.,2022-09-30,154148000.0,T
021121,SUL AMERICA S.A.,2022-03-31,23850000.0,T
021121,SUL AMERICA S.A.,2022-06-30,139301000.0,T
021121,SUL AMERICA S.A.,2022-09-30,49178000.0,T
021130,TRISUL S.A.,2022-03-31,10967000.0,T
021130,TRISUL S.A.,2022-06-30,21725000.0,T
021130,TRISUL S.A.,2022-09-30,10222000.0,T
021148,CONSTRUTORA TENDA S.A.,2022-03-31,-68771000.0,T
021148,CONSTRUTORA TENDA S.A.,2022-06-30,-116437000.0,T
021148,CONSTRUTORA TENDA S.A.,2022-09-30,-212681000.0,T
021156,J. MACEDO S.A.,2022-03-31,57250000.0,T
021156,J. MACEDO S.A.,2022-06-30,100292000.0,T
021156,J. MACEDO S.A.,2022-09-30,81777000.0,T
021180,NEXPE PARTICIPAÇÕES S.A,2022-03-31,-19687000.0,T
021180,NEXPE PARTICIPAÇÕES S.A,2022-06-30,-16818000.0,T
021180,NEXPE PARTICIPAÇÕES S.A,2022-09-30,-7485000.0,T
021199,BCO PAN S.A.,2022-03-31,227562000.0,T
021199,BCO PAN S.A.,2022-06-30,122810000.0,T
021199,BCO PAN S.A.,2022-09-30,139110000.0,T
021202,VIX LOGÍSTICA S.A.,2022-03-31,10795000.0,T
021202,VIX LOGÍSTICA S.A.,2022-06-30,10828000.0,T
021202,VIX LOGÍSTICA S.A.,2022-09-30,22930000.0,T
021237,ENEVA S.A,2022-03-31,185368000.0,T
021237,ENEVA S.A,2022-06-30,148016000.0,T
021237,ENEVA S.A,2022-09-30,235178000.0,T
021334,NUTRIPLANT INDUSTRIA E COMERCIO S.A.,2022-03-31,1734000.0,T
021334,NUTRIPLANT INDUSTRIA E COMERCIO S.A.,2022-06-30,3264000.0,T
021334,NUTRIPLANT INDUSTRIA E COMERCIO S.A.,2022-09-30,1021000.0,T
021342,OSX BRASIL S.A. - EM RECUPERAÇÃO JUDICIAL,2022-03-31,-145512000.0,T
021342,OSX BRASIL S.A. - EM RECUPERAÇÃO JUDICIAL,2022-06-30,-198329000.0,T
021342,OSX BRASIL S.A. - EM RECUPERAÇÃO JUDICIAL,2022-09-30,-172761000.0,T
021350,DIRECIONAL ENGENHARIA S.A.,2022-03-31,46069000.0,T
021350,DIRECIONAL ENGENHARIA S.A.,2022-06-30,58164000.0,T
021350,DIRECIONAL ENGENHARIA S.A.,2022-09-30,80020000.0,T
021431,HYPERA S.A.,2022-03-31,346888000.0,T
021431,HYPERA S.A.,2022-06-30,455933000.0,T
021431,HYPERA S.A.,2022-09-30,466027000.0,T
021440,VESTE S.A. ESTILO,2022-03-31,-59053000.0,T
021440,VESTE S.A. ESTILO,2022-06-30,-43770000.0,T
021440,VESTE S.A. ESTILO,2022-09-30,-66708000.0,T
021466,BANCO RCI BRASIL S.A.,2022-03-31,32392000.0,T
021466,BANCO RCI BRASIL S.A.,2022-06-30,-59094000.0,T
021466,BANCO RCI BRASIL S.A.,2022-09-30,79170000.0,T
021490,ALUPAR INVESTIMENTO S/A,2022-03-31,738879000.0,T
021490,ALUPAR INVESTIMENTO S/A,2022-06-30,367931000.0,T
021490,ALUPAR INVESTIMENTO S/A,2022-09-30,250270000.0,T
021520,MULTINER S/A,2022-03-31,-15339000.0,T
021520,MULTINER S/A,2022-06-30,-3485000.0,T
021520,MULTINER S/A,2022-09-30,52267000.0,T
021610,"B3 S.A. - BRASIL, BOLSA, BALCÃO",2022-03-31,1101043000.0,T
021610,"B3 S.A. - BRASIL, BOLSA, BALCÃO",2022-06-30,1092277000.0,T
021610,"B3 S.A. - BRASIL, BOLSA, BALCÃO",2022-09-30,1029296000.0,T
021636,RENOVA ENERGIA S.A.,2022-03-31,-66106000.0,T
021636,RENOVA ENERGIA S.A.,2022-06-30,110203000.0,T
021636,RENOVA ENERGIA S.A.,2022-09-30,-17260000.0,T
021709,CIA MINEIRA DE AÇUCAR E ALCOOL PARTICIPAÇÕES,2022-06-30,-33319000.0,T
021709,CIA MINEIRA DE AÇUCAR E ALCOOL PARTICIPAÇÕES,2022-09-30,23458000.0,T
021709,CIA MINEIRA DE AÇUCAR E ALCOOL PARTICIPAÇÕES,2022-12-31,62661000.0,T
021733,CIELO S.A. -  INSTITUIÇÃO DE PAGAMENTO,2022-03-31,247847000.0,T
021733,CIELO S.A. -  INSTITUIÇÃO DE PAGAMENTO,2022-06-30,550160000.0,T
021733,CIELO S.A. -  INSTITUIÇÃO DE PAGAMENTO,2022-09-30,500005000.0,T
021881,FLEURY S.A.,2022-03-31,110832000.0,T
021881,FLEURY S.A.,2022-06-30,70924000.0,T
021881,FLEURY S.A.,2022-09-30,96679000.0,T
021903,ECORODOVIAS CONCESSÕES E SERVIÇOS S.A.,2022-03-31,44145000.0,T
021903,ECORODOVIAS CONCESSÕES E SERVIÇOS S.A.,2022-06-30,7384000.0,T
021903,ECORODOVIAS CONCESSÕES E SERVIÇOS S.A.,2022-09-30,153628000.0,T
022012,"MILLS LOCAÇÃO, SERVIÇOS E LOGÍSTICA S.A.",2022-03-31,40844000.0,T
022012,"MILLS LOCAÇÃO, SERVIÇOS E LOGÍSTICA S.A.",2022-06-30,63185000.0,T
022012,"MILLS LOCAÇÃO, SERVIÇOS E LOGÍSTICA S.A.",2022-09-30,64875000.0,T
022020,JSL S.A.,2022-03-31,33033000.0,T
022020,JSL S.A.,2022-06-30,29835000.0,T
022020,JSL S.A.,2022-09-30,37388000.0,T
022055,MARISA LOJAS S.A.,2022-03-31,-77155000.0,T
022055,MARISA LOJAS S.A.,2022-06-30,-27784000.0,T
022055,MARISA LOJAS S.A.,2022-09-30,-97462000.0,T
022187,PRIO S.A.,2022-03-31,1068970000.0,T
022187,PRIO S.A.,2022-06-30,639080000.0,T
022187,PRIO S.A.,2022-09-30,792314000.0,T
022217,ALPER CONSULTORIA E CORRETORA DE SEGUROS S.A.,2022-03-31,1013000.0,T
022217,ALPER CONSULTORIA E CORRETORA DE SEGUROS S.A.,2022-06-30,1283000.0,T
022217,ALPER CONSULTORIA E CORRETORA DE SEGUROS S.A.,2022-09-30,14345000.0,T
022349,AZZAS 2154 S.A.,2022-03-31,97285000.0,T
022349,AZZAS 2154 S.A.,2022-06-30,119821000.0,T
022349,AZZAS 2154 S.A.,2022-09-30,101664000.0,T
022357,ALLOS S.A.,2022-03-31,69426000.0,T
022357,ALLOS S.A.,2022-06-30,37618000.0,T
022357,ALLOS S.A.,2022-09-30,108438000.0,T
022365,ENAUTA PARTICIPAÇÕES S.A.,2022-03-31,-98241000.0,T
022365,ENAUTA PARTICIPAÇÕES S.A.,2022-06-30,280634000.0,T
022365,ENAUTA PARTICIPAÇÕES S.A.,2022-09-30,18894000.0,T
022454,T4F ENTRETENIMENTO S.A.,2022-03-31,6636000.0,T
022454,T4F ENTRETENIMENTO S.A.,2022-06-30,8626000.0,T
022454,T4F ENTRETENIMENTO S.A.,2022-09-30,-8808000.0,T
022470,MAGAZINE LUIZA S.A.,2022-03-31,-161299000.0,T
022470,MAGAZINE LUIZA S.A.,2022-06-30,-135004000.0,T
022470,MAGAZINE LUIZA S.A.,2022-09-30,-166760000.0,T
022497,QUALICORP CONSULTORIA E CORRETORA DE SEGUROS S.A.,2022-03-31,76357000.0,T
022497,QUALICORP CONSULTORIA E CORRETORA DE SEGUROS S.A.,2022-06-30,51917000.0,T
022497,QUALICORP CONSULTORIA E CORRETORA DE SEGUROS S.A.,2022-09-30,51285000.0,T
022519,TECHNOS S.A.,2022-03-31,-5059000.0,T
022519,TECHNOS S.A.,2022-06-30,14713000.0,T
022519,TECHNOS S.A.,2022-09-30,8543000.0,T
022560,INBRANDS S.A.,2022-03-31,-14080000.0,T
022560,INBRANDS S.A.,2022-06-30,-1482000.0,T
022560,INBRANDS S.A.,2022-09-30,-4394000.0,T
022586,MLOG S.A.,2022-03-31,-55056000.0,T
022586,MLOG S.A.,2022-06-30,-31557000.0,T
022586,MLOG S.A.,2022-09-30,-13214000.0,T
022594,STATKRAFT ENERGIAS RENOVAVEIS S.A.,2022-03-31,54479000.0,T
022594,STATKRAFT ENERGIAS RENOVAVEIS S.A.,2022-06-30,76485000.0,T
022594,STATKRAFT ENERGIAS RENOVAVEIS S.A.,2022-09-30,74061000.0,T
022608,EMPREENDIMENTOS PAGUE MENOS S.A.,2022-09-30,84455000.0,T
022616,BCO BTG PACTUAL S.A.,2022-03-31,1999746000.0,T
022616,BCO BTG PACTUAL S.A.,2022-06-30,2133969000.0,T
022616,BCO BTG PACTUAL S.A.,2022-09-30,2203340000.0,T
022675,HIDROVIAS DO BRASIL S.A.,2022-03-31,33237000.0,T
022675,HIDROVIAS DO BRASIL S.A.,2022-06-30,22039000.0,T
022675,HIDROVIAS DO BRASIL S.A.,2022-09-30,92650000.0,T
022691,COMPANHIA DE LOCAÇÃO DAS AMÉRICAS,2022-03-31,211167000.0,T
022691,COMPANHIA DE LOCAÇÃO DAS AMÉRICAS,2022-06-30,-49904000.0,T
022691,COMPANHIA DE LOCAÇÃO DAS AMÉRICAS,2022-09-30,-14732000.0,T
022780,UNICASA INDÚSTRIA DE MÓVEIS S.A.,2022-03-31,10170000.0,T
022780,UNICASA INDÚSTRIA DE MÓVEIS S.A.,2022-06-30,10456000.0,T
022780,UNICASA INDÚSTRIA DE MÓVEIS S.A.,2022-09-30,7360000.0,T
022799,SINQIA S.A.,2022-03-31,9665000.0,T
022799,SINQIA S.A.,2022-06-30,3642000.0,T
022799,SINQIA S.A.,2022-09-30,4584000.0,T
022810,ELDORADO BRASIL CELULOSE S.A.,2022-03-31,1056225000.0,T
022810,ELDORADO BRASIL CELULOSE S.A.,2022-06-30,703113000.0,T
022810,ELDORADO BRASIL CELULOSE S.A.,2022-09-30,1086876000.0,T
023000,LIGHT ENERGIA S.A.,2022-03-31,23126000.0,T
023000,LIGHT ENERGIA S.A.,2022-06-30,22437000.0,T
023000,LIGHT ENERGIA S.A.,2022-09-30,44372000.0,T
023159,BB SEGURIDADE PARTICIPAÇÕES S.A.,2022-03-31,1179431000.0,T
023159,BB SEGURIDADE PARTICIPAÇÕES S.A.,2022-06-30,1406371000.0,T
023159,BB SEGURIDADE PARTICIPAÇÕES S.A.,2022-09-30,0.0,T
023175,IGUA SANEAMENTO S.A.,2022-03-31,-172546000.0,T
023175,IGUA SANEAMENTO S.A.,2022-06-30,-210180000.0,T
023175,IGUA SANEAMENTO S.A.,2022-09-30,-103322000.0,T
023221,SER EDUCACIONAL S.A.,2022-03-31,-18319000.0,T
023221,SER EDUCACIONAL S.A.,2022-06-30,-39093000.0,T
023221,SER EDUCACIONAL S.A.,2022-09-30,-39345000.0,T
023230,RAIZEN ENERGIA S.A.,2022-06-30,-298457000.0,T
023230,RAIZEN ENERGIA S.A.,2022-09-30,-329164000.0,T
023230,RAIZEN ENERGIA S.A.,2022-12-31,751654000.0,T
023248,ANIMA HOLDING S.A.,2022-03-31,-83356000.0,T
023248,ANIMA HOLDING S.A.,2022-06-30,-45863000.0,T
023248,ANIMA HOLDING S.A.,2022-09-30,-28771000.0,T
023264,AMBEV S.A.,2022-03-31,3528838000.0,T
023264,AMBEV S.A.,2022-06-30,3064048000.0,T
023264,AMBEV S.A.,2022-09-30,3215006000.0,T
023272,LOG COMMERCIAL PROPERTIES E PARTICIPAÇÕES,2022-03-31,132334000.0,T
023272,LOG COMMERCIAL PROPERTIES E PARTICIPAÇÕES,2022-06-30,111848000.0,T
023272,LOG COMMERCIAL PROPERTIES E PARTICIPAÇÕES,2022-09-30,111750000.0,T
023280,UNIDAS LOCAÇÕES E SERVIÇOS S.A.,2022-03-31,10994000.0,T
023280,UNIDAS LOCAÇÕES E SERVIÇOS S.A.,2022-06-30,40297000.0,T
023280,UNIDAS LOCAÇÕES E SERVIÇOS S.A.,2022-09-30,36168000.0,T
023302,QUALITY SOFTWARE S.A.,2022-03-31,-631177.0,T
023302,QUALITY SOFTWARE S.A.,2022-06-30,4036061.0,T
023302,QUALITY SOFTWARE S.A.,2022-09-30,1942384.0,T
023310,CVC BRASIL OPERADORA E AGÊNCIA DE VIAGENS S.A.,2022-03-31,-166815000.0,T
023310,CVC BRASIL OPERADORA E AGÊNCIA DE VIAGENS S.A.,2022-06-30,-94808000.0,T
023310,CVC BRASIL OPERADORA E AGÊNCIA DE VIAGENS S.A.,2022-09-30,-75049000.0,T
023396,AEGEA SANEAMENTO E PARTICIPAÇÕES S.A.,2022-03-31,237044000.0,T
023396,AEGEA SANEAMENTO E PARTICIPAÇÕES S.A.,2022-06-30,-32831000.0,T
023396,AEGEA SANEAMENTO E PARTICIPAÇÕES S.A.,2022-09-30,98622000.0,T
023426,SERENA GERAÇÃO S.A.,2022-03-31,-82911000.0,T
023426,SERENA GERAÇÃO S.A.,2022-06-30,-87454000.0,T
023426,SERENA GERAÇÃO S.A.,2022-09-30,74211000.0,T
023493,DOMMO ENERGIA S.A.,2022-03-31,117578000.0,T
023493,DOMMO ENERGIA S.A.,2022-06-30,-64554000.0,T
023493,DOMMO ENERGIA S.A.,2022-09-30,-56096000.0,T
023507,OUROFINO S.A.,2022-03-31,15994000.0,T
023507,OUROFINO S.A.,2022-06-30,23546000.0,T
023507,OUROFINO S.A.,2022-09-30,44794000.0,T
023531,CLARO TELECOM PARTICIPAÇÕES S.A.,2022-03-31,2894124000.0,T
023531,CLARO TELECOM PARTICIPAÇÕES S.A.,2022-06-30,-1640755000.0,T
023531,CLARO TELECOM PARTICIPAÇÕES S.A.,2022-09-30,-387074000.0,T
023574,INTERNATIONAL MEAL COMPANY ALIMENTACAO S.A.,2022-03-31,-40733000.0,T
023574,INTERNATIONAL MEAL COMPANY ALIMENTACAO S.A.,2022-06-30,-4768000.0,T
023574,INTERNATIONAL MEAL COMPANY ALIMENTACAO S.A.,2022-09-30,-4478000.0,T
023590,WIZ CO PARTICIPAÇÕES E CORRETAGEM DE SEGUROS S.A.,2022-03-31,51677000.0,T
023590,WIZ CO PARTICIPAÇÕES E CORRETAGEM DE SEGUROS S.A.,2022-06-30,57324000.0,T
023590,WIZ CO PARTICIPAÇÕES E CORRETAGEM DE SEGUROS S.A.,2022-09-30,68176000.0,T
023604,YOU INC INCORPORADORA E PARTICIPAÇÕES S.A,2022-03-31,25332000.0,T
023604,YOU INC INCORPORADORA E PARTICIPAÇÕES S.A,2022-06-30,28498000.0,T
023604,YOU INC INCORPORADORA E PARTICIPAÇÕES S.A,2022-09-30,24182000.0,T
023620,CBO HOLDING S.A.,2022-03-31,16137000.0,T
023620,CBO HOLDING S.A.,2022-06-30,33196000.0,T
023620,CBO HOLDING S.A.,2022-09-30,10152000.0,T
023795,CAIXA SEGURIDADE PARTICIPAÇÕES S.A.,2022-03-31,557038000.0,T
023795,CAIXA SEGURIDADE PARTICIPAÇÕES S.A.,2022-06-30,680788000.0,T
023795,CAIXA SEGURIDADE PARTICIPAÇÕES S.A.,2022-09-30,766250000.0,T
023817,BRQ SOLUCOES EM INFORMATICA S.A.,2022-03-31,18300000.0,T
023817,BRQ SOLUCOES EM INFORMATICA S.A.,2022-06-30,15645000.0,T
023817,BRQ SOLUCOES EM INFORMATICA S.A.,2022-09-30,28157000.0,T
023825,MOVIDA PARTICIPACOES SA,2022-03-31,258094000.0,T
023825,MOVIDA PARTICIPACOES SA,2022-06-30,186760000.0,T
023825,MOVIDA PARTICIPACOES SA,2022-09-30,93720000.0,T
023868,CONCEBRA - CONCESSIONARIA DAS RODOVIAS CENTRAIS DO BRASIL,2022-03-31,93070000.0,T
023868,CONCEBRA - CONCESSIONARIA DAS RODOVIAS CENTRAIS DO BRASIL,2022-06-30,119680000.0,T
023868,CONCEBRA - CONCESSIONARIA DAS RODOVIAS CENTRAIS DO BRASIL,2022-09-30,-62499000.0,T
023930,BRASILIANA PARTICIPAÇÕES S/A,2022-03-31,-5824000.0,T
023930,BRASILIANA PARTICIPAÇÕES S/A,2022-06-30,-1850000.0,T
023930,BRASILIANA PARTICIPAÇÕES S/A,2022-09-30,-7580000.0,T
023957,SUGOI S.A.,2022-03-31,-3327000.0,T
023957,SUGOI S.A.,2022-06-30,-2276000.0,T
023957,SUGOI S.A.,2022-09-30,1632000.0,T
023965,CINESYSTEM S.A.,2022-03-31,873000.0,T
023965,CINESYSTEM S.A.,2022-06-30,-422000.0,T
023965,CINESYSTEM S.A.,2022-09-30,-2257000.0,T
023981,CTC - CENTRO DE TECNOLOGIA CANAVIEIRA S.A.,2022-06-30,30563000.0,T
023981,CTC - CENTRO DE TECNOLOGIA CANAVIEIRA S.A.,2022-09-30,25273000.0,T
023981,CTC - CENTRO DE TECNOLOGIA CANAVIEIRA S.A.,2022-12-31,33461000.0,T
024058,ALLIANÇA SAÚDE E PARTICIPAÇÕES S.A.,2022-03-31,-14522000.0,T
024058,ALLIANÇA SAÚDE E PARTICIPAÇÕES S.A.,2022-06-30,-10109000.0,T
024058,ALLIANÇA SAÚDE E PARTICIPAÇÕES S.A.,2022-09-30,-72800000.0,T
024090,INSTITUTO HERMES PARDINI S.A.,2022-03-31,63874000.0,T
024090,INSTITUTO HERMES PARDINI S.A.,2022-06-30,37638000.0,T
024090,INSTITUTO HERMES PARDINI S.A.,2022-09-30,29875000.0,T
024112,AZUL S.A.,2022-03-31,2667048000.0,T
024112,AZUL S.A.,2022-06-30,-2480471000.0,T
024112,AZUL S.A.,2022-09-30,-2014994000.0,T
024120,ARGO ENERGIA EMPREENDIMENTOS E PARTICIPAÇÕES S/A,2022-03-31,239910000.0,T
024120,ARGO ENERGIA EMPREENDIMENTOS E PARTICIPAÇÕES S/A,2022-06-30,141966000.0,T
024120,ARGO ENERGIA EMPREENDIMENTOS E PARTICIPAÇÕES S/A,2022-09-30,16207000.0,T
024171,ATACADÃO S.A.,2022-03-31,406000000.0,T
024171,ATACADÃO S.A.,2022-06-30,690000000.0,T
024171,ATACADÃO S.A.,2022-09-30,361000000.0,T
024180,IRB - BRASIL RESSEGUROS S.A.,2022-03-31,80486000.0,T
024180,IRB - BRASIL RESSEGUROS S.A.,2022-06-30,-373323000.0,T
024180,IRB - BRASIL RESSEGUROS S.A.,2022-09-30,-298750000.0,T
024228,CAMIL ALIMENTOS S.A.,2022-05-31,96824000.0,T
024228,CAMIL ALIMENTOS S.A.,2022-08-31,93920000.0,T
024228,CAMIL ALIMENTOS S.A.,2022-11-30,147081000.0,T
024236,PRINER SERVIÇOS INDUSTRIAIS S.A.,2022-03-31,5230000.0,T
024236,PRINER SERVIÇOS INDUSTRIAIS S.A.,2022-06-30,10946000.0,T
024236,PRINER SERVIÇOS INDUSTRIAIS S.A.,2022-09-30,36381000.0,T
024260,SMARTFIT ESCOLA DE GINÁSTICA E DANÇA S.A.,2022-03-31,-90518000.0,T
024260,SMARTFIT ESCOLA DE GINÁSTICA E DANÇA S.A.,2022-06-30,-55920000.0,T
024260,SMARTFIT ESCOLA DE GINÁSTICA E DANÇA S.A.,2022-09-30,9004000.0,T
024279,INC EMPREENDIMENTOS IMOBILIÁRIOS S.A.,2022-03-31,30482000.0,T
024279,INC EMPREENDIMENTOS IMOBILIÁRIOS S.A.,2022-06-30,11896000.0,T
024279,INC EMPREENDIMENTOS IMOBILIÁRIOS S.A.,2022-09-30,7622000.0,T
024295,VIBRA ENERGIA S/A,2022-03-31,325000000.0,T
024295,VIBRA ENERGIA S/A,2022-06-30,707000000.0,T
024295,VIBRA ENERGIA S/A,2022-09-30,-61000000.0,T
024317,ZAMP SA,2022-03-31,-31371000.0,T
024317,ZAMP SA,2022-06-30,-31630000.0,T
024317,ZAMP SA,2022-09-30,-34764000.0,T
024350,FLEX GESTÃO DE RELACIONAMENTOS S.A.-EM RECUPERAÇÃO JUDICIAL,2022-03-31,-30470000.0,T
024350,FLEX GESTÃO DE RELACIONAMENTOS S.A.-EM RECUPERAÇÃO JUDICIAL,2022-06-30,-35471000.0,T
024350,FLEX GESTÃO DE RELACIONAMENTOS S.A.-EM RECUPERAÇÃO JUDICIAL,2022-09-30,-101549000.0,T
024392,HAPVIDA PARTICIPAÇÕES E INVESTIMENTOS S.A.,2022-03-31,-181978000.0,T
024392,HAPVIDA PARTICIPAÇÕES E INVESTIMENTOS S.A.,2022-06-30,-312344000.0,T
024392,HAPVIDA PARTICIPAÇÕES E INVESTIMENTOS S.A.,2022-09-30,35154000.0,T
024406,BANCO INTER S.A.,2022-03-31,-27298000.0,T
024406,BANCO INTER S.A.,2022-06-30,-102451000.0,T
024406,BANCO INTER S.A.,2022-09-30,2684000.0,T
024473,JHSF MALLS S.A.,2022-03-31,-33900000.0,T
024473,JHSF MALLS S.A.,2022-06-30,-38899000.0,T
024473,JHSF MALLS S.A.,2022-09-30,-3816000.0,T
024490,SABER SERVIÇOS EDUCACIONAIS S.A.,2022-03-31,96988000.0,T
024490,SABER SERVIÇOS EDUCACIONAIS S.A.,2022-06-30,-14816000.0,T
024490,SABER SERVIÇOS EDUCACIONAIS S.A.,2022-09-30,20282000.0,T
024546,PRÁTICA PRODUTOS S.A.,2022-03-31,2103000.0,T
024546,PRÁTICA PRODUTOS S.A.,2022-06-30,2212000.0,T
024546,PRÁTICA PRODUTOS S.A.,2022-09-30,6855000.0,T
024589,ENERGISA TRANSMISSÃO DE ENERGIA S/A,2022-03-31,50261000.0,T
024589,ENERGISA TRANSMISSÃO DE ENERGIA S/A,2022-06-30,32194000.0,T
024589,ENERGISA TRANSMISSÃO DE ENERGIA S/A,2022-09-30,275834000.0,T
024597,CELEO REDES TRANSMISSÃO DE ENERGIA S.A.,2022-03-31,13163000.0,T
024597,CELEO REDES TRANSMISSÃO DE ENERGIA S.A.,2022-06-30,12930000.0,T
024597,CELEO REDES TRANSMISSÃO DE ENERGIA S.A.,2022-09-30,14496000.0,T
024600,BANCO BMG S/A,2022-03-31,8161000.0,T
024600,BANCO BMG S/A,2022-06-30,-83000.0,T
024600,BANCO BMG S/A,2022-09-30,1701000.0,T
024627,BLAU FARMACÊUTICA S.A.,2022-03-31,61147000.0,T
024627,BLAU FARMACÊUTICA S.A.,2022-06-30,112185000.0,T
024627,BLAU FARMACÊUTICA S.A.,2022-09-30,93907000.0,T
024660,BBM LOGÍSTICA S.A.,2022-03-31,-18592000.0,T
024660,BBM LOGÍSTICA S.A.,2022-06-30,-19018000.0,T
024660,BBM LOGÍSTICA S.A.,2022-09-30,-11718000.0,T
024694,GRUPO SBF S.A.,2022-03-31,17278000.0,T
024694,GRUPO SBF S.A.,2022-06-30,31673000.0,T
024694,GRUPO SBF S.A.,2022-09-30,14985000.0,T
024716,"VAMOS LOCAÇÃO DE CAMINHÕES, MÁQUINAS E EQUIPAMENTOS S.A.",2022-03-31,121858000.0,T
024716,"VAMOS LOCAÇÃO DE CAMINHÕES, MÁQUINAS E EQUIPAMENTOS S.A.",2022-06-30,142487000.0,T
024716,"VAMOS LOCAÇÃO DE CAMINHÕES, MÁQUINAS E EQUIPAMENTOS S.A.",2022-09-30,150009000.0,T
024740,COPEL GERAÇÃO E TRANSMISSÃO S.A.,2022-03-31,463354000.0,T
024740,COPEL GERAÇÃO E TRANSMISSÃO S.A.,2022-06-30,503663000.0,T
024740,COPEL GERAÇÃO E TRANSMISSÃO S.A.,2022-09-30,131232000.0,T
024775,BCBF PARTICIPAÇÕES S.A.,2022-03-31,-216814000.0,T
024775,BCBF PARTICIPAÇÕES S.A.,2022-06-30,-73806000.0,T
024775,BCBF PARTICIPAÇÕES S.A.,2022-09-30,-280878000.0,T
024783,NATURA &CO HOLDING S.A.,2022-03-31,-642173000.0,T
024783,NATURA &CO HOLDING S.A.,2022-06-30,-766971000.0,T
024783,NATURA &CO HOLDING S.A.,2022-09-30,-559472000.0,T
024805,VIVARA PARTICIPAÇÕES S.A.,2022-03-31,45921660.0,T
024805,VIVARA PARTICIPAÇÕES S.A.,2022-06-30,89052033.0,T
024805,VIVARA PARTICIPAÇÕES S.A.,2022-09-30,68127394.0,T
024813,LOCALIZA FLEET S.A.,2022-03-31,138028000.0,T
024813,LOCALIZA FLEET S.A.,2022-06-30,131684000.0,T
024813,LOCALIZA FLEET S.A.,2022-09-30,172470000.0,T
024821,REDE D'OR SÃO LUIZ S.A.,2022-03-31,225156000.0,T
024821,REDE D'OR SÃO LUIZ S.A.,2022-06-30,358414000.0,T
024821,REDE D'OR SÃO LUIZ S.A.,2022-09-30,396286000.0,T
024830,BRK AMBIENTAL PARTICIPAÇÕES S.A.,2022-03-31,27836000.0,T
024830,BRK AMBIENTAL PARTICIPAÇÕES S.A.,2022-06-30,-8320000.0,T
024830,BRK AMBIENTAL PARTICIPAÇÕES S.A.,2022-09-30,2545000.0,T
024848,C&A MODAS S.A.,2022-03-31,-152730000.0,T
024848,C&A MODAS S.A.,2022-06-30,2099000.0,T
024848,C&A MODAS S.A.,2022-09-30,-61393000.0,T
024872,LIFEMED INDUSTRIAL DE EQUIP. E ART. MEDICOS E HOSP. S.A,2022-03-31,4335000.0,T
024872,LIFEMED INDUSTRIAL DE EQUIP. E ART. MEDICOS E HOSP. S.A,2022-06-30,-11104000.0,T
024872,LIFEMED INDUSTRIAL DE EQUIP. E ART. MEDICOS E HOSP. S.A,2022-09-30,-1912000.0,T
024880,LM TRANSPORTES INTERESTADUAIS SERVIÇOS E COMÉRCIO S.A.,2022-03-31,21992000.0,T
024880,LM TRANSPORTES INTERESTADUAIS SERVIÇOS E COMÉRCIO S.A.,2022-06-30,77645000.0,T
024880,LM TRANSPORTES INTERESTADUAIS SERVIÇOS E COMÉRCIO S.A.,2022-09-30,50368000.0,T
024902,MITRE REALTY EMPREENDIMENTOS E PARTICIPAÇÕES S.A.,2022-03-31,8157000.0,T
024902,MITRE REALTY EMPREENDIMENTOS E PARTICIPAÇÕES S.A.,2022-06-30,5619000.0,T
024902,MITRE REALTY EMPREENDIMENTOS E PARTICIPAÇÕES S.A.,2022-09-30,13168000.0,T
024910,LWSA S/A,2022-03-31,4530000.0,T
024910,LWSA S/A,2022-06-30,13256000.0,T
024910,LWSA S/A,2022-09-30,-6378000.0,T
024929,TIM S.A.,2022-06-30,279538000.0,T
024929,TIM S.A.,2022-09-30,447664000.0,T
024953,"ALLPARK EMPREENDIMENTOS, PARTICIPAÇÕES E SERVIÇOS S.A.",2022-03-31,-43304000.0,T
024953,"ALLPARK EMPREENDIMENTOS, PARTICIPAÇÕES E SERVIÇOS S.A.",2022-06-30,-36324000.0,T
024953,"ALLPARK EMPREENDIMENTOS, PARTICIPAÇÕES E SERVIÇOS S.A.",2022-09-30,-34067000.0,T
024961,AMBIPAR PARTICIPAÇÕES E EMPREENDIMENTOS S.A.,2022-03-31,48939000.0,T
024961,AMBIPAR PARTICIPAÇÕES E EMPREENDIMENTOS S.A.,2022-06-30,3956000.0,T
024961,AMBIPAR PARTICIPAÇÕES E EMPREENDIMENTOS S.A.,2022-09-30,33203000.0,T
024996,RIVA INCORPORADORA S.A,2022-03-31,16719000.0,T
024996,RIVA INCORPORADORA S.A,2022-06-30,16814000.0,T
024996,RIVA INCORPORADORA S.A,2022-09-30,27992000.0,T
025003,SIMPAR S.A.,2022-03-31,328523000.0,T
025003,SIMPAR S.A.,2022-06-30,212962000.0,T
025003,SIMPAR S.A.,2022-09-30,110998000.0,T
025011,GRUPO DE MODA SOMA S.A.,2022-03-31,42528000.0,T
025011,GRUPO DE MODA SOMA S.A.,2022-06-30,118048000.0,T
025011,GRUPO DE MODA SOMA S.A.,2022-09-30,102143000.0,T
025038,LOJAS QUERO QUERO S.A.,2022-03-31,-10264000.0,T
025038,LOJAS QUERO QUERO S.A.,2022-06-30,-4368000.0,T
025038,LOJAS QUERO QUERO S.A.,2022-09-30,-7640000.0,T
025046,D1000 VAREJO FARMA PARTICIPAÇÕES S.A.,2022-03-31,-7188000.0,T
025046,D1000 VAREJO FARMA PARTICIPAÇÕES S.A.,2022-06-30,12267000.0,T
025046,D1000 VAREJO FARMA PARTICIPAÇÕES S.A.,2022-09-30,3337000.0,T
025062,LAVVI EMPREENDIMENTOS IMOBILIÁRIOS S.A.,2022-03-31,26219000.0,T
025062,LAVVI EMPREENDIMENTOS IMOBILIÁRIOS S.A.,2022-06-30,35674000.0,T
025062,LAVVI EMPREENDIMENTOS IMOBILIÁRIOS S.A.,2022-09-30,34194000.0,T
025070,PLANO & PLANO DESENVOLVIMENTO IMOBILIÁRIO S.A.,2022-03-31,22025000.0,T
025070,PLANO & PLANO DESENVOLVIMENTO IMOBILIÁRIO S.A.,2022-06-30,19334000.0,T
025070,PLANO & PLANO DESENVOLVIMENTO IMOBILIÁRIO S.A.,2022-09-30,34534000.0,T
025089,PET CENTER COMÉRCIO E PARTICIPAÇÕES S.A.,2022-03-31,2549000.0,T
025089,PET CENTER COMÉRCIO E PARTICIPAÇÕES S.A.,2022-06-30,20467000.0,T
025089,PET CENTER COMÉRCIO E PARTICIPAÇÕES S.A.,2022-09-30,10576000.0,T
025100,CURY CONSTRUTORA E INCORPORADORA S.A.,2022-03-31,63351000.0,T
025100,CURY CONSTRUTORA E INCORPORADORA S.A.,2022-06-30,92939000.0,T
025100,CURY CONSTRUTORA E INCORPORADORA S.A.,2022-09-30,94871000.0,T
025119,MELNICK DESENVOLVIMENTO IMOBILIÁRIO S.A.,2022-03-31,40436000.0,T
025119,MELNICK DESENVOLVIMENTO IMOBILIÁRIO S.A.,2022-06-30,38863000.0,T
025119,MELNICK DESENVOLVIMENTO IMOBILIÁRIO S.A.,2022-09-30,31073000.0,T
025127,COMPASS GÁS E ENERGIA S.A.,2022-03-31,482463000.0,T
025127,COMPASS GÁS E ENERGIA S.A.,2022-06-30,412582000.0,T
025127,COMPASS GÁS E ENERGIA S.A.,2022-09-30,565979000.0,T
025135,BOA VISTA SERVIÇOS S.A.,2022-03-31,51664000.0,T
025135,BOA VISTA SERVIÇOS S.A.,2022-06-30,72589000.0,T
025135,BOA VISTA SERVIÇOS S.A.,2022-09-30,54973000.0,T
025143,PACAEMBU CONSTRUTORA S.A.,2022-03-31,-693000.0,T
025143,PACAEMBU CONSTRUTORA S.A.,2022-06-30,6922000.0,T
025143,PACAEMBU CONSTRUTORA S.A.,2022-09-30,14630000.0,T
025160,SEQUOIA LOGÍSTICA E TRANSPORTES S.A.,2022-03-31,-29797000.0,T
025160,SEQUOIA LOGÍSTICA E TRANSPORTES S.A.,2022-06-30,-25768000.0,T
025160,SEQUOIA LOGÍSTICA E TRANSPORTES S.A.,2022-09-30,-11620000.0,T
025186,GRUPO MATEUS S.A.,2022-03-31,199214000.0,T
025186,GRUPO MATEUS S.A.,2022-06-30,264119000.0,T
025186,GRUPO MATEUS S.A.,2022-09-30,290871000.0,T
025194,ALARES INTERNET PARTICIPAÇÕES S/A,2022-03-31,73158000.0,T
025194,ALARES INTERNET PARTICIPAÇÕES S/A,2022-06-30,-40320000.0,T
025194,ALARES INTERNET PARTICIPAÇÕES S/A,2022-09-30,-45104000.0,T
025208,TRACK & FIELD CO S.A.,2022-03-31,19977000.0,T
025208,TRACK & FIELD CO S.A.,2022-06-30,17270000.0,T
025208,TRACK & FIELD CO S.A.,2022-09-30,24485000.0,T
025224,2W ECOBANK S.A. - EM RECUPERAÇÃO JUDICIAL,2022-03-31,14859000.0,T
025224,2W ECOBANK S.A. - EM RECUPERAÇÃO JUDICIAL,2022-06-30,-14596000.0,T
025224,2W ECOBANK S.A. - EM RECUPERAÇÃO JUDICIAL,2022-09-30,-13469000.0,T
025232,MÉLIUZ S.A.,2022-03-31,-6545000.0,T
025232,MÉLIUZ S.A.,2022-06-30,-28152000.0,T
025232,MÉLIUZ S.A.,2022-09-30,-18005000.0,T
025259,ENJOEI S.A.,2022-03-31,-31125000.0,T
025259,ENJOEI S.A.,2022-06-30,-18091000.0,T
025259,ENJOEI S.A.,2022-09-30,-10180000.0,T
025275,ALPHAVILLE S.A.,2022-03-31,-85285000.0,T
025275,ALPHAVILLE S.A.,2022-06-30,-111272000.0,T
025275,ALPHAVILLE S.A.,2022-09-30,-113350000.0,T
025283,AERIS IND. E COM. DE EQUIP. PARA GER. DE ENG. S.A.,2022-03-31,1246000.0,T
025283,AERIS IND. E COM. DE EQUIP. PARA GER. DE ENG. S.A.,2022-06-30,-28622000.0,T
025283,AERIS IND. E COM. DE EQUIP. PARA GER. DE ENG. S.A.,2022-09-30,-25908000.0,T
025291,BRAVA ENERGIA S.A.,2022-03-31,-335175000.0,T
025291,BRAVA ENERGIA S.A.,2022-06-30,32088000.0,T
025291,BRAVA ENERGIA S.A.,2022-09-30,469774000.0,T
025305,PATRIMAR ENGENHARIA S.A.,2022-03-31,10087000.0,T
025305,PATRIMAR ENGENHARIA S.A.,2022-06-30,12022000.0,T
025305,PATRIMAR ENGENHARIA S.A.,2022-09-30,41813000.0,T
025313,HOUSI S.A.,2022-03-31,5000.0,T
025321,GRANBIO INVESTIMENTOS S.A.,2022-03-31,-31426000.0,T
025321,GRANBIO INVESTIMENTOS S.A.,2022-06-30,-43748000.0,T
025321,GRANBIO INVESTIMENTOS S.A.,2022-09-30,-14140000.0,T
025330,ALLIED TECNOLOGIA S.A.,2022-03-31,22484000.0,T
025330,ALLIED TECNOLOGIA S.A.,2022-06-30,24061000.0,T
025330,ALLIED TECNOLOGIA S.A.,2022-09-30,6207000.0,T
025348,ELFA MEDICAMENTOS S.A.,2022-03-31,29271000.0,T
025348,ELFA MEDICAMENTOS S.A.,2022-06-30,6958000.0,T
025348,ELFA MEDICAMENTOS S.A.,2022-09-30,-48121000.0,T
025380,EZ INC INCORPORAÇÕES S.A.,2022-03-31,-613000.0,T
025380,EZ INC INCORPORAÇÕES S.A.,2022-06-30,-1120000.0,T
025380,EZ INC INCORPORAÇÕES S.A.,2022-09-30,253000.0,T
025399,NEOGRID PARTICIPAÇÕES S.A.,2022-03-31,3749000.0,T
025399,NEOGRID PARTICIPAÇÕES S.A.,2022-06-30,-2026000.0,T
025399,NEOGRID PARTICIPAÇÕES S.A.,2022-09-30,1417000.0,T
025402,HBR REALTY EMPREENDIMENTOS IMOBILIÁRIOS S.A.,2022-03-31,-4007000.0,T
025402,HBR REALTY EMPREENDIMENTOS IMOBILIÁRIOS S.A.,2022-06-30,-5081000.0,T
025402,HBR REALTY EMPREENDIMENTOS IMOBILIÁRIOS S.A.,2022-09-30,5471000.0,T
025410,SBF COMÉRCIO DE PRODUTOS ESPORTIVOS S.A.,2022-03-31,-50782000.0,T
025410,SBF COMÉRCIO DE PRODUTOS ESPORTIVOS S.A.,2022-06-30,79263000.0,T
025410,SBF COMÉRCIO DE PRODUTOS ESPORTIVOS S.A.,2022-09-30,-18265000.0,T
025429,FARMÁCIA E DROGARIA NISSEI S.A.,2022-03-31,2541000.0,T
025429,FARMÁCIA E DROGARIA NISSEI S.A.,2022-06-30,6107000.0,T
025429,FARMÁCIA E DROGARIA NISSEI S.A.,2022-09-30,-2941000.0,T
025437,URBA DESENVOLVIMENTO URBANO S.A.,2022-03-31,-14178000.0,T
025437,URBA DESENVOLVIMENTO URBANO S.A.,2022-06-30,3465000.0,T
025437,URBA DESENVOLVIMENTO URBANO S.A.,2022-09-30,-779000.0,T
025445,MPM CORPÓREOS S.A.,2022-03-31,7457000.0,T
025445,MPM CORPÓREOS S.A.,2022-06-30,-23759000.0,T
025445,MPM CORPÓREOS S.A.,2022-09-30,-19005000.0,T
025453,INTELBRAS S.A. IND. DE TELECOMUNICAÇÃO ELETRÔNICA BRASILEIRA,2022-03-31,98566000.0,T
025453,INTELBRAS S.A. IND. DE TELECOMUNICAÇÃO ELETRÔNICA BRASILEIRA,2022-06-30,96776000.0,T
025453,INTELBRAS S.A. IND. DE TELECOMUNICAÇÃO ELETRÔNICA BRASILEIRA,2022-09-30,122666000.0,T
025461,GRUPO TOKY S.A. - EM RECUPERAÇÃO JUDICIAL,2022-03-31,-25915000.0,T
025461,GRUPO TOKY S.A. - EM RECUPERAÇÃO JUDICIAL,2022-06-30,-27840000.0,T
025461,GRUPO TOKY S.A. - EM RECUPERAÇÃO JUDICIAL,2022-09-30,-19231000.0,T
025496,JALLES MACHADO S.A.,2022-06-30,120035000.0,T
025496,JALLES MACHADO S.A.,2022-09-30,177509000.0,T
025496,JALLES MACHADO S.A.,2022-12-31,450740000.0,T
025500,BEMOBI MOBILE TECH S.A.,2022-03-31,21056000.0,T
025500,BEMOBI MOBILE TECH S.A.,2022-06-30,4855000.0,T
025500,BEMOBI MOBILE TECH S.A.,2022-09-30,37055000.0,T
025526,CRUZEIRO DO SUL EDUCACIONAL S.A.,2022-03-31,3496000.0,T
025526,CRUZEIRO DO SUL EDUCACIONAL S.A.,2022-06-30,14795000.0,T
025526,CRUZEIRO DO SUL EDUCACIONAL S.A.,2022-09-30,3818000.0,T
025534,OCEANPACT SERVIÇOS MARITIMOS S.A.,2022-03-31,-9205000.0,T
025534,OCEANPACT SERVIÇOS MARITIMOS S.A.,2022-06-30,-76597000.0,T
025534,OCEANPACT SERVIÇOS MARITIMOS S.A.,2022-09-30,-36080000.0,T
025542,CVLB BRASIL S.A EM RECUPERAÇÃO JUDICAL,2022-03-31,-24213000.0,T
025542,CVLB BRASIL S.A EM RECUPERAÇÃO JUDICAL,2022-06-30,-37240000.0,T
025542,CVLB BRASIL S.A EM RECUPERAÇÃO JUDICAL,2022-09-30,-25744000.0,T
025550,ORIZON VALORIZAÇÃO DE RESÍDUOS S.A.,2022-03-31,-19374000.0,T
025550,ORIZON VALORIZAÇÃO DE RESÍDUOS S.A.,2022-06-30,-10320000.0,T
025550,ORIZON VALORIZAÇÃO DE RESÍDUOS S.A.,2022-09-30,-29626000.0,T
025569,ELETROMIDIA S.A.,2022-03-31,-12469000.0,T
025569,ELETROMIDIA S.A.,2022-06-30,-17295000.0,T
025569,ELETROMIDIA S.A.,2022-09-30,15630000.0,T
025585,CSN MINERAÇÃO S.A.,2022-03-31,739141000.0,T
025585,CSN MINERAÇÃO S.A.,2022-06-30,825721000.0,T
025585,CSN MINERAÇÃO S.A.,2022-09-30,514057000.0,T
025640,AUREN PARTICIPAÇÕES S.A.,2022-03-31,70923000.0,T
025640,AUREN PARTICIPAÇÕES S.A.,2022-06-30,9305000.0,T
025640,AUREN PARTICIPAÇÕES S.A.,2022-09-30,102568000.0,T
025658,AGROGALAXY PARTICIPAÇÕES S.A. - EM RECUPERAÇÃO JUDICIAL,2022-03-31,-58942000.0,T
025658,AGROGALAXY PARTICIPAÇÕES S.A. - EM RECUPERAÇÃO JUDICIAL,2022-06-30,-149600000.0,T
025658,AGROGALAXY PARTICIPAÇÕES S.A. - EM RECUPERAÇÃO JUDICIAL,2022-09-30,24964000.0,T
025674,HMOBI PARTICIPAÇÕES S.A.,2022-03-31,-55412000.0,T
025674,HMOBI PARTICIPAÇÕES S.A.,2022-06-30,338303000.0,T
025674,HMOBI PARTICIPAÇÕES S.A.,2022-09-30,31380000.0,T
025682,CM HOSPITALAR S.A,2022-03-31,97004000.0,T
025682,CM HOSPITALAR S.A,2022-06-30,45679000.0,T
025682,CM HOSPITALAR S.A,2022-09-30,53871000.0,T
025690,HOSPITAL MATER DEI S.A.,2022-03-31,30961000.0,T
025690,HOSPITAL MATER DEI S.A.,2022-06-30,34774000.0,T
025690,HOSPITAL MATER DEI S.A.,2022-09-30,39262000.0,T
025704,BOA SAFRA SEMENTES S.A.,2022-06-30,6199000.0,T
025704,BOA SAFRA SEMENTES S.A.,2022-09-30,87721000.0,T
025712,GPS PARTICIPAÇÕES E EMPREENDIMENTOS S.A.,2022-03-31,93388000.0,T
025712,GPS PARTICIPAÇÕES E EMPREENDIMENTOS S.A.,2022-06-30,101907000.0,T
025712,GPS PARTICIPAÇÕES E EMPREENDIMENTOS S.A.,2022-09-30,118863000.0,T
025720,RIO ALTO ENERGIAS RENOVÁVEIS S.A.,2022-03-31,-2568000.0,T
025720,RIO ALTO ENERGIAS RENOVÁVEIS S.A.,2022-06-30,-15412000.0,T
025720,RIO ALTO ENERGIAS RENOVÁVEIS S.A.,2022-09-30,-16579000.0,T
025747,INFRACOMMERCE CXAAS S.A.,2022-03-31,-59603000.0,T
025747,INFRACOMMERCE CXAAS S.A.,2022-06-30,-60993000.0,T
025747,INFRACOMMERCE CXAAS S.A.,2022-09-30,-72868000.0,T
025755,BANCO MODAL S.A.,2022-03-31,39134000.0,T
025755,BANCO MODAL S.A.,2022-06-30,8643000.0,T
025755,BANCO MODAL S.A.,2022-09-30,14340000.0,T
025763,VITTIA S.A.,2022-03-31,37690000.0,T
025763,VITTIA S.A.,2022-06-30,5276000.0,T
025763,VITTIA S.A.,2022-09-30,77364000.0,T
025771,HOSPITAL CARE CALEDONIA S.A.,2022-03-31,11539000.0,T
025771,HOSPITAL CARE CALEDONIA S.A.,2022-06-30,17905000.0,T
025771,HOSPITAL CARE CALEDONIA S.A.,2022-09-30,-29396000.0,T
025780,PETRORECÔNCAVO S.A.,2022-03-31,401838000.0,T
025780,PETRORECÔNCAVO S.A.,2022-06-30,131031000.0,T
025780,PETRORECÔNCAVO S.A.,2022-09-30,211883000.0,T
025798,KALLAS INCORPORAÇÕES E CONSTRUÇÕES S.A.,2022-03-31,18374000.0,T
025798,KALLAS INCORPORAÇÕES E CONSTRUÇÕES S.A.,2022-06-30,15457000.0,T
025798,KALLAS INCORPORAÇÕES E CONSTRUÇÕES S.A.,2022-09-30,1578000.0,T
025801,RODOBENS SA,2022-03-31,103551000.0,T
025801,RODOBENS SA,2022-06-30,116814000.0,T
025801,RODOBENS SA,2022-09-30,137404000.0,T
025810,ATHENA SAÚDE BRASIL SA,2022-03-31,-32471000.0,T
025810,ATHENA SAÚDE BRASIL SA,2022-06-30,-43668000.0,T
025810,ATHENA SAÚDE BRASIL SA,2022-09-30,-22354000.0,T
025836,DOTZ S.A.,2022-03-31,-16690000.0,T
025836,DOTZ S.A.,2022-06-30,-28184000.0,T
025836,DOTZ S.A.,2022-09-30,-19812000.0,T
025844,TEGRA INCORPORADORA S.A.,2022-03-31,36996000.0,T
025844,TEGRA INCORPORADORA S.A.,2022-06-30,47162000.0,T
025844,TEGRA INCORPORADORA S.A.,2022-09-30,67672000.0,T
025852,W2W E-COMMERCE DE VINHOS S.A.,2022-03-31,-4597000.0,T
025852,W2W E-COMMERCE DE VINHOS S.A.,2022-06-30,3757000.0,T
025852,W2W E-COMMERCE DE VINHOS S.A.,2022-09-30,-6737000.0,T
025860,BRBI BR PARTNERS S.A,2022-03-31,40055000.0,T
025860,BRBI BR PARTNERS S.A,2022-06-30,40111000.0,T
025860,BRBI BR PARTNERS S.A,2022-09-30,33140000.0,T
025879,KORA SAÚDE PARTICIPAÇÕES S.A.,2022-03-31,19094000.0,T
025879,KORA SAÚDE PARTICIPAÇÕES S.A.,2022-06-30,934000.0,T
025879,KORA SAÚDE PARTICIPAÇÕES S.A.,2022-09-30,-55474000.0,T
025895,LIVETECH DA BAHIA INDÚSTRIA E COMÉRCIO S.A.,2022-03-31,-2094000.0,T
025895,LIVETECH DA BAHIA INDÚSTRIA E COMÉRCIO S.A.,2022-06-30,8558000.0,T
025895,LIVETECH DA BAHIA INDÚSTRIA E COMÉRCIO S.A.,2022-09-30,15208000.0,T
025909,EMCCAMP RESIDENCIAL S.A.,2022-03-31,8071000.0,T
025909,EMCCAMP RESIDENCIAL S.A.,2022-06-30,-3407000.0,T
025909,EMCCAMP RESIDENCIAL S.A.,2022-09-30,1003000.0,T
025917,RAÍZEN S.A.,2022-06-30,605925000.0,T
025917,RAÍZEN S.A.,2022-09-30,-933639000.0,T
025917,RAÍZEN S.A.,2022-12-31,167931000.0,T
025925,BIONEXO S.A.,2022-03-31,-8632000.0,T
025925,BIONEXO S.A.,2022-06-30,-8154000.0,T
025925,BIONEXO S.A.,2022-09-30,-8247000.0,T
025933,HUMBERG AGRIBRASIL COMÉRCIO E EXPORTAÇÃO DE GRÃOS S.A.,2022-03-31,120866000.0,T
025933,HUMBERG AGRIBRASIL COMÉRCIO E EXPORTAÇÃO DE GRÃOS S.A.,2022-06-30,-29364000.0,T
025933,HUMBERG AGRIBRASIL COMÉRCIO E EXPORTAÇÃO DE GRÃOS S.A.,2022-09-30,-21968000.0,T
025950,TRÊS TENTOS AGROINDUSTRIAL S/A,2022-06-30,121222000.0,T
025950,TRÊS TENTOS AGROINDUSTRIAL S/A,2022-09-30,169160000.0,T
025976,YUNY INCORPORADORA HOLDING S.A.,2022-03-31,-2224.0,T
025976,YUNY INCORPORADORA HOLDING S.A.,2022-06-30,-7288.0,T
025976,YUNY INCORPORADORA HOLDING S.A.,2022-09-30,-5280.0,T
025984,COMPANHIA BRASILEIRA DE ALUMÍNIO,2022-03-31,426081000.0,T
025984,COMPANHIA BRASILEIRA DE ALUMÍNIO,2022-06-30,697585000.0,T
025984,COMPANHIA BRASILEIRA DE ALUMÍNIO,2022-09-30,100381000.0,T
025992,INTERCEMENT BRASIL S.A. - EM RECUPERAÇÃO JUDICIAL,2022-03-31,-24390000.0,T
025992,INTERCEMENT BRASIL S.A. - EM RECUPERAÇÃO JUDICIAL,2022-06-30,41640000.0,T
025992,INTERCEMENT BRASIL S.A. - EM RECUPERAÇÃO JUDICIAL,2022-09-30,53993000.0,T
026000,TERRA SANTA PROPRIEDADES AGRÍCOLAS S.A.,2022-03-31,315000.0,T
026000,TERRA SANTA PROPRIEDADES AGRÍCOLAS S.A.,2022-06-30,3010000.0,T
026000,TERRA SANTA PROPRIEDADES AGRÍCOLAS S.A.,2022-09-30,14796000.0,T
026026,DESKTOP S.A.,2022-03-31,9055000.0,T
026026,DESKTOP S.A.,2022-06-30,5466000.0,T
026026,DESKTOP S.A.,2022-09-30,25132000.0,T
026034,GRUPO MULTILASER S.A.,2022-03-31,171033000.0,T
026034,GRUPO MULTILASER S.A.,2022-06-30,55605000.0,T
026034,GRUPO MULTILASER S.A.,2022-09-30,68562000.0,T
026050,UNIFIQUE TELECOMUNICAÇÕES S.A.,2022-03-31,32870000.0,T
026050,UNIFIQUE TELECOMUNICAÇÕES S.A.,2022-06-30,33904000.0,T
026050,UNIFIQUE TELECOMUNICAÇÕES S.A.,2022-09-30,31132000.0,T
026069,"ARMAC LOCAÇÃO, LOGÍSTICA E SERVIÇOS S.A.",2022-03-31,27965000.0,T
026069,"ARMAC LOCAÇÃO, LOGÍSTICA E SERVIÇOS S.A.",2022-06-30,30837000.0,T
026069,"ARMAC LOCAÇÃO, LOGÍSTICA E SERVIÇOS S.A.",2022-09-30,38835000.0,T
026077,ECONOMATICA S.A.,2022-03-31,-20393000.0,T
026077,ECONOMATICA S.A.,2022-06-30,-3085000.0,T
026077,ECONOMATICA S.A.,2022-09-30,-18089000.0,T
026085,BRISANET PARTICIPAÇÕES S.A.,2022-03-31,9489000.0,T
026085,BRISANET PARTICIPAÇÕES S.A.,2022-06-30,-1255000.0,T
026085,BRISANET PARTICIPAÇÕES S.A.,2022-09-30,22009000.0,T
026093,CLEAR SALE S.A.,2022-03-31,-39258000.0,T
026093,CLEAR SALE S.A.,2022-06-30,-5549000.0,T
026093,CLEAR SALE S.A.,2022-09-30,2559000.0,T
026115,GUARARAPES PAINÉIS S.A.,2022-03-31,78400000.0,T
026115,GUARARAPES PAINÉIS S.A.,2022-06-30,67427000.0,T
026115,GUARARAPES PAINÉIS S.A.,2022-09-30,29168000.0,T
026123,ONCOCLÍNICAS DO BRASIL SERVIÇOS MÉDICOS S.A.,2022-03-31,-15625000.0,T
026123,ONCOCLÍNICAS DO BRASIL SERVIÇOS MÉDICOS S.A.,2022-06-30,-24593000.0,T
026123,ONCOCLÍNICAS DO BRASIL SERVIÇOS MÉDICOS S.A.,2022-09-30,57045000.0,T
026140,GETNET ADQ E SERV PARA MEIOS DE PAGTO S.A. - INST PAGTO,2022-03-31,92333000.0,T
026140,GETNET ADQ E SERV PARA MEIOS DE PAGTO S.A. - INST PAGTO,2022-06-30,175820000.0,T
026140,GETNET ADQ E SERV PARA MEIOS DE PAGTO S.A. - INST PAGTO,2022-09-30,123713000.0,T
026158,ESSENTIA PCHS S.A.,2022-03-31,19754000.0,T
026158,ESSENTIA PCHS S.A.,2022-06-30,21957000.0,T
026158,ESSENTIA PCHS S.A.,2022-09-30,14769000.0,T
026166,GRUPO FARTURA DE HORTIFRUT S.A.,2022-03-31,7716000.0,T
026166,GRUPO FARTURA DE HORTIFRUT S.A.,2022-06-30,262000.0,T
026166,GRUPO FARTURA DE HORTIFRUT S.A.,2022-09-30,939000.0,T
026174,AUREN OPERAÇÕES S.A.,2022-03-31,76790000.0,T
026174,AUREN OPERAÇÕES S.A.,2022-06-30,15168000.0,T
026174,AUREN OPERAÇÕES S.A.,2022-09-30,99379000.0,T
026190,CARAMURU ALIMENTOS S.A.,2022-03-31,27659000.0,T
026190,CARAMURU ALIMENTOS S.A.,2022-06-30,59648000.0,T
026190,CARAMURU ALIMENTOS S.A.,2022-09-30,159222000.0,T
026204,BLUEFIT ACADEMIAS DE GINÁSTICA E PARTICIPAÇÕES S.A.,2022-03-31,-2359000.0,T
026204,BLUEFIT ACADEMIAS DE GINÁSTICA E PARTICIPAÇÕES S.A.,2022-06-30,-823000.0,T
026204,BLUEFIT ACADEMIAS DE GINÁSTICA E PARTICIPAÇÕES S.A.,2022-09-30,1189000.0,T
026247,WILSON SONS S.A.,2022-03-31,143486000.0,T
026247,WILSON SONS S.A.,2022-06-30,16287000.0,T
026247,WILSON SONS S.A.,2022-09-30,66543000.0,T
026255,TIGRE S.A. PARTICIPAÇÕES,2022-03-31,111634000.0,T
026255,TIGRE S.A. PARTICIPAÇÕES,2022-06-30,157658000.0,T
026255,TIGRE S.A. PARTICIPAÇÕES,2022-09-30,161508000.0,T
026271,ENVIRONMENTAL ESG PARTICIPAÇÕES S.A.,2022-03-31,1438000.0,T
026271,ENVIRONMENTAL ESG PARTICIPAÇÕES S.A.,2022-06-30,-10762000.0,T
026271,ENVIRONMENTAL ESG PARTICIPAÇÕES S.A.,2022-09-30,68630000.0,T
026280,COMERC ENERGIA S.A.,2022-03-31,58027000.0,T
026280,COMERC ENERGIA S.A.,2022-06-30,-46298000.0,T
026280,COMERC ENERGIA S.A.,2022-09-30,72484000.0,T
026298,RIO ENERGY PARTICIPAÇÕES S.A.,2022-03-31,-16796000.0,T
026298,RIO ENERGY PARTICIPAÇÕES S.A.,2022-06-30,-33028000.0,T
026298,RIO ENERGY PARTICIPAÇÕES S.A.,2022-09-30,4088000.0,T
026301,UNIGEL PARTICIPAÇÕES S.A.,2022-03-31,306721000.0,T
026301,UNIGEL PARTICIPAÇÕES S.A.,2022-06-30,202544000.0,T
026301,UNIGEL PARTICIPAÇÕES S.A.,2022-09-30,-19505000.0,T
026328,AUSTRAVIAS S.A.,2022-03-31,-14098000.0,T
026328,AUSTRAVIAS S.A.,2022-06-30,-21957000.0,T
026328,AUSTRAVIAS S.A.,2022-09-30,-1658000.0,T
026336,FULWOOD S.A.,2022-03-31,28209000.0,T
026336,FULWOOD S.A.,2022-06-30,1335000.0,T
026336,FULWOOD S.A.,2022-09-30,-19051000.0,T
026352,RODOVIAS DO BRASIL HOLDING S.A.,2022-03-31,-30247000.0,T
026352,RODOVIAS DO BRASIL HOLDING S.A.,2022-06-30,-60952000.0,T
026352,RODOVIAS DO BRASIL HOLDING S.A.,2022-09-30,45815000.0,T
026379,MADERO INDÚSTRIA E COMÉRCIO S.A.,2022-03-31,-53990000.0,T
026379,MADERO INDÚSTRIA E COMÉRCIO S.A.,2022-06-30,-32230000.0,T
026379,MADERO INDÚSTRIA E COMÉRCIO S.A.,2022-09-30,-27317000.0,T
026387,INTERPLAYERS SOLUÇÕES INTEGRADAS S.A.,2022-03-31,2270000.0,T
026387,INTERPLAYERS SOLUÇÕES INTEGRADAS S.A.,2022-06-30,3931000.0,T
026387,INTERPLAYERS SOLUÇÕES INTEGRADAS S.A.,2022-09-30,5579000.0,T
026395,ALMEIDA JUNIOR SHOPPING CENTERS S.A.,2022-03-31,2136000.0,T
026395,ALMEIDA JUNIOR SHOPPING CENTERS S.A.,2022-06-30,-7792000.0,T
026395,ALMEIDA JUNIOR SHOPPING CENTERS S.A.,2022-09-30,7686000.0,T
026409,VERO S.A.,2022-03-31,4897000.0,T
026409,VERO S.A.,2022-06-30,-5205000.0,T
026409,VERO S.A.,2022-09-30,8332000.0,T
026417,OLIVEIRA TRUST S.A.,2022-03-31,18043000.0,T
026417,OLIVEIRA TRUST S.A.,2022-06-30,17360000.0,T
026417,OLIVEIRA TRUST S.A.,2022-09-30,19893000.0,T
026441,SERENA ENERGIA S.A.,2022-03-31,-95906000.0,T
026441,SERENA ENERGIA S.A.,2022-06-30,-93263000.0,T
026441,SERENA ENERGIA S.A.,2022-09-30,44150000.0,T
026468,HOSPITAL ANCHIETA S.A.,2022-03-31,536000.0,T
026468,HOSPITAL ANCHIETA S.A.,2022-06-30,-5280000.0,T
026468,HOSPITAL ANCHIETA S.A.,2022-09-30,1411000.0,T
026476,AMMO VAREJO S.A.,2022-03-31,-7175000.0,T
026476,AMMO VAREJO S.A.,2022-06-30,-11702000.0,T
026476,AMMO VAREJO S.A.,2022-09-30,-22141000.0,T
026506,LUPO S.A.,2022-03-31,66263000.0,T
026506,LUPO S.A.,2022-06-30,49844000.0,T
026506,LUPO S.A.,2022-09-30,50808000.0,T
026514,ASA BRANCA HOLDING S.A.,2022-03-31,-19701000.0,T
026514,ASA BRANCA HOLDING S.A.,2022-06-30,-18874000.0,T
026514,ASA BRANCA HOLDING S.A.,2022-09-30,18005000.0,T
026522,CERRADINHO BIOENERGIA S.A.,2022-06-30,147677000.0,T
026522,CERRADINHO BIOENERGIA S.A.,2022-09-30,119695000.0,T
026522,CERRADINHO BIOENERGIA S.A.,2022-12-31,30622000.0,T
026530,CENCOSUD BRASIL COMERCIAL S.A.,2022-03-31,-87314000.0,T
026530,CENCOSUD BRASIL COMERCIAL S.A.,2022-06-30,-81984000.0,T
026530,CENCOSUD BRASIL COMERCIAL S.A.,2022-09-30,-121604000.0,T
026549,CLARANET TECHNOLOGY S.A.,2022-03-31,771000.0,T
026549,CLARANET TECHNOLOGY S.A.,2022-09-30,0.0,T
026549,CLARANET TECHNOLOGY S.A.,2022-12-31,0.0,T
026557,DATORA PARTICIPAÇÕES E SERVIÇOS S.A.,2022-03-31,4482000.0,T
026557,DATORA PARTICIPAÇÕES E SERVIÇOS S.A.,2022-06-30,1537000.0,T
026557,DATORA PARTICIPAÇÕES E SERVIÇOS S.A.,2022-09-30,8163000.0,T
026565,HOLDING DO ARAGUAIA S.A.,2022-03-31,-11712000.0,T
026565,HOLDING DO ARAGUAIA S.A.,2022-06-30,-17261000.0,T
026565,HOLDING DO ARAGUAIA S.A.,2022-09-30,-20215000.0,T
026603,GSH CORP PARTICIPAÇÕES S.A.,2022-03-31,4806000.0,T
026603,GSH CORP PARTICIPAÇÕES S.A.,2022-06-30,896000.0,T
026603,GSH CORP PARTICIPAÇÕES S.A.,2022-09-30,3358000.0,T
026620,AUREN ENERGIA S.A.,2022-03-31,-2585000.0,T
026620,AUREN ENERGIA S.A.,2022-06-30,-2027000.0,T
026620,AUREN ENERGIA S.A.,2022-09-30,230087000.0,T
026646,CANTU STORE S.A.,2022-03-31,0.0,T
026646,CANTU STORE S.A.,2022-06-30,37411000.0,T
026646,CANTU STORE S.A.,2022-09-30,89361000.0,T
026689,HOLDING VERZANI E SANDRINI S.A.,2022-03-31,-24052000.0,T
026697,FOZ DO RIO CLARO ENERGIA S.A.,2022-03-31,2716000.0,T
026697,FOZ DO RIO CLARO ENERGIA S.A.,2022-06-30,-574000.0,T
026697,FOZ DO RIO CLARO ENERGIA S.A.,2022-09-30,-4955000.0,T
026700,EUROFARMA LABORATÓRIOS S.A.,2022-03-31,339591000.0,T
026700,EUROFARMA LABORATÓRIOS S.A.,2022-06-30,143097000.0,T
026700,EUROFARMA LABORATÓRIOS S.A.,2022-09-30,258382000.0,T
026760,TECIDOS E ARMARINHOS MIGUEL BARTOLOMEU S.A.,2022-03-31,114615000.0,T
026760,TECIDOS E ARMARINHOS MIGUEL BARTOLOMEU S.A.,2022-06-30,105577000.0,T
026760,TECIDOS E ARMARINHOS MIGUEL BARTOLOMEU S.A.,2022-09-30,182511000.0,T
026786,SENIOR SISTEMAS S.A.,2022-03-31,26824000.0,T
026786,SENIOR SISTEMAS S.A.,2022-06-30,34945000.0,T
026786,SENIOR SISTEMAS S.A.,2022-09-30,37667000.0,T
026794,SELF IT ACADEMIAS HOLDING S.A.,2022-03-31,-12570000.0,T
026794,SELF IT ACADEMIAS HOLDING S.A.,2022-06-30,-12092000.0,T
026794,SELF IT ACADEMIAS HOLDING S.A.,2022-09-30,-8721000.0,T
026832,ANEMUS WIND HOLDING S.A.,2022-03-31,-33909000.0,T
026832,ANEMUS WIND HOLDING S.A.,2022-06-30,6290000.0,T
026832,ANEMUS WIND HOLDING S.A.,2022-09-30,1170000.0,T
026867,UNIÃO QUÍMICA FARMACÊUTICA NACIONAL S.A.,2022-03-31,46755000.0,T
026867,UNIÃO QUÍMICA FARMACÊUTICA NACIONAL S.A.,2022-06-30,12351000.0,T
026867,UNIÃO QUÍMICA FARMACÊUTICA NACIONAL S.A.,2022-09-30,125318000.0,T
026891,ELETRORIVER S.A.,2022-03-31,45717000.0,T
026891,ELETRORIVER S.A.,2022-06-30,28263000.0,T
026891,ELETRORIVER S.A.,2022-09-30,115388000.0,T
026930,AMAZONE FUN PARKS S.A.,2022-06-30,-1373125.0,T
026930,AMAZONE FUN PARKS S.A.,2022-09-30,-1853710.0,T
026956,OCEÂNICA ENGENHARIA E CONSULTORIA S.A.,2022-03-31,-14890000.0,T
026956,OCEÂNICA ENGENHARIA E CONSULTORIA S.A.,2022-06-30,12196000.0,T
026956,OCEÂNICA ENGENHARIA E CONSULTORIA S.A.,2022-09-30,12769000.0,T
026964,REAG CAPITAL HOLDING S.A.,2022-03-31,-4580000.0,T
026964,REAG CAPITAL HOLDING S.A.,2022-06-30,3211000.0,T
026964,REAG CAPITAL HOLDING S.A.,2022-09-30,385000.0,T
026972,CREDGRID SERVIÇOS FINANCEIROS S.A.,2022-03-31,40859000.0,T
026972,CREDGRID SERVIÇOS FINANCEIROS S.A.,2022-06-30,-27633000.0,T
026972,CREDGRID SERVIÇOS FINANCEIROS S.A.,2022-09-30,-39507000.0,T
026980,BORRACHAS VIPAL S.A.,2022-03-31,95785000.0,T
026980,BORRACHAS VIPAL S.A.,2022-06-30,4130000.0,T
026980,BORRACHAS VIPAL S.A.,2022-09-30,42807000.0,T
027006,RIO ALTO STL HOLDING I S.A.,2022-03-31,-1193499.0,T
027006,RIO ALTO STL HOLDING I S.A.,2022-06-30,-3850037.0,T
027006,RIO ALTO STL HOLDING I S.A.,2022-09-30,-439870.0,T
027006,RIO ALTO STL HOLDING I S.A.,2022-12-31,-439870000.0,T
027014,SOLAR BEBIDAS S.A.,2022-03-31,19604000.0,T
027014,SOLAR BEBIDAS S.A.,2022-06-30,151904000.0,T
027014,SOLAR BEBIDAS S.A.,2022-09-30,211475000.0,T
027022,V. TAL - REDE NEUTRA DE TELECOMUNICAÇÕES S.A.,2022-06-30,-291599000.0,T
027022,V. TAL - REDE NEUTRA DE TELECOMUNICAÇÕES S.A.,2022-09-30,33849000.0,T
027049,ORIZON MEIO AMBIENTE S.A.,2022-03-31,9971000.0,T
027049,ORIZON MEIO AMBIENTE S.A.,2022-06-30,37921000.0,T
027049,ORIZON MEIO AMBIENTE S.A.,2022-09-30,1345000.0,T
027057,VITRU EDUCAÇÃO S.A.,2022-03-31,20870000.0,T
027057,VITRU EDUCAÇÃO S.A.,2022-06-30,20239000.0,T
027057,VITRU EDUCAÇÃO S.A.,2022-09-30,35528000.0,T
027073,SOLVI ESSENCIS AMBIENTAL S.A.,2022-03-31,-4740000.0,T
027073,SOLVI ESSENCIS AMBIENTAL S.A.,2022-06-30,4305000.0,T
027073,SOLVI ESSENCIS AMBIENTAL S.A.,2022-09-30,-5989000.0,T
027090,TIM BRASIL SERVIÇOS E PARTICIPAÇÕES S.A.,2022-03-31,394557000.0,T
027090,TIM BRASIL SERVIÇOS E PARTICIPAÇÕES S.A.,2022-06-30,264281000.0,T
027090,TIM BRASIL SERVIÇOS E PARTICIPAÇÕES S.A.,2022-09-30,413586000.0,T
027103,CHINA THREE GORGES BRASIL ENERGIA S.A.,2022-03-31,913417000.0,T
027103,CHINA THREE GORGES BRASIL ENERGIA S.A.,2022-06-30,332920000.0,T
027103,CHINA THREE GORGES BRASIL ENERGIA S.A.,2022-09-30,476631000.0,T
027111,XP INVESTIMENTOS S.A.,2022-03-31,-14984000.0,T
027111,XP INVESTIMENTOS S.A.,2022-06-30,-8763000.0,T
027111,XP INVESTIMENTOS S.A.,2022-09-30,-37732000.0,T
027138,SAFIRA HOLDING S.A.,2022-03-31,-7796000.0,T
027138,SAFIRA HOLDING S.A.,2022-06-30,4648000.0,T
027138,SAFIRA HOLDING S.A.,2022-09-30,20723000.0,T
027154,COMPANHIA ESTADUAL DE GERAÇÃO DE ENERGIA ELÉTRICA - CEEE-G,2022-03-31,62833000.0,T
027154,COMPANHIA ESTADUAL DE GERAÇÃO DE ENERGIA ELÉTRICA - CEEE-G,2022-06-30,25330000.0,T
027154,COMPANHIA ESTADUAL DE GERAÇÃO DE ENERGIA ELÉTRICA - CEEE-G,2022-09-30,40278000.0,T
080020,"GP INVESTMENTS, LTD.",2022-03-31,265867000.0,T
080020,"GP INVESTMENTS, LTD.",2022-06-30,-779664000.0,T
080020,"GP INVESTMENTS, LTD.",2022-09-30,-17616000.0,T
080187,AURA MINERALS INC.,2022-03-31,205067000.0,T
080187,AURA MINERALS INC.,2022-06-30,73498000.0,T
080187,AURA MINERALS INC.,2022-09-30,365000.0,T
080209,NU HOLDINGS LTD.,2022-03-31,-235146000.0,T
080209,NU HOLDINGS LTD.,2022-06-30,-144819000.0,T
080209,NU HOLDINGS LTD.,2022-09-30,35832000.0,T
080217,"INTER & CO, INC.",2022-03-31,-28822000.0,T
080217,"INTER & CO, INC.",2022-06-30,15525000.0,T
080217,"INTER & CO, INC.",2022-09-30,-29595000.0,T
080225,ALMACENES ÉXITO S.A.,2022-03-31,114653000.0,T
080225,ALMACENES ÉXITO S.A.,2022-06-30,126416000.0,T
080225,ALMACENES ÉXITO S.A.,2022-09-30,111604000.0,T
000094,PANATLANTICA S.A.,2023-03-31,4759000.0,T
000094,PANATLANTICA S.A.,2023-06-30,471000.0,T
000094,PANATLANTICA S.A.,2023-09-30,73000.0,T
000701,BIOMA EDUCAÇÃO S.A.,2023-03-31,-17872000.0,T
000701,BIOMA EDUCAÇÃO S.A.,2023-06-30,-14127000.0,T
000701,BIOMA EDUCAÇÃO S.A.,2023-09-30,-15005000.0,T
000906,BCO BRADESCO S.A.,2023-03-31,5473810000.0,T
000906,BCO BRADESCO S.A.,2023-06-30,4071265000.0,T
000906,BCO BRADESCO S.A.,2023-09-30,3471044000.0,T
001023,BCO BRASIL S.A.,2023-03-31,7290982000.0,T
001023,BCO BRASIL S.A.,2023-06-30,9092514000.0,T
001023,BCO BRASIL S.A.,2023-09-30,8841647000.0,T
001155,BANESTES S.A. - BCO EST ESPIRITO SANTO,2023-03-31,44991000.0,T
001155,BANESTES S.A. - BCO EST ESPIRITO SANTO,2023-06-30,123361000.0,T
001155,BANESTES S.A. - BCO EST ESPIRITO SANTO,2023-09-30,87788000.0,T
001210,BANCO DO ESTADO DO RIO GRANDE DO SUL SA,2023-03-31,191487000.0,T
001210,BANCO DO ESTADO DO RIO GRANDE DO SUL SA,2023-06-30,281188000.0,T
001210,BANCO DO ESTADO DO RIO GRANDE DO SUL SA,2023-09-30,191402000.0,T
001325,BCO MERCANTIL DO BRASIL S.A.,2023-03-31,56550000.0,T
001325,BCO MERCANTIL DO BRASIL S.A.,2023-06-30,86248000.0,T
001325,BCO MERCANTIL DO BRASIL S.A.,2023-09-30,93361000.0,T
001384,BCO ALFA DE INVESTIMENTO S.A.,2023-03-31,3492000.0,T
001384,BCO ALFA DE INVESTIMENTO S.A.,2023-06-30,29126000.0,T
001384,BCO ALFA DE INVESTIMENTO S.A.,2023-09-30,3822000.0,T
001520,BARDELLA S.A. INDUSTRIAS MECANICAS EM RECUPERAÇÃO JUDICIAL,2023-03-31,-12992000.0,T
001520,BARDELLA S.A. INDUSTRIAS MECANICAS EM RECUPERAÇÃO JUDICIAL,2023-06-30,-18584000.0,T
001520,BARDELLA S.A. INDUSTRIAS MECANICAS EM RECUPERAÇÃO JUDICIAL,2023-09-30,-24731000.0,T
001562,BAUMER S.A.,2023-03-31,3988000.0,T
001562,BAUMER S.A.,2023-06-30,3815000.0,T
001562,BAUMER S.A.,2023-09-30,3750000.0,T
002100,CAMBUCI S.A.,2023-03-31,20257000.0,T
002100,CAMBUCI S.A.,2023-06-30,21772000.0,T
002100,CAMBUCI S.A.,2023-09-30,21996000.0,T
002429,IRANI PAPEL E EMBALAGEM S.A.,2023-03-31,82958000.0,T
002429,IRANI PAPEL E EMBALAGEM S.A.,2023-06-30,228746000.0,T
002429,IRANI PAPEL E EMBALAGEM S.A.,2023-09-30,64635000.0,T
002437,AXIA ENERGIA S.A.,2023-03-31,405963000.0,T
002437,AXIA ENERGIA S.A.,2023-06-30,1618904000.0,T
002437,AXIA ENERGIA S.A.,2023-09-30,1476587000.0,T
002453,CIA ENERGETICA DE MINAS GERAIS - CEMIG,2023-03-31,1398206000.0,T
002453,CIA ENERGETICA DE MINAS GERAIS - CEMIG,2023-06-30,1245382000.0,T
002453,CIA ENERGETICA DE MINAS GERAIS - CEMIG,2023-09-30,1237307000.0,T
002461,CENTRAIS ELET DE SANTA CATARINA S.A.,2023-03-31,218063000.0,T
002461,CENTRAIS ELET DE SANTA CATARINA S.A.,2023-06-30,214970000.0,T
002461,CENTRAIS ELET DE SANTA CATARINA S.A.,2023-09-30,35039000.0,T
002577,CESP - CIA ENERGETICA DE SAO PAULO,2023-03-31,170507000.0,T
002577,CESP - CIA ENERGETICA DE SAO PAULO,2023-06-30,244647000.0,T
002577,CESP - CIA ENERGETICA DE SAO PAULO,2023-09-30,-918266000.0,T
003069,CIA FERRO LIGAS DA BAHIA - FERBASA,2023-03-31,131560000.0,T
003069,CIA FERRO LIGAS DA BAHIA - FERBASA,2023-06-30,121775000.0,T
003069,CIA FERRO LIGAS DA BAHIA - FERBASA,2023-09-30,74527000.0,T
003077,CIA FIACAO TECIDOS CEDRO CACHOEIRA,2023-03-31,13250000.0,T
003077,CIA FIACAO TECIDOS CEDRO CACHOEIRA,2023-06-30,19764000.0,T
003077,CIA FIACAO TECIDOS CEDRO CACHOEIRA,2023-09-30,33802000.0,T
003115,CIA SEGUROS ALIANCA DA BAHIA,2023-03-31,4750000.0,T
003115,CIA SEGUROS ALIANCA DA BAHIA,2023-06-30,4523000.0,T
003115,CIA SEGUROS ALIANCA DA BAHIA,2023-09-30,5631000.0,T
003158,CIA TECIDOS NORTE DE MINAS COTEMINAS,2023-03-31,-267883000.0,T
003158,CIA TECIDOS NORTE DE MINAS COTEMINAS,2023-06-30,-505198000.0,T
003158,CIA TECIDOS NORTE DE MINAS COTEMINAS,2023-09-30,-208411000.0,T
003190,REDE ENERGIA PARTICIPAÇÕES S.A.,2023-03-31,419179000.0,T
003190,REDE ENERGIA PARTICIPAÇÕES S.A.,2023-06-30,505760000.0,T
003190,REDE ENERGIA PARTICIPAÇÕES S.A.,2023-09-30,647718000.0,T
003204,CPFL TRANSMISSÃO S.A.,2023-03-31,120276000.0,T
003204,CPFL TRANSMISSÃO S.A.,2023-06-30,143227000.0,T
003204,CPFL TRANSMISSÃO S.A.,2023-09-30,112844000.0,T
003298,CIA HABITASUL DE PARTICIPACOES,2023-03-31,21555000.0,T
003298,CIA HABITASUL DE PARTICIPACOES,2023-06-30,69485000.0,T
003298,CIA HABITASUL DE PARTICIPACOES,2023-09-30,4972000.0,T
003395,COMPANHIA INDUSTRIAL CATAGUASES,2023-03-31,6649000.0,T
003395,COMPANHIA INDUSTRIAL CATAGUASES,2023-06-30,5037000.0,T
003395,COMPANHIA INDUSTRIAL CATAGUASES,2023-09-30,6234000.0,T
003549,CIA INDUSTRIAL SCHLOSSER S.A.,2023-03-31,-17.0,T
003549,CIA INDUSTRIAL SCHLOSSER S.A.,2023-06-30,-40.0,T
003549,CIA INDUSTRIAL SCHLOSSER S.A.,2023-09-30,-67.0,T
003654,CIA MELHORAMENTOS DE SAO PAULO,2023-03-31,-8194000.0,T
003654,CIA MELHORAMENTOS DE SAO PAULO,2023-06-30,6968000.0,T
003654,CIA MELHORAMENTOS DE SAO PAULO,2023-09-30,8816000.0,T
003891,FINANCEIRA ALFA S.A.- CRED FINANC E INVS,2023-03-31,1092000.0,T
003891,FINANCEIRA ALFA S.A.- CRED FINANC E INVS,2023-06-30,6488000.0,T
003891,FINANCEIRA ALFA S.A.- CRED FINANC E INVS,2023-09-30,14638000.0,T
003980,GERDAU S.A.,2023-03-31,3215399000.0,T
003980,GERDAU S.A.,2023-06-30,2142723000.0,T
003980,GERDAU S.A.,2023-09-30,1592065000.0,T
004030,CIA SIDERURGICA NACIONAL,2023-03-31,-822548000.0,T
004030,CIA SIDERURGICA NACIONAL,2023-06-30,283298000.0,T
004030,CIA SIDERURGICA NACIONAL,2023-09-30,90794000.0,T
004081,CIA TECIDOS SANTANENSE EM RECUPERAÇÃO JUDICIAL,2023-03-31,-30398000.0,T
004081,CIA TECIDOS SANTANENSE EM RECUPERAÇÃO JUDICIAL,2023-06-30,-27708000.0,T
004081,CIA TECIDOS SANTANENSE EM RECUPERAÇÃO JUDICIAL,2023-09-30,-22745000.0,T
004146,KARSTEN S.A.,2023-03-31,9799000.0,T
004146,KARSTEN S.A.,2023-06-30,11613000.0,T
004146,KARSTEN S.A.,2023-09-30,9517000.0,T
004170,VALE S.A.,2023-03-31,9734000000.0,T
004170,VALE S.A.,2023-06-30,4752000000.0,T
004170,VALE S.A.,2023-09-30,13966000000.0,T
004448,COBRASMA S.A.,2023-03-31,-689229000.0,T
004448,COBRASMA S.A.,2023-06-30,-318736000.0,T
004448,COBRASMA S.A.,2023-09-30,-776707000.0,T
004537,GRAZZIOTIN S.A.,2023-03-31,10502000.0,T
004537,GRAZZIOTIN S.A.,2023-06-30,39601000.0,T
004537,GRAZZIOTIN S.A.,2023-09-30,11490000.0,T
004669,GUARARAPES CONFECCOES S.A.,2023-03-31,-175667000.0,T
004669,GUARARAPES CONFECCOES S.A.,2023-06-30,-17616000.0,T
004669,GUARARAPES CONFECCOES S.A.,2023-09-30,-70742000.0,T
004693,CONSERVAS ODERICH S.A.,2023-03-31,30206000.0,T
004693,CONSERVAS ODERICH S.A.,2023-06-30,21698000.0,T
004693,CONSERVAS ODERICH S.A.,2023-09-30,52711000.0,T
004707,CONSORCIO ALFA DE ADMINISTRACAO S.A.,2023-03-31,12356000.0,T
004707,CONSORCIO ALFA DE ADMINISTRACAO S.A.,2023-06-30,15936000.0,T
004707,CONSORCIO ALFA DE ADMINISTRACAO S.A.,2023-09-30,31353000.0,T
004723,CONSTRUTORA ADOLPHO LINDENBERG S.A.,2023-03-31,4109000.0,T
004723,CONSTRUTORA ADOLPHO LINDENBERG S.A.,2023-06-30,2621000.0,T
004723,CONSTRUTORA ADOLPHO LINDENBERG S.A.,2023-09-30,1742000.0,T
004820,BRASKEM S.A.,2023-03-31,242448000.0,T
004820,BRASKEM S.A.,2023-06-30,-823348000.0,T
004820,BRASKEM S.A.,2023-09-30,-2558092000.0,T
004863,CORREA RIBEIRO S.A. COMERCIO E INDUSTRIA,2023-03-31,-814000.0,T
004863,CORREA RIBEIRO S.A. COMERCIO E INDUSTRIA,2023-06-30,-752000.0,T
004863,CORREA RIBEIRO S.A. COMERCIO E INDUSTRIA,2023-09-30,-678000.0,T
005258,RAIA DROGASIL S.A.,2023-03-31,198018000.0,T
005258,RAIA DROGASIL S.A.,2023-06-30,343081000.0,T
005258,RAIA DROGASIL S.A.,2023-09-30,268145000.0,T
005312,MUNDIAL S.A. - PRODUTOS DE CONSUMO,2023-03-31,1524000.0,T
005312,MUNDIAL S.A. - PRODUTOS DE CONSUMO,2023-06-30,11187000.0,T
005312,MUNDIAL S.A. - PRODUTOS DE CONSUMO,2023-09-30,-14885000.0,T
005380,ELECTRO ACO ALTONA S.A.,2023-03-31,8446000.0,T
005380,ELECTRO ACO ALTONA S.A.,2023-06-30,9369000.0,T
005380,ELECTRO ACO ALTONA S.A.,2023-09-30,9395000.0,T
005410,WEG S.A.,2023-03-31,1323941000.0,T
005410,WEG S.A.,2023-06-30,1409787000.0,T
005410,WEG S.A.,2023-09-30,1345892000.0,T
005762,ETERNIT S.A.,2023-03-31,22006000.0,T
005762,ETERNIT S.A.,2023-06-30,1149000.0,T
005762,ETERNIT S.A.,2023-09-30,21072000.0,T
005770,EUCATEX S.A. INDUSTRIA E COMERCIO,2023-03-31,76860000.0,T
005770,EUCATEX S.A. INDUSTRIA E COMERCIO,2023-06-30,55458000.0,T
005770,EUCATEX S.A. INDUSTRIA E COMERCIO,2023-09-30,60549000.0,T
005983,FIACAO E TECELAGEM SAO JOSE SA EM RECUPERACAO JUDICIAL,2023-03-31,-1846000.0,T
005983,FIACAO E TECELAGEM SAO JOSE SA EM RECUPERACAO JUDICIAL,2023-06-30,-2669000.0,T
005983,FIACAO E TECELAGEM SAO JOSE SA EM RECUPERACAO JUDICIAL,2023-09-30,-1509000.0,T
006173,TAURUS ARMAS S.A.,2023-03-31,35396000.0,T
006173,TAURUS ARMAS S.A.,2023-06-30,48863000.0,T
006173,TAURUS ARMAS S.A.,2023-09-30,26001000.0,T
006211,FRASLE MOBILITY S.A.,2023-03-31,90448000.0,T
006211,FRASLE MOBILITY S.A.,2023-06-30,98235000.0,T
006211,FRASLE MOBILITY S.A.,2023-09-30,106110000.0,T
006343,TUPY S.A.,2023-03-31,145276000.0,T
006343,TUPY S.A.,2023-06-30,61870000.0,T
006343,TUPY S.A.,2023-09-30,150079000.0,T
006505,GRUPO CASAS BAHIA S.A.,2023-03-31,-297000000.0,T
006505,GRUPO CASAS BAHIA S.A.,2023-06-30,-492000000.0,T
006505,GRUPO CASAS BAHIA S.A.,2023-09-30,-836000000.0,T
006700,HOTEIS OTHON S.A. - EM RECUPERAÇÃO JUDICIAL,2023-03-31,85613000.0,T
006700,HOTEIS OTHON S.A. - EM RECUPERAÇÃO JUDICIAL,2023-06-30,-16668000.0,T
006700,HOTEIS OTHON S.A. - EM RECUPERAÇÃO JUDICIAL,2023-09-30,3209000.0,T
007510,ROMI S.A.,2023-03-31,36130000.0,T
007510,ROMI S.A.,2023-06-30,32625000.0,T
007510,ROMI S.A.,2023-09-30,44491000.0,T
007544,TEXTIL RENAUXVIEW S.A.,2023-03-31,-2739000.0,T
007544,TEXTIL RENAUXVIEW S.A.,2023-06-30,-12100000.0,T
007544,TEXTIL RENAUXVIEW S.A.,2023-09-30,-14157000.0,T
007595,INEPAR S.A. INDUSTRIA E CONSTRUCOES EM RECUPERACAO JUDICIAL,2023-03-31,-70556000.0,T
007595,INEPAR S.A. INDUSTRIA E CONSTRUCOES EM RECUPERACAO JUDICIAL,2023-06-30,-74277000.0,T
007595,INEPAR S.A. INDUSTRIA E CONSTRUCOES EM RECUPERACAO JUDICIAL,2023-09-30,-51401000.0,T
007617,ITAÚSA S.A.,2023-03-31,2896000000.0,T
007617,ITAÚSA S.A.,2023-06-30,3691000000.0,T
007617,ITAÚSA S.A.,2023-09-30,4283000000.0,T
007811,JOAO FORTES ENGENHARIA S.A. - EM RECUPERAÇÃO JUDICIAL,2023-03-31,40084000.0,T
007811,JOAO FORTES ENGENHARIA S.A. - EM RECUPERAÇÃO JUDICIAL,2023-06-30,817000.0,T
007811,JOAO FORTES ENGENHARIA S.A. - EM RECUPERAÇÃO JUDICIAL,2023-09-30,-45314000.0,T
007870,KEPLER WEBER S.A.,2023-03-31,51241000.0,T
007870,KEPLER WEBER S.A.,2023-06-30,33358000.0,T
007870,KEPLER WEBER S.A.,2023-09-30,66591000.0,T
008133,LOJAS RENNER S.A.,2023-03-31,46766000.0,T
008133,LOJAS RENNER S.A.,2023-06-30,229700000.0,T
008133,LOJAS RENNER S.A.,2023-09-30,172902000.0,T
008192,TREVISA INVESTIMENTOS S.A.,2023-03-31,4248000.0,T
008192,TREVISA INVESTIMENTOS S.A.,2023-06-30,5622000.0,T
008192,TREVISA INVESTIMENTOS S.A.,2023-09-30,4482000.0,T
008397,MANGELS INDUSTRIAL S.A.,2023-03-31,6853000.0,T
008397,MANGELS INDUSTRIAL S.A.,2023-06-30,18329000.0,T
008397,MANGELS INDUSTRIAL S.A.,2023-09-30,-8681000.0,T
008427,MANUFATURA DE BRINQUEDOS ESTRELA S.A.,2023-03-31,-19590000.0,T
008427,MANUFATURA DE BRINQUEDOS ESTRELA S.A.,2023-06-30,-12524000.0,T
008427,MANUFATURA DE BRINQUEDOS ESTRELA S.A.,2023-09-30,-10246000.0,T
008451,MARCOPOLO S.A.,2023-03-31,236276000.0,T
008451,MARCOPOLO S.A.,2023-06-30,140456000.0,T
008451,MARCOPOLO S.A.,2023-09-30,161688000.0,T
008575,MAHLE METAL LEVE S.A.,2023-03-31,185946000.0,T
008575,MAHLE METAL LEVE S.A.,2023-06-30,192914000.0,T
008575,MAHLE METAL LEVE S.A.,2023-09-30,214831000.0,T
008656,METALURGICA GERDAU S.A.,2023-03-31,3236531000.0,T
008656,METALURGICA GERDAU S.A.,2023-06-30,2132522000.0,T
008656,METALURGICA GERDAU S.A.,2023-09-30,1613051000.0,T
008672,IGUATEMI S.A.,2023-03-31,48806000.0,T
008672,IGUATEMI S.A.,2023-06-30,78702000.0,T
008672,IGUATEMI S.A.,2023-09-30,61213000.0,T
008745,METANOR SA METANOL DO NE,2023-03-31,6209000.0,T
008745,METANOR SA METANOL DO NE,2023-06-30,4211000.0,T
008745,METANOR SA METANOL DO NE,2023-09-30,1002000.0,T
008753,METISA METALURGICA TIMBOENSE S.A.,2023-03-31,19179380.0,T
008753,METISA METALURGICA TIMBOENSE S.A.,2023-06-30,23498272.0,T
008753,METISA METALURGICA TIMBOENSE S.A.,2023-09-30,20392939.0,T
008893,MONTEIRO ARANHA S.A.,2023-03-31,36337000.0,T
008893,MONTEIRO ARANHA S.A.,2023-06-30,1032177000.0,T
008893,MONTEIRO ARANHA S.A.,2023-09-30,111288000.0,T
009067,SUZANO HOLDING S.A.,2023-03-31,5242007000.0,T
009067,SUZANO HOLDING S.A.,2023-06-30,5077425000.0,T
009067,SUZANO HOLDING S.A.,2023-09-30,-726153000.0,T
009342,DIMED S.A. DISTRIBUIDORA DE MEDICAMENTOS,2023-03-31,18216000.0,T
009342,DIMED S.A. DISTRIBUIDORA DE MEDICAMENTOS,2023-06-30,22030000.0,T
009342,DIMED S.A. DISTRIBUIDORA DE MEDICAMENTOS,2023-09-30,23645000.0,T
009393,PARANAPANEMA S.A. - EM RECUPERAÇÃO JUDICIAL,2023-03-31,-178893000.0,T
009393,PARANAPANEMA S.A. - EM RECUPERAÇÃO JUDICIAL,2023-06-30,-613263000.0,T
009393,PARANAPANEMA S.A. - EM RECUPERAÇÃO JUDICIAL,2023-09-30,-382250000.0,T
009512,PETROLEO BRASILEIRO S.A. PETROBRAS,2023-03-31,38307000000.0,T
009512,PETROLEO BRASILEIRO S.A. PETROBRAS,2023-06-30,28936000000.0,T
009512,PETROLEO BRASILEIRO S.A. PETROBRAS,2023-09-30,26760000000.0,T
009539,PETTENATI S.A. INDUSTRIA TEXTIL,2023-03-31,19465782.0,T
009539,PETTENATI S.A. INDUSTRIA TEXTIL,2023-09-30,9833675.0,T
009539,PETTENATI S.A. INDUSTRIA TEXTIL,2023-12-31,12018455.0,T
009989,REFINARIA DE PETROLEOS MANGUINHOS S.A.,2023-03-31,-82533000.0,T
009989,REFINARIA DE PETROLEOS MANGUINHOS S.A.,2023-06-30,-192301000.0,T
009989,REFINARIA DE PETROLEOS MANGUINHOS S.A.,2023-09-30,-293585000.0,T
010456,ALPARGATAS S.A.,2023-03-31,-199691000.0,T
010456,ALPARGATAS S.A.,2023-06-30,-53095000.0,T
010456,ALPARGATAS S.A.,2023-09-30,-8482000.0,T
010472,SARAIVA LIVREIROS S.A. - EM RECUPERAÇÃO JUDICIAL,2023-03-31,-16052000.0,T
010472,SARAIVA LIVREIROS S.A. - EM RECUPERAÇÃO JUDICIAL,2023-06-30,-17554000.0,T
010880,SONDOTECNICA ENGENHARIA SOLOS S.A.,2023-03-31,4173000.0,T
010880,SONDOTECNICA ENGENHARIA SOLOS S.A.,2023-06-30,448000.0,T
010880,SONDOTECNICA ENGENHARIA SOLOS S.A.,2023-09-30,1526000.0,T
011070,WLM PART. E COMÉRCIO DE MÁQUINAS E VEÍCULOS S.A.,2023-03-31,23343000.0,T
011070,WLM PART. E COMÉRCIO DE MÁQUINAS E VEÍCULOS S.A.,2023-06-30,25235000.0,T
011070,WLM PART. E COMÉRCIO DE MÁQUINAS E VEÍCULOS S.A.,2023-09-30,24509000.0,T
011223,TEKA-TECELAGEM KUEHNRICH S.A. - EM RECUPERAÇÃO JUDICIAL,2023-03-31,-35083000.0,T
011223,TEKA-TECELAGEM KUEHNRICH S.A. - EM RECUPERAÇÃO JUDICIAL,2023-06-30,-40360000.0,T
011223,TEKA-TECELAGEM KUEHNRICH S.A. - EM RECUPERAÇÃO JUDICIAL,2023-09-30,-38988000.0,T
011231,TEKNO S.A. - INDUSTRIA E COMERCIO,2023-03-31,8506000.0,T
011231,TEKNO S.A. - INDUSTRIA E COMERCIO,2023-06-30,7422000.0,T
011231,TEKNO S.A. - INDUSTRIA E COMERCIO,2023-09-30,10873000.0,T
011312,OI S.A. - EM RECUPERAÇÃO JUDICIAL,2023-03-31,-1267087000.0,T
011312,OI S.A. - EM RECUPERAÇÃO JUDICIAL,2023-06-30,-844524000.0,T
011312,OI S.A. - EM RECUPERAÇÃO JUDICIAL,2023-09-30,-2830492000.0,T
011592,UNIPAR CARBOCLORO S.A.,2023-03-31,252961000.0,T
011592,UNIPAR CARBOCLORO S.A.,2023-06-30,186336000.0,T
011592,UNIPAR CARBOCLORO S.A.,2023-09-30,190793000.0,T
011762,VULCABRAS S.A.,2023-03-31,83630000.0,T
011762,VULCABRAS S.A.,2023-06-30,138951000.0,T
011762,VULCABRAS S.A.,2023-09-30,127597000.0,T
011932,IOCHPE MAXION S.A.,2023-03-31,402000.0,T
011932,IOCHPE MAXION S.A.,2023-06-30,82105000.0,T
011932,IOCHPE MAXION S.A.,2023-09-30,6434000.0,T
011975,AZEVEDO E TRAVASSOS S.A.,2023-03-31,-20089000.0,T
011975,AZEVEDO E TRAVASSOS S.A.,2023-06-30,42312000.0,T
011975,AZEVEDO E TRAVASSOS S.A.,2023-09-30,-35130000.0,T
011991,WETZEL S.A.,2023-03-31,-175000.0,T
011991,WETZEL S.A.,2023-06-30,-3587000.0,T
011991,WETZEL S.A.,2023-09-30,-5266000.0,T
012190,BOMBRIL S.A. - EM RECUPERAÇÃO JUDICIAL,2023-03-31,18889000.0,T
012190,BOMBRIL S.A. - EM RECUPERAÇÃO JUDICIAL,2023-06-30,19612000.0,T
012190,BOMBRIL S.A. - EM RECUPERAÇÃO JUDICIAL,2023-09-30,45227000.0,T
012572,RECRUSUL S.A.,2023-03-31,-277000.0,T
012572,RECRUSUL S.A.,2023-06-30,-745000.0,T
012572,RECRUSUL S.A.,2023-09-30,-2039000.0,T
012653,KLABIN S.A.,2023-03-31,1262126000.0,T
012653,KLABIN S.A.,2023-06-30,970699000.0,T
012653,KLABIN S.A.,2023-09-30,244580000.0,T
012696,SANSUY S.A. INDUSTRIA DE PLASTICOS,2023-03-31,-33819000.0,T
012696,SANSUY S.A. INDUSTRIA DE PLASTICOS,2023-06-30,-20498000.0,T
012696,SANSUY S.A. INDUSTRIA DE PLASTICOS,2023-09-30,-32554000.0,T
012823,ALIPERTI S.A.,2023-03-31,-4795000.0,T
012823,ALIPERTI S.A.,2023-06-30,14517000.0,T
012823,ALIPERTI S.A.,2023-09-30,-4465000.0,T
013030,CONSTRUTORA SULTEPA S.A. - EM RECUPERAÇÃO JUDICIAL,2023-03-31,39226000.0,T
013030,CONSTRUTORA SULTEPA S.A. - EM RECUPERAÇÃO JUDICIAL,2023-06-30,7328000.0,T
013030,CONSTRUTORA SULTEPA S.A. - EM RECUPERAÇÃO JUDICIAL,2023-09-30,-1137000.0,T
013285,JOSAPAR-JOAQUIM OLIVEIRA S.A. - PARTICIP,2023-03-31,5345000.0,T
013285,JOSAPAR-JOAQUIM OLIVEIRA S.A. - PARTICIP,2023-06-30,2168000.0,T
013285,JOSAPAR-JOAQUIM OLIVEIRA S.A. - PARTICIP,2023-09-30,1540000.0,T
013366,HAGA S.A. INDUSTRIA E COMERCIO,2023-03-31,-131601.0,T
013366,HAGA S.A. INDUSTRIA E COMERCIO,2023-06-30,1038548.0,T
013366,HAGA S.A. INDUSTRIA E COMERCIO,2023-09-30,-62420.0,T
013439,METALURGICA RIOSULENSE S.A.,2023-03-31,14326000.0,T
013439,METALURGICA RIOSULENSE S.A.,2023-06-30,12743000.0,T
013439,METALURGICA RIOSULENSE S.A.,2023-09-30,15305000.0,T
013471,PLASCAR PARTICIPACOES INDUSTRIAIS S.A.,2023-03-31,-41296000.0,T
013471,PLASCAR PARTICIPACOES INDUSTRIAIS S.A.,2023-06-30,123256000.0,T
013471,PLASCAR PARTICIPACOES INDUSTRIAIS S.A.,2023-09-30,-30833000.0,T
013765,MINUPAR PARTICIPACOES S.A.,2023-03-31,8539000.0,T
013765,MINUPAR PARTICIPACOES S.A.,2023-06-30,33000.0,T
013765,MINUPAR PARTICIPACOES S.A.,2023-09-30,4794000.0,T
013773,PBG S/A,2023-03-31,-15061000.0,T
013773,PBG S/A,2023-06-30,-38297000.0,T
013773,PBG S/A,2023-09-30,3968000.0,T
013781,SAO CARLOS EMPREEND E PARTICIPACOES S.A.,2023-03-31,14602000.0,T
013781,SAO CARLOS EMPREEND E PARTICIPACOES S.A.,2023-06-30,47482000.0,T
013781,SAO CARLOS EMPREEND E PARTICIPACOES S.A.,2023-09-30,-13719000.0,T
013986,SUZANO S.A.,2023-03-31,5242793000.0,T
013986,SUZANO S.A.,2023-06-30,5077623000.0,T
013986,SUZANO S.A.,2023-09-30,-728757000.0,T
014109,RANDONCORP S.A.,2023-03-31,186840000.0,T
014109,RANDONCORP S.A.,2023-06-30,187126000.0,T
014109,RANDONCORP S.A.,2023-09-30,165804000.0,T
014206,BRB BANCO DE BRASILIA S.A.,2023-03-31,-93027000.0,T
014206,BRB BANCO DE BRASILIA S.A.,2023-06-30,210886000.0,T
014206,BRB BANCO DE BRASILIA S.A.,2023-09-30,-31507000.0,T
014311,CIA PARANAENSE DE ENERGIA - COPEL,2023-03-31,635490000.0,T
014311,CIA PARANAENSE DE ENERGIA - COPEL,2023-06-30,307706000.0,T
014311,CIA PARANAENSE DE ENERGIA - COPEL,2023-09-30,441163000.0,T
014320,USINAS SID DE MINAS GERAIS S.A.-USIMINAS,2023-03-31,544076000.0,T
014320,USINAS SID DE MINAS GERAIS S.A.-USIMINAS,2023-06-30,287357000.0,T
014320,USINAS SID DE MINAS GERAIS S.A.-USIMINAS,2023-09-30,-165586000.0,T
014346,WHIRLPOOL S.A.,2023-03-31,68977000.0,T
014346,WHIRLPOOL S.A.,2023-06-30,126297000.0,T
014346,WHIRLPOOL S.A.,2023-09-30,125988000.0,T
014443,CIA SANEAMENTO BASICO EST SAO PAULO,2023-09-30,846295000.0,T
014451,COMPANHIA ENERGÉTICA DE BRASÍLIA - CEB,2023-03-31,64842000.0,T
014451,COMPANHIA ENERGÉTICA DE BRASÍLIA - CEB,2023-06-30,51609000.0,T
014451,COMPANHIA ENERGÉTICA DE BRASÍLIA - CEB,2023-09-30,55322000.0,T
014460,CYRELA BRAZIL REALTY S.A.EMPREEND E PART,2023-03-31,191060000.0,T
014460,CYRELA BRAZIL REALTY S.A.EMPREEND E PART,2023-06-30,308025000.0,T
014460,CYRELA BRAZIL REALTY S.A.EMPREEND E PART,2023-09-30,304638000.0,T
014664,SCHULZ S.A.,2023-03-31,75946000.0,T
014664,SCHULZ S.A.,2023-06-30,62422000.0,T
014664,SCHULZ S.A.,2023-09-30,76329000.0,T
014826,CIA BRASILEIRA DE DISTRIBUICAO,2023-03-31,-195000000.0,T
014826,CIA BRASILEIRA DE DISTRIBUICAO,2023-06-30,-352000000.0,T
014826,CIA BRASILEIRA DE DISTRIBUICAO,2023-09-30,-1286000000.0,T
015253,ENERGISA S.A.,2023-03-31,508997000.0,T
015253,ENERGISA S.A.,2023-06-30,656714000.0,T
015253,ENERGISA S.A.,2023-09-30,688691000.0,T
015423,FICTOR ALIMENTOS S.A. - EM RECUPERAÇÃO JUDICIAL,2023-03-31,2521000.0,T
015423,FICTOR ALIMENTOS S.A. - EM RECUPERAÇÃO JUDICIAL,2023-06-30,-523000.0,T
015423,FICTOR ALIMENTOS S.A. - EM RECUPERAÇÃO JUDICIAL,2023-09-30,-1140000.0,T
015458,EMBPAR PARTICIPAÇÕES S/A,2023-03-31,6978000.0,T
015458,EMBPAR PARTICIPAÇÕES S/A,2023-06-30,13363000.0,T
015458,EMBPAR PARTICIPAÇÕES S/A,2023-09-30,6972000.0,T
015539,NEOENERGIA S.A.,2023-03-31,1234000000.0,T
015539,NEOENERGIA S.A.,2023-06-30,746000000.0,T
015539,NEOENERGIA S.A.,2023-09-30,1558000000.0,T
016101,GAFISA S.A.,2023-03-31,-34024000.0,T
016101,GAFISA S.A.,2023-06-30,-90963000.0,T
016101,GAFISA S.A.,2023-09-30,-88735000.0,T
016292,BRF S.A.,2023-03-31,-1023627000.0,T
016292,BRF S.A.,2023-06-30,-1337274000.0,T
016292,BRF S.A.,2023-09-30,-262387000.0,T
016306,ROSSI RESIDENCIAL S.A. - EM RECUPERAÇÃO JUDICIAL,2023-03-31,-50010000.0,T
016306,ROSSI RESIDENCIAL S.A. - EM RECUPERAÇÃO JUDICIAL,2023-06-30,-42812000.0,T
016306,ROSSI RESIDENCIAL S.A. - EM RECUPERAÇÃO JUDICIAL,2023-09-30,-49573000.0,T
016438,SUL 116 PARTICIPAÇÕES S.A. - EM LIQUIDAÇÃO,2023-03-31,3000.0,T
016438,SUL 116 PARTICIPAÇÕES S.A. - EM LIQUIDAÇÃO,2023-06-30,104000.0,T
016438,SUL 116 PARTICIPAÇÕES S.A. - EM LIQUIDAÇÃO,2023-09-30,39000.0,T
016632,DEXXOS PARTICIPAÇÕES S.A.,2023-03-31,54270000.0,T
016632,DEXXOS PARTICIPAÇÕES S.A.,2023-06-30,48979000.0,T
016632,DEXXOS PARTICIPAÇÕES S.A.,2023-09-30,46414000.0,T
016659,PORTO SEGURO S.A.,2023-03-31,355476000.0,T
016659,PORTO SEGURO S.A.,2023-06-30,693354000.0,T
016659,PORTO SEGURO S.A.,2023-09-30,570281000.0,T
016675,CEL PARTICIPAÇÕES S.A. - CELPAR,2023-03-31,38602.0,T
016675,CEL PARTICIPAÇÕES S.A. - CELPAR,2023-06-30,-76377.0,T
016675,CEL PARTICIPAÇÕES S.A. - CELPAR,2023-09-30,-524.0,T
016705,YBYRÁ CAPITAL S.A.,2023-03-31,496911.0,T
016705,YBYRÁ CAPITAL S.A.,2023-06-30,115360.0,T
016705,YBYRÁ CAPITAL S.A.,2023-09-30,5868338.0,T
016993,EMAE - EMPRESA METROP. DE AGUAS E ENERGIA S.A.,2023-03-31,18882000.0,T
016993,EMAE - EMPRESA METROP. DE AGUAS E ENERGIA S.A.,2023-06-30,37848000.0,T
016993,EMAE - EMPRESA METROP. DE AGUAS E ENERGIA S.A.,2023-09-30,41102000.0,T
017329,ENGIE BRASIL ENERGIA S.A.,2023-03-31,882222000.0,T
017329,ENGIE BRASIL ENERGIA S.A.,2023-06-30,732645000.0,T
017329,ENGIE BRASIL ENERGIA S.A.,2023-09-30,866640000.0,T
017450,RUMO S.A.,2023-03-31,71046000.0,T
017450,RUMO S.A.,2023-06-30,167202000.0,T
017450,RUMO S.A.,2023-09-30,482614000.0,T
017671,TELEFÔNICA BRASIL S.A,2023-03-31,834588000.0,T
017671,TELEFÔNICA BRASIL S.A,2023-06-30,1120985000.0,T
017671,TELEFÔNICA BRASIL S.A,2023-09-30,1476608000.0,T
017868,INEPAR EQUIPAMENTOS E MONTAGENS S/A - EM RECUPERACAO JUDICIA,2023-03-31,445000.0,T
017868,INEPAR EQUIPAMENTOS E MONTAGENS S/A - EM RECUPERACAO JUDICIA,2023-06-30,-3604000.0,T
017868,INEPAR EQUIPAMENTOS E MONTAGENS S/A - EM RECUPERACAO JUDICIA,2023-09-30,-2956000.0,T
017892,SANTOS BRASIL PARTICIPACOES S.A.,2023-03-31,45861000.0,T
017892,SANTOS BRASIL PARTICIPACOES S.A.,2023-06-30,94399000.0,T
017892,SANTOS BRASIL PARTICIPACOES S.A.,2023-09-30,139038000.0,T
017922,BRAZILIAN FINANCE E REAL ESTATE S.A.,2023-03-31,2482000.0,T
017922,BRAZILIAN FINANCE E REAL ESTATE S.A.,2023-06-30,5603000.0,T
017922,BRAZILIAN FINANCE E REAL ESTATE S.A.,2023-09-30,3824000.0,T
017973,COGNA EDUCAÇÃO S.A.,2023-03-31,53916000.0,T
017973,COGNA EDUCAÇÃO S.A.,2023-06-30,-64907000.0,T
017973,COGNA EDUCAÇÃO S.A.,2023-09-30,-116656000.0,T
018368,RIO PARANAPANEMA ENERGIA S.A.,2023-03-31,112846000.0,T
018368,RIO PARANAPANEMA ENERGIA S.A.,2023-06-30,79547000.0,T
018368,RIO PARANAPANEMA ENERGIA S.A.,2023-09-30,58735000.0,T
018376,ISA ENERGIA BRASIL,2023-03-31,755203000.0,T
018376,ISA ENERGIA BRASIL,2023-06-30,613126000.0,T
018376,ISA ENERGIA BRASIL,2023-09-30,486181000.0,T
018414,PADTEC HOLDING S.A.,2023-03-31,677000.0,T
018414,PADTEC HOLDING S.A.,2023-06-30,807000.0,T
018414,PADTEC HOLDING S.A.,2023-09-30,15540000.0,T
018465,ULTRAPAR PARTICIPACOES S.A.,2023-03-31,273825000.0,T
018465,ULTRAPAR PARTICIPACOES S.A.,2023-06-30,238691000.0,T
018465,ULTRAPAR PARTICIPACOES S.A.,2023-09-30,891243000.0,T
018660,CPFL ENERGIA S.A.,2023-03-31,1650675000.0,T
018660,CPFL ENERGIA S.A.,2023-06-30,1246952000.0,T
018660,CPFL ENERGIA S.A.,2023-09-30,1312693000.0,T
018708,CIA PARTICIPACOES ALIANCA DA BAHIA,2023-03-31,584000.0,T
018708,CIA PARTICIPACOES ALIANCA DA BAHIA,2023-06-30,5370000.0,T
018708,CIA PARTICIPACOES ALIANCA DA BAHIA,2023-09-30,1531000.0,T
018724,BRADESPAR S.A.,2023-03-31,768276000.0,T
018724,BRADESPAR S.A.,2023-06-30,174862000.0,T
018724,BRADESPAR S.A.,2023-09-30,429427000.0,T
018775,INVESTIMENTOS E PARTICIP. EM INFRA S.A. - INVEPAR,2023-03-31,-170422000.0,T
018775,INVESTIMENTOS E PARTICIP. EM INFRA S.A. - INVEPAR,2023-06-30,4356000.0,T
018775,INVESTIMENTOS E PARTICIP. EM INFRA S.A. - INVEPAR,2023-09-30,-107258000.0,T
018821,MOTIVA INFRAESTRUTURA DE MOBILIDADE S.A.,2023-03-31,623384000.0,T
018821,MOTIVA INFRAESTRUTURA DE MOBILIDADE S.A.,2023-06-30,263182000.0,T
018821,MOTIVA INFRAESTRUTURA DE MOBILIDADE S.A.,2023-09-30,252108000.0,T
018953,CPFL GERACAO DE ENERGIA S.A.,2023-03-31,483441000.0,T
018953,CPFL GERACAO DE ENERGIA S.A.,2023-06-30,452388000.0,T
018953,CPFL GERACAO DE ENERGIA S.A.,2023-09-30,631668000.0,T
019100,CONTAX PARTICIPAÇÕES S.A. - EM RECUPERAÇÃO JUDICIAL,2023-03-31,-52187000.0,T
019100,CONTAX PARTICIPAÇÕES S.A. - EM RECUPERAÇÃO JUDICIAL,2023-06-30,354364000.0,T
019100,CONTAX PARTICIPAÇÕES S.A. - EM RECUPERAÇÃO JUDICIAL,2023-09-30,-19021000.0,T
019232,PRODUTORES ENERGET.DE MANSO S.A.- PROMAN,2023-03-31,56000.0,T
019232,PRODUTORES ENERGET.DE MANSO S.A.- PROMAN,2023-06-30,-670000.0,T
019232,PRODUTORES ENERGET.DE MANSO S.A.- PROMAN,2023-09-30,53000.0,T
019305,BIOMM S.A.,2023-03-31,-17932000.0,T
019305,BIOMM S.A.,2023-06-30,-20222000.0,T
019305,BIOMM S.A.,2023-09-30,-21931000.0,T
019330,TPI - TRIUNFO PARTICIP. E INVEST. S.A.,2023-03-31,-81732000.0,T
019330,TPI - TRIUNFO PARTICIP. E INVEST. S.A.,2023-06-30,-65568000.0,T
019330,TPI - TRIUNFO PARTICIP. E INVEST. S.A.,2023-09-30,96038000.0,T
019348,ITAU UNIBANCO HOLDING S.A.,2023-03-31,7534000000.0,T
019348,ITAU UNIBANCO HOLDING S.A.,2023-06-30,8929000000.0,T
019348,ITAU UNIBANCO HOLDING S.A.,2023-09-30,8469000000.0,T
019445,CIA SANEAMENTO DE MINAS GERAIS-COPASA MG,2023-03-31,337706000.0,T
019445,CIA SANEAMENTO DE MINAS GERAIS-COPASA MG,2023-06-30,249276000.0,T
019445,CIA SANEAMENTO DE MINAS GERAIS-COPASA MG,2023-09-30,437114000.0,T
019453,ECORODOVIAS INFRAESTRUTURA E LOGÍSTICA S.A.,2023-03-31,113032000.0,T
019453,ECORODOVIAS INFRAESTRUTURA E LOGÍSTICA S.A.,2023-06-30,123712000.0,T
019453,ECORODOVIAS INFRAESTRUTURA E LOGÍSTICA S.A.,2023-09-30,230314000.0,T
019550,NATURA COSMÉTICOS S.A.,2023-03-31,-12159000.0,T
019550,NATURA COSMÉTICOS S.A.,2023-06-30,27866000.0,T
019550,NATURA COSMÉTICOS S.A.,2023-09-30,7419729000.0,T
019569,GOL LINHAS AEREAS INTELIGENTES S.A.,2023-03-31,619525000.0,T
019569,GOL LINHAS AEREAS INTELIGENTES S.A.,2023-06-30,556289000.0,T
019569,GOL LINHAS AEREAS INTELIGENTES S.A.,2023-09-30,-1300367000.0,T
019615,GRENDENE S.A.,2023-03-31,123117000.0,T
019615,GRENDENE S.A.,2023-06-30,57246000.0,T
019615,GRENDENE S.A.,2023-09-30,134276000.0,T
019623,DIAGNOSTICOS DA AMERICA S.A.,2023-03-31,-167750000.0,T
019623,DIAGNOSTICOS DA AMERICA S.A.,2023-06-30,-284057000.0,T
019623,DIAGNOSTICOS DA AMERICA S.A.,2023-09-30,-182823000.0,T
019658,POMIFRUTAS S/A EM RECUPERACAO JUDICIAL,2023-03-31,-438000.0,T
019658,POMIFRUTAS S/A EM RECUPERACAO JUDICIAL,2023-06-30,-1759000.0,T
019658,POMIFRUTAS S/A EM RECUPERACAO JUDICIAL,2023-09-30,-1272000.0,T
019739,LOCALIZA RENT A CAR S.A.,2023-03-31,521549000.0,T
019739,LOCALIZA RENT A CAR S.A.,2023-06-30,-88771000.0,T
019739,LOCALIZA RENT A CAR S.A.,2023-09-30,664668000.0,T
019763,EDP - ENERGIAS DO BRASIL S.A.,2023-03-31,530454000.0,T
019763,EDP - ENERGIAS DO BRASIL S.A.,2023-06-30,-170840000.0,T
019763,EDP - ENERGIAS DO BRASIL S.A.,2023-09-30,651160000.0,T
019771,ARTERIS S.A.,2023-03-31,74796000.0,T
019771,ARTERIS S.A.,2023-06-30,-14574000.0,T
019771,ARTERIS S.A.,2023-09-30,7518000.0,T
019836,COSAN S.A.,2023-03-31,-418732000.0,T
019836,COSAN S.A.,2023-06-30,-446741000.0,T
019836,COSAN S.A.,2023-09-30,1727007000.0,T
019879,LIGHT S.A. - EM RECUPERAÇÃO JUDICIAL,2023-03-31,107145000.0,T
019879,LIGHT S.A. - EM RECUPERAÇÃO JUDICIAL,2023-06-30,109387000.0,T
019879,LIGHT S.A. - EM RECUPERAÇÃO JUDICIAL,2023-09-30,-10923000.0,T
019909,BR MALLS PARTICIPACOES S.A.,2023-03-31,138441000.0,T
019909,BR MALLS PARTICIPACOES S.A.,2023-06-30,185130000.0,T
019909,BR MALLS PARTICIPACOES S.A.,2023-09-30,76130000.0,T
019925,BR PROPERTIES S.A.,2023-03-31,-43722000.0,T
019925,BR PROPERTIES S.A.,2023-06-30,-2390000.0,T
019925,BR PROPERTIES S.A.,2023-09-30,8046000.0,T
019992,TOTVS S.A.,2023-03-31,99547000.0,T
019992,TOTVS S.A.,2023-06-30,103897000.0,T
019992,TOTVS S.A.,2023-09-30,434777000.0,T
020010,EQUATORIAL S.A.,2023-03-31,287879000.0,T
020010,EQUATORIAL S.A.,2023-06-30,670650000.0,T
020010,EQUATORIAL S.A.,2023-09-30,927685000.0,T
020028,VALID SOLUÇÕES S.A.,2023-03-31,59639000.0,T
020028,VALID SOLUÇÕES S.A.,2023-06-30,55195000.0,T
020028,VALID SOLUÇÕES S.A.,2023-09-30,61001000.0,T
020036,BRASILAGRO - CIA BRAS DE PROP AGRICOLAS,2023-03-31,-3293000.0,T
020036,BRASILAGRO - CIA BRAS DE PROP AGRICOLAS,2023-09-30,29985000.0,T
020036,BRASILAGRO - CIA BRAS DE PROP AGRICOLAS,2023-12-31,-5822000.0,T
020060,LUPATECH S.A,2023-03-31,-10080000.0,T
020060,LUPATECH S.A,2023-06-30,-14511000.0,T
020060,LUPATECH S.A,2023-09-30,-21237000.0,T
020087,EMBRAER S.A.,2023-03-31,-378360000.0,T
020087,EMBRAER S.A.,2023-06-30,-132403000.0,T
020087,EMBRAER S.A.,2023-09-30,321501000.0,T
020125,BRADSAÚDE S.A.,2023-03-31,139668000.0,T
020125,BRADSAÚDE S.A.,2023-06-30,122980000.0,T
020125,BRADSAÚDE S.A.,2023-09-30,134321000.0,T
020257,TRANSMISSORA ALIANÇA DE ENERGIA ELÉTRICA S.A.,2023-03-31,386772000.0,T
020257,TRANSMISSORA ALIANÇA DE ENERGIA ELÉTRICA S.A.,2023-06-30,220326000.0,T
020257,TRANSMISSORA ALIANÇA DE ENERGIA ELÉTRICA S.A.,2023-09-30,278942000.0,T
020320,CEMIG GERACAO E TRANSMISSAO S.A.,2023-03-31,609503000.0,T
020320,CEMIG GERACAO E TRANSMISSAO S.A.,2023-06-30,459486000.0,T
020320,CEMIG GERACAO E TRANSMISSAO S.A.,2023-09-30,490014000.0,T
020338,M.DIAS BRANCO S.A. IND COM DE ALIMENTOS,2023-03-31,69933000.0,T
020338,M.DIAS BRANCO S.A. IND COM DE ALIMENTOS,2023-06-30,217892000.0,T
020338,M.DIAS BRANCO S.A. IND COM DE ALIMENTOS,2023-09-30,258996000.0,T
020346,PROFARMA DISTRIB PROD FARMACEUTICOS S.A.,2023-03-31,-5612000.0,T
020346,PROFARMA DISTRIB PROD FARMACEUTICOS S.A.,2023-06-30,17747000.0,T
020346,PROFARMA DISTRIB PROD FARMACEUTICOS S.A.,2023-09-30,34223000.0,T
020362,POSITIVO TECNOLOGIA S.A.,2023-03-31,8522000.0,T
020362,POSITIVO TECNOLOGIA S.A.,2023-06-30,21332000.0,T
020362,POSITIVO TECNOLOGIA S.A.,2023-09-30,28855000.0,T
020370,LPS BRASIL - CONSULTORIA DE IMOVEIS S.A.,2023-03-31,7425000.0,T
020370,LPS BRASIL - CONSULTORIA DE IMOVEIS S.A.,2023-06-30,8350000.0,T
020370,LPS BRASIL - CONSULTORIA DE IMOVEIS S.A.,2023-09-30,19800000.0,T
020435,TECNISA S.A.,2023-03-31,4668000.0,T
020435,TECNISA S.A.,2023-06-30,4789000.0,T
020435,TECNISA S.A.,2023-09-30,-8101000.0,T
020451,RNI NEGÓCIOS IMOBILIÁRIOS S.A.,2023-03-31,2438000.0,T
020451,RNI NEGÓCIOS IMOBILIÁRIOS S.A.,2023-06-30,-16904000.0,T
020451,RNI NEGÓCIOS IMOBILIÁRIOS S.A.,2023-09-30,-42944000.0,T
020478,PDG REALTY S.A. EMPREEND E PARTICIPACOES,2023-03-31,-209911000.0,T
020478,PDG REALTY S.A. EMPREEND E PARTICIPACOES,2023-06-30,-131773000.0,T
020478,PDG REALTY S.A. EMPREEND E PARTICIPACOES,2023-09-30,-228294000.0,T
020494,IGUATEMI EMPRESA DE SHOPPING CENTERS S.A,2023-03-31,57343000.0,T
020494,IGUATEMI EMPRESA DE SHOPPING CENTERS S.A,2023-06-30,74852000.0,T
020494,IGUATEMI EMPRESA DE SHOPPING CENTERS S.A,2023-09-30,79602000.0,T
020516,SAO MARTINHO S.A.,2023-06-30,220268000.0,T
020516,SAO MARTINHO S.A.,2023-09-30,418094000.0,T
020516,SAO MARTINHO S.A.,2023-12-31,210635000.0,T
020524,EVEN CONSTRUTORA E INCORPORADORA S.A.,2023-03-31,75254000.0,T
020524,EVEN CONSTRUTORA E INCORPORADORA S.A.,2023-06-30,75872000.0,T
020524,EVEN CONSTRUTORA E INCORPORADORA S.A.,2023-09-30,60254000.0,T
020532,BCO SANTANDER (BRASIL) S.A.,2023-03-31,3047471000.0,T
020532,BCO SANTANDER (BRASIL) S.A.,2023-06-30,2585057000.0,T
020532,BCO SANTANDER (BRASIL) S.A.,2023-09-30,2780672000.0,T
020540,CPFL ENERGIAS RENOVÁVEIS S.A.,2023-03-31,261572000.0,T
020540,CPFL ENERGIAS RENOVÁVEIS S.A.,2023-06-30,214319000.0,T
020540,CPFL ENERGIAS RENOVÁVEIS S.A.,2023-09-30,361410000.0,T
020567,BCO PINE S.A,2023-03-31,35435000.0,T
020567,BCO PINE S.A,2023-06-30,37278000.0,T
020567,BCO PINE S.A,2023-09-30,56054000.0,T
020575,JBS S.A.,2023-03-31,-1429501000.0,T
020575,JBS S.A.,2023-06-30,-198167000.0,T
020575,JBS S.A.,2023-09-30,690606000.0,T
020605,JHSF PARTICIPACOES S.A.,2023-03-31,86861000.0,T
020605,JHSF PARTICIPACOES S.A.,2023-06-30,108608000.0,T
020605,JHSF PARTICIPACOES S.A.,2023-09-30,79356000.0,T
020613,METALFRIO SOLUTIONS S.A.,2023-03-31,-27633000.0,T
020613,METALFRIO SOLUTIONS S.A.,2023-06-30,31629000.0,T
020613,METALFRIO SOLUTIONS S.A.,2023-09-30,-28050000.0,T
020630,FICA EMPREENDIMENTOS IMOBILIÁRIOS S.A.,2023-03-31,-1905000.0,T
020630,FICA EMPREENDIMENTOS IMOBILIÁRIOS S.A.,2023-06-30,-2920000.0,T
020630,FICA EMPREENDIMENTOS IMOBILIÁRIOS S.A.,2023-09-30,-2220000.0,T
020702,VIVER INCORPORADORA E CONSTRUTORA S.A.,2023-03-31,-19399000.0,T
020702,VIVER INCORPORADORA E CONSTRUTORA S.A.,2023-06-30,-15027000.0,T
020702,VIVER INCORPORADORA E CONSTRUTORA S.A.,2023-09-30,-23621000.0,T
020710,LOG-IN LOGISTICA INTERMODAL S.A.,2023-03-31,38406000.0,T
020710,LOG-IN LOGISTICA INTERMODAL S.A.,2023-06-30,17056000.0,T
020710,LOG-IN LOGISTICA INTERMODAL S.A.,2023-09-30,40560000.0,T
020745,SLC AGRICOLA S.A.,2023-03-31,574975000.0,T
020745,SLC AGRICOLA S.A.,2023-06-30,348719000.0,T
020745,SLC AGRICOLA S.A.,2023-09-30,167272000.0,T
020770,EZ TEC EMPREEND. E PARTICIPACOES S.A.,2023-03-31,46030000.0,T
020770,EZ TEC EMPREEND. E PARTICIPACOES S.A.,2023-06-30,75512000.0,T
020770,EZ TEC EMPREEND. E PARTICIPACOES S.A.,2023-09-30,38475000.0,T
020788,MARFRIG GLOBAL FOODS S.A.,2023-03-31,-1568279000.0,T
020788,MARFRIG GLOBAL FOODS S.A.,2023-06-30,-1820730000.0,T
020788,MARFRIG GLOBAL FOODS S.A.,2023-09-30,-379728000.0,T
020796,BCO DAYCOVAL S.A.,2023-03-31,239691000.0,T
020796,BCO DAYCOVAL S.A.,2023-06-30,234001000.0,T
020796,BCO DAYCOVAL S.A.,2023-09-30,319601000.0,T
020800,TEGMA GESTAO LOGISTICA S.A.,2023-03-31,34723000.0,T
020800,TEGMA GESTAO LOGISTICA S.A.,2023-06-30,39856000.0,T
020800,TEGMA GESTAO LOGISTICA S.A.,2023-09-30,56312000.0,T
020818,VIRGO COMPANHIA DE SECURITIZAÇÃO,2023-03-31,5494000.0,T
020818,VIRGO COMPANHIA DE SECURITIZAÇÃO,2023-06-30,6027000.0,T
020818,VIRGO COMPANHIA DE SECURITIZAÇÃO,2023-09-30,4199000.0,T
020877,HELBOR EMPREENDIMENTOS S.A.,2023-03-31,27836000.0,T
020877,HELBOR EMPREENDIMENTOS S.A.,2023-06-30,32517000.0,T
020877,HELBOR EMPREENDIMENTOS S.A.,2023-09-30,44985000.0,T
020915,MRV ENGENHARIA E PARTICIPACOES S.A.,2023-03-31,40736000.0,T
020915,MRV ENGENHARIA E PARTICIPACOES S.A.,2023-06-30,192480000.0,T
020915,MRV ENGENHARIA E PARTICIPACOES S.A.,2023-09-30,-139725000.0,T
020931,MINERVA S.A.,2023-03-31,113964000.0,T
020931,MINERVA S.A.,2023-06-30,120732000.0,T
020931,MINERVA S.A.,2023-09-30,141027000.0,T
020958,BCO ABC BRASIL S.A.,2023-03-31,148516000.0,T
020958,BCO ABC BRASIL S.A.,2023-06-30,181380000.0,T
020958,BCO ABC BRASIL S.A.,2023-09-30,408052000.0,T
020966,SPRINGS GLOBAL PARTICIPACOES S.A.,2023-03-31,-212052000.0,T
020966,SPRINGS GLOBAL PARTICIPACOES S.A.,2023-06-30,-455295000.0,T
020966,SPRINGS GLOBAL PARTICIPACOES S.A.,2023-09-30,-173772000.0,T
020982,MULTIPLAN - EMPREEND IMOBILIARIOS S.A.,2023-03-31,207238000.0,T
020982,MULTIPLAN - EMPREEND IMOBILIARIOS S.A.,2023-06-30,247275000.0,T
020982,MULTIPLAN - EMPREEND IMOBILIARIOS S.A.,2023-09-30,263417000.0,T
020990,AMERICANAS S.A. - EM RECUPERAÇÃO JUDICIAL,2023-03-31,-1718000000.0,T
020990,AMERICANAS S.A. - EM RECUPERAÇÃO JUDICIAL,2023-06-30,-1272000000.0,T
020990,AMERICANAS S.A. - EM RECUPERAÇÃO JUDICIAL,2023-09-30,-1621000000.0,T
021008,GENERAL SHOPPING E OUTLETS DO BRASIL BRASIL S.A.,2023-03-31,-5266000.0,T
021008,GENERAL SHOPPING E OUTLETS DO BRASIL BRASIL S.A.,2023-06-30,60299000.0,T
021008,GENERAL SHOPPING E OUTLETS DO BRASIL BRASIL S.A.,2023-09-30,-83791000.0,T
021016,YDUQS PARTICIPACOES S.A.,2023-03-31,149490000.0,T
021016,YDUQS PARTICIPACOES S.A.,2023-06-30,32049000.0,T
021016,YDUQS PARTICIPACOES S.A.,2023-09-30,93370000.0,T
021032,ALGAR TELECOM S/A,2023-03-31,-10277000.0,T
021032,ALGAR TELECOM S/A,2023-06-30,-46600000.0,T
021032,ALGAR TELECOM S/A,2023-09-30,3393000.0,T
021040,SYN PROP & TECH S.A.,2023-03-31,-12315000.0,T
021040,SYN PROP & TECH S.A.,2023-06-30,-1618000.0,T
021040,SYN PROP & TECH S.A.,2023-09-30,8438000.0,T
021067,MOURA DUBEUX ENGENHARIA S/A,2023-03-31,30415000.0,T
021067,MOURA DUBEUX ENGENHARIA S/A,2023-06-30,45225000.0,T
021067,MOURA DUBEUX ENGENHARIA S/A,2023-09-30,46230000.0,T
021091,DEXCO S.A.,2023-03-31,154329000.0,T
021091,DEXCO S.A.,2023-06-30,157383000.0,T
021091,DEXCO S.A.,2023-09-30,304125000.0,T
021130,TRISUL S.A.,2023-03-31,31022000.0,T
021130,TRISUL S.A.,2023-06-30,29450000.0,T
021130,TRISUL S.A.,2023-09-30,24046000.0,T
021148,CONSTRUTORA TENDA S.A.,2023-03-31,-43685000.0,T
021148,CONSTRUTORA TENDA S.A.,2023-06-30,-11868000.0,T
021148,CONSTRUTORA TENDA S.A.,2023-09-30,-25362000.0,T
021156,J. MACEDO S.A.,2023-03-31,94018000.0,T
021156,J. MACEDO S.A.,2023-06-30,89602000.0,T
021156,J. MACEDO S.A.,2023-09-30,107991000.0,T
021180,NEXPE PARTICIPAÇÕES S.A,2023-03-31,-17843000.0,T
021180,NEXPE PARTICIPAÇÕES S.A,2023-06-30,29871000.0,T
021180,NEXPE PARTICIPAÇÕES S.A,2023-09-30,4411000.0,T
021199,BCO PAN S.A.,2023-03-31,156570000.0,T
021199,BCO PAN S.A.,2023-06-30,132623000.0,T
021199,BCO PAN S.A.,2023-09-30,154850000.0,T
021202,VIX LOGÍSTICA S.A.,2023-03-31,33304000.0,T
021202,VIX LOGÍSTICA S.A.,2023-06-30,25934000.0,T
021202,VIX LOGÍSTICA S.A.,2023-09-30,35480000.0,T
021237,ENEVA S.A,2023-03-31,222668000.0,T
021237,ENEVA S.A,2023-06-30,389928000.0,T
021237,ENEVA S.A,2023-09-30,-69388000.0,T
021334,NUTRIPLANT INDUSTRIA E COMERCIO S.A.,2023-03-31,219000.0,T
021334,NUTRIPLANT INDUSTRIA E COMERCIO S.A.,2023-06-30,-17000.0,T
021334,NUTRIPLANT INDUSTRIA E COMERCIO S.A.,2023-09-30,1323000.0,T
021342,OSX BRASIL S.A. - EM RECUPERAÇÃO JUDICIAL,2023-03-31,-212856000.0,T
021342,OSX BRASIL S.A. - EM RECUPERAÇÃO JUDICIAL,2023-06-30,-203126000.0,T
021342,OSX BRASIL S.A. - EM RECUPERAÇÃO JUDICIAL,2023-09-30,-206541000.0,T
021350,DIRECIONAL ENGENHARIA S.A.,2023-03-31,72265000.0,T
021350,DIRECIONAL ENGENHARIA S.A.,2023-06-30,114772000.0,T
021350,DIRECIONAL ENGENHARIA S.A.,2023-09-30,85875000.0,T
021431,HYPERA S.A.,2023-03-31,339256000.0,T
021431,HYPERA S.A.,2023-06-30,503906000.0,T
021431,HYPERA S.A.,2023-09-30,499269000.0,T
021440,VESTE S.A. ESTILO,2023-03-31,6571000.0,T
021440,VESTE S.A. ESTILO,2023-06-30,5157000.0,T
021440,VESTE S.A. ESTILO,2023-09-30,1303000.0,T
021466,BANCO RCI BRASIL S.A.,2023-03-31,48516000.0,T
021466,BANCO RCI BRASIL S.A.,2023-06-30,34492000.0,T
021466,BANCO RCI BRASIL S.A.,2023-09-30,12069000.0,T
021490,ALUPAR INVESTIMENTO S/A,2023-03-31,387328000.0,T
021490,ALUPAR INVESTIMENTO S/A,2023-06-30,338097000.0,T
021490,ALUPAR INVESTIMENTO S/A,2023-09-30,167192000.0,T
021520,MULTINER S/A,2023-03-31,43343000.0,T
021520,MULTINER S/A,2023-06-30,88639000.0,T
021520,MULTINER S/A,2023-09-30,65469000.0,T
021610,"B3 S.A. - BRASIL, BOLSA, BALCÃO",2023-03-31,1089458000.0,T
021610,"B3 S.A. - BRASIL, BOLSA, BALCÃO",2023-06-30,1052942000.0,T
021610,"B3 S.A. - BRASIL, BOLSA, BALCÃO",2023-09-30,1074307000.0,T
021636,RENOVA ENERGIA S.A.,2023-03-31,-44439000.0,T
021636,RENOVA ENERGIA S.A.,2023-06-30,-42732000.0,T
021636,RENOVA ENERGIA S.A.,2023-09-30,-47923000.0,T
021733,CIELO S.A. -  INSTITUIÇÃO DE PAGAMENTO,2023-03-31,525068000.0,T
021733,CIELO S.A. -  INSTITUIÇÃO DE PAGAMENTO,2023-06-30,825075000.0,T
021733,CIELO S.A. -  INSTITUIÇÃO DE PAGAMENTO,2023-09-30,542575000.0,T
021881,FLEURY S.A.,2023-03-31,93824000.0,T
021881,FLEURY S.A.,2023-06-30,74042000.0,T
021881,FLEURY S.A.,2023-09-30,171816000.0,T
021903,ECORODOVIAS CONCESSÕES E SERVIÇOS S.A.,2023-03-31,137180000.0,T
021903,ECORODOVIAS CONCESSÕES E SERVIÇOS S.A.,2023-06-30,169608000.0,T
021903,ECORODOVIAS CONCESSÕES E SERVIÇOS S.A.,2023-09-30,297331000.0,T
022012,"MILLS LOCAÇÃO, SERVIÇOS E LOGÍSTICA S.A.",2023-03-31,66379000.0,T
022012,"MILLS LOCAÇÃO, SERVIÇOS E LOGÍSTICA S.A.",2023-06-30,64101000.0,T
022012,"MILLS LOCAÇÃO, SERVIÇOS E LOGÍSTICA S.A.",2023-09-30,66714000.0,T
022020,JSL S.A.,2023-03-31,26784000.0,T
022020,JSL S.A.,2023-06-30,205247000.0,T
022020,JSL S.A.,2023-09-30,46858000.0,T
022055,MARISA LOJAS S.A.,2023-03-31,-148967000.0,T
022055,MARISA LOJAS S.A.,2023-06-30,-63408000.0,T
022055,MARISA LOJAS S.A.,2023-09-30,-196390000.0,T
022187,PRIO S.A.,2023-03-31,1162065000.0,T
022187,PRIO S.A.,2023-06-30,840969000.0,T
022187,PRIO S.A.,2023-09-30,1628824000.0,T
022217,ALPER CONSULTORIA E CORRETORA DE SEGUROS S.A.,2023-03-31,-4230000.0,T
022217,ALPER CONSULTORIA E CORRETORA DE SEGUROS S.A.,2023-06-30,6368000.0,T
022217,ALPER CONSULTORIA E CORRETORA DE SEGUROS S.A.,2023-09-30,2760000.0,T
022349,AZZAS 2154 S.A.,2023-03-31,63385000.0,T
022349,AZZAS 2154 S.A.,2023-06-30,100462000.0,T
022349,AZZAS 2154 S.A.,2023-09-30,113658000.0,T
022357,ALLOS S.A.,2023-03-31,2999150000.0,T
022357,ALLOS S.A.,2023-06-30,179368000.0,T
022357,ALLOS S.A.,2023-09-30,51646000.0,T
022365,ENAUTA PARTICIPAÇÕES S.A.,2023-03-31,118444000.0,T
022365,ENAUTA PARTICIPAÇÕES S.A.,2023-06-30,41106000.0,T
022365,ENAUTA PARTICIPAÇÕES S.A.,2023-09-30,-272488000.0,T
022454,T4F ENTRETENIMENTO S.A.,2023-03-31,13944000.0,T
022454,T4F ENTRETENIMENTO S.A.,2023-06-30,16280000.0,T
022454,T4F ENTRETENIMENTO S.A.,2023-09-30,3719000.0,T
022470,MAGAZINE LUIZA S.A.,2023-03-31,-391221000.0,T
022470,MAGAZINE LUIZA S.A.,2023-06-30,-301746000.0,T
022470,MAGAZINE LUIZA S.A.,2023-09-30,-498330000.0,T
022497,QUALICORP CONSULTORIA E CORRETORA DE SEGUROS S.A.,2023-03-31,19097000.0,T
022497,QUALICORP CONSULTORIA E CORRETORA DE SEGUROS S.A.,2023-06-30,15535000.0,T
022497,QUALICORP CONSULTORIA E CORRETORA DE SEGUROS S.A.,2023-09-30,-52739000.0,T
022519,TECHNOS S.A.,2023-03-31,3009000.0,T
022519,TECHNOS S.A.,2023-06-30,15095000.0,T
022519,TECHNOS S.A.,2023-09-30,14615000.0,T
022560,INBRANDS S.A.,2023-03-31,-18142000.0,T
022560,INBRANDS S.A.,2023-06-30,-3568000.0,T
022560,INBRANDS S.A.,2023-09-30,-13242000.0,T
022586,MLOG S.A.,2023-03-31,5227000.0,T
022586,MLOG S.A.,2023-06-30,-6514000.0,T
022586,MLOG S.A.,2023-09-30,-8456000.0,T
022594,STATKRAFT ENERGIAS RENOVAVEIS S.A.,2023-03-31,161563000.0,T
022594,STATKRAFT ENERGIAS RENOVAVEIS S.A.,2023-06-30,112776000.0,T
022594,STATKRAFT ENERGIAS RENOVAVEIS S.A.,2023-09-30,78449000.0,T
022608,EMPREENDIMENTOS PAGUE MENOS S.A.,2023-03-31,-62937000.0,T
022608,EMPREENDIMENTOS PAGUE MENOS S.A.,2023-06-30,-37295000.0,T
022608,EMPREENDIMENTOS PAGUE MENOS S.A.,2023-09-30,-23799000.0,T
022616,BCO BTG PACTUAL S.A.,2023-03-31,2152555000.0,T
022616,BCO BTG PACTUAL S.A.,2023-06-30,2451009000.0,T
022616,BCO BTG PACTUAL S.A.,2023-09-30,2688982000.0,T
022675,HIDROVIAS DO BRASIL S.A.,2023-03-31,20068000.0,T
022675,HIDROVIAS DO BRASIL S.A.,2023-06-30,117863000.0,T
022675,HIDROVIAS DO BRASIL S.A.,2023-09-30,71258000.0,T
022691,COMPANHIA DE LOCAÇÃO DAS AMÉRICAS,2023-03-31,253009000.0,T
022691,COMPANHIA DE LOCAÇÃO DAS AMÉRICAS,2023-06-30,-67602000.0,T
022691,COMPANHIA DE LOCAÇÃO DAS AMÉRICAS,2023-09-30,217661000.0,T
022780,UNICASA INDÚSTRIA DE MÓVEIS S.A.,2023-03-31,3524000.0,T
022780,UNICASA INDÚSTRIA DE MÓVEIS S.A.,2023-06-30,1213000.0,T
022780,UNICASA INDÚSTRIA DE MÓVEIS S.A.,2023-09-30,3921000.0,T
022799,SINQIA S.A.,2023-03-31,1769000.0,T
022799,SINQIA S.A.,2023-06-30,-1178000.0,T
022799,SINQIA S.A.,2023-09-30,-17706000.0,T
022810,ELDORADO BRASIL CELULOSE S.A.,2023-03-31,891808000.0,T
022810,ELDORADO BRASIL CELULOSE S.A.,2023-06-30,987606000.0,T
022810,ELDORADO BRASIL CELULOSE S.A.,2023-09-30,23623000.0,T
023000,LIGHT ENERGIA S.A.,2023-03-31,79694000.0,T
023000,LIGHT ENERGIA S.A.,2023-06-30,93193000.0,T
023000,LIGHT ENERGIA S.A.,2023-09-30,73446000.0,T
023159,BB SEGURIDADE PARTICIPAÇÕES S.A.,2023-03-31,1832959000.0,T
023159,BB SEGURIDADE PARTICIPAÇÕES S.A.,2023-06-30,1892173000.0,T
023159,BB SEGURIDADE PARTICIPAÇÕES S.A.,2023-09-30,2124276000.0,T
023175,IGUA SANEAMENTO S.A.,2023-03-31,-116092000.0,T
023175,IGUA SANEAMENTO S.A.,2023-06-30,-132560000.0,T
023175,IGUA SANEAMENTO S.A.,2023-09-30,-111390000.0,T
023221,SER EDUCACIONAL S.A.,2023-03-31,-28352000.0,T
023221,SER EDUCACIONAL S.A.,2023-06-30,31383000.0,T
023221,SER EDUCACIONAL S.A.,2023-09-30,-36767000.0,T
023230,RAIZEN ENERGIA S.A.,2023-06-30,70467000.0,T
023230,RAIZEN ENERGIA S.A.,2023-09-30,-278410000.0,T
023230,RAIZEN ENERGIA S.A.,2023-12-31,80309000.0,T
023248,ANIMA HOLDING S.A.,2023-03-31,-41349000.0,T
023248,ANIMA HOLDING S.A.,2023-06-30,-57815000.0,T
023248,ANIMA HOLDING S.A.,2023-09-30,-12528000.0,T
023264,AMBEV S.A.,2023-03-31,3819249000.0,T
023264,AMBEV S.A.,2023-06-30,2597760000.0,T
023264,AMBEV S.A.,2023-09-30,4015004000.0,T
023272,LOG COMMERCIAL PROPERTIES E PARTICIPAÇÕES,2023-03-31,29088000.0,T
023272,LOG COMMERCIAL PROPERTIES E PARTICIPAÇÕES,2023-06-30,43999000.0,T
023272,LOG COMMERCIAL PROPERTIES E PARTICIPAÇÕES,2023-09-30,48594000.0,T
023280,UNIDAS LOCAÇÕES E SERVIÇOS S.A.,2023-03-31,42341000.0,T
023280,UNIDAS LOCAÇÕES E SERVIÇOS S.A.,2023-06-30,56358000.0,T
023280,UNIDAS LOCAÇÕES E SERVIÇOS S.A.,2023-09-30,91095000.0,T
023302,QUALITY SOFTWARE S.A.,2023-03-31,4114837.0,T
023302,QUALITY SOFTWARE S.A.,2023-06-30,2273692.0,T
023302,QUALITY SOFTWARE S.A.,2023-09-30,2064748.0,T
023310,CVC BRASIL OPERADORA E AGÊNCIA DE VIAGENS S.A.,2023-03-31,-127955000.0,T
023310,CVC BRASIL OPERADORA E AGÊNCIA DE VIAGENS S.A.,2023-06-30,-166951000.0,T
023310,CVC BRASIL OPERADORA E AGÊNCIA DE VIAGENS S.A.,2023-09-30,-87504000.0,T
023396,AEGEA SANEAMENTO E PARTICIPAÇÕES S.A.,2023-03-31,165654000.0,T
023396,AEGEA SANEAMENTO E PARTICIPAÇÕES S.A.,2023-06-30,77240000.0,T
023396,AEGEA SANEAMENTO E PARTICIPAÇÕES S.A.,2023-09-30,436706000.0,T
023426,SERENA GERAÇÃO S.A.,2023-03-31,-57679000.0,T
023426,SERENA GERAÇÃO S.A.,2023-06-30,-52263.0,T
023426,SERENA GERAÇÃO S.A.,2023-09-30,132491.0,T
023507,OUROFINO S.A.,2023-03-31,-3404000.0,T
023507,OUROFINO S.A.,2023-06-30,-70400000.0,T
023507,OUROFINO S.A.,2023-09-30,4123000.0,T
023531,CLARO TELECOM PARTICIPAÇÕES S.A.,2023-03-31,559327000.0,T
023531,CLARO TELECOM PARTICIPAÇÕES S.A.,2023-06-30,1037377000.0,T
023531,CLARO TELECOM PARTICIPAÇÕES S.A.,2023-09-30,-372720000.0,T
023574,INTERNATIONAL MEAL COMPANY ALIMENTACAO S.A.,2023-03-31,-57260000.0,T
023574,INTERNATIONAL MEAL COMPANY ALIMENTACAO S.A.,2023-06-30,35068000.0,T
023574,INTERNATIONAL MEAL COMPANY ALIMENTACAO S.A.,2023-09-30,16402000.0,T
023590,WIZ CO PARTICIPAÇÕES E CORRETAGEM DE SEGUROS S.A.,2023-03-31,34620000.0,T
023590,WIZ CO PARTICIPAÇÕES E CORRETAGEM DE SEGUROS S.A.,2023-06-30,43188000.0,T
023590,WIZ CO PARTICIPAÇÕES E CORRETAGEM DE SEGUROS S.A.,2023-09-30,73252000.0,T
023604,YOU INC INCORPORADORA E PARTICIPAÇÕES S.A,2023-03-31,1998000.0,T
023604,YOU INC INCORPORADORA E PARTICIPAÇÕES S.A,2023-06-30,1384000.0,T
023604,YOU INC INCORPORADORA E PARTICIPAÇÕES S.A,2023-09-30,19767000.0,T
023620,CBO HOLDING S.A.,2023-03-31,10804000.0,T
023620,CBO HOLDING S.A.,2023-06-30,18633000.0,T
023620,CBO HOLDING S.A.,2023-09-30,1753000.0,T
023795,CAIXA SEGURIDADE PARTICIPAÇÕES S.A.,2023-03-31,814371000.0,T
023795,CAIXA SEGURIDADE PARTICIPAÇÕES S.A.,2023-06-30,869409000.0,T
023795,CAIXA SEGURIDADE PARTICIPAÇÕES S.A.,2023-09-30,974313000.0,T
023817,BRQ SOLUCOES EM INFORMATICA S.A.,2023-03-31,18554000.0,T
023817,BRQ SOLUCOES EM INFORMATICA S.A.,2023-06-30,13146000.0,T
023817,BRQ SOLUCOES EM INFORMATICA S.A.,2023-09-30,21921000.0,T
023825,MOVIDA PARTICIPACOES SA,2023-03-31,21045000.0,T
023825,MOVIDA PARTICIPACOES SA,2023-06-30,-17864000.0,T
023825,MOVIDA PARTICIPACOES SA,2023-09-30,-65720000.0,T
023930,BRASILIANA PARTICIPAÇÕES S/A,2023-03-31,-3099000.0,T
023930,BRASILIANA PARTICIPAÇÕES S/A,2023-06-30,-2407000.0,T
023930,BRASILIANA PARTICIPAÇÕES S/A,2023-09-30,-3658000.0,T
023957,SUGOI S.A.,2023-03-31,1539000.0,T
023957,SUGOI S.A.,2023-06-30,1684000.0,T
023957,SUGOI S.A.,2023-09-30,-665000.0,T
023965,CINESYSTEM S.A.,2023-03-31,-3777000.0,T
023965,CINESYSTEM S.A.,2023-06-30,336000.0,T
023981,CTC - CENTRO DE TECNOLOGIA CANAVIEIRA S.A.,2023-06-30,33049000.0,T
023981,CTC - CENTRO DE TECNOLOGIA CANAVIEIRA S.A.,2023-09-30,39158000.0,T
023981,CTC - CENTRO DE TECNOLOGIA CANAVIEIRA S.A.,2023-12-31,41358000.0,T
024058,ALLIANÇA SAÚDE E PARTICIPAÇÕES S.A.,2023-03-31,-33693000.0,T
024058,ALLIANÇA SAÚDE E PARTICIPAÇÕES S.A.,2023-06-30,-50247000.0,T
024058,ALLIANÇA SAÚDE E PARTICIPAÇÕES S.A.,2023-09-30,-49257000.0,T
024090,INSTITUTO HERMES PARDINI S.A.,2023-03-31,38233000.0,T
024112,AZUL S.A.,2023-03-31,-736641000.0,T
024112,AZUL S.A.,2023-06-30,23908000.0,T
024112,AZUL S.A.,2023-09-30,-1614898000.0,T
024120,ARGO ENERGIA EMPREENDIMENTOS E PARTICIPAÇÕES S/A,2023-03-31,199977000.0,T
024120,ARGO ENERGIA EMPREENDIMENTOS E PARTICIPAÇÕES S/A,2023-06-30,121218000.0,T
024120,ARGO ENERGIA EMPREENDIMENTOS E PARTICIPAÇÕES S/A,2023-09-30,142261000.0,T
024171,ATACADÃO S.A.,2023-03-31,-112000000.0,T
024171,ATACADÃO S.A.,2023-06-30,-203000000.0,T
024171,ATACADÃO S.A.,2023-09-30,194000000.0,T
024180,IRB - BRASIL RESSEGUROS S.A.,2023-03-31,-24570000.0,T
024180,IRB - BRASIL RESSEGUROS S.A.,2023-06-30,-37286000.0,T
024180,IRB - BRASIL RESSEGUROS S.A.,2023-09-30,43643000.0,T
024228,CAMIL ALIMENTOS S.A.,2023-05-31,64021000.0,T
024228,CAMIL ALIMENTOS S.A.,2023-08-31,46861000.0,T
024228,CAMIL ALIMENTOS S.A.,2023-11-30,142974000.0,T
024236,PRINER SERVIÇOS INDUSTRIAIS S.A.,2023-03-31,8865000.0,T
024236,PRINER SERVIÇOS INDUSTRIAIS S.A.,2023-06-30,8949000.0,T
024236,PRINER SERVIÇOS INDUSTRIAIS S.A.,2023-09-30,2339000.0,T
024260,SMARTFIT ESCOLA DE GINÁSTICA E DANÇA S.A.,2023-03-31,83943000.0,T
024260,SMARTFIT ESCOLA DE GINÁSTICA E DANÇA S.A.,2023-06-30,262060000.0,T
024260,SMARTFIT ESCOLA DE GINÁSTICA E DANÇA S.A.,2023-09-30,61572000.0,T
024279,INC EMPREENDIMENTOS IMOBILIÁRIOS S.A.,2023-03-31,10769000.0,T
024279,INC EMPREENDIMENTOS IMOBILIÁRIOS S.A.,2023-06-30,11441000.0,T
024279,INC EMPREENDIMENTOS IMOBILIÁRIOS S.A.,2023-09-30,8182000.0,T
024295,VIBRA ENERGIA S/A,2023-03-31,81000000.0,T
024295,VIBRA ENERGIA S/A,2023-06-30,133000000.0,T
024295,VIBRA ENERGIA S/A,2023-09-30,1255000000.0,T
024317,ZAMP SA,2023-03-31,-55168000.0,T
024317,ZAMP SA,2023-06-30,-63497000.0,T
024317,ZAMP SA,2023-09-30,-38473000.0,T
024350,FLEX GESTÃO DE RELACIONAMENTOS S.A.-EM RECUPERAÇÃO JUDICIAL,2023-03-31,-25581000.0,T
024350,FLEX GESTÃO DE RELACIONAMENTOS S.A.-EM RECUPERAÇÃO JUDICIAL,2023-06-30,-38320000.0,T
024392,HAPVIDA PARTICIPAÇÕES E INVESTIMENTOS S.A.,2023-03-31,-237517000.0,T
024392,HAPVIDA PARTICIPAÇÕES E INVESTIMENTOS S.A.,2023-06-30,-286908000.0,T
024392,HAPVIDA PARTICIPAÇÕES E INVESTIMENTOS S.A.,2023-09-30,-98189000.0,T
024473,JHSF MALLS S.A.,2023-03-31,46449000.0,T
024473,JHSF MALLS S.A.,2023-06-30,-7045000.0,T
024473,JHSF MALLS S.A.,2023-09-30,57731000.0,T
024490,SABER SERVIÇOS EDUCACIONAIS S.A.,2023-03-31,115012000.0,T
024490,SABER SERVIÇOS EDUCACIONAIS S.A.,2023-06-30,-15237000.0,T
024490,SABER SERVIÇOS EDUCACIONAIS S.A.,2023-09-30,82237000.0,T
024546,PRÁTICA PRODUTOS S.A.,2023-03-31,4888000.0,T
024546,PRÁTICA PRODUTOS S.A.,2023-06-30,3994000.0,T
024546,PRÁTICA PRODUTOS S.A.,2023-09-30,10155000.0,T
024589,ENERGISA TRANSMISSÃO DE ENERGIA S/A,2023-03-31,-7337000.0,T
024589,ENERGISA TRANSMISSÃO DE ENERGIA S/A,2023-06-30,58374000.0,T
024589,ENERGISA TRANSMISSÃO DE ENERGIA S/A,2023-09-30,-66374000.0,T
024597,CELEO REDES TRANSMISSÃO DE ENERGIA S.A.,2023-03-31,12768000.0,T
024597,CELEO REDES TRANSMISSÃO DE ENERGIA S.A.,2023-06-30,12322000.0,T
024597,CELEO REDES TRANSMISSÃO DE ENERGIA S.A.,2023-09-30,5931000.0,T
024600,BANCO BMG S/A,2023-03-31,39874000.0,T
024600,BANCO BMG S/A,2023-06-30,45980000.0,T
024600,BANCO BMG S/A,2023-09-30,94352000.0,T
024627,BLAU FARMACÊUTICA S.A.,2023-03-31,51526000.0,T
024627,BLAU FARMACÊUTICA S.A.,2023-06-30,70110000.0,T
024627,BLAU FARMACÊUTICA S.A.,2023-09-30,98918000.0,T
024660,BBM LOGÍSTICA S.A.,2023-03-31,-28423000.0,T
024660,BBM LOGÍSTICA S.A.,2023-06-30,-38959000.0,T
024660,BBM LOGÍSTICA S.A.,2023-09-30,-20982000.0,T
024694,GRUPO SBF S.A.,2023-03-31,1512000.0,T
024694,GRUPO SBF S.A.,2023-06-30,-32581000.0,T
024694,GRUPO SBF S.A.,2023-09-30,72700000.0,T
024716,"VAMOS LOCAÇÃO DE CAMINHÕES, MÁQUINAS E EQUIPAMENTOS S.A.",2023-03-31,169126000.0,T
024716,"VAMOS LOCAÇÃO DE CAMINHÕES, MÁQUINAS E EQUIPAMENTOS S.A.",2023-06-30,106601000.0,T
024716,"VAMOS LOCAÇÃO DE CAMINHÕES, MÁQUINAS E EQUIPAMENTOS S.A.",2023-09-30,115800000.0,T
024740,COPEL GERAÇÃO E TRANSMISSÃO S.A.,2023-03-31,412961000.0,T
024740,COPEL GERAÇÃO E TRANSMISSÃO S.A.,2023-06-30,79708000.0,T
024740,COPEL GERAÇÃO E TRANSMISSÃO S.A.,2023-09-30,408809000.0,T
024775,BCBF PARTICIPAÇÕES S.A.,2023-03-31,-50993000.0,T
024783,NATURA &CO HOLDING S.A.,2023-03-31,-652154000.0,T
024783,NATURA &CO HOLDING S.A.,2023-06-30,-731908000.0,T
024783,NATURA &CO HOLDING S.A.,2023-09-30,7023992000.0,T
024805,VIVARA PARTICIPAÇÕES S.A.,2023-03-31,38571169.0,T
024805,VIVARA PARTICIPAÇÕES S.A.,2023-06-30,109984306.0,T
024805,VIVARA PARTICIPAÇÕES S.A.,2023-09-30,76538850.0,T
024813,LOCALIZA FLEET S.A.,2023-03-31,145513000.0,T
024813,LOCALIZA FLEET S.A.,2023-06-30,108139000.0,T
024813,LOCALIZA FLEET S.A.,2023-09-30,210992000.0,T
024821,REDE D'OR SÃO LUIZ S.A.,2023-03-31,315067000.0,T
024821,REDE D'OR SÃO LUIZ S.A.,2023-06-30,318213000.0,T
024821,REDE D'OR SÃO LUIZ S.A.,2023-09-30,688948000.0,T
024830,BRK AMBIENTAL PARTICIPAÇÕES S.A.,2023-03-31,-76834000.0,T
024830,BRK AMBIENTAL PARTICIPAÇÕES S.A.,2023-06-30,-12741000.0,T
024830,BRK AMBIENTAL PARTICIPAÇÕES S.A.,2023-09-30,-22089000.0,T
024848,C&A MODAS S.A.,2023-03-31,-126347000.0,T
024848,C&A MODAS S.A.,2023-06-30,4224000.0,T
024848,C&A MODAS S.A.,2023-09-30,-44222000.0,T
024872,LIFEMED INDUSTRIAL DE EQUIP. E ART. MEDICOS E HOSP. S.A,2023-03-31,-924000.0,T
024872,LIFEMED INDUSTRIAL DE EQUIP. E ART. MEDICOS E HOSP. S.A,2023-06-30,-12929000.0,T
024872,LIFEMED INDUSTRIAL DE EQUIP. E ART. MEDICOS E HOSP. S.A,2023-09-30,-11064000.0,T
024880,LM TRANSPORTES INTERESTADUAIS SERVIÇOS E COMÉRCIO S.A.,2023-03-31,-5499000.0,T
024880,LM TRANSPORTES INTERESTADUAIS SERVIÇOS E COMÉRCIO S.A.,2023-06-30,8955000.0,T
024880,LM TRANSPORTES INTERESTADUAIS SERVIÇOS E COMÉRCIO S.A.,2023-09-30,40583000.0,T
024902,MITRE REALTY EMPREENDIMENTOS E PARTICIPAÇÕES S.A.,2023-03-31,18680000.0,T
024902,MITRE REALTY EMPREENDIMENTOS E PARTICIPAÇÕES S.A.,2023-06-30,55927000.0,T
024902,MITRE REALTY EMPREENDIMENTOS E PARTICIPAÇÕES S.A.,2023-09-30,2712000.0,T
024910,LWSA S/A,2023-03-31,7233000.0,T
024910,LWSA S/A,2023-06-30,-38831000.0,T
024910,LWSA S/A,2023-09-30,3870000.0,T
024929,TIM S.A.,2023-03-31,412436000.0,T
024929,TIM S.A.,2023-06-30,626472000.0,T
024929,TIM S.A.,2023-09-30,716005000.0,T
024953,"ALLPARK EMPREENDIMENTOS, PARTICIPAÇÕES E SERVIÇOS S.A.",2023-03-31,-30297000.0,T
024953,"ALLPARK EMPREENDIMENTOS, PARTICIPAÇÕES E SERVIÇOS S.A.",2023-06-30,-14883000.0,T
024953,"ALLPARK EMPREENDIMENTOS, PARTICIPAÇÕES E SERVIÇOS S.A.",2023-09-30,-14007000.0,T
024961,AMBIPAR PARTICIPAÇÕES E EMPREENDIMENTOS S.A.,2023-03-31,-110988000.0,T
024961,AMBIPAR PARTICIPAÇÕES E EMPREENDIMENTOS S.A.,2023-06-30,23895000.0,T
024961,AMBIPAR PARTICIPAÇÕES E EMPREENDIMENTOS S.A.,2023-09-30,34828000.0,T
025003,SIMPAR S.A.,2023-03-31,76931000.0,T
025003,SIMPAR S.A.,2023-06-30,99886000.0,T
025003,SIMPAR S.A.,2023-09-30,-110640000.0,T
025011,GRUPO DE MODA SOMA S.A.,2023-03-31,48894000.0,T
025011,GRUPO DE MODA SOMA S.A.,2023-06-30,85371000.0,T
025011,GRUPO DE MODA SOMA S.A.,2023-09-30,98901000.0,T
025038,LOJAS QUERO QUERO S.A.,2023-03-31,-22357000.0,T
025038,LOJAS QUERO QUERO S.A.,2023-06-30,-5872000.0,T
025038,LOJAS QUERO QUERO S.A.,2023-09-30,-12252000.0,T
025046,D1000 VAREJO FARMA PARTICIPAÇÕES S.A.,2023-03-31,-1610000.0,T
025046,D1000 VAREJO FARMA PARTICIPAÇÕES S.A.,2023-06-30,7948000.0,T
025046,D1000 VAREJO FARMA PARTICIPAÇÕES S.A.,2023-09-30,5790000.0,T
025062,LAVVI EMPREENDIMENTOS IMOBILIÁRIOS S.A.,2023-03-31,30082000.0,T
025062,LAVVI EMPREENDIMENTOS IMOBILIÁRIOS S.A.,2023-06-30,73135000.0,T
025062,LAVVI EMPREENDIMENTOS IMOBILIÁRIOS S.A.,2023-09-30,51488000.0,T
025070,PLANO & PLANO DESENVOLVIMENTO IMOBILIÁRIO S.A.,2023-03-31,43255000.0,T
025070,PLANO & PLANO DESENVOLVIMENTO IMOBILIÁRIO S.A.,2023-06-30,70247000.0,T
025070,PLANO & PLANO DESENVOLVIMENTO IMOBILIÁRIO S.A.,2023-09-30,77698000.0,T
025089,PET CENTER COMÉRCIO E PARTICIPAÇÕES S.A.,2023-03-31,2172000.0,T
025089,PET CENTER COMÉRCIO E PARTICIPAÇÕES S.A.,2023-06-30,11391000.0,T
025089,PET CENTER COMÉRCIO E PARTICIPAÇÕES S.A.,2023-09-30,1477000.0,T
025100,CURY CONSTRUTORA E INCORPORADORA S.A.,2023-03-31,94578000.0,T
025100,CURY CONSTRUTORA E INCORPORADORA S.A.,2023-06-30,124070000.0,T
025100,CURY CONSTRUTORA E INCORPORADORA S.A.,2023-09-30,112891000.0,T
025119,MELNICK DESENVOLVIMENTO IMOBILIÁRIO S.A.,2023-03-31,27059000.0,T
025119,MELNICK DESENVOLVIMENTO IMOBILIÁRIO S.A.,2023-06-30,27994000.0,T
025119,MELNICK DESENVOLVIMENTO IMOBILIÁRIO S.A.,2023-09-30,19937000.0,T
025127,COMPASS GÁS E ENERGIA S.A.,2023-03-31,-791250000.0,T
025127,COMPASS GÁS E ENERGIA S.A.,2023-06-30,346295000.0,T
025127,COMPASS GÁS E ENERGIA S.A.,2023-09-30,865042000.0,T
025135,BOA VISTA SERVIÇOS S.A.,2023-03-31,39433000.0,T
025135,BOA VISTA SERVIÇOS S.A.,2023-06-30,30650000.0,T
025143,PACAEMBU CONSTRUTORA S.A.,2023-03-31,11803000.0,T
025143,PACAEMBU CONSTRUTORA S.A.,2023-06-30,41488000.0,T
025143,PACAEMBU CONSTRUTORA S.A.,2023-09-30,34445000.0,T
025160,SEQUOIA LOGÍSTICA E TRANSPORTES S.A.,2023-03-31,-87702000.0,T
025160,SEQUOIA LOGÍSTICA E TRANSPORTES S.A.,2023-06-30,-149355000.0,T
025160,SEQUOIA LOGÍSTICA E TRANSPORTES S.A.,2023-09-30,-236263000.0,T
025186,GRUPO MATEUS S.A.,2023-03-31,239692000.0,T
025186,GRUPO MATEUS S.A.,2023-06-30,293233000.0,T
025186,GRUPO MATEUS S.A.,2023-09-30,313597000.0,T
025194,ALARES INTERNET PARTICIPAÇÕES S/A,2023-03-31,-25194000.0,T
025194,ALARES INTERNET PARTICIPAÇÕES S/A,2023-06-30,-37478000.0,T
025194,ALARES INTERNET PARTICIPAÇÕES S/A,2023-09-30,-24394000.0,T
025208,TRACK & FIELD CO S.A.,2023-03-31,25087000.0,T
025208,TRACK & FIELD CO S.A.,2023-06-30,26831000.0,T
025208,TRACK & FIELD CO S.A.,2023-09-30,27164000.0,T
025224,2W ECOBANK S.A. - EM RECUPERAÇÃO JUDICIAL,2023-03-31,46457000.0,T
025224,2W ECOBANK S.A. - EM RECUPERAÇÃO JUDICIAL,2023-06-30,25245000.0,T
025224,2W ECOBANK S.A. - EM RECUPERAÇÃO JUDICIAL,2023-09-30,-41759000.0,T
025232,MÉLIUZ S.A.,2023-03-31,-11869000.0,T
025232,MÉLIUZ S.A.,2023-06-30,-15532000.0,T
025232,MÉLIUZ S.A.,2023-09-30,5163000.0,T
025259,ENJOEI S.A.,2023-03-31,-9028000.0,T
025259,ENJOEI S.A.,2023-06-30,-4866000.0,T
025259,ENJOEI S.A.,2023-09-30,-23051000.0,T
025275,ALPHAVILLE S.A.,2023-03-31,-57438000.0,T
025275,ALPHAVILLE S.A.,2023-06-30,-243645000.0,T
025275,ALPHAVILLE S.A.,2023-09-30,-120040000.0,T
025283,AERIS IND. E COM. DE EQUIP. PARA GER. DE ENG. S.A.,2023-03-31,-22206000.0,T
025283,AERIS IND. E COM. DE EQUIP. PARA GER. DE ENG. S.A.,2023-06-30,-19097000.0,T
025283,AERIS IND. E COM. DE EQUIP. PARA GER. DE ENG. S.A.,2023-09-30,-28694000.0,T
025291,BRAVA ENERGIA S.A.,2023-03-31,16103000.0,T
025291,BRAVA ENERGIA S.A.,2023-06-30,79388000.0,T
025291,BRAVA ENERGIA S.A.,2023-09-30,-77453000.0,T
025305,PATRIMAR ENGENHARIA S.A.,2023-03-31,16989000.0,T
025305,PATRIMAR ENGENHARIA S.A.,2023-06-30,18006000.0,T
025305,PATRIMAR ENGENHARIA S.A.,2023-09-30,27440000.0,T
025321,GRANBIO INVESTIMENTOS S.A.,2023-03-31,-34113000.0,T
025321,GRANBIO INVESTIMENTOS S.A.,2023-06-30,-30618000.0,T
025321,GRANBIO INVESTIMENTOS S.A.,2023-09-30,-34225000.0,T
025330,ALLIED TECNOLOGIA S.A.,2023-03-31,16326000.0,T
025330,ALLIED TECNOLOGIA S.A.,2023-06-30,16861000.0,T
025330,ALLIED TECNOLOGIA S.A.,2023-09-30,19518000.0,T
025348,ELFA MEDICAMENTOS S.A.,2023-03-31,-74205000.0,T
025348,ELFA MEDICAMENTOS S.A.,2023-06-30,-37343000.0,T
025348,ELFA MEDICAMENTOS S.A.,2023-09-30,-132000.0,T
025380,EZ INC INCORPORAÇÕES S.A.,2023-03-31,-2445000.0,T
025380,EZ INC INCORPORAÇÕES S.A.,2023-06-30,-1388000.0,T
025380,EZ INC INCORPORAÇÕES S.A.,2023-09-30,-1157000.0,T
025399,NEOGRID PARTICIPAÇÕES S.A.,2023-03-31,3059000.0,T
025399,NEOGRID PARTICIPAÇÕES S.A.,2023-06-30,-3517000.0,T
025399,NEOGRID PARTICIPAÇÕES S.A.,2023-09-30,-2177000.0,T
025402,HBR REALTY EMPREENDIMENTOS IMOBILIÁRIOS S.A.,2023-03-31,5409000.0,T
025402,HBR REALTY EMPREENDIMENTOS IMOBILIÁRIOS S.A.,2023-06-30,-8121000.0,T
025402,HBR REALTY EMPREENDIMENTOS IMOBILIÁRIOS S.A.,2023-09-30,-4252000.0,T
025410,SBF COMÉRCIO DE PRODUTOS ESPORTIVOS S.A.,2023-03-31,-16925000.0,T
025410,SBF COMÉRCIO DE PRODUTOS ESPORTIVOS S.A.,2023-06-30,19955000.0,T
025410,SBF COMÉRCIO DE PRODUTOS ESPORTIVOS S.A.,2023-09-30,40233000.0,T
025429,FARMÁCIA E DROGARIA NISSEI S.A.,2023-03-31,-1179000.0,T
025429,FARMÁCIA E DROGARIA NISSEI S.A.,2023-06-30,18456000.0,T
025429,FARMÁCIA E DROGARIA NISSEI S.A.,2023-09-30,-10760000.0,T
025437,URBA DESENVOLVIMENTO URBANO S.A.,2023-03-31,-9048000.0,T
025437,URBA DESENVOLVIMENTO URBANO S.A.,2023-06-30,-14008000.0,T
025437,URBA DESENVOLVIMENTO URBANO S.A.,2023-09-30,-22019000.0,T
025445,MPM CORPÓREOS S.A.,2023-03-31,5999000.0,T
025445,MPM CORPÓREOS S.A.,2023-06-30,-11044000.0,T
025445,MPM CORPÓREOS S.A.,2023-09-30,-1469000.0,T
025453,INTELBRAS S.A. IND. DE TELECOMUNICAÇÃO ELETRÔNICA BRASILEIRA,2023-03-31,132055000.0,T
025453,INTELBRAS S.A. IND. DE TELECOMUNICAÇÃO ELETRÔNICA BRASILEIRA,2023-06-30,118021000.0,T
025453,INTELBRAS S.A. IND. DE TELECOMUNICAÇÃO ELETRÔNICA BRASILEIRA,2023-09-30,110950000.0,T
025461,GRUPO TOKY S.A. - EM RECUPERAÇÃO JUDICIAL,2023-03-31,-22539000.0,T
025461,GRUPO TOKY S.A. - EM RECUPERAÇÃO JUDICIAL,2023-06-30,-17147000.0,T
025461,GRUPO TOKY S.A. - EM RECUPERAÇÃO JUDICIAL,2023-09-30,-24292000.0,T
025496,JALLES MACHADO S.A.,2023-06-30,49492000.0,T
025496,JALLES MACHADO S.A.,2023-09-30,-47550000.0,T
025496,JALLES MACHADO S.A.,2023-12-31,75765000.0,T
025500,BEMOBI MOBILE TECH S.A.,2023-03-31,17098000.0,T
025500,BEMOBI MOBILE TECH S.A.,2023-06-30,13951000.0,T
025500,BEMOBI MOBILE TECH S.A.,2023-09-30,14543000.0,T
025526,CRUZEIRO DO SUL EDUCACIONAL S.A.,2023-03-31,12075000.0,T
025526,CRUZEIRO DO SUL EDUCACIONAL S.A.,2023-06-30,48243000.0,T
025526,CRUZEIRO DO SUL EDUCACIONAL S.A.,2023-09-30,33218000.0,T
025534,OCEANPACT SERVIÇOS MARITIMOS S.A.,2023-03-31,-5546000.0,T
025534,OCEANPACT SERVIÇOS MARITIMOS S.A.,2023-06-30,72167000.0,T
025534,OCEANPACT SERVIÇOS MARITIMOS S.A.,2023-09-30,-13925000.0,T
025542,CVLB BRASIL S.A EM RECUPERAÇÃO JUDICAL,2023-03-31,-14618000.0,T
025542,CVLB BRASIL S.A EM RECUPERAÇÃO JUDICAL,2023-06-30,-102369000.0,T
025542,CVLB BRASIL S.A EM RECUPERAÇÃO JUDICAL,2023-09-30,-89235000.0,T
025550,ORIZON VALORIZAÇÃO DE RESÍDUOS S.A.,2023-03-31,-43180000.0,T
025550,ORIZON VALORIZAÇÃO DE RESÍDUOS S.A.,2023-06-30,-2851000.0,T
025550,ORIZON VALORIZAÇÃO DE RESÍDUOS S.A.,2023-09-30,3894000.0,T
025569,ELETROMIDIA S.A.,2023-03-31,-11218000.0,T
025569,ELETROMIDIA S.A.,2023-06-30,18618000.0,T
025569,ELETROMIDIA S.A.,2023-09-30,9063000.0,T
025585,CSN MINERAÇÃO S.A.,2023-03-31,515798000.0,T
025585,CSN MINERAÇÃO S.A.,2023-06-30,494181000.0,T
025585,CSN MINERAÇÃO S.A.,2023-09-30,1199926000.0,T
025640,AUREN PARTICIPAÇÕES S.A.,2023-03-31,60375000.0,T
025640,AUREN PARTICIPAÇÕES S.A.,2023-06-30,35911000.0,T
025640,AUREN PARTICIPAÇÕES S.A.,2023-09-30,124414000.0,T
025658,AGROGALAXY PARTICIPAÇÕES S.A. - EM RECUPERAÇÃO JUDICIAL,2023-03-31,101285000.0,T
025658,AGROGALAXY PARTICIPAÇÕES S.A. - EM RECUPERAÇÃO JUDICIAL,2023-06-30,-388662000.0,T
025658,AGROGALAXY PARTICIPAÇÕES S.A. - EM RECUPERAÇÃO JUDICIAL,2023-09-30,-30951000.0,T
025674,HMOBI PARTICIPAÇÕES S.A.,2023-03-31,1288000.0,T
025674,HMOBI PARTICIPAÇÕES S.A.,2023-06-30,21035000.0,T
025674,HMOBI PARTICIPAÇÕES S.A.,2023-09-30,31266000.0,T
025682,CM HOSPITALAR S.A,2023-03-31,36889000.0,T
025682,CM HOSPITALAR S.A,2023-06-30,55469000.0,T
025682,CM HOSPITALAR S.A,2023-09-30,6315000.0,T
025690,HOSPITAL MATER DEI S.A.,2023-03-31,32582000.0,T
025690,HOSPITAL MATER DEI S.A.,2023-06-30,44944000.0,T
025690,HOSPITAL MATER DEI S.A.,2023-09-30,35231000.0,T
025704,BOA SAFRA SEMENTES S.A.,2023-03-31,-13577000.0,T
025704,BOA SAFRA SEMENTES S.A.,2023-06-30,27834000.0,T
025704,BOA SAFRA SEMENTES S.A.,2023-09-30,115637000.0,T
025712,GPS PARTICIPAÇÕES E EMPREENDIMENTOS S.A.,2023-03-31,121183000.0,T
025712,GPS PARTICIPAÇÕES E EMPREENDIMENTOS S.A.,2023-06-30,129862000.0,T
025712,GPS PARTICIPAÇÕES E EMPREENDIMENTOS S.A.,2023-09-30,143538000.0,T
025720,RIO ALTO ENERGIAS RENOVÁVEIS S.A.,2023-03-31,-37332000.0,T
025720,RIO ALTO ENERGIAS RENOVÁVEIS S.A.,2023-06-30,-36545000.0,T
025720,RIO ALTO ENERGIAS RENOVÁVEIS S.A.,2023-09-30,-38386000.0,T
025747,INFRACOMMERCE CXAAS S.A.,2023-03-31,-79921000.0,T
025747,INFRACOMMERCE CXAAS S.A.,2023-06-30,-52375000.0,T
025747,INFRACOMMERCE CXAAS S.A.,2023-09-30,-52408000.0,T
025755,BANCO MODAL S.A.,2023-03-31,-82603000.0,T
025763,VITTIA S.A.,2023-03-31,12553000.0,T
025763,VITTIA S.A.,2023-06-30,-14563000.0,T
025763,VITTIA S.A.,2023-09-30,58050000.0,T
025771,HOSPITAL CARE CALEDONIA S.A.,2023-03-31,-44543000.0,T
025771,HOSPITAL CARE CALEDONIA S.A.,2023-06-30,-101273000.0,T
025771,HOSPITAL CARE CALEDONIA S.A.,2023-09-30,-34958000.0,T
025780,PETRORECÔNCAVO S.A.,2023-03-31,199513000.0,T
025780,PETRORECÔNCAVO S.A.,2023-06-30,177641000.0,T
025780,PETRORECÔNCAVO S.A.,2023-09-30,145097000.0,T
025798,KALLAS INCORPORAÇÕES E CONSTRUÇÕES S.A.,2023-03-31,15599000.0,T
025798,KALLAS INCORPORAÇÕES E CONSTRUÇÕES S.A.,2023-06-30,2451000.0,T
025798,KALLAS INCORPORAÇÕES E CONSTRUÇÕES S.A.,2023-09-30,35807000.0,T
025801,RODOBENS SA,2023-03-31,103085000.0,T
025801,RODOBENS SA,2023-06-30,116036000.0,T
025801,RODOBENS SA,2023-09-30,134318000.0,T
025836,DOTZ S.A.,2023-03-31,-15529000.0,T
025836,DOTZ S.A.,2023-06-30,-18618000.0,T
025836,DOTZ S.A.,2023-09-30,-18660000.0,T
025844,TEGRA INCORPORADORA S.A.,2023-03-31,18439000.0,T
025844,TEGRA INCORPORADORA S.A.,2023-06-30,11905000.0,T
025844,TEGRA INCORPORADORA S.A.,2023-09-30,7812000.0,T
025852,W2W E-COMMERCE DE VINHOS S.A.,2023-03-31,-6312000.0,T
025852,W2W E-COMMERCE DE VINHOS S.A.,2023-06-30,8811000.0,T
025852,W2W E-COMMERCE DE VINHOS S.A.,2023-09-30,4607000.0,T
025860,BRBI BR PARTNERS S.A,2023-03-31,33123000.0,T
025860,BRBI BR PARTNERS S.A,2023-06-30,38704000.0,T
025860,BRBI BR PARTNERS S.A,2023-09-30,40150000.0,T
025879,KORA SAÚDE PARTICIPAÇÕES S.A.,2023-03-31,-48035000.0,T
025879,KORA SAÚDE PARTICIPAÇÕES S.A.,2023-06-30,-48695000.0,T
025879,KORA SAÚDE PARTICIPAÇÕES S.A.,2023-09-30,-41783000.0,T
025887,ARANDU INVESTIMENTOS S.A.,2023-03-31,-2094000.0,T
025887,ARANDU INVESTIMENTOS S.A.,2023-06-30,1510000.0,T
025887,ARANDU INVESTIMENTOS S.A.,2023-09-30,4244000.0,T
025895,LIVETECH DA BAHIA INDÚSTRIA E COMÉRCIO S.A.,2023-03-31,-6391000.0,T
025895,LIVETECH DA BAHIA INDÚSTRIA E COMÉRCIO S.A.,2023-06-30,3511000.0,T
025895,LIVETECH DA BAHIA INDÚSTRIA E COMÉRCIO S.A.,2023-09-30,855000.0,T
025909,EMCCAMP RESIDENCIAL S.A.,2023-03-31,11280000.0,T
025909,EMCCAMP RESIDENCIAL S.A.,2023-06-30,-8799000.0,T
025909,EMCCAMP RESIDENCIAL S.A.,2023-09-30,-1781000.0,T
025917,RAÍZEN S.A.,2023-06-30,671105000.0,T
025917,RAÍZEN S.A.,2023-09-30,28402000.0,T
025917,RAÍZEN S.A.,2023-12-31,793243000.0,T
025925,BIONEXO S.A.,2023-03-31,-10661000.0,T
025925,BIONEXO S.A.,2023-06-30,-10178000.0,T
025925,BIONEXO S.A.,2023-09-30,-8829000.0,T
025933,HUMBERG AGRIBRASIL COMÉRCIO E EXPORTAÇÃO DE GRÃOS S.A.,2023-03-31,-6221000.0,T
025933,HUMBERG AGRIBRASIL COMÉRCIO E EXPORTAÇÃO DE GRÃOS S.A.,2023-06-30,-21771000.0,T
025933,HUMBERG AGRIBRASIL COMÉRCIO E EXPORTAÇÃO DE GRÃOS S.A.,2023-09-30,8965000.0,T
025950,TRÊS TENTOS AGROINDUSTRIAL S/A,2023-03-31,103339000.0,T
025950,TRÊS TENTOS AGROINDUSTRIAL S/A,2023-06-30,76949000.0,T
025950,TRÊS TENTOS AGROINDUSTRIAL S/A,2023-09-30,217865000.0,T
025976,YUNY INCORPORADORA HOLDING S.A.,2023-03-31,-7390.0,T
025976,YUNY INCORPORADORA HOLDING S.A.,2023-06-30,9648.0,T
025976,YUNY INCORPORADORA HOLDING S.A.,2023-09-30,69.0,T
025984,COMPANHIA BRASILEIRA DE ALUMÍNIO,2023-03-31,89301000.0,T
025984,COMPANHIA BRASILEIRA DE ALUMÍNIO,2023-06-30,-49609000.0,T
025984,COMPANHIA BRASILEIRA DE ALUMÍNIO,2023-09-30,-263126000.0,T
025992,INTERCEMENT BRASIL S.A. - EM RECUPERAÇÃO JUDICIAL,2023-03-31,-70465000.0,T
025992,INTERCEMENT BRASIL S.A. - EM RECUPERAÇÃO JUDICIAL,2023-06-30,-114811000.0,T
025992,INTERCEMENT BRASIL S.A. - EM RECUPERAÇÃO JUDICIAL,2023-09-30,-22545000.0,T
026000,TERRA SANTA PROPRIEDADES AGRÍCOLAS S.A.,2023-03-31,8173000.0,T
026000,TERRA SANTA PROPRIEDADES AGRÍCOLAS S.A.,2023-06-30,5447000.0,T
026000,TERRA SANTA PROPRIEDADES AGRÍCOLAS S.A.,2023-09-30,7982000.0,T
026026,DESKTOP S.A.,2023-03-31,21154000.0,T
026026,DESKTOP S.A.,2023-06-30,28545000.0,T
026026,DESKTOP S.A.,2023-09-30,35254000.0,T
026034,GRUPO MULTILASER S.A.,2023-03-31,-342613000.0,T
026034,GRUPO MULTILASER S.A.,2023-06-30,43519000.0,T
026034,GRUPO MULTILASER S.A.,2023-09-30,-212246000.0,T
026050,UNIFIQUE TELECOMUNICAÇÕES S.A.,2023-03-31,26245000.0,T
026050,UNIFIQUE TELECOMUNICAÇÕES S.A.,2023-06-30,29898000.0,T
026050,UNIFIQUE TELECOMUNICAÇÕES S.A.,2023-09-30,40954000.0,T
026077,ECONOMATICA S.A.,2023-03-31,-32053000.0,T
026077,ECONOMATICA S.A.,2023-06-30,-13326000.0,T
026077,ECONOMATICA S.A.,2023-09-30,-8815000.0,T
026085,BRISANET PARTICIPAÇÕES S.A.,2023-03-31,25185000.0,T
026085,BRISANET PARTICIPAÇÕES S.A.,2023-06-30,43918000.0,T
026085,BRISANET PARTICIPAÇÕES S.A.,2023-09-30,31731000.0,T
026093,CLEAR SALE S.A.,2023-03-31,-17429000.0,T
026093,CLEAR SALE S.A.,2023-06-30,-1872000.0,T
026093,CLEAR SALE S.A.,2023-09-30,-13930000.0,T
026115,GUARARAPES PAINÉIS S.A.,2023-03-31,-1222000.0,T
026115,GUARARAPES PAINÉIS S.A.,2023-06-30,27282000.0,T
026115,GUARARAPES PAINÉIS S.A.,2023-09-30,9824000.0,T
026123,ONCOCLÍNICAS DO BRASIL SERVIÇOS MÉDICOS S.A.,2023-03-31,41222000.0,T
026123,ONCOCLÍNICAS DO BRASIL SERVIÇOS MÉDICOS S.A.,2023-06-30,34970000.0,T
026123,ONCOCLÍNICAS DO BRASIL SERVIÇOS MÉDICOS S.A.,2023-09-30,149332000.0,T
026158,ESSENTIA PCHS S.A.,2023-03-31,24979000.0,T
026158,ESSENTIA PCHS S.A.,2023-06-30,23877000.0,T
026158,ESSENTIA PCHS S.A.,2023-09-30,22157000.0,T
026166,GRUPO FARTURA DE HORTIFRUT S.A.,2023-03-31,17243000.0,T
026166,GRUPO FARTURA DE HORTIFRUT S.A.,2023-06-30,27826000.0,T
026166,GRUPO FARTURA DE HORTIFRUT S.A.,2023-09-30,16553000.0,T
026174,AUREN OPERAÇÕES S.A.,2023-03-31,67672000.0,T
026174,AUREN OPERAÇÕES S.A.,2023-06-30,37356000.0,T
026174,AUREN OPERAÇÕES S.A.,2023-09-30,101346000.0,T
026190,CARAMURU ALIMENTOS S.A.,2023-03-31,19756000.0,T
026190,CARAMURU ALIMENTOS S.A.,2023-06-30,78764000.0,T
026190,CARAMURU ALIMENTOS S.A.,2023-09-30,131930000.0,T
026204,BLUEFIT ACADEMIAS DE GINÁSTICA E PARTICIPAÇÕES S.A.,2023-03-31,-2184000.0,T
026204,BLUEFIT ACADEMIAS DE GINÁSTICA E PARTICIPAÇÕES S.A.,2023-06-30,1133000.0,T
026204,BLUEFIT ACADEMIAS DE GINÁSTICA E PARTICIPAÇÕES S.A.,2023-09-30,-1110000.0,T
026247,WILSON SONS S.A.,2023-03-31,85288000.0,T
026247,WILSON SONS S.A.,2023-06-30,111277000.0,T
026247,WILSON SONS S.A.,2023-09-30,94840000.0,T
026255,TIGRE S.A. PARTICIPAÇÕES,2023-03-31,88059000.0,T
026255,TIGRE S.A. PARTICIPAÇÕES,2023-06-30,44179000.0,T
026255,TIGRE S.A. PARTICIPAÇÕES,2023-09-30,66986000.0,T
026271,ENVIRONMENTAL ESG PARTICIPAÇÕES S.A.,2023-03-31,54118000.0,T
026271,ENVIRONMENTAL ESG PARTICIPAÇÕES S.A.,2023-06-30,70256000.0,T
026271,ENVIRONMENTAL ESG PARTICIPAÇÕES S.A.,2023-09-30,62771000.0,T
026280,COMERC ENERGIA S.A.,2023-03-31,-4538000.0,T
026280,COMERC ENERGIA S.A.,2023-06-30,-20555000.0,T
026280,COMERC ENERGIA S.A.,2023-09-30,-18385000.0,T
026298,RIO ENERGY PARTICIPAÇÕES S.A.,2023-03-31,-20122000.0,T
026301,UNIGEL PARTICIPAÇÕES S.A.,2023-03-31,-87187000.0,T
026301,UNIGEL PARTICIPAÇÕES S.A.,2023-06-30,-443220000.0,T
026301,UNIGEL PARTICIPAÇÕES S.A.,2023-09-30,-524459000.0,T
026328,AUSTRAVIAS S.A.,2023-03-31,-11049000.0,T
026328,AUSTRAVIAS S.A.,2023-06-30,-11635000.0,T
026328,AUSTRAVIAS S.A.,2023-09-30,-1646000.0,T
026336,FULWOOD S.A.,2023-03-31,-12787000.0,T
026352,RODOVIAS DO BRASIL HOLDING S.A.,2023-03-31,-441000.0,T
026352,RODOVIAS DO BRASIL HOLDING S.A.,2023-06-30,14232000.0,T
026352,RODOVIAS DO BRASIL HOLDING S.A.,2023-09-30,58698000.0,T
026379,MADERO INDÚSTRIA E COMÉRCIO S.A.,2023-03-31,-43456000.0,T
026379,MADERO INDÚSTRIA E COMÉRCIO S.A.,2023-06-30,-28019000.0,T
026379,MADERO INDÚSTRIA E COMÉRCIO S.A.,2023-09-30,-18211000.0,T
026387,INTERPLAYERS SOLUÇÕES INTEGRADAS S.A.,2023-03-31,1444000.0,T
026387,INTERPLAYERS SOLUÇÕES INTEGRADAS S.A.,2023-06-30,1712000.0,T
026387,INTERPLAYERS SOLUÇÕES INTEGRADAS S.A.,2023-09-30,5807000.0,T
026395,ALMEIDA JUNIOR SHOPPING CENTERS S.A.,2023-03-31,3969000.0,T
026395,ALMEIDA JUNIOR SHOPPING CENTERS S.A.,2023-06-30,1333000.0,T
026395,ALMEIDA JUNIOR SHOPPING CENTERS S.A.,2023-09-30,12026000.0,T
026409,VERO S.A.,2023-03-31,15734000.0,T
026409,VERO S.A.,2023-06-30,18472000.0,T
026409,VERO S.A.,2023-09-30,18494000.0,T
026417,OLIVEIRA TRUST S.A.,2023-03-31,14569000.0,T
026417,OLIVEIRA TRUST S.A.,2023-06-30,19528000.0,T
026417,OLIVEIRA TRUST S.A.,2023-09-30,22207000.0,T
026441,SERENA ENERGIA S.A.,2023-03-31,-84014000.0,T
026441,SERENA ENERGIA S.A.,2023-06-30,-101364000.0,T
026441,SERENA ENERGIA S.A.,2023-09-30,102520000.0,T
026468,HOSPITAL ANCHIETA S.A.,2023-03-31,-13551000.0,T
026468,HOSPITAL ANCHIETA S.A.,2023-06-30,-23020000.0,T
026468,HOSPITAL ANCHIETA S.A.,2023-09-30,-18116000.0,T
026476,AMMO VAREJO S.A.,2023-03-31,-32927000.0,T
026476,AMMO VAREJO S.A.,2023-06-30,-36139000.0,T
026476,AMMO VAREJO S.A.,2023-09-30,-34657000.0,T
026506,LUPO S.A.,2023-03-31,29925000.0,T
026506,LUPO S.A.,2023-06-30,32743000.0,T
026506,LUPO S.A.,2023-09-30,53509000.0,T
026514,ASA BRANCA HOLDING S.A.,2023-03-31,-11794000.0,T
026514,ASA BRANCA HOLDING S.A.,2023-06-30,-9684000.0,T
026514,ASA BRANCA HOLDING S.A.,2023-09-30,10292000.0,T
026522,CERRADINHO BIOENERGIA S.A.,2023-06-30,-11288000.0,T
026522,CERRADINHO BIOENERGIA S.A.,2023-09-30,10053000.0,T
026522,CERRADINHO BIOENERGIA S.A.,2023-12-31,87816000.0,T
026530,CENCOSUD BRASIL COMERCIAL S.A.,2023-03-31,-148921000.0,T
026530,CENCOSUD BRASIL COMERCIAL S.A.,2023-06-30,-129614000.0,T
026530,CENCOSUD BRASIL COMERCIAL S.A.,2023-09-30,-123181000.0,T
026549,CLARANET TECHNOLOGY S.A.,2023-03-31,0.0,T
026549,CLARANET TECHNOLOGY S.A.,2023-09-30,5479000.0,T
026549,CLARANET TECHNOLOGY S.A.,2023-12-31,4269000.0,T
026557,DATORA PARTICIPAÇÕES E SERVIÇOS S.A.,2023-03-31,4500000.0,T
026557,DATORA PARTICIPAÇÕES E SERVIÇOS S.A.,2023-06-30,5543000.0,T
026557,DATORA PARTICIPAÇÕES E SERVIÇOS S.A.,2023-09-30,6455000.0,T
026565,HOLDING DO ARAGUAIA S.A.,2023-03-31,810000.0,T
026565,HOLDING DO ARAGUAIA S.A.,2023-06-30,10308000.0,T
026565,HOLDING DO ARAGUAIA S.A.,2023-09-30,32239000.0,T
026603,GSH CORP PARTICIPAÇÕES S.A.,2023-03-31,3289000.0,T
026603,GSH CORP PARTICIPAÇÕES S.A.,2023-06-30,5949000.0,T
026603,GSH CORP PARTICIPAÇÕES S.A.,2023-09-30,6958000.0,T
026620,AUREN ENERGIA S.A.,2023-03-31,229952000.0,T
026620,AUREN ENERGIA S.A.,2023-06-30,182882000.0,T
026620,AUREN ENERGIA S.A.,2023-09-30,-838116000.0,T
026646,CANTU STORE S.A.,2023-03-31,37917000.0,T
026646,CANTU STORE S.A.,2023-06-30,51522000.0,T
026646,CANTU STORE S.A.,2023-09-30,18513000.0,T
026697,FOZ DO RIO CLARO ENERGIA S.A.,2023-03-31,1492000.0,T
026697,FOZ DO RIO CLARO ENERGIA S.A.,2023-06-30,1981000.0,T
026697,FOZ DO RIO CLARO ENERGIA S.A.,2023-09-30,-2802000.0,T
026700,EUROFARMA LABORATÓRIOS S.A.,2023-03-31,351008000.0,T
026700,EUROFARMA LABORATÓRIOS S.A.,2023-06-30,-99048000.0,T
026700,EUROFARMA LABORATÓRIOS S.A.,2023-09-30,170214000.0,T
026760,TECIDOS E ARMARINHOS MIGUEL BARTOLOMEU S.A.,2023-03-31,96932000.0,T
026760,TECIDOS E ARMARINHOS MIGUEL BARTOLOMEU S.A.,2023-06-30,81645000.0,T
026760,TECIDOS E ARMARINHOS MIGUEL BARTOLOMEU S.A.,2023-09-30,78338000.0,T
026786,SENIOR SISTEMAS S.A.,2023-03-31,38030000.0,T
026786,SENIOR SISTEMAS S.A.,2023-06-30,40984000.0,T
026786,SENIOR SISTEMAS S.A.,2023-09-30,45675000.0,T
026832,ANEMUS WIND HOLDING S.A.,2023-03-31,4171000.0,T
026832,ANEMUS WIND HOLDING S.A.,2023-06-30,4692000.0,T
026832,ANEMUS WIND HOLDING S.A.,2023-09-30,19678000.0,T
026867,UNIÃO QUÍMICA FARMACÊUTICA NACIONAL S.A.,2023-03-31,19668000.0,T
026867,UNIÃO QUÍMICA FARMACÊUTICA NACIONAL S.A.,2023-06-30,19918000.0,T
026867,UNIÃO QUÍMICA FARMACÊUTICA NACIONAL S.A.,2023-09-30,108411000.0,T
026891,ELETRORIVER S.A.,2023-03-31,60433000.0,T
026891,ELETRORIVER S.A.,2023-06-30,76507000.0,T
026891,ELETRORIVER S.A.,2023-09-30,83752000.0,T
026930,AMAZONE FUN PARKS S.A.,2023-03-31,-632153.0,T
026956,OCEÂNICA ENGENHARIA E CONSULTORIA S.A.,2023-03-31,-6529000.0,T
026956,OCEÂNICA ENGENHARIA E CONSULTORIA S.A.,2023-06-30,27492000.0,T
026956,OCEÂNICA ENGENHARIA E CONSULTORIA S.A.,2023-09-30,-1956000.0,T
026964,REAG CAPITAL HOLDING S.A.,2023-03-31,-4656000.0,T
026964,REAG CAPITAL HOLDING S.A.,2023-06-30,-4913000.0,T
026964,REAG CAPITAL HOLDING S.A.,2023-09-30,-12525000.0,T
026980,BORRACHAS VIPAL S.A.,2023-03-31,78436000.0,T
026980,BORRACHAS VIPAL S.A.,2023-06-30,113676000.0,T
026980,BORRACHAS VIPAL S.A.,2023-09-30,77606000.0,T
027006,RIO ALTO STL HOLDING I S.A.,2023-03-31,-12971000.0,T
027006,RIO ALTO STL HOLDING I S.A.,2023-06-30,-10233000.0,T
027006,RIO ALTO STL HOLDING I S.A.,2023-09-30,-14096000.0,T
027014,SOLAR BEBIDAS S.A.,2023-03-31,141841000.0,T
027014,SOLAR BEBIDAS S.A.,2023-06-30,154386000.0,T
027014,SOLAR BEBIDAS S.A.,2023-09-30,282549000.0,T
027022,V. TAL - REDE NEUTRA DE TELECOMUNICAÇÕES S.A.,2023-03-31,57233000.0,T
027022,V. TAL - REDE NEUTRA DE TELECOMUNICAÇÕES S.A.,2023-06-30,140237000.0,T
027022,V. TAL - REDE NEUTRA DE TELECOMUNICAÇÕES S.A.,2023-09-30,120396000.0,T
027049,ORIZON MEIO AMBIENTE S.A.,2023-03-31,-47512000.0,T
027049,ORIZON MEIO AMBIENTE S.A.,2023-06-30,-7777000.0,T
027049,ORIZON MEIO AMBIENTE S.A.,2023-09-30,-2018000.0,T
027057,VITRU EDUCAÇÃO S.A.,2023-03-31,56793000.0,T
027057,VITRU EDUCAÇÃO S.A.,2023-06-30,92782000.0,T
027057,VITRU EDUCAÇÃO S.A.,2023-09-30,-1887000.0,T
027073,SOLVI ESSENCIS AMBIENTAL S.A.,2023-03-31,12185000.0,T
027073,SOLVI ESSENCIS AMBIENTAL S.A.,2023-06-30,20417000.0,T
027073,SOLVI ESSENCIS AMBIENTAL S.A.,2023-09-30,-5018000.0,T
027090,TIM BRASIL SERVIÇOS E PARTICIPAÇÕES S.A.,2023-03-31,412097000.0,T
027090,TIM BRASIL SERVIÇOS E PARTICIPAÇÕES S.A.,2023-06-30,595981000.0,T
027090,TIM BRASIL SERVIÇOS E PARTICIPAÇÕES S.A.,2023-09-30,539524000.0,T
027103,CHINA THREE GORGES BRASIL ENERGIA S.A.,2023-03-31,711746000.0,T
027103,CHINA THREE GORGES BRASIL ENERGIA S.A.,2023-06-30,725695000.0,T
027103,CHINA THREE GORGES BRASIL ENERGIA S.A.,2023-09-30,556726000.0,T
027111,XP INVESTIMENTOS S.A.,2023-03-31,138061000.0,T
027111,XP INVESTIMENTOS S.A.,2023-06-30,182818000.0,T
027111,XP INVESTIMENTOS S.A.,2023-09-30,583375000.0,T
027138,SAFIRA HOLDING S.A.,2023-03-31,40000000.0,T
027138,SAFIRA HOLDING S.A.,2023-06-30,2053000.0,T
027138,SAFIRA HOLDING S.A.,2023-09-30,-5133000.0,T
027154,COMPANHIA ESTADUAL DE GERAÇÃO DE ENERGIA ELÉTRICA - CEEE-G,2023-03-31,-47788000.0,T
027154,COMPANHIA ESTADUAL DE GERAÇÃO DE ENERGIA ELÉTRICA - CEEE-G,2023-06-30,73979000.0,T
027154,COMPANHIA ESTADUAL DE GERAÇÃO DE ENERGIA ELÉTRICA - CEEE-G,2023-09-30,72071000.0,T
027162,UNIDAS LOCADORA S.A.,2023-03-31,26999000.0,T
027162,UNIDAS LOCADORA S.A.,2023-06-30,1693000.0,T
027162,UNIDAS LOCADORA S.A.,2023-09-30,33582000.0,T
027189,VOTORANTIM CIMENTOS S.A.,2023-03-31,78257000.0,T
027189,VOTORANTIM CIMENTOS S.A.,2023-06-30,470043000.0,T
027189,VOTORANTIM CIMENTOS S.A.,2023-09-30,823600000.0,T
027219,GRANJA FARIA S.A.,2023-03-31,282303000.0,T
027219,GRANJA FARIA S.A.,2023-06-30,9013000.0,T
027219,GRANJA FARIA S.A.,2023-09-30,-144826000.0,T
027227,ORIGEM ENERGIA S.A.,2023-03-31,24375000.0,T
027227,ORIGEM ENERGIA S.A.,2023-06-30,88609000.0,T
027227,ORIGEM ENERGIA S.A.,2023-09-30,10946000.0,T
027243,CLI SUL S.A.,2023-03-31,-22724000.0,T
027243,CLI SUL S.A.,2023-06-30,-530000.0,T
027243,CLI SUL S.A.,2023-09-30,31152000.0,T
027251,INSPIRALI EDUCAÇÃO S.A.,2023-03-31,26651000.0,T
027251,INSPIRALI EDUCAÇÃO S.A.,2023-06-30,101878000.0,T
027251,INSPIRALI EDUCAÇÃO S.A.,2023-09-30,82358000.0,T
027260,CORREDOR LOGÍSTICA E INFRAESTRUTURA S.A.,2023-03-31,-81324000.0,T
027260,CORREDOR LOGÍSTICA E INFRAESTRUTURA S.A.,2023-06-30,-13129000.0,T
027260,CORREDOR LOGÍSTICA E INFRAESTRUTURA S.A.,2023-09-30,29086000.0,T
027324,VOKE S.A.,2023-03-31,626000.0,T
027324,VOKE S.A.,2023-06-30,-4027000.0,T
027324,VOKE S.A.,2023-09-30,3431000.0,T
027332,HÉLIO VALGAS SOLAR PARTICIPAÇÕES S.A.,2023-03-31,-29193000.0,T
027332,HÉLIO VALGAS SOLAR PARTICIPAÇÕES S.A.,2023-06-30,-27660000.0,T
027332,HÉLIO VALGAS SOLAR PARTICIPAÇÕES S.A.,2023-09-30,107284000.0,T
027340,CONSTRUTORA METROCASA S.A.,2023-03-31,32688000.0,T
027340,CONSTRUTORA METROCASA S.A.,2023-06-30,28847000.0,T
027340,CONSTRUTORA METROCASA S.A.,2023-09-30,60949000.0,T
027367,LIGGA TELECOMUNICAÇÕES S.A.,2023-03-31,-20697000.0,T
027367,LIGGA TELECOMUNICAÇÕES S.A.,2023-06-30,-10819000.0,T
027367,LIGGA TELECOMUNICAÇÕES S.A.,2023-09-30,-7523000.0,T
027375,BRASIL BIOFUELS S.A.,2023-03-31,-15806000.0,T
027375,BRASIL BIOFUELS S.A.,2023-06-30,-56690000.0,T
027375,BRASIL BIOFUELS S.A.,2023-09-30,-52960000.0,T
027383,LETS RENT A CAR S/A,2023-06-30,24091000.0,T
027383,LETS RENT A CAR S/A,2023-09-30,13328000.0,T
027391,BRZ EMPREENDIMENTOS E CONSTRUÇÕES S.A.,2023-03-31,-19603000.0,T
027391,BRZ EMPREENDIMENTOS E CONSTRUÇÕES S.A.,2023-06-30,-12597000.0,T
027391,BRZ EMPREENDIMENTOS E CONSTRUÇÕES S.A.,2023-09-30,24045000.0,T
027413,AUTOMOB S.A.,2023-03-31,22522000.0,T
027413,AUTOMOB S.A.,2023-06-30,23014000.0,T
027413,AUTOMOB S.A.,2023-09-30,20007000.0,T
027430,ALUBAR METAIS E CABOS S.A.,2023-03-31,5525000.0,T
027430,ALUBAR METAIS E CABOS S.A.,2023-06-30,31754000.0,T
027430,ALUBAR METAIS E CABOS S.A.,2023-09-30,38169000.0,T
080020,"GP INVESTMENTS, LTD.",2023-03-31,-165289000.0,T
080020,"GP INVESTMENTS, LTD.",2023-06-30,93369000.0,T
080020,"GP INVESTMENTS, LTD.",2023-09-30,-315379000.0,T
080187,AURA MINERALS INC.,2023-03-31,96958000.0,T
080187,AURA MINERALS INC.,2023-06-30,56330000.0,T
080187,AURA MINERALS INC.,2023-09-30,37857000.0,T
080209,NU HOLDINGS LTD.,2023-03-31,736027000.0,T
080209,NU HOLDINGS LTD.,2023-06-30,1122574000.0,T
080217,"INTER & CO, INC.",2023-03-31,24216000.0,T
080217,"INTER & CO, INC.",2023-06-30,64172000.0,T
080217,"INTER & CO, INC.",2023-09-30,104161000.0,T
080225,ALMACENES ÉXITO S.A.,2023-03-31,86352000.0,T
080225,ALMACENES ÉXITO S.A.,2023-06-30,53676000.0,T
080225,ALMACENES ÉXITO S.A.,2023-09-30,12171000.0,T
000094,PANATLANTICA S.A.,2024-03-31,14878000.0,T
000094,PANATLANTICA S.A.,2024-06-30,14067000.0,T
000094,PANATLANTICA S.A.,2024-09-30,41383000.0,T
000701,BIOMA EDUCAÇÃO S.A.,2024-03-31,-17767000.0,T
000701,BIOMA EDUCAÇÃO S.A.,2024-06-30,-11852000.0,T
000701,BIOMA EDUCAÇÃO S.A.,2024-09-30,-14418000.0,T
000906,BCO BRADESCO S.A.,2024-03-31,4202768000.0,T
000906,BCO BRADESCO S.A.,2024-06-30,4185407000.0,T
000906,BCO BRADESCO S.A.,2024-09-30,4945083000.0,T
001023,BCO BRASIL S.A.,2024-03-31,8680714000.0,T
001023,BCO BRASIL S.A.,2024-06-30,9485229000.0,T
001023,BCO BRASIL S.A.,2024-09-30,5865367000.0,T
001155,BANESTES S.A. - BCO EST ESPIRITO SANTO,2024-03-31,67624000.0,T
001155,BANESTES S.A. - BCO EST ESPIRITO SANTO,2024-06-30,107263000.0,T
001155,BANESTES S.A. - BCO EST ESPIRITO SANTO,2024-09-30,136876000.0,T
001210,BANCO DO ESTADO DO RIO GRANDE DO SUL SA,2024-03-31,183506000.0,T
001210,BANCO DO ESTADO DO RIO GRANDE DO SUL SA,2024-06-30,245300000.0,T
001210,BANCO DO ESTADO DO RIO GRANDE DO SUL SA,2024-09-30,24317000.0,T
001325,BCO MERCANTIL DO BRASIL S.A.,2024-03-31,148920000.0,T
001325,BCO MERCANTIL DO BRASIL S.A.,2024-06-30,156861000.0,T
001325,BCO MERCANTIL DO BRASIL S.A.,2024-09-30,208338000.0,T
001350,BANCO NACIONAL S.A.,2024-09-30,305883000.0,T
001520,BARDELLA S.A. INDUSTRIAS MECANICAS EM RECUPERAÇÃO JUDICIAL,2024-03-31,-13548000.0,T
001520,BARDELLA S.A. INDUSTRIAS MECANICAS EM RECUPERAÇÃO JUDICIAL,2024-06-30,-7072000.0,T
001520,BARDELLA S.A. INDUSTRIAS MECANICAS EM RECUPERAÇÃO JUDICIAL,2024-09-30,3655000.0,T
001562,BAUMER S.A.,2024-03-31,2589000.0,T
001562,BAUMER S.A.,2024-06-30,8289000.0,T
001562,BAUMER S.A.,2024-09-30,6255000.0,T
002100,CAMBUCI S.A.,2024-03-31,20644000.0,T
002100,CAMBUCI S.A.,2024-06-30,25410000.0,T
002100,CAMBUCI S.A.,2024-09-30,20650000.0,T
002429,IRANI PAPEL E EMBALAGEM S.A.,2024-03-31,40639000.0,T
002429,IRANI PAPEL E EMBALAGEM S.A.,2024-06-30,40065000.0,T
002429,IRANI PAPEL E EMBALAGEM S.A.,2024-09-30,37632000.0,T
002437,AXIA ENERGIA S.A.,2024-03-31,330534000.0,T
002437,AXIA ENERGIA S.A.,2024-06-30,1742675000.0,T
002437,AXIA ENERGIA S.A.,2024-09-30,7195277000.0,T
002453,CIA ENERGETICA DE MINAS GERAIS - CEMIG,2024-03-31,1152891000.0,T
002453,CIA ENERGETICA DE MINAS GERAIS - CEMIG,2024-06-30,1688586000.0,T
002453,CIA ENERGETICA DE MINAS GERAIS - CEMIG,2024-09-30,3280197000.0,T
002461,CENTRAIS ELET DE SANTA CATARINA S.A.,2024-03-31,232011000.0,T
002461,CENTRAIS ELET DE SANTA CATARINA S.A.,2024-06-30,277567000.0,T
002461,CENTRAIS ELET DE SANTA CATARINA S.A.,2024-09-30,76137000.0,T
002577,CESP - CIA ENERGETICA DE SAO PAULO,2024-03-31,15820000.0,T
002577,CESP - CIA ENERGETICA DE SAO PAULO,2024-06-30,72748000.0,T
002577,CESP - CIA ENERGETICA DE SAO PAULO,2024-09-30,50435000.0,T
003069,CIA FERRO LIGAS DA BAHIA - FERBASA,2024-03-31,41205000.0,T
003069,CIA FERRO LIGAS DA BAHIA - FERBASA,2024-06-30,56731000.0,T
003069,CIA FERRO LIGAS DA BAHIA - FERBASA,2024-09-30,103551000.0,T
003077,CIA FIACAO TECIDOS CEDRO CACHOEIRA,2024-03-31,15410000.0,T
003077,CIA FIACAO TECIDOS CEDRO CACHOEIRA,2024-06-30,17569000.0,T
003077,CIA FIACAO TECIDOS CEDRO CACHOEIRA,2024-09-30,17203000.0,T
003158,CIA TECIDOS NORTE DE MINAS COTEMINAS,2024-03-31,-212258000.0,T
003158,CIA TECIDOS NORTE DE MINAS COTEMINAS,2024-06-30,-204619000.0,T
003158,CIA TECIDOS NORTE DE MINAS COTEMINAS,2024-09-30,-92002000.0,T
003190,REDE ENERGIA PARTICIPAÇÕES S.A.,2024-03-31,692052000.0,T
003190,REDE ENERGIA PARTICIPAÇÕES S.A.,2024-06-30,347165000.0,T
003190,REDE ENERGIA PARTICIPAÇÕES S.A.,2024-09-30,406864000.0,T
003204,CPFL TRANSMISSÃO S.A.,2024-03-31,116210000.0,T
003204,CPFL TRANSMISSÃO S.A.,2024-06-30,114936000.0,T
003204,CPFL TRANSMISSÃO S.A.,2024-09-30,100387000.0,T
003298,CIA HABITASUL DE PARTICIPACOES,2024-03-31,2256000.0,T
003298,CIA HABITASUL DE PARTICIPACOES,2024-06-30,-4064000.0,T
003298,CIA HABITASUL DE PARTICIPACOES,2024-09-30,-3467000.0,T
003395,COMPANHIA INDUSTRIAL CATAGUASES,2024-03-31,3450000.0,T
003395,COMPANHIA INDUSTRIAL CATAGUASES,2024-06-30,7758000.0,T
003395,COMPANHIA INDUSTRIAL CATAGUASES,2024-09-30,8395000.0,T
003549,CIA INDUSTRIAL SCHLOSSER S.A.,2024-03-31,30078.0,T
003549,CIA INDUSTRIAL SCHLOSSER S.A.,2024-06-30,29915.0,T
003549,CIA INDUSTRIAL SCHLOSSER S.A.,2024-09-30,21635.0,T
003654,CIA MELHORAMENTOS DE SAO PAULO,2024-03-31,-6965000.0,T
003654,CIA MELHORAMENTOS DE SAO PAULO,2024-06-30,859000.0,T
003654,CIA MELHORAMENTOS DE SAO PAULO,2024-09-30,-8090000.0,T
003980,GERDAU S.A.,2024-03-31,2052872000.0,T
003980,GERDAU S.A.,2024-06-30,866981000.0,T
003980,GERDAU S.A.,2024-09-30,1356245000.0,T
004030,CIA SIDERURGICA NACIONAL,2024-03-31,-479662000.0,T
004030,CIA SIDERURGICA NACIONAL,2024-06-30,-222612000.0,T
004030,CIA SIDERURGICA NACIONAL,2024-09-30,-750870000.0,T
004081,CIA TECIDOS SANTANENSE EM RECUPERAÇÃO JUDICIAL,2024-03-31,-38622000.0,T
004081,CIA TECIDOS SANTANENSE EM RECUPERAÇÃO JUDICIAL,2024-06-30,-47416000.0,T
004081,CIA TECIDOS SANTANENSE EM RECUPERAÇÃO JUDICIAL,2024-09-30,-25893000.0,T
004146,KARSTEN S.A.,2024-03-31,11362000.0,T
004146,KARSTEN S.A.,2024-06-30,18393000.0,T
004146,KARSTEN S.A.,2024-09-30,26584000.0,T
004170,VALE S.A.,2024-03-31,8332000000.0,T
004170,VALE S.A.,2024-06-30,14586000000.0,T
004170,VALE S.A.,2024-09-30,13271000000.0,T
004448,COBRASMA S.A.,2024-03-31,-721970000.0,T
004448,COBRASMA S.A.,2024-06-30,-1023903000.0,T
004448,COBRASMA S.A.,2024-09-30,-1038978000.0,T
004537,GRAZZIOTIN S.A.,2024-03-31,5509000.0,T
004537,GRAZZIOTIN S.A.,2024-06-30,25796000.0,T
004537,GRAZZIOTIN S.A.,2024-09-30,24105000.0,T
004669,GUARARAPES CONFECCOES S.A.,2024-03-31,-116994000.0,T
004669,GUARARAPES CONFECCOES S.A.,2024-06-30,57016000.0,T
004669,GUARARAPES CONFECCOES S.A.,2024-09-30,45134000.0,T
004693,CONSERVAS ODERICH S.A.,2024-03-31,12672000.0,T
004693,CONSERVAS ODERICH S.A.,2024-06-30,9289000.0,T
004693,CONSERVAS ODERICH S.A.,2024-09-30,20808000.0,T
004723,CONSTRUTORA ADOLPHO LINDENBERG S.A.,2024-03-31,-6725000.0,T
004723,CONSTRUTORA ADOLPHO LINDENBERG S.A.,2024-06-30,4043000.0,T
004723,CONSTRUTORA ADOLPHO LINDENBERG S.A.,2024-09-30,1312000.0,T
004820,BRASKEM S.A.,2024-03-31,-1390000000.0,T
004820,BRASKEM S.A.,2024-06-30,-3906000000.0,T
004820,BRASKEM S.A.,2024-09-30,-869000000.0,T
005258,RAIA DROGASIL S.A.,2024-03-31,193301000.0,T
005258,RAIA DROGASIL S.A.,2024-06-30,328672000.0,T
005258,RAIA DROGASIL S.A.,2024-09-30,339119000.0,T
005312,MUNDIAL S.A. - PRODUTOS DE CONSUMO,2024-03-31,564000.0,T
005312,MUNDIAL S.A. - PRODUTOS DE CONSUMO,2024-06-30,633000.0,T
005312,MUNDIAL S.A. - PRODUTOS DE CONSUMO,2024-09-30,5190000.0,T
005380,ELECTRO ACO ALTONA S.A.,2024-03-31,13398000.0,T
005380,ELECTRO ACO ALTONA S.A.,2024-06-30,14461000.0,T
005380,ELECTRO ACO ALTONA S.A.,2024-09-30,19940000.0,T
005410,WEG S.A.,2024-03-31,1377254000.0,T
005410,WEG S.A.,2024-06-30,1512063000.0,T
005410,WEG S.A.,2024-09-30,1660518000.0,T
005762,ETERNIT S.A.,2024-03-31,241000.0,T
005762,ETERNIT S.A.,2024-06-30,11690000.0,T
005762,ETERNIT S.A.,2024-09-30,18617000.0,T
005770,EUCATEX S.A. INDUSTRIA E COMERCIO,2024-03-31,53301000.0,T
005770,EUCATEX S.A. INDUSTRIA E COMERCIO,2024-06-30,66872000.0,T
005770,EUCATEX S.A. INDUSTRIA E COMERCIO,2024-09-30,44274000.0,T
005983,FIACAO E TECELAGEM SAO JOSE SA EM RECUPERACAO JUDICIAL,2024-03-31,-2823000.0,T
005983,FIACAO E TECELAGEM SAO JOSE SA EM RECUPERACAO JUDICIAL,2024-06-30,-2261000.0,T
005983,FIACAO E TECELAGEM SAO JOSE SA EM RECUPERACAO JUDICIAL,2024-09-30,-2091000.0,T
006173,TAURUS ARMAS S.A.,2024-03-31,18943000.0,T
006173,TAURUS ARMAS S.A.,2024-06-30,-8985000.0,T
006173,TAURUS ARMAS S.A.,2024-09-30,26133000.0,T
006211,FRASLE MOBILITY S.A.,2024-03-31,109147000.0,T
006211,FRASLE MOBILITY S.A.,2024-06-30,41391000.0,T
006211,FRASLE MOBILITY S.A.,2024-09-30,89039000.0,T
006343,TUPY S.A.,2024-03-31,111745000.0,T
006343,TUPY S.A.,2024-06-30,17996000.0,T
006343,TUPY S.A.,2024-09-30,50365000.0,T
006505,GRUPO CASAS BAHIA S.A.,2024-03-31,-261000000.0,T
006505,GRUPO CASAS BAHIA S.A.,2024-06-30,37000000.0,T
006505,GRUPO CASAS BAHIA S.A.,2024-09-30,-369000000.0,T
006700,HOTEIS OTHON S.A. - EM RECUPERAÇÃO JUDICIAL,2024-03-31,12634000.0,T
006700,HOTEIS OTHON S.A. - EM RECUPERAÇÃO JUDICIAL,2024-06-30,-15489000.0,T
006700,HOTEIS OTHON S.A. - EM RECUPERAÇÃO JUDICIAL,2024-09-30,46124000.0,T
007510,ROMI S.A.,2024-03-31,17981000.0,T
007510,ROMI S.A.,2024-06-30,31018000.0,T
007510,ROMI S.A.,2024-09-30,23724000.0,T
007544,TEXTIL RENAUXVIEW S.A.,2024-03-31,-14309000.0,T
007544,TEXTIL RENAUXVIEW S.A.,2024-06-30,1739000.0,T
007544,TEXTIL RENAUXVIEW S.A.,2024-09-30,-12487000.0,T
007595,INEPAR S.A. INDUSTRIA E CONSTRUCOES EM RECUPERACAO JUDICIAL,2024-03-31,-58767000.0,T
007595,INEPAR S.A. INDUSTRIA E CONSTRUCOES EM RECUPERACAO JUDICIAL,2024-06-30,-95138000.0,T
007595,INEPAR S.A. INDUSTRIA E CONSTRUCOES EM RECUPERACAO JUDICIAL,2024-09-30,-11990000.0,T
007617,ITAÚSA S.A.,2024-03-31,3455000000.0,T
007617,ITAÚSA S.A.,2024-06-30,3819000000.0,T
007617,ITAÚSA S.A.,2024-09-30,3877000000.0,T
007811,JOAO FORTES ENGENHARIA S.A. - EM RECUPERAÇÃO JUDICIAL,2024-03-31,-22402000.0,T
007811,JOAO FORTES ENGENHARIA S.A. - EM RECUPERAÇÃO JUDICIAL,2024-06-30,-52260000.0,T
007811,JOAO FORTES ENGENHARIA S.A. - EM RECUPERAÇÃO JUDICIAL,2024-09-30,-26033000.0,T
007870,KEPLER WEBER S.A.,2024-03-31,52156000.0,T
007870,KEPLER WEBER S.A.,2024-06-30,37004000.0,T
007870,KEPLER WEBER S.A.,2024-09-30,59641000.0,T
008133,LOJAS RENNER S.A.,2024-03-31,139250000.0,T
008133,LOJAS RENNER S.A.,2024-06-30,314984000.0,T
008133,LOJAS RENNER S.A.,2024-09-30,255266000.0,T
008192,TREVISA INVESTIMENTOS S.A.,2024-03-31,4579000.0,T
008192,TREVISA INVESTIMENTOS S.A.,2024-06-30,2519000.0,T
008192,TREVISA INVESTIMENTOS S.A.,2024-09-30,2798000.0,T
008397,MANGELS INDUSTRIAL S.A.,2024-03-31,-7340000.0,T
008397,MANGELS INDUSTRIAL S.A.,2024-06-30,-18549000.0,T
008397,MANGELS INDUSTRIAL S.A.,2024-09-30,7510000.0,T
008427,MANUFATURA DE BRINQUEDOS ESTRELA S.A.,2024-03-31,-17101000.0,T
008427,MANUFATURA DE BRINQUEDOS ESTRELA S.A.,2024-06-30,-20001000.0,T
008427,MANUFATURA DE BRINQUEDOS ESTRELA S.A.,2024-09-30,-9263000.0,T
008451,MARCOPOLO S.A.,2024-03-31,316940000.0,T
008451,MARCOPOLO S.A.,2024-06-30,250911000.0,T
008451,MARCOPOLO S.A.,2024-09-30,335740000.0,T
008575,MAHLE METAL LEVE S.A.,2024-03-31,200268000.0,T
008575,MAHLE METAL LEVE S.A.,2024-06-30,88511000.0,T
008575,MAHLE METAL LEVE S.A.,2024-09-30,141817000.0,T
008656,METALURGICA GERDAU S.A.,2024-03-31,2055438000.0,T
008656,METALURGICA GERDAU S.A.,2024-06-30,870889000.0,T
008656,METALURGICA GERDAU S.A.,2024-09-30,1360251000.0,T
008672,IGUATEMI S.A.,2024-03-31,81088000.0,T
008672,IGUATEMI S.A.,2024-06-30,76345000.0,T
008672,IGUATEMI S.A.,2024-09-30,101201000.0,T
008745,METANOR SA METANOL DO NE,2024-03-31,7183000.0,T
008745,METANOR SA METANOL DO NE,2024-06-30,8622000.0,T
008745,METANOR SA METANOL DO NE,2024-09-30,10383000.0,T
008753,METISA METALURGICA TIMBOENSE S.A.,2024-03-31,2717051.0,T
008753,METISA METALURGICA TIMBOENSE S.A.,2024-06-30,4363232.0,T
008753,METISA METALURGICA TIMBOENSE S.A.,2024-09-30,13963853.0,T
008893,MONTEIRO ARANHA S.A.,2024-03-31,81696000.0,T
008893,MONTEIRO ARANHA S.A.,2024-06-30,-51347000.0,T
008893,MONTEIRO ARANHA S.A.,2024-09-30,-22850000.0,T
009067,SUZANO HOLDING S.A.,2024-03-31,221034000.0,T
009067,SUZANO HOLDING S.A.,2024-06-30,-3762284000.0,T
009067,SUZANO HOLDING S.A.,2024-09-30,3253447000.0,T
009342,DIMED S.A. DISTRIBUIDORA DE MEDICAMENTOS,2024-03-31,33550000.0,T
009342,DIMED S.A. DISTRIBUIDORA DE MEDICAMENTOS,2024-06-30,5130000.0,T
009342,DIMED S.A. DISTRIBUIDORA DE MEDICAMENTOS,2024-09-30,35858000.0,T
009393,PARANAPANEMA S.A. - EM RECUPERAÇÃO JUDICIAL,2024-03-31,-323172000.0,T
009393,PARANAPANEMA S.A. - EM RECUPERAÇÃO JUDICIAL,2024-06-30,-670762000.0,T
009393,PARANAPANEMA S.A. - EM RECUPERAÇÃO JUDICIAL,2024-09-30,-335165000.0,T
009512,PETROLEO BRASILEIRO S.A. PETROBRAS,2024-03-31,23810000000.0,T
009512,PETROLEO BRASILEIRO S.A. PETROBRAS,2024-06-30,-2515000000.0,T
009512,PETROLEO BRASILEIRO S.A. PETROBRAS,2024-09-30,32676000000.0,T
009539,PETTENATI S.A. INDUSTRIA TEXTIL,2024-03-31,10259610.0,T
009539,PETTENATI S.A. INDUSTRIA TEXTIL,2024-09-30,13422851.0,T
009539,PETTENATI S.A. INDUSTRIA TEXTIL,2024-12-31,20150305.0,T
009989,REFINARIA DE PETROLEOS MANGUINHOS S.A.,2024-03-31,-108693000.0,T
009989,REFINARIA DE PETROLEOS MANGUINHOS S.A.,2024-06-30,-196984000.0,T
009989,REFINARIA DE PETROLEOS MANGUINHOS S.A.,2024-09-30,-372413000.0,T
010456,ALPARGATAS S.A.,2024-03-31,24662000.0,T
010456,ALPARGATAS S.A.,2024-06-30,23429000.0,T
010456,ALPARGATAS S.A.,2024-09-30,57253000.0,T
010880,SONDOTECNICA ENGENHARIA SOLOS S.A.,2024-03-31,-2493000.0,T
010880,SONDOTECNICA ENGENHARIA SOLOS S.A.,2024-06-30,1942000.0,T
010880,SONDOTECNICA ENGENHARIA SOLOS S.A.,2024-09-30,6631000.0,T
011070,WLM PART. E COMÉRCIO DE MÁQUINAS E VEÍCULOS S.A.,2024-03-31,26113000.0,T
011070,WLM PART. E COMÉRCIO DE MÁQUINAS E VEÍCULOS S.A.,2024-06-30,42296000.0,T
011070,WLM PART. E COMÉRCIO DE MÁQUINAS E VEÍCULOS S.A.,2024-09-30,29544000.0,T
011223,TEKA-TECELAGEM KUEHNRICH S.A. - EM RECUPERAÇÃO JUDICIAL,2024-03-31,-38396000.0,T
011223,TEKA-TECELAGEM KUEHNRICH S.A. - EM RECUPERAÇÃO JUDICIAL,2024-06-30,-28603000.0,T
011223,TEKA-TECELAGEM KUEHNRICH S.A. - EM RECUPERAÇÃO JUDICIAL,2024-09-30,-66770000.0,T
011231,TEKNO S.A. - INDUSTRIA E COMERCIO,2024-03-31,12741000.0,T
011231,TEKNO S.A. - INDUSTRIA E COMERCIO,2024-06-30,11480000.0,T
011231,TEKNO S.A. - INDUSTRIA E COMERCIO,2024-09-30,13248000.0,T
011312,OI S.A. - EM RECUPERAÇÃO JUDICIAL,2024-03-31,-2787539000.0,T
011312,OI S.A. - EM RECUPERAÇÃO JUDICIAL,2024-06-30,15061159000.0,T
011312,OI S.A. - EM RECUPERAÇÃO JUDICIAL,2024-09-30,242884000.0,T
011592,UNIPAR CARBOCLORO S.A.,2024-03-31,55899000.0,T
011592,UNIPAR CARBOCLORO S.A.,2024-06-30,89535000.0,T
011592,UNIPAR CARBOCLORO S.A.,2024-09-30,118948000.0,T
011762,VULCABRAS S.A.,2024-03-31,88762000.0,T
011762,VULCABRAS S.A.,2024-06-30,139713000.0,T
011762,VULCABRAS S.A.,2024-09-30,172172000.0,T
011932,IOCHPE MAXION S.A.,2024-03-31,81824000.0,T
011932,IOCHPE MAXION S.A.,2024-06-30,71496000.0,T
011932,IOCHPE MAXION S.A.,2024-09-30,129580000.0,T
011975,AZEVEDO E TRAVASSOS S.A.,2024-03-31,-16878000.0,T
011975,AZEVEDO E TRAVASSOS S.A.,2024-06-30,-77147000.0,T
011975,AZEVEDO E TRAVASSOS S.A.,2024-09-30,-22809000.0,T
011991,WETZEL S.A.,2024-03-31,419000.0,T
011991,WETZEL S.A.,2024-06-30,4056000.0,T
011991,WETZEL S.A.,2024-09-30,-3513000.0,T
012190,BOMBRIL S.A. - EM RECUPERAÇÃO JUDICIAL,2024-03-31,14990000.0,T
012190,BOMBRIL S.A. - EM RECUPERAÇÃO JUDICIAL,2024-06-30,19856000.0,T
012190,BOMBRIL S.A. - EM RECUPERAÇÃO JUDICIAL,2024-09-30,21603000.0,T
012572,RECRUSUL S.A.,2024-03-31,-2365000.0,T
012572,RECRUSUL S.A.,2024-06-30,-2307000.0,T
012572,RECRUSUL S.A.,2024-09-30,-7282000.0,T
012653,KLABIN S.A.,2024-03-31,460012000.0,T
012653,KLABIN S.A.,2024-06-30,315130000.0,T
012653,KLABIN S.A.,2024-09-30,729073000.0,T
012696,SANSUY S.A. INDUSTRIA DE PLASTICOS,2024-03-31,-39020000.0,T
012696,SANSUY S.A. INDUSTRIA DE PLASTICOS,2024-06-30,72798000.0,T
012696,SANSUY S.A. INDUSTRIA DE PLASTICOS,2024-09-30,-47324000.0,T
012823,ALIPERTI S.A.,2024-03-31,27994000.0,T
012823,ALIPERTI S.A.,2024-06-30,12209000.0,T
012823,ALIPERTI S.A.,2024-09-30,895000.0,T
013030,CONSTRUTORA SULTEPA S.A. - EM RECUPERAÇÃO JUDICIAL,2024-03-31,20294000.0,T
013030,CONSTRUTORA SULTEPA S.A. - EM RECUPERAÇÃO JUDICIAL,2024-06-30,16497000.0,T
013030,CONSTRUTORA SULTEPA S.A. - EM RECUPERAÇÃO JUDICIAL,2024-09-30,6883000.0,T
013285,JOSAPAR-JOAQUIM OLIVEIRA S.A. - PARTICIP,2024-03-31,6118000.0,T
013285,JOSAPAR-JOAQUIM OLIVEIRA S.A. - PARTICIP,2024-06-30,15542000.0,T
013285,JOSAPAR-JOAQUIM OLIVEIRA S.A. - PARTICIP,2024-09-30,4711000.0,T
013366,HAGA S.A. INDUSTRIA E COMERCIO,2024-03-31,1121977.0,T
013366,HAGA S.A. INDUSTRIA E COMERCIO,2024-06-30,712533.0,T
013366,HAGA S.A. INDUSTRIA E COMERCIO,2024-09-30,772243.0,T
013439,METALURGICA RIOSULENSE S.A.,2024-03-31,15147000.0,T
013439,METALURGICA RIOSULENSE S.A.,2024-06-30,13578000.0,T
013439,METALURGICA RIOSULENSE S.A.,2024-09-30,14880000.0,T
013471,PLASCAR PARTICIPACOES INDUSTRIAIS S.A.,2024-03-31,-30017000.0,T
013471,PLASCAR PARTICIPACOES INDUSTRIAIS S.A.,2024-06-30,-22523000.0,T
013471,PLASCAR PARTICIPACOES INDUSTRIAIS S.A.,2024-09-30,-35649000.0,T
013765,MINUPAR PARTICIPACOES S.A.,2024-03-31,8885000.0,T
013765,MINUPAR PARTICIPACOES S.A.,2024-06-30,-11800000.0,T
013765,MINUPAR PARTICIPACOES S.A.,2024-09-30,7627000.0,T
013773,PBG S/A,2024-03-31,-20700000.0,T
013773,PBG S/A,2024-06-30,-11545000.0,T
013773,PBG S/A,2024-09-30,2625000.0,T
013781,SAO CARLOS EMPREEND E PARTICIPACOES S.A.,2024-03-31,-10782000.0,T
013781,SAO CARLOS EMPREEND E PARTICIPACOES S.A.,2024-06-30,15635000.0,T
013781,SAO CARLOS EMPREEND E PARTICIPACOES S.A.,2024-09-30,-10986000.0,T
013986,SUZANO S.A.,2024-03-31,220032000.0,T
013986,SUZANO S.A.,2024-06-30,-3765517000.0,T
013986,SUZANO S.A.,2024-09-30,3237351000.0,T
014109,RANDONCORP S.A.,2024-03-31,159765000.0,T
014109,RANDONCORP S.A.,2024-06-30,136403000.0,T
014109,RANDONCORP S.A.,2024-09-30,195985000.0,T
014206,BRB BANCO DE BRASILIA S.A.,2024-03-31,-64894000.0,T
014206,BRB BANCO DE BRASILIA S.A.,2024-06-30,40064000.0,T
014206,BRB BANCO DE BRASILIA S.A.,2024-09-30,111307000.0,T
014311,CIA PARANAENSE DE ENERGIA - COPEL,2024-03-31,533543000.0,T
014311,CIA PARANAENSE DE ENERGIA - COPEL,2024-06-30,473574000.0,T
014311,CIA PARANAENSE DE ENERGIA - COPEL,2024-09-30,1217089000.0,T
014320,USINAS SID DE MINAS GERAIS S.A.-USIMINAS,2024-03-31,35645000.0,T
014320,USINAS SID DE MINAS GERAIS S.A.-USIMINAS,2024-06-30,-99729000.0,T
014320,USINAS SID DE MINAS GERAIS S.A.-USIMINAS,2024-09-30,184625000.0,T
014346,WHIRLPOOL S.A.,2024-03-31,204633000.0,T
014346,WHIRLPOOL S.A.,2024-06-30,85089000.0,T
014346,WHIRLPOOL S.A.,2024-09-30,342698000.0,T
014443,CIA SANEAMENTO BASICO EST SAO PAULO,2024-03-31,823295000.0,T
014443,CIA SANEAMENTO BASICO EST SAO PAULO,2024-06-30,1209465000.0,T
014443,CIA SANEAMENTO BASICO EST SAO PAULO,2024-09-30,6111883000.0,T
014451,COMPANHIA ENERGÉTICA DE BRASÍLIA - CEB,2024-03-31,54590000.0,T
014451,COMPANHIA ENERGÉTICA DE BRASÍLIA - CEB,2024-06-30,47853000.0,T
014451,COMPANHIA ENERGÉTICA DE BRASÍLIA - CEB,2024-09-30,56968000.0,T
014460,CYRELA BRAZIL REALTY S.A.EMPREEND E PART,2024-03-31,314803000.0,T
014460,CYRELA BRAZIL REALTY S.A.EMPREEND E PART,2024-06-30,477943000.0,T
014460,CYRELA BRAZIL REALTY S.A.EMPREEND E PART,2024-09-30,541012000.0,T
014664,SCHULZ S.A.,2024-03-31,60434000.0,T
014664,SCHULZ S.A.,2024-06-30,70477000.0,T
014664,SCHULZ S.A.,2024-09-30,77766000.0,T
014826,CIA BRASILEIRA DE DISTRIBUICAO,2024-03-31,-659000000.0,T
014826,CIA BRASILEIRA DE DISTRIBUICAO,2024-06-30,-331000000.0,T
014826,CIA BRASILEIRA DE DISTRIBUICAO,2024-09-30,-310000000.0,T
015253,ENERGISA S.A.,2024-03-31,1135090000.0,T
015253,ENERGISA S.A.,2024-06-30,654976000.0,T
015253,ENERGISA S.A.,2024-09-30,727070000.0,T
015423,FICTOR ALIMENTOS S.A. - EM RECUPERAÇÃO JUDICIAL,2024-03-31,22934000.0,T
015423,FICTOR ALIMENTOS S.A. - EM RECUPERAÇÃO JUDICIAL,2024-06-30,-682000.0,T
015423,FICTOR ALIMENTOS S.A. - EM RECUPERAÇÃO JUDICIAL,2024-09-30,-547000.0,T
015458,EMBPAR PARTICIPAÇÕES S/A,2024-03-31,407000.0,T
015458,EMBPAR PARTICIPAÇÕES S/A,2024-06-30,48000.0,T
015458,EMBPAR PARTICIPAÇÕES S/A,2024-09-30,-22000.0,T
015539,NEOENERGIA S.A.,2024-03-31,1146000000.0,T
015539,NEOENERGIA S.A.,2024-06-30,856000000.0,T
015539,NEOENERGIA S.A.,2024-09-30,847000000.0,T
016101,GAFISA S.A.,2024-03-31,19836000.0,T
016101,GAFISA S.A.,2024-06-30,4728000.0,T
016101,GAFISA S.A.,2024-09-30,-67025000.0,T
016292,BRF S.A.,2024-03-31,593744000.0,T
016292,BRF S.A.,2024-06-30,1093892000.0,T
016292,BRF S.A.,2024-09-30,1136541000.0,T
016306,ROSSI RESIDENCIAL S.A. - EM RECUPERAÇÃO JUDICIAL,2024-03-31,-25385000.0,T
016306,ROSSI RESIDENCIAL S.A. - EM RECUPERAÇÃO JUDICIAL,2024-06-30,-28952000.0,T
016306,ROSSI RESIDENCIAL S.A. - EM RECUPERAÇÃO JUDICIAL,2024-09-30,-64975000.0,T
016438,SUL 116 PARTICIPAÇÕES S.A. - EM LIQUIDAÇÃO,2024-03-31,-166000.0,T
016438,SUL 116 PARTICIPAÇÕES S.A. - EM LIQUIDAÇÃO,2024-06-30,-228000.0,T
016438,SUL 116 PARTICIPAÇÕES S.A. - EM LIQUIDAÇÃO,2024-09-30,-89000.0,T
016632,DEXXOS PARTICIPAÇÕES S.A.,2024-03-31,45845000.0,T
016632,DEXXOS PARTICIPAÇÕES S.A.,2024-06-30,33721000.0,T
016632,DEXXOS PARTICIPAÇÕES S.A.,2024-09-30,38456000.0,T
016659,PORTO SEGURO S.A.,2024-03-31,661634000.0,T
016659,PORTO SEGURO S.A.,2024-06-30,594814000.0,T
016659,PORTO SEGURO S.A.,2024-09-30,750915000.0,T
016675,CEL PARTICIPAÇÕES S.A. - CELPAR,2024-03-31,216844.0,T
016675,CEL PARTICIPAÇÕES S.A. - CELPAR,2024-06-30,276765.0,T
016675,CEL PARTICIPAÇÕES S.A. - CELPAR,2024-09-30,101820.0,T
016705,YBYRÁ CAPITAL S.A.,2024-03-31,-18313.0,T
016705,YBYRÁ CAPITAL S.A.,2024-06-30,-216043.0,T
016705,YBYRÁ CAPITAL S.A.,2024-09-30,-34.0,T
016993,EMAE - EMPRESA METROP. DE AGUAS E ENERGIA S.A.,2024-03-31,22495000.0,T
016993,EMAE - EMPRESA METROP. DE AGUAS E ENERGIA S.A.,2024-06-30,31532000.0,T
016993,EMAE - EMPRESA METROP. DE AGUAS E ENERGIA S.A.,2024-09-30,37693000.0,T
017329,ENGIE BRASIL ENERGIA S.A.,2024-03-31,1684362000.0,T
017329,ENGIE BRASIL ENERGIA S.A.,2024-06-30,870937000.0,T
017329,ENGIE BRASIL ENERGIA S.A.,2024-09-30,657798000.0,T
017450,RUMO S.A.,2024-03-31,368338000.0,T
017450,RUMO S.A.,2024-06-30,-1742596000.0,T
017450,RUMO S.A.,2024-09-30,684453000.0,T
017671,TELEFÔNICA BRASIL S.A,2024-03-31,896109000.0,T
017671,TELEFÔNICA BRASIL S.A,2024-06-30,1231509000.0,T
017671,TELEFÔNICA BRASIL S.A,2024-09-30,1668069000.0,T
017868,INEPAR EQUIPAMENTOS E MONTAGENS S/A - EM RECUPERACAO JUDICIA,2024-03-31,-1026000.0,T
017868,INEPAR EQUIPAMENTOS E MONTAGENS S/A - EM RECUPERACAO JUDICIA,2024-06-30,-1158000.0,T
017868,INEPAR EQUIPAMENTOS E MONTAGENS S/A - EM RECUPERACAO JUDICIA,2024-09-30,-1110000.0,T
017892,SANTOS BRASIL PARTICIPACOES S.A.,2024-03-31,147773000.0,T
017892,SANTOS BRASIL PARTICIPACOES S.A.,2024-06-30,171739000.0,T
017892,SANTOS BRASIL PARTICIPACOES S.A.,2024-09-30,216157000.0,T
017922,BRAZILIAN FINANCE E REAL ESTATE S.A.,2024-03-31,3058000.0,T
017922,BRAZILIAN FINANCE E REAL ESTATE S.A.,2024-06-30,4240000.0,T
017973,COGNA EDUCAÇÃO S.A.,2024-03-31,-3643000.0,T
017973,COGNA EDUCAÇÃO S.A.,2024-06-30,-23657000.0,T
017973,COGNA EDUCAÇÃO S.A.,2024-09-30,-46863000.0,T
018368,RIO PARANAPANEMA ENERGIA S.A.,2024-03-31,0.0,T
018368,RIO PARANAPANEMA ENERGIA S.A.,2024-06-30,0.0,T
018368,RIO PARANAPANEMA ENERGIA S.A.,2024-09-30,0.0,T
018376,ISA ENERGIA BRASIL,2024-03-31,655915000.0,T
018376,ISA ENERGIA BRASIL,2024-06-30,550502000.0,T
018376,ISA ENERGIA BRASIL,2024-09-30,1121345000.0,T
018414,PADTEC HOLDING S.A.,2024-03-31,-14542000.0,T
018414,PADTEC HOLDING S.A.,2024-06-30,-3493000.0,T
018414,PADTEC HOLDING S.A.,2024-09-30,-3440000.0,T
018465,ULTRAPAR PARTICIPACOES S.A.,2024-03-31,455446000.0,T
018465,ULTRAPAR PARTICIPACOES S.A.,2024-06-30,491213000.0,T
018465,ULTRAPAR PARTICIPACOES S.A.,2024-09-30,698422000.0,T
018660,CPFL ENERGIA S.A.,2024-03-31,1755102000.0,T
018660,CPFL ENERGIA S.A.,2024-06-30,1100307000.0,T
018660,CPFL ENERGIA S.A.,2024-09-30,1331831000.0,T
018708,CIA PARTICIPACOES ALIANCA DA BAHIA,2024-03-31,7975000.0,T
018708,CIA PARTICIPACOES ALIANCA DA BAHIA,2024-06-30,7392000.0,T
018708,CIA PARTICIPACOES ALIANCA DA BAHIA,2024-09-30,14284000.0,T
018775,INVESTIMENTOS E PARTICIP. EM INFRA S.A. - INVEPAR,2024-03-31,-144510000.0,T
018775,INVESTIMENTOS E PARTICIP. EM INFRA S.A. - INVEPAR,2024-06-30,32766000.0,T
018775,INVESTIMENTOS E PARTICIP. EM INFRA S.A. - INVEPAR,2024-09-30,-755647000.0,T
018821,MOTIVA INFRAESTRUTURA DE MOBILIDADE S.A.,2024-03-31,337920000.0,T
018821,MOTIVA INFRAESTRUTURA DE MOBILIDADE S.A.,2024-06-30,285389000.0,T
018821,MOTIVA INFRAESTRUTURA DE MOBILIDADE S.A.,2024-09-30,458370000.0,T
018953,CPFL GERACAO DE ENERGIA S.A.,2024-03-31,453343000.0,T
018953,CPFL GERACAO DE ENERGIA S.A.,2024-06-30,432186000.0,T
018953,CPFL GERACAO DE ENERGIA S.A.,2024-09-30,665003000.0,T
019100,CONTAX PARTICIPAÇÕES S.A. - EM RECUPERAÇÃO JUDICIAL,2024-03-31,-21390000.0,T
019100,CONTAX PARTICIPAÇÕES S.A. - EM RECUPERAÇÃO JUDICIAL,2024-06-30,-24774000.0,T
019100,CONTAX PARTICIPAÇÕES S.A. - EM RECUPERAÇÃO JUDICIAL,2024-09-30,-25774000.0,T
019232,PRODUTORES ENERGET.DE MANSO S.A.- PROMAN,2024-03-31,50000.0,T
019232,PRODUTORES ENERGET.DE MANSO S.A.- PROMAN,2024-06-30,55000.0,T
019232,PRODUTORES ENERGET.DE MANSO S.A.- PROMAN,2024-09-30,51000.0,T
019305,BIOMM S.A.,2024-03-31,-17082000.0,T
019305,BIOMM S.A.,2024-06-30,-18279000.0,T
019305,BIOMM S.A.,2024-09-30,-16284000.0,T
019330,TPI - TRIUNFO PARTICIP. E INVEST. S.A.,2024-03-31,6971000.0,T
019330,TPI - TRIUNFO PARTICIP. E INVEST. S.A.,2024-06-30,25921000.0,T
019330,TPI - TRIUNFO PARTICIP. E INVEST. S.A.,2024-09-30,12668000.0,T
019348,ITAU UNIBANCO HOLDING S.A.,2024-03-31,10040000000.0,T
019348,ITAU UNIBANCO HOLDING S.A.,2024-06-30,10370000000.0,T
019348,ITAU UNIBANCO HOLDING S.A.,2024-09-30,10595000000.0,T
019445,CIA SANEAMENTO DE MINAS GERAIS-COPASA MG,2024-03-31,351550000.0,T
019445,CIA SANEAMENTO DE MINAS GERAIS-COPASA MG,2024-06-30,325173000.0,T
019445,CIA SANEAMENTO DE MINAS GERAIS-COPASA MG,2024-09-30,368267000.0,T
019453,ECORODOVIAS INFRAESTRUTURA E LOGÍSTICA S.A.,2024-03-31,237562000.0,T
019453,ECORODOVIAS INFRAESTRUTURA E LOGÍSTICA S.A.,2024-06-30,272512000.0,T
019453,ECORODOVIAS INFRAESTRUTURA E LOGÍSTICA S.A.,2024-09-30,264572000.0,T
019550,NATURA COSMÉTICOS S.A.,2024-03-31,-61607000.0,T
019550,NATURA COSMÉTICOS S.A.,2024-06-30,611887000.0,T
019550,NATURA COSMÉTICOS S.A.,2024-09-30,134649000.0,T
019569,GOL LINHAS AEREAS INTELIGENTES S.A.,2024-03-31,3787478000.0,T
019569,GOL LINHAS AEREAS INTELIGENTES S.A.,2024-06-30,-3908296000.0,T
019569,GOL LINHAS AEREAS INTELIGENTES S.A.,2024-09-30,-830233000.0,T
019615,GRENDENE S.A.,2024-03-31,139691000.0,T
019615,GRENDENE S.A.,2024-06-30,41647000.0,T
019615,GRENDENE S.A.,2024-09-30,223515000.0,T
019623,DIAGNOSTICOS DA AMERICA S.A.,2024-03-31,-174128000.0,T
019623,DIAGNOSTICOS DA AMERICA S.A.,2024-06-30,-100877000.0,T
019623,DIAGNOSTICOS DA AMERICA S.A.,2024-09-30,-86871000.0,T
019739,LOCALIZA RENT A CAR S.A.,2024-03-31,733472000.0,T
019739,LOCALIZA RENT A CAR S.A.,2024-06-30,-569602000.0,T
019739,LOCALIZA RENT A CAR S.A.,2024-09-30,812112000.0,T
019763,EDP - ENERGIAS DO BRASIL S.A.,2024-03-31,748749000.0,T
019763,EDP - ENERGIAS DO BRASIL S.A.,2024-06-30,229046000.0,T
019763,EDP - ENERGIAS DO BRASIL S.A.,2024-09-30,751789000.0,T
019771,ARTERIS S.A.,2024-03-31,311917000.0,T
019771,ARTERIS S.A.,2024-06-30,32865000.0,T
019771,ARTERIS S.A.,2024-09-30,-56922000.0,T
019836,COSAN S.A.,2024-03-31,263544000.0,T
019836,COSAN S.A.,2024-06-30,-969485000.0,T
019836,COSAN S.A.,2024-09-30,1026774000.0,T
019879,LIGHT S.A. - EM RECUPERAÇÃO JUDICIAL,2024-03-31,-357343000.0,T
019879,LIGHT S.A. - EM RECUPERAÇÃO JUDICIAL,2024-06-30,-51599000.0,T
019879,LIGHT S.A. - EM RECUPERAÇÃO JUDICIAL,2024-09-30,157549000.0,T
019909,BR MALLS PARTICIPACOES S.A.,2024-03-31,115670000.0,T
019909,BR MALLS PARTICIPACOES S.A.,2024-06-30,250245000.0,T
019909,BR MALLS PARTICIPACOES S.A.,2024-09-30,143514000.0,T
019992,TOTVS S.A.,2024-03-31,129371000.0,T
019992,TOTVS S.A.,2024-06-30,120705000.0,T
019992,TOTVS S.A.,2024-09-30,295844000.0,T
020010,EQUATORIAL S.A.,2024-03-31,579432000.0,T
020010,EQUATORIAL S.A.,2024-06-30,695095000.0,T
020010,EQUATORIAL S.A.,2024-09-30,990474000.0,T
020028,VALID SOLUÇÕES S.A.,2024-03-31,146638000.0,T
020028,VALID SOLUÇÕES S.A.,2024-06-30,79619000.0,T
020028,VALID SOLUÇÕES S.A.,2024-09-30,91438000.0,T
020036,BRASILAGRO - CIA BRAS DE PROP AGRICOLAS,2024-03-31,-30147000.0,T
020036,BRASILAGRO - CIA BRAS DE PROP AGRICOLAS,2024-09-30,97457000.0,T
020036,BRASILAGRO - CIA BRAS DE PROP AGRICOLAS,2024-12-31,-19625000.0,T
020044,CSU DIGITAL S.A.,2024-03-31,24232000.0,T
020044,CSU DIGITAL S.A.,2024-06-30,22455000.0,T
020044,CSU DIGITAL S.A.,2024-09-30,22150000.0,T
020060,LUPATECH S.A,2024-03-31,-7399000.0,T
020060,LUPATECH S.A,2024-06-30,-23259000.0,T
020060,LUPATECH S.A,2024-09-30,-9821000.0,T
020087,EMBRAER S.A.,2024-03-31,161472000.0,T
020087,EMBRAER S.A.,2024-06-30,537057000.0,T
020087,EMBRAER S.A.,2024-09-30,1007257000.0,T
020125,BRADSAÚDE S.A.,2024-03-31,146689000.0,T
020125,BRADSAÚDE S.A.,2024-06-30,130010000.0,T
020125,BRADSAÚDE S.A.,2024-09-30,147827000.0,T
020257,TRANSMISSORA ALIANÇA DE ENERGIA ELÉTRICA S.A.,2024-03-31,374027000.0,T
020257,TRANSMISSORA ALIANÇA DE ENERGIA ELÉTRICA S.A.,2024-06-30,403139000.0,T
020257,TRANSMISSORA ALIANÇA DE ENERGIA ELÉTRICA S.A.,2024-09-30,409282000.0,T
020320,CEMIG GERACAO E TRANSMISSAO S.A.,2024-03-31,493806000.0,T
020320,CEMIG GERACAO E TRANSMISSAO S.A.,2024-06-30,327923000.0,T
020320,CEMIG GERACAO E TRANSMISSAO S.A.,2024-09-30,2629377000.0,T
020338,M.DIAS BRANCO S.A. IND COM DE ALIMENTOS,2024-03-31,154941000.0,T
020338,M.DIAS BRANCO S.A. IND COM DE ALIMENTOS,2024-06-30,189918000.0,T
020338,M.DIAS BRANCO S.A. IND COM DE ALIMENTOS,2024-09-30,124592000.0,T
020346,PROFARMA DISTRIB PROD FARMACEUTICOS S.A.,2024-03-31,2024000.0,T
020346,PROFARMA DISTRIB PROD FARMACEUTICOS S.A.,2024-06-30,31889000.0,T
020346,PROFARMA DISTRIB PROD FARMACEUTICOS S.A.,2024-09-30,52279000.0,T
020362,POSITIVO TECNOLOGIA S.A.,2024-03-31,64349000.0,T
020362,POSITIVO TECNOLOGIA S.A.,2024-06-30,4858000.0,T
020362,POSITIVO TECNOLOGIA S.A.,2024-09-30,1728000.0,T
020370,LPS BRASIL - CONSULTORIA DE IMOVEIS S.A.,2024-03-31,6960000.0,T
020370,LPS BRASIL - CONSULTORIA DE IMOVEIS S.A.,2024-06-30,12622000.0,T
020370,LPS BRASIL - CONSULTORIA DE IMOVEIS S.A.,2024-09-30,8313000.0,T
020435,TECNISA S.A.,2024-03-31,-20778000.0,T
020435,TECNISA S.A.,2024-06-30,-33473000.0,T
020435,TECNISA S.A.,2024-09-30,-42877000.0,T
020451,RNI NEGÓCIOS IMOBILIÁRIOS S.A.,2024-03-31,-50038000.0,T
020451,RNI NEGÓCIOS IMOBILIÁRIOS S.A.,2024-06-30,-24808000.0,T
020451,RNI NEGÓCIOS IMOBILIÁRIOS S.A.,2024-09-30,-9440000.0,T
020478,PDG REALTY S.A. EMPREEND E PARTICIPACOES,2024-03-31,-71447000.0,T
020478,PDG REALTY S.A. EMPREEND E PARTICIPACOES,2024-06-30,-67525000.0,T
020478,PDG REALTY S.A. EMPREEND E PARTICIPACOES,2024-09-30,-274537000.0,T
020494,IGUATEMI EMPRESA DE SHOPPING CENTERS S.A,2024-03-31,85383000.0,T
020494,IGUATEMI EMPRESA DE SHOPPING CENTERS S.A,2024-06-30,76218000.0,T
020494,IGUATEMI EMPRESA DE SHOPPING CENTERS S.A,2024-09-30,96703000.0,T
020516,SAO MARTINHO S.A.,2024-06-30,106320000.0,T
020516,SAO MARTINHO S.A.,2024-09-30,187449000.0,T
020516,SAO MARTINHO S.A.,2024-12-31,157921000.0,T
020524,EVEN CONSTRUTORA E INCORPORADORA S.A.,2024-03-31,94503000.0,T
020524,EVEN CONSTRUTORA E INCORPORADORA S.A.,2024-06-30,101896000.0,T
020524,EVEN CONSTRUTORA E INCORPORADORA S.A.,2024-09-30,-34073000.0,T
020532,BCO SANTANDER (BRASIL) S.A.,2024-03-31,3060928000.0,T
020532,BCO SANTANDER (BRASIL) S.A.,2024-06-30,3633428000.0,T
020532,BCO SANTANDER (BRASIL) S.A.,2024-09-30,3649544000.0,T
020540,CPFL ENERGIAS RENOVÁVEIS S.A.,2024-03-31,204435000.0,T
020540,CPFL ENERGIAS RENOVÁVEIS S.A.,2024-06-30,224594000.0,T
020540,CPFL ENERGIAS RENOVÁVEIS S.A.,2024-09-30,447174000.0,T
020567,BCO PINE S.A,2024-03-31,53135000.0,T
020567,BCO PINE S.A,2024-06-30,76403.0,T
020567,BCO PINE S.A,2024-09-30,68078.0,T
020575,JBS S.A.,2024-03-31,1807124000.0,T
020575,JBS S.A.,2024-06-30,2023046000.0,T
020575,JBS S.A.,2024-09-30,4195677000.0,T
020605,JHSF PARTICIPACOES S.A.,2024-03-31,143217000.0,T
020605,JHSF PARTICIPACOES S.A.,2024-06-30,167518000.0,T
020605,JHSF PARTICIPACOES S.A.,2024-09-30,139966000.0,T
020613,METALFRIO SOLUTIONS S.A.,2024-03-31,1074000.0,T
020613,METALFRIO SOLUTIONS S.A.,2024-06-30,-9831000.0,T
020613,METALFRIO SOLUTIONS S.A.,2024-09-30,824000.0,T
020630,FICA EMPREENDIMENTOS IMOBILIÁRIOS S.A.,2024-03-31,-1469000.0,T
020630,FICA EMPREENDIMENTOS IMOBILIÁRIOS S.A.,2024-06-30,-1750000.0,T
020630,FICA EMPREENDIMENTOS IMOBILIÁRIOS S.A.,2024-09-30,-813000.0,T
020702,VIVER INCORPORADORA E CONSTRUTORA S.A.,2024-03-31,-19115000.0,T
020702,VIVER INCORPORADORA E CONSTRUTORA S.A.,2024-06-30,-14366000.0,T
020702,VIVER INCORPORADORA E CONSTRUTORA S.A.,2024-09-30,-10526000.0,T
020710,LOG-IN LOGISTICA INTERMODAL S.A.,2024-03-31,8314000.0,T
020710,LOG-IN LOGISTICA INTERMODAL S.A.,2024-06-30,7435000.0,T
020710,LOG-IN LOGISTICA INTERMODAL S.A.,2024-09-30,-13335000.0,T
020745,SLC AGRICOLA S.A.,2024-03-31,228943000.0,T
020745,SLC AGRICOLA S.A.,2024-06-30,321412000.0,T
020745,SLC AGRICOLA S.A.,2024-09-30,-17282000.0,T
020770,EZ TEC EMPREEND. E PARTICIPACOES S.A.,2024-03-31,56247000.0,T
020770,EZ TEC EMPREEND. E PARTICIPACOES S.A.,2024-06-30,92324000.0,T
020770,EZ TEC EMPREEND. E PARTICIPACOES S.A.,2024-09-30,148975000.0,T
020788,MARFRIG GLOBAL FOODS S.A.,2024-03-31,167986000.0,T
020788,MARFRIG GLOBAL FOODS S.A.,2024-06-30,502490000.0,T
020788,MARFRIG GLOBAL FOODS S.A.,2024-09-30,480990000.0,T
020796,BCO DAYCOVAL S.A.,2024-03-31,375936000.0,T
020796,BCO DAYCOVAL S.A.,2024-06-30,433408000.0,T
020796,BCO DAYCOVAL S.A.,2024-09-30,452145000.0,T
020800,TEGMA GESTAO LOGISTICA S.A.,2024-03-31,37515000.0,T
020800,TEGMA GESTAO LOGISTICA S.A.,2024-06-30,63515000.0,T
020800,TEGMA GESTAO LOGISTICA S.A.,2024-09-30,84445000.0,T
020818,VIRGO COMPANHIA DE SECURITIZAÇÃO,2024-03-31,4597000.0,T
020818,VIRGO COMPANHIA DE SECURITIZAÇÃO,2024-06-30,7129000.0,T
020818,VIRGO COMPANHIA DE SECURITIZAÇÃO,2024-09-30,5537000.0,T
020877,HELBOR EMPREENDIMENTOS S.A.,2024-03-31,33166000.0,T
020877,HELBOR EMPREENDIMENTOS S.A.,2024-06-30,31425000.0,T
020877,HELBOR EMPREENDIMENTOS S.A.,2024-09-30,35628000.0,T
020915,MRV ENGENHARIA E PARTICIPACOES S.A.,2024-03-31,-167635000.0,T
020915,MRV ENGENHARIA E PARTICIPACOES S.A.,2024-06-30,-69060000.0,T
020915,MRV ENGENHARIA E PARTICIPACOES S.A.,2024-09-30,-3377000.0,T
020931,MINERVA S.A.,2024-03-31,-186151000.0,T
020931,MINERVA S.A.,2024-06-30,95438000.0,T
020931,MINERVA S.A.,2024-09-30,94095000.0,T
020966,SPRINGS GLOBAL PARTICIPACOES S.A.,2024-03-31,-168379000.0,T
020966,SPRINGS GLOBAL PARTICIPACOES S.A.,2024-06-30,-168165000.0,T
020966,SPRINGS GLOBAL PARTICIPACOES S.A.,2024-09-30,-67399000.0,T
020982,MULTIPLAN - EMPREEND IMOBILIARIOS S.A.,2024-03-31,267067000.0,T
020982,MULTIPLAN - EMPREEND IMOBILIARIOS S.A.,2024-06-30,281776000.0,T
020982,MULTIPLAN - EMPREEND IMOBILIARIOS S.A.,2024-09-30,279613000.0,T
020990,AMERICANAS S.A. - EM RECUPERAÇÃO JUDICIAL,2024-03-31,453000000.0,T
020990,AMERICANAS S.A. - EM RECUPERAÇÃO JUDICIAL,2024-06-30,-1865000000.0,T
020990,AMERICANAS S.A. - EM RECUPERAÇÃO JUDICIAL,2024-09-30,10279000000.0,T
021008,GENERAL SHOPPING E OUTLETS DO BRASIL BRASIL S.A.,2024-03-31,-104291000.0,T
021008,GENERAL SHOPPING E OUTLETS DO BRASIL BRASIL S.A.,2024-06-30,-240848000.0,T
021008,GENERAL SHOPPING E OUTLETS DO BRASIL BRASIL S.A.,2024-09-30,2628000.0,T
021016,YDUQS PARTICIPACOES S.A.,2024-03-31,150715000.0,T
021016,YDUQS PARTICIPACOES S.A.,2024-06-30,24822000.0,T
021016,YDUQS PARTICIPACOES S.A.,2024-09-30,151907000.0,T
021032,ALGAR TELECOM S/A,2024-03-31,-57692000.0,T
021032,ALGAR TELECOM S/A,2024-06-30,-28230000.0,T
021032,ALGAR TELECOM S/A,2024-09-30,-69818000.0,T
021040,SYN PROP & TECH S.A.,2024-03-31,12865000.0,T
021040,SYN PROP & TECH S.A.,2024-06-30,566444000.0,T
021040,SYN PROP & TECH S.A.,2024-09-30,36422000.0,T
021067,MOURA DUBEUX ENGENHARIA S/A,2024-03-31,42156000.0,T
021067,MOURA DUBEUX ENGENHARIA S/A,2024-06-30,74906000.0,T
021067,MOURA DUBEUX ENGENHARIA S/A,2024-09-30,89030000.0,T
021091,DEXCO S.A.,2024-03-31,-35102000.0,T
021091,DEXCO S.A.,2024-06-30,94492000.0,T
021091,DEXCO S.A.,2024-09-30,92620000.0,T
021130,TRISUL S.A.,2024-03-31,31083000.0,T
021130,TRISUL S.A.,2024-06-30,31019000.0,T
021130,TRISUL S.A.,2024-09-30,39450000.0,T
021148,CONSTRUTORA TENDA S.A.,2024-03-31,10107000.0,T
021148,CONSTRUTORA TENDA S.A.,2024-06-30,-4681000.0,T
021148,CONSTRUTORA TENDA S.A.,2024-09-30,74416000.0,T
021156,J. MACEDO S.A.,2024-03-31,98793000.0,T
021156,J. MACEDO S.A.,2024-06-30,91049000.0,T
021156,J. MACEDO S.A.,2024-09-30,68140000.0,T
021180,NEXPE PARTICIPAÇÕES S.A,2024-03-31,-12459000.0,T
021180,NEXPE PARTICIPAÇÕES S.A,2024-06-30,11064000.0,T
021180,NEXPE PARTICIPAÇÕES S.A,2024-09-30,-7550000.0,T
021199,BCO PAN S.A.,2024-03-31,152811000.0,T
021199,BCO PAN S.A.,2024-06-30,156854000.0,T
021199,BCO PAN S.A.,2024-09-30,170456000.0,T
021202,VIX LOGÍSTICA S.A.,2024-03-31,28738000.0,T
021202,VIX LOGÍSTICA S.A.,2024-06-30,33102000.0,T
021202,VIX LOGÍSTICA S.A.,2024-09-30,37640000.0,T
021237,ENEVA S.A,2024-03-31,66703000.0,T
021237,ENEVA S.A,2024-06-30,1186930000.0,T
021237,ENEVA S.A,2024-09-30,245423000.0,T
021334,NUTRIPLANT INDUSTRIA E COMERCIO S.A.,2024-03-31,2192000.0,T
021334,NUTRIPLANT INDUSTRIA E COMERCIO S.A.,2024-06-30,508000.0,T
021334,NUTRIPLANT INDUSTRIA E COMERCIO S.A.,2024-09-30,2946000.0,T
021342,OSX BRASIL S.A. - EM RECUPERAÇÃO JUDICIAL,2024-03-31,-195927000.0,T
021342,OSX BRASIL S.A. - EM RECUPERAÇÃO JUDICIAL,2024-06-30,-286519000.0,T
021342,OSX BRASIL S.A. - EM RECUPERAÇÃO JUDICIAL,2024-09-30,-175725000.0,T
021350,DIRECIONAL ENGENHARIA S.A.,2024-03-31,168997000.0,T
021350,DIRECIONAL ENGENHARIA S.A.,2024-06-30,169912000.0,T
021350,DIRECIONAL ENGENHARIA S.A.,2024-09-30,184690000.0,T
021393,CIA CELG DE PARTICIPACOES - CELGPAR,2024-03-31,10938000.0,T
021393,CIA CELG DE PARTICIPACOES - CELGPAR,2024-06-30,9301000.0,T
021393,CIA CELG DE PARTICIPACOES - CELGPAR,2024-09-30,2172000.0,T
021431,HYPERA S.A.,2024-03-31,388914000.0,T
021431,HYPERA S.A.,2024-06-30,492480000.0,T
021431,HYPERA S.A.,2024-09-30,370523000.0,T
021440,VESTE S.A. ESTILO,2024-03-31,-5279000.0,T
021440,VESTE S.A. ESTILO,2024-06-30,5696000.0,T
021440,VESTE S.A. ESTILO,2024-09-30,-11790000.0,T
021466,BANCO RCI BRASIL S.A.,2024-03-31,52386000.0,T
021466,BANCO RCI BRASIL S.A.,2024-06-30,23156000.0,T
021466,BANCO RCI BRASIL S.A.,2024-09-30,355091000.0,T
021490,ALUPAR INVESTIMENTO S/A,2024-03-31,402838000.0,T
021490,ALUPAR INVESTIMENTO S/A,2024-06-30,393417000.0,T
021490,ALUPAR INVESTIMENTO S/A,2024-09-30,645379000.0,T
021520,MULTINER S/A,2024-03-31,10885000.0,T
021520,MULTINER S/A,2024-06-30,4225.0,T
021520,MULTINER S/A,2024-09-30,102330.0,T
021610,"B3 S.A. - BRASIL, BOLSA, BALCÃO",2024-03-31,949569000.0,T
021610,"B3 S.A. - BRASIL, BOLSA, BALCÃO",2024-06-30,1244043000.0,T
021610,"B3 S.A. - BRASIL, BOLSA, BALCÃO",2024-09-30,1204533000.0,T
021636,RENOVA ENERGIA S.A.,2024-03-31,-61916000.0,T
021636,RENOVA ENERGIA S.A.,2024-06-30,13843000.0,T
021636,RENOVA ENERGIA S.A.,2024-09-30,-1347000.0,T
021733,CIELO S.A. -  INSTITUIÇÃO DE PAGAMENTO,2024-03-31,578826000.0,T
021733,CIELO S.A. -  INSTITUIÇÃO DE PAGAMENTO,2024-06-30,460084000.0,T
021733,CIELO S.A. -  INSTITUIÇÃO DE PAGAMENTO,2024-09-30,244388000.0,T
021881,FLEURY S.A.,2024-03-31,168314000.0,T
021881,FLEURY S.A.,2024-06-30,172163000.0,T
021881,FLEURY S.A.,2024-09-30,186692000.0,T
021903,ECORODOVIAS CONCESSÕES E SERVIÇOS S.A.,2024-03-31,266573000.0,T
021903,ECORODOVIAS CONCESSÕES E SERVIÇOS S.A.,2024-06-30,279909000.0,T
021903,ECORODOVIAS CONCESSÕES E SERVIÇOS S.A.,2024-09-30,289829000.0,T
022012,"MILLS LOCAÇÃO, SERVIÇOS E LOGÍSTICA S.A.",2024-03-31,67695000.0,T
022012,"MILLS LOCAÇÃO, SERVIÇOS E LOGÍSTICA S.A.",2024-06-30,70978000.0,T
022012,"MILLS LOCAÇÃO, SERVIÇOS E LOGÍSTICA S.A.",2024-09-30,70787000.0,T
022020,JSL S.A.,2024-03-31,33571000.0,T
022020,JSL S.A.,2024-06-30,107198000.0,T
022020,JSL S.A.,2024-09-30,43834000.0,T
022055,MARISA LOJAS S.A.,2024-03-31,-148310000.0,T
022055,MARISA LOJAS S.A.,2024-06-30,-102032000.0,T
022055,MARISA LOJAS S.A.,2024-09-30,-71223000.0,T
022187,PRIO S.A.,2024-03-31,1045553000.0,T
022187,PRIO S.A.,2024-06-30,1420009000.0,T
022187,PRIO S.A.,2024-09-30,887149000.0,T
022217,ALPER CONSULTORIA E CORRETORA DE SEGUROS S.A.,2024-03-31,-22241000.0,T
022217,ALPER CONSULTORIA E CORRETORA DE SEGUROS S.A.,2024-06-30,1988000.0,T
022349,AZZAS 2154 S.A.,2024-03-31,71562000.0,T
022349,AZZAS 2154 S.A.,2024-06-30,127910000.0,T
022349,AZZAS 2154 S.A.,2024-09-30,206978000.0,T
022357,ALLOS S.A.,2024-03-31,127373000.0,T
022357,ALLOS S.A.,2024-06-30,348404000.0,T
022357,ALLOS S.A.,2024-09-30,135069000.0,T
022365,ENAUTA PARTICIPAÇÕES S.A.,2024-03-31,209191000.0,T
022365,ENAUTA PARTICIPAÇÕES S.A.,2024-06-30,-219076000.0,T
022365,ENAUTA PARTICIPAÇÕES S.A.,2024-09-30,504643000.0,T
022454,T4F ENTRETENIMENTO S.A.,2024-03-31,-3266000.0,T
022454,T4F ENTRETENIMENTO S.A.,2024-06-30,-24909000.0,T
022454,T4F ENTRETENIMENTO S.A.,2024-09-30,-15052000.0,T
022470,MAGAZINE LUIZA S.A.,2024-03-31,27925000.0,T
022470,MAGAZINE LUIZA S.A.,2024-06-30,23608000.0,T
022470,MAGAZINE LUIZA S.A.,2024-09-30,102363000.0,T
022497,QUALICORP CONSULTORIA E CORRETORA DE SEGUROS S.A.,2024-03-31,18431000.0,T
022497,QUALICORP CONSULTORIA E CORRETORA DE SEGUROS S.A.,2024-06-30,15109000.0,T
022497,QUALICORP CONSULTORIA E CORRETORA DE SEGUROS S.A.,2024-09-30,12904000.0,T
022519,TECHNOS S.A.,2024-03-31,5871000.0,T
022519,TECHNOS S.A.,2024-06-30,20070000.0,T
022519,TECHNOS S.A.,2024-09-30,12881000.0,T
022560,INBRANDS S.A.,2024-03-31,-25569000.0,T
022560,INBRANDS S.A.,2024-06-30,-14555000.0,T
022560,INBRANDS S.A.,2024-09-30,-5628000.0,T
022586,MLOG S.A.,2024-03-31,-2647000.0,T
022586,MLOG S.A.,2024-06-30,-23817000.0,T
022586,MLOG S.A.,2024-09-30,4563000.0,T
022594,STATKRAFT ENERGIAS RENOVAVEIS S.A.,2024-03-31,60136000.0,T
022594,STATKRAFT ENERGIAS RENOVAVEIS S.A.,2024-06-30,22397000.0,T
022594,STATKRAFT ENERGIAS RENOVAVEIS S.A.,2024-09-30,143134000.0,T
022608,EMPREENDIMENTOS PAGUE MENOS S.A.,2024-03-31,-36973000.0,T
022608,EMPREENDIMENTOS PAGUE MENOS S.A.,2024-06-30,32531000.0,T
022608,EMPREENDIMENTOS PAGUE MENOS S.A.,2024-09-30,40970000.0,T
022616,BCO BTG PACTUAL S.A.,2024-03-31,2619138000.0,T
022616,BCO BTG PACTUAL S.A.,2024-06-30,2743554000.0,T
022616,BCO BTG PACTUAL S.A.,2024-09-30,3111294000.0,T
022675,HIDROVIAS DO BRASIL S.A.,2024-03-31,-70857000.0,T
022675,HIDROVIAS DO BRASIL S.A.,2024-06-30,-56202000.0,T
022675,HIDROVIAS DO BRASIL S.A.,2024-09-30,-48636000.0,T
022691,COMPANHIA DE LOCAÇÃO DAS AMÉRICAS,2024-03-31,359643000.0,T
022691,COMPANHIA DE LOCAÇÃO DAS AMÉRICAS,2024-06-30,-63770000.0,T
022691,COMPANHIA DE LOCAÇÃO DAS AMÉRICAS,2024-09-30,288006000.0,T
022780,UNICASA INDÚSTRIA DE MÓVEIS S.A.,2024-03-31,2803000.0,T
022780,UNICASA INDÚSTRIA DE MÓVEIS S.A.,2024-06-30,3230000.0,T
022780,UNICASA INDÚSTRIA DE MÓVEIS S.A.,2024-09-30,191000.0,T
022810,ELDORADO BRASIL CELULOSE S.A.,2024-03-31,306054000.0,T
022810,ELDORADO BRASIL CELULOSE S.A.,2024-06-30,78040000.0,T
022810,ELDORADO BRASIL CELULOSE S.A.,2024-09-30,394535000.0,T
023000,LIGHT ENERGIA S.A.,2024-03-31,105622000.0,T
023000,LIGHT ENERGIA S.A.,2024-06-30,-109376000.0,T
023000,LIGHT ENERGIA S.A.,2024-09-30,84724000.0,T
023159,BB SEGURIDADE PARTICIPAÇÕES S.A.,2024-03-31,2023045000.0,T
023159,BB SEGURIDADE PARTICIPAÇÕES S.A.,2024-06-30,2143345000.0,T
023159,BB SEGURIDADE PARTICIPAÇÕES S.A.,2024-09-30,2251796000.0,T
023175,IGUA SANEAMENTO S.A.,2024-03-31,-106609000.0,T
023175,IGUA SANEAMENTO S.A.,2024-06-30,-118834000.0,T
023175,IGUA SANEAMENTO S.A.,2024-09-30,-65651000.0,T
023221,SER EDUCACIONAL S.A.,2024-03-31,-17524000.0,T
023221,SER EDUCACIONAL S.A.,2024-06-30,48881000.0,T
023221,SER EDUCACIONAL S.A.,2024-09-30,-2311000.0,T
023230,RAIZEN ENERGIA S.A.,2024-06-30,-803129000.0,T
023230,RAIZEN ENERGIA S.A.,2024-09-30,-425134000.0,T
023230,RAIZEN ENERGIA S.A.,2024-12-31,-2671209000.0,T
023248,ANIMA HOLDING S.A.,2024-03-31,97526000.0,T
023248,ANIMA HOLDING S.A.,2024-06-30,4305000.0,T
023248,ANIMA HOLDING S.A.,2024-09-30,53735000.0,T
023264,AMBEV S.A.,2024-03-31,3804182000.0,T
023264,AMBEV S.A.,2024-06-30,2451888000.0,T
023264,AMBEV S.A.,2024-09-30,3566301000.0,T
023272,LOG COMMERCIAL PROPERTIES E PARTICIPAÇÕES,2024-03-31,55300000.0,T
023272,LOG COMMERCIAL PROPERTIES E PARTICIPAÇÕES,2024-06-30,91886000.0,T
023272,LOG COMMERCIAL PROPERTIES E PARTICIPAÇÕES,2024-09-30,97111000.0,T
023280,UNIDAS LOCAÇÕES E SERVIÇOS S.A.,2024-03-31,12227000.0,T
023280,UNIDAS LOCAÇÕES E SERVIÇOS S.A.,2024-06-30,34612000.0,T
023280,UNIDAS LOCAÇÕES E SERVIÇOS S.A.,2024-09-30,22435000.0,T
023302,QUALITY SOFTWARE S.A.,2024-03-31,6294218.0,T
023302,QUALITY SOFTWARE S.A.,2024-06-30,3800858.0,T
023302,QUALITY SOFTWARE S.A.,2024-09-30,4007414.0,T
023310,CVC BRASIL OPERADORA E AGÊNCIA DE VIAGENS S.A.,2024-03-31,-34369000.0,T
023310,CVC BRASIL OPERADORA E AGÊNCIA DE VIAGENS S.A.,2024-06-30,-22174000.0,T
023310,CVC BRASIL OPERADORA E AGÊNCIA DE VIAGENS S.A.,2024-09-30,14435000.0,T
023396,AEGEA SANEAMENTO E PARTICIPAÇÕES S.A.,2024-03-31,394073000.0,T
023396,AEGEA SANEAMENTO E PARTICIPAÇÕES S.A.,2024-06-30,287773000.0,T
023396,AEGEA SANEAMENTO E PARTICIPAÇÕES S.A.,2024-09-30,612695000.0,T
023426,SERENA GERAÇÃO S.A.,2024-03-31,249735.0,T
023426,SERENA GERAÇÃO S.A.,2024-06-30,-46135.0,T
023426,SERENA GERAÇÃO S.A.,2024-09-30,99840.0,T
023507,OUROFINO S.A.,2024-03-31,18399000.0,T
023507,OUROFINO S.A.,2024-06-30,16896000.0,T
023507,OUROFINO S.A.,2024-09-30,41605000.0,T
023531,CLARO TELECOM PARTICIPAÇÕES S.A.,2024-03-31,-219869000.0,T
023531,CLARO TELECOM PARTICIPAÇÕES S.A.,2024-06-30,-1125655000.0,T
023531,CLARO TELECOM PARTICIPAÇÕES S.A.,2024-09-30,726672000.0,T
023574,INTERNATIONAL MEAL COMPANY ALIMENTACAO S.A.,2024-03-31,-27879000.0,T
023574,INTERNATIONAL MEAL COMPANY ALIMENTACAO S.A.,2024-06-30,12198000.0,T
023574,INTERNATIONAL MEAL COMPANY ALIMENTACAO S.A.,2024-09-30,-12814000.0,T
023590,WIZ CO PARTICIPAÇÕES E CORRETAGEM DE SEGUROS S.A.,2024-03-31,67247000.0,T
023590,WIZ CO PARTICIPAÇÕES E CORRETAGEM DE SEGUROS S.A.,2024-06-30,69505000.0,T
023590,WIZ CO PARTICIPAÇÕES E CORRETAGEM DE SEGUROS S.A.,2024-09-30,88463000.0,T
023604,YOU INC INCORPORADORA E PARTICIPAÇÕES S.A,2024-03-31,-12946000.0,T
023604,YOU INC INCORPORADORA E PARTICIPAÇÕES S.A,2024-06-30,21054000.0,T
023604,YOU INC INCORPORADORA E PARTICIPAÇÕES S.A,2024-09-30,7806000.0,T
023620,CBO HOLDING S.A.,2024-03-31,-24763000.0,T
023620,CBO HOLDING S.A.,2024-06-30,7192000.0,T
023620,CBO HOLDING S.A.,2024-09-30,-68849000.0,T
023795,CAIXA SEGURIDADE PARTICIPAÇÕES S.A.,2024-03-31,855709000.0,T
023795,CAIXA SEGURIDADE PARTICIPAÇÕES S.A.,2024-06-30,653763000.0,T
023795,CAIXA SEGURIDADE PARTICIPAÇÕES S.A.,2024-09-30,1088713000.0,T
023817,BRQ SOLUCOES EM INFORMATICA S.A.,2024-03-31,12373000.0,T
023817,BRQ SOLUCOES EM INFORMATICA S.A.,2024-06-30,17587000.0,T
023817,BRQ SOLUCOES EM INFORMATICA S.A.,2024-09-30,21543000.0,T
023825,MOVIDA PARTICIPACOES SA,2024-03-31,48550000.0,T
023825,MOVIDA PARTICIPACOES SA,2024-06-30,42546000.0,T
023825,MOVIDA PARTICIPACOES SA,2024-09-30,78224000.0,T
023930,BRASILIANA PARTICIPAÇÕES S/A,2024-03-31,-2173000.0,T
023930,BRASILIANA PARTICIPAÇÕES S/A,2024-06-30,-2367000.0,T
023930,BRASILIANA PARTICIPAÇÕES S/A,2024-09-30,-2872000.0,T
023957,SUGOI S.A.,2024-03-31,6321000.0,T
023957,SUGOI S.A.,2024-06-30,2406000.0,T
023957,SUGOI S.A.,2024-09-30,-83991000.0,T
023981,CTC - CENTRO DE TECNOLOGIA CANAVIEIRA S.A.,2024-06-30,35777000.0,T
023981,CTC - CENTRO DE TECNOLOGIA CANAVIEIRA S.A.,2024-09-30,48031000.0,T
023981,CTC - CENTRO DE TECNOLOGIA CANAVIEIRA S.A.,2024-12-31,49827000.0,T
024058,ALLIANÇA SAÚDE E PARTICIPAÇÕES S.A.,2024-03-31,-76845000.0,T
024058,ALLIANÇA SAÚDE E PARTICIPAÇÕES S.A.,2024-06-30,3158000.0,T
024058,ALLIANÇA SAÚDE E PARTICIPAÇÕES S.A.,2024-09-30,3916000.0,T
024112,AZUL S.A.,2024-03-31,-1050295000.0,T
024112,AZUL S.A.,2024-06-30,-3809613000.0,T
024112,AZUL S.A.,2024-09-30,121186000.0,T
024120,ARGO ENERGIA EMPREENDIMENTOS E PARTICIPAÇÕES S/A,2024-03-31,194681000.0,T
024120,ARGO ENERGIA EMPREENDIMENTOS E PARTICIPAÇÕES S/A,2024-06-30,175469000.0,T
024120,ARGO ENERGIA EMPREENDIMENTOS E PARTICIPAÇÕES S/A,2024-09-30,177151000.0,T
024171,ATACADÃO S.A.,2024-03-31,93000000.0,T
024171,ATACADÃO S.A.,2024-06-30,391000000.0,T
024171,ATACADÃO S.A.,2024-09-30,277000000.0,T
024180,IRB - BRASIL RESSEGUROS S.A.,2024-03-31,236819000.0,T
024180,IRB - BRASIL RESSEGUROS S.A.,2024-06-30,194106000.0,T
024180,IRB - BRASIL RESSEGUROS S.A.,2024-09-30,192464000.0,T
024228,CAMIL ALIMENTOS S.A.,2024-05-31,78497000.0,T
024228,CAMIL ALIMENTOS S.A.,2024-08-31,118761000.0,T
024228,CAMIL ALIMENTOS S.A.,2024-11-30,44362000.0,T
024236,PRINER SERVIÇOS INDUSTRIAIS S.A.,2024-03-31,2835000.0,T
024236,PRINER SERVIÇOS INDUSTRIAIS S.A.,2024-06-30,-2696000.0,T
024236,PRINER SERVIÇOS INDUSTRIAIS S.A.,2024-09-30,6329000.0,T
024260,SMARTFIT ESCOLA DE GINÁSTICA E DANÇA S.A.,2024-03-31,94486000.0,T
024260,SMARTFIT ESCOLA DE GINÁSTICA E DANÇA S.A.,2024-06-30,94400000.0,T
024260,SMARTFIT ESCOLA DE GINÁSTICA E DANÇA S.A.,2024-09-30,86624000.0,T
024279,INC EMPREENDIMENTOS IMOBILIÁRIOS S.A.,2024-03-31,8324000.0,T
024279,INC EMPREENDIMENTOS IMOBILIÁRIOS S.A.,2024-06-30,16266000.0,T
024279,INC EMPREENDIMENTOS IMOBILIÁRIOS S.A.,2024-09-30,-43231000.0,T
024295,VIBRA ENERGIA S/A,2024-03-31,789000000.0,T
024295,VIBRA ENERGIA S/A,2024-06-30,867000000.0,T
024295,VIBRA ENERGIA S/A,2024-09-30,4201000000.0,T
024317,ZAMP SA,2024-03-31,-90769000.0,T
024317,ZAMP SA,2024-06-30,-27503000.0,T
024317,ZAMP SA,2024-09-30,-32472000.0,T
024392,HAPVIDA PARTICIPAÇÕES E INVESTIMENTOS S.A.,2024-03-31,59194000.0,T
024392,HAPVIDA PARTICIPAÇÕES E INVESTIMENTOS S.A.,2024-06-30,-380723000.0,T
024392,HAPVIDA PARTICIPAÇÕES E INVESTIMENTOS S.A.,2024-09-30,-81467000.0,T
024490,SABER SERVIÇOS EDUCACIONAIS S.A.,2024-03-31,45994000.0,T
024490,SABER SERVIÇOS EDUCACIONAIS S.A.,2024-06-30,-16825000.0,T
024546,PRÁTICA PRODUTOS S.A.,2024-03-31,5253000.0,T
024546,PRÁTICA PRODUTOS S.A.,2024-06-30,4685000.0,T
024546,PRÁTICA PRODUTOS S.A.,2024-09-30,8517000.0,T
024589,ENERGISA TRANSMISSÃO DE ENERGIA S/A,2024-03-31,118299000.0,T
024589,ENERGISA TRANSMISSÃO DE ENERGIA S/A,2024-06-30,102987000.0,T
024589,ENERGISA TRANSMISSÃO DE ENERGIA S/A,2024-09-30,61889000.0,T
024597,CELEO REDES TRANSMISSÃO DE ENERGIA S.A.,2024-03-31,17442000.0,T
024597,CELEO REDES TRANSMISSÃO DE ENERGIA S.A.,2024-06-30,6336000.0,T
024597,CELEO REDES TRANSMISSÃO DE ENERGIA S.A.,2024-09-30,8622000.0,T
024600,BANCO BMG S/A,2024-03-31,102625000.0,T
024600,BANCO BMG S/A,2024-06-30,115484000.0,T
024600,BANCO BMG S/A,2024-09-30,69074000.0,T
024627,BLAU FARMACÊUTICA S.A.,2024-03-31,39671000.0,T
024627,BLAU FARMACÊUTICA S.A.,2024-06-30,47622000.0,T
024627,BLAU FARMACÊUTICA S.A.,2024-09-30,69211000.0,T
024660,BBM LOGÍSTICA S.A.,2024-03-31,-37266000.0,T
024660,BBM LOGÍSTICA S.A.,2024-06-30,-79797000.0,T
024660,BBM LOGÍSTICA S.A.,2024-09-30,-85803000.0,T
024694,GRUPO SBF S.A.,2024-03-31,37888000.0,T
024694,GRUPO SBF S.A.,2024-06-30,228917000.0,T
024694,GRUPO SBF S.A.,2024-09-30,133733000.0,T
024716,"VAMOS LOCAÇÃO DE CAMINHÕES, MÁQUINAS E EQUIPAMENTOS S.A.",2024-03-31,183017000.0,T
024716,"VAMOS LOCAÇÃO DE CAMINHÕES, MÁQUINAS E EQUIPAMENTOS S.A.",2024-06-30,140846000.0,T
024716,"VAMOS LOCAÇÃO DE CAMINHÕES, MÁQUINAS E EQUIPAMENTOS S.A.",2024-09-30,175055000.0,T
024740,COPEL GERAÇÃO E TRANSMISSÃO S.A.,2024-03-31,291784000.0,T
024740,COPEL GERAÇÃO E TRANSMISSÃO S.A.,2024-06-30,349487000.0,T
024740,COPEL GERAÇÃO E TRANSMISSÃO S.A.,2024-09-30,416348000.0,T
024783,NATURA &CO HOLDING S.A.,2024-03-31,-935126000.0,T
024783,NATURA &CO HOLDING S.A.,2024-06-30,-859090000.0,T
024783,NATURA &CO HOLDING S.A.,2024-09-30,-6693422000.0,T
024805,VIVARA PARTICIPAÇÕES S.A.,2024-03-31,35809185.0,T
024805,VIVARA PARTICIPAÇÕES S.A.,2024-06-30,210961496.0,T
024805,VIVARA PARTICIPAÇÕES S.A.,2024-09-30,107165286.0,T
024813,LOCALIZA FLEET S.A.,2024-03-31,178711000.0,T
024813,LOCALIZA FLEET S.A.,2024-06-30,73288000.0,T
024813,LOCALIZA FLEET S.A.,2024-09-30,261571000.0,T
024821,REDE D'OR SÃO LUIZ S.A.,2024-03-31,835481000.0,T
024821,REDE D'OR SÃO LUIZ S.A.,2024-06-30,995545000.0,T
024821,REDE D'OR SÃO LUIZ S.A.,2024-09-30,1168310000.0,T
024830,BRK AMBIENTAL PARTICIPAÇÕES S.A.,2024-03-31,-6010000.0,T
024830,BRK AMBIENTAL PARTICIPAÇÕES S.A.,2024-06-30,20062000.0,T
024830,BRK AMBIENTAL PARTICIPAÇÕES S.A.,2024-09-30,-4611000.0,T
024848,C&A MODAS S.A.,2024-03-31,70854000.0,T
024848,C&A MODAS S.A.,2024-06-30,83860000.0,T
024848,C&A MODAS S.A.,2024-09-30,42819000.0,T
024872,LIFEMED INDUSTRIAL DE EQUIP. E ART. MEDICOS E HOSP. S.A,2024-03-31,-7707000.0,T
024872,LIFEMED INDUSTRIAL DE EQUIP. E ART. MEDICOS E HOSP. S.A,2024-06-30,-9258000.0,T
024872,LIFEMED INDUSTRIAL DE EQUIP. E ART. MEDICOS E HOSP. S.A,2024-09-30,-2426000.0,T
024880,LM TRANSPORTES INTERESTADUAIS SERVIÇOS E COMÉRCIO S.A.,2024-03-31,63717000.0,T
024880,LM TRANSPORTES INTERESTADUAIS SERVIÇOS E COMÉRCIO S.A.,2024-06-30,61059000.0,T
024880,LM TRANSPORTES INTERESTADUAIS SERVIÇOS E COMÉRCIO S.A.,2024-09-30,27181000.0,T
024902,MITRE REALTY EMPREENDIMENTOS E PARTICIPAÇÕES S.A.,2024-03-31,2054000.0,T
024902,MITRE REALTY EMPREENDIMENTOS E PARTICIPAÇÕES S.A.,2024-06-30,18847000.0,T
024902,MITRE REALTY EMPREENDIMENTOS E PARTICIPAÇÕES S.A.,2024-09-30,21728000.0,T
024910,LWSA S/A,2024-03-31,24470000.0,T
024910,LWSA S/A,2024-06-30,18322000.0,T
024910,LWSA S/A,2024-09-30,16889000.0,T
024929,TIM S.A.,2024-03-31,0.0,T
024929,TIM S.A.,2024-06-30,0.0,T
024929,TIM S.A.,2024-09-30,0.0,T
024953,"ALLPARK EMPREENDIMENTOS, PARTICIPAÇÕES E SERVIÇOS S.A.",2024-03-31,-14560000.0,T
024953,"ALLPARK EMPREENDIMENTOS, PARTICIPAÇÕES E SERVIÇOS S.A.",2024-06-30,5772000.0,T
024953,"ALLPARK EMPREENDIMENTOS, PARTICIPAÇÕES E SERVIÇOS S.A.",2024-09-30,3100000.0,T
024961,AMBIPAR PARTICIPAÇÕES E EMPREENDIMENTOS S.A.,2024-03-31,-202070000.0,T
024961,AMBIPAR PARTICIPAÇÕES E EMPREENDIMENTOS S.A.,2024-06-30,-84626000.0,T
024961,AMBIPAR PARTICIPAÇÕES E EMPREENDIMENTOS S.A.,2024-09-30,44528000.0,T
025003,SIMPAR S.A.,2024-03-31,90102000.0,T
025003,SIMPAR S.A.,2024-06-30,158845000.0,T
025003,SIMPAR S.A.,2024-09-30,124985000.0,T
025011,GRUPO DE MODA SOMA S.A.,2024-03-31,9207000.0,T
025038,LOJAS QUERO QUERO S.A.,2024-03-31,53923000.0,T
025038,LOJAS QUERO QUERO S.A.,2024-06-30,-56353000.0,T
025038,LOJAS QUERO QUERO S.A.,2024-09-30,-3676000.0,T
025046,D1000 VAREJO FARMA PARTICIPAÇÕES S.A.,2024-03-31,1032000.0,T
025046,D1000 VAREJO FARMA PARTICIPAÇÕES S.A.,2024-06-30,10977000.0,T
025046,D1000 VAREJO FARMA PARTICIPAÇÕES S.A.,2024-09-30,10348000.0,T
025062,LAVVI EMPREENDIMENTOS IMOBILIÁRIOS S.A.,2024-03-31,72113000.0,T
025062,LAVVI EMPREENDIMENTOS IMOBILIÁRIOS S.A.,2024-06-30,70820000.0,T
025062,LAVVI EMPREENDIMENTOS IMOBILIÁRIOS S.A.,2024-09-30,91882000.0,T
025070,PLANO & PLANO DESENVOLVIMENTO IMOBILIÁRIO S.A.,2024-03-31,49679000.0,T
025070,PLANO & PLANO DESENVOLVIMENTO IMOBILIÁRIO S.A.,2024-06-30,103904000.0,T
025070,PLANO & PLANO DESENVOLVIMENTO IMOBILIÁRIO S.A.,2024-09-30,133489000.0,T
025089,PET CENTER COMÉRCIO E PARTICIPAÇÕES S.A.,2024-03-31,-4473000.0,T
025089,PET CENTER COMÉRCIO E PARTICIPAÇÕES S.A.,2024-06-30,-3259000.0,T
025089,PET CENTER COMÉRCIO E PARTICIPAÇÕES S.A.,2024-09-30,11810000.0,T
025100,CURY CONSTRUTORA E INCORPORADORA S.A.,2024-03-31,154070000.0,T
025100,CURY CONSTRUTORA E INCORPORADORA S.A.,2024-06-30,175282000.0,T
025100,CURY CONSTRUTORA E INCORPORADORA S.A.,2024-09-30,180588000.0,T
025119,MELNICK DESENVOLVIMENTO IMOBILIÁRIO S.A.,2024-03-31,42378000.0,T
025119,MELNICK DESENVOLVIMENTO IMOBILIÁRIO S.A.,2024-06-30,-23864000.0,T
025119,MELNICK DESENVOLVIMENTO IMOBILIÁRIO S.A.,2024-09-30,52185000.0,T
025127,COMPASS GÁS E ENERGIA S.A.,2024-03-31,318103000.0,T
025127,COMPASS GÁS E ENERGIA S.A.,2024-06-30,599302000.0,T
025127,COMPASS GÁS E ENERGIA S.A.,2024-09-30,466187000.0,T
025143,PACAEMBU CONSTRUTORA S.A.,2024-03-31,38797000.0,T
025143,PACAEMBU CONSTRUTORA S.A.,2024-06-30,69756000.0,T
025143,PACAEMBU CONSTRUTORA S.A.,2024-09-30,79533000.0,T
025160,SEQUOIA LOGÍSTICA E TRANSPORTES S.A.,2024-03-31,-110174000.0,T
025160,SEQUOIA LOGÍSTICA E TRANSPORTES S.A.,2024-06-30,-120569000.0,T
025160,SEQUOIA LOGÍSTICA E TRANSPORTES S.A.,2024-09-30,-289517000.0,T
025186,GRUPO MATEUS S.A.,2024-03-31,240377000.0,T
025186,GRUPO MATEUS S.A.,2024-06-30,327344000.0,T
025186,GRUPO MATEUS S.A.,2024-09-30,379170000.0,T
025194,ALARES INTERNET PARTICIPAÇÕES S/A,2024-03-31,-33619000.0,T
025194,ALARES INTERNET PARTICIPAÇÕES S/A,2024-06-30,-33033000.0,T
025194,ALARES INTERNET PARTICIPAÇÕES S/A,2024-09-30,-21049000.0,T
025208,TRACK & FIELD CO S.A.,2024-03-31,26385000.0,T
025208,TRACK & FIELD CO S.A.,2024-06-30,26245000.0,T
025208,TRACK & FIELD CO S.A.,2024-09-30,24525000.0,T
025224,2W ECOBANK S.A. - EM RECUPERAÇÃO JUDICIAL,2024-03-31,-200819000.0,T
025224,2W ECOBANK S.A. - EM RECUPERAÇÃO JUDICIAL,2024-06-30,-114968000.0,T
025224,2W ECOBANK S.A. - EM RECUPERAÇÃO JUDICIAL,2024-09-30,-17704000.0,T
025232,MÉLIUZ S.A.,2024-03-31,19080000.0,T
025232,MÉLIUZ S.A.,2024-06-30,-60760000.0,T
025232,MÉLIUZ S.A.,2024-09-30,8799000.0,T
025259,ENJOEI S.A.,2024-03-31,-9822000.0,T
025259,ENJOEI S.A.,2024-06-30,-8177000.0,T
025259,ENJOEI S.A.,2024-09-30,-2693000.0,T
025275,ALPHAVILLE S.A.,2024-03-31,52304000.0,T
025275,ALPHAVILLE S.A.,2024-06-30,4915000.0,T
025275,ALPHAVILLE S.A.,2024-09-30,10635000.0,T
025283,AERIS IND. E COM. DE EQUIP. PARA GER. DE ENG. S.A.,2024-03-31,-41248000.0,T
025283,AERIS IND. E COM. DE EQUIP. PARA GER. DE ENG. S.A.,2024-06-30,-3091000.0,T
025283,AERIS IND. E COM. DE EQUIP. PARA GER. DE ENG. S.A.,2024-09-30,-56678000.0,T
025291,BRAVA ENERGIA S.A.,2024-03-31,-229886000.0,T
025291,BRAVA ENERGIA S.A.,2024-06-30,-363055000.0,T
025291,BRAVA ENERGIA S.A.,2024-09-30,711398000.0,T
025305,PATRIMAR ENGENHARIA S.A.,2024-03-31,-6944000.0,T
025305,PATRIMAR ENGENHARIA S.A.,2024-06-30,30250000.0,T
025305,PATRIMAR ENGENHARIA S.A.,2024-09-30,21961000.0,T
025321,GRANBIO INVESTIMENTOS S.A.,2024-03-31,-33808000.0,T
025321,GRANBIO INVESTIMENTOS S.A.,2024-06-30,-38876000.0,T
025321,GRANBIO INVESTIMENTOS S.A.,2024-09-30,-28299000.0,T
025330,ALLIED TECNOLOGIA S.A.,2024-03-31,50143000.0,T
025330,ALLIED TECNOLOGIA S.A.,2024-06-30,14771000.0,T
025330,ALLIED TECNOLOGIA S.A.,2024-09-30,20932000.0,T
025348,ELFA MEDICAMENTOS S.A.,2024-03-31,-54322000.0,T
025348,ELFA MEDICAMENTOS S.A.,2024-06-30,-43244000.0,T
025348,ELFA MEDICAMENTOS S.A.,2024-09-30,-16356000.0,T
025380,EZ INC INCORPORAÇÕES S.A.,2024-03-31,-2457000.0,T
025380,EZ INC INCORPORAÇÕES S.A.,2024-06-30,-3847000.0,T
025380,EZ INC INCORPORAÇÕES S.A.,2024-09-30,-2155000.0,T
025399,NEOGRID PARTICIPAÇÕES S.A.,2024-03-31,-3410000.0,T
025399,NEOGRID PARTICIPAÇÕES S.A.,2024-06-30,-4993000.0,T
025399,NEOGRID PARTICIPAÇÕES S.A.,2024-09-30,-7563000.0,T
025402,HBR REALTY EMPREENDIMENTOS IMOBILIÁRIOS S.A.,2024-03-31,-13049000.0,T
025402,HBR REALTY EMPREENDIMENTOS IMOBILIÁRIOS S.A.,2024-06-30,-15366000.0,T
025402,HBR REALTY EMPREENDIMENTOS IMOBILIÁRIOS S.A.,2024-09-30,-13850000.0,T
025410,SBF COMÉRCIO DE PRODUTOS ESPORTIVOS S.A.,2024-03-31,14971000.0,T
025410,SBF COMÉRCIO DE PRODUTOS ESPORTIVOS S.A.,2024-06-30,251561000.0,T
025410,SBF COMÉRCIO DE PRODUTOS ESPORTIVOS S.A.,2024-09-30,131389000.0,T
025429,FARMÁCIA E DROGARIA NISSEI S.A.,2024-03-31,-18446000.0,T
025429,FARMÁCIA E DROGARIA NISSEI S.A.,2024-06-30,-20136000.0,T
025429,FARMÁCIA E DROGARIA NISSEI S.A.,2024-09-30,-13659000.0,T
025437,URBA DESENVOLVIMENTO URBANO S.A.,2024-03-31,-7038000.0,T
025437,URBA DESENVOLVIMENTO URBANO S.A.,2024-06-30,-7195000.0,T
025437,URBA DESENVOLVIMENTO URBANO S.A.,2024-09-30,-414000.0,T
025445,MPM CORPÓREOS S.A.,2024-03-31,5557000.0,T
025445,MPM CORPÓREOS S.A.,2024-06-30,1287000.0,T
025445,MPM CORPÓREOS S.A.,2024-09-30,-9957000.0,T
025453,INTELBRAS S.A. IND. DE TELECOMUNICAÇÃO ELETRÔNICA BRASILEIRA,2024-03-31,153939000.0,T
025453,INTELBRAS S.A. IND. DE TELECOMUNICAÇÃO ELETRÔNICA BRASILEIRA,2024-06-30,117551000.0,T
025453,INTELBRAS S.A. IND. DE TELECOMUNICAÇÃO ELETRÔNICA BRASILEIRA,2024-09-30,129383000.0,T
025461,GRUPO TOKY S.A. - EM RECUPERAÇÃO JUDICIAL,2024-03-31,-21273000.0,T
025461,GRUPO TOKY S.A. - EM RECUPERAÇÃO JUDICIAL,2024-06-30,-15032000.0,T
025461,GRUPO TOKY S.A. - EM RECUPERAÇÃO JUDICIAL,2024-09-30,-22422000.0,T
025496,JALLES MACHADO S.A.,2024-06-30,-2378000.0,T
025496,JALLES MACHADO S.A.,2024-09-30,33773000.0,T
025496,JALLES MACHADO S.A.,2024-12-31,-73483000.0,T
025500,BEMOBI MOBILE TECH S.A.,2024-03-31,21824000.0,T
025500,BEMOBI MOBILE TECH S.A.,2024-06-30,35975000.0,T
025500,BEMOBI MOBILE TECH S.A.,2024-09-30,20511000.0,T
025526,CRUZEIRO DO SUL EDUCACIONAL S.A.,2024-03-31,38624000.0,T
025526,CRUZEIRO DO SUL EDUCACIONAL S.A.,2024-06-30,53393000.0,T
025526,CRUZEIRO DO SUL EDUCACIONAL S.A.,2024-09-30,62082000.0,T
025534,OCEANPACT SERVIÇOS MARITIMOS S.A.,2024-03-31,21137000.0,T
025534,OCEANPACT SERVIÇOS MARITIMOS S.A.,2024-06-30,-4693000.0,T
025534,OCEANPACT SERVIÇOS MARITIMOS S.A.,2024-09-30,-9897000.0,T
025542,CVLB BRASIL S.A EM RECUPERAÇÃO JUDICAL,2024-03-31,-26694000.0,T
025542,CVLB BRASIL S.A EM RECUPERAÇÃO JUDICAL,2024-06-30,-57336000.0,T
025542,CVLB BRASIL S.A EM RECUPERAÇÃO JUDICAL,2024-09-30,-52288000.0,T
025550,ORIZON VALORIZAÇÃO DE RESÍDUOS S.A.,2024-03-31,30194000.0,T
025550,ORIZON VALORIZAÇÃO DE RESÍDUOS S.A.,2024-06-30,11159000.0,T
025550,ORIZON VALORIZAÇÃO DE RESÍDUOS S.A.,2024-09-30,41256000.0,T
025569,ELETROMIDIA S.A.,2024-03-31,29954000.0,T
025569,ELETROMIDIA S.A.,2024-06-30,8701000.0,T
025569,ELETROMIDIA S.A.,2024-09-30,34409000.0,T
025585,CSN MINERAÇÃO S.A.,2024-03-31,557938000.0,T
025585,CSN MINERAÇÃO S.A.,2024-06-30,1507442000.0,T
025585,CSN MINERAÇÃO S.A.,2024-09-30,446307000.0,T
025640,AUREN PARTICIPAÇÕES S.A.,2024-03-31,-102368000.0,T
025640,AUREN PARTICIPAÇÕES S.A.,2024-06-30,-108677000.0,T
025640,AUREN PARTICIPAÇÕES S.A.,2024-09-30,-73604000.0,T
025658,AGROGALAXY PARTICIPAÇÕES S.A. - EM RECUPERAÇÃO JUDICIAL,2024-03-31,-275473000.0,T
025658,AGROGALAXY PARTICIPAÇÕES S.A. - EM RECUPERAÇÃO JUDICIAL,2024-06-30,-300272000.0,T
025658,AGROGALAXY PARTICIPAÇÕES S.A. - EM RECUPERAÇÃO JUDICIAL,2024-09-30,-2040521000.0,T
025674,HMOBI PARTICIPAÇÕES S.A.,2024-03-31,-1016000.0,T
025674,HMOBI PARTICIPAÇÕES S.A.,2024-06-30,25394000.0,T
025674,HMOBI PARTICIPAÇÕES S.A.,2024-09-30,28852000.0,T
025682,CM HOSPITALAR S.A,2024-03-31,3043000.0,T
025682,CM HOSPITALAR S.A,2024-06-30,-87717000.0,T
025682,CM HOSPITALAR S.A,2024-09-30,-237737000.0,T
025690,HOSPITAL MATER DEI S.A.,2024-03-31,45959000.0,T
025690,HOSPITAL MATER DEI S.A.,2024-06-30,-458539000.0,T
025690,HOSPITAL MATER DEI S.A.,2024-09-30,80531000.0,T
025704,BOA SAFRA SEMENTES S.A.,2024-03-31,8091000.0,T
025704,BOA SAFRA SEMENTES S.A.,2024-06-30,18114000.0,T
025704,BOA SAFRA SEMENTES S.A.,2024-09-30,54040000.0,T
025712,GPS PARTICIPAÇÕES E EMPREENDIMENTOS S.A.,2024-03-31,139440000.0,T
025712,GPS PARTICIPAÇÕES E EMPREENDIMENTOS S.A.,2024-06-30,140282000.0,T
025712,GPS PARTICIPAÇÕES E EMPREENDIMENTOS S.A.,2024-09-30,147948000.0,T
025720,RIO ALTO ENERGIAS RENOVÁVEIS S.A.,2024-03-31,-44925000.0,T
025720,RIO ALTO ENERGIAS RENOVÁVEIS S.A.,2024-06-30,-84092000.0,T
025720,RIO ALTO ENERGIAS RENOVÁVEIS S.A.,2024-09-30,-55719000.0,T
025747,INFRACOMMERCE CXAAS S.A.,2024-03-31,-90347000.0,T
025747,INFRACOMMERCE CXAAS S.A.,2024-06-30,-1535627000.0,T
025747,INFRACOMMERCE CXAAS S.A.,2024-09-30,-93421000.0,T
025763,VITTIA S.A.,2024-03-31,800000.0,T
025763,VITTIA S.A.,2024-06-30,-17708000.0,T
025763,VITTIA S.A.,2024-09-30,45840000.0,T
025771,HOSPITAL CARE CALEDONIA S.A.,2024-03-31,-22568000.0,T
025771,HOSPITAL CARE CALEDONIA S.A.,2024-06-30,-51268000.0,T
025771,HOSPITAL CARE CALEDONIA S.A.,2024-09-30,-53100000.0,T
025780,PETRORECÔNCAVO S.A.,2024-03-31,110033000.0,T
025780,PETRORECÔNCAVO S.A.,2024-06-30,136181000.0,T
025780,PETRORECÔNCAVO S.A.,2024-09-30,158840000.0,T
025798,KALLAS INCORPORAÇÕES E CONSTRUÇÕES S.A.,2024-03-31,7471000.0,T
025798,KALLAS INCORPORAÇÕES E CONSTRUÇÕES S.A.,2024-06-30,4599000.0,T
025798,KALLAS INCORPORAÇÕES E CONSTRUÇÕES S.A.,2024-09-30,24322000.0,T
025801,RODOBENS SA,2024-03-31,79355000.0,T
025801,RODOBENS SA,2024-06-30,115134000.0,T
025801,RODOBENS SA,2024-09-30,78408000.0,T
025836,DOTZ S.A.,2024-03-31,-10155000.0,T
025836,DOTZ S.A.,2024-06-30,-6085000.0,T
025836,DOTZ S.A.,2024-09-30,249000.0,T
025844,TEGRA INCORPORADORA S.A.,2024-03-31,8396000.0,T
025844,TEGRA INCORPORADORA S.A.,2024-06-30,10997000.0,T
025844,TEGRA INCORPORADORA S.A.,2024-09-30,-22619000.0,T
025852,W2W E-COMMERCE DE VINHOS S.A.,2024-03-31,-20700000.0,T
025852,W2W E-COMMERCE DE VINHOS S.A.,2024-06-30,7668000.0,T
025852,W2W E-COMMERCE DE VINHOS S.A.,2024-09-30,-5269000.0,T
025860,BRBI BR PARTNERS S.A,2024-03-31,49461000.0,T
025860,BRBI BR PARTNERS S.A,2024-06-30,51966000.0,T
025860,BRBI BR PARTNERS S.A,2024-09-30,50119000.0,T
025879,KORA SAÚDE PARTICIPAÇÕES S.A.,2024-03-31,-25139000.0,T
025879,KORA SAÚDE PARTICIPAÇÕES S.A.,2024-06-30,-26091000.0,T
025879,KORA SAÚDE PARTICIPAÇÕES S.A.,2024-09-30,-11499000.0,T
025887,ARANDU INVESTIMENTOS S.A.,2024-03-31,2907000.0,T
025887,ARANDU INVESTIMENTOS S.A.,2024-09-30,3821000.0,T
025895,LIVETECH DA BAHIA INDÚSTRIA E COMÉRCIO S.A.,2024-03-31,4738000.0,T
025895,LIVETECH DA BAHIA INDÚSTRIA E COMÉRCIO S.A.,2024-06-30,8303000.0,T
025895,LIVETECH DA BAHIA INDÚSTRIA E COMÉRCIO S.A.,2024-09-30,5064000.0,T
025909,EMCCAMP RESIDENCIAL S.A.,2024-03-31,23105000.0,T
025909,EMCCAMP RESIDENCIAL S.A.,2024-06-30,26613000.0,T
025909,EMCCAMP RESIDENCIAL S.A.,2024-09-30,12315000.0,T
025917,RAÍZEN S.A.,2024-06-30,1065946000.0,T
025917,RAÍZEN S.A.,2024-09-30,-158348000.0,T
025917,RAÍZEN S.A.,2024-12-31,-2570591000.0,T
025925,BIONEXO S.A.,2024-03-31,-1823000.0,T
025925,BIONEXO S.A.,2024-06-30,-2617000.0,T
025925,BIONEXO S.A.,2024-09-30,-297000.0,T
025933,HUMBERG AGRIBRASIL COMÉRCIO E EXPORTAÇÃO DE GRÃOS S.A.,2024-03-31,-3060000.0,T
025933,HUMBERG AGRIBRASIL COMÉRCIO E EXPORTAÇÃO DE GRÃOS S.A.,2024-06-30,1964000.0,T
025933,HUMBERG AGRIBRASIL COMÉRCIO E EXPORTAÇÃO DE GRÃOS S.A.,2024-09-30,944000.0,T
025950,TRÊS TENTOS AGROINDUSTRIAL S/A,2024-03-31,156438000.0,T
025950,TRÊS TENTOS AGROINDUSTRIAL S/A,2024-06-30,145644000.0,T
025950,TRÊS TENTOS AGROINDUSTRIAL S/A,2024-09-30,318375000.0,T
025976,YUNY INCORPORADORA HOLDING S.A.,2024-03-31,-3649000.0,T
025976,YUNY INCORPORADORA HOLDING S.A.,2024-06-30,-4576000.0,T
025976,YUNY INCORPORADORA HOLDING S.A.,2024-09-30,-16535000.0,T
025984,COMPANHIA BRASILEIRA DE ALUMÍNIO,2024-03-31,-29543000.0,T
025984,COMPANHIA BRASILEIRA DE ALUMÍNIO,2024-06-30,-74830000.0,T
025984,COMPANHIA BRASILEIRA DE ALUMÍNIO,2024-09-30,87050000.0,T
025992,INTERCEMENT BRASIL S.A. - EM RECUPERAÇÃO JUDICIAL,2024-03-31,-54620000.0,T
025992,INTERCEMENT BRASIL S.A. - EM RECUPERAÇÃO JUDICIAL,2024-06-30,-28180000.0,T
025992,INTERCEMENT BRASIL S.A. - EM RECUPERAÇÃO JUDICIAL,2024-09-30,-85888000.0,T
026000,TERRA SANTA PROPRIEDADES AGRÍCOLAS S.A.,2024-03-31,6422000.0,T
026000,TERRA SANTA PROPRIEDADES AGRÍCOLAS S.A.,2024-06-30,-694000.0,T
026000,TERRA SANTA PROPRIEDADES AGRÍCOLAS S.A.,2024-09-30,7368000.0,T
026026,DESKTOP S.A.,2024-03-31,21370000.0,T
026026,DESKTOP S.A.,2024-06-30,29767000.0,T
026026,DESKTOP S.A.,2024-09-30,24466000.0,T
026034,GRUPO MULTILASER S.A.,2024-03-31,-68996000.0,T
026034,GRUPO MULTILASER S.A.,2024-06-30,-52225000.0,T
026034,GRUPO MULTILASER S.A.,2024-09-30,1484000.0,T
026050,UNIFIQUE TELECOMUNICAÇÕES S.A.,2024-03-31,37447000.0,T
026050,UNIFIQUE TELECOMUNICAÇÕES S.A.,2024-06-30,41099000.0,T
026050,UNIFIQUE TELECOMUNICAÇÕES S.A.,2024-09-30,46440000.0,T
026069,"ARMAC LOCAÇÃO, LOGÍSTICA E SERVIÇOS S.A.",2024-06-30,50394000.0,T
026069,"ARMAC LOCAÇÃO, LOGÍSTICA E SERVIÇOS S.A.",2024-09-30,60839000.0,T
026077,ECONOMATICA S.A.,2024-03-31,-11546000.0,T
026077,ECONOMATICA S.A.,2024-06-30,-24025000.0,T
026077,ECONOMATICA S.A.,2024-09-30,-16106000.0,T
026085,BRISANET PARTICIPAÇÕES S.A.,2024-03-31,20112000.0,T
026085,BRISANET PARTICIPAÇÕES S.A.,2024-06-30,17291000.0,T
026085,BRISANET PARTICIPAÇÕES S.A.,2024-09-30,15932000.0,T
026093,CLEAR SALE S.A.,2024-03-31,-8675000.0,T
026093,CLEAR SALE S.A.,2024-06-30,-10792000.0,T
026093,CLEAR SALE S.A.,2024-09-30,-10340000.0,T
026123,ONCOCLÍNICAS DO BRASIL SERVIÇOS MÉDICOS S.A.,2024-03-31,19589000.0,T
026123,ONCOCLÍNICAS DO BRASIL SERVIÇOS MÉDICOS S.A.,2024-06-30,19060000.0,T
026123,ONCOCLÍNICAS DO BRASIL SERVIÇOS MÉDICOS S.A.,2024-09-30,3121000.0,T
026158,ESSENTIA PCHS S.A.,2024-03-31,32433000.0,T
026158,ESSENTIA PCHS S.A.,2024-06-30,31037000.0,T
026158,ESSENTIA PCHS S.A.,2024-09-30,27686000.0,T
026166,GRUPO FARTURA DE HORTIFRUT S.A.,2024-03-31,79078000.0,T
026166,GRUPO FARTURA DE HORTIFRUT S.A.,2024-06-30,19423000.0,T
026166,GRUPO FARTURA DE HORTIFRUT S.A.,2024-09-30,17444000.0,T
026174,AUREN OPERAÇÕES S.A.,2024-03-31,8522000.0,T
026174,AUREN OPERAÇÕES S.A.,2024-06-30,-1308000.0,T
026174,AUREN OPERAÇÕES S.A.,2024-09-30,-7506000.0,T
026190,CARAMURU ALIMENTOS S.A.,2024-03-31,-51379000.0,T
026190,CARAMURU ALIMENTOS S.A.,2024-06-30,100276000.0,T
026190,CARAMURU ALIMENTOS S.A.,2024-09-30,58757000.0,T
026204,BLUEFIT ACADEMIAS DE GINÁSTICA E PARTICIPAÇÕES S.A.,2024-03-31,5534000.0,T
026204,BLUEFIT ACADEMIAS DE GINÁSTICA E PARTICIPAÇÕES S.A.,2024-06-30,9074000.0,T
026204,BLUEFIT ACADEMIAS DE GINÁSTICA E PARTICIPAÇÕES S.A.,2024-09-30,5908000.0,T
026247,WILSON SONS S.A.,2024-03-31,105258000.0,T
026247,WILSON SONS S.A.,2024-06-30,44860000.0,T
026247,WILSON SONS S.A.,2024-09-30,216904000.0,T
026255,TIGRE S.A. PARTICIPAÇÕES,2024-03-31,5251000.0,T
026255,TIGRE S.A. PARTICIPAÇÕES,2024-06-30,9285000.0,T
026255,TIGRE S.A. PARTICIPAÇÕES,2024-09-30,-112539000.0,T
026271,ENVIRONMENTAL ESG PARTICIPAÇÕES S.A.,2024-03-31,10772000.0,T
026271,ENVIRONMENTAL ESG PARTICIPAÇÕES S.A.,2024-06-30,337000.0,T
026271,ENVIRONMENTAL ESG PARTICIPAÇÕES S.A.,2024-09-30,102071000.0,T
026280,COMERC ENERGIA S.A.,2024-03-31,-133180000.0,T
026280,COMERC ENERGIA S.A.,2024-06-30,154752000.0,T
026280,COMERC ENERGIA S.A.,2024-09-30,-69659000.0,T
026301,UNIGEL PARTICIPAÇÕES S.A.,2024-03-31,-351035000.0,T
026301,UNIGEL PARTICIPAÇÕES S.A.,2024-06-30,-370825000.0,T
026301,UNIGEL PARTICIPAÇÕES S.A.,2024-09-30,-182324000.0,T
026328,AUSTRAVIAS S.A.,2024-03-31,-3307000.0,T
026328,AUSTRAVIAS S.A.,2024-06-30,-1201000.0,T
026328,AUSTRAVIAS S.A.,2024-09-30,2969000.0,T
026352,RODOVIAS DO BRASIL HOLDING S.A.,2024-03-31,17124000.0,T
026352,RODOVIAS DO BRASIL HOLDING S.A.,2024-06-30,45661000.0,T
026352,RODOVIAS DO BRASIL HOLDING S.A.,2024-09-30,67140000.0,T
026379,MADERO INDÚSTRIA E COMÉRCIO S.A.,2024-03-31,2791000.0,T
026379,MADERO INDÚSTRIA E COMÉRCIO S.A.,2024-06-30,43736000.0,T
026379,MADERO INDÚSTRIA E COMÉRCIO S.A.,2024-09-30,27854000.0,T
026387,INTERPLAYERS SOLUÇÕES INTEGRADAS S.A.,2024-03-31,937000.0,T
026387,INTERPLAYERS SOLUÇÕES INTEGRADAS S.A.,2024-06-30,15540000.0,T
026395,ALMEIDA JUNIOR SHOPPING CENTERS S.A.,2024-03-31,10800000.0,T
026395,ALMEIDA JUNIOR SHOPPING CENTERS S.A.,2024-06-30,8319000.0,T
026395,ALMEIDA JUNIOR SHOPPING CENTERS S.A.,2024-09-30,8324000.0,T
026409,VERO S.A.,2024-03-31,-1380000.0,T
026409,VERO S.A.,2024-06-30,31435000.0,T
026409,VERO S.A.,2024-09-30,8295000.0,T
026417,OLIVEIRA TRUST S.A.,2024-03-31,24110000.0,T
026417,OLIVEIRA TRUST S.A.,2024-06-30,26589000.0,T
026417,OLIVEIRA TRUST S.A.,2024-09-30,25379000.0,T
026441,SERENA ENERGIA S.A.,2024-03-31,135507000.0,T
026441,SERENA ENERGIA S.A.,2024-06-30,-102567000.0,T
026441,SERENA ENERGIA S.A.,2024-09-30,37502000.0,T
026468,HOSPITAL ANCHIETA S.A.,2024-03-31,-19538000.0,T
026468,HOSPITAL ANCHIETA S.A.,2024-06-30,-10585000.0,T
026468,HOSPITAL ANCHIETA S.A.,2024-09-30,-20690000.0,T
026476,AMMO VAREJO S.A.,2024-03-31,-39627000.0,T
026476,AMMO VAREJO S.A.,2024-06-30,-44903000.0,T
026476,AMMO VAREJO S.A.,2024-09-30,58065000.0,T
026506,LUPO S.A.,2024-03-31,33241000.0,T
026506,LUPO S.A.,2024-06-30,45706000.0,T
026506,LUPO S.A.,2024-09-30,31552000.0,T
026514,ASA BRANCA HOLDING S.A.,2024-03-31,-18204000.0,T
026514,ASA BRANCA HOLDING S.A.,2024-06-30,-13626000.0,T
026514,ASA BRANCA HOLDING S.A.,2024-09-30,4418000.0,T
026522,CERRADINHO BIOENERGIA S.A.,2024-06-30,-149000.0,T
026522,CERRADINHO BIOENERGIA S.A.,2024-09-30,72306000.0,T
026522,CERRADINHO BIOENERGIA S.A.,2024-12-31,110697000.0,T
026530,CENCOSUD BRASIL COMERCIAL S.A.,2024-03-31,-137983000.0,T
026530,CENCOSUD BRASIL COMERCIAL S.A.,2024-06-30,-104816000.0,T
026530,CENCOSUD BRASIL COMERCIAL S.A.,2024-09-30,-104631000.0,T
026549,CLARANET TECHNOLOGY S.A.,2024-03-31,-4071000.0,T
026557,DATORA PARTICIPAÇÕES E SERVIÇOS S.A.,2024-03-31,8055000.0,T
026565,HOLDING DO ARAGUAIA S.A.,2024-03-31,17684000.0,T
026565,HOLDING DO ARAGUAIA S.A.,2024-06-30,12728000.0,T
026565,HOLDING DO ARAGUAIA S.A.,2024-09-30,5783000.0,T
026603,GSH CORP PARTICIPAÇÕES S.A.,2024-03-31,4865000.0,T
026603,GSH CORP PARTICIPAÇÕES S.A.,2024-06-30,5982000.0,T
026603,GSH CORP PARTICIPAÇÕES S.A.,2024-09-30,12634000.0,T
026620,AUREN ENERGIA S.A.,2024-03-31,253618000.0,T
026620,AUREN ENERGIA S.A.,2024-06-30,91089000.0,T
026620,AUREN ENERGIA S.A.,2024-09-30,270830000.0,T
026646,CANTU STORE S.A.,2024-03-31,23456000.0,T
026646,CANTU STORE S.A.,2024-06-30,39892000.0,T
026646,CANTU STORE S.A.,2024-09-30,20838000.0,T
026697,FOZ DO RIO CLARO ENERGIA S.A.,2024-03-31,2652000.0,T
026697,FOZ DO RIO CLARO ENERGIA S.A.,2024-06-30,9142000.0,T
026697,FOZ DO RIO CLARO ENERGIA S.A.,2024-09-30,6958000.0,T
026700,EUROFARMA LABORATÓRIOS S.A.,2024-03-31,176668000.0,T
026700,EUROFARMA LABORATÓRIOS S.A.,2024-06-30,-116324000.0,T
026700,EUROFARMA LABORATÓRIOS S.A.,2024-09-30,137859000.0,T
026760,TECIDOS E ARMARINHOS MIGUEL BARTOLOMEU S.A.,2024-03-31,76949000.0,T
026760,TECIDOS E ARMARINHOS MIGUEL BARTOLOMEU S.A.,2024-06-30,81570000.0,T
026760,TECIDOS E ARMARINHOS MIGUEL BARTOLOMEU S.A.,2024-09-30,77774000.0,T
026786,SENIOR SISTEMAS S.A.,2024-03-31,43973000.0,T
026786,SENIOR SISTEMAS S.A.,2024-06-30,51575000.0,T
026786,SENIOR SISTEMAS S.A.,2024-09-30,46036000.0,T
026832,ANEMUS WIND HOLDING S.A.,2024-03-31,-17201000.0,T
026832,ANEMUS WIND HOLDING S.A.,2024-06-30,-14953000.0,T
026832,ANEMUS WIND HOLDING S.A.,2024-09-30,-28673000.0,T
026867,UNIÃO QUÍMICA FARMACÊUTICA NACIONAL S.A.,2024-03-31,18108000.0,T
026867,UNIÃO QUÍMICA FARMACÊUTICA NACIONAL S.A.,2024-06-30,6770000.0,T
026867,UNIÃO QUÍMICA FARMACÊUTICA NACIONAL S.A.,2024-09-30,135776000.0,T
026891,ELETRORIVER S.A.,2024-03-31,57067000.0,T
026891,ELETRORIVER S.A.,2024-06-30,78584000.0,T
026891,ELETRORIVER S.A.,2024-09-30,81900000.0,T
026956,OCEÂNICA ENGENHARIA E CONSULTORIA S.A.,2024-03-31,-36499000.0,T
026956,OCEÂNICA ENGENHARIA E CONSULTORIA S.A.,2024-06-30,-61058000.0,T
026956,OCEÂNICA ENGENHARIA E CONSULTORIA S.A.,2024-09-30,-135934000.0,T
026964,REAG CAPITAL HOLDING S.A.,2024-03-31,-26586000.0,T
026964,REAG CAPITAL HOLDING S.A.,2024-06-30,104402000.0,T
026964,REAG CAPITAL HOLDING S.A.,2024-09-30,105142000.0,T
026980,BORRACHAS VIPAL S.A.,2024-03-31,71168000.0,T
026980,BORRACHAS VIPAL S.A.,2024-06-30,99923000.0,T
026980,BORRACHAS VIPAL S.A.,2024-09-30,71850000.0,T
027006,RIO ALTO STL HOLDING I S.A.,2024-03-31,-2596000.0,T
027006,RIO ALTO STL HOLDING I S.A.,2024-06-30,-30642000.0,T
027006,RIO ALTO STL HOLDING I S.A.,2024-09-30,-13300000.0,T
027014,SOLAR BEBIDAS S.A.,2024-03-31,251694000.0,T
027014,SOLAR BEBIDAS S.A.,2024-06-30,206470000.0,T
027014,SOLAR BEBIDAS S.A.,2024-09-30,292827000.0,T
027022,V. TAL - REDE NEUTRA DE TELECOMUNICAÇÕES S.A.,2024-03-31,230264000.0,T
027022,V. TAL - REDE NEUTRA DE TELECOMUNICAÇÕES S.A.,2024-06-30,378312000.0,T
027022,V. TAL - REDE NEUTRA DE TELECOMUNICAÇÕES S.A.,2024-09-30,305812000.0,T
027049,ORIZON MEIO AMBIENTE S.A.,2024-03-31,28096000.0,T
027049,ORIZON MEIO AMBIENTE S.A.,2024-06-30,17775000.0,T
027049,ORIZON MEIO AMBIENTE S.A.,2024-09-30,19031000.0,T
027057,VITRU EDUCAÇÃO S.A.,2024-03-31,7984000.0,T
027057,VITRU EDUCAÇÃO S.A.,2024-06-30,62243000.0,T
027057,VITRU EDUCAÇÃO S.A.,2024-09-30,24041000.0,T
027073,SOLVI ESSENCIS AMBIENTAL S.A.,2024-03-31,23096000.0,T
027073,SOLVI ESSENCIS AMBIENTAL S.A.,2024-06-30,35063000.0,T
027073,SOLVI ESSENCIS AMBIENTAL S.A.,2024-09-30,79009000.0,T
027090,TIM BRASIL SERVIÇOS E PARTICIPAÇÕES S.A.,2024-03-31,350123000.0,T
027090,TIM BRASIL SERVIÇOS E PARTICIPAÇÕES S.A.,2024-06-30,610057000.0,T
027090,TIM BRASIL SERVIÇOS E PARTICIPAÇÕES S.A.,2024-09-30,632685000.0,T
027103,CHINA THREE GORGES BRASIL ENERGIA S.A.,2024-03-31,482074000.0,T
027103,CHINA THREE GORGES BRASIL ENERGIA S.A.,2024-06-30,440392000.0,T
027103,CHINA THREE GORGES BRASIL ENERGIA S.A.,2024-09-30,520755000.0,T
027111,XP INVESTIMENTOS S.A.,2024-03-31,159691000.0,T
027111,XP INVESTIMENTOS S.A.,2024-06-30,90643000.0,T
027111,XP INVESTIMENTOS S.A.,2024-09-30,89853000.0,T
027138,SAFIRA HOLDING S.A.,2024-03-31,2327000.0,T
027138,SAFIRA HOLDING S.A.,2024-06-30,-403000.0,T
027138,SAFIRA HOLDING S.A.,2024-09-30,-35228000.0,T
027154,COMPANHIA ESTADUAL DE GERAÇÃO DE ENERGIA ELÉTRICA - CEEE-G,2024-03-31,-19188000.0,T
027154,COMPANHIA ESTADUAL DE GERAÇÃO DE ENERGIA ELÉTRICA - CEEE-G,2024-06-30,-50660000.0,T
027154,COMPANHIA ESTADUAL DE GERAÇÃO DE ENERGIA ELÉTRICA - CEEE-G,2024-09-30,6482000.0,T
027162,UNIDAS LOCADORA S.A.,2024-03-31,-4450000.0,T
027162,UNIDAS LOCADORA S.A.,2024-06-30,11928000.0,T
027162,UNIDAS LOCADORA S.A.,2024-09-30,-8838000.0,T
027189,VOTORANTIM CIMENTOS S.A.,2024-03-31,17488000.0,T
027189,VOTORANTIM CIMENTOS S.A.,2024-06-30,514934000.0,T
027189,VOTORANTIM CIMENTOS S.A.,2024-09-30,938799000.0,T
027197,TURBI COMPARTILHAMENTO DE VEÍCULOS S.A.,2024-03-31,-25505000.0,T
027197,TURBI COMPARTILHAMENTO DE VEÍCULOS S.A.,2024-06-30,-25781000.0,T
027197,TURBI COMPARTILHAMENTO DE VEÍCULOS S.A.,2024-09-30,-21416000.0,T
027219,GRANJA FARIA S.A.,2024-03-31,160371000.0,T
027219,GRANJA FARIA S.A.,2024-06-30,-27895000.0,T
027219,GRANJA FARIA S.A.,2024-09-30,10046000.0,T
027227,ORIGEM ENERGIA S.A.,2024-03-31,-6103000.0,T
027227,ORIGEM ENERGIA S.A.,2024-06-30,-194390000.0,T
027227,ORIGEM ENERGIA S.A.,2024-09-30,77064000.0,T
027243,CLI SUL S.A.,2024-03-31,-1167000.0,T
027243,CLI SUL S.A.,2024-06-30,17218000.0,T
027243,CLI SUL S.A.,2024-09-30,26300000.0,T
027251,INSPIRALI EDUCAÇÃO S.A.,2024-03-31,149898000.0,T
027251,INSPIRALI EDUCAÇÃO S.A.,2024-06-30,75735000.0,T
027251,INSPIRALI EDUCAÇÃO S.A.,2024-09-30,128704000.0,T
027260,CORREDOR LOGÍSTICA E INFRAESTRUTURA S.A.,2024-03-31,-31519000.0,T
027260,CORREDOR LOGÍSTICA E INFRAESTRUTURA S.A.,2024-06-30,22230000.0,T
027260,CORREDOR LOGÍSTICA E INFRAESTRUTURA S.A.,2024-09-30,21068000.0,T
027278,DESCARBONIZE SOLUÇÕES S.A.,2024-03-31,-76001000.0,T
027278,DESCARBONIZE SOLUÇÕES S.A.,2024-06-30,-141549000.0,T
027316,"BRAZIL TOWER, CESSÃO DE INFRA-ESTRUTURAS S.A",2024-06-30,-6253730.0,T
027316,"BRAZIL TOWER, CESSÃO DE INFRA-ESTRUTURAS S.A",2024-09-30,-667966.0,T
027324,VOKE S.A.,2024-03-31,8708000.0,T
027324,VOKE S.A.,2024-06-30,19652000.0,T
027324,VOKE S.A.,2024-09-30,-7792000.0,T
027332,HÉLIO VALGAS SOLAR PARTICIPAÇÕES S.A.,2024-03-31,59799000.0,T
027332,HÉLIO VALGAS SOLAR PARTICIPAÇÕES S.A.,2024-06-30,247551000.0,T
027332,HÉLIO VALGAS SOLAR PARTICIPAÇÕES S.A.,2024-09-30,-94607000.0,T
027340,CONSTRUTORA METROCASA S.A.,2024-03-31,50623000.0,T
027340,CONSTRUTORA METROCASA S.A.,2024-06-30,50696000.0,T
027340,CONSTRUTORA METROCASA S.A.,2024-09-30,56899000.0,T
027367,LIGGA TELECOMUNICAÇÕES S.A.,2024-03-31,-12620000.0,T
027367,LIGGA TELECOMUNICAÇÕES S.A.,2024-06-30,-9143000.0,T
027375,BRASIL BIOFUELS S.A.,2024-03-31,-102748000.0,T
027375,BRASIL BIOFUELS S.A.,2024-06-30,-129889000.0,T
027375,BRASIL BIOFUELS S.A.,2024-09-30,-259287000.0,T
027383,LETS RENT A CAR S/A,2024-06-30,7046000.0,T
027383,LETS RENT A CAR S/A,2024-09-30,4506000.0,T
027391,BRZ EMPREENDIMENTOS E CONSTRUÇÕES S.A.,2024-03-31,7444000.0,T
027391,BRZ EMPREENDIMENTOS E CONSTRUÇÕES S.A.,2024-06-30,32530000.0,T
027391,BRZ EMPREENDIMENTOS E CONSTRUÇÕES S.A.,2024-09-30,84010000.0,T
027413,AUTOMOB S.A.,2024-03-31,10423000.0,T
027413,AUTOMOB S.A.,2024-06-30,10263000.0,T
027413,AUTOMOB S.A.,2024-09-30,22200000.0,T
027430,ALUBAR METAIS E CABOS S.A.,2024-03-31,1390000.0,T
027430,ALUBAR METAIS E CABOS S.A.,2024-06-30,22625000.0,T
027430,ALUBAR METAIS E CABOS S.A.,2024-09-30,30446000.0,T
027472,AXIA ENERGIA NORTE S.A.,2024-03-31,-305152000.0,T
027472,AXIA ENERGIA NORTE S.A.,2024-06-30,-257353000.0,T
027472,AXIA ENERGIA NORTE S.A.,2024-09-30,1805551000.0,T
027480,AXIA ENERGIA SUL S.A.,2024-03-31,109896000.0,T
027480,AXIA ENERGIA SUL S.A.,2024-06-30,-208869000.0,T
027480,AXIA ENERGIA SUL S.A.,2024-09-30,429229000.0,T
027499,BRASIL TECNOLOGIA E PARTICIPAÇÕES S.A.,2024-03-31,-1197000.0,T
027499,BRASIL TECNOLOGIA E PARTICIPAÇÕES S.A.,2024-06-30,10241000.0,T
027499,BRASIL TECNOLOGIA E PARTICIPAÇÕES S.A.,2024-09-30,-7210000.0,T
027502,GIGA MAIS FIBRA TELECOMUNICAÇÕES S.A.,2024-03-31,8368000.0,T
027502,GIGA MAIS FIBRA TELECOMUNICAÇÕES S.A.,2024-06-30,9442000.0,T
027502,GIGA MAIS FIBRA TELECOMUNICAÇÕES S.A.,2024-09-30,27627000.0,T
027510,VITAL ENGENHARIA AMBIENTAL S.A.,2024-03-31,38658000.0,T
027510,VITAL ENGENHARIA AMBIENTAL S.A.,2024-06-30,74245000.0,T
027510,VITAL ENGENHARIA AMBIENTAL S.A.,2024-09-30,141803000.0,T
027545,ASSURUÁ 4 E 5 HOLDING ENERGIA S.A.,2024-03-31,-10648000.0,T
027545,ASSURUÁ 4 E 5 HOLDING ENERGIA S.A.,2024-06-30,-1623000.0,T
027545,ASSURUÁ 4 E 5 HOLDING ENERGIA S.A.,2024-09-30,12092000.0,T
027600,PORTO SERVIÇO S.A,2024-03-31,47773000.0,T
027600,PORTO SERVIÇO S.A,2024-06-30,53541000.0,T
027600,PORTO SERVIÇO S.A,2024-09-30,57244000.0,T
027618,PORTO SAÚDE PARTICIPAÇÕES S.A.,2024-03-31,106486000.0,T
027618,PORTO SAÚDE PARTICIPAÇÕES S.A.,2024-06-30,48200000.0,T
027618,PORTO SAÚDE PARTICIPAÇÕES S.A.,2024-09-30,76124000.0,T
027626,AZEVEDO & TRAVASSOS ENERGIA S.A.,2024-09-30,-41436000.0,T
027642,EQUIPAV SANEAMENTO S.A.,2024-03-31,351093000.0,T
027642,EQUIPAV SANEAMENTO S.A.,2024-06-30,630460000.0,T
027642,EQUIPAV SANEAMENTO S.A.,2024-09-30,578656000.0,T
027669,CORPÓREOS - SERVIÇOS TERAPÊUTICOS S.A.,2024-03-31,27625000.0,T
027669,CORPÓREOS - SERVIÇOS TERAPÊUTICOS S.A.,2024-06-30,10578000.0,T
027669,CORPÓREOS - SERVIÇOS TERAPÊUTICOS S.A.,2024-09-30,3663000.0,T
027677,ATOM EDUCAÇÃO E EDITORA S.A.,2024-03-31,3025000.0,T
027677,ATOM EDUCAÇÃO E EDITORA S.A.,2024-06-30,-547000.0,T
027677,ATOM EDUCAÇÃO E EDITORA S.A.,2024-09-30,-143000.0,T
027693,BRISANET SERVIÇOS DE TELECOMUNICAÇÕES S.A.,2024-03-31,20878000.0,T
027693,BRISANET SERVIÇOS DE TELECOMUNICAÇÕES S.A.,2024-06-30,18014000.0,T
027693,BRISANET SERVIÇOS DE TELECOMUNICAÇÕES S.A.,2024-09-30,17453000.0,T
027707,AUTOMOB PARTICIPAÇÕES S.A.,2024-03-31,-15160000.0,T
027707,AUTOMOB PARTICIPAÇÕES S.A.,2024-06-30,-37267000.0,T
027707,AUTOMOB PARTICIPAÇÕES S.A.,2024-09-30,-9609000.0,T
027715,EPR INFRAESTRUTURA PR S.A.,2024-03-31,76000.0,T
027715,EPR INFRAESTRUTURA PR S.A.,2024-06-30,84758000.0,T
027715,EPR INFRAESTRUTURA PR S.A.,2024-09-30,98639000.0,T
027731,CONCESSIONÁRIA DA LINHA 4 DO METRÔ DE SÃO PAULO S.A.,2024-03-31,85606000.0,T
027731,CONCESSIONÁRIA DA LINHA 4 DO METRÔ DE SÃO PAULO S.A.,2024-06-30,114118000.0,T
027731,CONCESSIONÁRIA DA LINHA 4 DO METRÔ DE SÃO PAULO S.A.,2024-09-30,108136000.0,T
027740,PRIO FORTE S.A.,2024-03-31,273234000.0,T
027740,PRIO FORTE S.A.,2024-06-30,14335000.0,T
027740,PRIO FORTE S.A.,2024-09-30,33396000.0,T
027766,UNIÃO PET PARTICIPAÇÕES S.A.,2024-03-31,11736000.0,T
027766,UNIÃO PET PARTICIPAÇÕES S.A.,2024-06-30,26499000.0,T
027766,UNIÃO PET PARTICIPAÇÕES S.A.,2024-09-30,-2697000.0,T
027774,BTG PACTUAL COMMODITIES SERTRADING S.A.,2024-03-31,48771000.0,T
027774,BTG PACTUAL COMMODITIES SERTRADING S.A.,2024-06-30,57933000.0,T
027774,BTG PACTUAL COMMODITIES SERTRADING S.A.,2024-09-30,64723000.0,T
027847,TECNOGERA-LOCAÇÃO E TRANSFORMAÇÃO DE ENERGIA S.A.,2024-03-31,9661000.0,T
027847,TECNOGERA-LOCAÇÃO E TRANSFORMAÇÃO DE ENERGIA S.A.,2024-06-30,3160000.0,T
027847,TECNOGERA-LOCAÇÃO E TRANSFORMAÇÃO DE ENERGIA S.A.,2024-09-30,9115000.0,T
080020,"GP INVESTMENTS, LTD.",2024-03-31,38652000.0,T
080020,"GP INVESTMENTS, LTD.",2024-06-30,11979000.0,T
080020,"GP INVESTMENTS, LTD.",2024-09-30,-59797000.0,T
080187,AURA MINERALS INC.,2024-03-31,-45636000.0,T
080187,AURA MINERALS INC.,2024-06-30,-134363000.0,T
080187,AURA MINERALS INC.,2024-09-30,-66118000.0,T
080217,"INTER & CO, INC.",2024-03-31,195220000.0,T
080217,"INTER & CO, INC.",2024-06-30,222665000.0,T
080217,"INTER & CO, INC.",2024-09-30,260011000.0,T
080225,ALMACENES ÉXITO S.A.,2024-03-31,-10086000.0,T
080225,ALMACENES ÉXITO S.A.,2024-06-30,45338000.0,T
080225,ALMACENES ÉXITO S.A.,2024-09-30,10246000.0,T
080233,JBS N.V.,2024-03-31,408321000.0,T
080233,JBS N.V.,2024-06-30,424782000.0,T
080233,JBS N.V.,2024-09-30,952637000.0,T
000094,PANATLANTICA S.A.,2025-03-31,17116000.0,T
000094,PANATLANTICA S.A.,2025-06-30,7844000.0,T
000094,PANATLANTICA S.A.,2025-09-30,5067000.0,T
000701,BIOMA EDUCAÇÃO S.A.,2025-03-31,-17120000.0,T
000701,BIOMA EDUCAÇÃO S.A.,2025-06-30,-10619000.0,T
000701,BIOMA EDUCAÇÃO S.A.,2025-09-30,2131000.0,T
000906,BCO BRADESCO S.A.,2025-03-31,5675662000.0,T
000906,BCO BRADESCO S.A.,2025-06-30,6139265000.0,T
000906,BCO BRADESCO S.A.,2025-09-30,5568016000.0,T
001023,BCO BRASIL S.A.,2025-03-31,4177854000.0,T
001023,BCO BRASIL S.A.,2025-06-30,3582262000.0,T
001023,BCO BRASIL S.A.,2025-09-30,3006743000.0,T
001155,BANESTES S.A. - BCO EST ESPIRITO SANTO,2025-03-31,111655000.0,T
001155,BANESTES S.A. - BCO EST ESPIRITO SANTO,2025-06-30,7138000.0,T
001155,BANESTES S.A. - BCO EST ESPIRITO SANTO,2025-09-30,105972000.0,T
001210,BANCO DO ESTADO DO RIO GRANDE DO SUL SA,2025-03-31,222951000.0,T
001210,BANCO DO ESTADO DO RIO GRANDE DO SUL SA,2025-06-30,407230000.0,T
001210,BANCO DO ESTADO DO RIO GRANDE DO SUL SA,2025-09-30,365774000.0,T
001325,BCO MERCANTIL DO BRASIL S.A.,2025-03-31,115036000.0,T
001325,BCO MERCANTIL DO BRASIL S.A.,2025-06-30,242805000.0,T
001325,BCO MERCANTIL DO BRASIL S.A.,2025-09-30,267193000.0,T
001350,BANCO NACIONAL S.A.,2025-03-31,674715000.0,T
001520,BARDELLA S.A. INDUSTRIAS MECANICAS EM RECUPERAÇÃO JUDICIAL,2025-03-31,-9647000.0,T
001520,BARDELLA S.A. INDUSTRIAS MECANICAS EM RECUPERAÇÃO JUDICIAL,2025-06-30,-8514000.0,T
001520,BARDELLA S.A. INDUSTRIAS MECANICAS EM RECUPERAÇÃO JUDICIAL,2025-09-30,24927000.0,T
001562,BAUMER S.A.,2025-03-31,4771000.0,T
001562,BAUMER S.A.,2025-06-30,6265000.0,T
001562,BAUMER S.A.,2025-09-30,1419000.0,T
002100,CAMBUCI S.A.,2025-03-31,19111000.0,T
002100,CAMBUCI S.A.,2025-06-30,20144000.0,T
002100,CAMBUCI S.A.,2025-09-30,17064000.0,T
002429,IRANI PAPEL E EMBALAGEM S.A.,2025-03-31,58695000.0,T
002429,IRANI PAPEL E EMBALAGEM S.A.,2025-06-30,104247000.0,T
002429,IRANI PAPEL E EMBALAGEM S.A.,2025-09-30,41111000.0,T
002437,AXIA ENERGIA S.A.,2025-03-31,-353614000.0,T
002437,AXIA ENERGIA S.A.,2025-06-30,-1325105000.0,T
002437,AXIA ENERGIA S.A.,2025-09-30,-5448117000.0,T
002453,CIA ENERGETICA DE MINAS GERAIS - CEMIG,2025-03-31,1038740000.0,T
002453,CIA ENERGETICA DE MINAS GERAIS - CEMIG,2025-06-30,1188281000.0,T
002453,CIA ENERGETICA DE MINAS GERAIS - CEMIG,2025-09-30,796742000.0,T
002461,CENTRAIS ELET DE SANTA CATARINA S.A.,2025-03-31,252683000.0,T
002461,CENTRAIS ELET DE SANTA CATARINA S.A.,2025-06-30,148491000.0,T
002461,CENTRAIS ELET DE SANTA CATARINA S.A.,2025-09-30,170116000.0,T
002577,CESP - CIA ENERGETICA DE SAO PAULO,2025-03-31,52959000.0,T
002577,CESP - CIA ENERGETICA DE SAO PAULO,2025-06-30,8095000.0,T
002577,CESP - CIA ENERGETICA DE SAO PAULO,2025-09-30,-42066000.0,T
003069,CIA FERRO LIGAS DA BAHIA - FERBASA,2025-03-31,24248000.0,T
003069,CIA FERRO LIGAS DA BAHIA - FERBASA,2025-06-30,18689000.0,T
003069,CIA FERRO LIGAS DA BAHIA - FERBASA,2025-09-30,45959000.0,T
003077,CIA FIACAO TECIDOS CEDRO CACHOEIRA,2025-03-31,4604000.0,T
003077,CIA FIACAO TECIDOS CEDRO CACHOEIRA,2025-06-30,-11308000.0,T
003077,CIA FIACAO TECIDOS CEDRO CACHOEIRA,2025-09-30,-13063000.0,T
003190,REDE ENERGIA PARTICIPAÇÕES S.A.,2025-03-31,502337000.0,T
003190,REDE ENERGIA PARTICIPAÇÕES S.A.,2025-06-30,431275000.0,T
003190,REDE ENERGIA PARTICIPAÇÕES S.A.,2025-09-30,415774000.0,T
003204,CPFL TRANSMISSÃO S.A.,2025-03-31,196792000.0,T
003204,CPFL TRANSMISSÃO S.A.,2025-06-30,53180000.0,T
003204,CPFL TRANSMISSÃO S.A.,2025-09-30,84985000.0,T
003298,CIA HABITASUL DE PARTICIPACOES,2025-03-31,7840000.0,T
003298,CIA HABITASUL DE PARTICIPACOES,2025-06-30,7684000.0,T
003298,CIA HABITASUL DE PARTICIPACOES,2025-09-30,4986000.0,T
003328,AXIA ENERGIA NORDESTE S.A.,2025-03-31,-806994000.0,T
003328,AXIA ENERGIA NORDESTE S.A.,2025-06-30,-339833000.0,T
003328,AXIA ENERGIA NORDESTE S.A.,2025-09-30,190541000.0,T
003395,COMPANHIA INDUSTRIAL CATAGUASES,2025-03-31,3538000.0,T
003395,COMPANHIA INDUSTRIAL CATAGUASES,2025-06-30,5458000.0,T
003395,COMPANHIA INDUSTRIAL CATAGUASES,2025-09-30,5672000.0,T
003549,CIA INDUSTRIAL SCHLOSSER S.A.,2025-03-31,-53.0,T
003549,CIA INDUSTRIAL SCHLOSSER S.A.,2025-06-30,-170.0,T
003549,CIA INDUSTRIAL SCHLOSSER S.A.,2025-09-30,-228.0,T
003654,CIA MELHORAMENTOS DE SAO PAULO,2025-03-31,-10318000.0,T
003654,CIA MELHORAMENTOS DE SAO PAULO,2025-06-30,-10488000.0,T
003654,CIA MELHORAMENTOS DE SAO PAULO,2025-09-30,-9976000.0,T
003980,GERDAU S.A.,2025-03-31,757804000.0,T
003980,GERDAU S.A.,2025-06-30,864497000.0,T
003980,GERDAU S.A.,2025-09-30,1089880000.0,T
004030,CIA SIDERURGICA NACIONAL,2025-03-31,-731580000.0,T
004030,CIA SIDERURGICA NACIONAL,2025-06-30,-130369000.0,T
004030,CIA SIDERURGICA NACIONAL,2025-09-30,76438000.0,T
004146,KARSTEN S.A.,2025-03-31,13086000.0,T
004146,KARSTEN S.A.,2025-06-30,16946000.0,T
004146,KARSTEN S.A.,2025-09-30,18428000.0,T
004170,VALE S.A.,2025-03-31,8173000000.0,T
004170,VALE S.A.,2025-06-30,12187000000.0,T
004170,VALE S.A.,2025-09-30,14671000000.0,T
004448,COBRASMA S.A.,2025-03-31,-1106901000.0,T
004448,COBRASMA S.A.,2025-06-30,-861661000.0,T
004448,COBRASMA S.A.,2025-09-30,-1117803000.0,T
004537,GRAZZIOTIN S.A.,2025-03-31,4415000.0,T
004537,GRAZZIOTIN S.A.,2025-06-30,40075000.0,T
004537,GRAZZIOTIN S.A.,2025-09-30,8260000.0,T
004669,GUARARAPES CONFECCOES S.A.,2025-03-31,-26650000.0,T
004669,GUARARAPES CONFECCOES S.A.,2025-06-30,143210000.0,T
004669,GUARARAPES CONFECCOES S.A.,2025-09-30,73584000.0,T
004693,CONSERVAS ODERICH S.A.,2025-03-31,17267000.0,T
004693,CONSERVAS ODERICH S.A.,2025-06-30,12826000.0,T
004693,CONSERVAS ODERICH S.A.,2025-09-30,24679000.0,T
004723,CONSTRUTORA ADOLPHO LINDENBERG S.A.,2025-03-31,1206000.0,T
004723,CONSTRUTORA ADOLPHO LINDENBERG S.A.,2025-06-30,11978000.0,T
004723,CONSTRUTORA ADOLPHO LINDENBERG S.A.,2025-09-30,-931000.0,T
004820,BRASKEM S.A.,2025-03-31,632000000.0,T
004820,BRASKEM S.A.,2025-06-30,-390000000.0,T
004820,BRASKEM S.A.,2025-09-30,-174000000.0,T
005258,RAIA DROGASIL S.A.,2025-03-31,165079000.0,T
005258,RAIA DROGASIL S.A.,2025-06-30,382945000.0,T
005258,RAIA DROGASIL S.A.,2025-09-30,461681000.0,T
005312,MUNDIAL S.A. - PRODUTOS DE CONSUMO,2025-03-31,-654000.0,T
005312,MUNDIAL S.A. - PRODUTOS DE CONSUMO,2025-06-30,-9966000.0,T
005312,MUNDIAL S.A. - PRODUTOS DE CONSUMO,2025-09-30,-11175000.0,T
005380,ELECTRO ACO ALTONA S.A.,2025-03-31,41606000.0,T
005380,ELECTRO ACO ALTONA S.A.,2025-06-30,4581000.0,T
005380,ELECTRO ACO ALTONA S.A.,2025-09-30,39005000.0,T
005410,WEG S.A.,2025-03-31,1637180000.0,T
005410,WEG S.A.,2025-06-30,1692662000.0,T
005410,WEG S.A.,2025-09-30,1744754000.0,T
005762,ETERNIT S.A.,2025-03-31,-10754000.0,T
005762,ETERNIT S.A.,2025-06-30,30619000.0,T
005762,ETERNIT S.A.,2025-09-30,18978000.0,T
005770,EUCATEX S.A. INDUSTRIA E COMERCIO,2025-03-31,95960000.0,T
005770,EUCATEX S.A. INDUSTRIA E COMERCIO,2025-06-30,84953000.0,T
005770,EUCATEX S.A. INDUSTRIA E COMERCIO,2025-09-30,81091000.0,T
005983,FIACAO E TECELAGEM SAO JOSE SA EM RECUPERACAO JUDICIAL,2025-03-31,-2412000.0,T
005983,FIACAO E TECELAGEM SAO JOSE SA EM RECUPERACAO JUDICIAL,2025-06-30,-1456000.0,T
005983,FIACAO E TECELAGEM SAO JOSE SA EM RECUPERACAO JUDICIAL,2025-09-30,-1782000.0,T
006173,TAURUS ARMAS S.A.,2025-03-31,18627000.0,T
006173,TAURUS ARMAS S.A.,2025-06-30,33163000.0,T
006173,TAURUS ARMAS S.A.,2025-09-30,31475000.0,T
006211,FRASLE MOBILITY S.A.,2025-03-31,69971000.0,T
006211,FRASLE MOBILITY S.A.,2025-06-30,49728000.0,T
006211,FRASLE MOBILITY S.A.,2025-09-30,107551000.0,T
006343,TUPY S.A.,2025-03-31,-12193000.0,T
006343,TUPY S.A.,2025-06-30,23935000.0,T
006343,TUPY S.A.,2025-09-30,-39749000.0,T
006505,GRUPO CASAS BAHIA S.A.,2025-03-31,-408000000.0,T
006505,GRUPO CASAS BAHIA S.A.,2025-06-30,-555000000.0,T
006505,GRUPO CASAS BAHIA S.A.,2025-09-30,-496000000.0,T
006700,HOTEIS OTHON S.A. - EM RECUPERAÇÃO JUDICIAL,2025-03-31,12516000.0,T
006700,HOTEIS OTHON S.A. - EM RECUPERAÇÃO JUDICIAL,2025-06-30,13399000.0,T
006700,HOTEIS OTHON S.A. - EM RECUPERAÇÃO JUDICIAL,2025-09-30,3400000.0,T
007510,ROMI S.A.,2025-03-31,10088000.0,T
007510,ROMI S.A.,2025-06-30,16374000.0,T
007510,ROMI S.A.,2025-09-30,27356000.0,T
007544,TEXTIL RENAUXVIEW S.A.,2025-03-31,-18675000.0,T
007544,TEXTIL RENAUXVIEW S.A.,2025-06-30,-13558000.0,T
007544,TEXTIL RENAUXVIEW S.A.,2025-09-30,-11333000.0,T
007595,INEPAR S.A. INDUSTRIA E CONSTRUCOES EM RECUPERACAO JUDICIAL,2025-03-31,-51174000.0,T
007595,INEPAR S.A. INDUSTRIA E CONSTRUCOES EM RECUPERACAO JUDICIAL,2025-06-30,-298097000.0,T
007595,INEPAR S.A. INDUSTRIA E CONSTRUCOES EM RECUPERACAO JUDICIAL,2025-09-30,-32913000.0,T
007617,ITAÚSA S.A.,2025-03-31,3955000000.0,T
007617,ITAÚSA S.A.,2025-06-30,4093000000.0,T
007617,ITAÚSA S.A.,2025-09-30,4217000000.0,T
007811,JOAO FORTES ENGENHARIA S.A. - EM RECUPERAÇÃO JUDICIAL,2025-03-31,-40944000.0,T
007811,JOAO FORTES ENGENHARIA S.A. - EM RECUPERAÇÃO JUDICIAL,2025-06-30,-57150000.0,T
007811,JOAO FORTES ENGENHARIA S.A. - EM RECUPERAÇÃO JUDICIAL,2025-09-30,-37325000.0,T
007870,KEPLER WEBER S.A.,2025-03-31,25552000.0,T
007870,KEPLER WEBER S.A.,2025-06-30,14396000.0,T
007870,KEPLER WEBER S.A.,2025-09-30,51570000.0,T
008133,LOJAS RENNER S.A.,2025-03-31,221033000.0,T
008133,LOJAS RENNER S.A.,2025-06-30,404496000.0,T
008133,LOJAS RENNER S.A.,2025-09-30,279395000.0,T
008192,TREVISA INVESTIMENTOS S.A.,2025-03-31,3953000.0,T
008192,TREVISA INVESTIMENTOS S.A.,2025-06-30,3310000.0,T
008192,TREVISA INVESTIMENTOS S.A.,2025-09-30,7140000.0,T
008397,MANGELS INDUSTRIAL S.A.,2025-03-31,9183000.0,T
008397,MANGELS INDUSTRIAL S.A.,2025-06-30,12668000.0,T
008397,MANGELS INDUSTRIAL S.A.,2025-09-30,10159000.0,T
008427,MANUFATURA DE BRINQUEDOS ESTRELA S.A.,2025-03-31,-19352000.0,T
008427,MANUFATURA DE BRINQUEDOS ESTRELA S.A.,2025-06-30,-19407000.0,T
008427,MANUFATURA DE BRINQUEDOS ESTRELA S.A.,2025-09-30,209025000.0,T
008451,MARCOPOLO S.A.,2025-03-31,243071000.0,T
008451,MARCOPOLO S.A.,2025-06-30,321091000.0,T
008451,MARCOPOLO S.A.,2025-09-30,329618000.0,T
008575,MAHLE METAL LEVE S.A.,2025-03-31,158693000.0,T
008575,MAHLE METAL LEVE S.A.,2025-06-30,126754000.0,T
008575,MAHLE METAL LEVE S.A.,2025-09-30,187325000.0,T
008656,METALURGICA GERDAU S.A.,2025-03-31,755906000.0,T
008656,METALURGICA GERDAU S.A.,2025-06-30,862730000.0,T
008656,METALURGICA GERDAU S.A.,2025-09-30,1089920000.0,T
008672,IGUATEMI S.A.,2025-03-31,107461000.0,T
008672,IGUATEMI S.A.,2025-06-30,209123000.0,T
008672,IGUATEMI S.A.,2025-09-30,120892000.0,T
008745,METANOR SA METANOL DO NE,2025-03-31,7106000.0,T
008745,METANOR SA METANOL DO NE,2025-06-30,6885000.0,T
008745,METANOR SA METANOL DO NE,2025-09-30,5802000.0,T
008753,METISA METALURGICA TIMBOENSE S.A.,2025-03-31,8939259.0,T
008753,METISA METALURGICA TIMBOENSE S.A.,2025-06-30,10485452.0,T
008753,METISA METALURGICA TIMBOENSE S.A.,2025-09-30,12128646.0,T
008893,MONTEIRO ARANHA S.A.,2025-03-31,-72099000.0,T
008893,MONTEIRO ARANHA S.A.,2025-06-30,8543000.0,T
008893,MONTEIRO ARANHA S.A.,2025-09-30,30304000.0,T
009067,SUZANO HOLDING S.A.,2025-03-31,6349430000.0,T
009067,SUZANO HOLDING S.A.,2025-06-30,5010295000.0,T
009067,SUZANO HOLDING S.A.,2025-09-30,1965228000.0,T
009342,DIMED S.A. DISTRIBUIDORA DE MEDICAMENTOS,2025-03-31,25466000.0,T
009342,DIMED S.A. DISTRIBUIDORA DE MEDICAMENTOS,2025-06-30,25090000.0,T
009342,DIMED S.A. DISTRIBUIDORA DE MEDICAMENTOS,2025-09-30,31302000.0,T
009393,PARANAPANEMA S.A. - EM RECUPERAÇÃO JUDICIAL,2025-03-31,-131917000.0,T
009393,PARANAPANEMA S.A. - EM RECUPERAÇÃO JUDICIAL,2025-06-30,-257487000.0,T
009393,PARANAPANEMA S.A. - EM RECUPERAÇÃO JUDICIAL,2025-09-30,-371565000.0,T
009512,PETROLEO BRASILEIRO S.A. PETROBRAS,2025-03-31,35331000000.0,T
009512,PETROLEO BRASILEIRO S.A. PETROBRAS,2025-06-30,26774000000.0,T
009512,PETROLEO BRASILEIRO S.A. PETROBRAS,2025-09-30,32847000000.0,T
009539,PETTENATI S.A. INDUSTRIA TEXTIL,2025-03-31,12743573.0,T
009539,PETTENATI S.A. INDUSTRIA TEXTIL,2025-09-30,15934226.0,T
009539,PETTENATI S.A. INDUSTRIA TEXTIL,2025-12-31,4740389.0,T
009989,REFINARIA DE PETROLEOS MANGUINHOS S.A.,2025-03-31,-408816000.0,T
009989,REFINARIA DE PETROLEOS MANGUINHOS S.A.,2025-06-30,-514368000.0,T
010456,ALPARGATAS S.A.,2025-03-31,112420000.0,T
010456,ALPARGATAS S.A.,2025-06-30,86956000.0,T
010456,ALPARGATAS S.A.,2025-09-30,171299000.0,T
010880,SONDOTECNICA ENGENHARIA SOLOS S.A.,2025-03-31,6594000.0,T
010880,SONDOTECNICA ENGENHARIA SOLOS S.A.,2025-06-30,4214000.0,T
010880,SONDOTECNICA ENGENHARIA SOLOS S.A.,2025-09-30,8348000.0,T
011070,WLM PART. E COMÉRCIO DE MÁQUINAS E VEÍCULOS S.A.,2025-03-31,21442000.0,T
011070,WLM PART. E COMÉRCIO DE MÁQUINAS E VEÍCULOS S.A.,2025-06-30,31188000.0,T
011070,WLM PART. E COMÉRCIO DE MÁQUINAS E VEÍCULOS S.A.,2025-09-30,33492000.0,T
011223,TEKA-TECELAGEM KUEHNRICH S.A. - EM RECUPERAÇÃO JUDICIAL,2025-03-31,115637000.0,T
011223,TEKA-TECELAGEM KUEHNRICH S.A. - EM RECUPERAÇÃO JUDICIAL,2025-06-30,-37035000.0,T
011223,TEKA-TECELAGEM KUEHNRICH S.A. - EM RECUPERAÇÃO JUDICIAL,2025-09-30,-38860000.0,T
011231,TEKNO S.A. - INDUSTRIA E COMERCIO,2025-03-31,10328000.0,T
011231,TEKNO S.A. - INDUSTRIA E COMERCIO,2025-06-30,5871000.0,T
011231,TEKNO S.A. - INDUSTRIA E COMERCIO,2025-09-30,6426000.0,T
011312,OI S.A. - EM RECUPERAÇÃO JUDICIAL,2025-03-31,1657010000.0,T
011312,OI S.A. - EM RECUPERAÇÃO JUDICIAL,2025-06-30,-835700000.0,T
011592,UNIPAR CARBOCLORO S.A.,2025-03-31,150352000.0,T
011592,UNIPAR CARBOCLORO S.A.,2025-06-30,231502000.0,T
011592,UNIPAR CARBOCLORO S.A.,2025-09-30,107258000.0,T
011762,VULCABRAS S.A.,2025-03-31,106065000.0,T
011762,VULCABRAS S.A.,2025-06-30,353277000.0,T
011762,VULCABRAS S.A.,2025-09-30,547172000.0,T
011932,IOCHPE MAXION S.A.,2025-03-31,35532000.0,T
011932,IOCHPE MAXION S.A.,2025-06-30,110333000.0,T
011932,IOCHPE MAXION S.A.,2025-09-30,73496000.0,T
011975,AZEVEDO E TRAVASSOS S.A.,2025-03-31,-13532000.0,T
011975,AZEVEDO E TRAVASSOS S.A.,2025-06-30,61267000.0,T
011975,AZEVEDO E TRAVASSOS S.A.,2025-09-30,-620391000.0,T
011991,WETZEL S.A.,2025-03-31,-6402000.0,T
011991,WETZEL S.A.,2025-06-30,-8410000.0,T
011991,WETZEL S.A.,2025-09-30,-3023000.0,T
012190,BOMBRIL S.A. - EM RECUPERAÇÃO JUDICIAL,2025-03-31,145000.0,T
012190,BOMBRIL S.A. - EM RECUPERAÇÃO JUDICIAL,2025-06-30,3778000.0,T
012190,BOMBRIL S.A. - EM RECUPERAÇÃO JUDICIAL,2025-09-30,27188000.0,T
012572,RECRUSUL S.A.,2025-03-31,-2996000.0,T
012572,RECRUSUL S.A.,2025-06-30,-4593000.0,T
012572,RECRUSUL S.A.,2025-09-30,-4979000.0,T
012653,KLABIN S.A.,2025-03-31,446499000.0,T
012653,KLABIN S.A.,2025-06-30,585329000.0,T
012653,KLABIN S.A.,2025-09-30,477884000.0,T
012696,SANSUY S.A. INDUSTRIA DE PLASTICOS,2025-03-31,-57991000.0,T
012696,SANSUY S.A. INDUSTRIA DE PLASTICOS,2025-06-30,-79634000.0,T
012696,SANSUY S.A. INDUSTRIA DE PLASTICOS,2025-09-30,-65738000.0,T
012823,ALIPERTI S.A.,2025-03-31,2130000.0,T
012823,ALIPERTI S.A.,2025-06-30,14648000.0,T
012823,ALIPERTI S.A.,2025-09-30,3305000.0,T
013030,CONSTRUTORA SULTEPA S.A. - EM RECUPERAÇÃO JUDICIAL,2025-03-31,41300000.0,T
013030,CONSTRUTORA SULTEPA S.A. - EM RECUPERAÇÃO JUDICIAL,2025-06-30,21704000.0,T
013030,CONSTRUTORA SULTEPA S.A. - EM RECUPERAÇÃO JUDICIAL,2025-09-30,9406000.0,T
013285,JOSAPAR-JOAQUIM OLIVEIRA S.A. - PARTICIP,2025-03-31,2505000.0,T
013285,JOSAPAR-JOAQUIM OLIVEIRA S.A. - PARTICIP,2025-06-30,2999000.0,T
013285,JOSAPAR-JOAQUIM OLIVEIRA S.A. - PARTICIP,2025-09-30,5545000.0,T
013366,HAGA S.A. INDUSTRIA E COMERCIO,2025-03-31,539396.0,T
013366,HAGA S.A. INDUSTRIA E COMERCIO,2025-06-30,-399240.0,T
013366,HAGA S.A. INDUSTRIA E COMERCIO,2025-09-30,922028.0,T
013439,METALURGICA RIOSULENSE S.A.,2025-03-31,15042000.0,T
013439,METALURGICA RIOSULENSE S.A.,2025-06-30,15139000.0,T
013439,METALURGICA RIOSULENSE S.A.,2025-09-30,20195000.0,T
013471,PLASCAR PARTICIPACOES INDUSTRIAIS S.A.,2025-03-31,-57883000.0,T
013471,PLASCAR PARTICIPACOES INDUSTRIAIS S.A.,2025-06-30,-49830000.0,T
013471,PLASCAR PARTICIPACOES INDUSTRIAIS S.A.,2025-09-30,-46583000.0,T
013765,MINUPAR PARTICIPACOES S.A.,2025-03-31,11372000.0,T
013765,MINUPAR PARTICIPACOES S.A.,2025-06-30,492400000.0,T
013765,MINUPAR PARTICIPACOES S.A.,2025-09-30,10142000.0,T
013773,PBG S/A,2025-03-31,-32721000.0,T
013773,PBG S/A,2025-06-30,-44189000.0,T
013773,PBG S/A,2025-09-30,-41069000.0,T
013781,SAO CARLOS EMPREEND E PARTICIPACOES S.A.,2025-03-31,-6214000.0,T
013781,SAO CARLOS EMPREEND E PARTICIPACOES S.A.,2025-06-30,-3890000.0,T
013781,SAO CARLOS EMPREEND E PARTICIPACOES S.A.,2025-09-30,-22776000.0,T
013986,SUZANO S.A.,2025-03-31,6348178000.0,T
013986,SUZANO S.A.,2025-06-30,5011953000.0,T
013986,SUZANO S.A.,2025-09-30,1961387000.0,T
014109,RANDONCORP S.A.,2025-03-31,47168000.0,T
014109,RANDONCORP S.A.,2025-06-30,-1097000.0,T
014109,RANDONCORP S.A.,2025-09-30,89983000.0,T
014206,BRB BANCO DE BRASILIA S.A.,2025-03-31,199303000.0,T
014311,CIA PARANAENSE DE ENERGIA - COPEL,2025-03-31,664667000.0,T
014311,CIA PARANAENSE DE ENERGIA - COPEL,2025-06-30,573564000.0,T
014311,CIA PARANAENSE DE ENERGIA - COPEL,2025-09-30,383073000.0,T
014320,USINAS SID DE MINAS GERAIS S.A.-USIMINAS,2025-03-31,336999000.0,T
014320,USINAS SID DE MINAS GERAIS S.A.-USIMINAS,2025-06-30,127623000.0,T
014320,USINAS SID DE MINAS GERAIS S.A.-USIMINAS,2025-09-30,-3503338000.0,T
014346,WHIRLPOOL S.A.,2025-03-31,190824000.0,T
014346,WHIRLPOOL S.A.,2025-06-30,124715000.0,T
014346,WHIRLPOOL S.A.,2025-09-30,109717000.0,T
014443,CIA SANEAMENTO BASICO EST SAO PAULO,2025-03-31,1482092000.0,T
014443,CIA SANEAMENTO BASICO EST SAO PAULO,2025-06-30,2135962000.0,T
014443,CIA SANEAMENTO BASICO EST SAO PAULO,2025-09-30,2158565000.0,T
014451,COMPANHIA ENERGÉTICA DE BRASÍLIA - CEB,2025-03-31,64394000.0,T
014451,COMPANHIA ENERGÉTICA DE BRASÍLIA - CEB,2025-06-30,59286000.0,T
014451,COMPANHIA ENERGÉTICA DE BRASÍLIA - CEB,2025-09-30,53637000.0,T
014460,CYRELA BRAZIL REALTY S.A.EMPREEND E PART,2025-03-31,393813000.0,T
014460,CYRELA BRAZIL REALTY S.A.EMPREEND E PART,2025-06-30,479003000.0,T
014460,CYRELA BRAZIL REALTY S.A.EMPREEND E PART,2025-09-30,682963000.0,T
014664,SCHULZ S.A.,2025-03-31,71585000.0,T
014664,SCHULZ S.A.,2025-06-30,73989000.0,T
014664,SCHULZ S.A.,2025-09-30,68795000.0,T
014826,CIA BRASILEIRA DE DISTRIBUICAO,2025-03-31,-168000000.0,T
014826,CIA BRASILEIRA DE DISTRIBUICAO,2025-06-30,-215000000.0,T
014826,CIA BRASILEIRA DE DISTRIBUICAO,2025-09-30,137000000.0,T
015253,ENERGISA S.A.,2025-03-31,1026715000.0,T
015253,ENERGISA S.A.,2025-06-30,489761000.0,T
015253,ENERGISA S.A.,2025-09-30,648430000.0,T
015423,FICTOR ALIMENTOS S.A. - EM RECUPERAÇÃO JUDICIAL,2025-09-30,-2292000.0,T
015458,EMBPAR PARTICIPAÇÕES S/A,2025-03-31,-644000.0,T
015458,EMBPAR PARTICIPAÇÕES S/A,2025-06-30,-756000.0,T
015458,EMBPAR PARTICIPAÇÕES S/A,2025-09-30,886000.0,T
015539,NEOENERGIA S.A.,2025-03-31,1006000000.0,T
015539,NEOENERGIA S.A.,2025-06-30,1640000000.0,T
015539,NEOENERGIA S.A.,2025-09-30,930000000.0,T
016101,GAFISA S.A.,2025-03-31,21138000.0,T
016101,GAFISA S.A.,2025-06-30,6825000.0,T
016101,GAFISA S.A.,2025-09-30,-92114000.0,T
016292,BRF S.A.,2025-03-31,1185070000.0,T
016292,BRF S.A.,2025-06-30,734921000.0,T
016292,BRF S.A.,2025-09-30,790064000.0,T
016306,ROSSI RESIDENCIAL S.A. - EM RECUPERAÇÃO JUDICIAL,2025-03-31,-29926000.0,T
016438,SUL 116 PARTICIPAÇÕES S.A. - EM LIQUIDAÇÃO,2025-03-31,-144000.0,T
016438,SUL 116 PARTICIPAÇÕES S.A. - EM LIQUIDAÇÃO,2025-06-30,-29000.0,T
016438,SUL 116 PARTICIPAÇÕES S.A. - EM LIQUIDAÇÃO,2025-09-30,-18000.0,T
016632,DEXXOS PARTICIPAÇÕES S.A.,2025-03-31,52601000.0,T
016632,DEXXOS PARTICIPAÇÕES S.A.,2025-06-30,38904000.0,T
016632,DEXXOS PARTICIPAÇÕES S.A.,2025-09-30,29455000.0,T
016659,PORTO SEGURO S.A.,2025-03-31,845446000.0,T
016659,PORTO SEGURO S.A.,2025-06-30,889710000.0,T
016659,PORTO SEGURO S.A.,2025-09-30,842650000.0,T
016675,CEL PARTICIPAÇÕES S.A. - CELPAR,2025-03-31,48169.0,T
016675,CEL PARTICIPAÇÕES S.A. - CELPAR,2025-06-30,23302.0,T
016675,CEL PARTICIPAÇÕES S.A. - CELPAR,2025-09-30,43525.0,T
016705,YBYRÁ CAPITAL S.A.,2025-03-31,290280.0,T
016705,YBYRÁ CAPITAL S.A.,2025-06-30,-32340.0,T
016705,YBYRÁ CAPITAL S.A.,2025-09-30,-32340.0,T
016993,EMAE - EMPRESA METROP. DE AGUAS E ENERGIA S.A.,2025-03-31,34379000.0,T
016993,EMAE - EMPRESA METROP. DE AGUAS E ENERGIA S.A.,2025-06-30,31668000.0,T
016993,EMAE - EMPRESA METROP. DE AGUAS E ENERGIA S.A.,2025-09-30,287470000.0,T
017329,ENGIE BRASIL ENERGIA S.A.,2025-03-31,826349000.0,T
017329,ENGIE BRASIL ENERGIA S.A.,2025-06-30,567456000.0,T
017329,ENGIE BRASIL ENERGIA S.A.,2025-09-30,738105000.0,T
017450,RUMO S.A.,2025-03-31,-97176000.0,T
017450,RUMO S.A.,2025-06-30,333257000.0,T
017450,RUMO S.A.,2025-09-30,415896000.0,T
017671,TELEFÔNICA BRASIL S.A,2025-03-31,1056270000.0,T
017671,TELEFÔNICA BRASIL S.A,2025-06-30,1338805000.0,T
017671,TELEFÔNICA BRASIL S.A,2025-09-30,1887220000.0,T
017868,INEPAR EQUIPAMENTOS E MONTAGENS S/A - EM RECUPERACAO JUDICIA,2025-03-31,-935000.0,T
017868,INEPAR EQUIPAMENTOS E MONTAGENS S/A - EM RECUPERACAO JUDICIA,2025-06-30,-4249000.0,T
017868,INEPAR EQUIPAMENTOS E MONTAGENS S/A - EM RECUPERACAO JUDICIA,2025-09-30,-499000.0,T
017892,SANTOS BRASIL PARTICIPACOES S.A.,2025-03-31,198458000.0,T
017892,SANTOS BRASIL PARTICIPACOES S.A.,2025-06-30,193376000.0,T
017892,SANTOS BRASIL PARTICIPACOES S.A.,2025-09-30,231479000.0,T
017949,MRS LOGISTICA S.A.,2025-03-31,282716000.0,T
017949,MRS LOGISTICA S.A.,2025-06-30,482234000.0,T
017949,MRS LOGISTICA S.A.,2025-09-30,460675000.0,T
017973,COGNA EDUCAÇÃO S.A.,2025-03-31,94248000.0,T
017973,COGNA EDUCAÇÃO S.A.,2025-06-30,105897000.0,T
017973,COGNA EDUCAÇÃO S.A.,2025-09-30,177957000.0,T
018376,ISA ENERGIA BRASIL,2025-03-31,724705000.0,T
018376,ISA ENERGIA BRASIL,2025-06-30,232275000.0,T
018376,ISA ENERGIA BRASIL,2025-09-30,802797000.0,T
018414,PADTEC HOLDING S.A.,2025-03-31,-50000.0,T
018414,PADTEC HOLDING S.A.,2025-06-30,-7906000.0,T
018414,PADTEC HOLDING S.A.,2025-09-30,4094000.0,T
018465,ULTRAPAR PARTICIPACOES S.A.,2025-03-31,363184000.0,T
018465,ULTRAPAR PARTICIPACOES S.A.,2025-06-30,1150532000.0,T
018465,ULTRAPAR PARTICIPACOES S.A.,2025-09-30,772405000.0,T
018660,CPFL ENERGIA S.A.,2025-03-31,1615392000.0,T
018660,CPFL ENERGIA S.A.,2025-06-30,1185802000.0,T
018660,CPFL ENERGIA S.A.,2025-09-30,1376387000.0,T
018708,CIA PARTICIPACOES ALIANCA DA BAHIA,2025-03-31,2809000.0,T
018708,CIA PARTICIPACOES ALIANCA DA BAHIA,2025-06-30,10648000.0,T
018708,CIA PARTICIPACOES ALIANCA DA BAHIA,2025-09-30,7903000.0,T
018775,INVESTIMENTOS E PARTICIP. EM INFRA S.A. - INVEPAR,2025-03-31,-90505000.0,T
018775,INVESTIMENTOS E PARTICIP. EM INFRA S.A. - INVEPAR,2025-06-30,128926000.0,T
018775,INVESTIMENTOS E PARTICIP. EM INFRA S.A. - INVEPAR,2025-09-30,215787000.0,T
018821,MOTIVA INFRAESTRUTURA DE MOBILIDADE S.A.,2025-03-31,549283000.0,T
018821,MOTIVA INFRAESTRUTURA DE MOBILIDADE S.A.,2025-06-30,884434000.0,T
018821,MOTIVA INFRAESTRUTURA DE MOBILIDADE S.A.,2025-09-30,1419122000.0,T
018953,CPFL GERACAO DE ENERGIA S.A.,2025-03-31,388114000.0,T
018953,CPFL GERACAO DE ENERGIA S.A.,2025-06-30,260498000.0,T
018953,CPFL GERACAO DE ENERGIA S.A.,2025-09-30,408357000.0,T
019100,CONTAX PARTICIPAÇÕES S.A. - EM RECUPERAÇÃO JUDICIAL,2025-03-31,-41917000.0,T
019100,CONTAX PARTICIPAÇÕES S.A. - EM RECUPERAÇÃO JUDICIAL,2025-06-30,-3072000.0,T
019100,CONTAX PARTICIPAÇÕES S.A. - EM RECUPERAÇÃO JUDICIAL,2025-09-30,-15262000.0,T
019232,PRODUTORES ENERGET.DE MANSO S.A.- PROMAN,2025-03-31,57000.0,T
019232,PRODUTORES ENERGET.DE MANSO S.A.- PROMAN,2025-06-30,53000.0,T
019232,PRODUTORES ENERGET.DE MANSO S.A.- PROMAN,2025-09-30,58000.0,T
019305,BIOMM S.A.,2025-03-31,-11735000.0,T
019305,BIOMM S.A.,2025-06-30,-13737000.0,T
019305,BIOMM S.A.,2025-09-30,-10598000.0,T
019330,TPI - TRIUNFO PARTICIP. E INVEST. S.A.,2025-03-31,-10966000.0,T
019330,TPI - TRIUNFO PARTICIP. E INVEST. S.A.,2025-06-30,-40964000.0,T
019330,TPI - TRIUNFO PARTICIP. E INVEST. S.A.,2025-09-30,-23435000.0,T
019348,ITAU UNIBANCO HOLDING S.A.,2025-03-31,10707000000.0,T
019348,ITAU UNIBANCO HOLDING S.A.,2025-06-30,11398000000.0,T
019348,ITAU UNIBANCO HOLDING S.A.,2025-09-30,11600000000.0,T
019445,CIA SANEAMENTO DE MINAS GERAIS-COPASA MG,2025-03-31,428509000.0,T
019445,CIA SANEAMENTO DE MINAS GERAIS-COPASA MG,2025-06-30,289441000.0,T
019445,CIA SANEAMENTO DE MINAS GERAIS-COPASA MG,2025-09-30,360830000.0,T
019453,ECORODOVIAS INFRAESTRUTURA E LOGÍSTICA S.A.,2025-03-31,136679000.0,T
019453,ECORODOVIAS INFRAESTRUTURA E LOGÍSTICA S.A.,2025-06-30,199251000.0,T
019453,ECORODOVIAS INFRAESTRUTURA E LOGÍSTICA S.A.,2025-09-30,431304000.0,T
019550,NATURA COSMÉTICOS S.A.,2025-03-31,96739000.0,T
019550,NATURA COSMÉTICOS S.A.,2025-06-30,365298000.0,T
019550,NATURA COSMÉTICOS S.A.,2025-09-30,-1926103000.0,T
019569,GOL LINHAS AEREAS INTELIGENTES S.A.,2025-03-31,1376364000.0,T
019569,GOL LINHAS AEREAS INTELIGENTES S.A.,2025-06-30,-1531832000.0,T
019569,GOL LINHAS AEREAS INTELIGENTES S.A.,2025-09-30,247842000.0,T
019615,GRENDENE S.A.,2025-03-31,113364000.0,T
019615,GRENDENE S.A.,2025-06-30,143575000.0,T
019615,GRENDENE S.A.,2025-09-30,138485000.0,T
019623,DIAGNOSTICOS DA AMERICA S.A.,2025-03-31,-111528000.0,T
019623,DIAGNOSTICOS DA AMERICA S.A.,2025-06-30,-175646000.0,T
019623,DIAGNOSTICOS DA AMERICA S.A.,2025-09-30,99872000.0,T
019739,LOCALIZA RENT A CAR S.A.,2025-03-31,842453000.0,T
019739,LOCALIZA RENT A CAR S.A.,2025-06-30,-168575000.0,T
019739,LOCALIZA RENT A CAR S.A.,2025-09-30,258078000.0,T
019763,EDP - ENERGIAS DO BRASIL S.A.,2025-03-31,512394000.0,T
019763,EDP - ENERGIAS DO BRASIL S.A.,2025-06-30,417029000.0,T
019763,EDP - ENERGIAS DO BRASIL S.A.,2025-09-30,728644000.0,T
019771,ARTERIS S.A.,2025-03-31,-343532000.0,T
019771,ARTERIS S.A.,2025-06-30,-196425000.0,T
019771,ARTERIS S.A.,2025-09-30,-132676000.0,T
019836,COSAN S.A.,2025-03-31,-1935398000.0,T
019836,COSAN S.A.,2025-06-30,-568097000.0,T
019836,COSAN S.A.,2025-09-30,-834429000.0,T
019879,LIGHT S.A. - EM RECUPERAÇÃO JUDICIAL,2025-03-31,419248000.0,T
019879,LIGHT S.A. - EM RECUPERAÇÃO JUDICIAL,2025-06-30,-51444000.0,T
019879,LIGHT S.A. - EM RECUPERAÇÃO JUDICIAL,2025-09-30,32617000.0,T
019909,BR MALLS PARTICIPACOES S.A.,2025-03-31,144469000.0,T
019909,BR MALLS PARTICIPACOES S.A.,2025-06-30,153019000.0,T
019909,BR MALLS PARTICIPACOES S.A.,2025-09-30,142827000.0,T
019992,TOTVS S.A.,2025-03-31,200595000.0,T
019992,TOTVS S.A.,2025-06-30,195087000.0,T
019992,TOTVS S.A.,2025-09-30,251542000.0,T
020010,EQUATORIAL S.A.,2025-03-31,706281000.0,T
020010,EQUATORIAL S.A.,2025-06-30,1289635000.0,T
020010,EQUATORIAL S.A.,2025-09-30,609805000.0,T
020028,VALID SOLUÇÕES S.A.,2025-03-31,73580000.0,T
020028,VALID SOLUÇÕES S.A.,2025-06-30,54880000.0,T
020028,VALID SOLUÇÕES S.A.,2025-09-30,51805000.0,T
020036,BRASILAGRO - CIA BRAS DE PROP AGRICOLAS,2025-03-31,-1093000.0,T
020036,BRASILAGRO - CIA BRAS DE PROP AGRICOLAS,2025-09-30,-64275000.0,T
020036,BRASILAGRO - CIA BRAS DE PROP AGRICOLAS,2025-12-31,2511000.0,T
020044,CSU DIGITAL S.A.,2025-03-31,24434000.0,T
020044,CSU DIGITAL S.A.,2025-06-30,23680000.0,T
020044,CSU DIGITAL S.A.,2025-09-30,23801000.0,T
020060,LUPATECH S.A,2025-03-31,-11384000.0,T
020060,LUPATECH S.A,2025-06-30,-12645000.0,T
020060,LUPATECH S.A,2025-09-30,5120000.0,T
020087,EMBRAER S.A.,2025-03-31,470895000.0,T
020087,EMBRAER S.A.,2025-06-30,397478000.0,T
020087,EMBRAER S.A.,2025-09-30,688122000.0,T
020125,BRADSAÚDE S.A.,2025-03-31,169569000.0,T
020125,BRADSAÚDE S.A.,2025-06-30,147797000.0,T
020125,BRADSAÚDE S.A.,2025-09-30,142376000.0,T
020257,TRANSMISSORA ALIANÇA DE ENERGIA ELÉTRICA S.A.,2025-03-31,365161000.0,T
020257,TRANSMISSORA ALIANÇA DE ENERGIA ELÉTRICA S.A.,2025-06-30,510019000.0,T
020257,TRANSMISSORA ALIANÇA DE ENERGIA ELÉTRICA S.A.,2025-09-30,340606000.0,T
020320,CEMIG GERACAO E TRANSMISSAO S.A.,2025-03-31,541277000.0,T
020320,CEMIG GERACAO E TRANSMISSAO S.A.,2025-06-30,342120000.0,T
020320,CEMIG GERACAO E TRANSMISSAO S.A.,2025-09-30,386500000.0,T
020338,M.DIAS BRANCO S.A. IND COM DE ALIMENTOS,2025-03-31,69409000.0,T
020338,M.DIAS BRANCO S.A. IND COM DE ALIMENTOS,2025-06-30,216382000.0,T
020338,M.DIAS BRANCO S.A. IND COM DE ALIMENTOS,2025-09-30,216077000.0,T
020346,PROFARMA DISTRIB PROD FARMACEUTICOS S.A.,2025-03-31,11709000.0,T
020346,PROFARMA DISTRIB PROD FARMACEUTICOS S.A.,2025-06-30,23490000.0,T
020346,PROFARMA DISTRIB PROD FARMACEUTICOS S.A.,2025-09-30,49071000.0,T
020362,POSITIVO TECNOLOGIA S.A.,2025-03-31,-12608000.0,T
020362,POSITIVO TECNOLOGIA S.A.,2025-06-30,2251000.0,T
020362,POSITIVO TECNOLOGIA S.A.,2025-09-30,1098000.0,T
020370,LPS BRASIL - CONSULTORIA DE IMOVEIS S.A.,2025-03-31,5678000.0,T
020370,LPS BRASIL - CONSULTORIA DE IMOVEIS S.A.,2025-06-30,17535000.0,T
020370,LPS BRASIL - CONSULTORIA DE IMOVEIS S.A.,2025-09-30,19294000.0,T
020435,TECNISA S.A.,2025-03-31,-8075000.0,T
020435,TECNISA S.A.,2025-06-30,-59404000.0,T
020435,TECNISA S.A.,2025-09-30,-8213000.0,T
020451,RNI NEGÓCIOS IMOBILIÁRIOS S.A.,2025-03-31,-47604000.0,T
020451,RNI NEGÓCIOS IMOBILIÁRIOS S.A.,2025-06-30,-25858000.0,T
020451,RNI NEGÓCIOS IMOBILIÁRIOS S.A.,2025-09-30,-27908000.0,T
020478,PDG REALTY S.A. EMPREEND E PARTICIPACOES,2025-03-31,-103784000.0,T
020478,PDG REALTY S.A. EMPREEND E PARTICIPACOES,2025-06-30,-82089000.0,T
020478,PDG REALTY S.A. EMPREEND E PARTICIPACOES,2025-09-30,22588000.0,T
020494,IGUATEMI EMPRESA DE SHOPPING CENTERS S.A,2025-03-31,90197000.0,T
020494,IGUATEMI EMPRESA DE SHOPPING CENTERS S.A,2025-06-30,236370000.0,T
020494,IGUATEMI EMPRESA DE SHOPPING CENTERS S.A,2025-09-30,120212000.0,T
020516,SAO MARTINHO S.A.,2025-06-30,62829000.0,T
020516,SAO MARTINHO S.A.,2025-09-30,176416000.0,T
020516,SAO MARTINHO S.A.,2025-12-31,424081000.0,T
020524,EVEN CONSTRUTORA E INCORPORADORA S.A.,2025-03-31,67149000.0,T
020524,EVEN CONSTRUTORA E INCORPORADORA S.A.,2025-06-30,59370000.0,T
020524,EVEN CONSTRUTORA E INCORPORADORA S.A.,2025-09-30,99259000.0,T
020532,BCO SANTANDER (BRASIL) S.A.,2025-03-31,3151583000.0,T
020532,BCO SANTANDER (BRASIL) S.A.,2025-06-30,1987932000.0,T
020532,BCO SANTANDER (BRASIL) S.A.,2025-09-30,3882410000.0,T
020540,CPFL ENERGIAS RENOVÁVEIS S.A.,2025-03-31,187583000.0,T
020540,CPFL ENERGIAS RENOVÁVEIS S.A.,2025-06-30,223758000.0,T
020540,CPFL ENERGIAS RENOVÁVEIS S.A.,2025-09-30,342048000.0,T
020567,BCO PINE S.A,2025-03-31,60448000.0,T
020567,BCO PINE S.A,2025-06-30,83187000.0,T
020567,BCO PINE S.A,2025-09-30,103812000.0,T
020575,JBS S.A.,2025-03-31,3251604000.0,T
020575,JBS S.A.,2025-06-30,3411057000.0,T
020575,JBS S.A.,2025-09-30,3505224000.0,T
020605,JHSF PARTICIPACOES S.A.,2025-03-31,340005000.0,T
020605,JHSF PARTICIPACOES S.A.,2025-06-30,245770000.0,T
020605,JHSF PARTICIPACOES S.A.,2025-09-30,304458000.0,T
020613,METALFRIO SOLUTIONS S.A.,2025-03-31,-9198000.0,T
020613,METALFRIO SOLUTIONS S.A.,2025-06-30,27318000.0,T
020613,METALFRIO SOLUTIONS S.A.,2025-09-30,12992000.0,T
020630,FICA EMPREENDIMENTOS IMOBILIÁRIOS S.A.,2025-03-31,-1336000.0,T
020630,FICA EMPREENDIMENTOS IMOBILIÁRIOS S.A.,2025-06-30,-1912000.0,T
020630,FICA EMPREENDIMENTOS IMOBILIÁRIOS S.A.,2025-09-30,-3514000.0,T
020702,VIVER INCORPORADORA E CONSTRUTORA S.A.,2025-03-31,-4974000.0,T
020702,VIVER INCORPORADORA E CONSTRUTORA S.A.,2025-06-30,-7784000.0,T
020702,VIVER INCORPORADORA E CONSTRUTORA S.A.,2025-09-30,-5736000.0,T
020710,LOG-IN LOGISTICA INTERMODAL S.A.,2025-03-31,26543000.0,T
020710,LOG-IN LOGISTICA INTERMODAL S.A.,2025-06-30,25086000.0,T
020710,LOG-IN LOGISTICA INTERMODAL S.A.,2025-09-30,19358000.0,T
020745,SLC AGRICOLA S.A.,2025-03-31,510700000.0,T
020745,SLC AGRICOLA S.A.,2025-06-30,139837000.0,T
020745,SLC AGRICOLA S.A.,2025-09-30,-14525000.0,T
020770,EZ TEC EMPREEND. E PARTICIPACOES S.A.,2025-03-31,96921000.0,T
020770,EZ TEC EMPREEND. E PARTICIPACOES S.A.,2025-06-30,144558000.0,T
020770,EZ TEC EMPREEND. E PARTICIPACOES S.A.,2025-09-30,186014000.0,T
020788,MARFRIG GLOBAL FOODS S.A.,2025-03-31,424620000.0,T
020788,MARFRIG GLOBAL FOODS S.A.,2025-06-30,197092000.0,T
020788,MARFRIG GLOBAL FOODS S.A.,2025-09-30,183478000.0,T
020796,BCO DAYCOVAL S.A.,2025-03-31,600521000.0,T
020796,BCO DAYCOVAL S.A.,2025-06-30,437602000.0,T
020796,BCO DAYCOVAL S.A.,2025-09-30,388122000.0,T
020800,TEGMA GESTAO LOGISTICA S.A.,2025-03-31,43734000.0,T
020800,TEGMA GESTAO LOGISTICA S.A.,2025-06-30,67119000.0,T
020800,TEGMA GESTAO LOGISTICA S.A.,2025-09-30,79891000.0,T
020877,HELBOR EMPREENDIMENTOS S.A.,2025-03-31,35578000.0,T
020877,HELBOR EMPREENDIMENTOS S.A.,2025-06-30,20333000.0,T
020877,HELBOR EMPREENDIMENTOS S.A.,2025-09-30,13008000.0,T
020915,MRV ENGENHARIA E PARTICIPACOES S.A.,2025-03-31,-362676000.0,T
020915,MRV ENGENHARIA E PARTICIPACOES S.A.,2025-06-30,-838363000.0,T
020915,MRV ENGENHARIA E PARTICIPACOES S.A.,2025-09-30,104841000.0,T
020931,MINERVA S.A.,2025-03-31,184988000.0,T
020931,MINERVA S.A.,2025-06-30,458270000.0,T
020931,MINERVA S.A.,2025-09-30,120019000.0,T
020982,MULTIPLAN - EMPREEND IMOBILIARIOS S.A.,2025-03-31,234085000.0,T
020982,MULTIPLAN - EMPREEND IMOBILIARIOS S.A.,2025-06-30,264390000.0,T
020982,MULTIPLAN - EMPREEND IMOBILIARIOS S.A.,2025-09-30,221163000.0,T
020990,AMERICANAS S.A. - EM RECUPERAÇÃO JUDICIAL,2025-03-31,-496000000.0,T
020990,AMERICANAS S.A. - EM RECUPERAÇÃO JUDICIAL,2025-06-30,-98000000.0,T
020990,AMERICANAS S.A. - EM RECUPERAÇÃO JUDICIAL,2025-09-30,367000000.0,T
021008,GENERAL SHOPPING E OUTLETS DO BRASIL BRASIL S.A.,2025-03-31,124146000.0,T
021008,GENERAL SHOPPING E OUTLETS DO BRASIL BRASIL S.A.,2025-06-30,71020000.0,T
021008,GENERAL SHOPPING E OUTLETS DO BRASIL BRASIL S.A.,2025-09-30,20657000.0,T
021016,YDUQS PARTICIPACOES S.A.,2025-03-31,128675000.0,T
021016,YDUQS PARTICIPACOES S.A.,2025-06-30,3109000.0,T
021016,YDUQS PARTICIPACOES S.A.,2025-09-30,97920000.0,T
021032,ALGAR TELECOM S/A,2025-03-31,-88469000.0,T
021032,ALGAR TELECOM S/A,2025-06-30,-57307000.0,T
021032,ALGAR TELECOM S/A,2025-09-30,-19388000.0,T
021040,SYN PROP & TECH S.A.,2025-03-31,23861000.0,T
021040,SYN PROP & TECH S.A.,2025-06-30,19645000.0,T
021040,SYN PROP & TECH S.A.,2025-09-30,25255000.0,T
021067,MOURA DUBEUX ENGENHARIA S/A,2025-03-31,70383000.0,T
021067,MOURA DUBEUX ENGENHARIA S/A,2025-06-30,120315000.0,T
021067,MOURA DUBEUX ENGENHARIA S/A,2025-09-30,117578000.0,T
021091,DEXCO S.A.,2025-03-31,58617000.0,T
021091,DEXCO S.A.,2025-06-30,38525000.0,T
021091,DEXCO S.A.,2025-09-30,14192000.0,T
021130,TRISUL S.A.,2025-03-31,42980000.0,T
021130,TRISUL S.A.,2025-06-30,49949000.0,T
021130,TRISUL S.A.,2025-09-30,54909000.0,T
021148,CONSTRUTORA TENDA S.A.,2025-03-31,82384000.0,T
021148,CONSTRUTORA TENDA S.A.,2025-06-30,199417000.0,T
021148,CONSTRUTORA TENDA S.A.,2025-09-30,106170000.0,T
021156,J. MACEDO S.A.,2025-03-31,68689000.0,T
021156,J. MACEDO S.A.,2025-06-30,84716000.0,T
021156,J. MACEDO S.A.,2025-09-30,89610000.0,T
021180,NEXPE PARTICIPAÇÕES S.A,2025-03-31,135706000.0,T
021180,NEXPE PARTICIPAÇÕES S.A,2025-06-30,-3967000.0,T
021180,NEXPE PARTICIPAÇÕES S.A,2025-09-30,-28640000.0,T
021199,BCO PAN S.A.,2025-03-31,59926000.0,T
021199,BCO PAN S.A.,2025-06-30,122099000.0,T
021199,BCO PAN S.A.,2025-09-30,157331000.0,T
021202,VIX LOGÍSTICA S.A.,2025-03-31,45081000.0,T
021202,VIX LOGÍSTICA S.A.,2025-06-30,41436000.0,T
021202,VIX LOGÍSTICA S.A.,2025-09-30,28778000.0,T
021237,ENEVA S.A,2025-03-31,468859000.0,T
021237,ENEVA S.A,2025-06-30,485949000.0,T
021237,ENEVA S.A,2025-09-30,544696000.0,T
021334,NUTRIPLANT INDUSTRIA E COMERCIO S.A.,2025-03-31,-2463000.0,T
021334,NUTRIPLANT INDUSTRIA E COMERCIO S.A.,2025-06-30,574000.0,T
021334,NUTRIPLANT INDUSTRIA E COMERCIO S.A.,2025-09-30,1385000.0,T
021342,OSX BRASIL S.A. - EM RECUPERAÇÃO JUDICIAL,2025-03-31,-238459000.0,T
021342,OSX BRASIL S.A. - EM RECUPERAÇÃO JUDICIAL,2025-06-30,-276662000.0,T
021342,OSX BRASIL S.A. - EM RECUPERAÇÃO JUDICIAL,2025-09-30,-25640000.0,T
021350,DIRECIONAL ENGENHARIA S.A.,2025-03-31,191452000.0,T
021350,DIRECIONAL ENGENHARIA S.A.,2025-06-30,220643000.0,T
021350,DIRECIONAL ENGENHARIA S.A.,2025-09-30,282974000.0,T
021393,CIA CELG DE PARTICIPACOES - CELGPAR,2025-03-31,6361000.0,T
021393,CIA CELG DE PARTICIPACOES - CELGPAR,2025-06-30,14545000.0,T
021393,CIA CELG DE PARTICIPACOES - CELGPAR,2025-09-30,-65545000.0,T
021431,HYPERA S.A.,2025-03-31,-141142000.0,T
021431,HYPERA S.A.,2025-06-30,425414000.0,T
021431,HYPERA S.A.,2025-09-30,456076000.0,T
021440,VESTE S.A. ESTILO,2025-03-31,-15318000.0,T
021440,VESTE S.A. ESTILO,2025-06-30,15597000.0,T
021440,VESTE S.A. ESTILO,2025-09-30,7927000.0,T
021466,BANCO RCI BRASIL S.A.,2025-03-31,42408000.0,T
021466,BANCO RCI BRASIL S.A.,2025-06-30,53565000.0,T
021466,BANCO RCI BRASIL S.A.,2025-09-30,574952000.0,T
021490,ALUPAR INVESTIMENTO S/A,2025-03-31,485300000.0,T
021490,ALUPAR INVESTIMENTO S/A,2025-06-30,283833000.0,T
021490,ALUPAR INVESTIMENTO S/A,2025-09-30,532596000.0,T
021520,MULTINER S/A,2025-03-31,2876.0,T
021520,MULTINER S/A,2025-06-30,21805.0,T
021520,MULTINER S/A,2025-09-30,12411.0,T
021610,"B3 S.A. - BRASIL, BOLSA, BALCÃO",2025-03-31,1106123000.0,T
021610,"B3 S.A. - BRASIL, BOLSA, BALCÃO",2025-06-30,1326981000.0,T
021610,"B3 S.A. - BRASIL, BOLSA, BALCÃO",2025-09-30,1245914000.0,T
021636,RENOVA ENERGIA S.A.,2025-03-31,-57538000.0,T
021636,RENOVA ENERGIA S.A.,2025-06-30,-222000.0,T
021636,RENOVA ENERGIA S.A.,2025-09-30,-44583000.0,T
021733,CIELO S.A. -  INSTITUIÇÃO DE PAGAMENTO,2025-03-31,464656000.0,T
021733,CIELO S.A. -  INSTITUIÇÃO DE PAGAMENTO,2025-06-30,347696000.0,T
021733,CIELO S.A. -  INSTITUIÇÃO DE PAGAMENTO,2025-09-30,416875000.0,T
021881,FLEURY S.A.,2025-03-31,175830000.0,T
021881,FLEURY S.A.,2025-06-30,144550000.0,T
021881,FLEURY S.A.,2025-09-30,182248000.0,T
021903,ECORODOVIAS CONCESSÕES E SERVIÇOS S.A.,2025-03-31,143849000.0,T
021903,ECORODOVIAS CONCESSÕES E SERVIÇOS S.A.,2025-06-30,200754000.0,T
021903,ECORODOVIAS CONCESSÕES E SERVIÇOS S.A.,2025-09-30,429696000.0,T
022012,"MILLS LOCAÇÃO, SERVIÇOS E LOGÍSTICA S.A.",2025-03-31,67942000.0,T
022012,"MILLS LOCAÇÃO, SERVIÇOS E LOGÍSTICA S.A.",2025-06-30,87344000.0,T
022012,"MILLS LOCAÇÃO, SERVIÇOS E LOGÍSTICA S.A.",2025-09-30,67383000.0,T
022020,JSL S.A.,2025-03-31,31892000.0,T
022020,JSL S.A.,2025-06-30,21400000.0,T
022020,JSL S.A.,2025-09-30,18103000.0,T
022055,MARISA LOJAS S.A.,2025-03-31,2364000.0,T
022055,MARISA LOJAS S.A.,2025-06-30,2106000.0,T
022055,MARISA LOJAS S.A.,2025-09-30,5839000.0,T
022187,PRIO S.A.,2025-03-31,2072659000.0,T
022187,PRIO S.A.,2025-06-30,680674000.0,T
022187,PRIO S.A.,2025-09-30,348705000.0,T
022349,AZZAS 2154 S.A.,2025-03-31,117826000.0,T
022349,AZZAS 2154 S.A.,2025-06-30,537654000.0,T
022349,AZZAS 2154 S.A.,2025-09-30,164952000.0,T
022357,ALLOS S.A.,2025-03-31,278103000.0,T
022357,ALLOS S.A.,2025-06-30,229938000.0,T
022357,ALLOS S.A.,2025-09-30,155922000.0,T
022454,T4F ENTRETENIMENTO S.A.,2025-03-31,-11893000.0,T
022454,T4F ENTRETENIMENTO S.A.,2025-06-30,-105000.0,T
022454,T4F ENTRETENIMENTO S.A.,2025-09-30,-25940000.0,T
022470,MAGAZINE LUIZA S.A.,2025-03-31,12768000.0,T
022470,MAGAZINE LUIZA S.A.,2025-06-30,-24356000.0,T
022470,MAGAZINE LUIZA S.A.,2025-09-30,84585000.0,T
022497,QUALICORP CONSULTORIA E CORRETORA DE SEGUROS S.A.,2025-03-31,15825000.0,T
022497,QUALICORP CONSULTORIA E CORRETORA DE SEGUROS S.A.,2025-06-30,19401000.0,T
022497,QUALICORP CONSULTORIA E CORRETORA DE SEGUROS S.A.,2025-09-30,12912000.0,T
022519,TECHNOS S.A.,2025-03-31,4485000.0,T
022519,TECHNOS S.A.,2025-06-30,19097000.0,T
022519,TECHNOS S.A.,2025-09-30,18800000.0,T
022560,INBRANDS S.A.,2025-03-31,-36744000.0,T
022560,INBRANDS S.A.,2025-06-30,-30878000.0,T
022560,INBRANDS S.A.,2025-09-30,-27309000.0,T
022586,MLOG S.A.,2025-03-31,-9413000.0,T
022586,MLOG S.A.,2025-06-30,1057000.0,T
022586,MLOG S.A.,2025-09-30,-16149000.0,T
022608,EMPREENDIMENTOS PAGUE MENOS S.A.,2025-03-31,5095000.0,T
022608,EMPREENDIMENTOS PAGUE MENOS S.A.,2025-06-30,50343000.0,T
022608,EMPREENDIMENTOS PAGUE MENOS S.A.,2025-09-30,75982000.0,T
022616,BCO BTG PACTUAL S.A.,2025-03-31,3261874000.0,T
022616,BCO BTG PACTUAL S.A.,2025-06-30,4222778000.0,T
022616,BCO BTG PACTUAL S.A.,2025-09-30,4676223000.0,T
022675,HIDROVIAS DO BRASIL S.A.,2025-03-31,23164000.0,T
022675,HIDROVIAS DO BRASIL S.A.,2025-06-30,80975000.0,T
022675,HIDROVIAS DO BRASIL S.A.,2025-09-30,116322000.0,T
022691,COMPANHIA DE LOCAÇÃO DAS AMÉRICAS,2025-03-31,235402000.0,T
022691,COMPANHIA DE LOCAÇÃO DAS AMÉRICAS,2025-06-30,-681450000.0,T
022780,UNICASA INDÚSTRIA DE MÓVEIS S.A.,2025-03-31,-5424000.0,T
022780,UNICASA INDÚSTRIA DE MÓVEIS S.A.,2025-06-30,-2195000.0,T
022780,UNICASA INDÚSTRIA DE MÓVEIS S.A.,2025-09-30,-947000.0,T
022810,ELDORADO BRASIL CELULOSE S.A.,2025-03-31,458501000.0,T
022810,ELDORADO BRASIL CELULOSE S.A.,2025-06-30,751418000.0,T
022810,ELDORADO BRASIL CELULOSE S.A.,2025-09-30,458121000.0,T
023000,LIGHT ENERGIA S.A.,2025-03-31,84183000.0,T
023000,LIGHT ENERGIA S.A.,2025-06-30,85541000.0,T
023000,LIGHT ENERGIA S.A.,2025-09-30,5937000.0,T
023159,BB SEGURIDADE PARTICIPAÇÕES S.A.,2025-03-31,1964269000.0,T
023159,BB SEGURIDADE PARTICIPAÇÕES S.A.,2025-06-30,2415912000.0,T
023159,BB SEGURIDADE PARTICIPAÇÕES S.A.,2025-09-30,2334345000.0,T
023175,IGUA SANEAMENTO S.A.,2025-03-31,-161062000.0,T
023175,IGUA SANEAMENTO S.A.,2025-06-30,-178088000.0,T
023175,IGUA SANEAMENTO S.A.,2025-09-30,-137278000.0,T
023221,SER EDUCACIONAL S.A.,2025-03-31,43633000.0,T
023221,SER EDUCACIONAL S.A.,2025-06-30,81326000.0,T
023221,SER EDUCACIONAL S.A.,2025-09-30,14919000.0,T
023230,RAIZEN ENERGIA S.A.,2025-06-30,-1820047000.0,T
023230,RAIZEN ENERGIA S.A.,2025-09-30,-2106871000.0,T
023230,RAIZEN ENERGIA S.A.,2025-12-31,-10752321000.0,T
023248,ANIMA HOLDING S.A.,2025-03-31,140203000.0,T
023248,ANIMA HOLDING S.A.,2025-06-30,36924000.0,T
023248,ANIMA HOLDING S.A.,2025-09-30,68542000.0,T
023264,AMBEV S.A.,2025-03-31,3804649000.0,T
023264,AMBEV S.A.,2025-06-30,2790566000.0,T
023264,AMBEV S.A.,2025-09-30,4863720000.0,T
023272,LOG COMMERCIAL PROPERTIES E PARTICIPAÇÕES,2025-03-31,86365000.0,T
023272,LOG COMMERCIAL PROPERTIES E PARTICIPAÇÕES,2025-06-30,87064000.0,T
023272,LOG COMMERCIAL PROPERTIES E PARTICIPAÇÕES,2025-09-30,111378000.0,T
023280,UNIDAS LOCAÇÕES E SERVIÇOS S.A.,2025-03-31,-37545000.0,T
023280,UNIDAS LOCAÇÕES E SERVIÇOS S.A.,2025-06-30,15380000.0,T
023280,UNIDAS LOCAÇÕES E SERVIÇOS S.A.,2025-09-30,17579000.0,T
023302,QUALITY SOFTWARE S.A.,2025-03-31,5102315.0,T
023302,QUALITY SOFTWARE S.A.,2025-06-30,12999665.0,T
023302,QUALITY SOFTWARE S.A.,2025-09-30,3462024.0,T
023310,CVC BRASIL OPERADORA E AGÊNCIA DE VIAGENS S.A.,2025-03-31,-7434000.0,T
023310,CVC BRASIL OPERADORA E AGÊNCIA DE VIAGENS S.A.,2025-06-30,-46434000.0,T
023310,CVC BRASIL OPERADORA E AGÊNCIA DE VIAGENS S.A.,2025-09-30,40626000.0,T
023396,AEGEA SANEAMENTO E PARTICIPAÇÕES S.A.,2025-03-31,1064193000.0,T
023396,AEGEA SANEAMENTO E PARTICIPAÇÕES S.A.,2025-06-30,234782000.0,T
023396,AEGEA SANEAMENTO E PARTICIPAÇÕES S.A.,2025-09-30,423522000.0,T
023426,SERENA GERAÇÃO S.A.,2025-03-31,-69043.0,T
023426,SERENA GERAÇÃO S.A.,2025-06-30,40383.0,T
023426,SERENA GERAÇÃO S.A.,2025-09-30,51278.0,T
023507,OUROFINO S.A.,2025-03-31,2048000.0,T
023507,OUROFINO S.A.,2025-06-30,24243000.0,T
023507,OUROFINO S.A.,2025-09-30,54728000.0,T
023531,CLARO TELECOM PARTICIPAÇÕES S.A.,2025-03-31,1342722000.0,T
023531,CLARO TELECOM PARTICIPAÇÕES S.A.,2025-06-30,1102795000.0,T
023531,CLARO TELECOM PARTICIPAÇÕES S.A.,2025-09-30,1047971000.0,T
023574,INTERNATIONAL MEAL COMPANY ALIMENTACAO S.A.,2025-03-31,-38631000.0,T
023574,INTERNATIONAL MEAL COMPANY ALIMENTACAO S.A.,2025-06-30,-32445000.0,T
023574,INTERNATIONAL MEAL COMPANY ALIMENTACAO S.A.,2025-09-30,-27010000.0,T
023590,WIZ CO PARTICIPAÇÕES E CORRETAGEM DE SEGUROS S.A.,2025-03-31,84063000.0,T
023590,WIZ CO PARTICIPAÇÕES E CORRETAGEM DE SEGUROS S.A.,2025-06-30,93162000.0,T
023590,WIZ CO PARTICIPAÇÕES E CORRETAGEM DE SEGUROS S.A.,2025-09-30,101659000.0,T
023604,YOU INC INCORPORADORA E PARTICIPAÇÕES S.A,2025-03-31,-24476000.0,T
023604,YOU INC INCORPORADORA E PARTICIPAÇÕES S.A,2025-06-30,-117434000.0,T
023604,YOU INC INCORPORADORA E PARTICIPAÇÕES S.A,2025-09-30,-88368000.0,T
023620,CBO HOLDING S.A.,2025-03-31,60069000.0,T
023620,CBO HOLDING S.A.,2025-06-30,20082000.0,T
023620,CBO HOLDING S.A.,2025-09-30,67704000.0,T
023795,CAIXA SEGURIDADE PARTICIPAÇÕES S.A.,2025-03-31,1050419000.0,T
023795,CAIXA SEGURIDADE PARTICIPAÇÕES S.A.,2025-06-30,1028408000.0,T
023795,CAIXA SEGURIDADE PARTICIPAÇÕES S.A.,2025-09-30,1140754000.0,T
023817,BRQ SOLUCOES EM INFORMATICA S.A.,2025-03-31,13383000.0,T
023817,BRQ SOLUCOES EM INFORMATICA S.A.,2025-06-30,18979000.0,T
023817,BRQ SOLUCOES EM INFORMATICA S.A.,2025-09-30,22365000.0,T
023825,MOVIDA PARTICIPACOES SA,2025-03-31,78467000.0,T
023825,MOVIDA PARTICIPACOES SA,2025-06-30,67596000.0,T
023825,MOVIDA PARTICIPACOES SA,2025-09-30,69955000.0,T
023981,CTC - CENTRO DE TECNOLOGIA CANAVIEIRA S.A.,2025-06-30,49177000.0,T
023981,CTC - CENTRO DE TECNOLOGIA CANAVIEIRA S.A.,2025-09-30,67836000.0,T
023981,CTC - CENTRO DE TECNOLOGIA CANAVIEIRA S.A.,2025-12-31,59545000.0,T
024058,ALLIANÇA SAÚDE E PARTICIPAÇÕES S.A.,2025-03-31,-21208000.0,T
024058,ALLIANÇA SAÚDE E PARTICIPAÇÕES S.A.,2025-06-30,-11533000.0,T
024058,ALLIANÇA SAÚDE E PARTICIPAÇÕES S.A.,2025-09-30,9559000.0,T
024112,AZUL S.A.,2025-03-31,1653615000.0,T
024112,AZUL S.A.,2025-06-30,1467995000.0,T
024112,AZUL S.A.,2025-09-30,-1366462000.0,T
024120,ARGO ENERGIA EMPREENDIMENTOS E PARTICIPAÇÕES S/A,2025-03-31,239797000.0,T
024120,ARGO ENERGIA EMPREENDIMENTOS E PARTICIPAÇÕES S/A,2025-06-30,159931000.0,T
024120,ARGO ENERGIA EMPREENDIMENTOS E PARTICIPAÇÕES S/A,2025-09-30,85676000.0,T
024171,ATACADÃO S.A.,2025-03-31,286000000.0,T
024171,ATACADÃO S.A.,2025-06-30,467000000.0,T
024171,ATACADÃO S.A.,2025-09-30,111000000.0,T
024180,IRB - BRASIL RESSEGUROS S.A.,2025-03-31,134100000.0,T
024180,IRB - BRASIL RESSEGUROS S.A.,2025-06-30,106562000.0,T
024180,IRB - BRASIL RESSEGUROS S.A.,2025-09-30,112311000.0,T
024228,CAMIL ALIMENTOS S.A.,2025-05-31,66000000.0,T
024228,CAMIL ALIMENTOS S.A.,2025-08-31,78708000.0,T
024228,CAMIL ALIMENTOS S.A.,2025-11-30,44072000.0,T
024236,PRINER SERVIÇOS INDUSTRIAIS S.A.,2025-03-31,4017000.0,T
024236,PRINER SERVIÇOS INDUSTRIAIS S.A.,2025-06-30,508000.0,T
024236,PRINER SERVIÇOS INDUSTRIAIS S.A.,2025-09-30,3060000.0,T
024260,SMARTFIT ESCOLA DE GINÁSTICA E DANÇA S.A.,2025-03-31,120947000.0,T
024260,SMARTFIT ESCOLA DE GINÁSTICA E DANÇA S.A.,2025-06-30,160889000.0,T
024260,SMARTFIT ESCOLA DE GINÁSTICA E DANÇA S.A.,2025-09-30,144268000.0,T
024279,INC EMPREENDIMENTOS IMOBILIÁRIOS S.A.,2025-03-31,13392000.0,T
024279,INC EMPREENDIMENTOS IMOBILIÁRIOS S.A.,2025-06-30,16136000.0,T
024279,INC EMPREENDIMENTOS IMOBILIÁRIOS S.A.,2025-09-30,17497000.0,T
024295,VIBRA ENERGIA S/A,2025-03-31,601000000.0,T
024295,VIBRA ENERGIA S/A,2025-06-30,292000000.0,T
024295,VIBRA ENERGIA S/A,2025-09-30,407000000.0,T
024317,ZAMP SA,2025-03-31,-43500000.0,T
024317,ZAMP SA,2025-06-30,-72511000.0,T
024317,ZAMP SA,2025-09-30,-22479000.0,T
024392,HAPVIDA PARTICIPAÇÕES E INVESTIMENTOS S.A.,2025-03-31,185897000.0,T
024392,HAPVIDA PARTICIPAÇÕES E INVESTIMENTOS S.A.,2025-06-30,-331511000.0,T
024392,HAPVIDA PARTICIPAÇÕES E INVESTIMENTOS S.A.,2025-09-30,87109000.0,T
024546,PRÁTICA PRODUTOS S.A.,2025-03-31,3551000.0,T
024546,PRÁTICA PRODUTOS S.A.,2025-06-30,-2388000.0,T
024546,PRÁTICA PRODUTOS S.A.,2025-09-30,8978000.0,T
024589,ENERGISA TRANSMISSÃO DE ENERGIA S/A,2025-03-31,156934000.0,T
024589,ENERGISA TRANSMISSÃO DE ENERGIA S/A,2025-06-30,102410000.0,T
024589,ENERGISA TRANSMISSÃO DE ENERGIA S/A,2025-09-30,91965000.0,T
024597,CELEO REDES TRANSMISSÃO DE ENERGIA S.A.,2025-03-31,8823000.0,T
024597,CELEO REDES TRANSMISSÃO DE ENERGIA S.A.,2025-06-30,8331000.0,T
024597,CELEO REDES TRANSMISSÃO DE ENERGIA S.A.,2025-09-30,3656000.0,T
024600,BANCO BMG S/A,2025-03-31,137401000.0,T
024600,BANCO BMG S/A,2025-06-30,132969000.0,T
024600,BANCO BMG S/A,2025-09-30,147028000.0,T
024627,BLAU FARMACÊUTICA S.A.,2025-03-31,90689000.0,T
024627,BLAU FARMACÊUTICA S.A.,2025-06-30,63184000.0,T
024627,BLAU FARMACÊUTICA S.A.,2025-09-30,105522000.0,T
024660,BBM LOGÍSTICA S.A.,2025-03-31,-43812000.0,T
024660,BBM LOGÍSTICA S.A.,2025-06-30,-45601000.0,T
024660,BBM LOGÍSTICA S.A.,2025-09-30,-40074000.0,T
024694,GRUPO SBF S.A.,2025-03-31,67315000.0,T
024694,GRUPO SBF S.A.,2025-06-30,46468000.0,T
024694,GRUPO SBF S.A.,2025-09-30,85854000.0,T
024716,"VAMOS LOCAÇÃO DE CAMINHÕES, MÁQUINAS E EQUIPAMENTOS S.A.",2025-03-31,107830000.0,T
024716,"VAMOS LOCAÇÃO DE CAMINHÕES, MÁQUINAS E EQUIPAMENTOS S.A.",2025-06-30,92765000.0,T
024716,"VAMOS LOCAÇÃO DE CAMINHÕES, MÁQUINAS E EQUIPAMENTOS S.A.",2025-09-30,50447000.0,T
024740,COPEL GERAÇÃO E TRANSMISSÃO S.A.,2025-03-31,416045000.0,T
024740,COPEL GERAÇÃO E TRANSMISSÃO S.A.,2025-06-30,365513000.0,T
024740,COPEL GERAÇÃO E TRANSMISSÃO S.A.,2025-09-30,249324000.0,T
024783,NATURA &CO HOLDING S.A.,2025-03-31,-151447000.0,T
024783,NATURA &CO HOLDING S.A.,2025-06-30,194831000.0,T
024805,VIVARA PARTICIPAÇÕES S.A.,2025-03-31,115038066.0,T
024805,VIVARA PARTICIPAÇÕES S.A.,2025-06-30,152089119.0,T
024805,VIVARA PARTICIPAÇÕES S.A.,2025-09-30,175849455.0,T
024813,LOCALIZA FLEET S.A.,2025-03-31,287602000.0,T
024813,LOCALIZA FLEET S.A.,2025-06-30,264043000.0,T
024813,LOCALIZA FLEET S.A.,2025-09-30,146554000.0,T
024821,REDE D'OR SÃO LUIZ S.A.,2025-03-31,1066778000.0,T
024821,REDE D'OR SÃO LUIZ S.A.,2025-06-30,1047761000.0,T
024821,REDE D'OR SÃO LUIZ S.A.,2025-09-30,1538127000.0,T
024830,BRK AMBIENTAL PARTICIPAÇÕES S.A.,2025-03-31,-45516000.0,T
024830,BRK AMBIENTAL PARTICIPAÇÕES S.A.,2025-06-30,-3159000.0,T
024830,BRK AMBIENTAL PARTICIPAÇÕES S.A.,2025-09-30,-34996000.0,T
024848,C&A MODAS S.A.,2025-03-31,4072000.0,T
024848,C&A MODAS S.A.,2025-06-30,200312000.0,T
024848,C&A MODAS S.A.,2025-09-30,69471000.0,T
024872,LIFEMED INDUSTRIAL DE EQUIP. E ART. MEDICOS E HOSP. S.A,2025-03-31,-3670000.0,T
024872,LIFEMED INDUSTRIAL DE EQUIP. E ART. MEDICOS E HOSP. S.A,2025-06-30,239000.0,T
024872,LIFEMED INDUSTRIAL DE EQUIP. E ART. MEDICOS E HOSP. S.A,2025-09-30,2426000.0,T
024880,LM TRANSPORTES INTERESTADUAIS SERVIÇOS E COMÉRCIO S.A.,2025-03-31,27222000.0,T
024880,LM TRANSPORTES INTERESTADUAIS SERVIÇOS E COMÉRCIO S.A.,2025-06-30,6088000.0,T
024880,LM TRANSPORTES INTERESTADUAIS SERVIÇOS E COMÉRCIO S.A.,2025-09-30,9094000.0,T
024902,MITRE REALTY EMPREENDIMENTOS E PARTICIPAÇÕES S.A.,2025-03-31,15699000.0,T
024902,MITRE REALTY EMPREENDIMENTOS E PARTICIPAÇÕES S.A.,2025-06-30,15884000.0,T
024902,MITRE REALTY EMPREENDIMENTOS E PARTICIPAÇÕES S.A.,2025-09-30,15381000.0,T
024910,LWSA S/A,2025-03-31,14808000.0,T
024910,LWSA S/A,2025-06-30,15808000.0,T
024910,LWSA S/A,2025-09-30,-287827000.0,T
024953,"ALLPARK EMPREENDIMENTOS, PARTICIPAÇÕES E SERVIÇOS S.A.",2025-03-31,-2587000.0,T
024953,"ALLPARK EMPREENDIMENTOS, PARTICIPAÇÕES E SERVIÇOS S.A.",2025-06-30,6121000.0,T
024953,"ALLPARK EMPREENDIMENTOS, PARTICIPAÇÕES E SERVIÇOS S.A.",2025-09-30,7806000.0,T
024961,AMBIPAR PARTICIPAÇÕES E EMPREENDIMENTOS S.A.,2025-03-31,-165782000.0,T
024961,AMBIPAR PARTICIPAÇÕES E EMPREENDIMENTOS S.A.,2025-06-30,-134069000.0,T
025003,SIMPAR S.A.,2025-03-31,11521000.0,T
025003,SIMPAR S.A.,2025-06-30,-42923000.0,T
025003,SIMPAR S.A.,2025-09-30,-237989000.0,T
025038,LOJAS QUERO QUERO S.A.,2025-03-31,-31099000.0,T
025038,LOJAS QUERO QUERO S.A.,2025-06-30,-46011000.0,T
025038,LOJAS QUERO QUERO S.A.,2025-09-30,-42143000.0,T
025046,D1000 VAREJO FARMA PARTICIPAÇÕES S.A.,2025-03-31,131000.0,T
025046,D1000 VAREJO FARMA PARTICIPAÇÕES S.A.,2025-06-30,5456000.0,T
025046,D1000 VAREJO FARMA PARTICIPAÇÕES S.A.,2025-09-30,7572000.0,T
025062,LAVVI EMPREENDIMENTOS IMOBILIÁRIOS S.A.,2025-03-31,96354000.0,T
025062,LAVVI EMPREENDIMENTOS IMOBILIÁRIOS S.A.,2025-06-30,128543000.0,T
025062,LAVVI EMPREENDIMENTOS IMOBILIÁRIOS S.A.,2025-09-30,115999000.0,T
025070,PLANO & PLANO DESENVOLVIMENTO IMOBILIÁRIO S.A.,2025-03-31,80828000.0,T
025070,PLANO & PLANO DESENVOLVIMENTO IMOBILIÁRIO S.A.,2025-06-30,102817000.0,T
025070,PLANO & PLANO DESENVOLVIMENTO IMOBILIÁRIO S.A.,2025-09-30,95218000.0,T
025089,PET CENTER COMÉRCIO E PARTICIPAÇÕES S.A.,2025-03-31,-2437000.0,T
025089,PET CENTER COMÉRCIO E PARTICIPAÇÕES S.A.,2025-06-30,21290000.0,T
025089,PET CENTER COMÉRCIO E PARTICIPAÇÕES S.A.,2025-09-30,31626000.0,T
025100,CURY CONSTRUTORA E INCORPORADORA S.A.,2025-03-31,233664000.0,T
025100,CURY CONSTRUTORA E INCORPORADORA S.A.,2025-06-30,267157000.0,T
025100,CURY CONSTRUTORA E INCORPORADORA S.A.,2025-09-30,283210000.0,T
025119,MELNICK DESENVOLVIMENTO IMOBILIÁRIO S.A.,2025-03-31,21189000.0,T
025119,MELNICK DESENVOLVIMENTO IMOBILIÁRIO S.A.,2025-06-30,50161000.0,T
025119,MELNICK DESENVOLVIMENTO IMOBILIÁRIO S.A.,2025-09-30,35878000.0,T
025127,COMPASS GÁS E ENERGIA S.A.,2025-03-31,420451000.0,T
025127,COMPASS GÁS E ENERGIA S.A.,2025-06-30,352585000.0,T
025127,COMPASS GÁS E ENERGIA S.A.,2025-09-30,432074000.0,T
025143,PACAEMBU CONSTRUTORA S.A.,2025-03-31,55913000.0,T
025143,PACAEMBU CONSTRUTORA S.A.,2025-06-30,85238000.0,T
025143,PACAEMBU CONSTRUTORA S.A.,2025-09-30,113851000.0,T
025160,SEQUOIA LOGÍSTICA E TRANSPORTES S.A.,2025-03-31,101153000.0,T
025160,SEQUOIA LOGÍSTICA E TRANSPORTES S.A.,2025-06-30,-120753000.0,T
025160,SEQUOIA LOGÍSTICA E TRANSPORTES S.A.,2025-09-30,-105049000.0,T
025186,GRUPO MATEUS S.A.,2025-03-31,318569000.0,T
025186,GRUPO MATEUS S.A.,2025-06-30,349199000.0,T
025186,GRUPO MATEUS S.A.,2025-09-30,846573000.0,T
025194,ALARES INTERNET PARTICIPAÇÕES S/A,2025-03-31,-37191000.0,T
025194,ALARES INTERNET PARTICIPAÇÕES S/A,2025-06-30,-21034000.0,T
025194,ALARES INTERNET PARTICIPAÇÕES S/A,2025-09-30,-32473000.0,T
025208,TRACK & FIELD CO S.A.,2025-03-31,34791000.0,T
025208,TRACK & FIELD CO S.A.,2025-06-30,33989000.0,T
025208,TRACK & FIELD CO S.A.,2025-09-30,29902000.0,T
025232,MÉLIUZ S.A.,2025-03-31,10004000.0,T
025232,MÉLIUZ S.A.,2025-06-30,7567000.0,T
025232,MÉLIUZ S.A.,2025-09-30,14196000.0,T
025259,ENJOEI S.A.,2025-03-31,-6721000.0,T
025259,ENJOEI S.A.,2025-06-30,-8067000.0,T
025259,ENJOEI S.A.,2025-09-30,-2458000.0,T
025275,ALPHAVILLE S.A.,2025-03-31,-23273000.0,T
025275,ALPHAVILLE S.A.,2025-06-30,-42309000.0,T
025275,ALPHAVILLE S.A.,2025-09-30,-49695000.0,T
025283,AERIS IND. E COM. DE EQUIP. PARA GER. DE ENG. S.A.,2025-03-31,-94544000.0,T
025283,AERIS IND. E COM. DE EQUIP. PARA GER. DE ENG. S.A.,2025-06-30,-174017000.0,T
025283,AERIS IND. E COM. DE EQUIP. PARA GER. DE ENG. S.A.,2025-09-30,-144360000.0,T
025291,BRAVA ENERGIA S.A.,2025-03-31,829174000.0,T
025291,BRAVA ENERGIA S.A.,2025-06-30,1049055000.0,T
025291,BRAVA ENERGIA S.A.,2025-09-30,120698000.0,T
025305,PATRIMAR ENGENHARIA S.A.,2025-03-31,3988000.0,T
025305,PATRIMAR ENGENHARIA S.A.,2025-06-30,36284000.0,T
025305,PATRIMAR ENGENHARIA S.A.,2025-09-30,6472000.0,T
025321,GRANBIO INVESTIMENTOS S.A.,2025-03-31,-27032000.0,T
025321,GRANBIO INVESTIMENTOS S.A.,2025-06-30,-24925000.0,T
025321,GRANBIO INVESTIMENTOS S.A.,2025-09-30,-34558000.0,T
025330,ALLIED TECNOLOGIA S.A.,2025-03-31,15061000.0,T
025330,ALLIED TECNOLOGIA S.A.,2025-06-30,15857000.0,T
025330,ALLIED TECNOLOGIA S.A.,2025-09-30,262604000.0,T
025348,ELFA MEDICAMENTOS S.A.,2025-03-31,-39341000.0,T
025348,ELFA MEDICAMENTOS S.A.,2025-06-30,-90725000.0,T
025348,ELFA MEDICAMENTOS S.A.,2025-09-30,-64474000.0,T
025380,EZ INC INCORPORAÇÕES S.A.,2025-03-31,-2010000.0,T
025380,EZ INC INCORPORAÇÕES S.A.,2025-06-30,17725000.0,T
025380,EZ INC INCORPORAÇÕES S.A.,2025-09-30,9900000.0,T
025399,NEOGRID PARTICIPAÇÕES S.A.,2025-03-31,-756000.0,T
025399,NEOGRID PARTICIPAÇÕES S.A.,2025-06-30,-4514000.0,T
025399,NEOGRID PARTICIPAÇÕES S.A.,2025-09-30,3415000.0,T
025402,HBR REALTY EMPREENDIMENTOS IMOBILIÁRIOS S.A.,2025-03-31,-27317000.0,T
025402,HBR REALTY EMPREENDIMENTOS IMOBILIÁRIOS S.A.,2025-06-30,-30132000.0,T
025402,HBR REALTY EMPREENDIMENTOS IMOBILIÁRIOS S.A.,2025-09-30,-28622000.0,T
025410,SBF COMÉRCIO DE PRODUTOS ESPORTIVOS S.A.,2025-03-31,90887000.0,T
025410,SBF COMÉRCIO DE PRODUTOS ESPORTIVOS S.A.,2025-06-30,126825000.0,T
025410,SBF COMÉRCIO DE PRODUTOS ESPORTIVOS S.A.,2025-09-30,195495000.0,T
025429,FARMÁCIA E DROGARIA NISSEI S.A.,2025-03-31,-27521000.0,T
025429,FARMÁCIA E DROGARIA NISSEI S.A.,2025-06-30,-15237000.0,T
025429,FARMÁCIA E DROGARIA NISSEI S.A.,2025-09-30,-2952000.0,T
025437,URBA DESENVOLVIMENTO URBANO S.A.,2025-03-31,299000.0,T
025437,URBA DESENVOLVIMENTO URBANO S.A.,2025-06-30,6345000.0,T
025437,URBA DESENVOLVIMENTO URBANO S.A.,2025-09-30,19506000.0,T
025445,MPM CORPÓREOS S.A.,2025-03-31,12109000.0,T
025445,MPM CORPÓREOS S.A.,2025-06-30,2104000.0,T
025445,MPM CORPÓREOS S.A.,2025-09-30,-9083000.0,T
025453,INTELBRAS S.A. IND. DE TELECOMUNICAÇÃO ELETRÔNICA BRASILEIRA,2025-03-31,61594000.0,T
025453,INTELBRAS S.A. IND. DE TELECOMUNICAÇÃO ELETRÔNICA BRASILEIRA,2025-06-30,136295000.0,T
025453,INTELBRAS S.A. IND. DE TELECOMUNICAÇÃO ELETRÔNICA BRASILEIRA,2025-09-30,147904000.0,T
025461,GRUPO TOKY S.A. - EM RECUPERAÇÃO JUDICIAL,2025-03-31,-43858.0,T
025461,GRUPO TOKY S.A. - EM RECUPERAÇÃO JUDICIAL,2025-06-30,-88857.0,T
025461,GRUPO TOKY S.A. - EM RECUPERAÇÃO JUDICIAL,2025-09-30,-15193.0,T
025496,JALLES MACHADO S.A.,2025-06-30,-13963000.0,T
025496,JALLES MACHADO S.A.,2025-09-30,18918000.0,T
025496,JALLES MACHADO S.A.,2025-12-31,55414000.0,T
025500,BEMOBI MOBILE TECH S.A.,2025-03-31,31277000.0,T
025500,BEMOBI MOBILE TECH S.A.,2025-06-30,34667000.0,T
025500,BEMOBI MOBILE TECH S.A.,2025-09-30,42609000.0,T
025526,CRUZEIRO DO SUL EDUCACIONAL S.A.,2025-03-31,86411000.0,T
025526,CRUZEIRO DO SUL EDUCACIONAL S.A.,2025-06-30,62663000.0,T
025526,CRUZEIRO DO SUL EDUCACIONAL S.A.,2025-09-30,113250000.0,T
025534,OCEANPACT SERVIÇOS MARITIMOS S.A.,2025-03-31,13655000.0,T
025534,OCEANPACT SERVIÇOS MARITIMOS S.A.,2025-06-30,9703000.0,T
025534,OCEANPACT SERVIÇOS MARITIMOS S.A.,2025-09-30,58042000.0,T
025542,CVLB BRASIL S.A EM RECUPERAÇÃO JUDICAL,2025-03-31,-75883000.0,T
025542,CVLB BRASIL S.A EM RECUPERAÇÃO JUDICAL,2025-06-30,-107427000.0,T
025542,CVLB BRASIL S.A EM RECUPERAÇÃO JUDICAL,2025-09-30,-62789000.0,T
025550,ORIZON VALORIZAÇÃO DE RESÍDUOS S.A.,2025-03-31,-3557000.0,T
025550,ORIZON VALORIZAÇÃO DE RESÍDUOS S.A.,2025-06-30,26757000.0,T
025550,ORIZON VALORIZAÇÃO DE RESÍDUOS S.A.,2025-09-30,27342000.0,T
025569,ELETROMIDIA S.A.,2025-03-31,27563000.0,T
025585,CSN MINERAÇÃO S.A.,2025-03-31,-357288000.0,T
025585,CSN MINERAÇÃO S.A.,2025-06-30,115767000.0,T
025585,CSN MINERAÇÃO S.A.,2025-09-30,696268000.0,T
025640,AUREN PARTICIPAÇÕES S.A.,2025-03-31,-85744000.0,T
025640,AUREN PARTICIPAÇÕES S.A.,2025-06-30,-84824000.0,T
025640,AUREN PARTICIPAÇÕES S.A.,2025-09-30,-188866000.0,T
025658,AGROGALAXY PARTICIPAÇÕES S.A. - EM RECUPERAÇÃO JUDICIAL,2025-03-31,-199813000.0,T
025658,AGROGALAXY PARTICIPAÇÕES S.A. - EM RECUPERAÇÃO JUDICIAL,2025-06-30,2463895000.0,T
025658,AGROGALAXY PARTICIPAÇÕES S.A. - EM RECUPERAÇÃO JUDICIAL,2025-09-30,-639118000.0,T
025674,HMOBI PARTICIPAÇÕES S.A.,2025-03-31,7730000.0,T
025674,HMOBI PARTICIPAÇÕES S.A.,2025-06-30,20713000.0,T
025674,HMOBI PARTICIPAÇÕES S.A.,2025-09-30,-36751000.0,T
025682,CM HOSPITALAR S.A,2025-03-31,-58934000.0,T
025682,CM HOSPITALAR S.A,2025-06-30,-71358000.0,T
025682,CM HOSPITALAR S.A,2025-09-30,226877000.0,T
025690,HOSPITAL MATER DEI S.A.,2025-03-31,20173000.0,T
025690,HOSPITAL MATER DEI S.A.,2025-06-30,27091000.0,T
025690,HOSPITAL MATER DEI S.A.,2025-09-30,27482000.0,T
025704,BOA SAFRA SEMENTES S.A.,2025-03-31,16854000.0,T
025704,BOA SAFRA SEMENTES S.A.,2025-06-30,21633000.0,T
025704,BOA SAFRA SEMENTES S.A.,2025-09-30,67879000.0,T
025712,GPS PARTICIPAÇÕES E EMPREENDIMENTOS S.A.,2025-03-31,148136000.0,T
025712,GPS PARTICIPAÇÕES E EMPREENDIMENTOS S.A.,2025-06-30,124248000.0,T
025712,GPS PARTICIPAÇÕES E EMPREENDIMENTOS S.A.,2025-09-30,157124000.0,T
025720,RIO ALTO ENERGIAS RENOVÁVEIS S.A.,2025-03-31,-70740000.0,T
025720,RIO ALTO ENERGIAS RENOVÁVEIS S.A.,2025-06-30,-46313000.0,T
025720,RIO ALTO ENERGIAS RENOVÁVEIS S.A.,2025-09-30,-77145000.0,T
025747,INFRACOMMERCE CXAAS S.A.,2025-03-31,-44780000.0,T
025747,INFRACOMMERCE CXAAS S.A.,2025-06-30,-61420000.0,T
025747,INFRACOMMERCE CXAAS S.A.,2025-09-30,-79356000.0,T
025763,VITTIA S.A.,2025-03-31,-1959000.0,T
025763,VITTIA S.A.,2025-06-30,-21183000.0,T
025763,VITTIA S.A.,2025-09-30,39435000.0,T
025771,HOSPITAL CARE CALEDONIA S.A.,2025-03-31,-40161000.0,T
025771,HOSPITAL CARE CALEDONIA S.A.,2025-06-30,-22134000.0,T
025771,HOSPITAL CARE CALEDONIA S.A.,2025-09-30,-94530000.0,T
025780,PETRORECÔNCAVO S.A.,2025-03-31,227529000.0,T
025780,PETRORECÔNCAVO S.A.,2025-06-30,238139000.0,T
025780,PETRORECÔNCAVO S.A.,2025-09-30,121937000.0,T
025798,KALLAS INCORPORAÇÕES E CONSTRUÇÕES S.A.,2025-03-31,-49467000.0,T
025798,KALLAS INCORPORAÇÕES E CONSTRUÇÕES S.A.,2025-06-30,-17434000.0,T
025798,KALLAS INCORPORAÇÕES E CONSTRUÇÕES S.A.,2025-09-30,-31453000.0,T
025801,RODOBENS SA,2025-03-31,61028000.0,T
025801,RODOBENS SA,2025-06-30,82274000.0,T
025801,RODOBENS SA,2025-09-30,100202000.0,T
025836,DOTZ S.A.,2025-03-31,-945000.0,T
025836,DOTZ S.A.,2025-06-30,1964000.0,T
025836,DOTZ S.A.,2025-09-30,-3346000.0,T
025844,TEGRA INCORPORADORA S.A.,2025-03-31,-28155000.0,T
025844,TEGRA INCORPORADORA S.A.,2025-06-30,-25164000.0,T
025844,TEGRA INCORPORADORA S.A.,2025-09-30,-31696000.0,T
025852,W2W E-COMMERCE DE VINHOS S.A.,2025-03-31,-1626000.0,T
025852,W2W E-COMMERCE DE VINHOS S.A.,2025-06-30,15935000.0,T
025852,W2W E-COMMERCE DE VINHOS S.A.,2025-09-30,7563000.0,T
025860,BRBI BR PARTNERS S.A,2025-03-31,43123000.0,T
025860,BRBI BR PARTNERS S.A,2025-06-30,45192000.0,T
025860,BRBI BR PARTNERS S.A,2025-09-30,42224000.0,T
025879,KORA SAÚDE PARTICIPAÇÕES S.A.,2025-03-31,-102194000.0,T
025879,KORA SAÚDE PARTICIPAÇÕES S.A.,2025-06-30,-66791000.0,T
025879,KORA SAÚDE PARTICIPAÇÕES S.A.,2025-09-30,-84839000.0,T
025887,ARANDU INVESTIMENTOS S.A.,2025-03-31,-4814000.0,T
025887,ARANDU INVESTIMENTOS S.A.,2025-06-30,-442815000.0,T
025887,ARANDU INVESTIMENTOS S.A.,2025-09-30,-11859000.0,T
025895,LIVETECH DA BAHIA INDÚSTRIA E COMÉRCIO S.A.,2025-03-31,8149000.0,T
025895,LIVETECH DA BAHIA INDÚSTRIA E COMÉRCIO S.A.,2025-06-30,-16744000.0,T
025895,LIVETECH DA BAHIA INDÚSTRIA E COMÉRCIO S.A.,2025-09-30,-2535000.0,T
025909,EMCCAMP RESIDENCIAL S.A.,2025-03-31,27153000.0,T
025909,EMCCAMP RESIDENCIAL S.A.,2025-06-30,18528000.0,T
025909,EMCCAMP RESIDENCIAL S.A.,2025-09-30,32393000.0,T
025917,RAÍZEN S.A.,2025-06-30,-1843886000.0,T
025917,RAÍZEN S.A.,2025-09-30,-2312070000.0,T
025917,RAÍZEN S.A.,2025-12-31,-15645051000.0,T
025925,BIONEXO S.A.,2025-03-31,-1143000.0,T
025925,BIONEXO S.A.,2025-06-30,-818000.0,T
025925,BIONEXO S.A.,2025-09-30,371000.0,T
025933,HUMBERG AGRIBRASIL COMÉRCIO E EXPORTAÇÃO DE GRÃOS S.A.,2025-03-31,2862000.0,T
025933,HUMBERG AGRIBRASIL COMÉRCIO E EXPORTAÇÃO DE GRÃOS S.A.,2025-06-30,16010000.0,T
025950,TRÊS TENTOS AGROINDUSTRIAL S/A,2025-03-31,192419000.0,T
025950,TRÊS TENTOS AGROINDUSTRIAL S/A,2025-06-30,330847000.0,T
025950,TRÊS TENTOS AGROINDUSTRIAL S/A,2025-09-30,203044000.0,T
025984,COMPANHIA BRASILEIRA DE ALUMÍNIO,2025-03-31,334616000.0,T
025984,COMPANHIA BRASILEIRA DE ALUMÍNIO,2025-06-30,-72818000.0,T
025984,COMPANHIA BRASILEIRA DE ALUMÍNIO,2025-09-30,131571000.0,T
025992,INTERCEMENT BRASIL S.A. - EM RECUPERAÇÃO JUDICIAL,2025-03-31,-180193000.0,T
025992,INTERCEMENT BRASIL S.A. - EM RECUPERAÇÃO JUDICIAL,2025-06-30,-232482000.0,T
025992,INTERCEMENT BRASIL S.A. - EM RECUPERAÇÃO JUDICIAL,2025-09-30,-228820000.0,T
026000,TERRA SANTA PROPRIEDADES AGRÍCOLAS S.A.,2025-03-31,9706000.0,T
026000,TERRA SANTA PROPRIEDADES AGRÍCOLAS S.A.,2025-06-30,5006000.0,T
026000,TERRA SANTA PROPRIEDADES AGRÍCOLAS S.A.,2025-09-30,-18333000.0,T
026026,DESKTOP S.A.,2025-03-31,22125000.0,T
026026,DESKTOP S.A.,2025-06-30,17462000.0,T
026026,DESKTOP S.A.,2025-09-30,17250000.0,T
026034,GRUPO MULTILASER S.A.,2025-03-31,64641000.0,T
026034,GRUPO MULTILASER S.A.,2025-06-30,19774000.0,T
026034,GRUPO MULTILASER S.A.,2025-09-30,65614000.0,T
026050,UNIFIQUE TELECOMUNICAÇÕES S.A.,2025-03-31,36978000.0,T
026050,UNIFIQUE TELECOMUNICAÇÕES S.A.,2025-06-30,45168000.0,T
026050,UNIFIQUE TELECOMUNICAÇÕES S.A.,2025-09-30,64831000.0,T
026069,"ARMAC LOCAÇÃO, LOGÍSTICA E SERVIÇOS S.A.",2025-03-31,12512000.0,T
026069,"ARMAC LOCAÇÃO, LOGÍSTICA E SERVIÇOS S.A.",2025-06-30,-6715000.0,T
026069,"ARMAC LOCAÇÃO, LOGÍSTICA E SERVIÇOS S.A.",2025-09-30,38304000.0,T
026077,ECONOMATICA S.A.,2025-03-31,-10710000.0,T
026077,ECONOMATICA S.A.,2025-06-30,232000.0,T
026077,ECONOMATICA S.A.,2025-09-30,-3848000.0,T
026093,CLEAR SALE S.A.,2025-03-31,-60824000.0,T
026123,ONCOCLÍNICAS DO BRASIL SERVIÇOS MÉDICOS S.A.,2025-03-31,-131974000.0,T
026123,ONCOCLÍNICAS DO BRASIL SERVIÇOS MÉDICOS S.A.,2025-06-30,-142292000.0,T
026123,ONCOCLÍNICAS DO BRASIL SERVIÇOS MÉDICOS S.A.,2025-09-30,-1880697000.0,T
026158,ESSENTIA PCHS S.A.,2025-03-31,24092000.0,T
026158,ESSENTIA PCHS S.A.,2025-06-30,26558000.0,T
026158,ESSENTIA PCHS S.A.,2025-09-30,15333000.0,T
026166,GRUPO FARTURA DE HORTIFRUT S.A.,2025-03-31,20810000.0,T
026166,GRUPO FARTURA DE HORTIFRUT S.A.,2025-06-30,12347000.0,T
026166,GRUPO FARTURA DE HORTIFRUT S.A.,2025-09-30,16740000.0,T
026174,AUREN OPERAÇÕES S.A.,2025-03-31,13546000.0,T
026174,AUREN OPERAÇÕES S.A.,2025-06-30,7137000.0,T
026174,AUREN OPERAÇÕES S.A.,2025-09-30,14239000.0,T
026190,CARAMURU ALIMENTOS S.A.,2025-03-31,115708000.0,T
026190,CARAMURU ALIMENTOS S.A.,2025-06-30,174196000.0,T
026190,CARAMURU ALIMENTOS S.A.,2025-09-30,202252000.0,T
026204,BLUEFIT ACADEMIAS DE GINÁSTICA E PARTICIPAÇÕES S.A.,2025-03-31,-20000.0,T
026204,BLUEFIT ACADEMIAS DE GINÁSTICA E PARTICIPAÇÕES S.A.,2025-06-30,1393000.0,T
026204,BLUEFIT ACADEMIAS DE GINÁSTICA E PARTICIPAÇÕES S.A.,2025-09-30,5476000.0,T
026247,WILSON SONS S.A.,2025-03-31,194607000.0,T
026247,WILSON SONS S.A.,2025-06-30,168043000.0,T
026247,WILSON SONS S.A.,2025-09-30,197276000.0,T
026255,TIGRE S.A. PARTICIPAÇÕES,2025-03-31,-21105000.0,T
026255,TIGRE S.A. PARTICIPAÇÕES,2025-06-30,-21558000.0,T
026255,TIGRE S.A. PARTICIPAÇÕES,2025-09-30,79541000.0,T
026271,ENVIRONMENTAL ESG PARTICIPAÇÕES S.A.,2025-03-31,33759000.0,T
026271,ENVIRONMENTAL ESG PARTICIPAÇÕES S.A.,2025-06-30,-230850000.0,T
026280,COMERC ENERGIA S.A.,2025-03-31,-523295000.0,T
026280,COMERC ENERGIA S.A.,2025-06-30,-201977000.0,T
026280,COMERC ENERGIA S.A.,2025-09-30,-147838000.0,T
026301,UNIGEL PARTICIPAÇÕES S.A.,2025-03-31,-209275000.0,T
026301,UNIGEL PARTICIPAÇÕES S.A.,2025-06-30,247892000.0,T
026328,AUSTRAVIAS S.A.,2025-03-31,-25095000.0,T
026328,AUSTRAVIAS S.A.,2025-06-30,-13333000.0,T
026328,AUSTRAVIAS S.A.,2025-09-30,-13381000.0,T
026352,RODOVIAS DO BRASIL HOLDING S.A.,2025-03-31,12558000.0,T
026352,RODOVIAS DO BRASIL HOLDING S.A.,2025-06-30,54035000.0,T
026352,RODOVIAS DO BRASIL HOLDING S.A.,2025-09-30,87984000.0,T
026379,MADERO INDÚSTRIA E COMÉRCIO S.A.,2025-03-31,53152000.0,T
026379,MADERO INDÚSTRIA E COMÉRCIO S.A.,2025-06-30,65680000.0,T
026379,MADERO INDÚSTRIA E COMÉRCIO S.A.,2025-09-30,23082000.0,T
026395,ALMEIDA JUNIOR SHOPPING CENTERS S.A.,2025-03-31,22834000.0,T
026395,ALMEIDA JUNIOR SHOPPING CENTERS S.A.,2025-06-30,2164000.0,T
026395,ALMEIDA JUNIOR SHOPPING CENTERS S.A.,2025-09-30,10724000.0,T
026409,VERO S.A.,2025-03-31,42095000.0,T
026409,VERO S.A.,2025-06-30,3045000.0,T
026409,VERO S.A.,2025-09-30,12171000.0,T
026417,OLIVEIRA TRUST S.A.,2025-03-31,29700000.0,T
026417,OLIVEIRA TRUST S.A.,2025-06-30,28778000.0,T
026417,OLIVEIRA TRUST S.A.,2025-09-30,32828000.0,T
026441,SERENA ENERGIA S.A.,2025-03-31,-155474000.0,T
026441,SERENA ENERGIA S.A.,2025-06-30,-34532000.0,T
026441,SERENA ENERGIA S.A.,2025-09-30,16644000.0,T
026468,HOSPITAL ANCHIETA S.A.,2025-03-31,-36781000.0,T
026468,HOSPITAL ANCHIETA S.A.,2025-06-30,7602000.0,T
026468,HOSPITAL ANCHIETA S.A.,2025-09-30,-16409000.0,T
026506,LUPO S.A.,2025-03-31,23034000.0,T
026506,LUPO S.A.,2025-06-30,27821000.0,T
026506,LUPO S.A.,2025-09-30,20859000.0,T
026514,ASA BRANCA HOLDING S.A.,2025-03-31,-13187000.0,T
026514,ASA BRANCA HOLDING S.A.,2025-06-30,-5053000.0,T
026514,ASA BRANCA HOLDING S.A.,2025-09-30,4692000.0,T
026522,CERRADINHO BIOENERGIA S.A.,2025-06-30,72386000.0,T
026522,CERRADINHO BIOENERGIA S.A.,2025-09-30,102523000.0,T
026522,CERRADINHO BIOENERGIA S.A.,2025-12-31,137579000.0,T
026565,HOLDING DO ARAGUAIA S.A.,2025-03-31,-28500000.0,T
026565,HOLDING DO ARAGUAIA S.A.,2025-06-30,-13406000.0,T
026565,HOLDING DO ARAGUAIA S.A.,2025-09-30,3651000.0,T
026603,GSH CORP PARTICIPAÇÕES S.A.,2025-03-31,6986000.0,T
026603,GSH CORP PARTICIPAÇÕES S.A.,2025-06-30,5390000.0,T
026603,GSH CORP PARTICIPAÇÕES S.A.,2025-09-30,5254000.0,T
026620,AUREN ENERGIA S.A.,2025-03-31,53997000.0,T
026620,AUREN ENERGIA S.A.,2025-06-30,-562853000.0,T
026620,AUREN ENERGIA S.A.,2025-09-30,-403695000.0,T
026646,CANTU STORE S.A.,2025-03-31,34348000.0,T
026646,CANTU STORE S.A.,2025-06-30,-54389000.0,T
026646,CANTU STORE S.A.,2025-09-30,15201000.0,T
026697,FOZ DO RIO CLARO ENERGIA S.A.,2025-03-31,-8030000.0,T
026697,FOZ DO RIO CLARO ENERGIA S.A.,2025-06-30,1429000.0,T
026697,FOZ DO RIO CLARO ENERGIA S.A.,2025-09-30,-257000.0,T
026700,EUROFARMA LABORATÓRIOS S.A.,2025-03-31,229181000.0,T
026700,EUROFARMA LABORATÓRIOS S.A.,2025-06-30,-92564000.0,T
026700,EUROFARMA LABORATÓRIOS S.A.,2025-09-30,361394000.0,T
026760,TECIDOS E ARMARINHOS MIGUEL BARTOLOMEU S.A.,2025-03-31,64749000.0,T
026760,TECIDOS E ARMARINHOS MIGUEL BARTOLOMEU S.A.,2025-06-30,74643000.0,T
026760,TECIDOS E ARMARINHOS MIGUEL BARTOLOMEU S.A.,2025-09-30,94398000.0,T
026786,SENIOR SISTEMAS S.A.,2025-03-31,47813000.0,T
026786,SENIOR SISTEMAS S.A.,2025-06-30,66200000.0,T
026786,SENIOR SISTEMAS S.A.,2025-09-30,65627000.0,T
026832,ANEMUS WIND HOLDING S.A.,2025-03-31,-66137000.0,T
026832,ANEMUS WIND HOLDING S.A.,2025-06-30,-60985000.0,T
026832,ANEMUS WIND HOLDING S.A.,2025-09-30,-67370000.0,T
026867,UNIÃO QUÍMICA FARMACÊUTICA NACIONAL S.A.,2025-03-31,32041000.0,T
026867,UNIÃO QUÍMICA FARMACÊUTICA NACIONAL S.A.,2025-06-30,5481000.0,T
026867,UNIÃO QUÍMICA FARMACÊUTICA NACIONAL S.A.,2025-09-30,101723000.0,T
026891,ELETRORIVER S.A.,2025-03-31,59558000.0,T
026891,ELETRORIVER S.A.,2025-06-30,88658000.0,T
026891,ELETRORIVER S.A.,2025-09-30,98361000.0,T
026956,OCEÂNICA ENGENHARIA E CONSULTORIA S.A.,2025-03-31,36652000.0,T
026956,OCEÂNICA ENGENHARIA E CONSULTORIA S.A.,2025-06-30,38983000.0,T
026956,OCEÂNICA ENGENHARIA E CONSULTORIA S.A.,2025-09-30,-25157000.0,T
026980,BORRACHAS VIPAL S.A.,2025-03-31,16259000.0,T
026980,BORRACHAS VIPAL S.A.,2025-06-30,40440000.0,T
026980,BORRACHAS VIPAL S.A.,2025-09-30,53561000.0,T
027006,RIO ALTO STL HOLDING I S.A.,2025-03-31,-31440000.0,T
027006,RIO ALTO STL HOLDING I S.A.,2025-06-30,-25693000.0,T
027014,SOLAR BEBIDAS S.A.,2025-03-31,324816000.0,T
027014,SOLAR BEBIDAS S.A.,2025-06-30,312799000.0,T
027014,SOLAR BEBIDAS S.A.,2025-09-30,327942000.0,T
027022,V. TAL - REDE NEUTRA DE TELECOMUNICAÇÕES S.A.,2025-03-31,24036000.0,T
027022,V. TAL - REDE NEUTRA DE TELECOMUNICAÇÕES S.A.,2025-06-30,-380256000.0,T
027022,V. TAL - REDE NEUTRA DE TELECOMUNICAÇÕES S.A.,2025-09-30,-343666000.0,T
027049,ORIZON MEIO AMBIENTE S.A.,2025-03-31,961000.0,T
027049,ORIZON MEIO AMBIENTE S.A.,2025-06-30,25983000.0,T
027049,ORIZON MEIO AMBIENTE S.A.,2025-09-30,19446000.0,T
027057,VITRU EDUCAÇÃO S.A.,2025-03-31,49943000.0,T
027057,VITRU EDUCAÇÃO S.A.,2025-06-30,127296000.0,T
027057,VITRU EDUCAÇÃO S.A.,2025-09-30,98221000.0,T
027073,SOLVI ESSENCIS AMBIENTAL S.A.,2025-03-31,91877000.0,T
027073,SOLVI ESSENCIS AMBIENTAL S.A.,2025-06-30,87532000.0,T
027073,SOLVI ESSENCIS AMBIENTAL S.A.,2025-09-30,37265000.0,T
027090,TIM BRASIL SERVIÇOS E PARTICIPAÇÕES S.A.,2025-03-31,596911000.0,T
027090,TIM BRASIL SERVIÇOS E PARTICIPAÇÕES S.A.,2025-06-30,804960000.0,T
027090,TIM BRASIL SERVIÇOS E PARTICIPAÇÕES S.A.,2025-09-30,878301000.0,T
027103,CHINA THREE GORGES BRASIL ENERGIA S.A.,2025-03-31,750643000.0,T
027103,CHINA THREE GORGES BRASIL ENERGIA S.A.,2025-06-30,536147000.0,T
027103,CHINA THREE GORGES BRASIL ENERGIA S.A.,2025-09-30,578902000.0,T
027111,XP INVESTIMENTOS S.A.,2025-03-31,23794000.0,T
027111,XP INVESTIMENTOS S.A.,2025-06-30,136939000.0,T
027111,XP INVESTIMENTOS S.A.,2025-09-30,559244000.0,T
027154,COMPANHIA ESTADUAL DE GERAÇÃO DE ENERGIA ELÉTRICA - CEEE-G,2025-03-31,-10561000.0,T
027154,COMPANHIA ESTADUAL DE GERAÇÃO DE ENERGIA ELÉTRICA - CEEE-G,2025-06-30,25582000.0,T
027154,COMPANHIA ESTADUAL DE GERAÇÃO DE ENERGIA ELÉTRICA - CEEE-G,2025-09-30,-19457000.0,T
027162,UNIDAS LOCADORA S.A.,2025-03-31,-15574000.0,T
027162,UNIDAS LOCADORA S.A.,2025-06-30,2445000.0,T
027162,UNIDAS LOCADORA S.A.,2025-09-30,8387000.0,T
027189,VOTORANTIM CIMENTOS S.A.,2025-03-31,-325000000.0,T
027189,VOTORANTIM CIMENTOS S.A.,2025-06-30,1804000000.0,T
027189,VOTORANTIM CIMENTOS S.A.,2025-09-30,967000000.0,T
027197,TURBI COMPARTILHAMENTO DE VEÍCULOS S.A.,2025-03-31,-13150000.0,T
027197,TURBI COMPARTILHAMENTO DE VEÍCULOS S.A.,2025-06-30,-16671000.0,T
027197,TURBI COMPARTILHAMENTO DE VEÍCULOS S.A.,2025-09-30,-29641000.0,T
027219,GRANJA FARIA S.A.,2025-03-31,279780000.0,T
027219,GRANJA FARIA S.A.,2025-06-30,83541000.0,T
027219,GRANJA FARIA S.A.,2025-09-30,-77596000.0,T
027227,ORIGEM ENERGIA S.A.,2025-03-31,208587000.0,T
027227,ORIGEM ENERGIA S.A.,2025-06-30,245714000.0,T
027227,ORIGEM ENERGIA S.A.,2025-09-30,65656000.0,T
027243,CLI SUL S.A.,2025-03-31,0.0,T
027243,CLI SUL S.A.,2025-06-30,0.0,T
027243,CLI SUL S.A.,2025-09-30,0.0,T
027251,INSPIRALI EDUCAÇÃO S.A.,2025-03-31,210965000.0,T
027251,INSPIRALI EDUCAÇÃO S.A.,2025-06-30,116850000.0,T
027251,INSPIRALI EDUCAÇÃO S.A.,2025-09-30,159375000.0,T
027260,CORREDOR LOGÍSTICA E INFRAESTRUTURA S.A.,2025-03-31,-52696000.0,T
027260,CORREDOR LOGÍSTICA E INFRAESTRUTURA S.A.,2025-06-30,20369000.0,T
027260,CORREDOR LOGÍSTICA E INFRAESTRUTURA S.A.,2025-09-30,-8104000.0,T
027316,"BRAZIL TOWER, CESSÃO DE INFRA-ESTRUTURAS S.A",2025-03-31,-37418000.0,T
027316,"BRAZIL TOWER, CESSÃO DE INFRA-ESTRUTURAS S.A",2025-06-30,-888000.0,T
027316,"BRAZIL TOWER, CESSÃO DE INFRA-ESTRUTURAS S.A",2025-09-30,4731000.0,T
027324,VOKE S.A.,2025-03-31,20274000.0,T
027324,VOKE S.A.,2025-06-30,339000.0,T
027324,VOKE S.A.,2025-09-30,-10458000.0,T
027332,HÉLIO VALGAS SOLAR PARTICIPAÇÕES S.A.,2025-03-31,-371232000.0,T
027332,HÉLIO VALGAS SOLAR PARTICIPAÇÕES S.A.,2025-06-30,-117934000.0,T
027332,HÉLIO VALGAS SOLAR PARTICIPAÇÕES S.A.,2025-09-30,-109708000.0,T
027340,CONSTRUTORA METROCASA S.A.,2025-03-31,74112000.0,T
027340,CONSTRUTORA METROCASA S.A.,2025-06-30,82812000.0,T
027340,CONSTRUTORA METROCASA S.A.,2025-09-30,69608000.0,T
027375,BRASIL BIOFUELS S.A.,2025-03-31,-78913000.0,T
027375,BRASIL BIOFUELS S.A.,2025-06-30,-129307000.0,T
027375,BRASIL BIOFUELS S.A.,2025-09-30,-309682000.0,T
027391,BRZ EMPREENDIMENTOS E CONSTRUÇÕES S.A.,2025-03-31,17451000.0,T
027391,BRZ EMPREENDIMENTOS E CONSTRUÇÕES S.A.,2025-06-30,23924000.0,T
027391,BRZ EMPREENDIMENTOS E CONSTRUÇÕES S.A.,2025-09-30,-45155000.0,T
027430,ALUBAR METAIS E CABOS S.A.,2025-03-31,18778000.0,T
027430,ALUBAR METAIS E CABOS S.A.,2025-06-30,23256000.0,T
027430,ALUBAR METAIS E CABOS S.A.,2025-09-30,50531000.0,T
027472,AXIA ENERGIA NORTE S.A.,2025-03-31,-165311000.0,T
027472,AXIA ENERGIA NORTE S.A.,2025-06-30,32663000.0,T
027472,AXIA ENERGIA NORTE S.A.,2025-09-30,1215131000.0,T
027480,AXIA ENERGIA SUL S.A.,2025-03-31,183286000.0,T
027480,AXIA ENERGIA SUL S.A.,2025-06-30,21839000.0,T
027480,AXIA ENERGIA SUL S.A.,2025-09-30,440639000.0,T
027499,BRASIL TECNOLOGIA E PARTICIPAÇÕES S.A.,2025-03-31,21457000.0,T
027499,BRASIL TECNOLOGIA E PARTICIPAÇÕES S.A.,2025-06-30,19228000.0,T
027499,BRASIL TECNOLOGIA E PARTICIPAÇÕES S.A.,2025-09-30,11124000.0,T
027502,GIGA MAIS FIBRA TELECOMUNICAÇÕES S.A.,2025-03-31,-3605000.0,T
027502,GIGA MAIS FIBRA TELECOMUNICAÇÕES S.A.,2025-06-30,-11491000.0,T
027502,GIGA MAIS FIBRA TELECOMUNICAÇÕES S.A.,2025-09-30,-63050000.0,T
027510,VITAL ENGENHARIA AMBIENTAL S.A.,2025-03-31,96808000.0,T
027510,VITAL ENGENHARIA AMBIENTAL S.A.,2025-06-30,70623000.0,T
027510,VITAL ENGENHARIA AMBIENTAL S.A.,2025-09-30,97895000.0,T
027545,ASSURUÁ 4 E 5 HOLDING ENERGIA S.A.,2025-03-31,-16645000.0,T
027545,ASSURUÁ 4 E 5 HOLDING ENERGIA S.A.,2025-06-30,-11563000.0,T
027545,ASSURUÁ 4 E 5 HOLDING ENERGIA S.A.,2025-09-30,41429000.0,T
027570,BELORA RDVC CITY DESENVOLVIMENTO IMOBILIÁRIO S.A.,2025-06-30,5000.0,T
027570,BELORA RDVC CITY DESENVOLVIMENTO IMOBILIÁRIO S.A.,2025-09-30,-1012000.0,T
027600,PORTO SERVIÇO S.A,2025-03-31,66745000.0,T
027600,PORTO SERVIÇO S.A,2025-06-30,56782000.0,T
027600,PORTO SERVIÇO S.A,2025-09-30,49132000.0,T
027618,PORTO SAÚDE PARTICIPAÇÕES S.A.,2025-03-31,209358000.0,T
027618,PORTO SAÚDE PARTICIPAÇÕES S.A.,2025-06-30,76041000.0,T
027618,PORTO SAÚDE PARTICIPAÇÕES S.A.,2025-09-30,126350000.0,T
027626,AZEVEDO & TRAVASSOS ENERGIA S.A.,2025-03-31,-4532000.0,T
027626,AZEVEDO & TRAVASSOS ENERGIA S.A.,2025-06-30,575000.0,T
027626,AZEVEDO & TRAVASSOS ENERGIA S.A.,2025-09-30,-1360000.0,T
027634,B100 S.A.,2025-06-30,12350000.0,T
027634,B100 S.A.,2025-09-30,-431512000.0,T
027642,EQUIPAV SANEAMENTO S.A.,2025-03-31,1014550000.0,T
027642,EQUIPAV SANEAMENTO S.A.,2025-06-30,172620000.0,T
027642,EQUIPAV SANEAMENTO S.A.,2025-09-30,497892000.0,T
027650,REVEE S.A.,2025-06-30,-2715000.0,T
027650,REVEE S.A.,2025-09-30,20948000.0,T
027669,CORPÓREOS - SERVIÇOS TERAPÊUTICOS S.A.,2025-03-31,23680000.0,T
027669,CORPÓREOS - SERVIÇOS TERAPÊUTICOS S.A.,2025-06-30,14332000.0,T
027669,CORPÓREOS - SERVIÇOS TERAPÊUTICOS S.A.,2025-09-30,8061000.0,T
027677,ATOM EDUCAÇÃO E EDITORA S.A.,2025-03-31,-900000.0,T
027677,ATOM EDUCAÇÃO E EDITORA S.A.,2025-06-30,-512000.0,T
027677,ATOM EDUCAÇÃO E EDITORA S.A.,2025-09-30,-458000.0,T
027693,BRISANET SERVIÇOS DE TELECOMUNICAÇÕES S.A.,2025-03-31,20445000.0,T
027693,BRISANET SERVIÇOS DE TELECOMUNICAÇÕES S.A.,2025-06-30,6219000.0,T
027693,BRISANET SERVIÇOS DE TELECOMUNICAÇÕES S.A.,2025-09-30,38382000.0,T
027707,AUTOMOB PARTICIPAÇÕES S.A.,2025-03-31,-35314000.0,T
027707,AUTOMOB PARTICIPAÇÕES S.A.,2025-06-30,-28223000.0,T
027707,AUTOMOB PARTICIPAÇÕES S.A.,2025-09-30,-166609000.0,T
027715,EPR INFRAESTRUTURA PR S.A.,2025-03-31,100134000.0,T
027715,EPR INFRAESTRUTURA PR S.A.,2025-06-30,101464000.0,T
027715,EPR INFRAESTRUTURA PR S.A.,2025-09-30,122795000.0,T
027731,CONCESSIONÁRIA DA LINHA 4 DO METRÔ DE SÃO PAULO S.A.,2025-03-31,96305000.0,T
027731,CONCESSIONÁRIA DA LINHA 4 DO METRÔ DE SÃO PAULO S.A.,2025-06-30,81014000.0,T
027731,CONCESSIONÁRIA DA LINHA 4 DO METRÔ DE SÃO PAULO S.A.,2025-09-30,659474000.0,T
027740,PRIO FORTE S.A.,2025-03-31,1829113000.0,T
027740,PRIO FORTE S.A.,2025-06-30,1385726000.0,T
027740,PRIO FORTE S.A.,2025-09-30,784782000.0,T
027766,UNIÃO PET PARTICIPAÇÕES S.A.,2025-03-31,15380000.0,T
027766,UNIÃO PET PARTICIPAÇÕES S.A.,2025-06-30,37378000.0,T
027766,UNIÃO PET PARTICIPAÇÕES S.A.,2025-09-30,38091000.0,T
027774,BTG PACTUAL COMMODITIES SERTRADING S.A.,2025-03-31,116098000.0,T
027774,BTG PACTUAL COMMODITIES SERTRADING S.A.,2025-06-30,418602000.0,T
027774,BTG PACTUAL COMMODITIES SERTRADING S.A.,2025-09-30,301508000.0,T
027804,TERP GLBL BRASIL I PARTICIPAÇÕES S.A.,2025-03-31,-20428000.0,T
027804,TERP GLBL BRASIL I PARTICIPAÇÕES S.A.,2025-06-30,26932000.0,T
027804,TERP GLBL BRASIL I PARTICIPAÇÕES S.A.,2025-09-30,34650000.0,T
027820,GRUPO SALTA EDUCAÇÃO S.A.,2025-03-31,109385000.0,T
027820,GRUPO SALTA EDUCAÇÃO S.A.,2025-06-30,19539000.0,T
027820,GRUPO SALTA EDUCAÇÃO S.A.,2025-09-30,20368000.0,T
027839,CPX DISTRIBUIDORA S.A.,2025-03-31,19640000.0,T
027839,CPX DISTRIBUIDORA S.A.,2025-06-30,-54331000.0,T
027839,CPX DISTRIBUIDORA S.A.,2025-09-30,21432000.0,T
027847,TECNOGERA-LOCAÇÃO E TRANSFORMAÇÃO DE ENERGIA S.A.,2025-03-31,10848000.0,T
027847,TECNOGERA-LOCAÇÃO E TRANSFORMAÇÃO DE ENERGIA S.A.,2025-06-30,60450000.0,T
027847,TECNOGERA-LOCAÇÃO E TRANSFORMAÇÃO DE ENERGIA S.A.,2025-09-30,17710000.0,T
027880,HIGHLINE BRASIL II INFRAESTRUTURA DE TELECOMUNICAÇÕES S.A.,2025-03-31,-98014000.0,T
027880,HIGHLINE BRASIL II INFRAESTRUTURA DE TELECOMUNICAÇÕES S.A.,2025-06-30,-73270000.0,T
027880,HIGHLINE BRASIL II INFRAESTRUTURA DE TELECOMUNICAÇÕES S.A.,2025-09-30,-13060000.0,T
027944,TUPI ENERGIAS RENOVÁVEIS S.A.,2025-03-31,-40068000.0,T
027944,TUPI ENERGIAS RENOVÁVEIS S.A.,2025-06-30,-42020000.0,T
027944,TUPI ENERGIAS RENOVÁVEIS S.A.,2025-09-30,9121000.0,T
027995,PLATÃO CAPITAL S.A.,2025-03-31,-20724000.0,T
027995,PLATÃO CAPITAL S.A.,2025-06-30,-12605000.0,T
027995,PLATÃO CAPITAL S.A.,2025-09-30,-11874000.0,T
028002,COMPANHIA BRASILEIRA DE EDUCAÇÃO E SISTEMA DE ENSINO S.A.,2025-12-31,28527000.0,T
080020,"GP INVESTMENTS, LTD.",2025-03-31,20043000.0,T
080020,"GP INVESTMENTS, LTD.",2025-06-30,68611000.0,T
080187,AURA MINERALS INC.,2025-03-31,-428924000.0,T
080187,AURA MINERALS INC.,2025-06-30,46161000.0,T
080187,AURA MINERALS INC.,2025-09-30,30655000.0,T
080217,"INTER & CO, INC.",2025-03-31,306786000.0,T
080217,"INTER & CO, INC.",2025-06-30,332166000.0,T
080217,"INTER & CO, INC.",2025-09-30,356005000.0,T
080225,ALMACENES ÉXITO S.A.,2025-03-31,178595000.0,T
080233,JBS N.V.,2025-03-31,724742000.0,T
080233,JBS N.V.,2025-06-30,3367400000.0,T
080233,JBS N.V.,2025-09-30,3508937000.0,T
000094,PANATLANTICA S.A.,2026-03-31,16012000.0,T
000701,BIOMA EDUCAÇÃO S.A.,2026-03-31,-1226000.0,T
000906,BCO BRADESCO S.A.,2026-03-31,5230545000.0,T
000906,BCO BRADESCO S.A.,2026-06-30,7245808000.0,T
001023,BCO BRASIL S.A.,2026-03-31,3106277000.0,T
001155,BANESTES S.A. - BCO EST ESPIRITO SANTO,2026-03-31,97856000.0,T
001210,BANCO DO ESTADO DO RIO GRANDE DO SUL SA,2026-03-31,269842000.0,T
001325,BCO MERCANTIL DO BRASIL S.A.,2026-03-31,278021000.0,T
001325,BCO MERCANTIL DO BRASIL S.A.,2026-06-30,291457000.0,T
001520,BARDELLA S.A. INDUSTRIAS MECANICAS EM RECUPERAÇÃO JUDICIAL,2026-03-31,-7968000.0,T
001562,BAUMER S.A.,2026-03-31,5161000.0,T
002100,CAMBUCI S.A.,2026-03-31,19677000.0,T
002100,CAMBUCI S.A.,2026-06-30,12233000.0,T
002429,IRANI PAPEL E EMBALAGEM S.A.,2026-03-31,19416000.0,T
002429,IRANI PAPEL E EMBALAGEM S.A.,2026-06-30,30928000.0,T
002437,AXIA ENERGIA S.A.,2026-03-31,2630668000.0,T
002437,AXIA ENERGIA S.A.,2026-06-30,1190763000.0,T
002453,CIA ENERGETICA DE MINAS GERAIS - CEMIG,2026-03-31,978979000.0,T
002461,CENTRAIS ELET DE SANTA CATARINA S.A.,2026-03-31,250659000.0,T
002577,CESP - CIA ENERGETICA DE SAO PAULO,2026-03-31,-124396000.0,T
002577,CESP - CIA ENERGETICA DE SAO PAULO,2026-06-30,-127173000.0,T
003069,CIA FERRO LIGAS DA BAHIA - FERBASA,2026-03-31,-2448000.0,T
003190,REDE ENERGIA PARTICIPAÇÕES S.A.,2026-03-31,325020000.0,T
003190,REDE ENERGIA PARTICIPAÇÕES S.A.,2026-06-30,243836000.0,T
003204,CPFL TRANSMISSÃO S.A.,2026-03-31,170909000.0,T
003298,CIA HABITASUL DE PARTICIPACOES,2026-03-31,18061000.0,T
003328,AXIA ENERGIA NORDESTE S.A.,2026-03-31,782981000.0,T
003328,AXIA ENERGIA NORDESTE S.A.,2026-06-30,357391000.0,T
003395,COMPANHIA INDUSTRIAL CATAGUASES,2026-03-31,-448000.0,T
003549,CIA INDUSTRIAL SCHLOSSER S.A.,2026-03-31,-174.0,T
003654,CIA MELHORAMENTOS DE SAO PAULO,2026-03-31,-13629000.0,T
003980,GERDAU S.A.,2026-03-31,1013355000.0,T
003980,GERDAU S.A.,2026-06-30,1466046000.0,T
004030,CIA SIDERURGICA NACIONAL,2026-03-31,-555023000.0,T
004146,KARSTEN S.A.,2026-03-31,4075000.0,T
004170,VALE S.A.,2026-03-31,10199000000.0,T
004170,VALE S.A.,2026-06-30,7041000000.0,T
004448,COBRASMA S.A.,2026-03-31,1403811000.0,T
004537,GRAZZIOTIN S.A.,2026-03-31,5209000.0,T
004669,GUARARAPES CONFECCOES S.A.,2026-03-31,5037000.0,T
004669,GUARARAPES CONFECCOES S.A.,2026-06-30,167921000.0,T
004693,CONSERVAS ODERICH S.A.,2026-03-31,9687000.0,T
004723,CONSTRUTORA ADOLPHO LINDENBERG S.A.,2026-03-31,12317000.0,T
004723,CONSTRUTORA ADOLPHO LINDENBERG S.A.,2026-06-30,11300000.0,T
004820,BRASKEM S.A.,2026-03-31,1246000000.0,T
005207,DOHLER S.A.,2026-03-31,-8708000.0,T
005258,RAIA DROGASIL S.A.,2026-03-31,158956000.0,T
005258,RAIA DROGASIL S.A.,2026-06-30,424540000.0,T
005312,MUNDIAL S.A. - PRODUTOS DE CONSUMO,2026-03-31,-16011000.0,T
005380,ELECTRO ACO ALTONA S.A.,2026-03-31,9013000.0,T
005380,ELECTRO ACO ALTONA S.A.,2026-06-30,5190000.0,T
005410,WEG S.A.,2026-03-31,1579701000.0,T
005410,WEG S.A.,2026-06-30,1646544000.0,T
005762,ETERNIT S.A.,2026-03-31,-12256000.0,T
005770,EUCATEX S.A. INDUSTRIA E COMERCIO,2026-03-31,186409000.0,T
005983,FIACAO E TECELAGEM SAO JOSE SA EM RECUPERACAO JUDICIAL,2026-03-31,-2429000.0,T
006173,TAURUS ARMAS S.A.,2026-03-31,-36618000.0,T
006211,FRASLE MOBILITY S.A.,2026-03-31,44116000.0,T
006343,TUPY S.A.,2026-03-31,-94191000.0,T
006343,TUPY S.A.,2026-06-30,-10852000.0,T
006505,GRUPO CASAS BAHIA S.A.,2026-03-31,-1064000000.0,T
006700,HOTEIS OTHON S.A. - EM RECUPERAÇÃO JUDICIAL,2026-03-31,16723000.0,T
007510,ROMI S.A.,2026-03-31,2365000.0,T
007510,ROMI S.A.,2026-06-30,13925000.0,T
007544,TEXTIL RENAUXVIEW S.A.,2026-03-31,-19024000.0,T
007595,INEPAR S.A. INDUSTRIA E CONSTRUCOES EM RECUPERACAO JUDICIAL,2026-03-31,-67368000.0,T
007617,ITAÚSA S.A.,2026-03-31,4462000000.0,T
007811,JOAO FORTES ENGENHARIA S.A. - EM RECUPERAÇÃO JUDICIAL,2026-03-31,-3959000.0,T
007870,KEPLER WEBER S.A.,2026-03-31,17128000.0,T
008133,LOJAS RENNER S.A.,2026-03-31,257251000.0,T
008133,LOJAS RENNER S.A.,2026-06-30,404645000.0,T
008192,TREVISA INVESTIMENTOS S.A.,2026-03-31,1643000.0,T
008397,MANGELS INDUSTRIAL S.A.,2026-03-31,3896000.0,T
008451,MARCOPOLO S.A.,2026-03-31,264608000.0,T
008451,MARCOPOLO S.A.,2026-06-30,271216000.0,T
008575,MAHLE METAL LEVE S.A.,2026-03-31,214219000.0,T
008656,METALURGICA GERDAU S.A.,2026-03-31,1011790000.0,T
008656,METALURGICA GERDAU S.A.,2026-06-30,1464320000.0,T
008672,IGUATEMI S.A.,2026-03-31,237608000.0,T
008672,IGUATEMI S.A.,2026-06-30,135085000.0,T
008745,METANOR SA METANOL DO NE,2026-03-31,16375000.0,T
008753,METISA METALURGICA TIMBOENSE S.A.,2026-03-31,7112371.0,T
008818,MINASMAQUINAS S.A.,2026-03-31,14059000.0,T
009067,SUZANO HOLDING S.A.,2026-03-31,4313332000.0,T
009342,DIMED S.A. DISTRIBUIDORA DE MEDICAMENTOS,2026-03-31,33231000.0,T
009342,DIMED S.A. DISTRIBUIDORA DE MEDICAMENTOS,2026-06-30,30371000.0,T
009393,PARANAPANEMA S.A. - EM RECUPERAÇÃO JUDICIAL,2026-03-31,-88235000.0,T
009512,PETROLEO BRASILEIRO S.A. PETROBRAS,2026-03-31,32761000000.0,T
009512,PETROLEO BRASILEIRO S.A. PETROBRAS,2026-06-30,52495000000.0,T
009539,PETTENATI S.A. INDUSTRIA TEXTIL,2026-03-31,15838948.0,T
010456,ALPARGATAS S.A.,2026-03-31,162807000.0,T
010456,ALPARGATAS S.A.,2026-06-30,169672000.0,T
010880,SONDOTECNICA ENGENHARIA SOLOS S.A.,2026-03-31,4973000.0,T
011070,WLM PART. E COMÉRCIO DE MÁQUINAS E VEÍCULOS S.A.,2026-03-31,13541000.0,T
011592,UNIPAR CARBOCLORO S.A.,2026-03-31,37248000.0,T
011592,UNIPAR CARBOCLORO S.A.,2026-06-30,123321000.0,T
011762,VULCABRAS S.A.,2026-03-31,80133000.0,T
011762,VULCABRAS S.A.,2026-06-30,143721000.0,T
011932,IOCHPE MAXION S.A.,2026-03-31,37105000.0,T
011932,IOCHPE MAXION S.A.,2026-06-30,123272000.0,T
011975,AZEVEDO E TRAVASSOS S.A.,2026-03-31,954000.0,T
011991,WETZEL S.A.,2026-03-31,-10513000.0,T
012572,RECRUSUL S.A.,2026-03-31,-2716000.0,T
012653,KLABIN S.A.,2026-03-31,-496976000.0,T
012653,KLABIN S.A.,2026-06-30,386580000.0,T
012696,SANSUY S.A. INDUSTRIA DE PLASTICOS,2026-03-31,-84021000.0,T
012696,SANSUY S.A. INDUSTRIA DE PLASTICOS,2026-06-30,-81073000.0,T
012823,ALIPERTI S.A.,2026-03-31,-4554000.0,T
013030,CONSTRUTORA SULTEPA S.A. - EM RECUPERAÇÃO JUDICIAL,2026-03-31,31615000.0,T
013285,JOSAPAR-JOAQUIM OLIVEIRA S.A. - PARTICIP,2026-03-31,2387000.0,T
013366,HAGA S.A. INDUSTRIA E COMERCIO,2026-03-31,1003899.0,T
013439,METALURGICA RIOSULENSE S.A.,2026-03-31,13354000.0,T
013471,PLASCAR PARTICIPACOES INDUSTRIAIS S.A.,2026-03-31,-54417000.0,T
013765,MINUPAR PARTICIPACOES S.A.,2026-03-31,11479000.0,T
013773,PBG S/A,2026-03-31,-41134000.0,T
013781,SAO CARLOS EMPREEND E PARTICIPACOES S.A.,2026-03-31,-42279000.0,T
013986,SUZANO S.A.,2026-03-31,4311991000.0,T
014109,RANDONCORP S.A.,2026-03-31,-5755000.0,T
014311,CIA PARANAENSE DE ENERGIA - COPEL,2026-03-31,694044000.0,T
014311,CIA PARANAENSE DE ENERGIA - COPEL,2026-06-30,1047459000.0,T
014320,USINAS SID DE MINAS GERAIS S.A.-USIMINAS,2026-03-31,896150000.0,T
014320,USINAS SID DE MINAS GERAIS S.A.-USIMINAS,2026-06-30,428182000.0,T
014346,WHIRLPOOL S.A.,2026-03-31,71217000.0,T
014443,CIA SANEAMENTO BASICO EST SAO PAULO,2026-03-31,1749031000.0,T
014451,COMPANHIA ENERGÉTICA DE BRASÍLIA - CEB,2026-03-31,41037000.0,T
014460,CYRELA BRAZIL REALTY S.A.EMPREEND E PART,2026-03-31,360059000.0,T
014664,SCHULZ S.A.,2026-03-31,55608000.0,T
014826,CIA BRASILEIRA DE DISTRIBUICAO,2026-03-31,-1435000000.0,T
014826,CIA BRASILEIRA DE DISTRIBUICAO,2026-06-30,-252000000.0,T
015253,ENERGISA S.A.,2026-03-31,574770000.0,T
015253,ENERGISA S.A.,2026-06-30,-39628000.0,T
015458,EMBPAR PARTICIPAÇÕES S/A,2026-03-31,2676000.0,T
015539,NEOENERGIA S.A.,2026-03-31,1290000000.0,T
015539,NEOENERGIA S.A.,2026-06-30,910000000.0,T
016101,GAFISA S.A.,2026-03-31,-45639000.0,T
016292,BRF S.A.,2026-03-31,538832000.0,T
016438,SUL 116 PARTICIPAÇÕES S.A. - EM LIQUIDAÇÃO,2026-03-31,-79000.0,T
016632,DEXXOS PARTICIPAÇÕES S.A.,2026-03-31,51348000.0,T
016659,PORTO SEGURO S.A.,2026-03-31,1141626000.0,T
016659,PORTO SEGURO S.A.,2026-06-30,886636000.0,T
016675,CEL PARTICIPAÇÕES S.A. - CELPAR,2026-03-31,23968.0,T
016993,EMAE - EMPRESA METROP. DE AGUAS E ENERGIA S.A.,2026-03-31,25756000.0,T
016993,EMAE - EMPRESA METROP. DE AGUAS E ENERGIA S.A.,2026-06-30,50973000.0,T
017329,ENGIE BRASIL ENERGIA S.A.,2026-03-31,792058000.0,T
017329,ENGIE BRASIL ENERGIA S.A.,2026-06-30,1961907000.0,T
017450,RUMO S.A.,2026-03-31,97724000.0,T
017671,TELEFÔNICA BRASIL S.A,2026-03-31,1256551000.0,T
017671,TELEFÔNICA BRASIL S.A,2026-06-30,1567560000.0,T
017868,INEPAR EQUIPAMENTOS E MONTAGENS S/A - EM RECUPERACAO JUDICIA,2026-03-31,-828000.0,T
017892,SANTOS BRASIL PARTICIPACOES S.A.,2026-03-31,253998000.0,T
017949,MRS LOGISTICA S.A.,2026-03-31,78209000.0,T
017973,COGNA EDUCAÇÃO S.A.,2026-03-31,141217000.0,T
018376,ISA ENERGIA BRASIL,2026-03-31,619149000.0,T
018376,ISA ENERGIA BRASIL,2026-06-30,703370000.0,T
018414,PADTEC HOLDING S.A.,2026-03-31,7794000.0,T
018414,PADTEC HOLDING S.A.,2026-06-30,-4614000.0,T
018465,ULTRAPAR PARTICIPACOES S.A.,2026-03-31,914158000.0,T
018660,CPFL ENERGIA S.A.,2026-03-31,1909455000.0,T
018708,CIA PARTICIPACOES ALIANCA DA BAHIA,2026-03-31,14248000.0,T
018775,INVESTIMENTOS E PARTICIP. EM INFRA S.A. - INVEPAR,2026-03-31,-132823000.0,T
018821,MOTIVA INFRAESTRUTURA DE MOBILIDADE S.A.,2026-03-31,643000000.0,T
018821,MOTIVA INFRAESTRUTURA DE MOBILIDADE S.A.,2026-06-30,1402000000.0,T
019100,CONTAX PARTICIPAÇÕES S.A. - EM RECUPERAÇÃO JUDICIAL,2026-03-31,-24504000.0,T
019232,PRODUTORES ENERGET.DE MANSO S.A.- PROMAN,2026-03-31,60000.0,T
019305,BIOMM S.A.,2026-03-31,19009000.0,T
019330,TPI - TRIUNFO PARTICIP. E INVEST. S.A.,2026-03-31,-11786000.0,T
019348,ITAU UNIBANCO HOLDING S.A.,2026-03-31,11875000000.0,T
019348,ITAU UNIBANCO HOLDING S.A.,2026-06-30,12324000000.0,T
019445,CIA SANEAMENTO DE MINAS GERAIS-COPASA MG,2026-03-31,368104000.0,T
019453,ECORODOVIAS INFRAESTRUTURA E LOGÍSTICA S.A.,2026-03-31,-22126000.0,T
019453,ECORODOVIAS INFRAESTRUTURA E LOGÍSTICA S.A.,2026-06-30,9896000.0,T
019550,NATURA COSMÉTICOS S.A.,2026-03-31,-444525000.0,T
019615,GRENDENE S.A.,2026-03-31,102138000.0,T
019615,GRENDENE S.A.,2026-06-30,89408000.0,T
019623,DIAGNOSTICOS DA AMERICA S.A.,2026-03-31,348000.0,T
019739,LOCALIZA RENT A CAR S.A.,2026-03-31,1221896000.0,T
019739,LOCALIZA RENT A CAR S.A.,2026-06-30,1003047000.0,T
019763,EDP - ENERGIAS DO BRASIL S.A.,2026-03-31,508937000.0,T
019763,EDP - ENERGIAS DO BRASIL S.A.,2026-06-30,533745000.0,T
019771,ARTERIS S.A.,2026-03-31,-200832000.0,T
019836,COSAN S.A.,2026-03-31,-1344979000.0,T
019879,LIGHT S.A. - EM RECUPERAÇÃO JUDICIAL,2026-03-31,2821424000.0,T
019909,BR MALLS PARTICIPACOES S.A.,2026-03-31,177047000.0,T
019992,TOTVS S.A.,2026-03-31,232010000.0,T
019992,TOTVS S.A.,2026-06-30,688522000.0,T
020010,EQUATORIAL S.A.,2026-03-31,606756000.0,T
020028,VALID SOLUÇÕES S.A.,2026-03-31,55679000.0,T
020028,VALID SOLUÇÕES S.A.,2026-06-30,37547000.0,T
020036,BRASILAGRO - CIA BRAS DE PROP AGRICOLAS,2026-03-31,-14302000.0,T
020044,CSU DIGITAL S.A.,2026-03-31,20134000.0,T
020060,LUPATECH S.A,2026-03-31,-58110000.0,T
020087,EMBRAER S.A.,2026-03-31,194164000.0,T
020125,BRADSAÚDE S.A.,2026-03-31,152140000.0,T
020125,BRADSAÚDE S.A.,2026-06-30,636447000.0,T
020257,TRANSMISSORA ALIANÇA DE ENERGIA ELÉTRICA S.A.,2026-03-31,353646000.0,T
020320,CEMIG GERACAO E TRANSMISSAO S.A.,2026-03-31,392720000.0,T
020338,M.DIAS BRANCO S.A. IND COM DE ALIMENTOS,2026-03-31,106322000.0,T
020346,PROFARMA DISTRIB PROD FARMACEUTICOS S.A.,2026-03-31,-1272000.0,T
020346,PROFARMA DISTRIB PROD FARMACEUTICOS S.A.,2026-06-30,71637000.0,T
020362,POSITIVO TECNOLOGIA S.A.,2026-03-31,-12305000.0,T
020370,LPS BRASIL - CONSULTORIA DE IMOVEIS S.A.,2026-03-31,4386000.0,T
020435,TECNISA S.A.,2026-03-31,-20667000.0,T
020451,RNI NEGÓCIOS IMOBILIÁRIOS S.A.,2026-03-31,-67475000.0,T
020478,PDG REALTY S.A. EMPREEND E PARTICIPACOES,2026-03-31,-16527000.0,T
020494,IGUATEMI EMPRESA DE SHOPPING CENTERS S.A,2026-03-31,240447000.0,T
020494,IGUATEMI EMPRESA DE SHOPPING CENTERS S.A,2026-06-30,121151000.0,T
020524,EVEN CONSTRUTORA E INCORPORADORA S.A.,2026-03-31,41859000.0,T
020532,BCO SANTANDER (BRASIL) S.A.,2026-03-31,3281550000.0,T
020532,BCO SANTANDER (BRASIL) S.A.,2026-06-30,3393953000.0,T
020540,CPFL ENERGIAS RENOVÁVEIS S.A.,2026-03-31,262678000.0,T
020567,BCO PINE S.A,2026-03-31,150829000.0,T
020575,JBS S.A.,2026-03-31,826248000.0,T
020605,JHSF PARTICIPACOES S.A.,2026-03-31,371553000.0,T
020613,METALFRIO SOLUTIONS S.A.,2026-03-31,18926000.0,T
020630,FICA EMPREENDIMENTOS IMOBILIÁRIOS S.A.,2026-03-31,-1120000.0,T
020702,VIVER INCORPORADORA E CONSTRUTORA S.A.,2026-03-31,-6659000.0,T
020710,LOG-IN LOGISTICA INTERMODAL S.A.,2026-03-31,-37935000.0,T
020745,SLC AGRICOLA S.A.,2026-03-31,236082000.0,T
020770,EZ TEC EMPREEND. E PARTICIPACOES S.A.,2026-03-31,126194000.0,T
020770,EZ TEC EMPREEND. E PARTICIPACOES S.A.,2026-06-30,117329000.0,T
020788,MARFRIG GLOBAL FOODS S.A.,2026-03-31,-29223000.0,T
020796,BCO DAYCOVAL S.A.,2026-03-31,427275000.0,T
020800,TEGMA GESTAO LOGISTICA S.A.,2026-03-31,38785000.0,T
020800,TEGMA GESTAO LOGISTICA S.A.,2026-06-30,83116000.0,T
020877,HELBOR EMPREENDIMENTOS S.A.,2026-03-31,24209000.0,T
020915,MRV ENGENHARIA E PARTICIPACOES S.A.,2026-03-31,-76264000.0,T
020931,MINERVA S.A.,2026-03-31,87279000.0,T
020982,MULTIPLAN - EMPREEND IMOBILIARIOS S.A.,2026-03-31,316164000.0,T
020982,MULTIPLAN - EMPREEND IMOBILIARIOS S.A.,2026-06-30,427434000.0,T
020990,AMERICANAS S.A. - EM RECUPERAÇÃO JUDICIAL,2026-03-31,-329000000.0,T
021008,GENERAL SHOPPING E OUTLETS DO BRASIL BRASIL S.A.,2026-03-31,-282840000.0,T
021016,YDUQS PARTICIPACOES S.A.,2026-03-31,65491000.0,T
021032,ALGAR TELECOM S/A,2026-03-31,-54461000.0,T
021040,SYN PROP & TECH S.A.,2026-03-31,26187000.0,T
021067,MOURA DUBEUX ENGENHARIA S/A,2026-03-31,155503000.0,T
021091,DEXCO S.A.,2026-03-31,71912000.0,T
021091,DEXCO S.A.,2026-06-30,14880000.0,T
021130,TRISUL S.A.,2026-03-31,28263000.0,T
021148,CONSTRUTORA TENDA S.A.,2026-03-31,178081000.0,T
021148,CONSTRUTORA TENDA S.A.,2026-06-30,174217000.0,T
021156,J. MACEDO S.A.,2026-03-31,76170000.0,T
021180,NEXPE PARTICIPAÇÕES S.A,2026-03-31,-2785000.0,T
021202,VIX LOGÍSTICA S.A.,2026-03-31,36834000.0,T
021237,ENEVA S.A,2026-03-31,635700000.0,T
021334,NUTRIPLANT INDUSTRIA E COMERCIO S.A.,2026-03-31,-570000.0,T
021342,OSX BRASIL S.A. - EM RECUPERAÇÃO JUDICIAL,2026-03-31,-284804000.0,T
021350,DIRECIONAL ENGENHARIA S.A.,2026-03-31,267534000.0,T
021431,HYPERA S.A.,2026-03-31,346841000.0,T
021431,HYPERA S.A.,2026-06-30,490236000.0,T
021440,VESTE S.A. ESTILO,2026-03-31,11373000.0,T
021490,ALUPAR INVESTIMENTO S/A,2026-03-31,337846000.0,T
021490,ALUPAR INVESTIMENTO S/A,2026-06-30,712471000.0,T
021610,"B3 S.A. - BRASIL, BOLSA, BALCÃO",2026-03-31,1477134000.0,T
021636,RENOVA ENERGIA S.A.,2026-03-31,-36913000.0,T
021733,CIELO S.A. -  INSTITUIÇÃO DE PAGAMENTO,2026-03-31,384831000.0,T
021881,FLEURY S.A.,2026-03-31,197653000.0,T
021881,FLEURY S.A.,2026-06-30,219332000.0,T
021903,ECORODOVIAS CONCESSÕES E SERVIÇOS S.A.,2026-03-31,16211000.0,T
021903,ECORODOVIAS CONCESSÕES E SERVIÇOS S.A.,2026-06-30,53420000.0,T
022012,"MILLS LOCAÇÃO, SERVIÇOS E LOGÍSTICA S.A.",2026-03-31,197015000.0,T
022012,"MILLS LOCAÇÃO, SERVIÇOS E LOGÍSTICA S.A.",2026-06-30,106330000.0,T
022020,JSL S.A.,2026-03-31,-144908000.0,T
022055,MARISA LOJAS S.A.,2026-03-31,-95815000.0,T
022187,PRIO S.A.,2026-03-31,2410883000.0,T
022187,PRIO S.A.,2026-06-30,1959864000.0,T
022349,AZZAS 2154 S.A.,2026-03-31,38596000.0,T
022357,ALLOS S.A.,2026-03-31,266950000.0,T
022357,ALLOS S.A.,2026-06-30,325863000.0,T
022454,T4F ENTRETENIMENTO S.A.,2026-03-31,-4019000.0,T
022470,MAGAZINE LUIZA S.A.,2026-03-31,-55220000.0,T
022470,MAGAZINE LUIZA S.A.,2026-06-30,-72462000.0,T
022497,QUALICORP CONSULTORIA E CORRETORA DE SEGUROS S.A.,2026-03-31,21114000.0,T
022519,TECHNOS S.A.,2026-03-31,6487000.0,T
022560,INBRANDS S.A.,2026-03-31,-24689000.0,T
022586,MLOG S.A.,2026-03-31,-22321000.0,T
022608,EMPREENDIMENTOS PAGUE MENOS S.A.,2026-03-31,52083000.0,T
022608,EMPREENDIMENTOS PAGUE MENOS S.A.,2026-06-30,71215000.0,T
022616,BCO BTG PACTUAL S.A.,2026-03-31,4935166000.0,T
022675,HIDROVIAS DO BRASIL S.A.,2026-03-31,-34172000.0,T
022780,UNICASA INDÚSTRIA DE MÓVEIS S.A.,2026-03-31,-7123000.0,T
022810,ELDORADO BRASIL CELULOSE S.A.,2026-03-31,559621000.0,T
023000,LIGHT ENERGIA S.A.,2026-03-31,68644000.0,T
023159,BB SEGURIDADE PARTICIPAÇÕES S.A.,2026-03-31,2139437000.0,T
023159,BB SEGURIDADE PARTICIPAÇÕES S.A.,2026-06-30,2412732000.0,T
023175,IGUA SANEAMENTO S.A.,2026-03-31,-149738000.0,T
023221,SER EDUCACIONAL S.A.,2026-03-31,75903000.0,T
023248,ANIMA HOLDING S.A.,2026-03-31,138951000.0,T
023264,AMBEV S.A.,2026-03-31,3885567000.0,T
023264,AMBEV S.A.,2026-06-30,3474676000.0,T
023272,LOG COMMERCIAL PROPERTIES E PARTICIPAÇÕES,2026-03-31,134029000.0,T
023272,LOG COMMERCIAL PROPERTIES E PARTICIPAÇÕES,2026-06-30,58716000.0,T
023280,UNIDAS LOCAÇÕES E SERVIÇOS S.A.,2026-03-31,-22832000.0,T
023302,QUALITY SOFTWARE S.A.,2026-03-31,469866.0,T
023310,CVC BRASIL OPERADORA E AGÊNCIA DE VIAGENS S.A.,2026-03-31,-72321000.0,T
023396,AEGEA SANEAMENTO E PARTICIPAÇÕES S.A.,2026-03-31,88659000.0,T
023396,AEGEA SANEAMENTO E PARTICIPAÇÕES S.A.,2026-06-30,-45957000.0,T
023426,SERENA GERAÇÃO S.A.,2026-03-31,-149448.0,T
023507,OUROFINO S.A.,2026-03-31,21357000.0,T
023507,OUROFINO S.A.,2026-06-30,18717000.0,T
023531,CLARO TELECOM PARTICIPAÇÕES S.A.,2026-03-31,1475696000.0,T
023531,CLARO TELECOM PARTICIPAÇÕES S.A.,2026-06-30,1010893000.0,T
023574,INTERNATIONAL MEAL COMPANY ALIMENTACAO S.A.,2026-03-31,-74098000.0,T
023590,WIZ CO PARTICIPAÇÕES E CORRETAGEM DE SEGUROS S.A.,2026-03-31,72663000.0,T
023590,WIZ CO PARTICIPAÇÕES E CORRETAGEM DE SEGUROS S.A.,2026-06-30,83305000.0,T
023604,YOU INC INCORPORADORA E PARTICIPAÇÕES S.A,2026-03-31,-26500000.0,T
023620,CBO HOLDING S.A.,2026-03-31,35904000.0,T
023795,CAIXA SEGURIDADE PARTICIPAÇÕES S.A.,2026-03-31,1150278000.0,T
023817,BRQ SOLUCOES EM INFORMATICA S.A.,2026-03-31,15166000.0,T
023825,MOVIDA PARTICIPACOES SA,2026-03-31,124513000.0,T
024112,AZUL S.A.,2026-03-31,6020391000.0,T
024120,ARGO ENERGIA EMPREENDIMENTOS E PARTICIPAÇÕES S/A,2026-03-31,191738000.0,T
024120,ARGO ENERGIA EMPREENDIMENTOS E PARTICIPAÇÕES S/A,2026-06-30,174013000.0,T
024180,IRB - BRASIL RESSEGUROS S.A.,2026-03-31,93568000.0,T
024228,CAMIL ALIMENTOS S.A.,2026-05-31,27971000.0,T
024236,PRINER SERVIÇOS INDUSTRIAIS S.A.,2026-03-31,52715000.0,T
024260,SMARTFIT ESCOLA DE GINÁSTICA E DANÇA S.A.,2026-03-31,172178000.0,T
024260,SMARTFIT ESCOLA DE GINÁSTICA E DANÇA S.A.,2026-06-30,155869000.0,T
024279,INC EMPREENDIMENTOS IMOBILIÁRIOS S.A.,2026-03-31,15325000.0,T
024279,INC EMPREENDIMENTOS IMOBILIÁRIOS S.A.,2026-06-30,20119000.0,T
024295,VIBRA ENERGIA S/A,2026-03-31,1613000000.0,T
024317,ZAMP SA,2026-03-31,-108856000.0,T
024317,ZAMP SA,2026-06-30,-45823000.0,T
024392,HAPVIDA PARTICIPAÇÕES E INVESTIMENTOS S.A.,2026-03-31,-100698000.0,T
024546,PRÁTICA PRODUTOS S.A.,2026-03-31,1325000.0,T
024589,ENERGISA TRANSMISSÃO DE ENERGIA S/A,2026-03-31,100674000.0,T
024589,ENERGISA TRANSMISSÃO DE ENERGIA S/A,2026-06-30,-436367000.0,T
024597,CELEO REDES TRANSMISSÃO DE ENERGIA S.A.,2026-03-31,4860000.0,T
024600,BANCO BMG S/A,2026-03-31,144070000.0,T
024627,BLAU FARMACÊUTICA S.A.,2026-03-31,36285000.0,T
024660,BBM LOGÍSTICA S.A.,2026-03-31,-52777000.0,T
024660,BBM LOGÍSTICA S.A.,2026-06-30,155992000.0,T
024694,GRUPO SBF S.A.,2026-03-31,74211000.0,T
024716,"VAMOS LOCAÇÃO DE CAMINHÕES, MÁQUINAS E EQUIPAMENTOS S.A.",2026-03-31,86638000.0,T
024740,COPEL GERAÇÃO E TRANSMISSÃO S.A.,2026-03-31,474370000.0,T
024740,COPEL GERAÇÃO E TRANSMISSÃO S.A.,2026-06-30,408668000.0,T
024805,VIVARA PARTICIPAÇÕES S.A.,2026-03-31,80796141.0,T
024805,VIVARA PARTICIPAÇÕES S.A.,2026-06-30,151665407.0,T
024813,LOCALIZA FLEET S.A.,2026-03-31,500774000.0,T
024821,REDE D'OR SÃO LUIZ S.A.,2026-03-31,1008430000.0,T
024830,BRK AMBIENTAL PARTICIPAÇÕES S.A.,2026-03-31,-15153000.0,T
024848,C&A MODAS S.A.,2026-03-31,1663000.0,T
024848,C&A MODAS S.A.,2026-06-30,177931000.0,T
024872,LIFEMED INDUSTRIAL DE EQUIP. E ART. MEDICOS E HOSP. S.A,2026-03-31,687000.0,T
024880,LM TRANSPORTES INTERESTADUAIS SERVIÇOS E COMÉRCIO S.A.,2026-03-31,8361000.0,T
024902,MITRE REALTY EMPREENDIMENTOS E PARTICIPAÇÕES S.A.,2026-03-31,25565000.0,T
024902,MITRE REALTY EMPREENDIMENTOS E PARTICIPAÇÕES S.A.,2026-06-30,26902000.0,T
024910,LWSA S/A,2026-03-31,21515000.0,T
024929,TIM S.A.,2026-03-31,817093000.0,T
024929,TIM S.A.,2026-06-30,969571000.0,T
024953,"ALLPARK EMPREENDIMENTOS, PARTICIPAÇÕES E SERVIÇOS S.A.",2026-03-31,3603000.0,T
024953,"ALLPARK EMPREENDIMENTOS, PARTICIPAÇÕES E SERVIÇOS S.A.",2026-06-30,9852000.0,T
025003,SIMPAR S.A.,2026-03-31,-174143000.0,T
025038,LOJAS QUERO QUERO S.A.,2026-03-31,-61666000.0,T
025038,LOJAS QUERO QUERO S.A.,2026-06-30,-51200000.0,T
025046,D1000 VAREJO FARMA PARTICIPAÇÕES S.A.,2026-03-31,1515000.0,T
025046,D1000 VAREJO FARMA PARTICIPAÇÕES S.A.,2026-06-30,3246000.0,T
025062,LAVVI EMPREENDIMENTOS IMOBILIÁRIOS S.A.,2026-03-31,82073000.0,T
025062,LAVVI EMPREENDIMENTOS IMOBILIÁRIOS S.A.,2026-06-30,102546000.0,T
025070,PLANO & PLANO DESENVOLVIMENTO IMOBILIÁRIO S.A.,2026-03-31,44126000.0,T
025089,PET CENTER COMÉRCIO E PARTICIPAÇÕES S.A.,2026-03-31,6017000.0,T
025100,CURY CONSTRUTORA E INCORPORADORA S.A.,2026-03-31,351156000.0,T
025119,MELNICK DESENVOLVIMENTO IMOBILIÁRIO S.A.,2026-03-31,36022000.0,T
025127,COMPASS GÁS E ENERGIA S.A.,2026-03-31,382251000.0,T
025143,PACAEMBU CONSTRUTORA S.A.,2026-03-31,83818000.0,T
025160,SEQUOIA LOGÍSTICA E TRANSPORTES S.A.,2026-03-31,-77113000.0,T
025186,GRUPO MATEUS S.A.,2026-03-31,190922000.0,T
025194,ALARES INTERNET PARTICIPAÇÕES S/A,2026-03-31,-33504000.0,T
025208,TRACK & FIELD CO S.A.,2026-03-31,34401000.0,T
025232,MÉLIUZ S.A.,2026-03-31,-60112000.0,T
025232,MÉLIUZ S.A.,2026-06-30,-22431000.0,T
025259,ENJOEI S.A.,2026-03-31,-7518000.0,T
025275,ALPHAVILLE S.A.,2026-03-31,-33676000.0,T
025283,AERIS IND. E COM. DE EQUIP. PARA GER. DE ENG. S.A.,2026-03-31,-138001000.0,T
025291,BRAVA ENERGIA S.A.,2026-03-31,-349686000.0,T
025291,BRAVA ENERGIA S.A.,2026-06-30,871147000.0,T
025305,PATRIMAR ENGENHARIA S.A.,2026-03-31,6852000.0,T
025330,ALLIED TECNOLOGIA S.A.,2026-03-31,24687000.0,T
025348,ELFA MEDICAMENTOS S.A.,2026-03-31,-141996000.0,T
025380,EZ INC INCORPORAÇÕES S.A.,2026-03-31,4090000.0,T
025380,EZ INC INCORPORAÇÕES S.A.,2026-06-30,7328000.0,T
025399,NEOGRID PARTICIPAÇÕES S.A.,2026-03-31,-5199000.0,T
025402,HBR REALTY EMPREENDIMENTOS IMOBILIÁRIOS S.A.,2026-03-31,-22015000.0,T
025402,HBR REALTY EMPREENDIMENTOS IMOBILIÁRIOS S.A.,2026-06-30,-22101000.0,T
025410,SBF COMÉRCIO DE PRODUTOS ESPORTIVOS S.A.,2026-03-31,152087000.0,T
025429,FARMÁCIA E DROGARIA NISSEI S.A.,2026-03-31,-39878000.0,T
025437,URBA DESENVOLVIMENTO URBANO S.A.,2026-03-31,-13608000.0,T
025445,MPM CORPÓREOS S.A.,2026-03-31,11872000.0,T
025453,INTELBRAS S.A. IND. DE TELECOMUNICAÇÃO ELETRÔNICA BRASILEIRA,2026-03-31,153090000.0,T
025453,INTELBRAS S.A. IND. DE TELECOMUNICAÇÃO ELETRÔNICA BRASILEIRA,2026-06-30,158302000.0,T
025461,GRUPO TOKY S.A. - EM RECUPERAÇÃO JUDICIAL,2026-03-31,-75496.0,T
025500,BEMOBI MOBILE TECH S.A.,2026-03-31,38229000.0,T
025526,CRUZEIRO DO SUL EDUCACIONAL S.A.,2026-03-31,61484000.0,T
025534,OCEANPACT SERVIÇOS MARITIMOS S.A.,2026-03-31,29754000.0,T
025534,OCEANPACT SERVIÇOS MARITIMOS S.A.,2026-06-30,55823000.0,T
025550,ORIZON VALORIZAÇÃO DE RESÍDUOS S.A.,2026-03-31,22622000.0,T
025585,CSN MINERAÇÃO S.A.,2026-03-31,222127000.0,T
025640,AUREN PARTICIPAÇÕES S.A.,2026-03-31,-17095000.0,T
025674,HMOBI PARTICIPAÇÕES S.A.,2026-03-31,19097000.0,T
025682,CM HOSPITALAR S.A,2026-03-31,-57008000.0,T
025690,HOSPITAL MATER DEI S.A.,2026-03-31,32566000.0,T
025704,BOA SAFRA SEMENTES S.A.,2026-03-31,27364000.0,T
025712,GPS PARTICIPAÇÕES E EMPREENDIMENTOS S.A.,2026-03-31,125100000.0,T
025720,RIO ALTO ENERGIAS RENOVÁVEIS S.A.,2026-03-31,-104084000.0,T
025720,RIO ALTO ENERGIAS RENOVÁVEIS S.A.,2026-06-30,-90686000.0,T
025747,INFRACOMMERCE CXAAS S.A.,2026-03-31,-59545000.0,T
025763,VITTIA S.A.,2026-03-31,-6482000.0,T
025771,HOSPITAL CARE CALEDONIA S.A.,2026-03-31,-88859000.0,T
025780,PETRORECÔNCAVO S.A.,2026-03-31,123797000.0,T
025780,PETRORECÔNCAVO S.A.,2026-06-30,202683000.0,T
025798,KALLAS INCORPORAÇÕES E CONSTRUÇÕES S.A.,2026-03-31,8820000.0,T
025801,RODOBENS SA,2026-03-31,239991000.0,T
025836,DOTZ S.A.,2026-03-31,6868000.0,T
025844,TEGRA INCORPORADORA S.A.,2026-03-31,-18547000.0,T
025852,W2W E-COMMERCE DE VINHOS S.A.,2026-03-31,-3128000.0,T
025860,BRBI BR PARTNERS S.A,2026-03-31,37714000.0,T
025860,BRBI BR PARTNERS S.A,2026-06-30,35087000.0,T
025879,KORA SAÚDE PARTICIPAÇÕES S.A.,2026-03-31,-145329000.0,T
025887,ARANDU INVESTIMENTOS S.A.,2026-03-31,17546000.0,T
025895,LIVETECH DA BAHIA INDÚSTRIA E COMÉRCIO S.A.,2026-03-31,6935000.0,T
025909,EMCCAMP RESIDENCIAL S.A.,2026-03-31,1000000.0,T
025925,BIONEXO S.A.,2026-03-31,-99846000.0,T
025950,TRÊS TENTOS AGROINDUSTRIAL S/A,2026-03-31,85175000.0,T
025984,COMPANHIA BRASILEIRA DE ALUMÍNIO,2026-03-31,341457000.0,T
025984,COMPANHIA BRASILEIRA DE ALUMÍNIO,2026-06-30,409903000.0,T
026000,TERRA SANTA PROPRIEDADES AGRÍCOLAS S.A.,2026-03-31,8253000.0,T
026026,DESKTOP S.A.,2026-03-31,12369000.0,T
026034,GRUPO MULTILASER S.A.,2026-03-31,123448000.0,T
026050,UNIFIQUE TELECOMUNICAÇÕES S.A.,2026-03-31,52064000.0,T
026069,"ARMAC LOCAÇÃO, LOGÍSTICA E SERVIÇOS S.A.",2026-03-31,13296000.0,T
026077,ECONOMATICA S.A.,2026-03-31,-10761000.0,T
026123,ONCOCLÍNICAS DO BRASIL SERVIÇOS MÉDICOS S.A.,2026-03-31,-438657000.0,T
026158,ESSENTIA PCHS S.A.,2026-03-31,36920000.0,T
026166,GRUPO FARTURA DE HORTIFRUT S.A.,2026-03-31,14910000.0,T
026174,AUREN OPERAÇÕES S.A.,2026-03-31,142701000.0,T
026174,AUREN OPERAÇÕES S.A.,2026-06-30,-40909000.0,T
026190,CARAMURU ALIMENTOS S.A.,2026-03-31,35591000.0,T
026204,BLUEFIT ACADEMIAS DE GINÁSTICA E PARTICIPAÇÕES S.A.,2026-03-31,-10830000.0,T
026255,TIGRE S.A. PARTICIPAÇÕES,2026-03-31,44456000.0,T
026280,COMERC ENERGIA S.A.,2026-03-31,-148532000.0,T
026328,AUSTRAVIAS S.A.,2026-03-31,26646000.0,T
026352,RODOVIAS DO BRASIL HOLDING S.A.,2026-03-31,37665000.0,T
026379,MADERO INDÚSTRIA E COMÉRCIO S.A.,2026-03-31,20793000.0,T
026379,MADERO INDÚSTRIA E COMÉRCIO S.A.,2026-06-30,24324000.0,T
026395,ALMEIDA JUNIOR SHOPPING CENTERS S.A.,2026-03-31,20352000.0,T
026395,ALMEIDA JUNIOR SHOPPING CENTERS S.A.,2026-06-30,15099000.0,T
026441,SERENA ENERGIA S.A.,2026-03-31,-216029000.0,T
026468,HOSPITAL ANCHIETA S.A.,2026-03-31,-79074000.0,T
026506,LUPO S.A.,2026-03-31,36958000.0,T
026514,ASA BRANCA HOLDING S.A.,2026-03-31,-14846000.0,T
026565,HOLDING DO ARAGUAIA S.A.,2026-03-31,-34388000.0,T
026565,HOLDING DO ARAGUAIA S.A.,2026-06-30,-31603000.0,T
026603,GSH CORP PARTICIPAÇÕES S.A.,2026-03-31,3363000.0,T
026620,AUREN ENERGIA S.A.,2026-03-31,-601606000.0,T
026620,AUREN ENERGIA S.A.,2026-06-30,-379061000.0,T
026646,CANTU STORE S.A.,2026-03-31,21181000.0,T
026646,CANTU STORE S.A.,2026-06-30,31456000.0,T
026697,FOZ DO RIO CLARO ENERGIA S.A.,2026-03-31,-11259000.0,T
026697,FOZ DO RIO CLARO ENERGIA S.A.,2026-06-30,67000.0,T
026700,EUROFARMA LABORATÓRIOS S.A.,2026-03-31,213098000.0,T
026760,TECIDOS E ARMARINHOS MIGUEL BARTOLOMEU S.A.,2026-03-31,30231000.0,T
026786,SENIOR SISTEMAS S.A.,2026-03-31,65593000.0,T
026867,UNIÃO QUÍMICA FARMACÊUTICA NACIONAL S.A.,2026-03-31,47402000.0,T
026948,ELEA DIGITAL INFRAESTRUTURA E REDES DE TELECOMUNICAÇÕES S.A.,2026-03-31,-44555000.0,T
026956,OCEÂNICA ENGENHARIA E CONSULTORIA S.A.,2026-03-31,-34475000.0,T
026980,BORRACHAS VIPAL S.A.,2026-03-31,31743000.0,T
027014,SOLAR BEBIDAS S.A.,2026-03-31,350025000.0,T
027022,V. TAL - REDE NEUTRA DE TELECOMUNICAÇÕES S.A.,2026-03-31,-524434000.0,T
027049,ORIZON MEIO AMBIENTE S.A.,2026-03-31,16295000.0,T
027057,VITRU EDUCAÇÃO S.A.,2026-03-31,794918000.0,T
027073,SOLVI ESSENCIS AMBIENTAL S.A.,2026-03-31,81135000.0,T
027090,TIM BRASIL SERVIÇOS E PARTICIPAÇÕES S.A.,2026-03-31,606184000.0,T
027090,TIM BRASIL SERVIÇOS E PARTICIPAÇÕES S.A.,2026-06-30,765606000.0,T
027103,CHINA THREE GORGES BRASIL ENERGIA S.A.,2026-03-31,698383000.0,T
027154,COMPANHIA ESTADUAL DE GERAÇÃO DE ENERGIA ELÉTRICA - CEEE-G,2026-03-31,-8844000.0,T
027162,UNIDAS LOCADORA S.A.,2026-03-31,-330000.0,T
027189,VOTORANTIM CIMENTOS S.A.,2026-03-31,-154000000.0,T
027197,TURBI COMPARTILHAMENTO DE VEÍCULOS S.A.,2026-03-31,-19533000.0,T
027219,GRANJA FARIA S.A.,2026-03-31,148744000.0,T
027227,ORIGEM ENERGIA S.A.,2026-03-31,77305000.0,T
027243,CLI SUL S.A.,2026-03-31,0.0,T
027243,CLI SUL S.A.,2026-06-30,0.0,T
027251,INSPIRALI EDUCAÇÃO S.A.,2026-03-31,211709000.0,T
027260,CORREDOR LOGÍSTICA E INFRAESTRUTURA S.A.,2026-03-31,-42814000.0,T
027260,CORREDOR LOGÍSTICA E INFRAESTRUTURA S.A.,2026-06-30,-35232000.0,T
027316,"BRAZIL TOWER, CESSÃO DE INFRA-ESTRUTURAS S.A",2026-03-31,-2786000.0,T
027324,VOKE S.A.,2026-03-31,-46027000.0,T
027332,HÉLIO VALGAS SOLAR PARTICIPAÇÕES S.A.,2026-03-31,-57114000.0,T
027340,CONSTRUTORA METROCASA S.A.,2026-03-31,53048000.0,T
027391,BRZ EMPREENDIMENTOS E CONSTRUÇÕES S.A.,2026-03-31,25281000.0,T
027430,ALUBAR METAIS E CABOS S.A.,2026-03-31,44554000.0,T
027472,AXIA ENERGIA NORTE S.A.,2026-03-31,1217063000.0,T
027472,AXIA ENERGIA NORTE S.A.,2026-06-30,334455000.0,T
027480,AXIA ENERGIA SUL S.A.,2026-03-31,129268000.0,T
027480,AXIA ENERGIA SUL S.A.,2026-06-30,176881000.0,T
027499,BRASIL TECNOLOGIA E PARTICIPAÇÕES S.A.,2026-03-31,-3110000.0,T
027499,BRASIL TECNOLOGIA E PARTICIPAÇÕES S.A.,2026-06-30,-21534000.0,T
027502,GIGA MAIS FIBRA TELECOMUNICAÇÕES S.A.,2026-03-31,3646000.0,T
027510,VITAL ENGENHARIA AMBIENTAL S.A.,2026-03-31,102799000.0,T
027545,ASSURUÁ 4 E 5 HOLDING ENERGIA S.A.,2026-03-31,-24135000.0,T
027600,PORTO SERVIÇO S.A,2026-03-31,60577000.0,T
027600,PORTO SERVIÇO S.A,2026-06-30,57391000.0,T
027618,PORTO SAÚDE PARTICIPAÇÕES S.A.,2026-03-31,236517000.0,T
027626,AZEVEDO & TRAVASSOS ENERGIA S.A.,2026-03-31,-2472000.0,T
027634,B100 S.A.,2026-03-31,-4716000.0,T
027642,EQUIPAV SANEAMENTO S.A.,2026-03-31,27742000.0,T
027650,REVEE S.A.,2026-03-31,-3699000.0,T
027669,CORPÓREOS - SERVIÇOS TERAPÊUTICOS S.A.,2026-03-31,9014000.0,T
027677,ATOM EDUCAÇÃO E EDITORA S.A.,2026-03-31,-2014000.0,T
027693,BRISANET SERVIÇOS DE TELECOMUNICAÇÕES S.A.,2026-03-31,19094000.0,T
027707,AUTOMOB PARTICIPAÇÕES S.A.,2026-03-31,-56750000.0,T
027715,EPR INFRAESTRUTURA PR S.A.,2026-03-31,107264000.0,T
027731,CONCESSIONÁRIA DA LINHA 4 DO METRÔ DE SÃO PAULO S.A.,2026-03-31,110000000.0,T
027740,PRIO FORTE S.A.,2026-03-31,1968051000.0,T
027766,UNIÃO PET PARTICIPAÇÕES S.A.,2026-03-31,39398000.0,T
027774,BTG PACTUAL COMMODITIES SERTRADING S.A.,2026-03-31,268333000.0,T
027804,TERP GLBL BRASIL I PARTICIPAÇÕES S.A.,2026-03-31,-20600000.0,T
027804,TERP GLBL BRASIL I PARTICIPAÇÕES S.A.,2026-06-30,17123000.0,T
027820,GRUPO SALTA EDUCAÇÃO S.A.,2026-03-31,100922000.0,T
027820,GRUPO SALTA EDUCAÇÃO S.A.,2026-06-30,4853000.0,T
027839,CPX DISTRIBUIDORA S.A.,2026-03-31,17366000.0,T
027839,CPX DISTRIBUIDORA S.A.,2026-06-30,25895000.0,T
027847,TECNOGERA-LOCAÇÃO E TRANSFORMAÇÃO DE ENERGIA S.A.,2026-03-31,2404000.0,T
027880,HIGHLINE BRASIL II INFRAESTRUTURA DE TELECOMUNICAÇÕES S.A.,2026-03-31,-338476000.0,T
027910,ORANJEBTC S.A. - EDUCAÇÃO E INVESTIMENTO,2026-03-31,-460706000.0,T
027944,TUPI ENERGIAS RENOVÁVEIS S.A.,2026-03-31,-34273000.0,T
027944,TUPI ENERGIAS RENOVÁVEIS S.A.,2026-06-30,-34706000.0,T
028002,COMPANHIA BRASILEIRA DE EDUCAÇÃO E SISTEMA DE ENSINO S.A.,2026-03-31,137576000.0,T
028010,FGR INCORPORAÇÕES S.A.,2026-03-31,20794000.0,T
028045,VLI MULTIMODAL S.A,2026-03-31,18746000.0,T
080187,AURA MINERALS INC.,2026-03-31,500444000.0,T
080187,AURA MINERALS INC.,2026-06-30,1099191000.0,T
080217,"INTER & CO, INC.",2026-03-31,417547000.0,T
080217,"INTER & CO, INC.",2026-06-30,445685000.0,T
080233,JBS N.V.,2026-03-31,1269974000.0,T
