data,preco,eps_ttm,eps_ttm_pit,pe,pe_pit,earnings_yield,pe_z,pe_pct,eps_yoy_pct,cape,ust10,tips10,ey_menos_real,ey_menos_nominal,cape_yield,cape_yield_menos_real
2010-01-04,1132.98999,54.29,,20.869221,,4.791746,,,,20.52786,3.85,1.47,3.321746,0.941746,4.871428,3.401428
2010-01-05,1136.52002,54.29,,20.934242,,4.776863,,,,20.52786,3.77,1.43,3.346863,1.006863,4.871428,3.441428
2010-01-06,1137.140015,54.29,,20.945662,,4.774258,,,,20.52786,3.85,1.48,3.294258,0.924258,4.871428,3.391428
2010-01-07,1141.689941,54.29,,21.02947,,4.755232,,,,20.52786,3.85,1.44,3.315232,0.905232,4.871428,3.431428
2010-01-08,1144.97998,54.29,,21.090071,,4.741568,,,,20.52786,3.83,1.41,3.331568,0.911568,4.871428,3.461428
2010-01-11,1146.97998,54.29,,21.126911,,4.7333,,,,20.52786,3.85,1.47,3.2633,0.8833,4.871428,3.401428
2010-01-12,1136.219971,54.29,,20.928716,,4.778124,,,,20.52786,3.74,1.35,3.428124,1.038124,4.871428,3.521428
2010-01-13,1145.680054,54.29,,21.102967,,4.73867,,,,20.52786,3.8,1.43,3.30867,0.93867,4.871428,3.441428
2010-01-14,1148.459961,54.29,,21.154171,,4.7272,,,,20.52786,3.76,1.4,3.3272,0.9672,4.871428,3.471428
2010-01-15,1136.030029,54.29,,20.925217,,4.778923,,,,20.52786,3.7,1.34,3.438923,1.078923,4.871428,3.531428
2010-01-19,1150.22998,54.29,,21.186774,,4.719926,,,,20.52786,3.73,1.35,3.369926,0.989926,4.871428,3.521428
2010-01-20,1138.040039,54.29,,20.962241,,4.770482,,,,20.52786,3.68,1.31,3.460482,1.090482,4.871428,3.561428
2010-01-21,1116.47998,54.29,,20.565113,,4.862604,,,,20.52786,3.62,1.29,3.572604,1.242604,4.871428,3.581428
2010-01-22,1091.76001,54.29,,20.109781,,4.972705,,,,20.52786,3.62,1.31,3.662705,1.352705,4.871428,3.561428
2010-01-25,1096.780029,54.29,,20.202248,,4.949944,,,,20.52786,3.66,1.33,3.619944,1.289944,4.871428,3.541428
2010-01-26,1092.170044,54.29,,20.117334,,4.970838,,,,20.52786,3.65,1.31,3.660838,1.320838,4.871428,3.561428
2010-01-27,1097.5,54.29,,20.215509,,4.946697,,,,20.52786,3.66,1.35,3.596697,1.286697,4.871428,3.521428
2010-01-28,1084.530029,54.29,,19.976608,,5.005855,,,,20.52786,3.68,1.35,3.655855,1.325855,4.871428,3.521428
2010-01-29,1073.869995,54.29,,19.780254,,5.055547,,,,20.52786,3.63,1.3,3.755547,1.425547,4.871428,3.571428
2010-02-01,1089.189941,57.61,,18.906265,,5.289252,,,,19.920539,3.68,1.29,3.999252,1.609252,5.019944,3.729944
2010-02-02,1103.319946,57.61,,19.151535,,5.221514,,,,19.920539,3.67,1.26,3.961514,1.551514,5.019944,3.759944
2010-02-03,1097.280029,57.61,,19.046694,,5.250255,,,,19.920539,3.73,1.3,3.950255,1.520255,5.019944,3.719944
2010-02-04,1063.109985,57.61,,18.453567,,5.419007,,,,19.920539,3.62,1.27,4.149007,1.799007,5.019944,3.749944
2010-02-05,1066.189941,57.61,,18.507029,,5.403352,,,,19.920539,3.59,1.32,4.083352,1.813352,5.019944,3.699944
2010-02-08,1056.73999,57.61,,18.342996,,5.451672,,,,19.920539,3.62,1.35,4.101672,1.831672,5.019944,3.669944
2010-02-09,1070.52002,57.61,,18.582191,,5.381497,,,,19.920539,3.67,1.37,4.011497,1.711497,5.019944,3.649944
2010-02-10,1068.130005,57.61,,18.540705,,5.393538,,,,19.920539,3.72,1.44,3.953538,1.673538,5.019944,3.579944
2010-02-11,1078.469971,57.61,,18.720187,,5.341827,,,,19.920539,3.73,1.47,3.871827,1.611827,5.019944,3.549944
2010-02-12,1075.51001,57.61,,18.668808,,5.356528,,,,19.920539,3.69,1.46,3.896528,1.666528,5.019944,3.559944
2010-02-16,1094.869995,57.61,,19.00486,,5.261812,,,,19.920539,3.66,1.42,3.841812,1.601812,5.019944,3.599944
2010-02-17,1099.51001,57.61,,19.085402,,5.239607,,,,19.920539,3.74,1.46,3.779607,1.499607,5.019944,3.559944
2010-02-18,1106.75,57.61,,19.211074,,5.205331,,,,19.920539,3.79,1.48,3.725331,1.415331,5.019944,3.539944
2010-02-19,1109.170044,57.61,,19.253082,,5.193974,,,,19.920539,3.78,1.52,3.673974,1.413974,5.019944,3.499944
2010-02-22,1108.01001,57.61,,19.232946,,5.199412,,,,19.920539,3.8,1.55,3.649412,1.399412,5.019944,3.469944
2010-02-23,1094.599976,57.61,,19.000173,,5.26311,,,,19.920539,3.69,1.5,3.76311,1.57311,5.019944,3.519944
2010-02-24,1105.23999,57.61,,19.184864,,5.212443,,,,19.920539,3.7,1.51,3.702443,1.512443,5.019944,3.509944
2010-02-25,1102.939941,57.61,,19.144939,,5.223313,,,,19.920539,3.64,1.51,3.713313,1.583313,5.019944,3.509944
2010-02-26,1104.48999,57.61,,19.171845,,5.215982,,,,19.920539,3.61,1.48,3.735982,1.605982,5.019944,3.539944
2010-03-01,1115.709961,60.93,,18.31134,,5.461097,,,,21.004601,3.61,1.46,4.001097,1.851097,4.760862,3.300862
2010-03-02,1118.310059,60.93,,18.354014,,5.4484,,,,21.004601,3.62,1.46,3.9884,1.8284,4.760862,3.300862
2010-03-03,1118.790039,60.93,,18.361891,,5.446062,,,,21.004601,3.63,1.46,3.986062,1.816062,4.760862,3.300862
2010-03-04,1122.969971,60.93,,18.430494,,5.425791,,,,21.004601,3.61,1.44,3.985791,1.815791,4.760862,3.320862
2010-03-05,1138.699951,60.93,,18.688658,,5.350839,,,,21.004601,3.69,1.48,3.870839,1.660839,4.760862,3.280862
2010-03-08,1138.5,60.93,,18.685377,,5.351779,,,,21.004601,3.72,1.49,3.861779,1.631779,4.760862,3.270862
2010-03-09,1140.449951,60.93,,18.71738,,5.342628,,,,21.004601,3.71,1.48,3.862628,1.632628,4.760862,3.280862
2010-03-10,1145.609985,60.93,,18.802068,,5.318564,,,,21.004601,3.73,1.49,3.828564,1.588564,4.760862,3.270862
2010-03-11,1150.23999,60.93,,18.878057,,5.297155,,,,21.004601,3.73,1.49,3.807155,1.567155,4.760862,3.270862
2010-03-12,1149.98999,60.93,,18.873954,,5.298307,,,,21.004601,3.71,1.45,3.848307,1.588307,4.760862,3.310862
2010-03-15,1150.51001,60.93,,18.882488,,5.295912,,,,21.004601,3.71,1.46,3.835912,1.585912,4.760862,3.300862
2010-03-16,1159.459961,60.93,,19.029377,,5.255033,,,,21.004601,3.66,1.42,3.835033,1.595033,4.760862,3.340862
2010-03-17,1166.209961,60.93,54.29,19.14016,21.481119,5.224617,,,,21.004601,3.65,1.4,3.824617,1.574617,4.760862,3.360862
2010-03-18,1165.829956,60.93,54.29,19.133923,21.47412,5.22632,,,,21.004601,3.68,1.45,3.77632,1.54632,4.760862,3.310862
2010-03-19,1159.900024,60.93,54.29,19.0366,21.364893,5.253039,,,,21.004601,3.7,1.5,3.753039,1.553039,4.760862,3.260862
2010-03-22,1165.810059,60.93,54.29,19.133597,21.473753,5.226409,,,,21.004601,3.67,1.48,3.746409,1.556409,4.760862,3.280862
2010-03-23,1174.170044,60.93,54.29,19.270803,21.627741,5.189197,,,,21.004601,3.69,1.49,3.699197,1.499197,4.760862,3.270862
2010-03-24,1167.719971,60.93,54.29,19.164943,21.508933,5.217861,,,,21.004601,3.84,1.6,3.617861,1.377861,4.760862,3.160862
2010-03-25,1165.72998,60.93,54.29,19.132283,21.472278,5.226768,,,,21.004601,3.91,1.65,3.576768,1.316768,4.760862,3.110862
2010-03-26,1166.589966,60.93,54.29,19.146397,21.488119,5.222915,,,,21.004601,3.86,1.62,3.602915,1.362915,4.760862,3.140862
2010-03-29,1173.219971,60.93,54.29,19.25521,21.610241,5.193399,,,,21.004601,3.88,1.66,3.533399,1.313399,4.760862,3.100862
2010-03-30,1173.27002,60.93,54.29,19.256032,21.611163,5.193178,,,,21.004601,3.88,1.66,3.533178,1.313178,4.760862,3.100862
2010-03-31,1169.430054,60.93,54.29,19.193009,21.540432,5.21023,,,,21.004601,3.84,1.6,3.61023,1.37023,4.760862,3.160862
2010-04-01,1178.099976,62.986667,54.29,18.703958,21.700128,5.346462,,,,21.804846,3.89,1.61,3.736462,1.456462,4.586136,2.976136
2010-04-05,1187.439941,62.986667,54.29,18.852243,21.872167,5.304409,,,,21.804846,4.01,1.7,3.604409,1.294409,4.586136,2.886136
2010-04-06,1189.439941,62.986667,54.29,18.883996,21.909006,5.295489,,,,21.804846,3.98,1.68,3.615489,1.315489,4.586136,2.906136
2010-04-07,1182.449951,62.986667,54.29,18.77302,21.780253,5.326793,,,,21.804846,3.89,1.55,3.776793,1.436793,4.586136,3.036136
2010-04-08,1186.439941,62.986667,54.29,18.836366,21.853747,5.30888,,,,21.804846,3.91,1.58,3.72888,1.39888,4.586136,3.006136
2010-04-09,1194.369995,62.986667,54.29,18.962267,21.999816,5.273631,,,,21.804846,3.9,1.56,3.713631,1.373631,4.586136,3.026136
2010-04-12,1196.47998,62.986667,54.29,18.995766,22.038681,5.264331,,,,21.804846,3.87,1.52,3.744331,1.394331,4.586136,3.066136
2010-04-13,1197.300049,62.986667,54.29,19.008786,22.053786,5.260725,,,,21.804846,3.84,1.5,3.760725,1.420725,4.586136,3.086136
2010-04-14,1210.650024,62.986667,54.29,19.220735,22.299687,5.202715,,,,21.804846,3.88,1.54,3.662715,1.322715,4.586136,3.046136
2010-04-15,1211.670044,62.986667,54.29,19.236929,22.318476,5.198335,,,,21.804846,3.86,1.49,3.708335,1.338335,4.586136,3.096136
2010-04-16,1192.130005,62.986667,54.29,18.926704,21.958556,5.28354,,,,21.804846,3.79,1.46,3.82354,1.49354,4.586136,3.126136
2010-04-19,1197.52002,62.986667,57.61,19.012278,20.786669,5.259759,,,,21.804846,3.83,1.49,3.769759,1.429759,4.586136,3.096136
2010-04-20,1207.170044,62.986667,57.61,19.165485,20.954175,5.217713,,,,21.804846,3.82,1.47,3.747713,1.397713,4.586136,3.116136
2010-04-21,1205.939941,62.986667,57.61,19.145956,20.932823,5.223035,,,,21.804846,3.77,1.42,3.803035,1.453035,4.586136,3.166136
2010-04-22,1208.670044,62.986667,57.61,19.1893,20.980213,5.211238,,,,21.804846,3.8,1.46,3.751238,1.411238,4.586136,3.126136
2010-04-23,1217.280029,62.986667,57.61,19.325995,21.129665,5.174378,,,,21.804846,3.84,1.47,3.704378,1.334378,4.586136,3.116136
2010-04-26,1212.050049,62.986667,57.61,19.242962,21.038883,5.196705,,,,21.804846,3.83,1.46,3.736705,1.366705,4.586136,3.126136
2010-04-27,1183.709961,62.986667,57.61,18.793024,20.546953,5.321123,,,,21.804846,3.71,1.37,3.951123,1.611123,4.586136,3.216136
2010-04-28,1191.359985,62.986667,57.61,18.914479,20.679743,5.286955,,,,21.804846,3.8,1.4,3.886955,1.486955,4.586136,3.186136
2010-04-29,1206.780029,62.986667,57.61,19.159293,20.947405,5.219399,,,,21.804846,3.76,1.31,3.909399,1.459399,4.586136,3.276136
2010-04-30,1186.689941,62.986667,57.61,18.840336,20.59868,5.307761,,,,21.804846,3.69,1.29,4.017761,1.617761,4.586136,3.296136
2010-05-03,1202.26001,65.043333,57.61,18.483985,20.868947,5.410089,,,,20.480069,3.72,1.32,4.090089,1.690089,4.882796,3.562796
2010-05-04,1173.599976,65.043333,57.61,18.043355,20.371463,5.542206,,,,20.480069,3.63,1.31,4.232206,1.912206,4.882796,3.572796
2010-05-05,1165.869995,65.043333,57.61,17.924512,20.237285,5.578952,,,,20.480069,3.58,1.3,4.278952,1.998952,4.882796,3.582796
2010-05-06,1128.150024,65.043333,57.61,17.344591,19.582538,5.765486,,,,20.480069,3.41,1.25,4.515486,2.355486,4.882796,3.632796
2010-05-07,1110.880005,65.043333,57.61,17.079076,19.282763,5.855118,,,,20.480069,3.45,1.3,4.555118,2.405118,4.882796,3.582796
2010-05-10,1159.72998,65.043333,57.61,17.830113,20.130706,5.608489,,,,20.480069,3.57,1.33,4.278489,2.038489,4.882796,3.552796
2010-05-11,1155.790039,65.043333,57.61,17.769539,20.062316,5.627608,,,,20.480069,3.56,1.31,4.317608,2.067608,4.882796,3.572796
2010-05-12,1171.670044,65.043333,57.61,18.013684,20.337963,5.551335,,,,20.480069,3.56,1.28,4.271335,1.991335,4.882796,3.602796
2010-05-13,1157.439941,65.043333,57.61,17.794905,20.090955,5.619586,,,,20.480069,3.55,1.28,4.339586,2.069586,4.882796,3.602796
2010-05-14,1135.680054,65.043333,57.61,17.460361,19.713245,5.727259,,,,20.480069,3.44,1.26,4.467259,2.287259,4.882796,3.622796
2010-05-17,1136.939941,65.043333,60.93,17.479731,18.659773,5.720912,,,,20.480069,3.47,1.31,4.410912,2.250912,4.882796,3.572796
2010-05-18,1120.800049,65.043333,60.93,17.23159,18.39488,5.803295,,,,20.480069,3.38,1.25,4.553295,2.423295,4.882796,3.632796
2010-05-19,1115.050049,65.043333,60.93,17.143187,18.30051,5.833221,,,,20.480069,3.36,1.32,4.513221,2.473221,4.882796,3.562796
2010-05-20,1071.589966,65.043333,60.93,16.475016,17.587231,6.069797,,,,20.480069,3.25,1.36,4.709797,2.819797,4.882796,3.522796
2010-05-21,1087.689941,65.043333,60.93,16.722543,17.851468,5.979952,,,,20.480069,3.2,1.33,4.649952,2.779952,4.882796,3.552796
2010-05-24,1073.650024,65.043333,60.93,16.506688,17.621041,6.05815,,,,20.480069,3.23,1.35,4.70815,2.82815,4.882796,3.532796
2010-05-25,1074.030029,65.043333,60.93,16.512531,17.627278,6.056007,,,,20.480069,3.18,1.33,4.726007,2.876007,4.882796,3.552796
2010-05-26,1067.949951,65.043333,60.93,16.419053,17.52749,6.090485,,,,20.480069,3.21,1.3,4.790485,2.880485,4.882796,3.582796
2010-05-27,1103.060059,65.043333,60.93,16.958849,18.103727,5.896627,,,,20.480069,3.34,1.33,4.566627,2.556627,4.882796,3.552796
2010-05-28,1089.410034,65.043333,60.93,16.748988,17.879699,5.97051,,,,20.480069,3.31,1.32,4.65051,2.66051,4.882796,3.562796
2010-06-01,1070.709961,67.1,60.93,15.956929,17.572788,6.26687,,,,19.74204,3.29,1.32,4.94687,2.97687,5.065333,3.745333
2010-06-02,1098.380005,67.1,60.93,16.3693,18.026916,6.108997,,,,19.74204,3.35,1.36,4.748997,2.758997,5.065333,3.705333
2010-06-03,1102.829956,67.1,60.93,16.435618,18.09995,6.084347,,,,19.74204,3.39,1.34,4.744347,2.694347,5.065333,3.725333
2010-06-04,1064.880005,67.1,60.93,15.870045,17.477105,6.301179,,,,19.74204,3.2,1.26,5.041179,3.101179,5.065333,3.805333
2010-06-07,1050.469971,67.1,60.93,15.65529,17.240603,6.387617,,,,19.74204,3.17,1.25,5.137617,3.217617,5.065333,3.815333
2010-06-08,1062.0,67.1,60.93,15.827124,17.429838,6.318267,,,,19.74204,3.18,1.29,5.028267,3.138267,5.065333,3.775333
2010-06-09,1055.689941,67.1,60.93,15.733084,17.326275,6.356033,,,,19.74204,3.2,1.28,5.076033,3.156033,5.065333,3.785333
2010-06-10,1086.839966,67.1,60.93,16.197317,17.837518,6.173862,,,,19.74204,3.33,1.35,4.823862,2.843862,5.065333,3.715333
2010-06-11,1091.599976,67.1,60.93,16.268256,17.915641,6.14694,,,,19.74204,3.24,1.29,4.85694,2.90694,5.065333,3.775333
2010-06-14,1089.630005,67.1,60.93,16.238897,17.883309,6.158054,,,,19.74204,3.28,1.31,4.848054,2.878054,5.065333,3.755333
2010-06-15,1115.22998,67.1,62.986667,16.620417,17.70581,6.016696,,,,19.74204,3.32,1.32,4.696696,2.696696,5.065333,3.745333
2010-06-16,1114.609985,67.1,62.986667,16.611177,17.695967,6.020043,,,,19.74204,3.27,1.28,4.740043,2.750043,5.065333,3.785333
2010-06-17,1116.040039,67.1,62.986667,16.632489,17.718671,6.012329,,,,19.74204,3.21,1.22,4.792329,2.802329,5.065333,3.845333
2010-06-18,1117.51001,67.1,62.986667,16.654397,17.742009,6.00442,,,,19.74204,3.24,1.25,4.75442,2.76442,5.065333,3.815333
2010-06-21,1113.199951,67.1,62.986667,16.590163,17.673581,6.027668,,,,19.74204,3.26,1.24,4.787668,2.767668,5.065333,3.825333
2010-06-22,1095.310059,67.1,62.986667,16.323548,17.389554,6.126119,,,,19.74204,3.18,1.2,4.926119,2.946119,5.065333,3.865333
2010-06-23,1092.040039,67.1,62.986667,16.274814,17.337638,6.144463,,,,19.74204,3.13,1.19,4.954463,3.014463,5.065333,3.875333
2010-06-24,1073.689941,67.1,62.986667,16.00134,17.046305,6.249476,,,,19.74204,3.14,1.23,5.019476,3.109476,5.065333,3.835333
2010-06-25,1076.76001,67.1,62.986667,16.047094,17.095047,6.231658,,,,19.74204,3.12,1.21,5.021658,3.111658,5.065333,3.855333
2010-06-28,1074.569946,67.1,62.986667,16.014455,17.060276,6.244359,,,,19.74204,3.05,1.17,5.074359,3.194359,5.065333,3.895333
2010-06-29,1041.23999,67.1,62.986667,15.517735,16.531117,6.44424,,,,19.74204,2.97,1.14,5.30424,3.47424,5.065333,3.925333
2010-06-30,1030.709961,67.1,62.986667,15.360804,16.363939,6.510076,,,,19.74204,2.97,1.15,5.360076,3.540076,5.065333,3.915333
2010-07-01,1027.369995,68.686667,62.986667,14.957342,16.310912,6.68568,,,,19.66866,2.96,1.21,5.47568,3.72568,5.08423,3.87423
2010-07-02,1022.580017,68.686667,62.986667,14.887606,16.234865,6.716997,,,,19.66866,3.0,1.27,5.446997,3.716997,5.08423,3.81423
2010-07-06,1028.060059,68.686667,62.986667,14.967389,16.321868,6.681192,,,,19.66866,2.95,1.26,5.421192,3.731192,5.08423,3.82423
2010-07-07,1060.27002,68.686667,62.986667,15.436329,16.833245,6.478224,,,,19.66866,3.0,1.3,5.178224,3.478224,5.08423,3.78423
2010-07-08,1070.25,68.686667,62.986667,15.581627,16.991691,6.417815,,,,19.66866,3.04,1.25,5.167815,3.377815,5.08423,3.83423
2010-07-09,1077.959961,68.686667,62.986667,15.693875,17.114098,6.371913,,,,19.66866,3.07,1.26,5.111913,3.301913,5.08423,3.82423
2010-07-12,1078.75,68.686667,62.986667,15.705377,17.12664,6.367246,,,,19.66866,3.08,1.26,5.107246,3.287246,5.08423,3.82423
2010-07-13,1095.339966,68.686667,62.986667,15.946908,17.390029,6.270808,,,,19.66866,3.15,1.28,4.990808,3.120808,5.08423,3.80423
2010-07-14,1095.170044,68.686667,62.986667,15.944434,17.387331,6.271781,,,,19.66866,3.07,1.23,5.041781,3.201781,5.08423,3.85423
2010-07-15,1096.47998,68.686667,65.043333,15.963505,16.857684,6.264288,,,,19.66866,3.0,1.21,5.054288,3.264288,5.08423,3.87423
2010-07-16,1064.880005,68.686667,65.043333,15.503446,16.371855,6.450179,,,,19.66866,2.96,1.25,5.200179,3.490179,5.08423,3.83423
2010-07-19,1071.25,68.686667,65.043333,15.596186,16.469789,6.411824,,,,19.66866,2.99,1.29,5.121824,3.421824,5.08423,3.79423
2010-07-20,1083.47998,68.686667,65.043333,15.77424,16.657818,6.33945,,,,19.66866,2.98,1.28,5.05945,3.35945,5.08423,3.80423
2010-07-21,1069.589966,68.686667,65.043333,15.572017,16.444267,6.421776,,,,19.66866,2.9,1.19,5.231776,3.521776,5.08423,3.89423
2010-07-22,1093.670044,68.686667,65.043333,15.922596,16.814483,6.280383,,,,19.66866,2.96,1.21,5.070383,3.320383,5.08423,3.87423
2010-07-23,1102.660034,68.686667,65.043333,16.05348,16.952699,6.229179,,,,19.66866,3.02,1.24,4.989179,3.209179,5.08423,3.84423
2010-07-26,1115.01001,68.686667,65.043333,16.233282,17.142572,6.160184,,,,19.66866,3.03,1.24,4.920184,3.130184,5.08423,3.84423
2010-07-27,1113.839966,68.686667,65.043333,16.216247,17.124583,6.166655,,,,19.66866,3.08,1.26,4.906655,3.086655,5.08423,3.82423
2010-07-28,1106.130005,68.686667,65.043333,16.103999,17.006047,6.209638,,,,19.66866,3.03,1.22,4.989638,3.179638,5.08423,3.86423
2010-07-29,1101.530029,68.686667,65.043333,16.037028,16.935326,6.235569,,,,19.66866,3.03,1.21,5.025569,3.205569,5.08423,3.87423
2010-07-30,1101.599976,68.686667,65.043333,16.038047,16.936401,6.235173,,,,19.66866,2.94,1.14,5.095173,3.295173,5.08423,3.94423
2010-08-02,1125.859985,70.273333,65.043333,16.021155,17.309383,6.241747,,,,19.770299,2.99,1.13,5.111747,3.251747,5.058092,3.928092
2010-08-03,1120.459961,70.273333,65.043333,15.944312,17.226361,6.271829,,,,19.770299,2.94,1.07,5.201829,3.331829,5.058092,3.988092
2010-08-04,1127.23999,70.273333,65.043333,16.040793,17.3306,6.234106,,,,19.770299,2.98,1.12,5.114106,3.254106,5.058092,3.938092
2010-08-05,1125.810059,70.273333,65.043333,16.020445,17.308616,6.242024,,,,19.770299,2.94,1.07,5.172024,3.302024,5.058092,3.988092
2010-08-06,1121.640015,70.273333,65.043333,15.961105,17.244504,6.265231,,,,19.770299,2.86,1.04,5.225231,3.405231,5.058092,4.018092
2010-08-09,1127.790039,70.273333,65.043333,16.04862,17.339057,6.231065,,,,19.770299,2.86,1.04,5.191065,3.371065,5.058092,4.018092
2010-08-10,1121.060059,70.273333,65.043333,15.952852,17.235588,6.268472,,,,19.770299,2.79,0.95,5.318472,3.478472,5.058092,4.108092
2010-08-11,1089.469971,70.273333,65.043333,15.50332,16.74991,6.450231,,,,19.770299,2.72,0.95,5.500231,3.730231,5.058092,4.108092
2010-08-12,1083.609985,70.273333,65.043333,15.419932,16.659816,6.485113,,,,19.770299,2.74,1.05,5.435113,3.745113,5.058092,4.008092
2010-08-13,1079.25,70.273333,65.043333,15.357888,16.592784,6.511312,,,,19.770299,2.68,1.0,5.511312,3.831312,5.058092,4.058092
2010-08-16,1079.380005,70.273333,67.1,15.359738,16.08614,6.510528,,,,19.770299,2.58,0.95,5.560528,3.930528,5.058092,4.108092
2010-08-17,1092.540039,70.273333,67.1,15.547008,16.282266,6.432106,,,,19.770299,2.64,1.01,5.422106,3.792106,5.058092,4.048092
2010-08-18,1094.160034,70.273333,67.1,15.57006,16.306409,6.422583,,,,19.770299,2.64,1.02,5.402583,3.782583,5.058092,4.038092
2010-08-19,1075.630005,70.273333,67.1,15.306375,16.030253,6.533225,,,,19.770299,2.58,1.02,5.513225,3.953225,5.058092,4.038092
2010-08-20,1071.689941,70.273333,67.1,15.250308,15.971534,6.557245,,,,19.770299,2.62,1.05,5.507245,3.937245,5.058092,4.008092
2010-08-23,1067.359985,70.273333,67.1,15.188692,15.907004,6.583846,,,,19.770299,2.6,1.05,5.533846,3.983846,5.058092,4.008092
2010-08-24,1051.869995,70.273333,67.1,14.968267,15.676155,6.6808,,,,19.770299,2.5,1.01,5.6708,4.1808,5.058092,4.048092
2010-08-25,1055.329956,70.273333,67.1,15.017503,15.727719,6.658897,,,,19.770299,2.54,1.01,5.648897,4.118897,5.058092,4.048092
2010-08-26,1047.219971,70.273333,67.1,14.902096,15.606855,6.710465,,,,19.770299,2.5,0.95,5.760465,4.210465,5.058092,4.108092
2010-08-27,1064.589966,70.273333,67.1,15.149274,15.865722,6.600976,,,,19.770299,2.66,1.05,5.550976,3.940976,5.058092,4.008092
2010-08-30,1048.920044,70.273333,67.1,14.926289,15.632191,6.699589,,,,19.770299,2.54,0.99,5.709589,4.159589,5.058092,4.068092
2010-08-31,1049.329956,70.273333,67.1,14.932122,15.6383,6.696972,,,,19.770299,2.47,0.95,5.746972,4.226972,5.058092,4.108092
2010-09-01,1080.290039,71.86,67.1,15.03326,16.099703,6.651917,,,,20.381395,2.58,1.02,5.631917,4.071917,4.906436,3.886436
2010-09-02,1090.099976,71.86,67.1,15.169774,16.245901,6.592056,,,,20.381395,2.63,1.05,5.542056,3.962056,4.906436,3.856436
2010-09-03,1104.51001,71.86,67.1,15.370304,16.460656,6.506052,,,,20.381395,2.72,1.1,5.406052,3.786052,4.906436,3.806436
2010-09-07,1091.839966,71.86,67.1,15.193988,16.271833,6.581551,,,,20.381395,2.61,0.98,5.601551,3.971551,4.906436,3.926436
2010-09-08,1098.869995,71.86,67.1,15.291817,16.376602,6.539445,,,,20.381395,2.66,1.02,5.519445,3.879445,4.906436,3.886436
2010-09-09,1104.180054,71.86,67.1,15.365712,16.455739,6.507997,,,,20.381395,2.77,1.05,5.457997,3.737997,4.906436,3.856436
2010-09-10,1109.550049,71.86,67.1,15.44044,16.535768,6.476499,,,,20.381395,2.81,1.02,5.456499,3.666499,4.906436,3.886436
2010-09-13,1121.900024,71.86,67.1,15.612302,16.719822,6.405205,,,,20.381395,2.74,0.94,5.465205,3.665205,4.906436,3.966436
2010-09-14,1121.099976,71.86,68.686667,15.601169,16.321945,6.409776,,,,20.381395,2.68,0.93,5.479776,3.729776,4.906436,3.976436
2010-09-15,1125.069946,71.86,68.686667,15.656415,16.379743,6.387158,,,,20.381395,2.74,0.97,5.417158,3.647158,4.906436,3.936436
2010-09-16,1124.660034,71.86,68.686667,15.65071,16.373775,6.389486,,,,20.381395,2.77,1.0,5.389486,3.619486,4.906436,3.906436
2010-09-17,1125.589966,71.86,68.686667,15.663651,16.387314,6.384208,,,,20.381395,2.75,1.0,5.384208,3.634208,4.906436,3.906436
2010-09-20,1142.709961,71.86,68.686667,15.901892,16.636562,6.28856,,,,20.381395,2.72,0.94,5.34856,3.56856,4.906436,3.966436
2010-09-21,1139.780029,71.86,68.686667,15.861119,16.593905,6.304725,,,,20.381395,2.61,0.78,5.524725,3.694725,4.906436,4.126436
2010-09-22,1134.280029,71.86,68.686667,15.784582,16.513831,6.335296,,,,20.381395,2.56,0.74,5.595296,3.775296,4.906436,4.166436
2010-09-23,1124.829956,71.86,68.686667,15.653075,16.376249,6.388521,,,,20.381395,2.56,0.77,5.618521,3.828521,4.906436,4.136436
2010-09-24,1148.670044,71.86,68.686667,15.984832,16.723334,6.255931,,,,20.381395,2.62,0.81,5.445931,3.635931,4.906436,4.096436
2010-09-27,1142.160034,71.86,68.686667,15.894239,16.628555,6.291588,,,,20.381395,2.54,0.79,5.501588,3.751588,4.906436,4.116436
2010-09-28,1147.699951,71.86,68.686667,15.971332,16.70921,6.261218,,,,20.381395,2.48,0.69,5.571218,3.781218,4.906436,4.216436
2010-09-29,1144.72998,71.86,68.686667,15.930003,16.665971,6.277463,,,,20.381395,2.52,0.74,5.537463,3.757463,4.906436,4.166436
2010-09-30,1141.199951,71.86,68.686667,15.880879,16.614577,6.296881,,,,20.381395,2.53,0.75,5.546881,3.766881,4.906436,4.156436
2010-10-01,1146.23999,73.69,68.686667,15.554892,16.687955,6.428846,,,,21.240128,2.54,0.75,5.678846,3.888846,4.70807,3.95807
2010-10-04,1137.030029,73.69,68.686667,15.429909,16.553868,6.480919,,,,21.240128,2.5,0.72,5.760919,3.980919,4.70807,3.98807
2010-10-05,1160.75,73.69,68.686667,15.751798,16.899204,6.348482,,,,21.240128,2.5,0.65,5.698482,3.848482,4.70807,4.05807
2010-10-06,1159.969971,73.69,68.686667,15.741213,16.887848,6.352751,,,,21.240128,2.41,0.52,5.832751,3.942751,4.70807,4.18807
2010-10-07,1158.060059,73.69,68.686667,15.715295,16.860042,6.363228,,,,21.240128,2.41,0.53,5.833228,3.953228,4.70807,4.17807
2010-10-08,1165.150024,73.69,68.686667,15.811508,16.963263,6.324507,,,,21.240128,2.41,0.45,5.874507,3.914507,4.70807,4.25807
2010-10-11,1165.319946,73.69,68.686667,15.813814,16.965737,6.323585,,,,21.240128,2.41,0.45,5.873585,3.913585,4.70807,4.25807
2010-10-12,1169.77002,73.69,68.686667,15.874203,17.030525,6.299529,,,,21.240128,2.44,0.49,5.809529,3.859529,4.70807,4.21807
2010-10-13,1178.099976,73.69,68.686667,15.987244,17.1518,6.254987,,,,21.240128,2.46,0.44,5.814987,3.794987,4.70807,4.26807
2010-10-14,1173.810059,73.69,68.686667,15.929028,17.089344,6.277847,,,,21.240128,2.52,0.41,5.867847,3.757847,4.70807,4.29807
2010-10-15,1176.189941,73.69,70.273333,15.961324,16.737358,6.265145,,,,21.240128,2.59,0.5,5.765145,3.675145,4.70807,4.20807
2010-10-18,1184.709961,73.69,70.273333,16.076943,16.858599,6.220088,,,,21.240128,2.52,0.47,5.750088,3.700088,4.70807,4.23807
2010-10-19,1165.900024,73.69,70.273333,15.821686,16.590931,6.320439,,,,21.240128,2.5,0.44,5.880439,3.820439,4.70807,4.26807
2010-10-20,1178.170044,73.69,70.273333,15.988194,16.765535,6.254615,,,,21.240128,2.51,0.47,5.784615,3.744615,4.70807,4.23807
2010-10-21,1180.26001,73.69,70.273333,16.016556,16.795276,6.24354,,,,21.240128,2.57,0.5,5.74354,3.67354,4.70807,4.20807
2010-10-22,1183.079956,73.69,70.273333,16.054824,16.835404,6.228658,,,,21.240128,2.59,0.5,5.728658,3.638658,4.70807,4.20807
2010-10-25,1185.619995,73.69,70.273333,16.089293,16.871549,6.215314,,,,21.240128,2.59,0.45,5.765314,3.625314,4.70807,4.25807
2010-10-26,1185.640015,73.69,70.273333,16.089565,16.871834,6.215209,,,,21.240128,2.67,0.52,5.695209,3.545209,4.70807,4.18807
2010-10-27,1182.449951,73.69,70.273333,16.046274,16.826439,6.231976,,,,21.240128,2.75,0.62,5.611976,3.481976,4.70807,4.08807
2010-10-28,1183.780029,73.69,70.273333,16.064324,16.845366,6.224974,,,,21.240128,2.69,0.57,5.654974,3.534974,4.70807,4.13807
2010-10-29,1183.26001,73.69,70.273333,16.057267,16.837966,6.22771,,,,21.240128,2.63,0.5,5.72771,3.59771,4.70807,4.20807
2010-11-01,1184.380005,75.52,70.273333,15.682998,16.853904,6.376332,,,,21.700724,2.66,0.49,5.886332,3.716332,4.608141,4.118141
2010-11-02,1193.569946,75.52,70.273333,15.804687,16.984678,6.327237,,,,21.700724,2.63,0.49,5.837237,3.697237,4.608141,4.118141
2010-11-03,1197.959961,75.52,70.273333,15.862817,17.047149,6.30405,,,,21.700724,2.67,0.5,5.80405,3.63405,4.608141,4.108141
2010-11-04,1221.060059,75.52,70.273333,16.168698,17.375867,6.18479,,,,21.700724,2.53,0.44,5.74479,3.65479,4.608141,4.168141
2010-11-05,1225.849976,75.52,70.273333,16.232124,17.444028,6.160623,,,,21.700724,2.58,0.48,5.680623,3.580623,4.608141,4.128141
2010-11-08,1223.25,75.52,70.273333,16.197696,17.40703,6.173718,,,,21.700724,2.6,0.48,5.693718,3.573718,4.608141,4.128141
2010-11-09,1213.400024,75.52,70.273333,16.067267,17.266863,6.223834,,,,21.700724,2.72,0.58,5.643834,3.503834,4.608141,4.028141
2010-11-10,1218.709961,75.52,70.273333,16.137579,17.342424,6.196716,,,,21.700724,2.65,0.56,5.636716,3.546716,4.608141,4.048141
2010-11-11,1213.540039,75.52,70.273333,16.069121,17.268856,6.223116,,,,21.700724,2.65,0.56,5.663116,3.573116,4.608141,4.048141
2010-11-12,1199.209961,75.52,70.273333,15.879369,17.064936,6.297479,,,,21.700724,2.76,0.71,5.587479,3.537479,4.608141,3.898141
2010-11-15,1197.75,75.52,71.86,15.860037,16.667826,6.305155,,,,21.700724,2.92,0.87,5.435155,3.385155,4.608141,3.738141
2010-11-16,1178.339966,75.52,71.86,15.603019,16.397717,6.409016,,,,21.700724,2.85,0.87,5.539016,3.559016,4.608141,3.738141
2010-11-17,1178.589966,75.52,71.86,15.606329,16.401196,6.407657,,,,21.700724,2.89,0.84,5.567657,3.517657,4.608141,3.768141
2010-11-18,1196.689941,75.52,71.86,15.846,16.653075,6.310741,,,,21.700724,2.9,0.83,5.480741,3.410741,4.608141,3.778141
2010-11-19,1199.72998,75.52,71.86,15.886255,16.69538,6.29475,,,,21.700724,2.88,0.77,5.52475,3.41475,4.608141,3.838141
2010-11-22,1197.839966,75.52,71.86,15.861228,16.669078,6.304682,,,,21.700724,2.8,0.7,5.604682,3.504682,4.608141,3.908141
2010-11-23,1180.72998,75.52,71.86,15.634666,16.430977,6.396043,,,,21.700724,2.77,0.69,5.706043,3.626043,4.608141,3.918141
2010-11-24,1198.349976,75.52,71.86,15.867982,16.676176,6.301999,,,,21.700724,2.93,0.8,5.501999,3.371999,4.608141,3.808141
2010-11-26,1189.400024,75.52,71.86,15.749471,16.551628,6.34942,,,,21.700724,2.87,0.75,5.59942,3.47942,4.608141,3.858141
2010-11-29,1187.76001,75.52,71.86,15.727754,16.528806,6.358187,,,,21.700724,2.84,0.73,5.628187,3.518187,4.608141,3.878141
2010-11-30,1180.550049,75.52,71.86,15.632283,16.428473,6.397018,,,,21.700724,2.81,0.74,5.657018,3.587018,4.608141,3.868141
2010-12-01,1206.069946,77.35,71.86,15.592372,16.783606,6.413393,,,,22.39638,2.97,0.83,5.583393,3.443393,4.465007,3.635007
2010-12-02,1221.530029,77.35,71.86,15.792243,16.998748,6.332223,,,,22.39638,3.01,0.84,5.492223,3.322223,4.465007,3.625007
2010-12-03,1224.709961,77.35,71.86,15.833354,17.043,6.315781,,,,22.39638,3.03,0.86,5.455781,3.285781,4.465007,3.605007
2010-12-06,1223.119995,77.35,71.86,15.812799,17.020874,6.323991,,,,22.39638,2.95,0.79,5.533991,3.373991,4.465007,3.675007
2010-12-07,1223.75,77.35,71.86,15.820944,17.029641,6.320735,,,,22.39638,3.15,0.92,5.400735,3.170735,4.465007,3.545007
2010-12-08,1228.280029,77.35,71.86,15.879509,17.092681,6.297424,,,,22.39638,3.26,1.07,5.227424,3.037424,4.465007,3.395007
2010-12-09,1233.0,77.35,71.86,15.94053,17.158363,6.273317,,,,22.39638,3.23,1.09,5.183317,3.043317,4.465007,3.375007
2010-12-10,1240.400024,77.35,71.86,16.036199,17.261342,6.235892,,,,22.39638,3.32,1.16,5.075892,2.915892,4.465007,3.305007
2010-12-13,1240.459961,77.35,71.86,16.036974,17.262176,6.23559,,,,22.39638,3.29,1.11,5.12559,2.94559,4.465007,3.355007
2010-12-14,1241.589966,77.35,71.86,16.051583,17.277901,6.229915,,,,22.39638,3.49,1.27,4.959915,2.739915,4.465007,3.195007
2010-12-15,1235.22998,77.35,73.69,15.96936,16.762518,6.261992,,,,22.39638,3.53,1.22,5.041992,2.731992,4.465007,3.245007
2010-12-16,1242.869995,77.35,73.69,16.068132,16.866196,6.223499,,,,22.39638,3.47,1.15,5.073499,2.753499,4.465007,3.315007
2010-12-17,1243.910034,77.35,73.69,16.081578,16.88031,6.218295,,,,22.39638,3.33,1.05,5.168295,2.888295,4.465007,3.415007
2010-12-20,1247.079956,77.35,73.69,16.122559,16.923327,6.202489,,,,22.39638,3.36,1.07,5.132489,2.842489,4.465007,3.395007
2010-12-21,1254.599976,77.35,73.69,16.21978,17.025376,6.165312,,,,22.39638,3.35,1.06,5.105312,2.815312,4.465007,3.405007
2010-12-22,1258.839966,77.35,73.69,16.274596,17.082914,6.144546,,,,22.39638,3.36,1.03,5.114546,2.784546,4.465007,3.435007
2010-12-23,1256.77002,77.35,73.69,16.247835,17.054825,6.154666,,,,22.39638,3.41,1.08,5.074666,2.744666,4.465007,3.385007
2010-12-27,1257.540039,77.35,73.69,16.25779,17.065274,6.150898,,,,22.39638,3.36,1.06,5.090898,2.790898,4.465007,3.405007
2010-12-28,1258.51001,77.35,73.69,16.27033,17.078437,6.146157,,,,22.39638,3.5,1.17,4.976157,2.646157,4.465007,3.295007
2010-12-29,1259.780029,77.35,73.69,16.286749,17.095671,6.139961,,,,22.39638,3.35,1.06,5.079961,2.789961,4.465007,3.405007
2010-12-30,1257.880005,77.35,73.69,16.262185,17.069887,6.149235,,,,22.39638,3.38,1.08,5.069235,2.769235,4.465007,3.385007
2010-12-31,1257.640015,77.35,73.69,16.259082,17.066631,6.150409,,,,22.39638,3.3,1.0,5.150409,2.850409,4.465007,3.465007
2011-01-03,1271.869995,78.67,73.69,16.167154,17.259737,6.185381,,,44.906981,22.978299,3.36,1.05,5.135381,2.825381,4.351932,3.301932
2011-01-04,1270.199951,78.67,73.69,16.145925,17.237074,6.193513,,,44.906981,22.978299,3.36,1.01,5.183513,2.833513,4.351932,3.341932
2011-01-05,1276.560059,78.67,73.69,16.226771,17.323383,6.162656,,,44.906981,22.978299,3.5,1.08,5.082656,2.662656,4.351932,3.271932
2011-01-06,1273.849976,78.67,73.69,16.192322,17.286606,6.175766,,,44.906981,22.978299,3.44,1.03,5.145766,2.735766,4.351932,3.321932
2011-01-07,1271.5,78.67,73.69,16.162451,17.254716,6.18718,,,44.906981,22.978299,3.34,0.98,5.20718,2.84718,4.351932,3.371932
2011-01-10,1269.75,78.67,73.69,16.140206,17.230968,6.195708,,,44.906981,22.978299,3.32,0.96,5.235708,2.875708,4.351932,3.391932
2011-01-11,1274.47998,78.67,73.69,16.20033,17.295155,6.172714,,,44.906981,22.978299,3.37,0.97,5.202714,2.802714,4.351932,3.381932
2011-01-12,1285.959961,78.67,73.69,16.346256,17.450943,6.117609,,,44.906981,22.978299,3.4,0.98,5.137609,2.717609,4.351932,3.371932
2011-01-13,1283.76001,78.67,73.69,16.318292,17.421088,6.128092,,,44.906981,22.978299,3.34,0.97,5.158092,2.788092,4.351932,3.381932
2011-01-14,1293.23999,78.67,73.69,16.438795,17.549735,6.083171,,,44.906981,22.978299,3.35,1.0,5.083171,2.733171,4.351932,3.351932
2011-01-18,1295.02002,78.67,75.52,16.461421,17.148041,6.07481,,,44.906981,22.978299,3.39,0.99,5.08481,2.68481,4.351932,3.361932
2011-01-19,1281.920044,78.67,75.52,16.294903,16.974577,6.136888,,,44.906981,22.978299,3.37,0.99,5.146888,2.766888,4.351932,3.361932
2011-01-20,1280.26001,78.67,75.52,16.273802,16.952595,6.144846,,,44.906981,22.978299,3.47,1.22,4.924846,2.674846,4.351932,3.131932
2011-01-21,1283.349976,78.67,75.52,16.31308,16.993511,6.13005,,,44.906981,22.978299,3.44,1.2,4.93005,2.69005,4.351932,3.151932
2011-01-24,1290.839966,78.67,75.52,16.408287,17.09269,6.094481,,,44.906981,22.978299,3.43,1.18,4.914481,2.664481,4.351932,3.171932
2011-01-25,1291.180054,78.67,75.52,16.41261,17.097194,6.092876,,,44.906981,22.978299,3.35,1.11,4.982876,2.742876,4.351932,3.241932
2011-01-26,1296.630005,78.67,75.52,16.481886,17.169359,6.067267,,,44.906981,22.978299,3.45,1.16,4.907267,2.617267,4.351932,3.191932
2011-01-27,1299.540039,78.67,75.52,16.518877,17.207892,6.05368,,,44.906981,22.978299,3.42,1.16,4.89368,2.63368,4.351932,3.191932
2011-01-28,1276.339966,78.67,75.52,16.223973,16.900688,6.163718,,,44.906981,22.978299,3.36,1.09,5.073718,2.803718,4.351932,3.261932
2011-01-31,1286.119995,78.67,75.52,16.34829,17.030191,6.116848,,,44.906981,22.978299,3.42,1.08,5.036848,2.696848,4.351932,3.271932
2011-02-01,1307.589966,79.99,75.52,16.346918,17.314486,6.117361,,,38.847422,23.489829,3.48,1.11,5.007361,2.637361,4.257162,3.147162
2011-02-02,1304.030029,79.99,75.52,16.302413,17.267347,6.134061,,,38.847422,23.489829,3.52,1.16,4.974061,2.614061,4.257162,3.097162
2011-02-03,1307.099976,79.99,75.52,16.340792,17.307998,6.119654,,,38.847422,23.489829,3.58,1.23,4.889654,2.539654,4.257162,3.027162
2011-02-04,1310.869995,79.99,75.52,16.387923,17.357918,6.102054,,,38.847422,23.489829,3.68,1.3,4.802054,2.422054,4.257162,2.957162
2011-02-07,1319.050049,79.99,75.52,16.490187,17.466235,6.064213,,,38.847422,23.489829,3.68,1.32,4.744213,2.384213,4.257162,2.937162
2011-02-08,1324.569946,79.99,75.52,16.559194,17.539327,6.038941,,,38.847422,23.489829,3.75,1.39,4.648941,2.288941,4.257162,2.867162
2011-02-09,1320.880005,79.99,75.52,16.513064,17.490466,6.055811,,,38.847422,23.489829,3.65,1.34,4.715811,2.405811,4.257162,2.917162
2011-02-10,1321.869995,79.99,75.52,16.525441,17.503575,6.051276,,,38.847422,23.489829,3.7,1.39,4.661276,2.351276,4.257162,2.867162
2011-02-11,1329.150024,79.99,75.52,16.616452,17.599974,6.018132,,,38.847422,23.489829,3.64,1.36,4.658132,2.378132,4.257162,2.897162
2011-02-14,1332.319946,79.99,77.35,16.656081,17.224563,6.003813,,,38.847422,23.489829,3.62,1.34,4.663813,2.383813,4.257162,2.917162
2011-02-15,1328.01001,79.99,77.35,16.6022,17.168843,6.023298,,,38.847422,23.489829,3.61,1.33,4.693298,2.413298,4.257162,2.927162
2011-02-16,1336.319946,79.99,77.35,16.706088,17.276276,5.985842,,,38.847422,23.489829,3.62,1.37,4.615842,2.365842,4.257162,2.887162
2011-02-17,1340.430054,79.99,77.35,16.75747,17.329412,5.967488,,,38.847422,23.489829,3.58,1.31,4.657488,2.387488,4.257162,2.947162
2011-02-18,1343.01001,79.99,77.35,16.789724,17.362767,5.956024,,,38.847422,23.489829,3.59,1.25,4.706024,2.366024,4.257162,3.007162
2011-02-22,1315.439941,79.99,77.35,16.445055,17.006334,6.080855,,,38.847422,23.489829,3.46,1.12,4.960855,2.620855,4.257162,3.137162
2011-02-23,1307.400024,79.99,77.35,16.344543,16.902392,6.11825,,,38.847422,23.489829,3.49,1.1,5.01825,2.62825,4.257162,3.157162
2011-02-24,1306.099976,79.99,77.35,16.328291,16.885585,6.12434,,,38.847422,23.489829,3.46,1.05,5.07434,2.66434,4.257162,3.207162
2011-02-25,1319.880005,79.99,77.35,16.500563,17.063736,6.060399,,,38.847422,23.489829,3.42,1.02,5.040399,2.640399,4.257162,3.237162
2011-02-28,1327.219971,79.99,77.35,16.592324,17.158629,6.026883,,,38.847422,23.489829,3.42,1.03,4.996883,2.606883,4.257162,3.227162
2011-03-01,1306.329956,81.31,77.35,16.066043,16.888558,6.224308,,,33.448219,22.899336,3.41,1.0,5.224308,2.814308,4.366939,3.366939
2011-03-02,1308.439941,81.31,77.35,16.091993,16.915836,6.214271,,,33.448219,22.899336,3.46,1.01,5.204271,2.754271,4.366939,3.356939
2011-03-03,1330.969971,81.31,77.35,16.369081,17.20711,6.109078,,,33.448219,22.899336,3.58,1.09,5.019078,2.529078,4.366939,3.276939
2011-03-04,1321.150024,81.31,77.35,16.248309,17.080155,6.154487,,,33.448219,22.899336,3.49,1.0,5.154487,2.664487,4.366939,3.366939
2011-03-07,1310.130005,81.31,77.35,16.112778,16.937686,6.206254,,,33.448219,22.899336,3.51,1.0,5.206254,2.696254,4.366939,3.366939
2011-03-08,1321.819946,81.31,77.35,16.256548,17.088816,6.151367,,,33.448219,22.899336,3.56,1.01,5.141367,2.591367,4.366939,3.356939
2011-03-09,1320.02002,81.31,77.35,16.234412,17.065546,6.159755,,,33.448219,22.899336,3.48,0.98,5.179755,2.679755,4.366939,3.386939
2011-03-10,1295.109985,81.31,77.35,15.928053,16.743503,6.278231,,,33.448219,22.899336,3.37,0.91,5.368231,2.908231,4.366939,3.456939
2011-03-11,1304.280029,81.31,77.35,16.040832,16.862056,6.234091,,,33.448219,22.899336,3.4,0.96,5.274091,2.834091,4.366939,3.406939
2011-03-14,1296.390015,81.31,77.35,15.943796,16.760052,6.272032,,,33.448219,22.899336,3.36,0.93,5.342032,2.912032,4.366939,3.436939
2011-03-15,1281.869995,81.31,77.35,15.765219,16.572333,6.343077,,,33.448219,22.899336,3.33,0.93,5.413077,3.013077,4.366939,3.436939
2011-03-16,1256.880005,81.31,77.35,15.457877,16.249257,6.469194,,,33.448219,22.899336,3.22,0.85,5.619194,3.249194,4.366939,3.516939
2011-03-17,1273.719971,81.31,78.67,15.664985,16.19067,6.383664,,,33.448219,22.899336,3.25,0.82,5.563664,3.133664,4.366939,3.546939
2011-03-18,1279.209961,81.31,78.67,15.732505,16.260455,6.356267,,,33.448219,22.899336,3.28,0.85,5.506267,3.076267,4.366939,3.516939
2011-03-21,1298.380005,81.31,78.67,15.96827,16.504131,6.262419,,,33.448219,22.899336,3.34,0.9,5.362419,2.922419,4.366939,3.466939
2011-03-22,1293.77002,81.31,78.67,15.911573,16.445532,6.284734,,,33.448219,22.899336,3.34,0.95,5.334734,2.944734,4.366939,3.416939
2011-03-23,1297.540039,81.31,78.67,15.957939,16.493454,6.266473,,,33.448219,22.899336,3.36,0.98,5.286473,2.906473,4.366939,3.386939
2011-03-24,1309.660034,81.31,78.67,16.106998,16.647515,6.208481,,,33.448219,22.899336,3.42,0.95,5.258481,2.788481,4.366939,3.416939
2011-03-25,1313.800049,81.31,78.67,16.157915,16.70014,6.188917,,,33.448219,22.899336,3.46,1.02,5.168917,2.728917,4.366939,3.346939
2011-03-28,1310.189941,81.31,78.67,16.113515,16.654251,6.20597,,,33.448219,22.899336,3.47,1.01,5.19597,2.73597,4.366939,3.356939
2011-03-29,1319.439941,81.31,78.67,16.227278,16.771831,6.162463,,,33.448219,22.899336,3.5,1.03,5.132463,2.662463,4.366939,3.336939
2011-03-30,1328.26001,81.31,78.67,16.335752,16.883946,6.121542,,,33.448219,22.899336,3.47,1.0,5.121542,2.651542,4.366939,3.366939
2011-03-31,1325.829956,81.31,78.67,16.305866,16.853057,6.132762,,,33.448219,22.899336,3.47,0.99,5.142762,2.662762,4.366939,3.376939
2011-04-01,1332.410034,82.163333,78.67,16.216602,16.936698,6.16652,,,30.445597,23.143929,3.46,0.94,5.22652,2.70652,4.320788,3.380788
2011-04-04,1332.869995,82.163333,78.67,16.2222,16.942545,6.164392,,,30.445597,23.143929,3.45,0.91,5.254392,2.714392,4.320788,3.410788
2011-04-05,1332.630005,82.163333,78.67,16.219279,16.939494,6.165502,,,30.445597,23.143929,3.5,0.94,5.225502,2.665502,4.320788,3.380788
2011-04-06,1335.540039,82.163333,78.67,16.254696,16.976485,6.152068,,,30.445597,23.143929,3.56,0.99,5.162068,2.592068,4.320788,3.330788
2011-04-07,1333.51001,82.163333,78.67,16.229989,16.95068,6.161434,,,30.445597,23.143929,3.58,0.99,5.171434,2.581434,4.320788,3.330788
2011-04-08,1328.170044,82.163333,78.67,16.164997,16.882802,6.186206,,,30.445597,23.143929,3.59,0.95,5.236206,2.596206,4.320788,3.370788
2011-04-11,1324.459961,82.163333,78.67,16.119842,16.835642,6.203535,,,30.445597,23.143929,3.59,0.96,5.243535,2.613535,4.320788,3.360788
2011-04-12,1314.160034,82.163333,78.67,15.994483,16.704716,6.252156,,,30.445597,23.143929,3.52,0.9,5.352156,2.732156,4.320788,3.420788
2011-04-13,1314.410034,82.163333,78.67,15.997526,16.707894,6.250967,,,30.445597,23.143929,3.49,0.88,5.370967,2.760967,4.320788,3.440788
2011-04-14,1314.52002,82.163333,78.67,15.998864,16.709292,6.250444,,,30.445597,23.143929,3.51,0.89,5.360444,2.740444,4.320788,3.430788
2011-04-15,1319.680054,82.163333,78.67,16.061667,16.774883,6.226004,,,30.445597,23.143929,3.43,0.82,5.406004,2.796004,4.320788,3.500788
2011-04-18,1305.140015,82.163333,79.99,15.884701,16.31629,6.295365,,,30.445597,23.143929,3.4,0.8,5.495365,2.895365,4.320788,3.520788
2011-04-19,1312.619995,82.163333,79.99,15.975739,16.409801,6.259491,,,30.445597,23.143929,3.39,0.76,5.499491,2.869491,4.320788,3.560788
2011-04-20,1330.359985,82.163333,79.99,16.191651,16.631579,6.176023,,,30.445597,23.143929,3.43,0.82,5.356023,2.746023,4.320788,3.500788
2011-04-21,1337.380005,82.163333,79.99,16.27709,16.71934,6.143604,,,30.445597,23.143929,3.42,0.83,5.313604,2.723604,4.320788,3.490788
2011-04-25,1335.25,82.163333,79.99,16.251166,16.692712,6.153404,,,30.445597,23.143929,3.39,0.79,5.363404,2.763404,4.320788,3.530788
2011-04-26,1347.23999,82.163333,79.99,16.397095,16.842605,6.098641,,,30.445597,23.143929,3.34,0.76,5.338641,2.758641,4.320788,3.560788
2011-04-27,1355.660034,82.163333,79.99,16.499574,16.947869,6.060762,,,30.445597,23.143929,3.39,0.81,5.250762,2.670762,4.320788,3.510788
2011-04-28,1360.47998,82.163333,79.99,16.558237,17.008126,6.03929,,,30.445597,23.143929,3.34,0.78,5.25929,2.69929,4.320788,3.540788
2011-04-29,1363.609985,82.163333,79.99,16.596332,17.047256,6.025428,,,30.445597,23.143929,3.32,0.75,5.275428,2.705428,4.320788,3.570788
2011-05-02,1361.219971,83.016667,79.99,16.396948,17.017377,6.098696,,,27.63286,23.059492,3.31,0.75,5.348696,2.788696,4.336609,3.586609
2011-05-03,1356.619995,83.016667,79.99,16.341538,16.95987,6.119375,,,27.63286,23.059492,3.28,0.73,5.389375,2.839375,4.336609,3.606609
2011-05-04,1347.319946,83.016667,79.99,16.229511,16.843605,6.161615,,,27.63286,23.059492,3.25,0.7,5.461615,2.911615,4.336609,3.636609
2011-05-05,1335.099976,83.016667,79.99,16.082312,16.690836,6.218011,,,27.63286,23.059492,3.18,0.7,5.518011,3.038011,4.336609,3.636609
2011-05-06,1340.199951,83.016667,79.99,16.143746,16.754594,6.194349,,,27.63286,23.059492,3.19,0.71,5.484349,3.004349,4.336609,3.626609
2011-05-09,1346.290039,83.016667,79.99,16.217105,16.830729,6.166329,,,27.63286,23.059492,3.17,0.69,5.476329,2.996329,4.336609,3.646609
2011-05-10,1357.160034,83.016667,79.99,16.348043,16.966621,6.11694,,,27.63286,23.059492,3.23,0.74,5.37694,2.88694,4.336609,3.596609
2011-05-11,1342.079956,83.016667,79.99,16.166392,16.778097,6.185672,,,27.63286,23.059492,3.19,0.76,5.425672,2.995672,4.336609,3.576609
2011-05-12,1348.650024,83.016667,79.99,16.245533,16.860233,6.155538,,,27.63286,23.059492,3.22,0.79,5.365538,2.935538,4.336609,3.546609
2011-05-13,1337.77002,83.016667,79.99,16.114475,16.724216,6.205601,,,27.63286,23.059492,3.18,0.79,5.415601,3.025601,4.336609,3.546609
2011-05-16,1329.469971,83.016667,81.31,16.014495,16.350633,6.244343,,,27.63286,23.059492,3.15,0.81,5.434343,3.094343,4.336609,3.526609
2011-05-17,1328.97998,83.016667,81.31,16.008592,16.344607,6.246645,,,27.63286,23.059492,3.12,0.82,5.426645,3.126645,4.336609,3.516609
2011-05-18,1340.680054,83.016667,81.31,16.149529,16.488501,6.192131,,,27.63286,23.059492,3.18,0.82,5.372131,3.012131,4.336609,3.516609
2011-05-19,1343.599976,83.016667,81.31,16.184702,16.524412,6.178674,,,27.63286,23.059492,3.17,0.91,5.268674,3.008674,4.336609,3.426609
2011-05-20,1333.27002,83.016667,81.31,16.060269,16.397368,6.226546,,,27.63286,23.059492,3.15,0.85,5.376546,3.076546,4.336609,3.486609
2011-05-23,1317.369995,83.016667,81.31,15.868741,16.20182,6.301697,,,27.63286,23.059492,3.13,0.84,5.461697,3.171697,4.336609,3.496609
2011-05-24,1316.280029,83.016667,81.31,15.855612,16.188415,6.306915,,,27.63286,23.059492,3.12,0.79,5.516915,3.186915,4.336609,3.546609
2011-05-25,1320.469971,83.016667,81.31,15.906083,16.239946,6.286903,,,27.63286,23.059492,3.13,0.8,5.486903,3.156903,4.336609,3.536609
2011-05-26,1325.689941,83.016667,81.31,15.968961,16.304144,6.262148,,,27.63286,23.059492,3.07,0.76,5.502148,3.192148,4.336609,3.576609
2011-05-27,1331.099976,83.016667,81.31,16.034129,16.37068,6.236697,,,27.63286,23.059492,3.07,0.79,5.446697,3.166697,4.336609,3.546609
2011-05-31,1345.199951,83.016667,81.31,16.203974,16.54409,6.171325,,,27.63286,23.059492,3.05,0.8,5.371325,3.121325,4.336609,3.536609
2011-06-01,1314.550049,83.87,81.31,15.673662,16.167139,6.38013,,,24.992548,22.100831,2.96,0.74,5.64013,3.42013,4.524717,3.784717
2011-06-02,1312.939941,83.87,81.31,15.654465,16.147337,6.387954,,,24.992548,22.100831,3.04,0.78,5.607954,3.347954,4.524717,3.744717
2011-06-03,1300.160034,83.87,81.31,15.502087,15.990162,6.450744,,,24.992548,22.100831,2.99,0.75,5.700744,3.460744,4.524717,3.774717
2011-06-06,1286.170044,83.87,81.31,15.335281,15.818104,6.520911,,,24.992548,22.100831,3.01,0.76,5.760911,3.510911,4.524717,3.764717
2011-06-07,1284.939941,83.87,81.31,15.320615,15.802976,6.527153,,,24.992548,22.100831,3.01,0.76,5.767153,3.517153,4.524717,3.764717
2011-06-08,1279.560059,83.87,81.31,15.256469,15.73681,6.554597,,,24.992548,22.100831,2.98,0.76,5.794597,3.574597,4.524717,3.764717
2011-06-09,1289.0,83.87,81.31,15.369023,15.852909,6.506594,,,24.992548,22.100831,3.01,0.8,5.706594,3.496594,4.524717,3.724717
2011-06-10,1270.97998,83.87,81.31,15.154167,15.631287,6.598845,,,24.992548,22.100831,2.99,0.79,5.808845,3.608845,4.524717,3.734717
2011-06-13,1271.829956,83.87,81.31,15.164301,15.641741,6.594435,,,24.992548,22.100831,3.0,0.8,5.794435,3.594435,4.524717,3.724717
2011-06-14,1287.869995,83.87,81.31,15.35555,15.839011,6.512303,,,24.992548,22.100831,3.11,0.83,5.682303,3.402303,4.524717,3.694717
2011-06-15,1265.420044,83.87,82.163333,15.087875,15.401274,6.627839,,,24.992548,22.100831,2.98,0.74,5.887839,3.647839,4.524717,3.784717
2011-06-16,1267.640015,83.87,82.163333,15.114344,15.428293,6.616232,,,24.992548,22.100831,2.93,0.73,5.886232,3.686232,4.524717,3.794717
2011-06-17,1271.5,83.87,82.163333,15.160367,15.475273,6.596146,,,24.992548,22.100831,2.94,0.75,5.846146,3.656146,4.524717,3.774717
2011-06-20,1278.359985,83.87,82.163333,15.24216,15.558765,6.56075,,,24.992548,22.100831,2.97,0.79,5.77075,3.59075,4.524717,3.734717
2011-06-21,1295.52002,83.87,82.163333,15.446763,15.767618,6.473848,,,24.992548,22.100831,2.99,0.78,5.693848,3.483848,4.524717,3.744717
2011-06-22,1287.140015,83.87,82.163333,15.346846,15.665626,6.515997,,,24.992548,22.100831,3.01,0.82,5.695997,3.505997,4.524717,3.704717
2011-06-23,1283.5,83.87,82.163333,15.303446,15.621323,6.534476,,,24.992548,22.100831,2.93,0.71,5.824476,3.604476,4.524717,3.814717
2011-06-24,1268.449951,83.87,82.163333,15.124001,15.438151,6.612007,,,24.992548,22.100831,2.88,0.64,5.972007,3.732007,4.524717,3.884717
2011-06-27,1280.099976,83.87,82.163333,15.262907,15.579942,6.551832,,,24.992548,22.100831,2.95,0.67,5.881832,3.601832,4.524717,3.854717
2011-06-28,1296.670044,83.87,82.163333,15.460475,15.781614,6.468107,,,24.992548,22.100831,3.05,0.73,5.738107,3.418107,4.524717,3.794717
2011-06-29,1307.410034,83.87,82.163333,15.58853,15.91233,6.414973,,,24.992548,22.100831,3.14,0.74,5.674973,3.274973,4.524717,3.784717
2011-06-30,1320.640015,83.87,82.163333,15.746274,16.07335,6.350709,,,24.992548,22.100831,3.18,0.75,5.600709,3.170709,4.524717,3.774717
2011-07-01,1339.670044,84.906667,82.163333,15.778149,16.304962,6.337879,,,23.614481,22.610982,3.22,0.77,5.567879,3.117879,4.42263,3.65263
2011-07-05,1337.880005,84.906667,82.163333,15.757067,16.283176,6.346359,,,23.614481,22.610982,3.16,0.77,5.576359,3.186359,4.42263,3.65263
2011-07-06,1339.219971,84.906667,82.163333,15.772848,16.299484,6.340009,,,23.614481,22.610982,3.12,0.74,5.600009,3.220009,4.42263,3.68263
2011-07-07,1353.219971,84.906667,82.163333,15.937735,16.469877,6.274417,,,23.614481,22.610982,3.17,0.75,5.524417,3.104417,4.42263,3.67263
2011-07-08,1343.800049,84.906667,82.163333,15.826791,16.355228,6.3184,,,23.614481,22.610982,3.03,0.69,5.6284,3.2884,4.42263,3.73263
2011-07-11,1319.48999,84.906667,82.163333,15.540476,16.059353,6.434809,,,23.614481,22.610982,2.94,0.63,5.804809,3.494809,4.42263,3.79263
2011-07-12,1313.640015,84.906667,82.163333,15.471577,15.988154,6.463465,,,23.614481,22.610982,2.92,0.6,5.863465,3.543465,4.42263,3.82263
2011-07-13,1317.719971,84.906667,82.163333,15.519629,16.037811,6.443453,,,23.614481,22.610982,2.92,0.59,5.853453,3.523453,4.42263,3.83263
2011-07-14,1308.869995,84.906667,82.163333,15.415397,15.930099,6.487021,,,23.614481,22.610982,2.98,0.68,5.807021,3.507021,4.42263,3.74263
2011-07-15,1316.140015,84.906667,83.016667,15.501021,15.853925,6.451188,,,23.614481,22.610982,2.94,0.61,5.841188,3.511188,4.42263,3.81263
2011-07-18,1305.439941,84.906667,83.016667,15.374999,15.725034,6.504065,,,23.614481,22.610982,2.94,0.58,5.924065,3.564065,4.42263,3.84263
2011-07-19,1326.72998,84.906667,83.016667,15.625746,15.981489,6.399695,,,23.614481,22.610982,2.91,0.54,5.859695,3.489695,4.42263,3.88263
2011-07-20,1325.839966,84.906667,83.016667,15.615263,15.970768,6.403991,,,23.614481,22.610982,2.96,0.62,5.783991,3.443991,4.42263,3.80263
2011-07-21,1343.800049,84.906667,83.016667,15.826791,16.187112,6.3184,,,23.614481,22.610982,3.03,0.68,5.6384,3.2884,4.42263,3.74263
2011-07-22,1345.02002,84.906667,83.016667,15.841159,16.201807,6.312669,,,23.614481,22.610982,2.99,0.61,5.702669,3.322669,4.42263,3.81263
2011-07-25,1337.430054,84.906667,83.016667,15.751767,16.11038,6.348494,,,23.614481,22.610982,3.03,0.58,5.768494,3.318494,4.42263,3.84263
2011-07-26,1331.939941,84.906667,83.016667,15.687107,16.044247,6.374662,,,23.614481,22.610982,2.99,0.57,5.804662,3.384662,4.42263,3.85263
2011-07-27,1304.890015,84.906667,83.016667,15.368522,15.71841,6.506806,,,23.614481,22.610982,3.01,0.56,5.946806,3.496806,4.42263,3.86263
2011-07-28,1300.670044,84.906667,83.016667,15.318821,15.667577,6.527917,,,23.614481,22.610982,2.98,0.52,6.007917,3.547917,4.42263,3.90263
2011-07-29,1292.280029,84.906667,83.016667,15.220007,15.566513,6.570299,,,23.614481,22.610982,2.82,0.38,6.190299,3.750299,4.42263,4.04263
2011-08-01,1286.939941,85.943333,83.016667,14.974285,15.502188,6.678115,,,22.298643,20.049853,2.77,0.33,6.348115,3.908115,4.987568,4.657568
2011-08-02,1254.050049,85.943333,83.016667,14.591592,15.106003,6.853262,,,22.298643,20.049853,2.66,0.29,6.563262,4.193262,4.987568,4.697568
2011-08-03,1260.339966,85.943333,83.016667,14.664779,15.18177,6.81906,,,22.298643,20.049853,2.64,0.36,6.45906,4.17906,4.987568,4.627568
2011-08-04,1200.069946,85.943333,83.016667,13.963503,14.455771,7.161527,,,22.298643,20.049853,2.47,0.24,6.921527,4.691527,4.987568,4.747568
2011-08-05,1199.380005,85.943333,83.016667,13.955475,14.44746,7.165647,,,22.298643,20.049853,2.58,0.32,6.845647,4.585647,4.987568,4.667568
2011-08-08,1119.459961,85.943333,83.016667,13.025559,13.484762,7.677214,,,22.298643,20.049853,2.4,0.2,7.477214,5.277214,4.987568,4.787568
2011-08-09,1172.530029,85.943333,83.016667,13.64306,14.124032,7.329734,,,22.298643,20.049853,2.2,0.0,7.329734,5.129734,4.987568,4.987568
2011-08-10,1120.76001,85.943333,83.016667,13.040686,13.500422,7.668308,,,22.298643,20.049853,2.17,-0.13,7.798308,5.498308,4.987568,5.117568
2011-08-11,1172.640015,85.943333,83.016667,13.64434,14.125356,7.329047,,,22.298643,20.049853,2.34,0.06,7.269047,4.989047,4.987568,4.927568
2011-08-12,1178.810059,85.943333,83.016667,13.716132,14.199679,7.290685,,,22.298643,20.049853,2.24,-0.02,7.310685,5.050685,4.987568,5.007568
2011-08-15,1204.48999,85.943333,83.87,14.014932,14.361393,7.135247,,,22.298643,20.049853,2.29,0.06,7.075247,4.845247,4.987568,4.927568
2011-08-16,1192.76001,85.943333,83.87,13.878447,14.221533,7.205417,,,22.298643,20.049853,2.23,0.05,7.155417,4.975417,4.987568,4.937568
2011-08-17,1193.890015,85.943333,83.87,13.891595,14.235007,7.198597,,,22.298643,20.049853,2.17,0.01,7.188597,5.028597,4.987568,4.977568
2011-08-18,1140.650024,85.943333,83.87,13.272118,13.600215,7.534593,,,22.298643,20.049853,2.08,0.09,7.444593,5.454593,4.987568,4.897568
2011-08-19,1123.530029,85.943333,83.87,13.072917,13.39609,7.649402,,,22.298643,20.049853,2.07,0.02,7.629402,5.579402,4.987568,4.967568
2011-08-22,1123.819946,85.943333,83.87,13.07629,13.399546,7.647429,,,22.298643,20.049853,2.1,0.03,7.617429,5.547429,4.987568,4.957568
2011-08-23,1162.349976,85.943333,83.87,13.524609,13.858948,7.393929,,,22.298643,20.049853,2.15,0.13,7.263929,5.243929,4.987568,4.857568
2011-08-24,1177.599976,85.943333,83.87,13.702052,14.040777,7.298177,,,22.298643,20.049853,2.29,0.25,7.048177,5.008177,4.987568,4.737568
2011-08-25,1159.27002,85.943333,83.87,13.488772,13.822225,7.413573,,,22.298643,20.049853,2.23,0.13,7.283573,5.183573,4.987568,4.857568
2011-08-26,1176.800049,85.943333,83.87,13.692744,14.031239,7.303138,,,22.298643,20.049853,2.19,0.15,7.153138,5.113138,4.987568,4.837568
2011-08-29,1210.079956,85.943333,83.87,14.079975,14.428043,7.102285,,,22.298643,20.049853,2.28,0.22,6.882285,4.822285,4.987568,4.767568
2011-08-30,1212.920044,85.943333,83.87,14.113021,14.461906,7.085655,,,22.298643,20.049853,2.19,0.14,6.945655,4.895655,4.987568,4.847568
2011-08-31,1218.890015,85.943333,83.87,14.182485,14.533087,7.050951,,,22.298643,20.049853,2.23,0.18,6.870951,4.820951,4.987568,4.807568
2011-09-01,1204.420044,86.98,83.87,13.847092,14.360559,7.221733,,,21.040913,19.698115,2.15,0.07,7.151733,5.071733,5.076628,5.006628
2011-09-02,1173.969971,86.98,83.87,13.49701,13.997496,7.409048,,,21.040913,19.698115,2.02,0.0,7.409048,5.389048,5.076628,5.076628
2011-09-06,1165.23999,86.98,83.87,13.396643,13.893406,7.464557,,,21.040913,19.698115,1.98,0.05,7.414557,5.484557,5.076628,5.026628
2011-09-07,1198.619995,86.98,83.87,13.780409,14.291403,7.256679,,,21.040913,19.698115,2.05,0.09,7.166679,5.206679,5.076628,4.986628
2011-09-08,1185.900024,86.98,83.87,13.634169,14.13974,7.334514,,,21.040913,19.698115,2.0,0.0,7.334514,5.334514,5.076628,5.076628
2011-09-09,1154.22998,86.98,83.87,13.270062,13.762132,7.53576,,,21.040913,19.698115,1.93,-0.03,7.56576,5.60576,5.076628,5.106628
2011-09-12,1162.27002,86.98,83.87,13.362497,13.857995,7.483631,,,21.040913,19.698115,1.94,0.0,7.483631,5.543631,5.076628,5.076628
2011-09-13,1172.869995,86.98,83.87,13.484364,13.984381,7.415997,,,21.040913,19.698115,2.0,0.07,7.345997,5.415997,5.076628,5.006628
2011-09-14,1188.680054,86.98,84.906667,13.666131,13.999844,7.31736,,,21.040913,19.698115,2.03,0.12,7.19736,5.28736,5.076628,4.956628
2011-09-15,1209.109985,86.98,84.906667,13.901012,14.24046,7.193721,,,21.040913,19.698115,2.09,0.13,7.063721,5.103721,5.076628,4.946628
2011-09-16,1216.01001,86.98,84.906667,13.98034,14.321726,7.152902,,,21.040913,19.698115,2.08,0.13,7.022902,5.072902,5.076628,4.946628
2011-09-19,1204.089966,86.98,84.906667,13.843297,14.181336,7.223713,,,21.040913,19.698115,1.97,0.09,7.133713,5.253713,5.076628,4.986628
2011-09-20,1202.089966,86.98,84.906667,13.820303,14.157781,7.235731,,,21.040913,19.698115,1.95,0.04,7.195731,5.285731,5.076628,5.036628
2011-09-21,1166.76001,86.98,84.906667,13.414118,13.741677,7.454832,,,21.040913,19.698115,1.88,0.02,7.434832,5.574832,5.076628,5.056628
2011-09-22,1129.560059,86.98,84.906667,12.986434,13.30355,7.700343,,,21.040913,19.698115,1.72,0.01,7.690343,5.980343,5.076628,5.066628
2011-09-23,1136.430054,86.98,84.906667,13.065418,13.384462,7.653793,,,21.040913,19.698115,1.84,0.1,7.553793,5.813793,5.076628,4.976628
2011-09-26,1162.949951,86.98,84.906667,13.370314,13.696804,7.479256,,,21.040913,19.698115,1.91,0.12,7.359256,5.569256,5.076628,4.956628
2011-09-27,1175.380005,86.98,84.906667,13.513221,13.8432,7.40016,,,21.040913,19.698115,2.0,0.12,7.28016,5.40016,5.076628,4.956628
2011-09-28,1151.060059,86.98,84.906667,13.233618,13.556769,7.556513,,,21.040913,19.698115,2.03,0.16,7.396513,5.526513,5.076628,4.916628
2011-09-29,1160.400024,86.98,84.906667,13.340998,13.666772,7.495691,,,21.040913,19.698115,1.99,0.17,7.325691,5.505691,5.076628,4.906628
2011-09-30,1131.420044,86.98,84.906667,13.007818,13.325456,7.687684,,,21.040913,19.698115,1.92,0.17,7.517684,5.767684,5.076628,4.906628
2011-10-03,1099.22998,86.97,84.906667,12.639186,12.946333,7.911902,,,18.021441,20.155825,1.8,0.07,7.841902,6.111902,4.961345,4.891345
2011-10-04,1123.949951,86.97,84.906667,12.923421,13.237476,7.737889,,,18.021441,20.155825,1.81,0.05,7.687889,5.927889,4.961345,4.911345
2011-10-05,1144.030029,86.97,84.906667,13.154306,13.473972,7.602073,,,18.021441,20.155825,1.92,0.12,7.482073,5.682073,4.961345,4.841345
2011-10-06,1164.969971,86.97,84.906667,13.395078,13.720595,7.465428,,,18.021441,20.155825,2.01,0.13,7.335428,5.455428,4.961345,4.831345
2011-10-07,1155.459961,86.97,84.906667,13.28573,13.608589,7.526873,,,18.021441,20.155825,2.1,0.16,7.366873,5.426873,4.961345,4.801345
2011-10-10,1194.890015,86.97,84.906667,13.739106,14.072982,7.278494,,,18.021441,20.155825,2.1,0.16,7.118494,5.178494,4.961345,4.801345
2011-10-11,1195.540039,86.97,84.906667,13.74658,14.080638,7.274537,,,18.021441,20.155825,2.18,0.23,7.044537,5.094537,4.961345,4.731345
2011-10-12,1207.25,86.97,84.906667,13.881223,14.218554,7.203976,,,18.021441,20.155825,2.24,0.26,6.943976,4.963976,4.961345,4.701345
2011-10-13,1203.660034,86.97,84.906667,13.839945,14.176272,7.225462,,,18.021441,20.155825,2.19,0.27,6.955462,5.035462,4.961345,4.691345
2011-10-14,1224.579956,86.97,84.906667,14.080487,14.42266,7.102027,,,18.021441,20.155825,2.26,0.28,6.822027,4.842027,4.961345,4.681345
2011-10-17,1200.859985,86.97,85.943333,13.80775,13.972695,7.24231,,,18.021441,20.155825,2.18,0.24,7.00231,5.06231,4.961345,4.721345
2011-10-18,1225.380005,86.97,85.943333,14.089686,14.258,7.09739,,,18.021441,20.155825,2.19,0.22,6.87739,4.90739,4.961345,4.741345
2011-10-19,1209.880005,86.97,85.943333,13.911464,14.077648,7.188316,,,18.021441,20.155825,2.18,0.23,6.958316,5.008316,4.961345,4.731345
2011-10-20,1215.390015,86.97,85.943333,13.974819,14.14176,7.155728,,,18.021441,20.155825,2.2,0.22,6.935728,4.955728,4.961345,4.741345
2011-10-21,1238.25,86.97,85.943333,14.237668,14.407749,7.023622,,,18.021441,20.155825,2.23,0.23,6.793622,4.793622,4.961345,4.731345
2011-10-24,1254.189941,86.97,85.943333,14.420949,14.59322,6.934356,,,18.021441,20.155825,2.25,0.23,6.704356,4.684356,4.961345,4.731345
2011-10-25,1229.050049,86.97,85.943333,14.131885,14.300703,7.076197,,,18.021441,20.155825,2.14,0.12,6.956197,4.936197,4.961345,4.841345
2011-10-26,1242.0,86.97,85.943333,14.280786,14.451383,7.002415,,,18.021441,20.155825,2.23,0.15,6.852415,4.772415,4.961345,4.811345
2011-10-27,1284.589966,86.97,85.943333,14.770495,14.946941,6.770254,,,18.021441,20.155825,2.42,0.24,6.530254,4.350254,4.961345,4.721345
2011-10-28,1285.089966,86.97,85.943333,14.776244,14.952759,6.76762,,,18.021441,20.155825,2.34,0.19,6.57762,4.42762,4.961345,4.771345
2011-10-31,1253.300049,86.97,85.943333,14.410717,14.582865,6.93928,,,18.021441,20.155825,2.17,0.08,6.85928,4.76928,4.961345,4.881345
2011-11-01,1218.280029,86.96,85.943333,14.00966,14.175387,7.137932,,,15.148305,20.345247,2.01,-0.04,7.177932,5.127932,4.915153,4.955153
2011-11-02,1237.900024,86.96,85.943333,14.235281,14.403677,7.0248,,,15.148305,20.345247,2.03,-0.07,7.0948,4.9948,4.915153,4.985153
2011-11-03,1261.150024,86.96,85.943333,14.502645,14.674204,6.895294,,,15.148305,20.345247,2.09,0.0,6.895294,4.805294,4.915153,4.915153
2011-11-04,1253.22998,86.96,85.943333,14.411568,14.58205,6.93887,,,15.148305,20.345247,2.06,-0.06,6.99887,4.87887,4.915153,4.975153
2011-11-07,1261.119995,86.96,85.943333,14.5023,14.673855,6.895458,,,15.148305,20.345247,2.04,-0.1,6.995458,4.855458,4.915153,5.015153
2011-11-08,1275.920044,86.96,85.943333,14.672494,14.846062,6.815474,,,15.148305,20.345247,2.1,-0.03,6.845474,4.715474,4.915153,4.945153
2011-11-09,1229.099976,86.96,85.943333,14.134084,14.301284,7.075096,,,15.148305,20.345247,2.0,-0.04,7.115096,5.075096,4.915153,4.955153
2011-11-10,1239.699951,86.96,85.943333,14.255979,14.42462,7.014601,,,15.148305,20.345247,2.04,-0.04,7.054601,4.974601,4.915153,4.955153
2011-11-11,1263.849976,86.96,85.943333,14.533693,14.70562,6.880563,,,15.148305,20.345247,2.04,-0.04,6.920563,4.840563,4.915153,4.955153
2011-11-14,1251.780029,86.96,85.943333,14.394895,14.565179,6.946907,,,15.148305,20.345247,2.04,-0.01,6.956907,4.906907,4.915153,4.925153
2011-11-15,1257.810059,86.96,86.98,14.464237,14.460911,6.913603,,,15.148305,20.345247,2.06,0.04,6.873603,4.853603,4.915153,4.875153
2011-11-16,1236.910034,86.96,86.98,14.223896,14.220626,7.030422,,,15.148305,20.345247,2.01,0.05,6.980422,5.020422,4.915153,4.865153
2011-11-17,1216.130005,86.96,86.98,13.984936,13.98172,7.150551,,,15.148305,20.345247,1.96,0.06,7.090551,5.190551,4.915153,4.855153
2011-11-18,1215.650024,86.96,86.98,13.979416,13.976202,7.153375,,,15.148305,20.345247,2.01,0.05,7.103375,5.143375,4.915153,4.865153
2011-11-21,1192.97998,86.96,86.98,13.718721,13.715567,7.289309,,,15.148305,20.345247,1.97,0.07,7.219309,5.319309,4.915153,4.845153
2011-11-22,1188.040039,86.96,86.98,13.661914,13.658773,7.319619,,,15.148305,20.345247,1.94,0.05,7.269619,5.379619,4.915153,4.865153
2011-11-23,1161.790039,86.96,86.98,13.360051,13.356979,7.485001,,,15.148305,20.345247,1.89,-0.01,7.495001,5.595001,4.915153,4.925153
2011-11-25,1158.670044,86.96,86.98,13.324173,13.321109,7.505156,,,15.148305,20.345247,1.97,0.05,7.455156,5.535156,4.915153,4.865153
2011-11-28,1192.550049,86.96,86.98,13.713777,13.710624,7.291937,,,15.148305,20.345247,1.97,0.02,7.271937,5.321937,4.915153,4.895153
2011-11-29,1195.189941,86.96,86.98,13.744135,13.740974,7.275831,,,15.148305,20.345247,2.0,0.01,7.265831,5.275831,4.915153,4.905153
2011-11-30,1246.959961,86.96,86.98,14.339466,14.336169,6.97376,,,15.148305,20.345247,2.08,0.03,6.94376,4.89376,4.915153,4.885153
2011-12-01,1244.579956,86.95,86.98,14.313743,14.308806,6.986293,,,12.411118,20.523575,2.11,0.06,6.926293,4.876293,4.872445,4.812445
2011-12-02,1244.280029,86.95,86.98,14.310294,14.305358,6.987977,,,12.411118,20.523575,2.05,0.0,6.987977,4.937977,4.872445,4.872445
2011-12-05,1257.079956,86.95,86.98,14.457504,14.452517,6.916823,,,12.411118,20.523575,2.04,-0.01,6.926823,4.876823,4.872445,4.882445
2011-12-06,1258.469971,86.95,86.98,14.47349,14.468498,6.909184,,,12.411118,20.523575,2.08,0.01,6.899184,4.829184,4.872445,4.862445
2011-12-07,1261.01001,86.95,86.98,14.502703,14.497701,6.895266,,,12.411118,20.523575,2.02,-0.01,6.905266,4.875266,4.872445,4.882445
2011-12-08,1234.349976,86.95,86.98,14.196089,14.191193,7.044193,,,12.411118,20.523575,1.99,0.01,7.034193,5.054193,4.872445,4.862445
2011-12-09,1255.189941,86.95,86.98,14.435767,14.430788,6.927238,,,12.411118,20.523575,2.07,0.05,6.877238,4.857238,4.872445,4.822445
2011-12-12,1236.469971,86.95,86.98,14.220471,14.215566,7.032116,,,12.411118,20.523575,2.03,-0.01,7.042116,5.002116,4.872445,4.882445
2011-12-13,1225.72998,86.95,86.98,14.096952,14.09209,7.093732,,,12.411118,20.523575,1.96,-0.05,7.143732,5.133732,4.872445,4.922445
2011-12-14,1211.819946,86.95,86.98,13.936975,13.932168,7.175158,,,12.411118,20.523575,1.92,-0.04,7.215158,5.255158,4.872445,4.912445
2011-12-15,1215.75,86.95,86.97,13.982174,13.978958,7.151964,,,12.411118,20.523575,1.92,-0.01,7.161964,5.231964,4.872445,4.882445
2011-12-16,1219.660034,86.95,86.97,14.027142,14.023917,7.129036,,,12.411118,20.523575,1.86,-0.05,7.179036,5.269036,4.872445,4.922445
2011-12-19,1205.349976,86.95,86.97,13.862564,13.859377,7.213673,,,12.411118,20.523575,1.82,-0.12,7.333673,5.393673,4.872445,4.992445
2011-12-20,1241.300049,86.95,86.97,14.276021,14.272738,7.004753,,,12.411118,20.523575,1.94,-0.1,7.104753,5.064753,4.872445,4.972445
2011-12-21,1243.719971,86.95,86.97,14.303852,14.300563,6.991124,,,12.411118,20.523575,1.98,-0.07,7.061124,5.011124,4.872445,4.942445
2011-12-22,1254.0,86.95,86.97,14.422082,14.418765,6.933812,,,12.411118,20.523575,1.97,-0.07,7.003812,4.963812,4.872445,4.942445
2011-12-23,1265.329956,86.95,86.97,14.552386,14.549039,6.871725,,,12.411118,20.523575,2.03,-0.04,6.911725,4.841725,4.872445,4.912445
2011-12-27,1265.430054,86.95,86.97,14.553537,14.55019,6.871182,,,12.411118,20.523575,2.02,-0.02,6.891182,4.851182,4.872445,4.892445
2011-12-28,1249.640015,86.95,86.97,14.371938,14.368633,6.958004,,,12.411118,20.523575,1.93,-0.07,7.028004,5.028004,4.872445,4.942445
2011-12-29,1263.02002,86.95,86.97,14.52582,14.522479,6.884293,,,12.411118,20.523575,1.91,-0.05,6.934293,4.974293,4.872445,4.922445
2011-12-30,1257.599976,86.95,86.97,14.463484,14.460158,6.913963,,,12.411118,20.523575,1.89,-0.07,6.983963,5.023963,4.872445,4.942445
2012-01-03,1277.060059,87.48,86.97,14.598309,14.683915,6.850109,,,11.198678,21.213008,1.97,-0.04,6.890109,4.880109,4.714089,4.754089
2012-01-04,1277.300049,87.48,86.97,14.601052,14.686674,6.848821,,,11.198678,21.213008,2.0,-0.08,6.928821,4.848821,4.714089,4.794089
2012-01-05,1281.060059,87.48,86.97,14.644034,14.729908,6.82872,,,11.198678,21.213008,2.02,-0.1,6.92872,4.80872,4.714089,4.814089
2012-01-06,1277.810059,87.48,86.97,14.606882,14.692538,6.846088,,,11.198678,21.213008,1.98,-0.11,6.956088,4.866088,4.714089,4.824089
2012-01-09,1280.699951,87.48,86.97,14.639917,14.725767,6.83064,,,11.198678,21.213008,1.98,-0.13,6.96064,4.85064,4.714089,4.844089
2012-01-10,1292.079956,87.48,86.97,14.770004,14.856617,6.770479,,,11.198678,21.213008,2.0,-0.08,6.850479,4.770479,4.714089,4.794089
2012-01-11,1292.47998,87.48,86.97,14.774577,14.861216,6.768383,,,11.198678,21.213008,1.93,-0.1,6.868383,4.838383,4.714089,4.814089
2012-01-12,1295.5,87.48,86.97,14.809099,14.895941,6.752605,,,11.198678,21.213008,1.94,-0.1,6.852605,4.812605,4.714089,4.814089
2012-01-13,1289.089966,87.48,86.97,14.735825,14.822237,6.786183,,,11.198678,21.213008,1.89,-0.14,6.926183,4.896183,4.714089,4.854089
2012-01-17,1293.670044,87.48,86.96,14.788181,14.87661,6.762157,,,11.198678,21.213008,1.87,-0.17,6.932157,4.892157,4.714089,4.884089
2012-01-18,1308.040039,87.48,86.96,14.952447,15.041859,6.687869,,,11.198678,21.213008,1.92,-0.15,6.837869,4.767869,4.714089,4.864089
2012-01-19,1314.5,87.48,86.96,15.026292,15.116145,6.655002,,,11.198678,21.213008,2.01,0.0,6.655002,4.645002,4.714089,4.714089
2012-01-20,1315.380005,87.48,86.96,15.036351,15.126265,6.65055,,,11.198678,21.213008,2.05,0.01,6.64055,4.60055,4.714089,4.704089
2012-01-23,1316.0,87.48,86.96,15.043439,15.133395,6.647416,,,11.198678,21.213008,2.09,0.02,6.627416,4.557416,4.714089,4.694089
2012-01-24,1314.650024,87.48,86.96,15.028007,15.117871,6.654242,,,11.198678,21.213008,2.08,-0.01,6.664242,4.574242,4.714089,4.724089
2012-01-25,1326.060059,87.48,86.96,15.158437,15.249081,6.596986,,,11.198678,21.213008,2.01,-0.12,6.716986,4.586986,4.714089,4.834089
2012-01-26,1318.430054,87.48,86.96,15.071217,15.161339,6.635164,,,11.198678,21.213008,1.96,-0.16,6.795164,4.675164,4.714089,4.874089
2012-01-27,1316.329956,87.48,86.96,15.04721,15.137189,6.64575,,,11.198678,21.213008,1.93,-0.18,6.82575,4.71575,4.714089,4.894089
2012-01-30,1313.01001,87.48,86.96,15.009259,15.099011,6.662554,,,11.198678,21.213008,1.87,-0.24,6.902554,4.792554,4.714089,4.954089
2012-01-31,1312.410034,87.48,86.96,15.002401,15.092112,6.6656,,,11.198678,21.213008,1.83,-0.28,6.9456,4.8356,4.714089,4.994089
2012-02-01,1324.089966,88.01,86.96,15.044767,15.226426,6.646829,,,10.026253,21.797436,1.87,-0.28,6.926829,4.776829,4.587696,4.867696
2012-02-02,1325.540039,88.01,86.96,15.061243,15.243101,6.639558,,,10.026253,21.797436,1.86,-0.3,6.939558,4.779558,4.587696,4.887696
2012-02-03,1344.900024,88.01,86.96,15.281218,15.465732,6.543981,,,10.026253,21.797436,1.97,-0.21,6.753981,4.573981,4.587696,4.797696
2012-02-06,1344.329956,88.01,86.96,15.274741,15.459176,6.546756,,,10.026253,21.797436,1.93,-0.26,6.806756,4.616756,4.587696,4.847696
2012-02-07,1347.050049,88.01,86.96,15.305648,15.490456,6.533536,,,10.026253,21.797436,2.0,-0.21,6.743536,4.533536,4.587696,4.797696
2012-02-08,1349.959961,88.01,86.96,15.338711,15.523919,6.519453,,,10.026253,21.797436,2.01,-0.21,6.729453,4.509453,4.587696,4.797696
2012-02-09,1351.949951,88.01,86.96,15.361322,15.546803,6.509856,,,10.026253,21.797436,2.04,-0.17,6.679856,4.469856,4.587696,4.757696
2012-02-10,1342.640015,88.01,86.96,15.255539,15.439743,6.554996,,,10.026253,21.797436,1.96,-0.24,6.794996,4.594996,4.587696,4.827696
2012-02-13,1351.77002,88.01,86.96,15.359278,15.544733,6.510723,,,10.026253,21.797436,1.99,-0.22,6.730723,4.520723,4.587696,4.807696
2012-02-14,1350.5,88.01,86.95,15.344847,15.531915,6.516846,,,10.026253,21.797436,1.92,-0.27,6.786846,4.596846,4.587696,4.857696
2012-02-15,1343.22998,88.01,86.95,15.262243,15.448303,6.552117,,,10.026253,21.797436,1.93,-0.26,6.812117,4.622117,4.587696,4.847696
2012-02-16,1358.040039,88.01,86.95,15.43052,15.618632,6.480663,,,10.026253,21.797436,1.99,-0.24,6.720663,4.490663,4.587696,4.827696
2012-02-17,1361.22998,88.01,86.95,15.466765,15.655319,6.465476,,,10.026253,21.797436,2.01,-0.23,6.695476,4.455476,4.587696,4.817696
2012-02-21,1362.209961,88.01,86.95,15.4779,15.66659,6.460825,,,10.026253,21.797436,2.05,-0.22,6.680825,4.410825,4.587696,4.807696
2012-02-22,1357.660034,88.01,86.95,15.426202,15.614261,6.482477,,,10.026253,21.797436,2.01,-0.27,6.752477,4.472477,4.587696,4.857696
2012-02-23,1363.459961,88.01,86.95,15.492103,15.680966,6.454902,,,10.026253,21.797436,1.99,-0.3,6.754902,4.464902,4.587696,4.887696
2012-02-24,1365.73999,88.01,86.95,15.518009,15.707188,6.444126,,,10.026253,21.797436,1.98,-0.29,6.734126,4.464126,4.587696,4.877696
2012-02-27,1367.589966,88.01,86.95,15.539029,15.728464,6.435408,,,10.026253,21.797436,1.92,-0.32,6.755408,4.515408,4.587696,4.907696
2012-02-28,1372.180054,88.01,86.95,15.591183,15.781254,6.413881,,,10.026253,21.797436,1.94,-0.31,6.723881,4.473881,4.587696,4.897696
2012-02-29,1365.680054,88.01,86.95,15.517328,15.706499,6.444408,,,10.026253,21.797436,1.98,-0.28,6.724408,4.464408,4.587696,4.867696
2012-03-01,1374.089966,88.54,86.95,15.519426,15.80322,6.443537,,,8.891895,22.053944,2.03,-0.23,6.673537,4.413537,4.534336,4.764336
2012-03-02,1369.630005,88.54,86.95,15.469054,15.751926,6.46452,,,8.891895,22.053944,1.99,-0.24,6.70452,4.47452,4.534336,4.774336
2012-03-05,1364.329956,88.54,86.95,15.409193,15.690971,6.489632,,,8.891895,22.053944,2.0,-0.2,6.689632,4.489632,4.534336,4.734336
2012-03-06,1343.359985,88.54,86.95,15.172351,15.449799,6.590936,,,8.891895,22.053944,1.96,-0.21,6.800936,4.630936,4.534336,4.744336
2012-03-07,1352.630005,88.54,86.95,15.27705,15.556412,6.545766,,,8.891895,22.053944,1.98,-0.22,6.765766,4.565766,4.534336,4.754336
2012-03-08,1365.910034,88.54,86.95,15.427039,15.709144,6.482125,,,8.891895,22.053944,2.03,-0.21,6.692125,4.452125,4.534336,4.744336
2012-03-09,1370.869995,88.54,86.95,15.483058,15.766187,6.458672,,,8.891895,22.053944,2.04,-0.24,6.698672,4.418672,4.534336,4.774336
2012-03-12,1371.089966,88.54,86.95,15.485543,15.768717,6.457636,,,8.891895,22.053944,2.04,-0.24,6.697636,4.417636,4.534336,4.774336
2012-03-13,1395.949951,88.54,86.95,15.76632,16.054629,6.342634,,,8.891895,22.053944,2.14,-0.2,6.542634,4.202634,4.534336,4.734336
2012-03-14,1394.280029,88.54,86.95,15.747459,16.035423,6.350231,,,8.891895,22.053944,2.29,-0.07,6.420231,4.060231,4.534336,4.604336
2012-03-15,1402.599976,88.54,86.95,15.841427,16.13111,6.312562,,,8.891895,22.053944,2.29,-0.08,6.392562,4.022562,4.534336,4.614336
2012-03-16,1404.170044,88.54,87.48,15.85916,16.051327,6.305504,,,8.891895,22.053944,2.31,-0.09,6.395504,3.995504,4.534336,4.624336
2012-03-19,1409.75,88.54,87.48,15.922182,16.115112,6.280546,,,8.891895,22.053944,2.39,-0.03,6.310546,3.890546,4.534336,4.564336
2012-03-20,1405.52002,88.54,87.48,15.874407,16.066758,6.299448,,,8.891895,22.053944,2.38,-0.04,6.339448,3.919448,4.534336,4.574336
2012-03-21,1402.890015,88.54,87.48,15.844703,16.036694,6.311257,,,8.891895,22.053944,2.31,-0.08,6.391257,4.001257,4.534336,4.614336
2012-03-22,1392.780029,88.54,87.48,15.730518,15.921125,6.35707,,,8.891895,22.053944,2.29,-0.08,6.43707,4.06707,4.534336,4.614336
2012-03-23,1397.109985,88.54,87.48,15.779422,15.970622,6.337368,,,8.891895,22.053944,2.25,-0.11,6.447368,4.087368,4.534336,4.644336
2012-03-26,1416.51001,88.54,87.48,15.998532,16.192387,6.250574,,,8.891895,22.053944,2.26,-0.08,6.330574,3.990574,4.534336,4.614336
2012-03-27,1412.52002,88.54,87.48,15.953468,16.146777,6.26823,,,8.891895,22.053944,2.2,-0.13,6.39823,4.06823,4.534336,4.664336
2012-03-28,1405.540039,88.54,87.48,15.874633,16.066987,6.299358,,,8.891895,22.053944,2.21,-0.11,6.409358,4.089358,4.534336,4.644336
2012-03-29,1403.280029,88.54,87.48,15.849108,16.041153,6.309503,,,8.891895,22.053944,2.18,-0.13,6.439503,4.129503,4.534336,4.664336
2012-03-30,1408.469971,88.54,87.48,15.907725,16.10048,6.286254,,,8.891895,22.053944,2.23,-0.09,6.376254,4.056254,4.534336,4.624336
2012-04-02,1419.040039,88.333333,87.48,16.064604,16.221308,6.224865,,,7.509432,21.779247,2.22,-0.14,6.364865,4.004865,4.591527,4.731527
2012-04-03,1413.380005,88.333333,87.48,16.000528,16.156607,6.249794,,,7.509432,21.779247,2.3,-0.06,6.309794,3.949794,4.591527,4.651527
2012-04-04,1398.959961,88.333333,87.48,15.837283,15.991769,6.314215,,,7.509432,21.779247,2.25,-0.05,6.364215,4.064215,4.591527,4.641527
2012-04-05,1398.079956,88.333333,87.48,15.82732,15.98171,6.318189,,,7.509432,21.779247,2.19,-0.08,6.398189,4.128189,4.591527,4.671527
2012-04-09,1382.199951,88.333333,87.48,15.647547,15.800182,6.390778,,,7.509432,21.779247,2.06,-0.17,6.560778,4.330778,4.591527,4.761527
2012-04-10,1358.589966,88.333333,87.48,15.380264,15.530292,6.501839,,,7.509432,21.779247,2.01,-0.24,6.741839,4.491839,4.591527,4.831527
2012-04-11,1368.709961,88.333333,87.48,15.49483,15.645976,6.453766,,,7.509432,21.779247,2.05,-0.25,6.703766,4.403766,4.591527,4.841527
2012-04-12,1387.569946,88.333333,87.48,15.708339,15.861568,6.366045,,,7.509432,21.779247,2.08,-0.22,6.586045,4.286045,4.591527,4.811527
2012-04-13,1370.26001,88.333333,87.48,15.512378,15.663695,6.446465,,,7.509432,21.779247,2.02,-0.25,6.696465,4.426465,4.591527,4.841527
2012-04-16,1369.569946,88.333333,88.01,15.504565,15.561526,6.449713,,,7.509432,21.779247,2.0,-0.26,6.709713,4.449713,4.591527,4.851527
2012-04-17,1390.780029,88.333333,88.01,15.74468,15.802523,6.351352,,,7.509432,21.779247,2.03,-0.26,6.611352,4.321352,4.591527,4.851527
2012-04-18,1385.140015,88.333333,88.01,15.68083,15.738439,6.377213,,,7.509432,21.779247,2.0,-0.26,6.637213,4.377213,4.591527,4.851527
2012-04-19,1376.920044,88.333333,88.01,15.587774,15.645041,6.415284,,,7.509432,21.779247,1.98,-0.21,6.625284,4.435284,4.591527,4.801527
2012-04-20,1378.530029,88.333333,88.01,15.606,15.663334,6.407792,,,7.509432,21.779247,1.99,-0.24,6.647792,4.417792,4.591527,4.831527
2012-04-23,1366.939941,88.333333,88.01,15.474792,15.531643,6.462122,,,7.509432,21.779247,1.96,-0.26,6.722122,4.502122,4.591527,4.851527
2012-04-24,1371.969971,88.333333,88.01,15.531736,15.588796,6.43843,,,7.509432,21.779247,2.0,-0.25,6.68843,4.43843,4.591527,4.841527
2012-04-25,1390.689941,88.333333,88.01,15.74366,15.801499,6.351763,,,7.509432,21.779247,2.01,-0.24,6.591763,4.341763,4.591527,4.831527
2012-04-26,1399.97998,88.333333,88.01,15.84883,15.907056,6.309614,,,7.509432,21.779247,1.98,-0.29,6.599614,4.329614,4.591527,4.881527
2012-04-27,1403.359985,88.333333,88.01,15.887094,15.945461,6.294417,,,7.509432,21.779247,1.96,-0.3,6.594417,4.334417,4.591527,4.891527
2012-04-30,1397.910034,88.333333,88.01,15.825397,15.883536,6.318957,,,7.509432,21.779247,1.95,-0.3,6.618957,4.368957,4.591527,4.891527
2012-05-01,1405.819946,88.126667,88.01,15.952265,15.973411,6.268702,,,6.15539,20.941467,1.98,-0.28,6.548702,4.288702,4.775215,5.055215
2012-05-02,1402.310059,88.126667,88.01,15.912437,15.933531,6.284392,,,6.15539,20.941467,1.96,-0.28,6.564392,4.324392,4.775215,5.055215
2012-05-03,1391.569946,88.126667,88.01,15.790566,15.811498,6.332895,,,6.15539,20.941467,1.96,-0.27,6.602895,4.372895,4.775215,5.045215
2012-05-04,1369.099976,88.126667,88.01,15.535592,15.556187,6.436832,,,6.15539,20.941467,1.91,-0.3,6.736832,4.526832,4.775215,5.075215
2012-05-07,1369.579956,88.126667,88.01,15.541039,15.56164,6.434576,,,6.15539,20.941467,1.92,-0.27,6.704576,4.514576,4.775215,5.045215
2012-05-08,1363.719971,88.126667,88.01,15.474544,15.495057,6.462226,,,6.15539,20.941467,1.88,-0.28,6.742226,4.582226,4.775215,5.055215
2012-05-09,1354.579956,88.126667,88.01,15.370829,15.391205,6.50583,,,6.15539,20.941467,1.87,-0.27,6.77583,4.63583,4.775215,5.045215
2012-05-10,1357.98999,88.126667,88.01,15.409524,15.429951,6.489493,,,6.15539,20.941467,1.89,-0.25,6.739493,4.599493,4.775215,5.025215
2012-05-11,1353.390015,88.126667,88.01,15.357327,15.377685,6.51155,,,6.15539,20.941467,1.84,-0.28,6.79155,4.67155,4.775215,5.055215
2012-05-14,1338.349976,88.126667,88.01,15.186663,15.206794,6.584725,,,6.15539,20.941467,1.78,-0.33,6.914725,4.804725,4.775215,5.105215
2012-05-15,1330.660034,88.126667,88.54,15.099403,15.028914,6.622779,,,6.15539,20.941467,1.76,-0.36,6.982779,4.862779,4.775215,5.135215
2012-05-16,1324.800049,88.126667,88.54,15.032908,14.962729,6.652073,,,6.15539,20.941467,1.76,-0.33,6.982073,4.892073,4.775215,5.105215
2012-05-17,1304.859985,88.126667,88.54,14.806642,14.73752,6.753726,,,6.15539,20.941467,1.7,-0.35,7.103726,5.053726,4.775215,5.125215
2012-05-18,1295.219971,88.126667,88.54,14.697254,14.628642,6.803992,,,6.15539,20.941467,1.71,-0.39,7.193992,5.093992,4.775215,5.165215
2012-05-21,1315.98999,88.126667,88.54,14.932937,14.863226,6.696606,,,6.15539,20.941467,1.75,-0.41,7.106606,4.946606,4.775215,5.185215
2012-05-22,1316.630005,88.126667,88.54,14.9402,14.870454,6.693351,,,6.15539,20.941467,1.79,-0.38,7.073351,4.903351,4.775215,5.155215
2012-05-23,1318.859985,88.126667,88.54,14.965504,14.89564,6.682034,,,6.15539,20.941467,1.73,-0.41,7.092034,4.952034,4.775215,5.185215
2012-05-24,1320.680054,88.126667,88.54,14.986157,14.916197,6.672825,,,6.15539,20.941467,1.77,-0.37,7.042825,4.902825,4.775215,5.145215
2012-05-25,1317.819946,88.126667,88.54,14.953702,14.883894,6.687307,,,6.15539,20.941467,1.75,-0.38,7.067307,4.937307,4.775215,5.155215
2012-05-29,1332.420044,88.126667,88.54,15.119374,15.048792,6.61403,,,6.15539,20.941467,1.74,-0.37,6.98403,4.87403,4.775215,5.145215
2012-05-30,1313.319946,88.126667,88.54,14.902639,14.833069,6.710221,,,6.15539,20.941467,1.63,-0.45,7.160221,5.080221,4.775215,5.225215
2012-05-31,1310.329956,88.126667,88.54,14.868711,14.799299,6.725532,,,6.15539,20.941467,1.59,-0.5,7.225532,5.135532,4.775215,5.275215
2012-06-01,1278.040039,87.92,88.54,14.536397,14.434606,6.879284,,,4.828902,20.547504,1.47,-0.59,7.469284,5.409284,4.866771,5.456771
2012-06-04,1278.180054,87.92,88.54,14.53799,14.436188,6.87853,,,4.828902,20.547504,1.53,-0.56,7.43853,5.34853,4.866771,5.426771
2012-06-05,1285.5,87.92,88.54,14.621247,14.518862,6.839362,,,4.828902,20.547504,1.57,-0.56,7.399362,5.269362,4.866771,5.426771
2012-06-06,1315.130005,87.92,88.54,14.958258,14.853513,6.685271,,,4.828902,20.547504,1.66,-0.5,7.185271,5.025271,4.866771,5.366771
2012-06-07,1314.98999,87.92,88.54,14.956665,14.851931,6.685982,,,4.828902,20.547504,1.66,-0.49,7.175982,5.025982,4.866771,5.356771
2012-06-08,1325.660034,87.92,88.54,15.078026,14.972442,6.632168,,,4.828902,20.547504,1.65,-0.5,7.132168,4.982168,4.866771,5.366771
2012-06-11,1308.930054,87.92,88.54,14.887739,14.783488,6.716936,,,4.828902,20.547504,1.6,-0.53,7.246936,5.116936,4.866771,5.396771
2012-06-12,1324.180054,87.92,88.54,15.061193,14.955727,6.63958,,,4.828902,20.547504,1.67,-0.48,7.11958,4.96958,4.866771,5.346771
2012-06-13,1314.880005,87.92,88.54,14.955414,14.850689,6.686542,,,4.828902,20.547504,1.61,-0.51,7.196542,5.076542,4.866771,5.376771
2012-06-14,1329.099976,87.92,88.54,15.117152,15.011294,6.615003,,,4.828902,20.547504,1.64,-0.47,7.085003,4.975003,4.866771,5.336771
2012-06-15,1342.839966,87.92,88.333333,15.27343,15.201962,6.547318,,,4.828902,20.547504,1.6,-0.54,7.087318,4.947318,4.866771,5.406771
2012-06-18,1344.780029,87.92,88.333333,15.295496,15.223925,6.537872,,,4.828902,20.547504,1.59,-0.54,7.077872,4.947872,4.866771,5.406771
2012-06-19,1357.97998,87.92,88.333333,15.445632,15.373358,6.474322,,,4.828902,20.547504,1.64,-0.53,7.004322,4.834322,4.866771,5.396771
2012-06-20,1355.689941,87.92,88.333333,15.419585,15.347433,6.485259,,,4.828902,20.547504,1.65,-0.51,6.995259,4.835259,4.866771,5.376771
2012-06-21,1325.51001,87.92,88.333333,15.076319,15.005774,6.632919,,,4.828902,20.547504,1.63,-0.47,7.102919,5.002919,4.866771,5.336771
2012-06-22,1335.02002,87.92,88.333333,15.184486,15.113434,6.585669,,,4.828902,20.547504,1.69,-0.42,7.005669,4.895669,4.866771,5.286771
2012-06-25,1313.719971,87.92,88.333333,14.94222,14.872302,6.692446,,,4.828902,20.547504,1.63,-0.47,7.162446,5.062446,4.866771,5.336771
2012-06-26,1319.98999,87.92,88.333333,15.013535,14.943283,6.660657,,,4.828902,20.547504,1.66,-0.45,7.110657,5.000657,4.866771,5.316771
2012-06-27,1331.849976,87.92,88.333333,15.14843,15.077547,6.601344,,,4.828902,20.547504,1.65,-0.45,7.051344,4.951344,4.866771,5.316771
2012-06-28,1329.040039,87.92,88.333333,15.11647,15.045736,6.615301,,,4.828902,20.547504,1.6,-0.48,7.095301,5.015301,4.866771,5.346771
2012-06-29,1362.160034,87.92,88.333333,15.493176,15.42068,6.454455,,,4.828902,20.547504,1.67,-0.46,6.914455,4.784455,4.866771,5.326771
2012-07-02,1365.51001,87.446667,88.333333,15.615347,15.458604,6.403956,,,2.99152,20.999341,1.61,-0.5,6.903956,4.793956,4.762054,5.262054
2012-07-03,1374.02002,87.446667,88.333333,15.712663,15.554944,6.364294,,,2.99152,20.999341,1.65,-0.48,6.844294,4.714294,4.762054,5.242054
2012-07-05,1367.579956,87.446667,88.333333,15.639018,15.482037,6.394264,,,2.99152,20.999341,1.62,-0.51,6.904264,4.774264,4.762054,5.272054
2012-07-06,1354.680054,87.446667,88.333333,15.4915,15.336001,6.455153,,,2.99152,20.999341,1.57,-0.53,6.985153,4.885153,4.762054,5.292054
2012-07-09,1352.459961,87.446667,88.333333,15.466112,15.310868,6.465749,,,2.99152,20.999341,1.53,-0.57,7.035749,4.935749,4.762054,5.332054
2012-07-10,1341.469971,87.446667,88.333333,15.340436,15.186453,6.51872,,,2.99152,20.999341,1.53,-0.59,7.10872,4.98872,4.762054,5.352054
2012-07-11,1341.449951,87.446667,88.333333,15.340207,15.186226,6.518817,,,2.99152,20.999341,1.54,-0.57,7.088817,4.978817,4.762054,5.332054
2012-07-12,1334.76001,87.446667,88.333333,15.263704,15.110491,6.55149,,,2.99152,20.999341,1.5,-0.58,7.13149,5.05149,4.762054,5.342054
2012-07-13,1356.780029,87.446667,88.333333,15.515514,15.359774,6.445162,,,2.99152,20.999341,1.52,-0.59,7.035162,4.925162,4.762054,5.352054
2012-07-16,1353.640015,87.446667,88.126667,15.479607,15.360164,6.460112,,,2.99152,20.999341,1.5,-0.61,7.070112,4.960112,4.762054,5.372054
2012-07-17,1363.670044,87.446667,88.126667,15.594306,15.473977,6.412597,,,2.99152,20.999341,1.53,-0.59,7.002597,4.882597,4.762054,5.352054
2012-07-18,1372.780029,87.446667,88.126667,15.698483,15.577351,6.370042,,,2.99152,20.999341,1.52,-0.6,6.970042,4.850042,4.762054,5.362054
2012-07-19,1376.51001,87.446667,88.126667,15.741138,15.619676,6.352781,,,2.99152,20.999341,1.54,-0.62,6.972781,4.812781,4.762054,5.382054
2012-07-20,1362.660034,87.446667,88.126667,15.582756,15.462516,6.41735,,,2.99152,20.999341,1.49,-0.67,7.08735,4.92735,4.762054,5.432054
2012-07-23,1350.52002,87.446667,88.126667,15.443928,15.32476,6.475037,,,2.99152,20.999341,1.47,-0.68,7.155037,5.005037,4.762054,5.442054
2012-07-24,1338.310059,87.446667,88.126667,15.3043,15.18621,6.534111,,,2.99152,20.999341,1.44,-0.68,7.214111,5.094111,4.762054,5.442054
2012-07-25,1337.890015,87.446667,88.126667,15.299497,15.181443,6.536163,,,2.99152,20.999341,1.43,-0.67,7.206163,5.106163,4.762054,5.432054
2012-07-26,1360.02002,87.446667,88.126667,15.552566,15.432559,6.429807,,,2.99152,20.999341,1.45,-0.66,7.089807,4.979807,4.762054,5.422054
2012-07-27,1385.969971,87.446667,88.126667,15.849317,15.727021,6.30942,,,2.99152,20.999341,1.58,-0.61,6.91942,4.72942,4.762054,5.372054
2012-07-30,1385.300049,87.446667,88.126667,15.841656,15.71942,6.312471,,,2.99152,20.999341,1.53,-0.64,6.952471,4.782471,4.762054,5.402054
2012-07-31,1379.319946,87.446667,88.126667,15.773271,15.651561,6.339839,,,2.99152,20.999341,1.51,-0.69,7.029839,4.829839,4.762054,5.452054
2012-08-01,1375.319946,86.973333,88.126667,15.813122,15.606172,6.323862,,,1.198464,21.410428,1.56,-0.67,6.993862,4.763862,4.670621,5.340621
2012-08-02,1365.0,86.973333,88.126667,15.694466,15.489069,6.371673,,,1.198464,21.410428,1.51,-0.69,7.061673,4.861673,4.670621,5.360621
2012-08-03,1390.98999,86.973333,88.126667,15.993293,15.783985,6.252621,,,1.198464,21.410428,1.6,-0.66,6.912621,4.652621,4.670621,5.330621
2012-08-06,1394.22998,86.973333,88.126667,16.030546,15.82075,6.238091,,,1.198464,21.410428,1.59,-0.68,6.918091,4.648091,4.670621,5.350621
2012-08-07,1401.349976,86.973333,88.126667,16.11241,15.901543,6.206396,,,1.198464,21.410428,1.66,-0.65,6.856396,4.546396,4.670621,5.320621
2012-08-08,1402.219971,86.973333,88.126667,16.122413,15.911415,6.202546,,,1.198464,21.410428,1.68,-0.61,6.812546,4.522546,4.670621,5.280621
2012-08-09,1402.800049,86.973333,88.126667,16.129082,15.917997,6.199981,,,1.198464,21.410428,1.69,-0.58,6.779981,4.509981,4.670621,5.250621
2012-08-10,1405.869995,86.973333,88.126667,16.16438,15.952833,6.186442,,,1.198464,21.410428,1.65,-0.6,6.786442,4.536442,4.670621,5.270621
2012-08-13,1404.109985,86.973333,88.126667,16.144144,15.932862,6.194197,,,1.198464,21.410428,1.65,-0.58,6.774197,4.544197,4.670621,5.250621
2012-08-14,1403.930054,86.973333,88.126667,16.142075,15.93082,6.19499,,,1.198464,21.410428,1.73,-0.53,6.72499,4.46499,4.670621,5.200621
2012-08-15,1405.530029,86.973333,87.92,16.160471,15.986465,6.187938,,,1.198464,21.410428,1.8,-0.45,6.637938,4.387938,4.670621,5.120621
2012-08-16,1415.51001,86.973333,87.92,16.275219,16.099977,6.144311,,,1.198464,21.410428,1.83,-0.42,6.564311,4.314311,4.670621,5.090621
2012-08-17,1418.160034,86.973333,87.92,16.305688,16.130119,6.132829,,,1.198464,21.410428,1.81,-0.43,6.562829,4.322829,4.670621,5.100621
2012-08-20,1418.130005,86.973333,87.92,16.305343,16.129777,6.132959,,,1.198464,21.410428,1.82,-0.43,6.562959,4.312959,4.670621,5.100621
2012-08-21,1413.170044,86.973333,87.92,16.248314,16.073363,6.154485,,,1.198464,21.410428,1.8,-0.45,6.604485,4.354485,4.670621,5.120621
2012-08-22,1413.48999,86.973333,87.92,16.251993,16.077002,6.153092,,,1.198464,21.410428,1.71,-0.55,6.703092,4.443092,4.670621,5.220621
2012-08-23,1402.079956,86.973333,87.92,16.120803,15.947224,6.203165,,,1.198464,21.410428,1.68,-0.62,6.823165,4.523165,4.670621,5.290621
2012-08-24,1411.130005,86.973333,87.92,16.224858,16.050159,6.163382,,,1.198464,21.410428,1.68,-0.6,6.763382,4.483382,4.670621,5.270621
2012-08-27,1410.439941,86.973333,87.92,16.216924,16.042311,6.166397,,,1.198464,21.410428,1.65,-0.64,6.806397,4.516397,4.670621,5.310621
2012-08-28,1409.300049,86.973333,87.92,16.203818,16.029345,6.171385,,,1.198464,21.410428,1.64,-0.68,6.851385,4.531385,4.670621,5.350621
2012-08-29,1410.48999,86.973333,87.92,16.2175,16.04288,6.166179,,,1.198464,21.410428,1.66,-0.64,6.806179,4.506179,4.670621,5.310621
2012-08-30,1399.47998,86.973333,87.92,16.090909,15.917652,6.214689,,,1.198464,21.410428,1.63,-0.63,6.844689,4.584689,4.670621,5.300621
2012-08-31,1406.579956,86.973333,87.92,16.172543,15.998407,6.18332,,,1.198464,21.410428,1.57,-0.68,6.86332,4.61332,4.670621,5.350621
2012-09-04,1404.939941,86.5,87.92,16.24208,15.979754,6.156847,,,-0.551851,21.78369,1.59,-0.68,6.836847,4.566847,4.59059,5.27059
2012-09-05,1403.439941,86.5,87.92,16.224739,15.962693,6.163427,,,-0.551851,21.78369,1.6,-0.69,6.853427,4.563427,4.59059,5.28059
2012-09-06,1432.119995,86.5,87.92,16.556301,16.288899,6.039997,,,-0.551851,21.78369,1.68,-0.63,6.669997,4.359997,4.59059,5.22059
2012-09-07,1437.920044,86.5,87.92,16.623353,16.354869,6.015634,,,-0.551851,21.78369,1.67,-0.68,6.695634,4.345634,4.59059,5.27059
2012-09-10,1429.079956,86.5,87.92,16.521156,16.254322,6.052845,,,-0.551851,21.78369,1.68,-0.68,6.732845,4.372845,4.59059,5.27059
2012-09-11,1433.560059,86.5,87.92,16.572949,16.305278,6.033929,,,-0.551851,21.78369,1.7,-0.68,6.713929,4.333929,4.59059,5.27059
2012-09-12,1436.560059,86.5,87.92,16.607631,16.3394,6.021328,,,-0.551851,21.78369,1.77,-0.61,6.631328,4.251328,4.59059,5.20059
2012-09-13,1459.98999,86.5,87.92,16.878497,16.605892,5.924698,,,-0.551851,21.78369,1.75,-0.72,6.644698,4.174698,4.59059,5.31059
2012-09-14,1465.77002,86.5,87.446667,16.945318,16.761874,5.901335,,,-0.551851,21.78369,1.88,-0.76,6.661335,4.021335,4.59059,5.35059
2012-09-17,1461.189941,86.5,87.446667,16.892369,16.709498,5.919833,,,-0.551851,21.78369,1.85,-0.74,6.659833,4.069833,4.59059,5.33059
2012-09-18,1459.319946,86.5,87.446667,16.870751,16.688114,5.927418,,,-0.551851,21.78369,1.82,-0.73,6.657418,4.107418,4.59059,5.32059
2012-09-19,1461.050049,86.5,87.446667,16.890752,16.707899,5.9204,,,-0.551851,21.78369,1.79,-0.75,6.6704,4.1304,4.59059,5.34059
2012-09-20,1460.26001,86.5,87.446667,16.881619,16.698864,5.923603,,,-0.551851,21.78369,1.8,-0.7,6.623603,4.123603,4.59059,5.29059
2012-09-21,1460.150024,86.5,87.446667,16.880347,16.697606,5.924049,,,-0.551851,21.78369,1.77,-0.71,6.634049,4.154049,4.59059,5.30059
2012-09-24,1456.890015,86.5,87.446667,16.842659,16.660326,5.937305,,,-0.551851,21.78369,1.74,-0.73,6.667305,4.197305,4.59059,5.32059
2012-09-25,1441.589966,86.5,87.446667,16.66578,16.485362,6.000319,,,-0.551851,21.78369,1.7,-0.74,6.740319,4.300319,4.59059,5.33059
2012-09-26,1433.319946,86.5,87.446667,16.570173,16.39079,6.03494,,,-0.551851,21.78369,1.64,-0.77,6.80494,4.39494,4.59059,5.36059
2012-09-27,1447.150024,86.5,87.446667,16.730058,16.548944,5.977266,,,-0.551851,21.78369,1.66,-0.78,6.757266,4.317266,4.59059,5.37059
2012-09-28,1440.670044,86.5,87.446667,16.655145,16.474842,6.004151,,,-0.551851,21.78369,1.65,-0.77,6.774151,4.354151,4.59059,5.36059
2012-10-01,1444.48999,86.503333,87.446667,16.698663,16.518525,5.988503,,,-0.536583,21.57711,1.64,-0.78,6.768503,4.348503,4.634541,5.414541
2012-10-02,1445.75,86.503333,87.446667,16.713229,16.532934,5.983284,,,-0.536583,21.57711,1.64,-0.83,6.813284,4.343284,4.634541,5.464541
2012-10-03,1450.98999,86.503333,87.446667,16.773804,16.592856,5.961677,,,-0.536583,21.57711,1.64,-0.83,6.791677,4.321677,4.634541,5.464541
2012-10-04,1461.400024,86.503333,87.446667,16.894147,16.711901,5.91921,,,-0.536583,21.57711,1.7,-0.86,6.77921,4.21921,4.634541,5.494541
2012-10-05,1460.930054,86.503333,87.446667,16.888714,16.706526,5.921114,,,-0.536583,21.57711,1.75,-0.82,6.741114,4.171114,4.634541,5.454541
2012-10-08,1455.880005,86.503333,87.446667,16.830334,16.648776,5.941653,,,-0.536583,21.57711,1.75,-0.82,6.761653,4.191653,4.634541,5.454541
2012-10-09,1441.47998,86.503333,87.446667,16.663866,16.484104,6.001008,,,-0.536583,21.57711,1.74,-0.81,6.811008,4.261008,4.634541,5.444541
2012-10-10,1432.560059,86.503333,87.446667,16.56075,16.3821,6.038374,,,-0.536583,21.57711,1.72,-0.8,6.838374,4.318374,4.634541,5.434541
2012-10-11,1432.839966,86.503333,87.446667,16.563986,16.385301,6.037194,,,-0.536583,21.57711,1.7,-0.77,6.807194,4.337194,4.634541,5.404541
2012-10-12,1428.589966,86.503333,87.446667,16.514855,16.3367,6.055155,,,-0.536583,21.57711,1.69,-0.78,6.835155,4.365155,4.634541,5.414541
2012-10-15,1440.130005,86.503333,86.973333,16.64826,16.558294,6.006634,,,-0.536583,21.57711,1.7,-0.78,6.786634,4.306634,4.634541,5.414541
2012-10-16,1454.920044,86.503333,86.973333,16.819237,16.728346,5.945573,,,-0.536583,21.57711,1.75,-0.71,6.655573,4.195573,4.634541,5.344541
2012-10-17,1460.910034,86.503333,86.973333,16.888483,16.797218,5.921195,,,-0.536583,21.57711,1.83,-0.65,6.571195,4.091195,4.634541,5.284541
2012-10-18,1457.339966,86.503333,86.973333,16.847212,16.75617,5.9357,,,-0.536583,21.57711,1.86,-0.66,6.5957,4.0757,4.634541,5.294541
2012-10-19,1433.189941,86.503333,86.973333,16.568031,16.478499,6.03572,,,-0.536583,21.57711,1.79,-0.71,6.74572,4.24572,4.634541,5.344541
2012-10-22,1433.819946,86.503333,86.973333,16.575314,16.485742,6.033068,,,-0.536583,21.57711,1.83,-0.7,6.733068,4.203068,4.634541,5.334541
2012-10-23,1413.109985,86.503333,86.973333,16.335902,16.247624,6.121486,,,-0.536583,21.57711,1.79,-0.71,6.831486,4.331486,4.634541,5.344541
2012-10-24,1408.75,86.503333,86.973333,16.2855,16.197494,6.140432,,,-0.536583,21.57711,1.8,-0.69,6.830432,4.340432,4.634541,5.324541
2012-10-25,1412.969971,86.503333,86.973333,16.334284,16.246014,6.122093,,,-0.536583,21.57711,1.86,-0.63,6.752093,4.262093,4.634541,5.264541
2012-10-26,1411.939941,86.503333,86.973333,16.322376,16.234171,6.126559,,,-0.536583,21.57711,1.78,-0.69,6.816559,4.346559,4.634541,5.324541
2012-10-31,1412.160034,86.503333,86.973333,16.32492,16.236701,6.125604,,,-0.536583,21.57711,1.72,-0.78,6.905604,4.405604,4.634541,5.414541
2012-11-01,1427.589966,86.506667,86.973333,16.502658,16.414111,6.05963,,,-0.521312,20.898162,1.75,-0.77,6.82963,4.30963,4.78511,5.55511
2012-11-02,1414.199951,86.506667,86.973333,16.347872,16.260156,6.117004,,,-0.521312,20.898162,1.75,-0.73,6.847004,4.367004,4.78511,5.51511
2012-11-05,1417.26001,86.506667,86.973333,16.383246,16.29534,6.103797,,,-0.521312,20.898162,1.72,-0.75,6.853797,4.383797,4.78511,5.53511
2012-11-06,1428.390015,86.506667,86.973333,16.511907,16.42331,6.056236,,,-0.521312,20.898162,1.78,-0.72,6.776236,4.276236,4.78511,5.50511
2012-11-07,1394.530029,86.506667,86.973333,16.120492,16.033995,6.203285,,,-0.521312,20.898162,1.68,-0.8,7.003285,4.523285,4.78511,5.58511
2012-11-08,1377.51001,86.506667,86.973333,15.923744,15.838303,6.27993,,,-0.521312,20.898162,1.62,-0.85,7.12993,4.65993,4.78511,5.63511
2012-11-09,1379.849976,86.506667,86.973333,15.950793,15.865208,6.269281,,,-0.521312,20.898162,1.61,-0.83,7.099281,4.659281,4.78511,5.61511
2012-11-12,1380.030029,86.506667,86.973333,15.952875,15.867278,6.268463,,,-0.521312,20.898162,1.61,-0.83,7.098463,4.658463,4.78511,5.61511
2012-11-13,1374.530029,86.506667,86.973333,15.889296,15.80404,6.293545,,,-0.521312,20.898162,1.59,-0.84,7.133545,4.703545,4.78511,5.62511
2012-11-14,1355.48999,86.506667,86.973333,15.669197,15.585122,6.381948,,,-0.521312,20.898162,1.59,-0.81,7.191948,4.791948,4.78511,5.59511
2012-11-15,1353.329956,86.506667,86.5,15.644227,15.645433,6.392134,,,-0.521312,20.898162,1.58,-0.8,7.192134,4.812134,4.78511,5.58511
2012-11-16,1359.880005,86.506667,86.5,15.719945,15.721156,6.361346,,,-0.521312,20.898162,1.58,-0.81,7.171346,4.781346,4.78511,5.59511
2012-11-19,1386.890015,86.506667,86.5,16.032175,16.033411,6.237457,,,-0.521312,20.898162,1.61,-0.78,7.017457,4.627457,4.78511,5.56511
2012-11-20,1387.810059,86.506667,86.5,16.04281,16.044047,6.233322,,,-0.521312,20.898162,1.66,-0.74,6.973322,4.573322,4.78511,5.52511
2012-11-21,1391.030029,86.506667,86.5,16.080033,16.081272,6.218893,,,-0.521312,20.898162,1.69,-0.71,6.928893,4.528893,4.78511,5.49511
2012-11-23,1409.150024,86.506667,86.5,16.289496,16.290752,6.138925,,,-0.521312,20.898162,1.7,-0.72,6.858925,4.438925,4.78511,5.50511
2012-11-26,1406.290039,86.506667,86.5,16.256435,16.257688,6.15141,,,-0.521312,20.898162,1.66,-0.73,6.88141,4.49141,4.78511,5.51511
2012-11-27,1398.939941,86.506667,86.5,16.17147,16.172716,6.18373,,,-0.521312,20.898162,1.64,-0.74,6.92373,4.54373,4.78511,5.52511
2012-11-28,1409.930054,86.506667,86.5,16.298513,16.299769,6.135529,,,-0.521312,20.898162,1.63,-0.75,6.885529,4.505529,4.78511,5.53511
2012-11-29,1415.949951,86.506667,86.5,16.368102,16.369364,6.109444,,,-0.521312,20.898162,1.62,-0.78,6.889444,4.489444,4.78511,5.56511
2012-11-30,1416.180054,86.506667,86.5,16.370762,16.372024,6.108451,,,-0.521312,20.898162,1.62,-0.79,6.898451,4.488451,4.78511,5.57511
2012-12-03,1409.459961,86.51,86.5,16.292451,16.294335,6.137812,,,-0.506038,21.238261,1.63,-0.81,6.947812,4.507812,4.708483,5.518483
2012-12-04,1407.050049,86.51,86.5,16.264594,16.266475,6.148324,,,-0.506038,21.238261,1.62,-0.83,6.978324,4.528324,4.708483,5.538483
2012-12-05,1409.280029,86.51,86.5,16.290371,16.292255,6.138595,,,-0.506038,21.238261,1.6,-0.85,6.988595,4.538595,4.708483,5.558483
2012-12-06,1413.939941,86.51,86.5,16.344237,16.346126,6.118365,,,-0.506038,21.238261,1.59,-0.87,6.988365,4.528365,4.708483,5.578483
2012-12-07,1418.069946,86.51,86.5,16.391977,16.393872,6.100545,,,-0.506038,21.238261,1.64,-0.86,6.960545,4.460545,4.708483,5.568483
2012-12-10,1418.550049,86.51,86.5,16.397527,16.399423,6.098481,,,-0.506038,21.238261,1.63,-0.87,6.968481,4.468481,4.708483,5.578483
2012-12-11,1427.839966,86.51,86.5,16.504912,16.50682,6.058802,,,-0.506038,21.238261,1.66,-0.84,6.898802,4.398802,4.708483,5.548483
2012-12-12,1428.47998,86.51,86.5,16.51231,16.514219,6.056088,,,-0.506038,21.238261,1.72,-0.79,6.846088,4.336088,4.708483,5.498483
2012-12-13,1419.449951,86.51,86.5,16.407929,16.409826,6.094614,,,-0.506038,21.238261,1.74,-0.73,6.824614,4.354614,4.708483,5.438483
2012-12-14,1413.579956,86.51,86.5,16.340076,16.341965,6.119923,,,-0.506038,21.238261,1.72,-0.74,6.859923,4.399923,4.708483,5.448483
2012-12-17,1430.359985,86.51,86.503333,16.534042,16.535316,6.048128,,,-0.506038,21.238261,1.78,-0.7,6.748128,4.268128,4.708483,5.408483
2012-12-18,1446.790039,86.51,86.503333,16.723963,16.725252,5.979444,,,-0.506038,21.238261,1.84,-0.67,6.649444,4.139444,4.708483,5.378483
2012-12-19,1435.810059,86.51,86.503333,16.597041,16.598321,6.02517,,,-0.506038,21.238261,1.82,-0.66,6.68517,4.20517,4.708483,5.368483
2012-12-20,1443.689941,86.51,86.503333,16.688128,16.689414,5.992284,,,-0.506038,21.238261,1.81,-0.69,6.682284,4.182284,4.708483,5.398483
2012-12-21,1430.150024,86.51,86.503333,16.531615,16.532889,6.049016,,,-0.506038,21.238261,1.77,-0.71,6.759016,4.279016,4.708483,5.418483
2012-12-24,1426.660034,86.51,86.503333,16.491273,16.492544,6.063813,,,-0.506038,21.238261,1.79,-0.69,6.753813,4.273813,4.708483,5.398483
2012-12-26,1419.829956,86.51,86.503333,16.412322,16.413587,6.092983,,,-0.506038,21.238261,1.77,-0.71,6.802983,4.322983,4.708483,5.418483
2012-12-27,1418.099976,86.51,86.503333,16.392324,16.393588,6.100416,,,-0.506038,21.238261,1.74,-0.73,6.830416,4.360416,4.708483,5.438483
2012-12-28,1402.430054,86.51,86.503333,16.21119,16.21244,6.168579,,,-0.506038,21.238261,1.73,-0.73,6.898579,4.438579,4.708483,5.438483
2012-12-31,1426.189941,86.51,86.503333,16.485839,16.48711,6.065812,,,-0.506038,21.238261,1.78,-0.67,6.735812,4.285812,4.708483,5.378483
2013-01-02,1462.420044,86.906667,86.503333,16.827478,16.905939,5.942661,,,-0.655388,21.900475,1.86,-0.62,6.562661,4.082661,4.566111,5.186111
2013-01-03,1459.369995,86.906667,86.503333,16.792383,16.870679,5.955081,,,-0.655388,21.900475,1.92,-0.54,6.495081,4.035081,4.566111,5.106111
2013-01-04,1466.469971,86.906667,86.503333,16.874079,16.952757,5.926249,,,-0.655388,21.900475,1.93,-0.55,6.476249,3.996249,4.566111,5.116111
2013-01-07,1461.890015,86.906667,86.503333,16.821379,16.899811,5.944816,,,-0.655388,21.900475,1.92,-0.6,6.544816,4.024816,4.566111,5.166111
2013-01-08,1457.150024,86.906667,86.503333,16.766838,16.845016,5.964154,,,-0.655388,21.900475,1.89,-0.6,6.564154,4.074154,4.566111,5.166111
2013-01-09,1461.02002,86.906667,86.503333,16.811369,16.889754,5.948356,,,-0.655388,21.900475,1.88,-0.64,6.588356,4.068356,4.566111,5.206111
2013-01-10,1472.119995,86.906667,86.503333,16.939092,17.018073,5.903504,,,-0.655388,21.900475,1.91,-0.62,6.523504,3.993504,4.566111,5.186111
2013-01-11,1472.050049,86.906667,86.503333,16.938287,17.017264,5.903785,,,-0.655388,21.900475,1.89,-0.63,6.533785,4.013785,4.566111,5.196111
2013-01-14,1470.680054,86.906667,86.503333,16.922523,17.001426,5.909284,,,-0.655388,21.900475,1.89,-0.66,6.569284,4.019284,4.566111,5.226111
2013-01-15,1472.339966,86.906667,86.506667,16.941623,17.019959,5.902622,,,-0.655388,21.900475,1.86,-0.66,6.562622,4.042622,4.566111,5.226111
2013-01-16,1472.630005,86.906667,86.506667,16.94496,17.023312,5.90146,,,-0.655388,21.900475,1.84,-0.65,6.55146,4.06146,4.566111,5.216111
2013-01-17,1480.939941,86.906667,86.506667,17.040579,17.119373,5.868345,,,-0.655388,21.900475,1.89,-0.64,6.508345,3.978345,4.566111,5.206111
2013-01-18,1485.97998,86.906667,86.506667,17.098573,17.177635,5.848441,,,-0.655388,21.900475,1.87,-0.66,6.508441,3.978441,4.566111,5.226111
2013-01-22,1492.560059,86.906667,86.506667,17.174287,17.2537,5.822658,,,-0.655388,21.900475,1.86,-0.68,6.502658,3.962658,4.566111,5.246111
2013-01-23,1494.810059,86.906667,86.506667,17.200177,17.279709,5.813894,,,-0.655388,21.900475,1.86,-0.66,6.473894,3.953894,4.566111,5.226111
2013-01-24,1494.819946,86.906667,86.506667,17.200291,17.279824,5.813855,,,-0.655388,21.900475,1.88,-0.62,6.433855,3.933855,4.566111,5.186111
2013-01-25,1502.959961,86.906667,86.506667,17.293955,17.373921,5.782367,,,-0.655388,21.900475,1.98,-0.56,6.342367,3.802367,4.566111,5.126111
2013-01-28,1500.180054,86.906667,86.506667,17.261967,17.341785,5.793082,,,-0.655388,21.900475,2.0,-0.55,6.343082,3.793082,4.566111,5.116111
2013-01-29,1507.839966,86.906667,86.506667,17.350107,17.430332,5.763653,,,-0.655388,21.900475,2.03,-0.53,6.293653,3.733653,4.566111,5.096111
2013-01-30,1501.959961,86.906667,86.506667,17.282448,17.362361,5.786217,,,-0.655388,21.900475,2.03,-0.54,6.326217,3.756217,4.566111,5.106111
2013-01-31,1498.109985,86.906667,86.506667,17.238148,17.317856,5.801087,,,-0.655388,21.900475,2.02,-0.57,6.371087,3.781087,4.566111,5.136111
2013-02-01,1513.170044,87.303333,86.506667,17.332328,17.491947,5.769565,,,-0.802939,22.052724,2.04,-0.55,6.319565,3.729565,4.534587,5.084587
2013-02-04,1495.709961,87.303333,86.506667,17.132335,17.290112,5.836916,,,-0.802939,22.052724,2.0,-0.59,6.426916,3.836916,4.534587,5.124587
2013-02-05,1511.290039,87.303333,86.506667,17.310794,17.470215,5.776742,,,-0.802939,22.052724,2.04,-0.55,6.326742,3.736742,4.534587,5.084587
2013-02-06,1512.119995,87.303333,86.506667,17.320301,17.479809,5.773572,,,-0.802939,22.052724,2.0,-0.58,6.353572,3.773572,4.534587,5.114587
2013-02-07,1509.390015,87.303333,86.506667,17.289031,17.448251,5.784014,,,-0.802939,22.052724,1.99,-0.58,6.364014,3.794014,4.534587,5.114587
2013-02-08,1517.930054,87.303333,86.506667,17.386851,17.546972,5.751473,,,-0.802939,22.052724,1.99,-0.57,6.321473,3.761473,4.534587,5.104587
2013-02-11,1517.01001,87.303333,86.506667,17.376313,17.536336,5.754961,,,-0.802939,22.052724,1.99,-0.58,6.334961,3.764961,4.534587,5.114587
2013-02-12,1519.430054,87.303333,86.506667,17.404033,17.564312,5.745795,,,-0.802939,22.052724,2.02,-0.57,6.315795,3.725795,4.534587,5.104587
2013-02-13,1520.329956,87.303333,86.506667,17.41434,17.574714,5.742394,,,-0.802939,22.052724,2.05,-0.54,6.282394,3.692394,4.534587,5.074587
2013-02-14,1521.380005,87.303333,86.51,17.426368,17.586175,5.73843,,,-0.802939,22.052724,2.0,-0.56,6.29843,3.73843,4.534587,5.094587
2013-02-15,1519.790039,87.303333,86.51,17.408156,17.567796,5.744434,,,-0.802939,22.052724,2.01,-0.53,6.274434,3.734434,4.534587,5.064587
2013-02-19,1530.939941,87.303333,86.51,17.53587,17.696682,5.702597,,,-0.802939,22.052724,2.03,-0.52,6.222597,3.672597,4.534587,5.054587
2013-02-20,1511.949951,87.303333,86.51,17.318353,17.47717,5.774221,,,-0.802939,22.052724,2.02,-0.52,6.294221,3.754221,4.534587,5.054587
2013-02-21,1502.420044,87.303333,86.51,17.209195,17.36701,5.810847,,,-0.802939,22.052724,1.99,-0.54,6.350847,3.820847,4.534587,5.074587
2013-02-22,1515.599976,87.303333,86.51,17.360162,17.519362,5.760315,,,-0.802939,22.052724,1.97,-0.57,6.330315,3.790315,4.534587,5.104587
2013-02-25,1487.849976,87.303333,86.51,17.042304,17.198589,5.867751,,,-0.802939,22.052724,1.88,-0.62,6.487751,3.987751,4.534587,5.154587
2013-02-26,1496.939941,87.303333,86.51,17.146424,17.303664,5.83212,,,-0.802939,22.052724,1.88,-0.62,6.45212,3.95212,4.534587,5.154587
2013-02-27,1515.98999,87.303333,86.51,17.364629,17.52387,5.758833,,,-0.802939,22.052724,1.91,-0.61,6.368833,3.848833,4.534587,5.144587
2013-02-28,1514.680054,87.303333,86.51,17.349625,17.508728,5.763813,,,-0.802939,22.052724,1.89,-0.64,6.403813,3.873813,4.534587,5.174587
2013-03-01,1518.199951,87.7,86.51,17.311288,17.549416,5.776578,,,-0.948724,22.419207,1.86,-0.67,6.446578,3.916578,4.460461,5.130461
2013-03-04,1525.199951,87.7,86.51,17.391105,17.630331,5.750066,,,-0.948724,22.419207,1.88,-0.65,6.400066,3.870066,4.460461,5.110461
2013-03-05,1539.790039,87.7,86.51,17.557469,17.798983,5.695582,,,-0.948724,22.419207,1.9,-0.65,6.345582,3.795582,4.460461,5.110461
2013-03-06,1541.459961,87.7,86.51,17.57651,17.818286,5.689411,,,-0.948724,22.419207,1.95,-0.61,6.299411,3.739411,4.460461,5.070461
2013-03-07,1544.26001,87.7,86.51,17.608438,17.850653,5.679095,,,-0.948724,22.419207,2.0,-0.56,6.239095,3.679095,4.460461,5.020461
2013-03-08,1551.180054,87.7,86.51,17.687344,17.930644,5.65376,,,-0.948724,22.419207,2.06,-0.5,6.15376,3.59376,4.460461,4.960461
2013-03-11,1556.219971,87.7,86.51,17.744812,17.988903,5.63545,,,-0.948724,22.419207,2.07,-0.5,6.13545,3.56545,4.460461,4.960461
2013-03-12,1552.47998,87.7,86.51,17.702166,17.945671,5.649026,,,-0.948724,22.419207,2.03,-0.52,6.169026,3.619026,4.460461,4.980461
2013-03-13,1554.52002,87.7,86.51,17.725428,17.969252,5.641613,,,-0.948724,22.419207,2.04,-0.52,6.161613,3.601613,4.460461,4.980461
2013-03-14,1563.22998,87.7,86.51,17.824743,18.069934,5.610179,,,-0.948724,22.419207,2.04,-0.53,6.140179,3.570179,4.460461,4.990461
2013-03-15,1560.699951,87.7,86.51,17.795895,18.040688,5.619274,,,-0.948724,22.419207,2.01,-0.55,6.169274,3.609274,4.460461,5.010461
2013-03-18,1552.099976,87.7,86.906667,17.697833,17.859389,5.650409,,,-0.948724,22.419207,1.96,-0.6,6.250409,3.690409,4.460461,5.060461
2013-03-19,1548.339966,87.7,86.906667,17.65496,17.816124,5.664131,,,-0.948724,22.419207,1.92,-0.61,6.274131,3.744131,4.460461,5.070461
2013-03-20,1558.709961,87.7,86.906667,17.773204,17.935447,5.626448,,,-0.948724,22.419207,1.96,-0.57,6.196448,3.666448,4.460461,5.030461
2013-03-21,1545.800049,87.7,86.906667,17.625998,17.786898,5.673438,,,-0.948724,22.419207,1.95,-0.57,6.243438,3.723438,4.460461,5.030461
2013-03-22,1556.890015,87.7,86.906667,17.752452,17.914506,5.633025,,,-0.948724,22.419207,1.93,-0.6,6.233025,3.703025,4.460461,5.060461
2013-03-25,1551.689941,87.7,86.906667,17.693158,17.854671,5.651902,,,-0.948724,22.419207,1.93,-0.6,6.251902,3.721902,4.460461,5.060461
2013-03-26,1563.77002,87.7,86.906667,17.830901,17.993672,5.608242,,,-0.948724,22.419207,1.92,-0.61,6.218242,3.688242,4.460461,5.070461
2013-03-27,1562.849976,87.7,86.906667,17.82041,17.983085,5.611543,,,-0.948724,22.419207,1.87,-0.64,6.251543,3.741543,4.460461,5.100461
2013-03-28,1569.189941,87.7,86.906667,17.892702,18.056036,5.588871,,,-0.948724,22.419207,1.87,-0.64,6.228871,3.718871,4.460461,5.100461
2013-04-01,1562.170044,88.783333,86.906667,17.595307,17.975261,5.683333,,,0.509434,22.595655,1.86,-0.65,6.333333,3.823333,4.42563,5.07563
2013-04-02,1570.25,88.783333,86.906667,17.686315,18.068234,5.654089,,,0.509434,22.595655,1.88,-0.63,6.284089,3.774089,4.42563,5.05563
2013-04-03,1553.689941,88.783333,86.906667,17.499793,17.877684,5.714353,,,0.509434,22.595655,1.83,-0.65,6.364353,3.884353,4.42563,5.07563
2013-04-04,1559.97998,88.783333,86.906667,17.57064,17.950061,5.691312,,,0.509434,22.595655,1.78,-0.7,6.391312,3.911312,4.42563,5.12563
2013-04-05,1553.280029,88.783333,86.906667,17.495176,17.872967,5.715861,,,0.509434,22.595655,1.72,-0.74,6.455861,3.995861,4.42563,5.16563
2013-04-08,1563.069946,88.783333,86.906667,17.605443,17.985616,5.680061,,,0.509434,22.595655,1.76,-0.69,6.370061,3.920061,4.42563,5.11563
2013-04-09,1568.609985,88.783333,86.906667,17.667843,18.049363,5.660001,,,0.509434,22.595655,1.78,-0.67,6.330001,3.880001,4.42563,5.09563
2013-04-10,1587.72998,88.783333,86.906667,17.883199,18.269369,5.591841,,,0.509434,22.595655,1.84,-0.6,6.191841,3.751841,4.42563,5.02563
2013-04-11,1593.369995,88.783333,86.906667,17.946724,18.334267,5.572048,,,0.509434,22.595655,1.82,-0.65,6.222048,3.752048,4.42563,5.07563
2013-04-12,1588.849976,88.783333,86.906667,17.895814,18.282256,5.587899,,,0.509434,22.595655,1.75,-0.68,6.267899,3.837899,4.42563,5.10563
2013-04-15,1552.359985,88.783333,86.906667,17.484813,17.862381,5.719249,,,0.509434,22.595655,1.72,-0.69,6.409249,3.999249,4.42563,5.11563
2013-04-16,1574.569946,88.783333,86.906667,17.734972,18.117942,5.638577,,,0.509434,22.595655,1.75,-0.65,6.288577,3.888577,4.42563,5.07563
2013-04-17,1552.01001,88.783333,87.303333,17.480871,17.777214,5.720539,,,0.509434,22.595655,1.73,-0.64,6.360539,3.990539,4.42563,5.06563
2013-04-18,1541.609985,88.783333,87.303333,17.363732,17.658089,5.759131,,,0.509434,22.595655,1.72,-0.55,6.309131,4.039131,4.42563,4.97563
2013-04-19,1555.25,88.783333,87.303333,17.517364,17.814326,5.708621,,,0.509434,22.595655,1.73,-0.59,6.298621,3.978621,4.42563,5.01563
2013-04-22,1562.5,88.783333,87.303333,17.599024,17.897369,5.682133,,,0.509434,22.595655,1.72,-0.63,6.312133,3.962133,4.42563,5.05563
2013-04-23,1578.780029,88.783333,87.303333,17.782392,18.083846,5.62354,,,0.509434,22.595655,1.74,-0.64,6.26354,3.88354,4.42563,5.06563
2013-04-24,1578.790039,88.783333,87.303333,17.782505,18.083961,5.623505,,,0.509434,22.595655,1.73,-0.65,6.273505,3.893505,4.42563,5.07563
2013-04-25,1585.160034,88.783333,87.303333,17.854252,18.156925,5.600907,,,0.509434,22.595655,1.74,-0.66,6.260907,3.860907,4.42563,5.08563
2013-04-26,1582.23999,88.783333,87.303333,17.821363,18.123477,5.611243,,,0.509434,22.595655,1.7,-0.68,6.291243,3.911243,4.42563,5.10563
2013-04-29,1593.609985,88.783333,87.303333,17.949427,18.253713,5.571208,,,0.509434,22.595655,1.7,-0.67,6.241208,3.871208,4.42563,5.09563
2013-04-30,1597.569946,88.783333,87.303333,17.99403,18.299072,5.557399,,,0.509434,22.595655,1.7,-0.64,6.197399,3.857399,4.42563,5.06563
2013-05-01,1582.699951,89.866667,87.303333,17.611646,18.128746,5.678061,,,1.974431,23.411842,1.66,-0.64,6.318061,4.018061,4.271343,4.911343
2013-05-02,1597.589966,89.866667,87.303333,17.777336,18.299301,5.62514,,,1.974431,23.411842,1.66,-0.62,6.24514,3.96514,4.271343,4.891343
2013-05-03,1614.420044,89.866667,87.303333,17.964615,18.492078,5.566498,,,1.974431,23.411842,1.78,-0.53,6.096498,3.786498,4.271343,4.801343
2013-05-06,1617.5,89.866667,87.303333,17.998887,18.527357,5.555899,,,1.974431,23.411842,1.8,-0.51,6.065899,3.755899,4.271343,4.781343
2013-05-07,1625.959961,89.866667,87.303333,18.093026,18.62426,5.526991,,,1.974431,23.411842,1.82,-0.5,6.026991,3.706991,4.271343,4.771343
2013-05-08,1632.689941,89.866667,87.303333,18.167915,18.701347,5.504209,,,1.974431,23.411842,1.81,-0.48,5.984209,3.694209,4.271343,4.751343
2013-05-09,1626.670044,89.866667,87.303333,18.100928,18.632393,5.524579,,,1.974431,23.411842,1.81,-0.5,6.024579,3.714579,4.271343,4.771343
2013-05-10,1633.699951,89.866667,87.303333,18.179154,18.712916,5.500806,,,1.974431,23.411842,1.9,-0.45,5.950806,3.600806,4.271343,4.721343
2013-05-13,1633.77002,89.866667,87.303333,18.179933,18.713719,5.50057,,,1.974431,23.411842,1.92,-0.41,5.91057,3.58057,4.271343,4.681343
2013-05-14,1650.339966,89.866667,87.303333,18.364317,18.903516,5.445343,,,1.974431,23.411842,1.96,-0.37,5.815343,3.485343,4.271343,4.641343
2013-05-15,1658.780029,89.866667,87.7,18.458235,18.914253,5.417636,,,1.974431,23.411842,1.94,-0.36,5.777636,3.477636,4.271343,4.631343
2013-05-16,1650.469971,89.866667,87.7,18.365764,18.819498,5.444914,,,1.974431,23.411842,1.87,-0.4,5.844914,3.574914,4.271343,4.671343
2013-05-17,1667.469971,89.866667,87.7,18.554933,19.013341,5.389402,,,1.974431,23.411842,1.95,-0.31,5.699402,3.439402,4.271343,4.581343
2013-05-20,1666.290039,89.866667,87.7,18.541803,18.999886,5.393219,,,1.974431,23.411842,1.97,-0.31,5.703219,3.423219,4.271343,4.581343
2013-05-21,1669.160034,89.866667,87.7,18.573739,19.032612,5.383946,,,1.974431,23.411842,1.94,-0.34,5.723946,3.443946,4.271343,4.611343
2013-05-22,1655.349976,89.866667,87.7,18.420066,18.875142,5.428862,,,1.974431,23.411842,2.03,-0.24,5.668862,3.398862,4.271343,4.511343
2013-05-23,1650.51001,89.866667,87.7,18.366209,18.819955,5.444782,,,1.974431,23.411842,2.02,-0.24,5.684782,3.424782,4.271343,4.511343
2013-05-24,1649.599976,89.866667,87.7,18.356083,18.809578,5.447785,,,1.974431,23.411842,2.01,-0.26,5.707785,3.437785,4.271343,4.531343
2013-05-28,1660.060059,89.866667,87.7,18.472478,18.928849,5.413459,,,1.974431,23.411842,2.15,-0.14,5.553459,3.263459,4.271343,4.411343
2013-05-29,1648.359985,89.866667,87.7,18.342285,18.795439,5.451884,,,1.974431,23.411842,2.13,-0.1,5.551884,3.321884,4.271343,4.371343
2013-05-30,1654.410034,89.866667,87.7,18.409607,18.864425,5.431946,,,1.974431,23.411842,2.13,-0.05,5.481946,3.301946,4.271343,4.321343
2013-05-31,1630.73999,89.866667,87.7,18.146216,18.594527,5.510791,,,1.974431,23.411842,2.16,-0.05,5.560791,3.350791,4.271343,4.321343
2013-06-03,1640.420044,90.95,87.7,18.036504,18.704904,5.544312,,,3.446315,22.925333,2.13,-0.07,5.614312,3.414312,4.361987,4.431987
2013-06-04,1631.380005,90.95,87.7,17.937108,18.601824,5.575035,,,3.446315,22.925333,2.14,-0.05,5.625035,3.435035,4.361987,4.411987
2013-06-05,1608.900024,90.95,87.7,17.68994,18.345496,5.65293,,,3.446315,22.925333,2.1,-0.06,5.71293,3.55293,4.361987,4.421987
2013-06-06,1622.560059,90.95,87.7,17.840133,18.501255,5.60534,,,3.446315,22.925333,2.08,-0.05,5.65534,3.52534,4.361987,4.411987
2013-06-07,1643.380005,90.95,87.7,18.069049,18.738655,5.534326,,,3.446315,22.925333,2.17,0.03,5.504326,3.364326,4.361987,4.331987
2013-06-10,1642.810059,90.95,87.7,18.062782,18.732156,5.536246,,,3.446315,22.925333,2.22,0.11,5.426246,3.316246,4.361987,4.251987
2013-06-11,1626.130005,90.95,87.7,17.879384,18.541961,5.593034,,,3.446315,22.925333,2.2,0.13,5.463034,3.393034,4.361987,4.231987
2013-06-12,1612.52002,90.95,87.7,17.729742,18.386773,5.64024,,,3.446315,22.925333,2.25,0.21,5.43024,3.39024,4.361987,4.151987
2013-06-13,1636.359985,90.95,87.7,17.991863,18.658609,5.558068,,,3.446315,22.925333,2.19,0.15,5.408068,3.368068,4.361987,4.211987
2013-06-14,1626.72998,90.95,87.7,17.885981,18.548803,5.590971,,,3.446315,22.925333,2.14,0.09,5.500971,3.450971,4.361987,4.271987
2013-06-17,1639.040039,90.95,88.783333,18.021331,18.461123,5.54898,,,3.446315,22.925333,2.19,0.15,5.39898,3.35898,4.361987,4.211987
2013-06-18,1651.810059,90.95,88.783333,18.161738,18.604957,5.506081,,,3.446315,22.925333,2.2,0.14,5.366081,3.306081,4.361987,4.221987
2013-06-19,1628.930054,90.95,88.783333,17.910171,18.347251,5.58342,,,3.446315,22.925333,2.33,0.29,5.29342,3.25342,4.361987,4.071987
2013-06-20,1588.189941,90.95,88.783333,17.462231,17.888379,5.726645,,,3.446315,22.925333,2.41,0.46,5.266645,3.316645,4.361987,3.901987
2013-06-21,1592.430054,90.95,88.783333,17.508852,17.936137,5.711397,,,3.446315,22.925333,2.52,0.59,5.121397,3.191397,4.361987,3.771987
2013-06-24,1573.089966,90.95,88.783333,17.296206,17.718303,5.781615,,,3.446315,22.925333,2.57,0.64,5.141615,3.211615,4.361987,3.721987
2013-06-25,1588.030029,90.95,88.783333,17.460473,17.886578,5.727222,,,3.446315,22.925333,2.6,0.64,5.087222,3.127222,4.361987,3.721987
2013-06-26,1603.26001,90.95,88.783333,17.627928,18.058119,5.672817,,,3.446315,22.925333,2.55,0.6,5.072817,3.122817,4.361987,3.761987
2013-06-27,1613.199951,90.95,88.783333,17.737218,18.170076,5.637863,,,3.446315,22.925333,2.49,0.5,5.137863,3.147863,4.361987,3.861987
2013-06-28,1606.280029,90.95,88.783333,17.661133,18.092135,5.662151,,,3.446315,22.925333,2.52,0.53,5.132151,3.142151,4.361987,3.831987
2013-07-01,1614.959961,92.09,88.783333,17.536757,18.1899,5.702309,,,5.309903,23.49246,2.5,0.48,5.222309,3.202309,4.256685,3.776685
2013-07-02,1614.079956,92.09,88.783333,17.527201,18.179988,5.705417,,,5.309903,23.49246,2.48,0.44,5.265417,3.225417,4.256685,3.816685
2013-07-03,1615.410034,92.09,88.783333,17.541644,18.194969,5.70072,,,5.309903,23.49246,2.52,0.48,5.22072,3.18072,4.256685,3.776685
2013-07-05,1631.890015,92.09,88.783333,17.7206,18.38059,5.64315,,,5.309903,23.49246,2.73,0.66,4.98315,2.91315,4.256685,3.596685
2013-07-08,1640.459961,92.09,88.783333,17.81366,18.477116,5.613669,,,5.309903,23.49246,2.65,0.58,5.033669,2.963669,4.256685,3.676685
2013-07-09,1652.319946,92.09,88.783333,17.942447,18.6107,5.573376,,,5.309903,23.49246,2.65,0.59,4.983376,2.923376,4.256685,3.666685
2013-07-10,1652.619995,92.09,88.783333,17.945705,18.614079,5.572364,,,5.309903,23.49246,2.7,0.64,4.932364,2.872364,4.256685,3.616685
2013-07-11,1675.02002,92.09,88.783333,18.188946,18.866379,5.497845,,,5.309903,23.49246,2.6,0.56,4.937845,2.897845,4.256685,3.696685
2013-07-12,1680.189941,92.09,88.783333,18.245086,18.92461,5.480928,,,5.309903,23.49246,2.61,0.55,4.930928,2.870928,4.256685,3.706685
2013-07-15,1682.5,92.09,89.866667,18.27017,18.722181,5.473403,,,5.309903,23.49246,2.57,0.47,5.003403,2.903403,4.256685,3.786685
2013-07-16,1676.26001,92.09,89.866667,18.202411,18.652745,5.493778,,,5.309903,23.49246,2.55,0.41,5.083778,2.943778,4.256685,3.846685
2013-07-17,1680.910034,92.09,89.866667,18.252905,18.704488,5.47858,,,5.309903,23.49246,2.52,0.38,5.09858,2.95858,4.256685,3.876685
2013-07-18,1689.369995,92.09,89.866667,18.344771,18.798627,5.451145,,,5.309903,23.49246,2.56,0.38,5.071145,2.891145,4.256685,3.876685
2013-07-19,1692.089966,92.09,89.866667,18.374307,18.828894,5.442382,,,5.309903,23.49246,2.5,0.29,5.152382,2.942382,4.256685,3.966685
2013-07-22,1695.530029,92.09,89.866667,18.411663,18.867174,5.43134,,,5.309903,23.49246,2.5,0.28,5.15134,2.93134,4.256685,3.976685
2013-07-23,1692.390015,92.09,89.866667,18.377566,18.832233,5.441417,,,5.309903,23.49246,2.53,0.33,5.111417,2.911417,4.256685,3.926685
2013-07-24,1685.939941,92.09,89.866667,18.307525,18.760459,5.462235,,,5.309903,23.49246,2.61,0.44,5.022235,2.852235,4.256685,3.816685
2013-07-25,1690.25,92.09,89.866667,18.354327,18.80842,5.448306,,,5.309903,23.49246,2.61,0.44,5.008306,2.838306,4.256685,3.816685
2013-07-26,1691.650024,92.09,89.866667,18.36953,18.823999,5.443797,,,5.309903,23.49246,2.58,0.43,5.013797,2.863797,4.256685,3.826685
2013-07-29,1685.329956,92.09,89.866667,18.300901,18.753672,5.464212,,,5.309903,23.49246,2.61,0.45,5.014212,2.854212,4.256685,3.806685
2013-07-30,1685.959961,92.09,89.866667,18.307742,18.760682,5.46217,,,5.309903,23.49246,2.63,0.46,5.00217,2.83217,4.256685,3.796685
2013-07-31,1685.72998,92.09,89.866667,18.305245,18.758123,5.462915,,,5.309903,23.49246,2.6,0.38,5.082915,2.862915,4.256685,3.876685
2013-08-01,1706.869995,93.23,89.866667,18.308163,18.99336,5.462045,,,7.193776,23.356649,2.74,0.48,4.982045,2.722045,4.281436,3.801436
2013-08-02,1709.670044,93.23,89.866667,18.338196,19.024518,5.453099,,,7.193776,23.356649,2.63,0.42,5.033099,2.823099,4.281436,3.861436
2013-08-05,1707.140015,93.23,89.866667,18.311059,18.996365,5.461181,,,7.193776,23.356649,2.67,0.42,5.041181,2.791181,4.281436,3.861436
2013-08-06,1697.369995,93.23,89.866667,18.206264,18.887648,5.492615,,,7.193776,23.356649,2.67,0.39,5.102615,2.822615,4.281436,3.891436
2013-08-07,1690.910034,93.23,89.866667,18.136973,18.815764,5.513599,,,7.193776,23.356649,2.61,0.35,5.163599,2.903599,4.281436,3.931436
2013-08-08,1697.47998,93.23,89.866667,18.207444,18.888872,5.492259,,,7.193776,23.356649,2.58,0.34,5.152259,2.912259,4.281436,3.941436
2013-08-09,1691.420044,93.23,89.866667,18.142444,18.82144,5.511937,,,7.193776,23.356649,2.57,0.33,5.181937,2.941937,4.281436,3.951436
2013-08-12,1689.469971,93.23,89.866667,18.121527,18.79974,5.518299,,,7.193776,23.356649,2.61,0.37,5.148299,2.908299,4.281436,3.911436
2013-08-13,1694.160034,93.23,89.866667,18.171833,18.851929,5.503022,,,7.193776,23.356649,2.71,0.48,5.023022,2.793022,4.281436,3.801436
2013-08-14,1685.390015,93.23,89.866667,18.077765,18.75434,5.531657,,,7.193776,23.356649,2.71,0.5,5.031657,2.821657,4.281436,3.781436
2013-08-15,1661.319946,93.23,90.95,17.819585,18.2663,5.611803,,,7.193776,23.356649,2.77,0.6,5.011803,2.841803,4.281436,3.681436
2013-08-16,1655.829956,93.23,90.95,17.760699,18.205937,5.630409,,,7.193776,23.356649,2.84,0.68,4.950409,2.790409,4.281436,3.601436
2013-08-19,1646.060059,93.23,90.95,17.655905,18.098516,5.663827,,,7.193776,23.356649,2.88,0.75,4.913827,2.783827,4.281436,3.531436
2013-08-20,1652.349976,93.23,90.95,17.723372,18.167674,5.642267,,,7.193776,23.356649,2.82,0.67,4.972267,2.822267,4.281436,3.611436
2013-08-21,1642.800049,93.23,90.95,17.620938,18.062672,5.675067,,,7.193776,23.356649,2.87,0.73,4.945067,2.805067,4.281436,3.551436
2013-08-22,1656.959961,93.23,90.95,17.772819,18.218361,5.626569,,,7.193776,23.356649,2.9,0.79,4.836569,2.726569,4.281436,3.491436
2013-08-23,1663.5,93.23,90.95,17.842969,18.290269,5.604448,,,7.193776,23.356649,2.82,0.69,4.914448,2.784448,4.281436,3.591436
2013-08-26,1656.780029,93.23,90.95,17.77089,18.216383,5.62718,,,7.193776,23.356649,2.79,0.64,4.98718,2.83718,4.281436,3.641436
2013-08-27,1630.47998,93.23,90.95,17.488791,17.927213,5.717948,,,7.193776,23.356649,2.72,0.57,5.147948,2.997948,4.281436,3.711436
2013-08-28,1634.959961,93.23,90.95,17.536844,17.97647,5.70228,,,7.193776,23.356649,2.78,0.63,5.07228,2.92228,4.281436,3.651436
2013-08-29,1638.170044,93.23,90.95,17.571276,18.011765,5.691106,,,7.193776,23.356649,2.75,0.65,5.041106,2.941106,4.281436,3.631436
2013-08-30,1632.969971,93.23,90.95,17.515499,17.95459,5.709229,,,7.193776,23.356649,2.78,0.68,5.029229,2.929229,4.281436,3.601436
2013-09-03,1639.77002,94.37,90.95,17.375967,18.029357,5.755075,,,9.098266,23.442287,2.86,0.76,4.995075,2.895075,4.265795,3.505795
2013-09-04,1653.079956,94.37,90.95,17.517007,18.1757,5.708738,,,9.098266,23.442287,2.9,0.83,4.878738,2.808738,4.265795,3.435795
2013-09-05,1655.079956,94.37,90.95,17.5382,18.197691,5.701839,,,9.098266,23.442287,2.98,0.92,4.781839,2.721839,4.265795,3.345795
2013-09-06,1655.170044,94.37,90.95,17.539155,18.198681,5.701529,,,9.098266,23.442287,2.94,0.87,4.831529,2.761529,4.265795,3.395795
2013-09-09,1671.709961,94.37,90.95,17.714422,18.380538,5.645118,,,9.098266,23.442287,2.9,0.84,4.805118,2.745118,4.265795,3.425795
2013-09-10,1683.98999,94.37,90.95,17.844548,18.515558,5.603953,,,9.098266,23.442287,2.96,0.86,4.743953,2.643953,4.265795,3.405795
2013-09-11,1689.130005,94.37,90.95,17.899015,18.572073,5.5869,,,9.098266,23.442287,2.93,0.8,4.7869,2.6569,4.265795,3.465795
2013-09-12,1683.420044,94.37,90.95,17.838508,18.509291,5.60585,,,9.098266,23.442287,2.92,0.81,4.79585,2.68585,4.265795,3.455795
2013-09-13,1687.98999,94.37,90.95,17.886934,18.559538,5.590673,,,9.098266,23.442287,2.9,0.8,4.790673,2.690673,4.265795,3.465795
2013-09-16,1697.599976,94.37,92.09,17.988767,18.43414,5.559025,,,9.098266,23.442287,2.88,0.76,4.799025,2.679025,4.265795,3.505795
2013-09-17,1704.76001,94.37,92.09,18.064639,18.511891,5.535677,,,9.098266,23.442287,2.86,0.7,4.835677,2.675677,4.265795,3.565795
2013-09-18,1725.52002,94.37,92.09,18.284625,18.737322,5.469076,,,9.098266,23.442287,2.69,0.49,4.979076,2.779076,4.265795,3.775795
2013-09-19,1722.339966,94.37,92.09,18.250927,18.70279,5.479174,,,9.098266,23.442287,2.76,0.55,4.929174,2.719174,4.265795,3.715795
2013-09-20,1709.910034,94.37,92.09,18.119212,18.567814,5.519004,,,9.098266,23.442287,2.75,0.52,4.999004,2.769004,4.265795,3.745795
2013-09-23,1701.839966,94.37,92.09,18.033697,18.480182,5.545175,,,9.098266,23.442287,2.72,0.46,5.085175,2.825175,4.265795,3.805795
2013-09-24,1697.420044,94.37,92.09,17.986861,18.432186,5.559614,,,9.098266,23.442287,2.67,0.48,5.079614,2.889614,4.265795,3.785795
2013-09-25,1692.77002,94.37,92.09,17.937586,18.381692,5.574886,,,9.098266,23.442287,2.63,0.45,5.124886,2.944886,4.265795,3.815795
2013-09-26,1698.670044,94.37,92.09,18.000106,18.44576,5.555523,,,9.098266,23.442287,2.66,0.47,5.085523,2.895523,4.265795,3.795795
2013-09-27,1691.75,94.37,92.09,17.926778,18.370616,5.578247,,,9.098266,23.442287,2.64,0.46,5.118247,2.938247,4.265795,3.805795
2013-09-30,1681.550049,94.37,92.09,17.818693,18.259855,5.612084,,,9.098266,23.442287,2.64,0.45,5.162084,2.972084,4.265795,3.815795
2013-10-01,1695.0,96.313333,92.09,17.59881,18.405907,5.682203,,,11.340603,23.834738,2.66,0.46,5.222203,3.022203,4.195557,3.735557
2013-10-02,1693.869995,96.313333,92.09,17.587077,18.393637,5.685993,,,11.340603,23.834738,2.63,0.43,5.255993,3.055993,4.195557,3.765557
2013-10-03,1678.660034,96.313333,92.09,17.429155,18.228473,5.737513,,,11.340603,23.834738,2.62,0.43,5.307513,3.117513,4.195557,3.765557
2013-10-04,1690.5,96.313333,92.09,17.552087,18.357042,5.697328,,,11.340603,23.834738,2.66,0.46,5.237328,3.037328,4.195557,3.735557
2013-10-07,1676.119995,96.313333,92.09,17.402783,18.20089,5.746208,,,11.340603,23.834738,2.65,0.45,5.296208,3.096208,4.195557,3.745557
2013-10-08,1655.449951,96.313333,92.09,17.18817,17.976436,5.817955,,,11.340603,23.834738,2.66,0.48,5.337955,3.157955,4.195557,3.715557
2013-10-09,1656.400024,96.313333,92.09,17.198035,17.986752,5.814618,,,11.340603,23.834738,2.68,0.47,5.344618,3.134618,4.195557,3.725557
2013-10-10,1692.560059,96.313333,92.09,17.573476,18.379412,5.690394,,,11.340603,23.834738,2.71,0.5,5.190394,2.980394,4.195557,3.695557
2013-10-11,1703.199951,96.313333,92.09,17.683948,18.49495,5.654846,,,11.340603,23.834738,2.7,0.5,5.154846,2.954846,4.195557,3.695557
2013-10-14,1710.140015,96.313333,92.09,17.756005,18.570312,5.631898,,,11.340603,23.834738,2.7,0.5,5.131898,2.931898,4.195557,3.695557
2013-10-15,1698.060059,96.313333,93.23,17.630581,18.213666,5.671963,,,11.340603,23.834738,2.75,0.54,5.131963,2.921963,4.195557,3.655557
2013-10-16,1721.540039,96.313333,93.23,17.874369,18.465516,5.594603,,,11.340603,23.834738,2.69,0.5,5.094603,2.904603,4.195557,3.695557
2013-10-17,1733.150024,96.313333,93.23,17.994913,18.590046,5.557126,,,11.340603,23.834738,2.61,0.45,5.107126,2.947126,4.195557,3.745557
2013-10-18,1744.5,96.313333,93.23,18.112757,18.711788,5.520971,,,11.340603,23.834738,2.6,0.42,5.100971,2.920971,4.195557,3.775557
2013-10-21,1744.660034,96.313333,93.23,18.114419,18.713505,5.520464,,,11.340603,23.834738,2.63,0.44,5.080464,2.890464,4.195557,3.755557
2013-10-22,1754.670044,96.313333,93.23,18.21835,18.820874,5.488971,,,11.340603,23.834738,2.54,0.37,5.118971,2.948971,4.195557,3.825557
2013-10-23,1746.380005,96.313333,93.23,18.132277,18.731953,5.515027,,,11.340603,23.834738,2.51,0.36,5.155027,3.005027,4.195557,3.835557
2013-10-24,1752.069946,96.313333,93.23,18.191354,18.792985,5.497117,,,11.340603,23.834738,2.53,0.36,5.137117,2.967117,4.195557,3.835557
2013-10-25,1759.77002,96.313333,93.23,18.271302,18.875577,5.473064,,,11.340603,23.834738,2.53,0.34,5.133064,2.943064,4.195557,3.855557
2013-10-28,1762.109985,96.313333,93.23,18.295598,18.900676,5.465796,,,11.340603,23.834738,2.54,0.35,5.115796,2.925796,4.195557,3.845557
2013-10-29,1771.949951,96.313333,93.23,18.397764,19.006221,5.435443,,,11.340603,23.834738,2.53,0.35,5.085443,2.905443,4.195557,3.845557
2013-10-30,1763.310059,96.313333,93.23,18.308058,18.913548,5.462076,,,11.340603,23.834738,2.55,0.37,5.092076,2.912076,4.195557,3.825557
2013-10-31,1756.540039,96.313333,93.23,18.237766,18.840931,5.483128,,,11.340603,23.834738,2.57,0.4,5.083128,2.913128,4.195557,3.795557
2013-11-01,1761.640015,98.256667,93.23,17.928962,18.895635,5.577568,,,13.582768,24.642077,2.65,0.5,5.077568,2.927568,4.058099,3.558099
2013-11-04,1767.930054,98.256667,93.23,17.992978,18.963103,5.557724,,,13.582768,24.642077,2.63,0.5,5.057724,2.927724,4.058099,3.558099
2013-11-05,1762.969971,98.256667,93.23,17.942497,18.9099,5.57336,,,13.582768,24.642077,2.69,0.55,5.02336,2.88336,4.058099,3.508099
2013-11-06,1770.48999,98.256667,93.23,18.019032,18.990561,5.549688,,,13.582768,24.642077,2.67,0.48,5.069688,2.879688,4.058099,3.578099
2013-11-07,1747.150024,98.256667,93.23,17.781491,18.740213,5.623825,,,13.582768,24.642077,2.63,0.46,5.163825,2.993825,4.058099,3.598099
2013-11-08,1770.609985,98.256667,93.23,18.020253,18.991848,5.549312,,,13.582768,24.642077,2.77,0.59,4.959312,2.779312,4.058099,3.468099
2013-11-11,1771.890015,98.256667,93.23,18.03328,19.005578,5.545303,,,13.582768,24.642077,2.77,0.59,4.955303,2.775303,4.058099,3.468099
2013-11-12,1767.689941,98.256667,93.23,17.990534,18.960527,5.558479,,,13.582768,24.642077,2.8,0.62,4.938479,2.758479,4.058099,3.438099
2013-11-13,1782.0,98.256667,93.23,18.136174,19.114019,5.513842,,,13.582768,24.642077,2.75,0.58,4.933842,2.763842,4.058099,3.478099
2013-11-14,1790.619995,98.256667,93.23,18.223903,19.206479,5.487299,,,13.582768,24.642077,2.69,0.51,4.977299,2.797299,4.058099,3.548099
2013-11-15,1798.180054,98.256667,94.37,18.300845,19.054573,5.464229,,,13.582768,24.642077,2.71,0.53,4.934229,2.754229,4.058099,3.528099
2013-11-18,1791.530029,98.256667,94.37,18.233165,18.984105,5.484511,,,13.582768,24.642077,2.67,0.48,5.004511,2.814511,4.058099,3.578099
2013-11-19,1787.869995,98.256667,94.37,18.195915,18.945322,5.495739,,,13.582768,24.642077,2.71,0.53,4.965739,2.785739,4.058099,3.528099
2013-11-20,1781.369995,98.256667,94.37,18.129762,18.876444,5.515792,,,13.582768,24.642077,2.8,0.64,4.875792,2.715792,4.058099,3.418099
2013-11-21,1795.849976,98.256667,94.37,18.277131,19.029882,5.471318,,,13.582768,24.642077,2.79,0.6,4.871318,2.681318,4.058099,3.458099
2013-11-22,1804.76001,98.256667,94.37,18.367812,19.124298,5.444307,,,13.582768,24.642077,2.75,0.56,4.884307,2.694307,4.058099,3.498099
2013-11-25,1802.47998,98.256667,94.37,18.344607,19.100138,5.451193,,,13.582768,24.642077,2.74,0.56,4.891193,2.711193,4.058099,3.498099
2013-11-26,1802.75,98.256667,94.37,18.347356,19.102999,5.450377,,,13.582768,24.642077,2.71,0.54,4.910377,2.740377,4.058099,3.518099
2013-11-27,1807.22998,98.256667,94.37,18.39295,19.150471,5.436866,,,13.582768,24.642077,2.74,0.58,4.856866,2.696866,4.058099,3.478099
2013-11-29,1805.810059,98.256667,94.37,18.378499,19.135425,5.441141,,,13.582768,24.642077,2.75,0.6,4.841141,2.691141,4.058099,3.458099
2013-12-02,1800.900024,100.2,94.37,17.973054,19.083395,5.563885,,,15.82476,24.861869,2.81,0.66,4.903885,2.753885,4.022224,3.362224
2013-12-03,1795.150024,100.2,94.37,17.915669,19.022465,5.581706,,,15.82476,24.861869,2.79,0.64,4.941706,2.791706,4.022224,3.382224
2013-12-04,1792.810059,100.2,94.37,17.892316,18.997669,5.588991,,,15.82476,24.861869,2.84,0.73,4.858991,2.748991,4.022224,3.292224
2013-12-05,1785.030029,100.2,94.37,17.814671,18.915228,5.613351,,,15.82476,24.861869,2.88,0.76,4.853351,2.733351,4.022224,3.262224
2013-12-06,1805.089966,100.2,94.37,18.01487,19.127794,5.55097,,,15.82476,24.861869,2.88,0.77,4.78097,2.67097,4.022224,3.252224
2013-12-09,1808.369995,100.2,94.37,18.047605,19.162552,5.540901,,,15.82476,24.861869,2.86,0.74,4.800901,2.680901,4.022224,3.282224
2013-12-10,1802.619995,100.2,94.37,17.99022,19.101621,5.558576,,,15.82476,24.861869,2.81,0.69,4.868576,2.748576,4.022224,3.332224
2013-12-11,1782.219971,100.2,94.37,17.786626,18.885451,5.622202,,,15.82476,24.861869,2.86,0.71,4.912202,2.762202,4.022224,3.312224
2013-12-12,1775.5,100.2,94.37,17.719561,18.814242,5.643481,,,15.82476,24.861869,2.89,0.75,4.893481,2.753481,4.022224,3.272224
2013-12-13,1775.319946,100.2,94.37,17.717764,18.812334,5.644053,,,15.82476,24.861869,2.88,0.72,4.924053,2.764053,4.022224,3.302224
2013-12-16,1786.540039,100.2,96.313333,17.829741,18.549249,5.608606,,,15.82476,24.861869,2.89,0.71,4.898606,2.718606,4.022224,3.312224
2013-12-17,1781.0,100.2,96.313333,17.774451,18.491728,5.626053,,,15.82476,24.861869,2.85,0.67,4.956053,2.776053,4.022224,3.352224
2013-12-18,1810.650024,100.2,96.313333,18.07036,18.799578,5.533924,,,15.82476,24.861869,2.89,0.72,4.813924,2.643924,4.022224,3.302224
2013-12-19,1809.599976,100.2,96.313333,18.05988,18.788676,5.537135,,,15.82476,24.861869,2.94,0.79,4.747135,2.597135,4.022224,3.232224
2013-12-20,1818.319946,100.2,96.313333,18.146906,18.879213,5.510581,,,15.82476,24.861869,2.89,0.73,4.780581,2.620581,4.022224,3.292224
2013-12-23,1827.98999,100.2,96.313333,18.243413,18.979615,5.48143,,,15.82476,24.861869,2.94,0.76,4.72143,2.54143,4.022224,3.262224
2013-12-24,1833.319946,100.2,96.313333,18.296606,19.034955,5.465494,,,15.82476,24.861869,2.99,0.8,4.665494,2.475494,4.022224,3.222224
2013-12-26,1842.02002,100.2,96.313333,18.383433,19.125286,5.43968,,,15.82476,24.861869,3.0,0.8,4.63968,2.43968,4.022224,3.222224
2013-12-27,1841.400024,100.2,96.313333,18.377246,19.118849,5.441512,,,15.82476,24.861869,3.02,0.8,4.641512,2.421512,4.022224,3.222224
2013-12-30,1841.069946,100.2,96.313333,18.373952,19.115421,5.442487,,,15.82476,24.861869,2.99,0.76,4.682487,2.452487,4.022224,3.262224
2013-12-31,1848.359985,100.2,96.313333,18.446706,19.191112,5.421022,,,15.82476,24.861869,3.04,0.8,4.621022,2.381022,4.022224,3.222224
2014-01-02,1831.97998,100.416667,96.313333,18.243784,19.021042,5.481319,,,15.545413,24.859609,3.0,0.74,4.741319,2.481319,4.022589,3.282589
2014-01-03,1831.369995,100.416667,96.313333,18.237709,19.014709,5.483145,,,15.545413,24.859609,3.01,0.75,4.733145,2.473145,4.022589,3.272589
2014-01-06,1826.77002,100.416667,96.313333,18.191901,18.966948,5.496952,,,15.545413,24.859609,2.98,0.72,4.776952,2.516952,4.022589,3.302589
2014-01-07,1837.880005,100.416667,96.313333,18.302539,19.082301,5.463723,,,15.545413,24.859609,2.96,0.7,4.763723,2.503723,4.022589,3.322589
2014-01-08,1837.48999,100.416667,96.313333,18.298655,19.078252,5.464882,,,15.545413,24.859609,3.01,0.72,4.744882,2.454882,4.022589,3.302589
2014-01-09,1838.130005,100.416667,96.313333,18.305029,19.084897,5.46298,,,15.545413,24.859609,2.97,0.66,4.80298,2.49298,4.022589,3.362589
2014-01-10,1842.369995,100.416667,96.313333,18.347253,19.12892,5.450407,,,15.545413,24.859609,2.88,0.59,4.860407,2.570407,4.022589,3.432589
2014-01-13,1819.199951,100.416667,96.313333,18.116514,18.88835,5.519826,,,15.545413,24.859609,2.84,0.57,4.949826,2.679826,4.022589,3.452589
2014-01-14,1838.880005,100.416667,96.313333,18.312498,19.092684,5.460751,,,15.545413,24.859609,2.88,0.62,4.840751,2.580751,4.022589,3.402589
2014-01-15,1848.380005,100.416667,98.256667,18.407104,18.811752,5.432685,,,15.545413,24.859609,2.9,0.62,4.812685,2.532685,4.022589,3.402589
2014-01-16,1845.890015,100.416667,98.256667,18.382307,18.78641,5.440014,,,15.545413,24.859609,2.86,0.61,4.830014,2.580014,4.022589,3.412589
2014-01-17,1838.699951,100.416667,98.256667,18.310705,18.713233,5.461286,,,15.545413,24.859609,2.84,0.58,4.881286,2.621286,4.022589,3.442589
2014-01-21,1843.800049,100.416667,98.256667,18.361494,18.765139,5.44618,,,15.545413,24.859609,2.85,0.59,4.85618,2.59618,4.022589,3.432589
2014-01-22,1844.859985,100.416667,98.256667,18.37205,18.775927,5.443051,,,15.545413,24.859609,2.87,0.62,4.823051,2.573051,4.022589,3.402589
2014-01-23,1828.459961,100.416667,98.256667,18.20873,18.609017,5.491871,,,15.545413,24.859609,2.79,0.66,4.831871,2.701871,4.022589,3.362589
2014-01-24,1790.290039,100.416667,98.256667,17.828614,18.220545,5.608961,,,15.545413,24.859609,2.75,0.61,4.998961,2.858961,4.022589,3.412589
2014-01-27,1781.560059,100.416667,98.256667,17.741677,18.131696,5.636446,,,15.545413,24.859609,2.78,0.64,4.996446,2.856446,4.022589,3.382589
2014-01-28,1792.5,100.416667,98.256667,17.850622,18.243037,5.602046,,,15.545413,24.859609,2.77,0.62,4.982046,2.832046,4.022589,3.402589
2014-01-29,1774.199951,100.416667,98.256667,17.668381,18.056789,5.659828,,,15.545413,24.859609,2.69,0.55,5.109828,2.969828,4.022589,3.472589
2014-01-30,1794.189941,100.416667,98.256667,17.867452,18.260236,5.596769,,,15.545413,24.859609,2.72,0.57,5.026769,2.876769,4.022589,3.452589
2014-01-31,1782.589966,100.416667,98.256667,17.751933,18.142178,5.633189,,,15.545413,24.859609,2.67,0.53,5.103189,2.963189,4.022589,3.492589
2014-02-03,1741.890015,100.633333,98.256667,17.309275,17.727957,5.77725,,,15.268604,24.590931,2.61,0.47,5.30725,3.16725,4.06654,3.59654
2014-02-04,1755.199951,100.633333,98.256667,17.441537,17.863418,5.73344,,,15.268604,24.590931,2.64,0.51,5.22344,3.09344,4.06654,3.55654
2014-02-05,1751.640015,100.633333,98.256667,17.406161,17.827187,5.745092,,,15.268604,24.590931,2.7,0.56,5.185092,3.045092,4.06654,3.50654
2014-02-06,1773.430054,100.633333,98.256667,17.62269,18.048954,5.674503,,,15.268604,24.590931,2.73,0.57,5.104503,2.944503,4.06654,3.49654
2014-02-07,1797.02002,100.633333,98.256667,17.857105,18.289039,5.600012,,,15.268604,24.590931,2.71,0.53,5.070012,2.890012,4.06654,3.53654
2014-02-10,1799.839966,100.633333,98.256667,17.885127,18.317739,5.591238,,,15.268604,24.590931,2.7,0.51,5.081238,2.891238,4.06654,3.55654
2014-02-11,1819.75,100.633333,98.256667,18.082975,18.520372,5.530064,,,15.268604,24.590931,2.75,0.56,4.970064,2.780064,4.06654,3.50654
2014-02-12,1819.26001,100.633333,98.256667,18.078105,18.515385,5.531553,,,15.268604,24.590931,2.8,0.59,4.941553,2.731553,4.06654,3.47654
2014-02-13,1829.829956,100.633333,98.256667,18.18314,18.62296,5.4996,,,15.268604,24.590931,2.73,0.56,4.9396,2.7696,4.06654,3.50654
2014-02-14,1838.630005,100.633333,100.2,18.270586,18.349601,5.473278,,,15.268604,24.590931,2.75,0.59,4.883278,2.723278,4.06654,3.47654
2014-02-18,1840.76001,100.633333,100.2,18.291752,18.370858,5.466945,,,15.268604,24.590931,2.71,0.57,4.896945,2.756945,4.06654,3.49654
2014-02-19,1828.75,100.633333,100.2,18.172408,18.250998,5.502848,,,15.268604,24.590931,2.73,0.6,4.902848,2.772848,4.06654,3.46654
2014-02-20,1839.780029,100.633333,100.2,18.282014,18.361078,5.469857,,,15.268604,24.590931,2.76,0.63,4.839857,2.709857,4.06654,3.43654
2014-02-21,1836.25,100.633333,100.2,18.246936,18.325848,5.480372,,,15.268604,24.590931,2.73,0.61,4.870372,2.750372,4.06654,3.45654
2014-02-24,1847.609985,100.633333,100.2,18.359821,18.439221,5.446676,,,15.268604,24.590931,2.75,0.59,4.856676,2.696676,4.06654,3.47654
2014-02-25,1845.119995,100.633333,100.2,18.335078,18.414371,5.454026,,,15.268604,24.590931,2.7,0.55,4.904026,2.754026,4.06654,3.51654
2014-02-26,1845.160034,100.633333,100.2,18.335476,18.414771,5.453908,,,15.268604,24.590931,2.67,0.51,4.943908,2.783908,4.06654,3.55654
2014-02-27,1854.290039,100.633333,100.2,18.426201,18.505889,5.427055,,,15.268604,24.590931,2.65,0.49,4.937055,2.777055,4.06654,3.57654
2014-02-28,1859.449951,100.633333,100.2,18.477476,18.557385,5.411995,,,15.268604,24.590931,2.66,0.49,4.921995,2.751995,4.06654,3.57654
2014-03-03,1845.72998,100.85,100.2,18.301735,18.420459,5.463963,,,14.994299,24.956039,2.6,0.44,5.023963,2.863963,4.007046,3.567046
2014-03-04,1873.910034,100.85,100.2,18.58116,18.701697,5.381795,,,14.994299,24.956039,2.7,0.52,4.861795,2.681795,4.007046,3.487046
2014-03-05,1873.810059,100.85,100.2,18.580169,18.700699,5.382082,,,14.994299,24.956039,2.7,0.52,4.862082,2.682082,4.007046,3.487046
2014-03-06,1877.030029,100.85,100.2,18.612097,18.732835,5.37285,,,14.994299,24.956039,2.74,0.53,4.84285,2.63285,4.007046,3.477046
2014-03-07,1878.040039,100.85,100.2,18.622112,18.742915,5.36996,,,14.994299,24.956039,2.8,0.57,4.79996,2.56996,4.007046,3.437046
2014-03-10,1877.170044,100.85,100.2,18.613486,18.734232,5.372449,,,14.994299,24.956039,2.79,0.57,4.802449,2.582449,4.007046,3.437046
2014-03-11,1867.630005,100.85,100.2,18.518889,18.639022,5.399892,,,14.994299,24.956039,2.77,0.57,4.829892,2.629892,4.007046,3.437046
2014-03-12,1868.199951,100.85,100.2,18.524541,18.64471,5.398244,,,14.994299,24.956039,2.73,0.54,4.858244,2.668244,4.007046,3.467046
2014-03-13,1846.339966,100.85,100.2,18.307784,18.426547,5.462158,,,14.994299,24.956039,2.66,0.49,4.972158,2.802158,4.007046,3.517046
2014-03-14,1841.130005,100.85,100.2,18.256123,18.374551,5.477614,,,14.994299,24.956039,2.65,0.48,4.997614,2.827614,4.007046,3.527046
2014-03-17,1858.829956,100.85,100.416667,18.431631,18.51117,5.425456,,,14.994299,24.956039,2.7,0.52,4.905456,2.725456,4.007046,3.487046
2014-03-18,1872.25,100.85,100.416667,18.5647,18.644813,5.386567,,,14.994299,24.956039,2.68,0.5,4.886567,2.706567,4.007046,3.507046
2014-03-19,1860.77002,100.85,100.416667,18.450868,18.53049,5.419799,,,14.994299,24.956039,2.78,0.62,4.799799,2.639799,4.007046,3.387046
2014-03-20,1872.01001,100.85,100.416667,18.56232,18.642423,5.387258,,,14.994299,24.956039,2.79,0.66,4.727258,2.597258,4.007046,3.347046
2014-03-21,1866.52002,100.85,100.416667,18.507883,18.587751,5.403103,,,14.994299,24.956039,2.75,0.61,4.793103,2.653103,4.007046,3.397046
2014-03-24,1857.439941,100.85,100.416667,18.417848,18.497327,5.429516,,,14.994299,24.956039,2.74,0.59,4.839516,2.689516,4.007046,3.417046
2014-03-25,1865.619995,100.85,100.416667,18.498959,18.578788,5.40571,,,14.994299,24.956039,2.75,0.61,4.79571,2.65571,4.007046,3.397046
2014-03-26,1852.560059,100.85,100.416667,18.36946,18.448731,5.443818,,,14.994299,24.956039,2.71,0.57,4.873818,2.733818,4.007046,3.437046
2014-03-27,1849.040039,100.85,100.416667,18.334557,18.413677,5.454182,,,14.994299,24.956039,2.69,0.56,4.894182,2.764182,4.007046,3.447046
2014-03-28,1857.619995,100.85,100.416667,18.419633,18.49912,5.42899,,,14.994299,24.956039,2.73,0.6,4.82899,2.69899,4.007046,3.407046
2014-03-31,1872.339966,100.85,100.416667,18.565592,18.645709,5.386308,,,14.994299,24.956039,2.73,0.6,4.786308,2.656308,4.007046,3.407046
2014-04-01,1885.52002,101.606667,100.416667,18.55705,18.776963,5.388787,,,14.443402,24.786315,2.77,0.63,4.758787,2.618787,4.034484,3.404484
2014-04-02,1890.900024,101.606667,100.416667,18.61,18.83054,5.373455,,,14.443402,24.786315,2.82,0.68,4.693455,2.553455,4.034484,3.354484
2014-04-03,1888.77002,101.606667,100.416667,18.589036,18.809328,5.379515,,,14.443402,24.786315,2.8,0.66,4.719515,2.579515,4.034484,3.374484
2014-04-04,1865.089966,101.606667,100.416667,18.35598,18.57351,5.447816,,,14.443402,24.786315,2.74,0.61,4.837816,2.707816,4.034484,3.424484
2014-04-07,1845.040039,101.606667,100.416667,18.158651,18.373843,5.507017,,,14.443402,24.786315,2.71,0.59,4.917017,2.797017,4.034484,3.444484
2014-04-08,1851.959961,101.606667,100.416667,18.226756,18.442755,5.48644,,,14.443402,24.786315,2.69,0.58,4.90644,2.79644,4.034484,3.454484
2014-04-09,1872.180054,101.606667,100.416667,18.42576,18.644117,5.427185,,,14.443402,24.786315,2.71,0.57,4.857185,2.717185,4.034484,3.464484
2014-04-10,1833.079956,101.606667,100.416667,18.040942,18.254738,5.542948,,,14.443402,24.786315,2.65,0.51,5.032948,2.892948,4.034484,3.524484
2014-04-11,1815.689941,101.606667,100.416667,17.869791,18.08156,5.596036,,,14.443402,24.786315,2.63,0.5,5.096036,2.966036,4.034484,3.534484
2014-04-14,1830.609985,101.606667,100.416667,18.016633,18.230141,5.550427,,,14.443402,24.786315,2.65,0.52,5.030427,2.900427,4.034484,3.514484
2014-04-15,1842.97998,101.606667,100.416667,18.138376,18.353328,5.513173,,,14.443402,24.786315,2.64,0.5,5.013173,2.873173,4.034484,3.534484
2014-04-16,1862.310059,101.606667,100.416667,18.328621,18.545826,5.455948,,,14.443402,24.786315,2.65,0.48,4.975948,2.805948,4.034484,3.554484
2014-04-17,1864.849976,101.606667,100.633333,18.353618,18.531136,5.448517,,,14.443402,24.786315,2.73,0.52,4.928517,2.718517,4.034484,3.514484
2014-04-21,1871.890015,101.606667,100.633333,18.422905,18.601093,5.428025,,,14.443402,24.786315,2.73,0.53,4.898025,2.698025,4.034484,3.504484
2014-04-22,1879.550049,101.606667,100.633333,18.498294,18.677212,5.405904,,,14.443402,24.786315,2.73,0.52,4.885904,2.675904,4.034484,3.514484
2014-04-23,1875.390015,101.606667,100.633333,18.457352,18.635873,5.417895,,,14.443402,24.786315,2.7,0.49,4.927895,2.717895,4.034484,3.544484
2014-04-24,1878.609985,101.606667,100.633333,18.489043,18.66787,5.408609,,,14.443402,24.786315,2.7,0.49,4.918609,2.708609,4.034484,3.544484
2014-04-25,1863.400024,101.606667,100.633333,18.339348,18.516728,5.452757,,,14.443402,24.786315,2.68,0.48,4.972757,2.772757,4.034484,3.554484
2014-04-28,1869.430054,101.606667,100.633333,18.398695,18.576648,5.435168,,,14.443402,24.786315,2.7,0.52,4.915168,2.735168,4.034484,3.514484
2014-04-29,1878.329956,101.606667,100.633333,18.486286,18.665087,5.409415,,,14.443402,24.786315,2.71,0.53,4.879415,2.699415,4.034484,3.504484
2014-04-30,1883.949951,101.606667,100.633333,18.541598,18.720934,5.393278,,,14.443402,24.786315,2.67,0.49,4.903278,2.723278,4.034484,3.544484
2014-05-01,1883.680054,102.363333,100.633333,18.401902,18.718252,5.434221,,,13.905786,24.943274,2.63,0.43,5.004221,2.804221,4.009097,3.579097
2014-05-02,1881.140015,102.363333,100.633333,18.377088,18.693011,5.441558,,,13.905786,24.943274,2.6,0.41,5.031558,2.841558,4.009097,3.599097
2014-05-05,1884.660034,102.363333,100.633333,18.411476,18.72799,5.431395,,,13.905786,24.943274,2.63,0.45,4.981395,2.801395,4.009097,3.559097
2014-05-06,1867.719971,102.363333,100.633333,18.245986,18.559655,5.480657,,,13.905786,24.943274,2.61,0.45,5.030657,2.870657,4.009097,3.559097
2014-05-07,1878.209961,102.363333,100.633333,18.348464,18.663895,5.450047,,,13.905786,24.943274,2.62,0.42,5.030047,2.830047,4.009097,3.589097
2014-05-08,1875.630005,102.363333,100.633333,18.32326,18.638258,5.457544,,,13.905786,24.943274,2.61,0.42,5.037544,2.847544,4.009097,3.589097
2014-05-09,1878.47998,102.363333,100.633333,18.351102,18.666578,5.449264,,,13.905786,24.943274,2.62,0.44,5.009264,2.829264,4.009097,3.569097
2014-05-12,1896.650024,102.363333,100.633333,18.528608,18.847135,5.39706,,,13.905786,24.943274,2.66,0.48,4.91706,2.73706,4.009097,3.529097
2014-05-13,1897.449951,102.363333,100.633333,18.536422,18.855084,5.394784,,,13.905786,24.943274,2.61,0.45,4.944784,2.784784,4.009097,3.559097
2014-05-14,1888.530029,102.363333,100.633333,18.449282,18.766446,5.420265,,,13.905786,24.943274,2.54,0.37,5.050265,2.880265,4.009097,3.639097
2014-05-15,1870.849976,102.363333,100.85,18.276564,18.550818,5.471488,,,13.905786,24.943274,2.5,0.31,5.161488,2.971488,4.009097,3.699097
2014-05-16,1877.859985,102.363333,100.85,18.345045,18.620327,5.451063,,,13.905786,24.943274,2.52,0.34,5.111063,2.931063,4.009097,3.669097
2014-05-19,1885.079956,102.363333,100.85,18.415578,18.691918,5.430185,,,13.905786,24.943274,2.54,0.37,5.060185,2.890185,4.009097,3.639097
2014-05-20,1872.829956,102.363333,100.85,18.295906,18.570451,5.465704,,,13.905786,24.943274,2.52,0.35,5.115704,2.945704,4.009097,3.659097
2014-05-21,1888.030029,102.363333,100.85,18.444398,18.72117,5.4217,,,13.905786,24.943274,2.54,0.36,5.0617,2.8817,4.009097,3.649097
2014-05-22,1892.48999,102.363333,100.85,18.487968,18.765394,5.408923,,,13.905786,24.943274,2.56,0.35,5.058923,2.848923,4.009097,3.659097
2014-05-23,1900.530029,102.363333,100.85,18.566512,18.845117,5.386041,,,13.905786,24.943274,2.54,0.32,5.066041,2.846041,4.009097,3.689097
2014-05-27,1911.910034,102.363333,100.85,18.677684,18.957958,5.353983,,,13.905786,24.943274,2.52,0.31,5.043983,2.833983,4.009097,3.699097
2014-05-28,1909.780029,102.363333,100.85,18.656876,18.936837,5.359954,,,13.905786,24.943274,2.44,0.22,5.139954,2.919954,4.009097,3.789097
2014-05-29,1920.030029,102.363333,100.85,18.75701,19.038473,5.33134,,,13.905786,24.943274,2.45,0.22,5.11134,2.88134,4.009097,3.789097
2014-05-30,1923.569946,102.363333,100.85,18.791592,19.073574,5.321529,,,13.905786,24.943274,2.48,0.26,5.061529,2.841529,4.009097,3.749097
2014-06-02,1924.969971,103.12,100.85,18.667281,19.087456,5.356967,,,13.380979,25.558008,2.54,0.32,5.036967,2.816967,3.912668,3.592668
2014-06-03,1924.23999,103.12,100.85,18.660202,19.080218,5.358999,,,13.380979,25.558008,2.6,0.41,4.948999,2.758999,3.912668,3.502668
2014-06-04,1927.880005,103.12,100.85,18.6955,19.116311,5.348881,,,13.380979,25.558008,2.61,0.44,4.908881,2.738881,3.912668,3.472668
2014-06-05,1940.459961,103.12,100.85,18.817494,19.241051,5.314204,,,13.380979,25.558008,2.59,0.41,4.904204,2.724204,3.912668,3.502668
2014-06-06,1949.439941,103.12,100.85,18.904577,19.330094,5.289724,,,13.380979,25.558008,2.6,0.4,4.889724,2.689724,3.912668,3.512668
2014-06-09,1951.27002,103.12,100.85,18.922324,19.34824,5.284763,,,13.380979,25.558008,2.62,0.41,4.874763,2.664763,3.912668,3.502668
2014-06-10,1950.790039,103.12,100.85,18.917669,19.343481,5.286063,,,13.380979,25.558008,2.64,0.43,4.856063,2.646063,3.912668,3.482668
2014-06-11,1943.890015,103.12,100.85,18.850757,19.275062,5.304827,,,13.380979,25.558008,2.65,0.43,4.874827,2.654827,3.912668,3.482668
2014-06-12,1930.109985,103.12,100.85,18.717126,19.138423,5.342701,,,13.380979,25.558008,2.58,0.39,4.952701,2.762701,3.912668,3.522668
2014-06-13,1936.160034,103.12,100.85,18.775796,19.198414,5.326006,,,13.380979,25.558008,2.6,0.41,4.916006,2.726006,3.912668,3.502668
2014-06-16,1937.780029,103.12,101.606667,18.791505,19.071387,5.321553,,,13.380979,25.558008,2.61,0.41,4.911553,2.711553,3.912668,3.502668
2014-06-17,1941.98999,103.12,101.606667,18.832331,19.112821,5.310017,,,13.380979,25.558008,2.66,0.43,4.880017,2.650017,3.912668,3.482668
2014-06-18,1956.97998,103.12,101.606667,18.977696,19.26035,5.269344,,,13.380979,25.558008,2.61,0.38,4.889344,2.659344,3.912668,3.532668
2014-06-19,1959.47998,103.12,101.606667,19.001939,19.284955,5.262621,,,13.380979,25.558008,2.64,0.39,4.872621,2.622621,3.912668,3.522668
2014-06-20,1962.869995,103.12,101.606667,19.034814,19.318319,5.253532,,,13.380979,25.558008,2.63,0.35,4.903532,2.623532,3.912668,3.562668
2014-06-23,1962.609985,103.12,101.606667,19.032292,19.31576,5.254228,,,13.380979,25.558008,2.63,0.35,4.904228,2.624228,3.912668,3.562668
2014-06-24,1949.97998,103.12,101.606667,18.909814,19.191457,5.288259,,,13.380979,25.558008,2.59,0.31,4.978259,2.698259,3.912668,3.602668
2014-06-25,1959.530029,103.12,101.606667,19.002425,19.285447,5.262486,,,13.380979,25.558008,2.57,0.29,4.972486,2.692486,3.912668,3.622668
2014-06-26,1957.219971,103.12,101.606667,18.980023,19.262712,5.268698,,,13.380979,25.558008,2.53,0.26,5.008698,2.738698,3.912668,3.652668
2014-06-27,1960.959961,103.12,101.606667,19.016291,19.299521,5.258649,,,13.380979,25.558008,2.54,0.27,4.988649,2.718649,3.912668,3.642668
2014-06-30,1960.22998,103.12,101.606667,19.009212,19.292336,5.260607,,,13.380979,25.558008,2.53,0.27,4.990607,2.730607,3.912668,3.642668
2014-07-01,1973.319946,104.066667,101.606667,18.962075,19.421166,5.273684,,,13.005393,25.817546,2.58,0.32,4.953684,2.693684,3.873335,3.553335
2014-07-02,1974.619995,104.066667,101.606667,18.974567,19.433961,5.270212,,,13.005393,25.817546,2.64,0.38,4.890212,2.630212,3.873335,3.493335
2014-07-03,1985.439941,104.066667,101.606667,19.078539,19.540449,5.241492,,,13.005393,25.817546,2.65,0.37,4.871492,2.591492,3.873335,3.503335
2014-07-07,1977.650024,104.066667,101.606667,19.003684,19.463782,5.262138,,,13.005393,25.817546,2.63,0.36,4.902138,2.632138,3.873335,3.513335
2014-07-08,1963.709961,104.066667,101.606667,18.869731,19.326586,5.299493,,,13.005393,25.817546,2.58,0.31,4.989493,2.719493,3.873335,3.563335
2014-07-09,1972.829956,104.066667,101.606667,18.957367,19.416344,5.274994,,,13.005393,25.817546,2.57,0.28,4.994994,2.704994,3.873335,3.593335
2014-07-10,1964.680054,104.066667,101.606667,18.879052,19.336133,5.296876,,,13.005393,25.817546,2.55,0.27,5.026876,2.746876,3.873335,3.603335
2014-07-11,1967.569946,104.066667,101.606667,18.906822,19.364575,5.289096,,,13.005393,25.817546,2.53,0.25,5.039096,2.759096,3.873335,3.623335
2014-07-14,1977.099976,104.066667,101.606667,18.998398,19.458369,5.263602,,,13.005393,25.817546,2.55,0.28,4.983602,2.713602,3.873335,3.593335
2014-07-15,1973.280029,104.066667,102.363333,18.961691,19.277215,5.273791,,,13.005393,25.817546,2.56,0.31,4.963791,2.713791,3.873335,3.563335
2014-07-16,1981.569946,104.066667,102.363333,19.041351,19.358201,5.251728,,,13.005393,25.817546,2.55,0.32,4.931728,2.701728,3.873335,3.553335
2014-07-17,1958.119995,104.066667,102.363333,18.816015,19.129115,5.314622,,,13.005393,25.817546,2.47,0.24,5.074622,2.844622,3.873335,3.633335
2014-07-18,1978.219971,104.066667,102.363333,19.00916,19.325474,5.260622,,,13.005393,25.817546,2.5,0.26,5.000622,2.760622,3.873335,3.613335
2014-07-21,1973.630005,104.066667,102.363333,18.965054,19.280634,5.272856,,,13.005393,25.817546,2.49,0.25,5.022856,2.782856,3.873335,3.623335
2014-07-22,1983.530029,104.066667,102.363333,19.060186,19.377349,5.246539,,,13.005393,25.817546,2.48,0.25,4.996539,2.766539,3.873335,3.623335
2014-07-23,1987.01001,104.066667,102.363333,19.093626,19.411345,5.23735,,,13.005393,25.817546,2.48,0.25,4.98735,2.75735,3.873335,3.623335
2014-07-24,1987.97998,104.066667,102.363333,19.102947,19.420821,5.234795,,,13.005393,25.817546,2.52,0.25,4.984795,2.714795,3.873335,3.623335
2014-07-25,1978.339966,104.066667,102.363333,19.010314,19.326647,5.260303,,,13.005393,25.817546,2.48,0.2,5.060303,2.780303,3.873335,3.673335
2014-07-28,1978.910034,104.066667,102.363333,19.015791,19.332216,5.258787,,,13.005393,25.817546,2.5,0.22,5.038787,2.758787,3.873335,3.653335
2014-07-29,1969.949951,104.066667,102.363333,18.929692,19.244684,5.282706,,,13.005393,25.817546,2.47,0.2,5.082706,2.812706,3.873335,3.673335
2014-07-30,1970.069946,104.066667,102.363333,18.930845,19.245856,5.282384,,,13.005393,25.817546,2.57,0.29,4.992384,2.712384,3.873335,3.583335
2014-07-31,1930.670044,104.066667,102.363333,18.552243,18.860953,5.390184,,,13.005393,25.817546,2.58,0.29,5.100184,2.810184,3.873335,3.583335
2014-08-01,1925.150024,105.013333,102.363333,18.332434,18.807028,5.454813,,,12.638993,25.617606,2.52,0.25,5.204813,2.934813,3.903565,3.653565
2014-08-04,1938.98999,105.013333,102.363333,18.464227,18.942232,5.415878,,,12.638993,25.617606,2.51,0.26,5.155878,2.905878,3.903565,3.643565
2014-08-05,1920.209961,105.013333,102.363333,18.285392,18.758767,5.468846,,,12.638993,25.617606,2.49,0.25,5.218846,2.978846,3.903565,3.653565
2014-08-06,1920.23999,105.013333,102.363333,18.285678,18.759061,5.468761,,,12.638993,25.617606,2.49,0.24,5.228761,2.978761,3.903565,3.663565
2014-08-07,1909.569946,105.013333,102.363333,18.184071,18.654824,5.499318,,,12.638993,25.617606,2.43,0.19,5.309318,3.069318,3.903565,3.713565
2014-08-08,1931.589966,105.013333,102.363333,18.393759,18.86994,5.436627,,,12.638993,25.617606,2.44,0.19,5.246627,2.996627,3.903565,3.713565
2014-08-11,1936.920044,105.013333,102.363333,18.444515,18.92201,5.421666,,,12.638993,25.617606,2.44,0.19,5.231666,2.981666,3.903565,3.713565
2014-08-12,1933.75,105.013333,102.363333,18.414328,18.891042,5.430554,,,12.638993,25.617606,2.46,0.22,5.210554,2.970554,3.903565,3.683565
2014-08-13,1946.719971,105.013333,102.363333,18.537836,19.017747,5.394373,,,12.638993,25.617606,2.43,0.2,5.194373,2.964373,3.903565,3.703565
2014-08-14,1955.180054,105.013333,102.363333,18.618398,19.100395,5.371031,,,12.638993,25.617606,2.4,0.19,5.181031,2.971031,3.903565,3.713565
2014-08-15,1955.060059,105.013333,103.12,18.617256,18.959077,5.371361,,,12.638993,25.617606,2.34,0.16,5.211361,3.031361,3.903565,3.743565
2014-08-18,1971.73999,105.013333,103.12,18.776092,19.12083,5.325922,,,12.638993,25.617606,2.39,0.21,5.115922,2.935922,3.903565,3.693565
2014-08-19,1981.599976,105.013333,103.12,18.869985,19.216447,5.299421,,,12.638993,25.617606,2.4,0.23,5.069421,2.899421,3.903565,3.673565
2014-08-20,1986.51001,105.013333,103.12,18.916741,19.264061,5.286323,,,12.638993,25.617606,2.43,0.26,5.026323,2.856323,3.903565,3.643565
2014-08-21,1992.369995,105.013333,103.12,18.972543,19.320888,5.270775,,,12.638993,25.617606,2.41,0.24,5.030775,2.860775,3.903565,3.663565
2014-08-22,1988.400024,105.013333,103.12,18.934739,19.28239,5.281298,,,12.638993,25.617606,2.4,0.26,5.021298,2.881298,3.903565,3.643565
2014-08-25,1997.920044,105.013333,103.12,19.025394,19.37471,5.256133,,,12.638993,25.617606,2.39,0.24,5.016133,2.866133,3.903565,3.663565
2014-08-26,2000.02002,105.013333,103.12,19.045391,19.395074,5.250614,,,12.638993,25.617606,2.39,0.25,5.000614,2.860614,3.903565,3.653565
2014-08-27,2000.119995,105.013333,103.12,19.046343,19.396043,5.250352,,,12.638993,25.617606,2.37,0.23,5.020352,2.880352,3.903565,3.673565
2014-08-28,1996.73999,105.013333,103.12,19.014157,19.363266,5.259239,,,12.638993,25.617606,2.34,0.21,5.049239,2.919239,3.903565,3.693565
2014-08-29,2003.369995,105.013333,103.12,19.077292,19.42756,5.241834,,,12.638993,25.617606,2.35,0.23,5.011834,2.891834,3.903565,3.673565
2014-09-02,2002.280029,105.96,103.12,18.896565,19.41699,5.291967,,,12.281445,25.918437,2.42,0.27,5.021967,2.871967,3.858257,3.588257
2014-09-03,2000.719971,105.96,103.12,18.881842,19.401862,5.296093,,,12.281445,25.918437,2.41,0.24,5.056093,2.886093,3.858257,3.618257
2014-09-04,1997.650024,105.96,103.12,18.852869,19.372091,5.304232,,,12.281445,25.918437,2.45,0.28,5.024232,2.854232,3.858257,3.578257
2014-09-05,2007.709961,105.96,103.12,18.94781,19.469647,5.277655,,,12.281445,25.918437,2.46,0.31,4.967655,2.817655,3.858257,3.548257
2014-09-08,2001.540039,105.96,103.12,18.889581,19.409814,5.293924,,,12.281445,25.918437,2.48,0.35,4.943924,2.813924,3.858257,3.508257
2014-09-09,1988.439941,105.96,103.12,18.765949,19.282777,5.328801,,,12.281445,25.918437,2.5,0.39,4.938801,2.828801,3.858257,3.468257
2014-09-10,1995.689941,105.96,103.12,18.834371,19.353083,5.309442,,,12.281445,25.918437,2.54,0.44,4.869442,2.769442,3.858257,3.418257
2014-09-11,1997.449951,105.96,103.12,18.850981,19.370151,5.304764,,,12.281445,25.918437,2.54,0.42,4.884764,2.764764,3.858257,3.438257
2014-09-12,1985.540039,105.96,103.12,18.738581,19.254655,5.336583,,,12.281445,25.918437,2.62,0.49,4.846583,2.716583,3.858257,3.368257
2014-09-15,1984.130005,105.96,104.066667,18.725274,19.065951,5.340376,,,12.281445,25.918437,2.6,0.47,4.870376,2.740376,3.858257,3.388257
2014-09-16,1998.97998,105.96,104.066667,18.865421,19.208648,5.300703,,,12.281445,25.918437,2.6,0.48,4.820703,2.700703,3.858257,3.378257
2014-09-17,2001.569946,105.96,104.066667,18.889864,19.233536,5.293844,,,12.281445,25.918437,2.62,0.56,4.733844,2.673844,3.858257,3.298257
2014-09-18,2011.359985,105.96,104.066667,18.982257,19.32761,5.268077,,,12.281445,25.918437,2.63,0.61,4.658077,2.638077,3.858257,3.248257
2014-09-19,2010.400024,105.96,104.066667,18.973198,19.318386,5.270593,,,12.281445,25.918437,2.59,0.56,4.710593,2.680593,3.858257,3.298257
2014-09-22,1994.290039,105.96,104.066667,18.821159,19.163581,5.313169,,,12.281445,25.918437,2.57,0.58,4.733169,2.743169,3.858257,3.278257
2014-09-23,1982.77002,105.96,104.066667,18.712439,19.052883,5.344039,,,12.281445,25.918437,2.54,0.52,4.824039,2.804039,3.858257,3.338257
2014-09-24,1998.300049,105.96,104.066667,18.859004,19.202114,5.302507,,,12.281445,25.918437,2.57,0.54,4.762507,2.732507,3.858257,3.318257
2014-09-25,1965.98999,105.96,104.066667,18.554077,18.89164,5.389651,,,12.281445,25.918437,2.52,0.5,4.889651,2.869651,3.858257,3.358257
2014-09-26,1982.849976,105.96,104.066667,18.713193,19.053651,5.343823,,,12.281445,25.918437,2.54,0.57,4.773823,2.803823,3.858257,3.288257
2014-09-29,1977.800049,105.96,104.066667,18.665535,19.005125,5.357468,,,12.281445,25.918437,2.5,0.55,4.807468,2.857468,3.858257,3.308257
2014-09-30,1972.290039,105.96,104.066667,18.613534,18.952178,5.372435,,,12.281445,25.918437,2.52,0.55,4.822435,2.852435,3.858257,3.308257
2014-10-01,1946.160034,104.743333,104.066667,18.580276,18.701089,5.382051,,,8.752682,25.162748,2.42,0.46,4.922051,2.962051,3.974129,3.514129
2014-10-02,1946.170044,104.743333,104.066667,18.580372,18.701186,5.382024,,,8.752682,25.162748,2.44,0.49,4.892024,2.942024,3.974129,3.484129
2014-10-03,1967.900024,104.743333,104.066667,18.787831,18.909994,5.322594,,,8.752682,25.162748,2.45,0.52,4.802594,2.872594,3.974129,3.454129
2014-10-06,1964.819946,104.743333,104.066667,18.758425,18.880397,5.330938,,,8.752682,25.162748,2.43,0.5,4.830938,2.900938,3.974129,3.474129
2014-10-07,1935.099976,104.743333,104.066667,18.474684,18.594811,5.412812,,,8.752682,25.162748,2.36,0.44,4.972812,3.052812,3.974129,3.534129
2014-10-08,1968.890015,104.743333,104.066667,18.797282,18.919507,5.319918,,,8.752682,25.162748,2.35,0.39,4.929918,2.969918,3.974129,3.584129
2014-10-09,1928.209961,104.743333,104.066667,18.408904,18.528603,5.432154,,,8.752682,25.162748,2.34,0.37,5.062154,3.092154,3.974129,3.604129
2014-10-10,1906.130005,104.743333,104.066667,18.198103,18.316432,5.495078,,,8.752682,25.162748,2.31,0.35,5.145078,3.185078,3.974129,3.624129
2014-10-13,1874.73999,104.743333,104.066667,17.898418,18.014798,5.587086,,,8.752682,25.162748,2.31,0.35,5.237086,3.277086,3.974129,3.624129
2014-10-14,1877.699951,104.743333,104.066667,17.926678,18.043241,5.578279,,,8.752682,25.162748,2.21,0.29,5.288279,3.368279,3.974129,3.684129
2014-10-15,1862.48999,104.743333,105.013333,17.781466,17.735748,5.623833,,,8.752682,25.162748,2.15,0.29,5.333833,3.473833,3.974129,3.684129
2014-10-16,1862.76001,104.743333,105.013333,17.784044,17.738319,5.623018,,,8.752682,25.162748,2.17,0.28,5.343018,3.453018,3.974129,3.694129
2014-10-17,1886.76001,104.743333,105.013333,18.013175,17.966862,5.551492,,,8.752682,25.162748,2.22,0.3,5.251492,3.331492,3.974129,3.674129
2014-10-20,1904.01001,104.743333,105.013333,18.177864,18.131126,5.501197,,,8.752682,25.162748,2.2,0.29,5.211197,3.301197,3.974129,3.684129
2014-10-21,1941.280029,104.743333,105.013333,18.533686,18.486034,5.395581,,,8.752682,25.162748,2.23,0.33,5.065581,3.165581,3.974129,3.644129
2014-10-22,1927.109985,104.743333,105.013333,18.398402,18.351098,5.435255,,,8.752682,25.162748,2.25,0.34,5.095255,3.185255,3.974129,3.634129
2014-10-23,1950.819946,104.743333,105.013333,18.624765,18.576879,5.369195,,,8.752682,25.162748,2.29,0.38,4.989195,3.079195,3.974129,3.594129
2014-10-24,1964.579956,104.743333,105.013333,18.756134,18.70791,5.331589,,,8.752682,25.162748,2.29,0.39,4.941589,3.041589,3.974129,3.584129
2014-10-27,1961.630005,104.743333,105.013333,18.72797,18.679819,5.339607,,,8.752682,25.162748,2.27,0.38,4.959607,3.069607,3.974129,3.594129
2014-10-28,1985.050049,104.743333,105.013333,18.951565,18.902838,5.276609,,,8.752682,25.162748,2.3,0.39,4.886609,2.976609,3.974129,3.584129
2014-10-29,1982.300049,104.743333,105.013333,18.92531,18.876651,5.283929,,,8.752682,25.162748,2.34,0.42,4.863929,2.943929,3.974129,3.554129
2014-10-30,1994.650024,104.743333,105.013333,19.043217,18.994255,5.251214,,,8.752682,25.162748,2.32,0.42,4.831214,2.931214,3.974129,3.554129
2014-10-31,2018.050049,104.743333,105.013333,19.266621,19.217084,5.190324,,,8.752682,25.162748,2.35,0.43,4.760324,2.840324,3.974129,3.544129
2014-11-03,2017.810059,103.526667,105.013333,19.490728,19.214799,5.130645,,,5.363504,26.606817,2.36,0.43,4.700645,2.770645,3.758435,3.328435
2014-11-04,2012.099976,103.526667,105.013333,19.435572,19.160424,5.145205,,,5.363504,26.606817,2.35,0.43,4.715205,2.795205,3.758435,3.328435
2014-11-05,2023.569946,103.526667,105.013333,19.546364,19.269648,5.116041,,,5.363504,26.606817,2.36,0.43,4.686041,2.756041,3.758435,3.328435
2014-11-06,2031.209961,103.526667,105.013333,19.620162,19.342401,5.096798,,,5.363504,26.606817,2.39,0.45,4.646798,2.706798,3.758435,3.308435
2014-11-07,2031.920044,103.526667,105.013333,19.627021,19.349162,5.095017,,,5.363504,26.606817,2.32,0.38,4.715017,2.775017,3.758435,3.378435
2014-11-10,2038.26001,103.526667,105.013333,19.688261,19.409535,5.079169,,,5.363504,26.606817,2.38,0.44,4.639169,2.699169,3.758435,3.318435
2014-11-11,2039.680054,103.526667,105.013333,19.701977,19.423058,5.075633,,,5.363504,26.606817,2.38,0.44,4.635633,2.695633,3.758435,3.318435
2014-11-12,2038.25,103.526667,105.013333,19.688164,19.40944,5.079194,,,5.363504,26.606817,2.37,0.46,4.619194,2.709194,3.758435,3.298435
2014-11-13,2039.329956,103.526667,105.013333,19.698596,19.419724,5.076504,,,5.363504,26.606817,2.35,0.47,4.606504,2.726504,3.758435,3.288435
2014-11-14,2039.819946,103.526667,105.013333,19.703329,19.42439,5.075285,,,5.363504,26.606817,2.32,0.43,4.645285,2.755285,3.758435,3.328435
2014-11-17,2041.319946,103.526667,105.96,19.717818,19.265005,5.071555,,,5.363504,26.606817,2.34,0.48,4.591555,2.731555,3.758435,3.278435
2014-11-18,2051.800049,103.526667,105.96,19.819049,19.363911,5.045651,,,5.363504,26.606817,2.32,0.48,4.565651,2.725651,3.758435,3.278435
2014-11-19,2048.719971,103.526667,105.96,19.789297,19.334843,5.053237,,,5.363504,26.606817,2.36,0.53,4.523237,2.693237,3.758435,3.228435
2014-11-20,2052.75,103.526667,105.96,19.828225,19.372877,5.043316,,,5.363504,26.606817,2.34,0.49,4.553316,2.703316,3.758435,3.268435
2014-11-21,2063.5,103.526667,105.96,19.932063,19.47433,5.017042,,,5.363504,26.606817,2.31,0.45,4.567042,2.707042,3.758435,3.308435
2014-11-24,2069.409912,103.526667,105.96,19.989148,19.530105,5.002714,,,5.363504,26.606817,2.3,0.44,4.562714,2.702714,3.758435,3.318435
2014-11-25,2067.030029,103.526667,105.96,19.96616,19.507645,5.008474,,,5.363504,26.606817,2.27,0.42,4.588474,2.738474,3.758435,3.338435
2014-11-26,2072.830078,103.526667,105.96,20.022185,19.562383,4.99446,,,5.363504,26.606817,2.24,0.42,4.57446,2.75446,3.758435,3.338435
2014-11-28,2067.560059,103.526667,105.96,19.97128,19.512647,5.00719,,,5.363504,26.606817,2.18,0.39,4.61719,2.82719,3.758435,3.368435
2014-12-01,2053.439941,102.31,105.96,20.070765,19.379388,4.982371,,,2.105788,26.794085,2.22,0.43,4.552371,2.762371,3.732167,3.302167
2014-12-02,2066.550049,102.31,105.96,20.198906,19.503115,4.950763,,,2.105788,26.794085,2.28,0.51,4.440763,2.670763,3.732167,3.222167
2014-12-03,2074.330078,102.31,105.96,20.274949,19.576539,4.932195,,,2.105788,26.794085,2.29,0.5,4.432195,2.642195,3.732167,3.232167
2014-12-04,2071.919922,102.31,105.96,20.251392,19.553793,4.937932,,,2.105788,26.794085,2.25,0.48,4.457932,2.687932,3.732167,3.252167
2014-12-05,2075.370117,102.31,105.96,20.285115,19.586354,4.929723,,,2.105788,26.794085,2.31,0.56,4.369723,2.619723,3.732167,3.172167
2014-12-08,2060.310059,102.31,105.96,20.137915,19.444225,4.965757,,,2.105788,26.794085,2.26,0.55,4.415757,2.705757,3.732167,3.182167
2014-12-09,2059.820068,102.31,105.96,20.133125,19.4396,4.966939,,,2.105788,26.794085,2.22,0.49,4.476939,2.746939,3.732167,3.242167
2014-12-10,2026.140015,102.31,105.96,19.803929,19.121744,5.049503,,,2.105788,26.794085,2.18,0.47,4.579503,2.869503,3.732167,3.262167
2014-12-11,2035.329956,102.31,105.96,19.893754,19.208474,5.026703,,,2.105788,26.794085,2.19,0.49,4.536703,2.836703,3.732167,3.242167
2014-12-12,2002.329956,102.31,105.96,19.571205,18.897036,5.109547,,,2.105788,26.794085,2.1,0.46,4.649547,3.009547,3.732167,3.272167
2014-12-15,1989.630005,102.31,104.743333,19.447073,18.99529,5.142162,,,2.105788,26.794085,2.12,0.5,4.642162,3.022162,3.732167,3.232167
2014-12-16,1972.73999,102.31,104.743333,19.281986,18.834039,5.186188,,,2.105788,26.794085,2.07,0.42,4.766188,3.116188,3.732167,3.312167
2014-12-17,2012.890015,102.31,104.743333,19.674421,19.217357,5.082742,,,2.105788,26.794085,2.14,0.49,4.592742,2.942742,3.732167,3.242167
2014-12-18,2061.22998,102.31,104.743333,20.146906,19.678866,4.963541,,,2.105788,26.794085,2.22,0.57,4.393541,2.743541,3.732167,3.162167
2014-12-19,2070.649902,102.31,104.743333,20.238979,19.768799,4.940961,,,2.105788,26.794085,2.17,0.49,4.450961,2.770961,3.732167,3.242167
2014-12-22,2078.540039,102.31,104.743333,20.316099,19.844127,4.922205,,,2.105788,26.794085,2.17,0.47,4.452205,2.752205,3.732167,3.262167
2014-12-23,2082.169922,102.31,104.743333,20.351578,19.878782,4.913624,,,2.105788,26.794085,2.26,0.56,4.353624,2.653624,3.732167,3.172167
2014-12-24,2081.879883,102.31,104.743333,20.348743,19.876013,4.914308,,,2.105788,26.794085,2.27,0.59,4.324308,2.644308,3.732167,3.142167
2014-12-26,2088.77002,102.31,104.743333,20.416089,19.941794,4.898098,,,2.105788,26.794085,2.25,0.58,4.318098,2.648098,3.732167,3.152167
2014-12-29,2090.570068,102.31,104.743333,20.433683,19.95898,4.89388,,,2.105788,26.794085,2.22,0.57,4.32388,2.67388,3.732167,3.162167
2014-12-30,2080.350098,102.31,104.743333,20.33379,19.861408,4.917922,,,2.105788,26.794085,2.2,0.56,4.357922,2.717922,3.732167,3.172167
2014-12-31,2058.899902,102.31,104.743333,20.124132,19.65662,4.969159,,,2.105788,26.794085,2.17,0.49,4.479159,2.799159,3.732167,3.242167
2015-01-02,2058.199951,101.29,104.743333,20.319873,19.649938,4.921291,,,0.86971,26.492295,2.12,0.41,4.511291,2.801291,3.774682,3.364682
2015-01-05,2020.579956,101.29,104.743333,19.948464,19.290774,5.012917,1.808494,96.904762,0.86971,26.492295,2.04,0.4,4.612917,2.972917,3.774682,3.374682
2015-01-06,2002.609985,101.29,104.743333,19.771053,19.119212,5.057899,1.699868,96.272799,0.86971,26.492295,1.97,0.41,4.647899,3.087899,3.774682,3.364682
2015-01-07,2025.900024,101.29,104.743333,20.000988,19.341565,4.999753,1.833963,97.226624,0.86971,26.492295,1.96,0.39,4.609753,3.039753,3.774682,3.384682
2015-01-08,2062.139893,101.29,104.743333,20.358771,19.687553,4.911888,2.043165,98.812352,0.86971,26.492295,2.03,0.41,4.501888,2.881888,3.774682,3.364682
2015-01-09,2044.810059,101.29,104.743333,20.18768,19.522102,4.953516,1.937589,97.78481,0.86971,26.492295,1.98,0.36,4.593516,2.973516,3.774682,3.414682
2015-01-12,2028.26001,101.29,104.743333,20.024287,19.364097,4.993936,1.837175,97.15415,0.86971,26.492295,1.92,0.35,4.643936,3.073936,3.774682,3.424682
2015-01-13,2023.030029,101.29,104.743333,19.972653,19.314165,5.006846,1.803441,96.761453,0.86971,26.492295,1.91,0.37,4.636846,3.096846,3.774682,3.404682
2015-01-14,2011.27002,101.29,104.743333,19.856551,19.201891,5.036121,1.73174,96.29045,0.86971,26.492295,1.86,0.29,4.746121,3.176121,3.774682,3.484682
2015-01-15,1992.670044,101.29,103.526667,19.67292,19.247891,5.08313,1.620434,95.189274,0.86971,26.492295,1.77,0.19,4.89313,3.31313,3.774682,3.584682
2015-01-16,2019.420044,101.29,103.526667,19.937013,19.506279,5.015797,1.774163,96.453901,0.86971,26.492295,1.83,0.23,4.785797,3.185797,3.774682,3.544682
2015-01-20,2022.550049,101.29,103.526667,19.967914,19.536513,5.008034,1.789506,96.614173,0.86971,26.492295,1.82,0.23,4.778034,3.188034,3.774682,3.544682
2015-01-21,2032.119995,101.29,103.526667,20.062395,19.628952,4.98445,1.842253,97.167585,0.86971,26.492295,1.87,0.26,4.72445,3.11445,3.774682,3.514682
2015-01-22,2063.149902,101.29,103.526667,20.368742,19.928681,4.909483,2.019423,98.820755,0.86971,26.492295,1.9,0.29,4.619483,3.009483,3.774682,3.484682
2015-01-23,2051.820068,101.29,103.526667,20.256887,19.819242,4.936593,1.949648,98.11469,0.86971,26.492295,1.81,0.21,4.726593,3.126593,3.774682,3.564682
2015-01-26,2057.090088,101.29,103.526667,20.308916,19.870147,4.923946,1.976535,98.273155,0.86971,26.492295,1.83,0.22,4.703946,3.093946,3.774682,3.554682
2015-01-27,2029.550049,101.29,103.526667,20.037023,19.604128,4.990761,1.8132,96.862745,0.86971,26.492295,1.83,0.17,4.820761,3.160761,3.774682,3.604682
2015-01-28,2002.160034,101.29,103.526667,19.766611,19.339559,5.059036,1.65152,95.219436,0.86971,26.492295,1.73,0.12,4.939036,3.329036,3.774682,3.654682
2015-01-29,2021.25,101.29,103.526667,19.955079,19.523955,5.011255,1.759615,96.084573,0.86971,26.492295,1.77,0.15,4.861255,3.241255,3.774682,3.624682
2015-01-30,1994.98999,101.29,103.526667,19.695824,19.270301,5.077218,1.604903,94.757433,0.86971,26.492295,1.68,0.03,5.047218,3.397218,3.774682,3.744682
2015-02-02,2020.849976,100.27,103.526667,20.154084,19.520091,4.961774,1.870924,97.498045,-0.361047,26.995514,1.68,0.03,4.931774,3.281774,3.704319,3.674319
2015-02-03,2050.030029,100.27,103.526667,20.445099,19.801951,4.891148,2.037673,98.984375,-0.361047,26.995514,1.79,0.09,4.801148,3.101148,3.704319,3.614319
2015-02-04,2041.51001,100.27,103.526667,20.360128,19.719654,4.911561,1.98401,98.672912,-0.361047,26.995514,1.81,0.1,4.811561,3.101561,3.704319,3.604319
2015-02-05,2062.52002,100.27,103.526667,20.569662,19.922597,4.861529,2.102281,99.063963,-0.361047,26.995514,1.83,0.13,4.731529,3.031529,3.704319,3.574319
2015-02-06,2055.469971,100.27,103.526667,20.499351,19.854498,4.878203,2.056945,98.908807,-0.361047,26.995514,1.95,0.24,4.638203,2.928203,3.704319,3.464319
2015-02-09,2046.73999,100.27,103.526667,20.412287,19.770172,4.89901,2.002163,98.598131,-0.361047,26.995514,1.96,0.25,4.64901,2.93901,3.704319,3.454319
2015-02-10,2068.590088,100.27,103.526667,20.630199,19.981229,4.847263,2.124744,99.066148,-0.361047,26.995514,2.01,0.31,4.537263,2.837263,3.704319,3.394319
2015-02-11,2068.530029,100.27,103.526667,20.6296,19.980649,4.847404,2.11985,98.989114,-0.361047,26.995514,2.0,0.32,4.527404,2.847404,3.704319,3.384319
2015-02-12,2088.47998,100.27,103.526667,20.828563,20.173353,4.801099,2.230433,99.067599,-0.361047,26.995514,1.99,0.33,4.471099,2.811099,3.704319,3.374319
2015-02-13,2096.98999,100.27,103.526667,20.913434,20.255554,4.781616,2.274274,99.145963,-0.361047,26.995514,2.02,0.34,4.441616,2.761616,3.704319,3.364319
2015-02-17,2100.340088,100.27,102.31,20.946844,20.529177,4.773989,2.288098,99.456943,-0.361047,26.995514,2.14,0.43,4.343989,2.633989,3.704319,3.274319
2015-02-18,2099.679932,100.27,102.31,20.940261,20.522724,4.77549,2.278792,99.302326,-0.361047,26.995514,2.07,0.36,4.41549,2.70549,3.704319,3.344319
2015-02-19,2097.449951,100.27,102.31,20.918021,20.500928,4.780567,2.260562,98.993029,-0.361047,26.995514,2.11,0.37,4.410567,2.670567,3.704319,3.334319
2015-02-20,2110.300049,100.27,102.31,21.046176,20.626528,4.751457,2.328728,99.613003,-0.361047,26.995514,2.13,0.38,4.371457,2.621457,3.704319,3.324319
2015-02-23,2109.659912,100.27,102.31,21.039792,20.620271,4.752899,2.319303,99.535963,-0.361047,26.995514,2.06,0.34,4.412899,2.692899,3.704319,3.364319
2015-02-24,2115.47998,100.27,102.31,21.097836,20.677157,4.739823,2.346769,99.690881,-0.361047,26.995514,1.99,0.27,4.469823,2.749823,3.704319,3.434319
2015-02-25,2113.860107,100.27,102.31,21.081681,20.661324,4.743455,2.331672,99.53668,-0.361047,26.995514,1.96,0.24,4.503455,2.783455,3.704319,3.464319
2015-02-26,2110.73999,100.27,102.31,21.050563,20.630828,4.750467,2.308174,99.459877,-0.361047,26.995514,2.03,0.24,4.510467,2.720467,3.704319,3.464319
2015-02-27,2104.5,100.27,102.31,20.988332,20.569837,4.764552,2.267168,99.151889,-0.361047,26.995514,2.0,0.17,4.594552,2.764552,3.704319,3.534319
2015-03-02,2117.389893,99.25,102.31,21.333903,20.695825,4.687375,2.457936,100.0,-1.586515,26.728605,2.08,0.25,4.437375,2.607375,3.74131,3.49131
2015-03-03,2107.780029,99.25,102.31,21.237078,20.601896,4.708746,2.396469,99.923018,-1.586515,26.728605,2.12,0.26,4.448746,2.588746,3.74131,3.48131
2015-03-04,2098.530029,99.25,102.31,21.143879,20.511485,4.729501,2.337578,99.692308,-1.586515,26.728605,2.12,0.25,4.479501,2.609501,3.74131,3.49131
2015-03-05,2101.040039,99.25,102.31,21.169169,20.536018,4.723851,2.34606,99.769408,-1.586515,26.728605,2.11,0.27,4.453851,2.613851,3.74131,3.47131
2015-03-06,2071.26001,99.25,102.31,20.869118,20.244942,4.791769,2.171061,98.003072,-1.586515,26.728605,2.24,0.41,4.381769,2.551769,3.74131,3.33131
2015-03-09,2079.429932,99.25,102.31,20.951435,20.324797,4.772943,2.212667,98.695318,-1.586515,26.728605,2.2,0.44,4.332943,2.572943,3.74131,3.30131
2015-03-10,2044.160034,99.25,102.31,20.596071,19.980061,4.855295,2.007775,97.622699,-1.586515,26.728605,2.14,0.41,4.445295,2.715295,3.74131,3.33131
2015-03-11,2040.23999,99.25,102.31,20.556574,19.941746,4.864624,1.981707,97.394636,-1.586515,26.728605,2.11,0.39,4.474624,2.754624,3.74131,3.35131
2015-03-12,2065.949951,99.25,102.31,20.815617,20.19304,4.804085,2.123399,97.779479,-1.586515,26.728605,2.1,0.39,4.414085,2.704085,3.74131,3.35131
2015-03-13,2053.399902,99.25,102.31,20.689168,20.070373,4.833447,2.048052,97.704667,-1.586515,26.728605,2.13,0.44,4.393447,2.703447,3.74131,3.30131
2015-03-16,2081.189941,99.25,102.31,20.969168,20.341999,4.768906,2.200725,98.776758,-1.586515,26.728605,2.1,0.45,4.318906,2.668906,3.74131,3.29131
2015-03-17,2074.280029,99.25,101.29,20.899547,20.478626,4.784793,2.15692,97.937357,-1.586515,26.728605,2.06,0.42,4.364793,2.724793,3.74131,3.32131
2015-03-18,2099.5,99.25,101.29,21.153652,20.727614,4.727316,2.294035,99.618321,-1.586515,26.728605,1.93,0.23,4.497316,2.797316,3.74131,3.51131
2015-03-19,2089.27002,99.25,101.29,21.05058,20.626617,4.750463,2.231171,99.084668,-1.586515,26.728605,1.98,0.19,4.560463,2.770463,3.74131,3.55131
2015-03-20,2108.100098,99.25,101.29,21.240303,20.812519,4.708031,2.331578,99.92378,-1.586515,26.728605,1.93,0.17,4.538031,2.778031,3.74131,3.57131
2015-03-23,2104.419922,99.25,101.29,21.203223,20.776186,4.716264,2.305301,99.771516,-1.586515,26.728605,1.92,0.17,4.546264,2.796264,3.74131,3.57131
2015-03-24,2091.5,99.25,101.29,21.073048,20.648633,4.745398,2.227638,98.934551,-1.586515,26.728605,1.88,0.11,4.635398,2.865398,3.74131,3.63131
2015-03-25,2061.050049,99.25,101.29,20.766247,20.348011,4.815507,2.052732,97.186312,-1.586515,26.728605,1.93,0.12,4.695507,2.885507,3.74131,3.62131
2015-03-26,2056.149902,99.25,101.29,20.716876,20.299634,4.826983,2.021357,97.112462,-1.586515,26.728605,2.01,0.21,4.616983,2.816983,3.74131,3.53131
2015-03-27,2061.02002,99.25,101.29,20.765945,20.347715,4.815577,2.044577,97.114655,-1.586515,26.728605,1.95,0.19,4.625577,2.865577,3.74131,3.55131
2015-03-30,2086.23999,99.25,101.29,21.02005,20.596702,4.757363,2.18077,98.482549,-1.586515,26.728605,1.96,0.23,4.527363,2.797363,3.74131,3.51131
2015-03-31,2067.889893,99.25,101.29,20.835163,20.415538,4.799579,2.074161,97.27066,-1.586515,26.728605,1.94,0.18,4.619579,2.859579,3.74131,3.56131
2015-04-01,2059.689941,97.803333,101.29,21.059507,20.334583,4.748449,2.193442,98.863636,-3.743193,26.791372,1.87,0.07,4.678449,2.878449,3.732545,3.662545
2015-04-02,2066.959961,97.803333,101.29,21.13384,20.406358,4.731748,2.229452,99.318698,-3.743193,26.791372,1.92,0.11,4.621748,2.811748,3.732545,3.622545
2015-04-06,2080.620117,97.803333,101.29,21.273509,20.541219,4.700682,2.301001,99.924357,-3.743193,26.791372,1.92,0.07,4.630682,2.780682,3.732545,3.662545
2015-04-07,2076.330078,97.803333,101.29,21.229645,20.498865,4.710394,2.271533,99.697657,-3.743193,26.791372,1.89,0.04,4.670394,2.820394,3.732545,3.692545
2015-04-08,2081.899902,97.803333,101.29,21.286595,20.553854,4.697792,2.29738,99.924471,-3.743193,26.791372,1.92,0.08,4.617792,2.777792,3.732545,3.652545
2015-04-09,2091.179932,97.803333,101.29,21.381479,20.645473,4.676945,2.343704,100.0,-3.743193,26.791372,1.97,0.13,4.546945,2.706945,3.732545,3.602545
2015-04-10,2102.060059,97.803333,101.29,21.492724,20.752888,4.652737,2.398539,100.0,-3.743193,26.791372,1.96,0.14,4.512737,2.692737,3.732545,3.592545
2015-04-13,2092.429932,97.803333,101.29,21.39426,20.657814,4.674151,2.338945,99.924642,-3.743193,26.791372,1.94,0.14,4.534151,2.734151,3.732545,3.592545
2015-04-14,2095.840088,97.803333,101.29,21.429127,20.691481,4.666546,2.352178,99.924699,-3.743193,26.791372,1.9,0.1,4.566546,2.766546,3.732545,3.632545
2015-04-15,2106.629883,97.803333,101.29,21.539449,20.798005,4.642644,2.406154,100.0,-3.743193,26.791372,1.91,0.07,4.572644,2.732644,3.732545,3.662545
2015-04-16,2104.98999,97.803333,101.29,21.522682,20.781814,4.646261,2.390965,99.924812,-3.743193,26.791372,1.9,0.05,4.596261,2.746261,3.732545,3.682545
2015-04-17,2081.179932,97.803333,100.27,21.279233,20.755759,4.699417,2.253543,99.398948,-3.743193,26.791372,1.87,-0.02,4.719417,2.829417,3.732545,3.752545
2015-04-20,2100.399902,97.803333,100.27,21.47575,20.947441,4.656415,2.354332,99.774775,-3.743193,26.791372,1.9,0.01,4.646415,2.756415,3.732545,3.722545
2015-04-21,2097.290039,97.803333,100.27,21.443953,20.916426,4.663319,2.331462,99.699925,-3.743193,26.791372,1.92,0.06,4.603319,2.743319,3.732545,3.672545
2015-04-22,2107.959961,97.803333,100.27,21.553048,21.022838,4.639715,2.384438,100.0,-3.743193,26.791372,1.99,0.12,4.519715,2.649715,3.732545,3.612545
2015-04-23,2112.929932,97.803333,100.27,21.603864,21.072404,4.628802,2.405718,100.0,-3.743193,26.791372,1.96,0.07,4.558802,2.668802,3.732545,3.662545
2015-04-24,2117.689941,97.803333,100.27,21.652533,21.119876,4.618397,2.425658,100.0,-3.743193,26.791372,1.93,0.04,4.578397,2.688397,3.732545,3.692545
2015-04-27,2108.919922,97.803333,100.27,21.562864,21.032412,4.637603,2.371544,99.850411,-3.743193,26.791372,1.94,0.03,4.607603,2.697603,3.732545,3.702545
2015-04-28,2114.76001,97.803333,100.27,21.622576,21.090655,4.624796,2.397523,99.925262,-3.743193,26.791372,2.0,0.11,4.514796,2.624796,3.732545,3.622545
2015-04-29,2106.850098,97.803333,100.27,21.5417,21.011769,4.642159,2.348453,99.626587,-3.743193,26.791372,2.06,0.14,4.502159,2.582159,3.732545,3.592545
2015-04-30,2085.51001,97.803333,100.27,21.323507,20.798943,4.68966,2.226773,98.880597,-3.743193,26.791372,2.05,0.11,4.57966,2.63966,3.732545,3.622545
2015-05-01,2108.290039,96.356667,100.27,21.880064,21.02613,4.570371,2.517112,100.0,-5.867987,26.806111,2.12,0.18,4.390371,2.450371,3.730493,3.550493
2015-05-04,2114.48999,96.356667,100.27,21.944408,21.087962,4.55697,2.544291,100.0,-5.867987,26.806111,2.16,0.24,4.31697,2.39697,3.730493,3.490493
2015-05-05,2089.459961,96.356667,100.27,21.684643,20.838336,4.611558,2.400045,99.85108,-5.867987,26.806111,2.19,0.25,4.361558,2.421558,3.730493,3.480493
2015-05-06,2080.149902,96.356667,100.27,21.588023,20.745486,4.632198,2.34306,99.553571,-5.867987,26.806111,2.25,0.34,4.292198,2.382198,3.730493,3.390493
2015-05-07,2088.0,96.356667,100.27,21.669492,20.823776,4.614783,2.380323,99.776952,-5.867987,26.806111,2.18,0.3,4.314783,2.434783,3.730493,3.430493
2015-05-08,2116.100098,96.356667,100.27,21.961118,21.10402,4.553502,2.527676,100.0,-5.867987,26.806111,2.16,0.28,4.273502,2.393502,3.730493,3.450493
2015-05-11,2105.330078,96.356667,100.27,21.849345,20.99661,4.576796,2.462163,99.777283,-5.867987,26.806111,2.28,0.4,4.176796,2.296796,3.730493,3.330493
2015-05-12,2099.120117,96.356667,100.27,21.784898,20.934678,4.590336,2.421996,99.703264,-5.867987,26.806111,2.28,0.4,4.190336,2.310336,3.730493,3.330493
2015-05-13,2098.47998,96.356667,100.27,21.778254,20.928293,4.591736,2.412377,99.629355,-5.867987,26.806111,2.27,0.41,4.181736,2.321736,3.730493,3.320493
2015-05-14,2121.100098,96.356667,100.27,22.013008,21.153885,4.542768,2.528718,100.0,-5.867987,26.806111,2.23,0.36,4.182768,2.312768,3.730493,3.370493
2015-05-15,2122.72998,96.356667,99.25,22.029923,21.387708,4.53928,2.530617,100.0,-5.867987,26.806111,2.14,0.31,4.22928,2.39928,3.730493,3.420493
2015-05-18,2129.199951,96.356667,99.25,22.097069,21.452896,4.525487,2.558569,100.0,-5.867987,26.806111,2.23,0.37,4.155487,2.295487,3.730493,3.360493
2015-05-19,2127.830078,96.356667,99.25,22.082853,21.439094,4.5284,2.544089,99.92609,-5.867987,26.806111,2.27,0.42,4.1084,2.2584,3.730493,3.310493
2015-05-20,2125.850098,96.356667,99.25,22.062304,21.419145,4.532618,2.526463,99.85229,-5.867987,26.806111,2.26,0.38,4.152618,2.272618,3.730493,3.350493
2015-05-21,2130.820068,96.356667,99.25,22.113883,21.46922,4.522046,2.546217,100.0,-5.867987,26.806111,2.19,0.35,4.172046,2.332046,3.730493,3.380493
2015-05-22,2126.060059,96.356667,99.25,22.064483,21.42126,4.532171,2.513769,99.778761,-5.867987,26.806111,2.21,0.34,4.192171,2.322171,3.730493,3.390493
2015-05-26,2104.199951,96.356667,99.25,21.837617,21.201007,4.579254,2.390343,99.189388,-5.867987,26.806111,2.14,0.32,4.259254,2.439254,3.730493,3.410493
2015-05-27,2123.47998,96.356667,99.25,22.037707,21.395264,4.537677,2.487173,99.631811,-5.867987,26.806111,2.14,0.34,4.197677,2.397677,3.730493,3.390493
2015-05-28,2120.790039,96.356667,99.25,22.00979,21.368162,4.543433,2.466313,99.411332,-5.867987,26.806111,2.13,0.33,4.213433,2.413433,3.730493,3.400493
2015-05-29,2107.389893,96.356667,99.25,21.870722,21.233148,4.572323,2.388777,99.117647,-5.867987,26.806111,2.12,0.32,4.252323,2.452323,3.730493,3.410493
2015-06-01,2111.72998,94.91,99.25,22.249815,21.276876,4.494419,2.576411,100.0,-7.961598,26.495895,2.19,0.39,4.104419,2.304419,3.77417,3.38417
2015-06-02,2109.600098,94.91,99.25,22.227374,21.255417,4.498957,2.557782,99.926579,-7.961598,26.495895,2.27,0.44,4.058957,2.228957,3.77417,3.33417
2015-06-03,2114.070068,94.91,99.25,22.274471,21.300454,4.489444,2.574656,100.0,-7.961598,26.495895,2.38,0.55,3.939444,2.109444,3.77417,3.22417
2015-06-04,2095.840088,94.91,99.25,22.082395,21.116777,4.528494,2.470058,99.560117,-7.961598,26.495895,2.31,0.5,4.028494,2.218494,3.77417,3.27417
2015-06-05,2092.830078,94.91,99.25,22.05068,21.086449,4.535007,2.44759,99.340659,-7.961598,26.495895,2.41,0.55,3.985007,2.125007,3.77417,3.22417
2015-06-08,2079.280029,94.91,99.25,21.907913,20.949925,4.564561,2.369156,98.828697,-7.961598,26.495895,2.39,0.54,4.024561,2.174561,3.77417,3.23417
2015-06-09,2080.149902,94.91,99.25,21.917078,20.958689,4.562652,2.368067,98.829554,-7.961598,26.495895,2.42,0.56,4.002652,2.142652,3.77417,3.21417
2015-06-10,2105.199951,94.91,99.25,22.181013,21.211083,4.50836,2.495346,99.780702,-7.961598,26.495895,2.5,0.63,3.87836,2.00836,3.77417,3.14417
2015-06-11,2108.860107,94.91,99.25,22.219578,21.247961,4.500536,2.508164,99.780862,-7.961598,26.495895,2.39,0.56,3.940536,2.110536,3.77417,3.21417
2015-06-12,2094.110107,94.91,99.25,22.064167,21.099346,4.532235,2.423519,99.270073,-7.961598,26.495895,2.39,0.55,3.982235,2.142235,3.77417,3.22417
2015-06-15,2084.429932,94.91,97.803333,21.962174,21.312463,4.553283,2.366348,98.760029,-7.961598,26.495895,2.36,0.51,4.043283,2.193283,3.77417,3.26417
2015-06-16,2096.290039,94.91,97.803333,22.087136,21.433728,4.527522,2.423186,99.489796,-7.961598,26.495895,2.32,0.44,4.087522,2.207522,3.77417,3.33417
2015-06-17,2100.439941,94.91,97.803333,22.13086,21.476159,4.518577,2.438969,99.635834,-7.961598,26.495895,2.32,0.42,4.098577,2.198577,3.77417,3.35417
2015-06-18,2121.23999,94.91,97.803333,22.350016,21.688831,4.47427,2.542009,100.0,-7.961598,26.495895,2.35,0.46,4.01427,2.12427,3.77417,3.31417
2015-06-19,2109.98999,94.91,97.803333,22.231482,21.573805,4.498126,2.476197,99.781818,-7.961598,26.495895,2.26,0.4,4.098126,2.238126,3.77417,3.37417
2015-06-22,2122.850098,94.91,97.803333,22.36698,21.705294,4.470876,2.537041,100.0,-7.961598,26.495895,2.37,0.47,4.000876,2.100876,3.77417,3.30417
2015-06-23,2124.199951,94.91,97.803333,22.381203,21.719096,4.468035,2.537253,100.0,-7.961598,26.495895,2.42,0.5,3.968035,2.048035,3.77417,3.27417
2015-06-24,2108.580078,94.91,97.803333,22.216627,21.559389,4.501133,2.449066,99.419448,-7.961598,26.495895,2.38,0.48,4.021133,2.121133,3.77417,3.29417
2015-06-25,2102.310059,94.91,97.803333,22.150564,21.49528,4.514558,2.410257,99.274837,-7.961598,26.495895,2.4,0.49,4.024558,2.114558,3.77417,3.28417
2015-06-26,2101.48999,94.91,97.803333,22.141924,21.486895,4.516319,2.400067,99.202899,-7.961598,26.495895,2.49,0.57,3.946319,2.026319,3.77417,3.20417
2015-06-29,2057.639893,94.91,97.803333,21.679906,21.038546,4.612566,2.166764,97.248371,-7.961598,26.495895,2.33,0.46,4.152566,2.282566,3.77417,3.31417
2015-06-30,2063.110107,94.91,97.803333,21.737542,21.094476,4.600336,2.190658,97.322721,-7.961598,26.495895,2.35,0.48,4.120336,2.250336,3.77417,3.29417
2015-07-01,2077.419922,93.493333,97.803333,22.219979,21.240789,4.500454,2.422897,99.493854,-10.160154,26.381136,2.43,0.54,3.960454,2.070454,3.790587,3.250587
2015-07-02,2076.780029,93.493333,97.803333,22.213135,21.234246,4.501841,2.413546,99.277457,-10.160154,26.381136,2.4,0.49,4.011841,2.101841,3.790587,3.300587
2015-07-06,2068.76001,93.493333,97.803333,22.127353,21.152244,4.519293,2.365669,98.916968,-10.160154,26.381136,2.3,0.43,4.089293,2.219293,3.790587,3.360587
2015-07-07,2081.340088,93.493333,97.803333,22.261909,21.280871,4.491978,2.425735,99.7114,-10.160154,26.381136,2.27,0.4,4.091978,2.221978,3.790587,3.390587
2015-07-08,2046.680054,93.493333,97.803333,21.891187,20.926486,4.568048,2.239027,97.476568,-10.160154,26.381136,2.22,0.39,4.178048,2.348048,3.790587,3.400587
2015-07-09,2051.310059,93.493333,97.803333,21.940709,20.973826,4.557738,2.258301,97.622478,-10.160154,26.381136,2.32,0.47,4.087738,2.237738,3.790587,3.320587
2015-07-10,2076.620117,93.493333,97.803333,22.211425,21.232611,4.502188,2.38493,99.136069,-10.160154,26.381136,2.42,0.55,3.952188,2.082188,3.790587,3.240587
2015-07-13,2099.600098,93.493333,97.803333,22.457217,21.467572,4.452911,2.498395,100.0,-10.160154,26.381136,2.44,0.58,3.872911,2.012911,3.790587,3.210587
2015-07-14,2108.949951,93.493333,97.803333,22.557223,21.563171,4.43317,2.540292,100.0,-10.160154,26.381136,2.41,0.56,3.87317,2.02317,3.790587,3.230587
2015-07-15,2107.399902,93.493333,96.356667,22.540644,21.870826,4.436431,2.525505,99.928161,-10.160154,26.381136,2.36,0.52,3.916431,2.076431,3.790587,3.270587
2015-07-16,2124.290039,93.493333,96.356667,22.7213,22.046114,4.401157,2.605874,100.0,-10.160154,26.381136,2.36,0.52,3.881157,2.041157,3.790587,3.270587
2015-07-17,2126.639893,93.493333,96.356667,22.746434,22.070501,4.396294,2.610695,100.0,-10.160154,26.381136,2.34,0.51,3.886294,2.056294,3.790587,3.280587
2015-07-20,2128.280029,93.493333,96.356667,22.763976,22.087522,4.392906,2.611818,100.0,-10.160154,26.381136,2.38,0.56,3.832906,2.012906,3.790587,3.230587
2015-07-21,2119.209961,93.493333,96.356667,22.666963,21.993392,4.411707,2.558079,99.7851,-10.160154,26.381136,2.35,0.53,3.881707,2.061707,3.790587,3.260587
2015-07-22,2114.149902,93.493333,96.356667,22.612841,21.940878,4.422266,2.525327,99.713672,-10.160154,26.381136,2.33,0.53,3.892266,2.092266,3.790587,3.260587
2015-07-23,2102.149902,93.493333,96.356667,22.48449,21.816341,4.44751,2.457444,99.499285,-10.160154,26.381136,2.28,0.49,3.95751,2.16751,3.790587,3.300587
2015-07-24,2079.649902,93.493333,96.356667,22.243831,21.582834,4.495628,2.336607,98.927806,-10.160154,26.381136,2.27,0.51,3.985628,2.225628,3.790587,3.280587
2015-07-27,2067.639893,93.493333,96.356667,22.115373,21.458192,4.521742,2.270088,98.0,-10.160154,26.381136,2.23,0.5,4.021742,2.291742,3.790587,3.290587
2015-07-28,2093.25,93.493333,96.356667,22.389297,21.723977,4.46642,2.395275,99.357602,-10.160154,26.381136,2.26,0.51,3.95642,2.20642,3.790587,3.280587
2015-07-29,2108.570068,93.493333,96.356667,22.55316,21.88297,4.433969,2.467226,99.57204,-10.160154,26.381136,2.29,0.52,3.913969,2.143969,3.790587,3.270587
2015-07-30,2108.629883,93.493333,96.356667,22.553799,21.883591,4.433843,2.461313,99.572345,-10.160154,26.381136,2.28,0.51,3.923843,2.153843,3.790587,3.280587
2015-07-31,2103.840088,93.493333,96.356667,22.502568,21.833882,4.443937,2.430942,99.358974,-10.160154,26.381136,2.2,0.46,3.983937,2.243937,3.790587,3.330587
2015-08-03,2098.040039,92.076667,96.356667,22.785795,21.773688,4.388699,2.558502,100.0,-12.319071,25.693658,2.16,0.46,3.928699,2.228699,3.892011,3.432011
2015-08-04,2093.320068,92.076667,96.356667,22.734533,21.724704,4.398595,2.527543,99.786629,-12.319071,25.693658,2.23,0.52,3.878595,2.168595,3.892011,3.372011
2015-08-05,2099.840088,92.076667,96.356667,22.805344,21.792369,4.384937,2.554169,100.0,-12.319071,25.693658,2.28,0.58,3.804937,2.104937,3.892011,3.312011
2015-08-06,2083.560059,92.076667,96.356667,22.628535,21.623414,4.419199,2.464503,99.502841,-12.319071,25.693658,2.23,0.56,3.859199,2.189199,3.892011,3.332011
2015-08-07,2077.570068,92.076667,96.356667,22.56348,21.561249,4.43194,2.42789,99.361249,-12.319071,25.693658,2.18,0.52,3.91194,2.25194,3.892011,3.372011
2015-08-10,2104.179932,92.076667,96.356667,22.852477,21.837409,4.375893,2.556938,100.0,-12.319071,25.693658,2.24,0.55,3.825893,2.135893,3.892011,3.342011
2015-08-11,2084.070068,92.076667,96.356667,22.634074,21.628706,4.418118,2.448332,99.433026,-12.319071,25.693658,2.15,0.49,3.928118,2.268118,3.892011,3.402011
2015-08-12,2086.050049,92.076667,96.356667,22.655577,21.649255,4.413924,2.452291,99.433428,-12.319071,25.693658,2.14,0.52,3.893924,2.273924,3.892011,3.372011
2015-08-13,2083.389893,92.076667,96.356667,22.626687,21.621648,4.41956,2.432798,99.221515,-12.319071,25.693658,2.19,0.57,3.84956,2.22956,3.892011,3.322011
2015-08-14,2091.540039,92.076667,96.356667,22.715201,21.706231,4.402338,2.46791,99.50495,-12.319071,25.693658,2.2,0.58,3.822338,2.202338,3.892011,3.312011
2015-08-17,2102.439941,92.076667,94.91,22.83358,22.151933,4.379515,2.516529,99.929329,-12.319071,25.693658,2.16,0.58,3.799515,2.219515,3.892011,3.312011
2015-08-18,2096.919922,92.076667,94.91,22.77363,22.093772,4.391044,2.482338,99.717514,-12.319071,25.693658,2.2,0.62,3.771044,2.191044,3.892011,3.272011
2015-08-19,2079.610107,92.076667,94.91,22.585636,21.911391,4.427593,2.389371,98.870854,-12.319071,25.693658,2.12,0.55,3.877593,2.307593,3.892011,3.342011
2015-08-20,2035.72998,92.076667,94.91,22.109075,21.449057,4.523029,2.164117,96.685472,-12.319071,25.693658,2.09,0.53,3.993029,2.433029,3.892011,3.362011
2015-08-21,1970.890015,92.076667,94.91,21.40488,20.765884,4.671832,1.83529,93.657505,-12.319071,25.693658,2.05,0.52,4.151832,2.621832,3.892011,3.372011
2015-08-24,1893.209961,92.076667,94.91,20.561235,19.947423,4.863521,1.443497,89.577465,-12.319071,25.693658,2.01,0.52,4.343521,2.853521,3.892011,3.372011
2015-08-25,1867.609985,92.076667,94.91,20.283206,19.677695,4.930187,1.313684,88.388459,-12.319071,25.693658,2.12,0.59,4.340187,2.810187,3.892011,3.302011
2015-08-26,1940.51001,92.076667,94.91,21.074938,20.445791,4.744973,1.677406,92.053446,-12.319071,25.693658,2.18,0.65,4.094973,2.564973,3.892011,3.242011
2015-08-27,1987.660034,92.076667,94.91,21.587011,20.942578,4.632415,1.910828,94.3078,-12.319071,25.693658,2.18,0.6,4.032415,2.452415,3.892011,3.292011
2015-08-28,1988.869995,92.076667,94.91,21.600152,20.955326,4.629597,1.913751,94.382022,-12.319071,25.693658,2.19,0.58,4.049597,2.439597,3.892011,3.312011
2015-08-31,1972.180054,92.076667,94.91,21.418891,20.779476,4.668776,1.827383,93.54386,-12.319071,25.693658,2.21,0.58,4.088776,2.458776,3.892011,3.312011
2015-09-01,1913.849976,90.66,94.91,21.110192,20.164893,4.737048,1.682896,92.145863,-14.439411,24.496752,2.17,0.6,4.137048,2.567048,4.082174,3.482174
2015-09-02,1948.859985,90.66,94.91,21.49636,20.533769,4.65195,1.857787,93.833217,-14.439411,24.496752,2.2,0.64,4.01195,2.45195,4.082174,3.442174
2015-09-03,1951.130005,90.66,94.91,21.521399,20.557686,4.646538,1.866368,93.837535,-14.439411,24.496752,2.18,0.64,4.006538,2.466538,4.082174,3.442174
2015-09-04,1921.219971,90.66,94.91,21.191484,20.242545,4.718877,1.712373,92.512246,-14.439411,24.496752,2.13,0.62,4.098877,2.588877,4.082174,3.462174
2015-09-08,1969.410034,90.66,94.91,21.723031,20.75029,4.603409,1.953216,94.825175,-14.439411,24.496752,2.2,0.67,3.933409,2.403409,4.082174,3.412174
2015-09-09,1942.040039,90.66,94.91,21.421134,20.461912,4.668287,1.811972,93.361286,-14.439411,24.496752,2.21,0.65,4.018287,2.458287,4.082174,3.432174
2015-09-10,1952.290039,90.66,94.91,21.534194,20.569909,4.643777,1.8609,93.854749,-14.439411,24.496752,2.23,0.64,4.003777,2.413777,4.082174,3.442174
2015-09-11,1961.050049,90.66,94.91,21.630819,20.662207,4.623033,1.902089,94.48709,-14.439411,24.496752,2.2,0.61,4.013033,2.423033,4.082174,3.472174
2015-09-14,1953.030029,90.66,93.493333,21.542356,20.889511,4.642018,1.858707,93.933054,-14.439411,24.496752,2.18,0.62,4.022018,2.462018,4.082174,3.462174
2015-09-15,1978.089966,90.66,93.493333,21.818773,21.157551,4.583209,1.981693,95.052265,-14.439411,24.496752,2.28,0.72,3.863209,2.303209,4.082174,3.362174
2015-09-16,1995.310059,90.66,93.493333,22.008715,21.341736,4.543655,2.064664,95.821727,-14.439411,24.496752,2.3,0.73,3.813655,2.243655,4.082174,3.352174
2015-09-17,1990.199951,90.66,93.493333,21.952349,21.287079,4.555321,2.035292,95.615866,-14.439411,24.496752,2.21,0.63,3.925321,2.345321,4.082174,3.452174
2015-09-18,1958.030029,90.66,93.493333,21.597507,20.942991,4.630164,1.870626,94.019471,-14.439411,24.496752,2.13,0.58,4.050164,2.500164,4.082174,3.502174
2015-09-21,1966.969971,90.66,93.493333,21.696117,21.038612,4.60912,1.912428,94.579569,-14.439411,24.496752,2.2,0.66,3.94912,2.40912,4.082174,3.422174
2015-09-22,1942.73999,90.66,93.493333,21.428855,20.779449,4.666605,1.78822,92.847222,-14.439411,24.496752,2.14,0.63,4.036605,2.526605,4.082174,3.452174
2015-09-23,1938.76001,90.66,93.493333,21.384955,20.73688,4.676185,1.765733,92.505205,-14.439411,24.496752,2.16,0.64,4.036185,2.516185,4.082174,3.442174
2015-09-24,1932.23999,90.66,93.493333,21.313038,20.667142,4.691964,1.730659,92.23301,-14.439411,24.496752,2.13,0.64,4.051964,2.561964,4.082174,3.442174
2015-09-25,1931.339966,90.66,93.493333,21.30311,20.657515,4.69415,1.723774,92.169092,-14.439411,24.496752,2.17,0.71,3.98415,2.52415,4.082174,3.372174
2015-09-28,1881.77002,90.66,93.493333,20.756343,20.127318,4.817804,1.474106,88.711911,-14.439411,24.496752,2.1,0.71,4.107804,2.717804,4.082174,3.372174
2015-09-29,1884.089966,90.66,93.493333,20.781932,20.152132,4.811872,1.484063,88.858131,-14.439411,24.496752,2.05,0.66,4.151872,2.761872,4.082174,3.422174
2015-09-30,1920.030029,90.66,93.493333,21.178359,20.536545,4.721801,1.661591,91.493776,-14.439411,24.496752,2.06,0.65,4.071801,2.661801,4.082174,3.432174
2015-10-01,1923.819946,89.283333,93.493333,21.547358,20.577082,4.64094,1.826008,93.642018,-14.759889,25.491441,2.05,0.59,4.05094,2.59094,3.922885,3.332885
2015-10-02,1951.359985,89.283333,93.493333,21.855815,20.871649,4.575441,1.962331,95.096685,-14.759889,25.491441,1.99,0.51,4.065441,2.585441,3.922885,3.412885
2015-10-05,1987.050049,89.283333,93.493333,22.255554,21.253388,4.49326,2.138962,97.860594,-14.759889,25.491441,2.07,0.56,3.93326,2.42326,3.922885,3.362885
2015-10-06,1979.920044,89.283333,93.493333,22.175696,21.177125,4.509441,2.098971,97.103448,-14.759889,25.491441,2.05,0.53,3.979441,2.459441,3.922885,3.392885
2015-10-07,1995.829956,89.283333,93.493333,22.353892,21.347297,4.473494,2.175045,98.070296,-14.759889,25.491441,2.08,0.53,3.943494,2.393494,3.922885,3.392885
2015-10-08,2013.430054,89.283333,93.493333,22.551018,21.535547,4.43439,2.259089,98.553719,-14.759889,25.491441,2.12,0.54,3.89439,2.31439,3.922885,3.382885
2015-10-09,2014.890015,89.283333,93.493333,22.56737,21.551163,4.431177,2.261669,98.830007,-14.759889,25.491441,2.12,0.58,3.851177,2.311177,3.922885,3.342885
2015-10-12,2017.459961,89.283333,93.493333,22.596154,21.578651,4.425532,2.269781,98.899587,-14.759889,25.491441,2.12,0.58,3.845532,2.305532,3.922885,3.342885
2015-10-13,2003.689941,89.283333,93.493333,22.441926,21.431367,4.455946,2.196184,98.075601,-14.759889,25.491441,2.06,0.54,3.915946,2.395946,3.922885,3.382885
2015-10-14,1994.23999,89.283333,93.493333,22.336084,21.330291,4.477061,2.144628,97.664835,-14.759889,25.491441,1.99,0.5,3.977061,2.487061,3.922885,3.422885
2015-10-15,2023.859985,89.283333,92.076667,22.667836,21.980161,4.411537,2.288158,99.313658,-14.759889,25.491441,2.04,0.54,3.871537,2.371537,3.922885,3.382885
2015-10-16,2033.109985,89.283333,92.076667,22.771439,22.080621,4.391466,2.329295,99.657064,-14.759889,25.491441,2.04,0.56,3.831466,2.351466,3.922885,3.362885
2015-10-19,2033.660034,89.283333,92.076667,22.7776,22.086595,4.390278,2.326909,99.72584,-14.759889,25.491441,2.04,0.59,3.800278,2.350278,3.922885,3.332885
2015-10-20,2030.77002,89.283333,92.076667,22.745231,22.055208,4.396526,2.307474,99.383562,-14.759889,25.491441,2.08,0.6,3.796526,2.316526,3.922885,3.322885
2015-10-21,2018.939941,89.283333,92.076667,22.61273,21.926727,4.422288,2.243889,98.631075,-14.759889,25.491441,2.04,0.59,3.832288,2.382288,3.922885,3.332885
2015-10-22,2052.51001,89.283333,92.076667,22.988725,22.291315,4.349958,2.40529,100.0,-14.759889,25.491441,2.04,0.57,3.779958,2.309958,3.922885,3.352885
2015-10-23,2075.149902,89.283333,92.076667,23.242299,22.537196,4.3025,2.511435,100.0,-14.759889,25.491441,2.09,0.58,3.7225,2.2125,3.922885,3.342885
2015-10-26,2071.179932,89.283333,92.076667,23.197834,22.49408,4.310747,2.485634,99.931694,-14.759889,25.491441,2.07,0.59,3.720747,2.240747,3.922885,3.332885
2015-10-27,2065.889893,89.283333,92.076667,23.138584,22.436628,4.321786,2.453552,99.863481,-14.759889,25.491441,2.05,0.57,3.751786,2.271786,3.922885,3.352885
2015-10-28,2090.350098,89.283333,92.076667,23.412546,22.702278,4.271214,2.567714,100.0,-14.759889,25.491441,2.1,0.63,3.641214,2.171214,3.922885,3.292885
2015-10-29,2089.409912,89.283333,92.076667,23.402015,22.692067,4.273136,2.556483,99.931834,-14.759889,25.491441,2.19,0.67,3.603136,2.083136,3.922885,3.252885
2015-10-30,2079.360107,89.283333,92.076667,23.289454,22.582921,4.293789,2.500818,99.86376,-14.759889,25.491441,2.16,0.63,3.663789,2.133789,3.922885,3.292885
2015-11-02,2104.050049,87.906667,92.076667,23.935045,22.851067,4.177974,2.775722,100.0,-15.0879,26.225852,2.2,0.65,3.527974,1.977974,3.813032,3.163032
2015-11-03,2109.790039,87.906667,92.076667,24.000342,22.913406,4.166607,2.79587,100.0,-15.0879,26.225852,2.23,0.65,3.516607,1.936607,3.813032,3.163032
2015-11-04,2102.310059,87.906667,92.076667,23.915252,22.832169,4.181432,2.750672,99.864038,-15.0879,26.225852,2.25,0.68,3.501432,1.931432,3.813032,3.133032
2015-11-05,2099.929932,87.906667,92.076667,23.888176,22.80632,4.186171,2.730992,99.796196,-15.0879,26.225852,2.26,0.71,3.476171,1.926171,3.813032,3.103032
2015-11-06,2099.199951,87.906667,92.076667,23.879872,22.798392,4.187627,2.719595,99.728445,-15.0879,26.225852,2.34,0.75,3.437627,1.847627,3.813032,3.063032
2015-11-09,2078.580078,87.906667,92.076667,23.645306,22.57445,4.229169,2.610906,99.660787,-15.0879,26.225852,2.36,0.76,3.469169,1.869169,3.813032,3.053032
2015-11-10,2081.719971,87.906667,92.076667,23.681025,22.60855,4.22279,2.619355,99.661017,-15.0879,26.225852,2.32,0.77,3.45279,1.90279,3.813032,3.043032
2015-11-11,2075.0,87.906667,92.076667,23.604581,22.535568,4.236466,2.579614,99.525745,-15.0879,26.225852,2.32,0.77,3.466466,1.916466,3.813032,3.043032
2015-11-12,2045.969971,87.906667,92.076667,23.274344,22.220287,4.296577,2.431515,99.255247,-15.0879,26.225852,2.32,0.78,3.516577,1.976577,3.813032,3.033032
2015-11-13,2023.040039,87.906667,92.076667,23.0135,21.971256,4.345276,2.314242,98.985115,-15.0879,26.225852,2.28,0.76,3.585276,2.065276,3.813032,3.053032
2015-11-16,2053.189941,87.906667,90.66,23.356476,22.647143,4.281468,2.455795,99.323867,-15.0879,26.225852,2.27,0.76,3.521468,2.011468,3.813032,3.053032
2015-11-17,2050.439941,87.906667,90.66,23.325193,22.616809,4.28721,2.436639,99.256757,-15.0879,26.225852,2.25,0.72,3.56721,2.03721,3.813032,3.093032
2015-11-18,2083.580078,87.906667,90.66,23.702185,22.982353,4.21902,2.591346,99.66239,-15.0879,26.225852,2.27,0.71,3.50902,1.94902,3.813032,3.103032
2015-11-19,2081.23999,87.906667,90.66,23.675565,22.956541,4.223764,2.573319,99.527665,-15.0879,26.225852,2.24,0.68,3.543764,1.983764,3.813032,3.133032
2015-11-20,2089.169922,87.906667,90.66,23.765773,23.04401,4.207732,2.604944,99.662846,-15.0879,26.225852,2.26,0.66,3.547732,1.947732,3.813032,3.153032
2015-11-23,2086.590088,87.906667,90.66,23.736426,23.015554,4.212934,2.58572,99.595687,-15.0879,26.225852,2.25,0.64,3.572934,1.962934,3.813032,3.173032
2015-11-24,2089.139893,87.906667,90.66,23.765432,23.043679,4.207792,2.591289,99.59596,-15.0879,26.225852,2.24,0.62,3.587792,1.967792,3.813032,3.193032
2015-11-25,2088.870117,87.906667,90.66,23.762363,23.040703,4.208336,2.583288,99.528937,-15.0879,26.225852,2.23,0.62,3.588336,1.978336,3.813032,3.193032
2015-11-27,2090.110107,87.906667,90.66,23.776469,23.05438,4.205839,2.582571,99.663753,-15.0879,26.225852,2.22,0.62,3.585839,1.985839,3.813032,3.193032
2015-11-30,2080.409912,87.906667,90.66,23.666122,22.947385,4.225449,2.529621,99.126344,-15.0879,26.225852,2.21,0.62,3.605449,2.015449,3.813032,3.193032
2015-12-01,2102.629883,86.53,90.66,24.299432,23.192476,4.115322,2.788524,100.0,-15.423712,25.965424,2.15,0.58,3.535322,1.965322,3.851275,3.271275
2015-12-02,2079.51001,86.53,90.66,24.032243,22.937459,4.161076,2.66876,99.932886,-15.423712,25.965424,2.18,0.62,3.541076,1.981076,3.851275,3.231275
2015-12-03,2049.620117,86.53,90.66,23.686815,22.607767,4.221758,2.517453,99.128102,-15.423712,25.965424,2.33,0.72,3.501758,1.891758,3.851275,3.131275
2015-12-04,2091.689941,86.53,90.66,24.173003,23.071806,4.136846,2.713653,99.932976,-15.423712,25.965424,2.28,0.68,3.456846,1.856846,3.851275,3.171275
2015-12-07,2077.070068,86.53,90.66,24.004046,22.910546,4.165964,2.635918,99.799062,-15.423712,25.965424,2.23,0.67,3.495964,1.935964,3.851275,3.181275
2015-12-08,2063.590088,86.53,90.66,23.848262,22.761858,4.193178,2.564344,99.39759,-15.423712,25.965424,2.24,0.68,3.513178,1.953178,3.851275,3.171275
2015-12-09,2047.619995,86.53,90.66,23.6637,22.585705,4.225882,2.481463,98.662207,-15.423712,25.965424,2.22,0.69,3.535882,2.005882,3.851275,3.161275
2015-12-10,2052.22998,86.53,90.66,23.716977,22.636554,4.216389,2.497561,98.997326,-15.423712,25.965424,2.24,0.73,3.486389,1.976389,3.851275,3.121275
2015-12-11,2012.369995,86.53,90.66,23.256327,22.196889,4.299905,2.301396,97.995992,-15.423712,25.965424,2.13,0.67,3.629905,2.169905,3.851275,3.181275
2015-12-14,2021.939941,86.53,90.66,23.366924,22.302448,4.279553,2.342172,98.264352,-15.423712,25.965424,2.23,0.78,3.499553,2.049553,3.851275,3.071275
2015-12-15,2043.410034,86.53,89.283333,23.615047,22.886803,4.234588,2.439237,98.465644,-15.423712,25.965424,2.28,0.8,3.434588,1.954588,3.851275,3.051275
2015-12-16,2073.070068,86.53,89.283333,23.957819,23.219004,4.174003,2.574363,99.666667,-15.423712,25.965424,2.3,0.84,3.334003,1.874003,3.851275,3.011275
2015-12-17,2041.890015,86.53,89.283333,23.597481,22.869778,4.23774,2.420132,98.267821,-15.423712,25.965424,2.24,0.77,3.46774,1.99774,3.851275,3.081275
2015-12-18,2005.550049,86.53,89.283333,23.177511,22.46276,4.314527,2.242611,97.536618,-15.423712,25.965424,2.19,0.73,3.584527,2.124527,3.851275,3.121275
2015-12-21,2021.150024,86.53,89.283333,23.357795,22.637484,4.281226,2.311881,98.003992,-15.423712,25.965424,2.2,0.75,3.531226,2.081226,3.851275,3.101275
2015-12-22,2038.969971,86.53,89.283333,23.563735,22.837073,4.243809,2.39112,98.204787,-15.423712,25.965424,2.24,0.78,3.463809,2.003809,3.851275,3.071275
2015-12-23,2064.290039,86.53,89.283333,23.856351,23.120665,4.191756,2.505056,99.335548,-15.423712,25.965424,2.27,0.76,3.431756,1.921756,3.851275,3.091275
2015-12-24,2060.98999,86.53,89.283333,23.818213,23.083704,4.198468,2.483507,99.203187,-15.423712,25.965424,2.25,0.73,3.468468,1.948468,3.851275,3.121275
2015-12-28,2056.5,86.53,89.283333,23.766324,23.033414,4.207634,2.456542,99.071002,-15.423712,25.965424,2.24,0.74,3.467634,1.967634,3.851275,3.111275
2015-12-29,2078.360107,86.53,89.283333,24.018954,23.278254,4.163379,2.553233,99.801061,-15.423712,25.965424,2.32,0.79,3.373379,1.843379,3.851275,3.061275
2015-12-30,2063.360107,86.53,89.283333,23.845604,23.11025,4.193645,2.476751,99.138502,-15.423712,25.965424,2.31,0.77,3.423645,1.883645,3.851275,3.081275
2015-12-31,2043.939941,86.53,89.283333,23.621171,22.892738,4.23349,2.380224,98.07947,-15.423712,25.965424,2.27,0.73,3.50349,1.96349,3.851275,3.121275
2016-01-04,2012.660034,86.5,89.283333,23.267746,22.542394,4.297795,2.232311,97.220384,-14.601639,24.206167,2.24,0.69,3.607795,2.057795,4.131179,3.441179
2016-01-05,2016.709961,86.5,89.283333,23.314566,22.587754,4.289164,2.246784,97.354497,-14.601639,24.206167,2.25,0.69,3.599164,2.039164,4.131179,3.441179
2016-01-06,1990.26001,86.5,89.283333,23.008786,22.291507,4.346166,2.119122,96.695307,-14.601639,24.206167,2.18,0.65,3.696166,2.166166,4.131179,3.481179
2016-01-07,1943.089966,86.5,89.283333,22.463468,21.763188,4.451672,1.895703,94.451783,-14.601639,24.206167,2.16,0.66,3.791672,2.291672,4.131179,3.471179
2016-01-08,1922.030029,86.5,89.283333,22.22,21.52731,4.50045,1.794819,93.39934,-14.601639,24.206167,2.13,0.65,3.85045,2.37045,4.131179,3.481179
2016-01-11,1923.670044,86.5,89.283333,22.23896,21.545679,4.496613,1.799951,93.53562,-14.601639,24.206167,2.17,0.72,3.776613,2.326613,4.131179,3.411179
2016-01-12,1938.680054,86.5,89.283333,22.412486,21.713796,4.461799,1.867196,94.264997,-14.601639,24.206167,2.12,0.69,3.771799,2.341799,4.131179,3.441179
2016-01-13,1890.280029,86.5,89.283333,21.852948,21.171701,4.576042,1.639627,90.711462,-14.601639,24.206167,2.08,0.65,3.926042,2.496042,4.131179,3.481179
2016-01-14,1921.839966,86.5,89.283333,22.217803,21.525182,4.500895,1.78417,93.087558,-14.601639,24.206167,2.1,0.67,3.830895,2.400895,4.131179,3.461179
2016-01-15,1880.329956,86.5,87.906667,21.737919,21.390072,4.600256,1.58911,90.263158,-14.601639,24.206167,2.03,0.67,3.930256,2.570256,4.131179,3.461179
2016-01-19,1881.329956,86.5,87.906667,21.749479,21.401448,4.597811,1.591909,90.26956,-14.601639,24.206167,2.06,0.68,3.917811,2.537811,4.131179,3.451179
2016-01-20,1859.329956,86.5,87.906667,21.495144,21.151182,4.652214,1.488036,88.567674,-14.601639,24.206167,2.01,0.69,3.962214,2.642214,4.131179,3.441179
2016-01-21,1868.98999,86.5,87.906667,21.606821,21.261072,4.628168,1.531252,89.560079,-14.601639,24.206167,2.02,0.74,3.888168,2.608168,4.131179,3.391179
2016-01-22,1906.900024,86.5,87.906667,22.045087,21.692325,4.536158,1.705192,91.732283,-14.601639,24.206167,2.07,0.72,3.816158,2.466158,4.131179,3.411179
2016-01-25,1877.079956,86.5,87.906667,21.700346,21.353101,4.608221,1.564961,89.967213,-14.601639,24.206167,2.03,0.69,3.918221,2.578221,4.131179,3.441179
2016-01-26,1903.630005,86.5,87.906667,22.007283,21.655127,4.54395,1.686049,91.349934,-14.601639,24.206167,2.01,0.65,3.89395,2.53395,4.131179,3.481179
2016-01-27,1882.949951,86.5,87.906667,21.768208,21.419877,4.593856,1.588297,90.176817,-14.601639,24.206167,2.02,0.62,3.973856,2.573856,4.131179,3.511179
2016-01-28,1893.359985,86.5,87.906667,21.888555,21.538298,4.568598,1.634588,90.772251,-14.601639,24.206167,2.0,0.58,3.988598,2.568598,4.131179,3.551179
2016-01-29,1940.23999,86.5,87.906667,22.43052,22.071591,4.458211,1.849114,94.310007,-14.601639,24.206167,1.94,0.53,3.928211,2.518211,4.131179,3.601179
2016-02-01,1939.380005,86.47,87.906667,22.428357,22.061808,4.458641,1.845584,94.248366,-13.76284,24.002607,1.97,0.57,3.888641,2.488641,4.166214,3.596214
2016-02-02,1903.030029,86.47,87.906667,22.00798,21.648301,4.543806,1.675287,91.247551,-13.76284,24.002607,1.87,0.51,4.033806,2.673806,4.166214,3.656214
2016-02-03,1912.530029,86.47,87.906667,22.117845,21.756371,4.521236,1.717005,92.362924,-13.76284,24.002607,1.88,0.5,4.021236,2.641236,4.166214,3.666214
2016-02-04,1915.449951,86.47,87.906667,22.151613,21.789587,4.514344,1.728248,92.628832,-13.76284,24.002607,1.87,0.51,4.004344,2.644344,4.166214,3.656214
2016-02-05,1880.050049,86.47,87.906667,21.742223,21.386888,4.599346,1.562985,89.70013,-13.76284,24.002607,1.86,0.53,4.069346,2.739346,4.166214,3.636214
2016-02-08,1853.439941,86.47,87.906667,21.434485,21.084179,4.665379,1.438694,87.62215,-13.76284,24.002607,1.75,0.52,4.145379,2.915379,4.166214,3.646214
2016-02-09,1852.209961,86.47,87.906667,21.420261,21.070188,4.668477,1.431595,87.369792,-13.76284,24.002607,1.74,0.53,4.138477,2.928477,4.166214,3.636214
2016-02-10,1851.859985,86.47,87.906667,21.416214,21.066206,4.669359,1.428564,87.247885,-13.76284,24.002607,1.71,0.5,4.169359,2.959359,4.166214,3.666214
2016-02-11,1829.079956,86.47,87.906667,21.152769,20.807068,4.727513,1.322322,85.825748,-13.76284,24.002607,1.63,0.45,4.277513,3.097513,4.166214,3.716214
2016-02-12,1864.780029,86.47,87.906667,21.56563,21.213181,4.637008,1.485376,88.564003,-13.76284,24.002607,1.74,0.49,4.147008,2.897008,4.166214,3.676214
2016-02-16,1895.579956,86.47,86.53,21.921822,21.906621,4.561665,1.625405,90.714286,-13.76284,24.002607,1.78,0.53,4.031665,2.781665,4.166214,3.636214
2016-02-17,1926.819946,86.47,86.53,22.283103,22.267652,4.487705,1.766943,93.770279,-13.76284,24.002607,1.81,0.53,3.957705,2.677705,4.166214,3.636214
2016-02-18,1917.829956,86.47,86.53,22.179137,22.163758,4.508742,1.723336,92.671855,-13.76284,24.002607,1.75,0.51,3.998742,2.758742,4.166214,3.656214
2016-02-19,1917.780029,86.47,86.53,22.178559,22.163181,4.508859,1.720892,92.611795,-13.76284,24.002607,1.76,0.5,4.008859,2.748859,4.166214,3.666214
2016-02-22,1945.5,86.47,86.53,22.499133,22.483532,4.444616,1.845692,94.624352,-13.76284,24.002607,1.77,0.46,3.984616,2.674616,4.166214,3.706214
2016-02-23,1921.27002,86.47,86.53,22.21892,22.203513,4.500669,1.732136,92.944984,-13.76284,24.002607,1.74,0.42,4.080669,2.760669,4.166214,3.746214
2016-02-24,1929.800049,86.47,86.53,22.317567,22.302092,4.480775,1.768928,93.725744,-13.76284,24.002607,1.75,0.39,4.090775,2.730775,4.166214,3.776214
2016-02-25,1951.699951,86.47,86.53,22.570833,22.555183,4.430497,1.866685,95.151907,-13.76284,24.002607,1.71,0.32,4.110497,2.720497,4.166214,3.846214
2016-02-26,1948.050049,86.47,86.53,22.528623,22.513002,4.438798,1.847315,94.638243,-13.76284,24.002607,1.76,0.35,4.088798,2.678798,4.166214,3.816214
2016-02-29,1932.22998,86.47,86.53,22.345669,22.330174,4.47514,1.772478,93.673338,-13.76284,24.002607,1.74,0.32,4.15514,2.73514,4.166214,3.846214
2016-03-01,1978.349976,86.44,86.53,22.886973,22.863169,4.369298,1.983556,96.645161,-12.906801,25.372299,1.83,0.35,4.019298,2.539298,3.941306,3.591306
2016-03-02,1986.449951,86.44,86.53,22.98068,22.956777,4.351481,2.017302,96.647324,-12.906801,25.372299,1.84,0.33,4.021481,2.511481,3.941306,3.611306
2016-03-03,1993.400024,86.44,86.53,23.061083,23.037097,4.33631,2.045637,96.842784,-12.906801,25.372299,1.83,0.3,4.03631,2.50631,3.941306,3.641306
2016-03-04,1999.98999,86.44,86.53,23.137321,23.113255,4.322022,2.072179,96.844816,-12.906801,25.372299,1.88,0.37,3.952022,2.442022,3.941306,3.571306
2016-03-07,2001.76001,86.44,86.53,23.157797,23.133711,4.3182,2.076691,96.911197,-12.906801,25.372299,1.91,0.43,3.8882,2.4082,3.941306,3.511306
2016-03-08,1979.26001,86.44,86.53,22.897501,22.873686,4.367289,1.971087,96.398714,-12.906801,25.372299,1.83,0.37,3.997289,2.537289,3.941306,3.571306
2016-03-09,1989.26001,86.44,86.53,23.013188,22.989252,4.345334,2.013321,96.59383,-12.906801,25.372299,1.9,0.39,3.955334,2.445334,3.941306,3.551306
2016-03-10,1989.569946,86.44,86.53,23.016774,22.992834,4.344658,2.011462,96.660244,-12.906801,25.372299,1.93,0.45,3.894658,2.414658,3.941306,3.491306
2016-03-11,2022.189941,86.44,86.53,23.394146,23.369813,4.274574,2.155714,97.689345,-12.906801,25.372299,1.98,0.44,3.834574,2.294574,3.941306,3.501306
2016-03-14,2019.640015,86.44,86.53,23.364646,23.340345,4.279971,2.140302,97.56254,-12.906801,25.372299,1.97,0.45,3.829971,2.309971,3.941306,3.491306
2016-03-15,2015.930054,86.44,86.53,23.321727,23.29747,4.287847,2.119745,97.307692,-12.906801,25.372299,1.97,0.47,3.817847,2.317847,3.941306,3.471306
2016-03-16,2027.219971,86.44,86.5,23.452337,23.436069,4.263967,2.166886,97.821909,-12.906801,25.372299,1.94,0.36,3.903967,2.323967,3.941306,3.581306
2016-03-17,2040.589966,86.44,86.5,23.60701,23.590635,4.23603,2.223093,98.015365,-12.906801,25.372299,1.91,0.34,3.89603,2.32603,3.941306,3.601306
2016-03-18,2049.580078,86.44,86.5,23.711014,23.694567,4.217449,2.259262,98.59245,-12.906801,25.372299,1.88,0.27,3.947449,2.337449,3.941306,3.671306
2016-03-21,2051.600098,86.44,86.5,23.734383,23.71792,4.213297,2.263923,98.657289,-12.906801,25.372299,1.92,0.28,3.933297,2.293297,3.941306,3.661306
2016-03-22,2049.800049,86.44,86.5,23.713559,23.69711,4.216997,2.251437,98.530351,-12.906801,25.372299,1.94,0.31,3.906997,2.276997,3.941306,3.631306
2016-03-23,2036.709961,86.44,86.5,23.562124,23.54578,4.2441,2.188501,97.573436,-12.906801,25.372299,1.88,0.3,3.9441,2.3641,3.941306,3.641306
2016-03-24,2035.939941,86.44,86.5,23.553215,23.536878,4.245705,2.181023,97.511168,-12.906801,25.372299,1.91,0.34,3.905705,2.335705,3.941306,3.601306
2016-03-28,2037.050049,86.44,86.5,23.566058,23.549712,4.243391,2.181983,97.640306,-12.906801,25.372299,1.89,0.33,3.913391,2.353391,3.941306,3.611306
2016-03-29,2055.01001,86.44,86.5,23.773832,23.757341,4.206306,2.258068,98.980242,-12.906801,25.372299,1.81,0.2,4.006306,2.396306,3.941306,3.741306
2016-03-30,2063.949951,86.44,86.5,23.877255,23.860693,4.188086,2.293492,99.299363,-12.906801,25.372299,1.83,0.18,4.008086,2.358086,3.941306,3.761306
2016-03-31,2059.73999,86.44,86.5,23.828551,23.812023,4.196646,2.270214,99.045194,-12.906801,25.372299,1.78,0.16,4.036646,2.416646,3.941306,3.781306
2016-04-01,2072.780029,86.6,86.5,23.935104,23.962775,4.177964,2.306673,99.554707,-11.454961,25.922338,1.79,0.17,4.007964,2.387964,3.857677,3.687677
2016-04-04,2066.129883,86.6,86.5,23.858313,23.885895,4.191411,2.272616,99.173554,-11.454961,25.922338,1.78,0.14,4.051411,2.411411,3.857677,3.717677
2016-04-05,2045.170044,86.6,86.5,23.616282,23.643584,4.234367,2.175509,97.585769,-11.454961,25.922338,1.73,0.14,4.094367,2.504367,3.857677,3.717677
2016-04-06,2066.659912,86.6,86.5,23.864433,23.892022,4.190336,2.266453,99.174603,-11.454961,25.922338,1.76,0.17,4.020336,2.430336,3.857677,3.687677
2016-04-07,2041.910034,86.6,86.5,23.578638,23.605896,4.241127,2.152895,97.208122,-11.454961,25.922338,1.7,0.12,4.121127,2.541127,3.857677,3.737677
2016-04-08,2047.599976,86.6,86.5,23.644342,23.671676,4.229342,2.174125,97.590361,-11.454961,25.922338,1.72,0.14,4.089342,2.509342,3.857677,3.717677
2016-04-11,2041.98999,86.6,86.5,23.579561,23.606821,4.240961,2.145497,97.148289,-11.454961,25.922338,1.73,0.17,4.070961,2.510961,3.857677,3.687677
2016-04-12,2061.719971,86.6,86.5,23.80739,23.834913,4.200376,2.228417,98.733376,-11.454961,25.922338,1.79,0.22,3.980376,2.410376,3.857677,3.637677
2016-04-13,2082.419922,86.6,86.5,24.046419,24.074219,4.158623,2.315055,99.873418,-11.454961,25.922338,1.77,0.21,3.948623,2.388623,3.857677,3.647677
2016-04-14,2082.780029,86.6,86.5,24.050578,24.078382,4.157904,2.311986,99.873498,-11.454961,25.922338,1.8,0.24,3.917904,2.357904,3.857677,3.617677
2016-04-15,2080.72998,86.6,86.5,24.026905,24.054682,4.162001,2.298388,99.683944,-11.454961,25.922338,1.76,0.2,3.962001,2.402001,3.857677,3.657677
2016-04-18,2094.340088,86.6,86.47,24.184066,24.220424,4.134954,2.353302,99.936829,-11.454961,25.922338,1.78,0.21,3.924954,2.354954,3.857677,3.647677
2016-04-19,2100.800049,86.6,86.47,24.258661,24.295132,4.122239,2.376635,99.936869,-11.454961,25.922338,1.79,0.19,3.932239,2.332239,3.857677,3.667677
2016-04-20,2102.399902,86.6,86.47,24.277135,24.313634,4.119102,2.378629,99.936909,-11.454961,25.922338,1.85,0.23,3.889102,2.269102,3.857677,3.627677
2016-04-21,2091.47998,86.6,86.47,24.151039,24.187348,4.140609,2.326148,99.684741,-11.454961,25.922338,1.88,0.24,3.900609,2.260609,3.857677,3.617677
2016-04-22,2091.580078,86.6,86.47,24.152195,24.188506,4.14041,2.321894,99.68494,-11.454961,25.922338,1.89,0.25,3.89041,2.25041,3.857677,3.607677
2016-04-25,2087.790039,86.6,86.47,24.10843,24.144675,4.147927,2.300788,99.559194,-11.454961,25.922338,1.91,0.26,3.887927,2.237927,3.857677,3.597677
2016-04-26,2091.699951,86.6,86.47,24.153579,24.189892,4.140173,2.31318,99.685337,-11.454961,25.922338,1.94,0.27,3.870173,2.200173,3.857677,3.587677
2016-04-27,2095.149902,86.6,86.47,24.193417,24.22979,4.133356,2.323496,99.811321,-11.454961,25.922338,1.87,0.19,3.943356,2.263356,3.857677,3.667677
2016-04-28,2075.810059,86.6,86.47,23.970093,24.00613,4.171865,2.235261,98.93149,-11.454961,25.922338,1.84,0.12,4.051865,2.331865,3.857677,3.737677
2016-04-29,2065.300049,86.6,86.47,23.84873,23.884585,4.193095,2.185687,98.241206,-11.454961,25.922338,1.83,0.12,4.073095,2.363095,3.857677,3.737677
2016-05-02,2081.429932,86.76,86.47,23.990663,24.071122,4.168288,2.23473,98.932831,-9.959525,25.69471,1.88,0.2,3.968288,2.288288,3.891852,3.691852
2016-05-03,2063.370117,86.76,86.47,23.782505,23.862266,4.204772,2.152899,97.804266,-9.959525,25.69471,1.81,0.17,4.034772,2.394772,3.891852,3.721852
2016-05-04,2051.120117,86.76,86.47,23.641311,23.720598,4.229884,2.096486,96.551724,-9.959525,25.69471,1.79,0.16,4.069884,2.439884,3.891852,3.731852
2016-05-05,2050.629883,86.76,86.47,23.63566,23.714929,4.230895,2.090844,96.491228,-9.959525,25.69471,1.76,0.13,4.100895,2.470895,3.891852,3.761852
2016-05-06,2057.139893,86.76,86.47,23.710695,23.790215,4.217506,2.115238,97.056982,-9.959525,25.69471,1.79,0.18,4.037506,2.427506,3.891852,3.711852
2016-05-09,2058.689941,86.76,86.47,23.728561,23.808141,4.214331,2.118257,97.246558,-9.959525,25.69471,1.77,0.18,4.034331,2.444331,3.891852,3.711852
2016-05-10,2084.389893,86.76,86.47,24.02478,24.105353,4.162369,2.224519,99.124453,-9.959525,25.69471,1.77,0.15,4.012369,2.392369,3.891852,3.741852
2016-05-11,2064.459961,86.76,86.47,23.795066,23.874869,4.202552,2.13528,97.75,-9.959525,25.69471,1.73,0.14,4.062552,2.472552,3.891852,3.751852
2016-05-12,2064.110107,86.76,86.47,23.791034,23.870823,4.203264,2.130086,97.688944,-9.959525,25.69471,1.75,0.15,4.053264,2.453264,3.891852,3.741852
2016-05-13,2046.609985,86.76,86.47,23.589327,23.66844,4.239205,2.051816,95.755306,-9.959525,25.69471,1.71,0.13,4.109205,2.529205,3.891852,3.761852
2016-05-16,2066.659912,86.76,86.44,23.820423,23.908606,4.198078,2.133864,97.878977,-9.959525,25.69471,1.75,0.15,4.048078,2.448078,3.891852,3.741852
2016-05-17,2047.209961,86.76,86.44,23.596242,23.683595,4.237963,2.047444,95.698254,-9.959525,25.69471,1.76,0.15,4.087963,2.477963,3.891852,3.741852
2016-05-18,2047.630005,86.76,86.44,23.601084,23.688454,4.237094,2.045922,95.76324,-9.959525,25.69471,1.87,0.26,3.977094,2.367094,3.891852,3.631852
2016-05-19,2040.040039,86.76,86.44,23.513601,23.600648,4.252858,2.010395,95.143213,-9.959525,25.69471,1.85,0.29,3.962858,2.402858,3.891852,3.601852
2016-05-20,2052.320068,86.76,86.44,23.655141,23.742712,4.227411,2.059338,96.328563,-9.959525,25.69471,1.85,0.29,3.937411,2.377411,3.891852,3.601852
2016-05-23,2048.040039,86.76,86.44,23.60581,23.693198,4.236245,2.03785,95.771144,-9.959525,25.69471,1.84,0.3,3.936245,2.396245,3.891852,3.591852
2016-05-24,2076.060059,86.76,86.44,23.92877,24.017354,4.17907,2.153189,98.570541,-9.959525,25.69471,1.86,0.31,3.86907,2.31907,3.891852,3.581852
2016-05-25,2090.540039,86.76,86.44,24.095667,24.184869,4.150124,2.210623,99.378882,-9.959525,25.69471,1.87,0.29,3.860124,2.280124,3.891852,3.601852
2016-05-26,2090.100098,86.76,86.44,24.090596,24.179779,4.150997,2.204734,99.317194,-9.959525,25.69471,1.83,0.25,3.900997,2.320997,3.891852,3.641852
2016-05-27,2099.060059,86.76,86.44,24.193869,24.283434,4.133279,2.238504,99.813896,-9.959525,25.69471,1.85,0.27,3.863279,2.283279,3.891852,3.621852
2016-05-31,2096.949951,86.76,86.44,24.169548,24.259023,4.137438,2.225457,99.566026,-9.959525,25.69471,1.84,0.3,3.837438,2.297438,3.891852,3.591852
2016-06-01,2099.330078,86.92,86.44,24.15244,24.286558,4.140368,2.215118,99.442379,-8.418502,25.840373,1.85,0.31,3.830368,2.290368,3.869913,3.559913
2016-06-02,2105.26001,86.92,86.44,24.220663,24.35516,4.128706,2.235934,99.814241,-8.418502,25.840373,1.81,0.27,3.858706,2.318706,3.869913,3.599913
2016-06-03,2099.129883,86.92,86.44,24.150137,24.284242,4.140763,2.206123,99.195545,-8.418502,25.840373,1.71,0.19,3.950763,2.430763,3.869913,3.679913
2016-06-06,2109.409912,86.92,86.44,24.268407,24.403169,4.120584,2.245119,99.876314,-8.418502,25.840373,1.73,0.19,3.930584,2.390584,3.869913,3.679913
2016-06-07,2112.129883,86.92,86.44,24.2997,24.434635,4.115277,2.252295,100.0,-8.418502,25.840373,1.72,0.15,3.965277,2.395277,3.869913,3.719913
2016-06-08,2119.120117,86.92,86.44,24.380121,24.515503,4.101702,2.277234,100.0,-8.418502,25.840373,1.71,0.12,3.981702,2.391702,3.869913,3.749913
2016-06-09,2115.47998,86.92,86.44,24.338242,24.473392,4.10876,2.257731,99.938272,-8.418502,25.840373,1.68,0.12,3.98876,2.42876,3.869913,3.749913
2016-06-10,2096.070068,86.92,86.44,24.114934,24.248844,4.146808,2.172727,98.889574,-8.418502,25.840373,1.64,0.12,4.026808,2.506808,3.869913,3.749913
2016-06-13,2079.060059,86.92,86.44,23.919237,24.05206,4.180735,2.098181,97.780518,-8.418502,25.840373,1.62,0.15,4.030735,2.560735,3.869913,3.719913
2016-06-14,2075.320068,86.92,86.44,23.876209,24.008793,4.18827,2.079159,97.473814,-8.418502,25.840373,1.62,0.17,4.01827,2.56827,3.869913,3.699913
2016-06-15,2071.5,86.92,86.6,23.83226,23.920323,4.195993,2.059903,97.044335,-8.418502,25.840373,1.6,0.13,4.065993,2.595993,3.869913,3.739913
2016-06-16,2077.98999,86.92,86.6,23.906926,23.995265,4.182888,2.083491,97.661538,-8.418502,25.840373,1.57,0.15,4.032888,2.612888,3.869913,3.719913
2016-06-17,2071.219971,86.92,86.6,23.829038,23.91709,4.196561,2.052035,96.924969,-8.418502,25.840373,1.62,0.2,3.996561,2.576561,3.869913,3.669913
2016-06-20,2083.25,86.92,86.6,23.967441,24.056005,4.172327,2.098527,98.03319,-8.418502,25.840373,1.67,0.24,3.932327,2.502327,3.869913,3.629913
2016-06-21,2088.899902,86.92,86.6,24.032442,24.121246,4.161042,2.118398,98.525799,-8.418502,25.840373,1.71,0.28,3.881042,2.451042,3.869913,3.589913
2016-06-22,2085.449951,86.92,86.6,23.992751,24.081408,4.167925,2.100594,98.096992,-8.418502,25.840373,1.69,0.25,3.917925,2.477925,3.869913,3.619913
2016-06-23,2113.320068,86.92,86.6,24.313392,24.403234,4.11296,2.212022,99.877301,-8.418502,25.840373,1.74,0.24,3.87296,2.37296,3.869913,3.629913
2016-06-24,2037.410034,86.92,86.6,23.44006,23.526675,4.266201,1.895301,93.623544,-8.418502,25.840373,1.57,0.15,4.116201,2.696201,3.869913,3.719913
2016-06-27,2000.540039,86.92,86.6,23.015877,23.100924,4.344827,1.740734,92.218137,-8.418502,25.840373,1.46,0.12,4.224827,2.884827,3.869913,3.749913
2016-06-28,2036.089966,86.92,86.6,23.424873,23.511431,4.268967,1.884964,93.570116,-8.418502,25.840373,1.46,0.09,4.178967,2.808967,3.869913,3.779913
2016-06-29,2070.77002,86.92,86.6,23.823861,23.911894,4.197472,2.024953,96.572827,-8.418502,25.840373,1.5,0.1,4.097472,2.697472,3.869913,3.769913
2016-06-30,2098.860107,86.92,86.6,24.147033,24.23626,4.141296,2.137149,98.83792,-8.418502,25.840373,1.49,0.09,4.051296,2.651296,3.869913,3.779913
2016-07-01,2102.949951,87.643333,86.6,23.994409,24.283487,4.167638,2.079107,97.982885,-6.257131,26.694003,1.46,0.03,4.137638,2.707638,3.74616,3.71616
2016-07-05,2088.550049,87.643333,86.6,23.830108,24.117206,4.196372,2.017204,96.579108,-6.257131,26.694003,1.37,-0.03,4.226372,2.826372,3.74616,3.77616
2016-07-06,2099.72998,87.643333,86.6,23.957669,24.246305,4.174029,2.059486,97.619048,-6.257131,26.694003,1.38,-0.05,4.224029,2.794029,3.74616,3.79616
2016-07-07,2097.899902,87.643333,86.6,23.936788,24.225172,4.17767,2.048774,97.559487,-6.257131,26.694003,1.4,-0.03,4.20767,2.77767,3.74616,3.77616
2016-07-08,2129.899902,87.643333,86.6,24.301904,24.594687,4.114904,2.175186,99.817073,-6.257131,26.694003,1.37,-0.06,4.174904,2.744904,3.74616,3.80616
2016-07-11,2137.159912,87.643333,86.6,24.38474,24.678521,4.100925,2.200767,100.0,-6.257131,26.694003,1.43,0.01,4.090925,2.670925,3.74616,3.73616
2016-07-12,2152.139893,87.643333,86.6,24.55566,24.8515,4.072381,2.257383,100.0,-6.257131,26.694003,1.53,0.07,4.002381,2.542381,3.74616,3.67616
2016-07-13,2152.429932,87.643333,86.6,24.558969,24.854849,4.071832,2.254373,100.0,-6.257131,26.694003,1.48,0.03,4.041832,2.591832,3.74616,3.71616
2016-07-14,2163.75,87.643333,86.6,24.68813,24.985566,4.05053,2.295827,100.0,-6.257131,26.694003,1.53,0.08,3.97053,2.52053,3.74616,3.66616
2016-07-15,2161.73999,87.643333,86.76,24.665196,24.916321,4.054296,2.28337,99.93921,-6.257131,26.694003,1.6,0.11,3.944296,2.454296,3.74616,3.63616
2016-07-18,2166.889893,87.643333,86.76,24.723956,24.975679,4.04466,2.299765,100.0,-6.257131,26.694003,1.59,0.1,3.94466,2.45466,3.74616,3.64616
2016-07-19,2163.780029,87.643333,86.76,24.688473,24.939834,4.050473,2.2829,99.939284,-6.257131,26.694003,1.56,0.12,3.930473,2.490473,3.74616,3.62616
2016-07-20,2173.02002,87.643333,86.76,24.7939,25.046335,4.03325,2.315644,100.0,-6.257131,26.694003,1.59,0.13,3.90325,2.44325,3.74616,3.61616
2016-07-21,2165.169922,87.643333,86.76,24.704331,24.955854,4.047873,2.27976,99.878714,-6.257131,26.694003,1.57,0.05,3.997873,2.477873,3.74616,3.69616
2016-07-22,2175.030029,87.643333,86.76,24.816834,25.069502,4.029523,2.314908,100.0,-6.257131,26.694003,1.57,0.06,3.969523,2.459523,3.74616,3.68616
2016-07-25,2168.47998,87.643333,86.76,24.742099,24.994006,4.041694,2.284305,99.878861,-6.257131,26.694003,1.58,0.08,3.961694,2.461694,3.74616,3.66616
2016-07-26,2169.179932,87.643333,86.76,24.750085,25.002074,4.04039,2.282806,99.878935,-6.257131,26.694003,1.57,0.07,3.97039,2.47039,3.74616,3.67616
2016-07-27,2166.580078,87.643333,86.76,24.720421,24.972108,4.045239,2.268169,99.69752,-6.257131,26.694003,1.52,0.03,4.015239,2.525239,3.74616,3.71616
2016-07-28,2170.060059,87.643333,86.76,24.760127,25.012218,4.038751,2.277807,99.879081,-6.257131,26.694003,1.52,0.0,4.038751,2.518751,3.74616,3.74616
2016-07-29,2173.600098,87.643333,86.76,24.800518,25.053021,4.032174,2.28762,99.939577,-6.257131,26.694003,1.46,-0.03,4.062174,2.572174,3.74616,3.77616
2016-08-01,2170.840088,88.366667,86.76,24.566278,25.021209,4.070621,2.201853,99.275362,-4.029251,26.948872,1.51,0.05,4.020621,2.560621,3.71073,3.66073
2016-08-02,2157.030029,88.366667,86.76,24.409996,24.862034,4.096682,2.143666,99.09475,-4.029251,26.948872,1.55,0.11,3.986682,2.546682,3.71073,3.60073
2016-08-03,2163.790039,88.366667,86.76,24.486496,24.93995,4.083884,2.166611,99.095296,-4.029251,26.948872,1.55,0.09,3.993884,2.533884,3.71073,3.62073
2016-08-04,2164.25,88.366667,86.76,24.491701,24.945251,4.083016,2.164703,99.095841,-4.029251,26.948872,1.51,0.04,4.043016,2.573016,3.71073,3.67073
2016-08-05,2182.870117,88.366667,86.76,24.702415,25.159868,4.048187,2.233975,99.457831,-4.029251,26.948872,1.59,0.09,3.958187,2.458187,3.71073,3.62073
2016-08-08,2180.889893,88.366667,86.76,24.680006,25.137043,4.051863,2.222203,99.277544,-4.029251,26.948872,1.59,0.08,3.971863,2.461863,3.71073,3.63073
2016-08-09,2181.73999,88.366667,86.76,24.689626,25.146842,4.050284,2.221563,99.398315,-4.029251,26.948872,1.55,0.06,3.990284,2.500284,3.71073,3.65073
2016-08-10,2175.48999,88.366667,86.76,24.618898,25.074804,4.06192,2.193199,99.098016,-4.029251,26.948872,1.5,0.06,4.00192,2.56192,3.71073,3.65073
2016-08-11,2185.790039,88.366667,86.76,24.735459,25.193523,4.042779,2.229551,99.639423,-4.029251,26.948872,1.57,0.1,3.942779,2.472779,3.71073,3.61073
2016-08-12,2184.050049,88.366667,86.76,24.715768,25.173468,4.046,2.218782,99.459459,-4.029251,26.948872,1.51,0.07,3.976,2.536,3.71073,3.64073
2016-08-15,2190.149902,88.366667,86.92,24.784797,25.197307,4.034731,2.238578,99.819928,-4.029251,26.948872,1.55,0.1,3.934731,2.484731,3.71073,3.61073
2016-08-16,2178.149902,88.366667,86.92,24.648999,25.059249,4.05696,2.187911,98.920216,-4.029251,26.948872,1.57,0.13,3.92696,2.48696,3.71073,3.58073
2016-08-17,2182.219971,88.366667,86.92,24.695058,25.106074,4.049393,2.199924,99.220624,-4.029251,26.948872,1.56,0.09,3.959393,2.489393,3.71073,3.62073
2016-08-18,2187.02002,88.366667,86.92,24.749378,25.161298,4.040506,2.214694,99.640503,-4.029251,26.948872,1.53,0.06,3.980506,2.510506,3.71073,3.65073
2016-08-19,2183.870117,88.366667,86.92,24.713732,25.125059,4.046333,2.198585,99.281437,-4.029251,26.948872,1.58,0.1,3.946333,2.466333,3.71073,3.61073
2016-08-22,2182.639893,88.366667,86.92,24.69981,25.110905,4.048614,2.189994,99.102334,-4.029251,26.948872,1.55,0.08,3.968614,2.498614,3.71073,3.63073
2016-08-23,2186.899902,88.366667,86.92,24.748018,25.159916,4.040728,2.202667,99.58134,-4.029251,26.948872,1.55,0.07,3.970728,2.490728,3.71073,3.64073
2016-08-24,2175.439941,88.366667,86.92,24.618332,25.028071,4.062014,2.154582,98.505678,-4.029251,26.948872,1.56,0.08,3.982014,2.502014,3.71073,3.63073
2016-08-25,2172.469971,88.366667,86.92,24.584722,24.993902,4.067567,2.139503,98.446834,-4.029251,26.948872,1.58,0.09,3.977567,2.487567,3.71073,3.62073
2016-08-26,2169.040039,88.366667,86.92,24.545908,24.954441,4.073999,2.122732,98.208955,-4.029251,26.948872,1.62,0.15,3.923999,2.453999,3.71073,3.56073
2016-08-29,2180.379883,88.366667,86.92,24.674235,25.084904,4.052811,2.162891,98.687351,-4.029251,26.948872,1.57,0.11,3.942811,2.482811,3.71073,3.60073
2016-08-30,2176.120117,88.366667,86.92,24.626029,25.035896,4.060744,2.142861,98.509243,-4.029251,26.948872,1.57,0.11,3.950744,2.490744,3.71073,3.60073
2016-08-31,2170.949951,88.366667,86.92,24.567521,24.976415,4.070415,2.119441,98.271752,-4.029251,26.948872,1.58,0.11,3.960415,2.490415,3.71073,3.60073
2016-09-01,2170.860107,89.09,86.92,24.367046,24.975381,4.103903,2.048006,97.677189,-1.731745,26.727873,1.57,0.12,3.983903,2.533903,3.741413,3.621413
2016-09-02,2179.97998,89.09,86.92,24.469413,25.080303,4.086735,2.079522,97.857143,-1.731745,26.727873,1.6,0.13,3.956735,2.486735,3.741413,3.611413
2016-09-06,2186.47998,89.09,86.92,24.542373,25.155085,4.074586,2.100923,97.977394,-1.731745,26.727873,1.55,0.06,4.014586,2.524586,3.741413,3.681413
2016-09-07,2186.159912,89.09,86.92,24.53878,25.151403,4.075182,2.096332,97.919144,-1.731745,26.727873,1.54,0.03,4.045182,2.535182,3.741413,3.711413
2016-09-08,2181.300049,89.09,86.92,24.48423,25.095491,4.084262,2.074555,97.742127,-1.731745,26.727873,1.61,0.09,3.994262,2.474262,3.741413,3.651413
2016-09-09,2127.810059,89.09,86.92,23.883826,24.480097,4.186934,1.868643,94.536817,-1.731745,26.727873,1.67,0.17,4.016934,2.516934,3.741413,3.571413
2016-09-12,2159.040039,89.09,86.92,24.23437,24.839393,4.126371,1.984402,96.913947,-1.731745,26.727873,1.68,0.17,3.956371,2.446371,3.741413,3.571413
2016-09-13,2127.02002,89.09,86.92,23.874958,24.471008,4.188489,1.860365,94.246738,-1.731745,26.727873,1.73,0.24,3.948489,2.458489,3.741413,3.501413
2016-09-14,2125.77002,89.09,87.643333,23.860927,24.254783,4.190952,1.853181,94.131595,-1.731745,26.727873,1.7,0.21,3.980952,2.490952,3.741413,3.531413
2016-09-15,2147.26001,89.09,87.643333,24.102144,24.499981,4.149008,1.931939,96.030806,-1.731745,26.727873,1.71,0.22,3.929008,2.439008,3.741413,3.521413
2016-09-16,2139.159912,89.09,87.643333,24.011224,24.40756,4.164719,1.898661,95.441089,-1.731745,26.727873,1.7,0.19,3.974719,2.464719,3.741413,3.551413
2016-09-19,2139.120117,89.09,87.643333,24.010777,24.407106,4.164797,1.895927,95.384615,-1.731745,26.727873,1.7,0.2,3.964797,2.464797,3.741413,3.541413
2016-09-20,2139.76001,89.09,87.643333,24.017959,24.414407,4.163551,1.895766,95.446481,-1.731745,26.727873,1.69,0.2,3.963551,2.473551,3.741413,3.541413
2016-09-21,2163.120117,89.09,87.643333,24.280167,24.680943,4.118588,1.981161,97.104019,-1.731745,26.727873,1.66,0.15,3.968588,2.458588,3.741413,3.591413
2016-09-22,2177.179932,89.09,87.643333,24.437983,24.841364,4.091991,2.031169,97.63733,-1.731745,26.727873,1.63,0.08,4.011991,2.461991,3.741413,3.661413
2016-09-23,2164.689941,89.09,87.643333,24.297788,24.698855,4.115601,1.981163,97.048406,-1.731745,26.727873,1.62,0.05,4.065601,2.495601,3.741413,3.691413
2016-09-26,2146.100098,89.09,87.643333,24.089124,24.486747,4.151251,1.908472,95.693215,-1.731745,26.727873,1.59,0.05,4.101251,2.561251,3.741413,3.691413
2016-09-27,2159.929932,89.09,87.643333,24.244359,24.644543,4.124671,1.957764,96.757075,-1.731745,26.727873,1.56,0.04,4.084671,2.564671,3.741413,3.701413
2016-09-28,2171.370117,89.09,87.643333,24.37277,24.775075,4.102939,1.99787,97.407189,-1.731745,26.727873,1.57,0.01,4.092939,2.532939,3.741413,3.731413
2016-09-29,2151.129883,89.09,87.643333,24.145582,24.544136,4.141544,1.919116,95.877503,-1.731745,26.727873,1.56,0.02,4.121544,2.581544,3.741413,3.721413
2016-09-30,2168.27002,89.09,87.643333,24.337973,24.739703,4.108806,1.980633,97.233667,-1.731745,26.727873,1.6,0.0,4.108806,2.508806,3.741413,3.741413
2016-10-03,2161.199951,90.91,87.643333,23.772962,24.659034,4.206459,1.789468,92.352941,1.821915,26.525143,1.63,0.0,4.206459,2.576459,3.770008,3.770008
2016-10-04,2150.48999,90.91,87.643333,23.655153,24.536835,4.227409,1.748009,91.299236,1.821915,26.525143,1.69,0.07,4.157409,2.537409,3.770008,3.700008
2016-10-05,2159.72998,90.91,87.643333,23.756792,24.642262,4.209323,1.779772,92.068155,1.821915,26.525143,1.72,0.1,4.109323,2.489323,3.770008,3.670008
2016-10-06,2160.77002,90.91,87.643333,23.768233,24.654129,4.207296,1.781403,92.307692,1.821915,26.525143,1.75,0.11,4.097296,2.457296,3.770008,3.660008
2016-10-07,2153.73999,90.91,87.643333,23.690903,24.573917,4.221029,1.753507,91.49061,1.821915,26.525143,1.73,0.1,4.121029,2.491029,3.770008,3.670008
2016-10-10,2163.659912,90.91,87.643333,23.800021,24.687102,4.201677,1.787679,92.668622,1.821915,26.525143,1.73,0.1,4.101677,2.471677,3.770008,3.670008
2016-10-11,2136.72998,90.91,87.643333,23.503795,24.379835,4.254632,1.687086,89.742087,1.821915,26.525143,1.77,0.13,4.124632,2.484632,3.770008,3.640008
2016-10-12,2139.179932,90.91,87.643333,23.530744,24.407788,4.249759,1.694135,89.806678,1.821915,26.525143,1.79,0.15,4.099759,2.459759,3.770008,3.620008
2016-10-13,2132.550049,90.91,87.643333,23.457816,24.332142,4.262971,1.668015,89.637002,1.821915,26.525143,1.75,0.12,4.142971,2.512971,3.770008,3.650008
2016-10-14,2132.97998,90.91,87.643333,23.462545,24.337048,4.262112,1.667739,89.643066,1.821915,26.525143,1.8,0.13,4.132112,2.462112,3.770008,3.640008
2016-10-17,2126.5,90.91,88.366667,23.391266,24.064504,4.2751,1.642264,89.181287,1.821915,26.525143,1.77,0.09,4.1851,2.5051,3.770008,3.680008
2016-10-18,2139.600098,90.91,88.366667,23.535366,24.212751,4.248925,1.688242,89.830508,1.821915,26.525143,1.75,0.09,4.158925,2.498925,3.770008,3.680008
2016-10-19,2144.290039,90.91,88.366667,23.586955,24.265825,4.239632,1.703429,90.186916,1.821915,26.525143,1.76,0.08,4.159632,2.479632,3.770008,3.690008
2016-10-20,2141.340088,90.91,88.366667,23.554505,24.232441,4.245472,1.690751,89.842382,1.821915,26.525143,1.76,0.08,4.165472,2.485472,3.770008,3.690008
2016-10-21,2141.159912,90.91,88.366667,23.552524,24.230403,4.24583,1.688194,89.731622,1.821915,26.525143,1.74,0.07,4.17583,2.50583,3.770008,3.700008
2016-10-24,2151.330078,90.91,88.366667,23.664394,24.345493,4.225758,1.723286,91.195335,1.821915,26.525143,1.77,0.11,4.115758,2.455758,3.770008,3.660008
2016-10-25,2143.159912,90.91,88.366667,23.574523,24.253036,4.241867,1.691599,89.97669,1.821915,26.525143,1.77,0.07,4.171867,2.471867,3.770008,3.700008
2016-10-26,2139.429932,90.91,88.366667,23.533494,24.210825,4.249263,1.676148,89.516599,1.821915,26.525143,1.79,0.08,4.169263,2.459263,3.770008,3.690008
2016-10-27,2133.040039,90.91,88.366667,23.463206,24.138514,4.261992,1.651089,89.289872,1.821915,26.525143,1.85,0.13,4.131992,2.411992,3.770008,3.640008
2016-10-28,2126.409912,90.91,88.366667,23.390275,24.063484,4.275281,1.625236,88.714369,1.821915,26.525143,1.86,0.13,4.145281,2.415281,3.770008,3.640008
2016-10-31,2126.149902,90.91,88.366667,23.387415,24.060542,4.275804,1.622574,88.662791,1.821915,26.525143,1.84,0.11,4.165804,2.435804,3.770008,3.660008
2016-11-01,2111.719971,92.73,88.366667,22.772781,23.897246,4.391207,1.418181,86.693783,5.48688,26.850954,1.83,0.11,4.281207,2.561207,3.724262,3.614262
2016-11-02,2097.939941,92.73,88.366667,22.624177,23.741304,4.42005,1.367937,85.888502,5.48688,26.850954,1.81,0.11,4.31005,2.61005,3.724262,3.614262
2016-11-03,2088.659912,92.73,88.366667,22.524101,23.636287,4.439689,1.333801,85.084156,5.48688,26.850954,1.82,0.14,4.299689,2.619689,3.724262,3.584262
2016-11-04,2085.179932,92.73,88.366667,22.486573,23.596906,4.447098,1.320355,84.918794,5.48688,26.850954,1.79,0.11,4.337098,2.657098,3.724262,3.614262
2016-11-07,2131.52002,92.73,88.366667,22.986305,24.121313,4.350417,1.483983,87.246377,5.48688,26.850954,1.83,0.12,4.230417,2.520417,3.724262,3.604262
2016-11-08,2139.560059,92.73,88.366667,23.073008,24.212298,4.334069,1.511163,87.659328,5.48688,26.850954,1.88,0.15,4.184069,2.454069,3.724262,3.574262
2016-11-09,2163.26001,92.73,88.366667,23.328588,24.480498,4.286586,1.593856,88.419224,5.48688,26.850954,2.07,0.25,4.036586,2.216586,3.724262,3.474262
2016-11-10,2167.47998,92.73,88.366667,23.374097,24.528253,4.27824,1.607196,88.657407,5.48688,26.850954,2.15,0.27,4.00824,2.12824,3.724262,3.454262
2016-11-11,2164.449951,92.73,88.366667,23.341421,24.493964,4.284229,1.594787,88.374783,5.48688,26.850954,2.15,0.27,4.014229,2.134229,3.724262,3.454262
2016-11-14,2164.199951,92.73,88.366667,23.338725,24.491135,4.284724,1.592269,88.323699,5.48688,26.850954,2.23,0.4,3.884724,2.054724,3.724262,3.324262
2016-11-15,2180.389893,92.73,89.09,23.513317,24.474014,4.252909,1.648001,89.428076,5.48688,26.850954,2.23,0.41,3.842909,2.022909,3.724262,3.314262
2016-11-16,2176.939941,92.73,89.09,23.476113,24.435289,4.259649,1.634019,89.318707,5.48688,26.850954,2.22,0.39,3.869649,2.039649,3.724262,3.334262
2016-11-17,2187.120117,92.73,89.09,23.585896,24.549558,4.239822,1.668317,90.190421,5.48688,26.850954,2.29,0.42,3.819822,1.949822,3.724262,3.304262
2016-11-18,2181.899902,92.73,89.09,23.529601,24.490963,4.249966,1.648034,89.446367,5.48688,26.850954,2.34,0.44,3.809966,1.909966,3.724262,3.284262
2016-11-21,2198.179932,92.73,89.09,23.705165,24.6737,4.21849,1.703823,91.642651,5.48688,26.850954,2.33,0.42,3.79849,1.88849,3.724262,3.304262
2016-11-22,2202.939941,92.73,89.09,23.756497,24.727129,4.209375,1.718726,92.050691,5.48688,26.850954,2.31,0.41,3.799375,1.899375,3.724262,3.314262
2016-11-23,2204.719971,92.73,89.09,23.775693,24.747109,4.205976,1.723056,92.515832,5.48688,26.850954,2.36,0.44,3.765976,1.845976,3.724262,3.284262
2016-11-25,2213.350098,92.73,89.09,23.86876,24.843979,4.189577,1.751542,93.670886,5.48688,26.850954,2.36,0.47,3.719577,1.829577,3.724262,3.254262
2016-11-28,2201.719971,92.73,89.09,23.743341,24.713436,4.211707,1.708481,91.891892,5.48688,26.850954,2.32,0.47,3.741707,1.891707,3.724262,3.254262
2016-11-29,2204.659912,92.73,89.09,23.775045,24.746435,4.206091,1.716921,92.413793,5.48688,26.850954,2.3,0.44,3.766091,1.906091,3.724262,3.284262
2016-11-30,2198.810059,92.73,89.09,23.71196,24.680773,4.217281,1.694368,91.499138,5.48688,26.850954,2.37,0.43,3.787281,1.847281,3.724262,3.294262
2016-12-01,2191.080078,94.55,89.09,23.173771,24.594007,4.315223,1.516717,87.083812,9.268462,27.865098,2.45,0.48,3.835223,1.865223,3.588719,3.108719
2016-12-02,2191.949951,94.55,89.09,23.182971,24.603771,4.313511,1.518286,87.148594,9.268462,27.865098,2.4,0.49,3.823511,1.913511,3.588719,3.098719
2016-12-05,2204.709961,94.55,89.09,23.317927,24.746997,4.288546,1.560899,87.557339,9.268462,27.865098,2.39,0.45,3.838546,1.898546,3.588719,3.138719
2016-12-06,2212.22998,94.55,89.09,23.397461,24.831406,4.273968,1.585311,88.366762,9.268462,27.865098,2.39,0.44,3.833968,1.883968,3.588719,3.148719
2016-12-07,2241.350098,94.55,89.09,23.705448,25.158268,4.21844,1.684136,91.351661,9.268462,27.865098,2.34,0.42,3.79844,1.87844,3.588719,3.168719
2016-12-08,2246.189941,94.55,89.09,23.756636,25.212593,4.20935,1.698967,91.929021,9.268462,27.865098,2.4,0.45,3.75935,1.80935,3.588719,3.138719
2016-12-09,2259.530029,94.55,89.09,23.897726,25.362331,4.184498,1.743022,94.050343,9.268462,27.865098,2.47,0.51,3.674498,1.714498,3.588719,3.078719
2016-12-12,2256.959961,94.55,89.09,23.870544,25.333483,4.189264,1.732166,93.653516,9.268462,27.865098,2.49,0.51,3.679264,1.699264,3.588719,3.078719
2016-12-13,2271.719971,94.55,89.09,24.026652,25.499158,4.162045,1.780956,95.257143,9.268462,27.865098,2.48,0.53,3.632045,1.682045,3.588719,3.058719
2016-12-14,2253.280029,94.55,89.09,23.831624,25.292177,4.196105,1.715449,93.032553,9.268462,27.865098,2.54,0.6,3.596105,1.656105,3.588719,2.988719
2016-12-15,2262.030029,94.55,90.91,23.924167,24.882081,4.179874,1.743584,94.178082,9.268462,27.865098,2.6,0.7,3.479874,1.579874,3.588719,2.888719
2016-12-16,2258.070068,94.55,90.91,23.882285,24.838522,4.187204,1.727979,93.782088,9.268462,27.865098,2.6,0.74,3.447204,1.587204,3.588719,2.848719
2016-12-19,2262.530029,94.55,90.91,23.929456,24.887581,4.17895,1.741323,94.241733,9.268462,27.865098,2.54,0.68,3.49895,1.63895,3.588719,2.908719
2016-12-20,2270.76001,94.55,90.91,24.016499,24.97811,4.163804,1.76755,95.042735,9.268462,27.865098,2.57,0.67,3.493804,1.593804,3.588719,2.918719
2016-12-21,2265.179932,94.55,90.91,23.957482,24.91673,4.174061,1.74635,94.362187,9.268462,27.865098,2.55,0.64,3.534061,1.624061,3.588719,2.948719
2016-12-22,2260.959961,94.55,90.91,23.91285,24.870311,4.181852,1.729883,93.853159,9.268462,27.865098,2.55,0.6,3.581852,1.631852,3.588719,2.988719
2016-12-23,2263.790039,94.55,90.91,23.942782,24.901441,4.176624,1.73761,94.311718,9.268462,27.865098,2.55,0.58,3.596624,1.626624,3.588719,3.008719
2016-12-27,2268.879883,94.55,90.91,23.996614,24.957429,4.167255,1.753043,94.769756,9.268462,27.865098,2.57,0.58,3.587255,1.597255,3.588719,3.008719
2016-12-28,2249.919922,94.55,90.91,23.796086,24.748872,4.202372,1.686173,92.102273,9.268462,27.865098,2.51,0.56,3.642372,1.692372,3.588719,3.028719
2016-12-29,2249.26001,94.55,90.91,23.789106,24.741613,4.203605,1.682078,91.9364,9.268462,27.865098,2.49,0.55,3.653605,1.713605,3.588719,3.038719
2016-12-30,2238.830078,94.55,90.91,23.678795,24.626885,4.223188,1.644613,90.238365,9.268462,27.865098,2.45,0.5,3.723188,1.773188,3.588719,3.088719
2017-01-03,2257.830078,96.463333,90.91,23.406096,24.835882,4.272391,1.554811,87.577992,11.518304,28.063574,2.45,0.47,3.802391,1.822391,3.563338,3.093338
2017-01-04,2270.75,96.463333,90.91,23.540033,24.978,4.248082,1.59655,88.435374,11.518304,28.063574,2.46,0.47,3.778082,1.788082,3.563338,3.093338
2017-01-05,2269.0,96.463333,90.91,23.521891,24.95875,4.251359,1.589091,88.15864,11.518304,28.063574,2.37,0.42,3.831359,1.881359,3.563338,3.143338
2017-01-06,2276.97998,96.463333,90.91,23.604616,25.046529,4.236459,1.614191,89.354473,11.518304,28.063574,2.42,0.46,3.776459,1.816459,3.563338,3.103338
2017-01-09,2268.899902,96.463333,90.91,23.520853,24.957649,4.251546,1.585538,88.058857,11.518304,28.063574,2.38,0.43,3.821546,1.871546,3.563338,3.133338
2017-01-10,2268.899902,96.463333,90.91,23.520853,24.957649,4.251546,1.583963,88.065611,11.518304,28.063574,2.38,0.43,3.821546,1.871546,3.563338,3.133338
2017-01-11,2275.320068,96.463333,90.91,23.587409,25.02827,4.23955,1.603834,89.033352,11.518304,28.063574,2.38,0.39,3.84955,1.85955,3.563338,3.173338
2017-01-12,2270.439941,96.463333,90.91,23.536818,24.97459,4.248663,1.585927,88.305085,11.518304,28.063574,2.36,0.38,3.868663,1.888663,3.563338,3.183338
2017-01-13,2274.639893,96.463333,90.91,23.580358,25.020789,4.240818,1.598368,88.876341,11.518304,28.063574,2.4,0.41,3.830818,1.840818,3.563338,3.153338
2017-01-17,2267.889893,96.463333,92.73,23.510383,24.456917,4.25344,1.574252,87.697517,11.518304,28.063574,2.33,0.36,3.89344,1.92344,3.563338,3.203338
2017-01-18,2271.889893,96.463333,92.73,23.551849,24.500053,4.245951,1.586045,88.324873,11.518304,28.063574,2.42,0.42,3.825951,1.825951,3.563338,3.143338
2017-01-19,2263.689941,96.463333,92.73,23.466844,24.411625,4.261332,1.557147,87.485908,11.518304,28.063574,2.47,0.43,3.831332,1.791332,3.563338,3.133338
2017-01-20,2271.310059,96.463333,92.73,23.545838,24.4938,4.247035,1.581031,88.28169,11.518304,28.063574,2.48,0.44,3.807035,1.767035,3.563338,3.123338
2017-01-23,2265.199951,96.463333,92.73,23.482497,24.427908,4.258491,1.559128,87.5,11.518304,28.063574,2.41,0.39,3.868491,1.848491,3.563338,3.173338
2017-01-24,2280.070068,96.463333,92.73,23.63665,24.588268,4.230718,1.607118,89.758019,11.518304,28.063574,2.47,0.41,3.820718,1.760718,3.563338,3.153338
2017-01-25,2298.370117,96.463333,92.73,23.82636,24.785615,4.197032,1.666375,92.463442,11.518304,28.063574,2.53,0.45,3.747032,1.667032,3.563338,3.113338
2017-01-26,2296.679932,96.463333,92.73,23.808839,24.767388,4.200121,1.658988,92.242833,11.518304,28.063574,2.51,0.43,3.770121,1.690121,3.563338,3.133338
2017-01-27,2294.689941,96.463333,92.73,23.788209,24.745928,4.203763,1.650628,91.853933,11.518304,28.063574,2.49,0.41,3.793763,1.713763,3.563338,3.153338
2017-01-30,2280.899902,96.463333,92.73,23.645253,24.597217,4.229179,1.603098,89.724874,11.518304,28.063574,2.49,0.42,3.809179,1.739179,3.563338,3.143338
2017-01-31,2278.870117,96.463333,92.73,23.624211,24.575327,4.232946,1.594753,89.450056,11.518304,28.063574,2.45,0.4,3.832946,1.782946,3.563338,3.163338
2017-02-01,2279.550049,98.376667,92.73,23.171654,24.58266,4.315618,1.448249,85.081324,13.769708,28.655107,2.48,0.43,3.885618,1.835618,3.489779,3.059779
2017-02-02,2280.850098,98.376667,92.73,23.184869,24.59668,4.313158,1.451224,85.257848,13.769708,28.655107,2.48,0.43,3.883158,1.833158,3.489779,3.059779
2017-02-03,2297.419922,98.376667,92.73,23.353301,24.775369,4.28205,1.503871,85.994398,13.769708,28.655107,2.49,0.44,3.84205,1.79205,3.489779,3.049779
2017-02-06,2292.560059,98.376667,92.73,23.3039,24.72296,4.291127,1.486694,85.554311,13.769708,28.655107,2.42,0.4,3.891127,1.871127,3.489779,3.089779
2017-02-07,2293.080078,98.376667,92.73,23.309186,24.728568,4.290154,1.48705,85.562395,13.769708,28.655107,2.4,0.4,3.890154,1.890154,3.489779,3.089779
2017-02-08,2294.669922,98.376667,92.73,23.325347,24.745713,4.287182,1.490882,85.794183,13.769708,28.655107,2.34,0.38,3.907182,1.947182,3.489779,3.109779
2017-02-09,2307.870117,98.376667,92.73,23.459527,24.888063,4.26266,1.532424,86.975964,13.769708,28.655107,2.4,0.41,3.85266,1.86266,3.489779,3.079779
2017-02-10,2316.100098,98.376667,92.73,23.543185,24.976815,4.247514,1.557716,87.988827,13.769708,28.655107,2.41,0.4,3.847514,1.837514,3.489779,3.089779
2017-02-13,2328.25,98.376667,92.73,23.666689,25.10784,4.225348,1.595661,90.117253,13.769708,28.655107,2.43,0.43,3.795348,1.795348,3.489779,3.059779
2017-02-14,2337.580078,98.376667,94.55,23.76153,24.723216,4.208483,1.62435,91.238839,13.769708,28.655107,2.47,0.46,3.748483,1.738483,3.489779,3.029779
2017-02-15,2349.25,98.376667,94.55,23.880154,24.846642,4.187578,1.66054,93.530396,13.769708,28.655107,2.51,0.45,3.737578,1.677578,3.489779,3.039779
2017-02-16,2347.219971,98.376667,94.55,23.859519,24.825172,4.191199,1.652224,93.03233,13.769708,28.655107,2.45,0.43,3.761199,1.741199,3.489779,3.059779
2017-02-17,2351.159912,98.376667,94.55,23.899569,24.866842,4.184176,1.663269,93.760446,13.769708,28.655107,2.42,0.41,3.774176,1.764176,3.489779,3.079779
2017-02-21,2365.379883,98.376667,94.55,24.044115,25.017238,4.159022,1.707558,95.545657,13.769708,28.655107,2.43,0.4,3.759022,1.729022,3.489779,3.089779
2017-02-22,2362.820068,98.376667,94.55,24.018094,24.990165,4.163528,1.697417,95.158598,13.769708,28.655107,2.42,0.38,3.783528,1.743528,3.489779,3.109779
2017-02-23,2363.810059,98.376667,94.55,24.028158,25.000635,4.161784,1.698788,95.38376,13.769708,28.655107,2.38,0.35,3.811784,1.781784,3.489779,3.139779
2017-02-24,2367.340088,98.376667,94.55,24.06404,25.03797,4.155578,1.708363,95.664258,13.769708,28.655107,2.31,0.31,3.845578,1.845578,3.489779,3.179779
2017-02-27,2369.75,98.376667,94.55,24.088537,25.063458,4.151352,1.714289,95.666667,13.769708,28.655107,2.36,0.35,3.801352,1.791352,3.489779,3.139779
2017-02-28,2363.639893,98.376667,94.55,24.026428,24.998835,4.162084,1.692691,95.113826,13.769708,28.655107,2.36,0.34,3.822084,1.802084,3.489779,3.149779
2017-03-01,2395.959961,100.29,94.55,23.890318,25.340666,4.185796,1.647667,93.340733,16.022675,29.086922,2.46,0.43,3.755796,1.725796,3.437971,3.007971
2017-03-02,2381.919922,100.29,94.55,23.750323,25.192173,4.210469,1.601544,90.515807,16.022675,29.086922,2.49,0.48,3.730469,1.720469,3.437971,2.957971
2017-03-03,2383.120117,100.29,94.55,23.762291,25.204866,4.208349,1.603759,90.742794,16.022675,29.086922,2.49,0.45,3.758349,1.718349,3.437971,2.987971
2017-03-06,2375.310059,100.29,94.55,23.684416,25.122264,4.222186,1.577479,89.639889,16.022675,29.086922,2.49,0.48,3.742186,1.732186,3.437971,2.957971
2017-03-07,2368.389893,100.29,94.55,23.615414,25.049073,4.234522,1.554084,88.593577,16.022675,29.086922,2.52,0.49,3.744522,1.714522,3.437971,2.947971
2017-03-08,2362.97998,100.29,94.55,23.561472,24.991856,4.244217,1.535523,87.493082,16.022675,29.086922,2.57,0.56,3.684217,1.674217,3.437971,2.877971
2017-03-09,2364.870117,100.29,94.55,23.580318,25.011847,4.240825,1.540068,87.831858,16.022675,29.086922,2.6,0.6,3.640825,1.640825,3.437971,2.837971
2017-03-10,2372.600098,100.29,94.55,23.657395,25.093602,4.227008,1.563039,89.220564,16.022675,29.086922,2.58,0.57,3.657008,1.647008,3.437971,2.867971
2017-03-13,2373.469971,100.29,94.55,23.666068,25.102802,4.225459,1.564298,89.337017,16.022675,29.086922,2.62,0.61,3.615459,1.605459,3.437971,2.827971
2017-03-14,2365.449951,100.29,94.55,23.5861,25.017979,4.239785,1.53751,87.852015,16.022675,29.086922,2.6,0.61,3.629785,1.639785,3.437971,2.827971
2017-03-15,2385.26001,100.29,94.55,23.783628,25.227499,4.204573,1.598552,91.390728,16.022675,29.086922,2.51,0.5,3.704573,1.694573,3.437971,2.937971
2017-03-16,2381.379883,100.29,94.55,23.744939,25.186461,4.211424,1.584756,90.402648,16.022675,29.086922,2.53,0.51,3.701424,1.681424,3.437971,2.927971
2017-03-17,2378.25,100.29,96.463333,23.71373,24.654446,4.216966,1.573362,90.077178,16.022675,29.086922,2.5,0.49,3.726966,1.716966,3.437971,2.947971
2017-03-20,2373.469971,100.29,96.463333,23.666068,24.604893,4.225459,1.556802,89.201102,16.022675,29.086922,2.47,0.47,3.755459,1.755459,3.437971,2.967971
2017-03-21,2344.02002,100.29,96.463333,23.37242,24.299596,4.278547,1.462607,84.96696,16.022675,29.086922,2.43,0.45,3.828547,1.848547,3.437971,2.987971
2017-03-22,2348.449951,100.29,96.463333,23.416591,24.345519,4.270476,1.47529,85.470556,16.022675,29.086922,2.4,0.43,3.840476,1.870476,3.437971,3.007971
2017-03-23,2345.959961,100.29,96.463333,23.391763,24.319707,4.275009,1.466166,85.148515,16.022675,29.086922,2.41,0.46,3.815009,1.865009,3.437971,2.977971
2017-03-24,2343.97998,100.29,96.463333,23.372021,24.299181,4.27862,1.458668,84.826828,16.022675,29.086922,2.4,0.42,3.85862,1.87862,3.437971,3.017971
2017-03-27,2341.590088,100.29,96.463333,23.348191,24.274406,4.282987,1.449899,84.505495,16.022675,29.086922,2.38,0.41,3.872987,1.902987,3.437971,3.027971
2017-03-28,2358.570068,100.29,96.463333,23.5175,24.450431,4.252153,1.50205,86.27128,16.022675,29.086922,2.42,0.45,3.802153,1.832153,3.437971,2.987971
2017-03-29,2361.129883,100.29,96.463333,23.543024,24.476968,4.247543,1.508753,86.772777,16.022675,29.086922,2.39,0.41,3.837543,1.857543,3.437971,3.027971
2017-03-30,2368.060059,100.29,96.463333,23.612125,24.54881,4.235112,1.52917,88.261108,16.022675,29.086922,2.42,0.46,3.775112,1.815112,3.437971,2.977971
2017-03-31,2362.719971,100.29,96.463333,23.558879,24.493452,4.244684,1.511001,87.061404,16.022675,29.086922,2.4,0.43,3.814684,1.844684,3.437971,3.007971
2017-04-03,2358.840088,101.533333,96.463333,23.232174,24.45323,4.304375,1.40677,83.452055,17.244034,28.904246,2.35,0.39,3.914375,1.954375,3.459699,3.069699
2017-04-04,2360.159912,101.533333,96.463333,23.245173,24.466912,4.301968,1.409715,83.515882,17.244034,28.904246,2.36,0.4,3.901968,1.941968,3.459699,3.059699
2017-04-05,2352.949951,101.533333,96.463333,23.174162,24.392169,4.315151,1.386212,83.141762,17.244034,28.904246,2.34,0.37,3.945151,1.975151,3.459699,3.089699
2017-04-06,2357.48999,101.533333,96.463333,23.218877,24.439234,4.30684,1.399176,83.369803,17.244034,28.904246,2.34,0.39,3.91684,1.96684,3.459699,3.069699
2017-04-07,2355.540039,101.533333,96.463333,23.199672,24.41902,4.310406,1.392003,83.324221,17.244034,28.904246,2.38,0.44,3.870406,1.930406,3.459699,3.019699
2017-04-10,2357.159912,101.533333,96.463333,23.215626,24.435812,4.307444,1.395904,83.333333,17.244034,28.904246,2.37,0.44,3.867444,1.937444,3.459699,3.019699
2017-04-11,2353.780029,101.533333,96.463333,23.182338,24.400774,4.313629,1.384314,83.069361,17.244034,28.904246,2.32,0.41,3.903629,1.993629,3.459699,3.049699
2017-04-12,2344.929932,101.533333,96.463333,23.095173,24.309029,4.329909,1.35581,82.641921,17.244034,28.904246,2.28,0.38,3.949909,2.049909,3.459699,3.079699
2017-04-13,2328.949951,101.533333,96.463333,22.937787,24.14337,4.359619,1.305289,82.051282,17.244034,28.904246,2.24,0.32,4.039619,2.119619,3.459699,3.139699
2017-04-17,2349.01001,101.533333,98.376667,23.135358,23.877715,4.322388,1.366418,82.660851,17.244034,28.904246,2.26,0.38,3.942388,2.062388,3.459699,3.079699
2017-04-18,2342.189941,101.533333,98.376667,23.068187,23.808389,4.334974,1.344247,82.506812,17.244034,28.904246,2.18,0.33,4.004974,2.154974,3.459699,3.129699
2017-04-19,2338.169922,101.533333,98.376667,23.028594,23.767525,4.342427,1.330783,82.407407,17.244034,28.904246,2.21,0.36,3.982427,2.132427,3.459699,3.099699
2017-04-20,2355.840088,101.533333,98.376667,23.202627,23.947143,4.309857,1.384433,83.342406,17.244034,28.904246,2.24,0.39,3.919857,2.069857,3.459699,3.069699
2017-04-21,2348.689941,101.533333,98.376667,23.132206,23.874461,4.322977,1.361226,82.589771,17.244034,28.904246,2.24,0.4,3.922977,2.082977,3.459699,3.059699
2017-04-24,2374.149902,101.533333,98.376667,23.38296,24.133262,4.276618,1.438873,84.883089,17.244034,28.904246,2.28,0.41,3.866618,1.996618,3.459699,3.049699
2017-04-25,2388.610107,101.533333,98.376667,23.525379,24.28025,4.250729,1.482354,86.413043,17.244034,28.904246,2.35,0.44,3.810729,1.900729,3.459699,3.019699
2017-04-26,2387.449951,101.533333,98.376667,23.513952,24.268457,4.252794,1.477484,86.148832,17.244034,28.904246,2.32,0.42,3.832794,1.932794,3.459699,3.039699
2017-04-27,2388.77002,101.533333,98.376667,23.526954,24.281876,4.250444,1.480284,86.427796,17.244034,28.904246,2.3,0.39,3.860444,1.950444,3.459699,3.069699
2017-04-28,2384.199951,101.533333,98.376667,23.481943,24.235421,4.258591,1.464896,85.784048,17.244034,28.904246,2.29,0.37,3.888591,1.968591,3.459699,3.089699
2017-05-01,2388.330078,102.776667,98.376667,23.238057,24.277404,4.303286,1.387226,83.29718,18.460888,29.313345,2.33,0.41,3.893286,1.973286,3.411416,3.001416
2017-05-02,2391.169922,102.776667,98.376667,23.265689,24.306271,4.298175,1.394784,83.468835,18.460888,29.313345,2.29,0.41,3.888175,2.008175,3.411416,3.001416
2017-05-03,2388.129883,102.776667,98.376667,23.236109,24.275369,4.303646,1.384407,83.206934,18.460888,29.313345,2.33,0.46,3.843646,1.973646,3.411416,2.951416
2017-05-04,2389.52002,102.776667,98.376667,23.249635,24.2895,4.301143,1.38755,83.378452,18.460888,29.313345,2.36,0.5,3.801143,1.941143,3.411416,2.911416
2017-05-05,2399.290039,102.776667,98.376667,23.344696,24.388812,4.283628,1.416211,84.199134,18.460888,29.313345,2.36,0.5,3.783628,1.923628,3.411416,2.911416
2017-05-08,2399.379883,102.776667,98.376667,23.34557,24.389725,4.283468,1.415334,84.20768,18.460888,29.313345,2.39,0.53,3.753468,1.893468,3.411416,2.881416
2017-05-09,2396.919922,102.776667,98.376667,23.321635,24.36472,4.287864,1.406697,83.783784,18.460888,29.313345,2.42,0.56,3.727864,1.867864,3.411416,2.851416
2017-05-10,2399.629883,102.776667,98.376667,23.348003,24.392267,4.283022,1.413813,84.224743,18.460888,29.313345,2.41,0.56,3.723022,1.873022,3.411416,2.851416
2017-05-11,2394.439941,102.776667,98.376667,23.297505,24.339511,4.292305,1.396878,83.477322,18.460888,29.313345,2.39,0.51,3.782305,1.902305,3.411416,2.901416
2017-05-12,2390.899902,102.776667,98.376667,23.263061,24.303526,4.29866,1.384998,83.216406,18.460888,29.313345,2.33,0.49,3.80866,1.96866,3.411416,2.921416
2017-05-15,2402.320068,102.776667,100.29,23.374178,23.953735,4.278225,1.418639,84.735707,18.460888,29.313345,2.34,0.52,3.758225,1.938225,3.411416,2.891416
2017-05-16,2400.669922,102.776667,100.29,23.358122,23.937281,4.281166,1.41247,84.420485,18.460888,29.313345,2.33,0.51,3.771166,1.951166,3.411416,2.901416
2017-05-17,2357.030029,102.776667,100.29,22.933513,23.502144,4.360431,1.278671,81.034483,18.460888,29.313345,2.22,0.44,3.920431,2.140431,3.411416,2.971416
2017-05-18,2365.719971,102.776667,100.29,23.018065,23.588792,4.344414,1.304179,81.529348,18.460888,29.313345,2.23,0.43,3.914414,2.114414,3.411416,2.981416
2017-05-19,2381.72998,102.776667,100.29,23.173839,23.748429,4.315211,1.351885,82.185145,18.460888,29.313345,2.23,0.41,3.905211,2.085211,3.411416,3.001416
2017-05-22,2394.02002,102.776667,100.29,23.29342,23.870974,4.293058,1.388194,83.37816,18.460888,29.313345,2.25,0.43,3.863058,2.043058,3.411416,2.981416
2017-05-23,2398.419922,102.776667,100.29,23.33623,23.914846,4.285182,1.400464,83.924731,18.460888,29.313345,2.29,0.46,3.825182,1.995182,3.411416,2.951416
2017-05-24,2404.389893,102.776667,100.29,23.394317,23.974373,4.274542,1.417477,85.115529,18.460888,29.313345,2.26,0.45,3.824542,2.014542,3.411416,2.961416
2017-05-25,2415.070068,102.776667,100.29,23.498233,24.080866,4.255639,1.448748,85.982814,18.460888,29.313345,2.25,0.45,3.805639,2.005639,3.411416,2.961416
2017-05-26,2415.820068,102.776667,100.29,23.50553,24.088344,4.254318,1.449819,86.044015,18.460888,29.313345,2.25,0.44,3.814318,2.004318,3.411416,2.971416
2017-05-30,2412.909912,102.776667,100.29,23.477215,24.059327,4.259449,1.439786,85.783262,18.460888,29.313345,2.21,0.4,3.859449,2.049449,3.411416,3.011416
2017-05-31,2411.800049,102.776667,100.29,23.466416,24.048261,4.261409,1.435235,85.630027,18.460888,29.313345,2.21,0.4,3.861409,2.051409,3.411416,3.011416
2017-06-01,2430.060059,104.02,100.29,23.36147,24.230333,4.280553,1.401358,84.244373,19.673263,29.748503,2.21,0.4,3.880553,2.070553,3.361514,2.961514
2017-06-02,2439.070068,104.02,100.29,23.448088,24.320172,4.26474,1.427229,85.324049,19.673263,29.748503,2.15,0.36,3.90474,2.11474,3.361514,3.001514
2017-06-05,2436.100098,104.02,100.29,23.419536,24.290558,4.269939,1.417178,85.171306,19.673263,29.748503,2.18,0.39,3.879939,2.089939,3.361514,2.971514
2017-06-06,2429.330078,104.02,100.29,23.354452,24.223054,4.281839,1.395774,83.948636,19.673263,29.748503,2.14,0.37,3.911839,2.141839,3.361514,2.991514
2017-06-07,2433.139893,104.02,100.29,23.391078,24.261042,4.275134,1.406075,84.652406,19.673263,29.748503,2.18,0.4,3.875134,2.095134,3.361514,2.961514
2017-06-08,2433.790039,104.02,100.29,23.397328,24.267525,4.273992,1.406902,84.874399,19.673263,29.748503,2.19,0.41,3.863992,2.083992,3.361514,2.951514
2017-06-09,2431.77002,104.02,100.29,23.377908,24.247383,4.277543,1.399741,84.401709,19.673263,29.748503,2.21,0.43,3.847543,2.067543,3.361514,2.931514
2017-06-12,2429.389893,104.02,100.29,23.355027,24.22365,4.281733,1.391519,83.822744,19.673263,29.748503,2.21,0.46,3.821733,2.071733,3.361514,2.901514
2017-06-13,2440.350098,104.02,100.29,23.460393,24.332935,4.262503,1.423193,85.538954,19.673263,29.748503,2.21,0.46,3.802503,2.052503,3.361514,2.901514
2017-06-14,2437.919922,104.02,100.29,23.437031,24.308704,4.266752,1.414783,85.226667,19.673263,29.748503,2.15,0.44,3.826752,2.116752,3.361514,2.921514
2017-06-15,2432.459961,104.02,101.533333,23.384541,23.957255,4.276329,1.397339,84.381663,19.673263,29.748503,2.16,0.49,3.786329,2.116329,3.361514,2.871514
2017-06-16,2433.149902,104.02,101.533333,23.391174,23.96405,4.275117,1.398301,84.549814,19.673263,29.748503,2.16,0.49,3.785117,2.115117,3.361514,2.871514
2017-06-19,2453.459961,104.02,101.533333,23.586425,24.164084,4.239727,1.457849,88.019169,19.673263,29.748503,2.19,0.52,3.719727,2.049727,3.361514,2.841514
2017-06-20,2437.030029,104.02,101.533333,23.428476,24.002266,4.26831,1.407591,85.151676,19.673263,29.748503,2.16,0.5,3.76831,2.10831,3.361514,2.861514
2017-06-21,2435.610107,104.02,101.533333,23.414825,23.988281,4.270799,1.402238,84.946809,19.673263,29.748503,2.16,0.5,3.770799,2.110799,3.361514,2.861514
2017-06-22,2434.5,104.02,101.533333,23.404153,23.977347,4.272746,1.39782,84.795322,19.673263,29.748503,2.15,0.46,3.812746,2.122746,3.361514,2.901514
2017-06-23,2438.300049,104.02,101.533333,23.440685,24.014774,4.266087,1.40806,85.281615,19.673263,29.748503,2.15,0.45,3.816087,2.116087,3.361514,2.911514
2017-06-26,2439.070068,104.02,101.533333,23.448088,24.022358,4.26474,1.409241,85.342539,19.673263,29.748503,2.14,0.43,3.83474,2.12474,3.361514,2.931514
2017-06-27,2419.379883,104.02,101.533333,23.258795,23.82843,4.299449,1.349416,82.006369,19.673263,29.748503,2.21,0.5,3.799449,2.089449,3.361514,2.861514
2017-06-28,2440.689941,104.02,101.533333,23.46366,24.038312,4.26191,1.411932,85.676393,19.673263,29.748503,2.22,0.49,3.77191,2.04191,3.361514,2.871514
2017-06-29,2419.699951,104.02,101.533333,23.261872,23.831582,4.29888,1.348257,81.972428,19.673263,29.748503,2.27,0.55,3.74888,2.02888,3.361514,2.811514
2017-06-30,2423.409912,104.02,101.533333,23.297538,23.868121,4.292299,1.358306,82.352941,19.673263,29.748503,2.31,0.58,3.712299,1.982299,3.361514,2.781514
2017-07-03,2429.01001,105.04,101.533333,23.124619,23.923277,4.324396,1.303696,80.508475,19.84939,30.002221,2.35,0.6,3.724396,1.974396,3.333087,2.733087
2017-07-05,2432.540039,105.04,101.533333,23.158226,23.958044,4.31812,1.313177,80.783483,19.84939,30.002221,2.33,0.58,3.73812,1.98812,3.333087,2.753087
2017-07-06,2409.75,105.04,101.533333,22.94126,23.733585,4.358958,1.245012,79.68254,19.84939,30.002221,2.37,0.61,3.748958,1.988958,3.333087,2.723087
2017-07-07,2425.179932,105.04,101.533333,23.088156,23.885554,4.331225,1.289678,80.380751,19.84939,30.002221,2.39,0.66,3.671225,1.941225,3.333087,2.673087
2017-07-10,2427.429932,105.04,101.533333,23.109577,23.907714,4.32721,1.295405,80.443975,19.84939,30.002221,2.38,0.66,3.66721,1.94721,3.333087,2.673087
2017-07-11,2425.530029,105.04,101.533333,23.091489,23.889002,4.3306,1.288888,80.348653,19.84939,30.002221,2.37,0.62,3.7106,1.9606,3.333087,2.713087
2017-07-12,2443.25,105.04,101.533333,23.260187,24.063526,4.299192,1.340209,81.942978,19.84939,30.002221,2.33,0.57,3.729192,1.969192,3.333087,2.763087
2017-07-13,2447.830078,105.04,101.533333,23.30379,24.108635,4.291148,1.352716,82.427441,19.84939,30.002221,2.35,0.58,3.711148,1.941148,3.333087,2.753087
2017-07-14,2459.27002,105.04,101.533333,23.4127,24.221307,4.271186,1.385405,84.862869,19.84939,30.002221,2.33,0.57,3.701186,1.941186,3.333087,2.763087
2017-07-17,2459.139893,105.04,102.776667,23.411461,23.927025,4.271412,1.383956,84.765419,19.84939,30.002221,2.31,0.54,3.731412,1.961412,3.333087,2.793087
2017-07-18,2460.610107,105.04,102.776667,23.425458,23.94133,4.26886,1.387223,85.089568,19.84939,30.002221,2.27,0.51,3.75886,1.99886,3.333087,2.823087
2017-07-19,2473.830078,105.04,102.776667,23.551315,24.069958,4.246047,1.425065,87.256451,19.84939,30.002221,2.27,0.51,3.736047,1.976047,3.333087,2.823087
2017-07-20,2473.449951,105.04,102.776667,23.547696,24.06626,4.2467,1.422811,87.210526,19.84939,30.002221,2.27,0.5,3.7467,1.9767,3.333087,2.833087
2017-07-21,2472.540039,105.04,102.776667,23.539033,24.057406,4.248263,1.419003,86.954235,19.84939,30.002221,2.24,0.48,3.768263,2.008263,3.333087,2.853087
2017-07-24,2469.909912,105.04,102.776667,23.513994,24.031816,4.252787,1.410144,86.330179,19.84939,30.002221,2.26,0.48,3.772787,1.992787,3.333087,2.853087
2017-07-25,2477.129883,105.04,102.776667,23.582729,24.102065,4.240391,1.430265,88.018917,19.84939,30.002221,2.33,0.52,3.720391,1.910391,3.333087,2.813087
2017-07-26,2477.830078,105.04,102.776667,23.589395,24.108878,4.239193,1.43118,88.340336,19.84939,30.002221,2.29,0.49,3.749193,1.949193,3.333087,2.843087
2017-07-27,2475.419922,105.04,102.776667,23.56645,24.085427,4.24332,1.422953,87.664042,19.84939,30.002221,2.32,0.49,3.75332,1.92332,3.333087,2.843087
2017-07-28,2472.100098,105.04,102.776667,23.534845,24.053126,4.249019,1.412072,86.673662,19.84939,30.002221,2.3,0.47,3.779019,1.949019,3.333087,2.863087
2017-07-31,2470.300049,105.04,102.776667,23.517708,24.035612,4.252115,1.405677,86.208705,19.84939,30.002221,2.3,0.48,3.772115,1.952115,3.333087,2.853087
2017-08-01,2476.350098,106.06,102.776667,23.348577,24.094478,4.282916,1.352414,82.756813,20.022633,29.914959,2.26,0.47,3.812916,2.022916,3.342809,2.872809
2017-08-02,2477.570068,106.06,102.776667,23.36008,24.106348,4.280807,1.35496,83.080147,20.022633,29.914959,2.27,0.48,3.800807,2.010807,3.342809,2.862809
2017-08-03,2472.159912,106.06,102.776667,23.30907,24.053708,4.290176,1.338227,81.884817,20.022633,29.914959,2.24,0.46,3.830176,2.050176,3.342809,2.882809
2017-08-04,2476.830078,106.06,102.776667,23.353103,24.099148,4.282086,1.350824,82.731554,20.022633,29.914959,2.27,0.47,3.812086,2.012086,3.342809,2.872809
2017-08-07,2480.909912,106.06,102.776667,23.39157,24.138844,4.275044,1.361682,83.891213,20.022633,29.914959,2.26,0.46,3.815044,2.015044,3.342809,2.882809
2017-08-08,2474.919922,106.06,102.776667,23.335093,24.080562,4.285391,1.343264,82.226869,20.022633,29.914959,2.29,0.46,3.825391,1.995391,3.342809,2.882809
2017-08-09,2474.02002,106.06,102.776667,23.326608,24.071806,4.28695,1.339667,82.131661,20.022633,29.914959,2.24,0.42,3.86695,2.04695,3.342809,2.922809
2017-08-10,2438.209961,106.06,102.776667,22.988968,23.72338,4.349913,1.234683,78.851175,20.022633,29.914959,2.2,0.4,3.949913,2.149913,3.342809,2.942809
2017-08-11,2441.320068,106.06,102.776667,23.018292,23.753641,4.344371,1.242903,79.175365,20.022633,29.914959,2.19,0.4,3.944371,2.154371,3.342809,2.942809
2017-08-14,2465.840088,106.06,102.776667,23.249482,23.992217,4.301171,1.313275,80.907668,20.022633,29.914959,2.22,0.45,3.851171,2.081171,3.342809,2.892809
2017-08-15,2464.610107,106.06,104.02,23.237885,23.693618,4.303318,1.308772,80.709072,20.022633,29.914959,2.27,0.49,3.813318,2.033318,3.342809,2.852809
2017-08-16,2468.110107,106.06,104.02,23.270885,23.727265,4.297215,1.318006,81.34445,20.022633,29.914959,2.23,0.45,3.847215,2.067215,3.342809,2.892809
2017-08-17,2430.01001,106.06,104.02,22.911654,23.360988,4.364591,1.206497,78.333333,20.022633,29.914959,2.19,0.42,3.944591,2.174591,3.342809,2.922809
2017-08-18,2425.550049,106.06,104.02,22.869603,23.318112,4.372616,1.192783,78.188444,20.022633,29.914959,2.19,0.43,3.942616,2.182616,3.342809,2.912809
2017-08-21,2428.370117,106.06,104.02,22.896192,23.345223,4.367539,1.200214,78.251821,20.022633,29.914959,2.18,0.43,3.937539,2.187539,3.342809,2.912809
2017-08-22,2452.51001,106.06,104.02,23.123798,23.577293,4.324549,1.269489,79.51118,20.022633,29.914959,2.22,0.45,3.874549,2.104549,3.342809,2.892809
2017-08-23,2444.040039,106.06,104.02,23.043938,23.495867,4.339536,1.244059,79.106029,20.022633,29.914959,2.17,0.42,3.919536,2.169536,3.342809,2.922809
2017-08-24,2438.969971,106.06,104.02,22.996134,23.447125,4.348557,1.228531,78.649351,20.022633,29.914959,2.19,0.44,3.908557,2.158557,3.342809,2.902809
2017-08-25,2443.050049,106.06,104.02,23.034604,23.486349,4.341295,1.239563,79.075805,20.022633,29.914959,2.17,0.42,3.921295,2.171295,3.342809,2.922809
2017-08-28,2444.23999,106.06,104.02,23.045823,23.497789,4.339181,1.242198,79.138557,20.022633,29.914959,2.16,0.41,3.929181,2.179181,3.342809,2.932809
2017-08-29,2446.300049,106.06,104.02,23.065247,23.517593,4.335527,1.247352,79.201245,20.022633,29.914959,2.13,0.39,3.945527,2.205527,3.342809,2.952809
2017-08-30,2457.590088,106.06,104.02,23.171696,23.62613,4.31561,1.279251,79.989632,20.022633,29.914959,2.15,0.39,3.92561,2.16561,3.342809,2.952809
2017-08-31,2471.649902,106.06,104.02,23.304261,23.761295,4.291061,1.319122,81.813472,20.022633,29.914959,2.12,0.36,3.931061,2.171061,3.342809,2.982809
2017-09-01,2476.550049,107.08,104.02,23.128036,23.808403,4.323757,1.264032,79.544278,20.193063,30.168114,2.16,0.37,3.953757,2.163757,3.314758,2.944758
2017-09-05,2457.850098,107.08,104.02,22.9534,23.62863,4.356653,1.20952,78.15735,20.193063,30.168114,2.07,0.3,4.056653,2.286653,3.314758,3.014758
2017-09-06,2465.540039,107.08,104.02,23.025215,23.702558,4.343065,1.230815,78.789446,20.193063,30.168114,2.1,0.32,4.023065,2.243065,3.314758,2.994758
2017-09-07,2465.100098,107.08,104.02,23.021107,23.698328,4.34384,1.228753,78.748707,20.193063,30.168114,2.05,0.26,4.08384,2.29384,3.314758,3.054758
2017-09-08,2461.429932,107.08,104.02,22.986832,23.663045,4.350317,1.217428,78.191214,20.193063,30.168114,2.06,0.25,4.100317,2.290317,3.314758,3.064758
2017-09-11,2488.110107,107.08,104.02,23.235993,23.919536,4.303668,1.29317,80.681818,20.193063,30.168114,2.14,0.31,3.993668,2.163668,3.314758,3.004758
2017-09-12,2496.47998,107.08,104.02,23.314157,24.0,4.289239,1.316278,81.982447,20.193063,30.168114,2.17,0.33,3.959239,2.119239,3.314758,2.984758
2017-09-13,2498.370117,107.08,104.02,23.331809,24.018171,4.285994,1.320768,82.404541,20.193063,30.168114,2.2,0.35,3.935994,2.085994,3.314758,2.964758
2017-09-14,2495.620117,107.08,105.04,23.306127,23.75876,4.290717,1.311952,81.79474,20.193063,30.168114,2.2,0.35,3.940717,2.090717,3.314758,2.964758
2017-09-15,2500.22998,107.08,105.04,23.349178,23.802646,4.282806,1.324243,82.886598,20.193063,30.168114,2.2,0.35,3.932806,2.082806,3.314758,2.964758
2017-09-18,2503.870117,107.08,105.04,23.383173,23.837301,4.27658,1.333733,83.771252,20.193063,30.168114,2.23,0.36,3.91658,2.04658,3.314758,2.954758
2017-09-19,2506.649902,107.08,105.04,23.409132,23.863765,4.271837,1.340741,84.552008,20.193063,30.168114,2.24,0.37,3.901837,2.031837,3.314758,2.944758
2017-09-20,2508.23999,107.08,105.04,23.423982,23.878903,4.269129,1.34433,84.86876,20.193063,30.168114,2.28,0.43,3.839129,1.989129,3.314758,2.884758
2017-09-21,2500.600098,107.08,105.04,23.352634,23.80617,4.282172,1.321485,82.76749,20.193063,30.168114,2.27,0.44,3.842172,2.012172,3.314758,2.874758
2017-09-22,2502.219971,107.08,105.04,23.367762,23.821591,4.2794,1.32519,83.341902,20.193063,30.168114,2.26,0.42,3.8594,2.0194,3.314758,2.894758
2017-09-25,2496.659912,107.08,105.04,23.315838,23.768659,4.28893,1.308338,81.757451,20.193063,30.168114,2.22,0.38,3.90893,2.06893,3.314758,2.934758
2017-09-26,2496.840088,107.08,105.04,23.31752,23.770374,4.288621,1.307942,81.766821,20.193063,30.168114,2.24,0.4,3.888621,2.048621,3.314758,2.914758
2017-09-27,2507.040039,107.08,105.04,23.412776,23.867479,4.271172,1.336216,84.702259,20.193063,30.168114,2.31,0.44,3.831172,1.961172,3.314758,2.874758
2017-09-28,2510.060059,107.08,105.04,23.440979,23.896231,4.266033,1.343901,85.223191,20.193063,30.168114,2.31,0.44,3.826033,1.956033,3.314758,2.874758
2017-09-29,2519.360107,107.08,105.04,23.527831,23.984769,4.250286,1.36953,86.769231,20.193063,30.168114,2.33,0.49,3.760286,1.920286,3.314758,2.824758
2017-10-02,2529.120117,108.013333,105.04,23.414888,24.077686,4.270787,1.333943,84.674526,18.813479,30.920393,2.34,0.51,3.760787,1.930787,3.234112,2.724112
2017-10-03,2534.580078,108.013333,105.04,23.465437,24.129666,4.261587,1.348467,85.655738,18.813479,30.920393,2.33,0.49,3.771587,1.931587,3.234112,2.744112
2017-10-04,2537.73999,108.013333,105.04,23.494692,24.159749,4.256281,1.356447,85.970302,18.813479,30.920393,2.33,0.48,3.776281,1.926281,3.234112,2.754112
2017-10-05,2552.070068,108.013333,105.04,23.627362,24.296174,4.232381,1.396053,89.303992,18.813479,30.920393,2.35,0.49,3.742381,1.882381,3.234112,2.744112
2017-10-06,2549.330078,108.013333,105.04,23.601994,24.270088,4.23693,1.387242,88.746803,18.813479,30.920393,2.37,0.5,3.73693,1.86693,3.234112,2.734112
2017-10-09,2544.72998,108.013333,105.04,23.559406,24.226295,4.244589,1.373181,87.627812,18.813479,30.920393,2.37,0.5,3.744589,1.874589,3.234112,2.734112
2017-10-10,2550.639893,108.013333,105.04,23.614121,24.282558,4.234754,1.388898,89.013797,18.813479,30.920393,2.35,0.47,3.764754,1.884754,3.234112,2.764112
2017-10-11,2555.23999,108.013333,105.04,23.656709,24.326352,4.227131,1.400876,89.734423,18.813479,30.920393,2.35,0.46,3.767131,1.877131,3.234112,2.774112
2017-10-12,2550.929932,108.013333,105.04,23.616806,24.285319,4.234273,1.387624,89.127106,18.813479,30.920393,2.33,0.44,3.794273,1.904273,3.234112,2.794112
2017-10-13,2553.169922,108.013333,105.04,23.637544,24.306644,4.230558,1.392925,89.387755,18.813479,30.920393,2.28,0.43,3.800558,1.950558,3.234112,2.804112
2017-10-16,2557.639893,108.013333,106.06,23.678928,24.115028,4.223164,1.404521,90.209077,18.813479,30.920393,2.3,0.46,3.763164,1.923164,3.234112,2.774112
2017-10-17,2559.360107,108.013333,106.06,23.694854,24.131247,4.220326,1.40832,90.417941,18.813479,30.920393,2.3,0.48,3.740326,1.920326,3.234112,2.754112
2017-10-18,2561.26001,108.013333,106.06,23.712443,24.149161,4.217195,1.41262,90.728477,18.813479,30.920393,2.34,0.5,3.717195,1.877195,3.234112,2.734112
2017-10-19,2562.100098,108.013333,106.06,23.720221,24.157082,4.215812,1.413917,90.885947,18.813479,30.920393,2.33,0.49,3.725812,1.885812,3.234112,2.744112
2017-10-20,2575.209961,108.013333,106.06,23.841593,24.28069,4.194351,1.44987,92.926209,18.813479,30.920393,2.39,0.52,3.674351,1.804351,3.234112,2.714112
2017-10-23,2564.97998,108.013333,106.06,23.746883,24.184235,4.211079,1.419838,91.098678,18.813479,30.920393,2.38,0.52,3.691079,1.831079,3.234112,2.714112
2017-10-24,2569.129883,108.013333,106.06,23.785303,24.223363,4.204277,1.430466,92.018302,18.813479,30.920393,2.42,0.55,3.654277,1.784277,3.234112,2.684112
2017-10-25,2557.149902,108.013333,106.06,23.674391,24.110408,4.223973,1.395546,89.786585,18.813479,30.920393,2.44,0.56,3.663973,1.783973,3.234112,2.674112
2017-10-26,2560.399902,108.013333,106.06,23.70448,24.141051,4.218612,1.403673,90.248857,18.813479,30.920393,2.46,0.57,3.648612,1.758612,3.234112,2.664112
2017-10-27,2581.070068,108.013333,106.06,23.895847,24.335943,4.184828,1.460927,93.908629,18.813479,30.920393,2.42,0.54,3.644828,1.764828,3.234112,2.694112
2017-10-30,2572.830078,108.013333,106.06,23.81956,24.258251,4.19823,1.436528,92.440386,18.813479,30.920393,2.37,0.5,3.69823,1.82823,3.234112,2.734112
2017-10-31,2575.26001,108.013333,106.06,23.842057,24.281162,4.194269,1.442264,92.900609,18.813479,30.920393,2.38,0.5,3.694269,1.814269,3.234112,2.734112
2017-11-01,2579.360107,108.946667,106.06,23.675438,24.31982,4.223787,1.390409,89.609731,17.488048,31.298913,2.37,0.49,3.733787,1.853787,3.194999,2.704999
2017-11-02,2579.850098,108.946667,106.06,23.679936,24.32444,4.222984,1.390745,89.766971,17.488048,31.298913,2.35,0.48,3.742984,1.872984,3.194999,2.714999
2017-11-03,2587.840088,108.946667,106.06,23.753275,24.399775,4.209946,1.412032,90.987342,17.488048,31.298913,2.34,0.48,3.729946,1.869946,3.194999,2.714999
2017-11-06,2591.129883,108.946667,106.06,23.783471,24.430793,4.204601,1.42015,91.801619,17.488048,31.298913,2.32,0.46,3.744601,1.884601,3.194999,2.734999
2017-11-07,2590.639893,108.946667,106.06,23.778973,24.426173,4.205396,1.417699,91.704603,17.488048,31.298913,2.32,0.44,3.765396,1.885396,3.194999,2.754999
2017-11-08,2594.379883,108.946667,106.06,23.813302,24.461436,4.199334,1.427059,92.31547,17.488048,31.298913,2.32,0.45,3.749334,1.879334,3.194999,2.744999
2017-11-09,2584.620117,108.946667,106.06,23.723719,24.369415,4.215191,1.398731,90.449722,17.488048,31.298913,2.33,0.46,3.755191,1.885191,3.194999,2.734999
2017-11-10,2582.300049,108.946667,106.06,23.702424,24.34754,4.218978,1.391214,89.848485,17.488048,31.298913,2.4,0.52,3.698978,1.818978,3.194999,2.674999
2017-11-13,2584.840088,108.946667,106.06,23.725738,24.371489,4.214832,1.397269,90.459364,17.488048,31.298913,2.4,0.52,3.694832,1.814832,3.194999,2.674999
2017-11-14,2578.870117,108.946667,106.06,23.670941,24.3152,4.224589,1.37958,89.152371,17.488048,31.298913,2.38,0.51,3.714589,1.844589,3.194999,2.684999
2017-11-15,2564.620117,108.946667,107.08,23.540143,23.950505,4.248063,1.33884,85.930408,17.488048,31.298913,2.33,0.48,3.768063,1.918063,3.194999,2.714999
2017-11-16,2585.639893,108.946667,107.08,23.733079,24.146805,4.213528,1.396492,90.524194,17.488048,31.298913,2.37,0.53,3.683528,1.843528,3.194999,2.664999
2017-11-17,2578.850098,108.946667,107.08,23.670757,24.083397,4.224622,1.376533,89.06801,17.488048,31.298913,2.35,0.49,3.734622,1.874622,3.194999,2.704999
2017-11-20,2582.139893,108.946667,107.08,23.700954,24.114119,4.21924,1.384696,89.677744,17.488048,31.298913,2.37,0.52,3.69924,1.84924,3.194999,2.674999
2017-11-21,2599.030029,108.946667,107.08,23.855985,24.271853,4.19182,1.430725,93.105184,17.488048,31.298913,2.36,0.52,3.67182,1.83182,3.194999,2.674999
2017-11-22,2597.080078,108.946667,107.08,23.838087,24.253643,4.194968,1.4242,92.806841,17.488048,31.298913,2.32,0.48,3.714968,1.874968,3.194999,2.714999
2017-11-24,2602.419922,108.946667,107.08,23.8871,24.303511,4.18636,1.437981,93.815988,17.488048,31.298913,2.34,0.5,3.68636,1.84636,3.194999,2.694999
2017-11-27,2601.419922,108.946667,107.08,23.877921,24.294172,4.187969,1.43409,93.567839,17.488048,31.298913,2.32,0.49,3.697969,1.867969,3.194999,2.704999
2017-11-28,2627.040039,108.946667,107.08,24.113083,24.533433,4.147126,1.504267,96.333501,17.488048,31.298913,2.34,0.5,3.647126,1.807126,3.194999,2.694999
2017-11-29,2626.070068,108.946667,107.08,24.10418,24.524375,4.148658,1.500338,96.23494,17.488048,31.298913,2.37,0.53,3.618658,1.778658,3.194999,2.664999
2017-11-30,2647.580078,108.946667,107.08,24.301616,24.725253,4.114953,1.558912,97.491219,17.488048,31.298913,2.42,0.56,3.554953,1.694953,3.194999,2.634999
2017-12-01,2642.219971,109.88,107.08,24.046414,24.675196,4.158624,1.480306,95.737212,16.213644,32.086132,2.37,0.51,3.648624,1.788624,3.116611,2.606611
2017-12-04,2639.439941,109.88,107.08,24.021113,24.649234,4.163004,1.471464,95.288221,16.213644,32.086132,2.37,0.5,3.663004,1.793004,3.116611,2.616611
2017-12-05,2629.570068,109.88,107.08,23.931289,24.557061,4.17863,1.443114,94.188377,16.213644,32.086132,2.36,0.5,3.67863,1.81863,3.116611,2.616611
2017-12-06,2629.27002,109.88,107.08,23.928559,24.554259,4.179107,1.441175,94.041062,16.213644,32.086132,2.33,0.47,3.709107,1.849107,3.116611,2.646611
2017-12-07,2636.97998,109.88,107.08,23.998726,24.626261,4.166888,1.461289,94.844845,16.213644,32.086132,2.37,0.5,3.666888,1.796888,3.116611,2.616611
2017-12-08,2651.5,109.88,107.08,24.13087,24.76186,4.144069,1.500099,96.348174,16.213644,32.086132,2.38,0.5,3.644069,1.764069,3.116611,2.616611
2017-12-11,2659.98999,109.88,107.08,24.208136,24.841147,4.130843,1.522234,96.95,16.213644,32.086132,2.39,0.51,3.620843,1.740843,3.116611,2.606611
2017-12-12,2664.110107,109.88,107.08,24.245633,24.879624,4.124454,1.532302,97.101449,16.213644,32.086132,2.4,0.51,3.614454,1.724454,3.116611,2.606611
2017-12-13,2662.850098,109.88,107.08,24.234165,24.867857,4.126406,1.527558,96.953047,16.213644,32.086132,2.36,0.48,3.646406,1.766406,3.116611,2.636611
2017-12-14,2652.01001,109.88,107.08,24.135512,24.766623,4.143272,1.4965,96.205691,16.213644,32.086132,2.35,0.48,3.663272,1.793272,3.116611,2.636611
2017-12-15,2675.810059,109.88,108.013333,24.352112,24.772961,4.10642,1.56067,97.704591,16.213644,32.086132,2.35,0.47,3.63642,1.75642,3.116611,2.646611
2017-12-18,2690.159912,109.88,108.013333,24.482708,24.905813,4.084516,1.598734,98.054863,16.213644,32.086132,2.39,0.5,3.584516,1.694516,3.116611,2.616611
2017-12-19,2681.469971,109.88,108.013333,24.403622,24.825361,4.097752,1.573467,97.856431,16.213644,32.086132,2.46,0.55,3.547752,1.637752,3.116611,2.566611
2017-12-20,2679.25,109.88,108.013333,24.383418,24.804808,4.101148,1.566015,97.757848,16.213644,32.086132,2.49,0.57,3.531148,1.611148,3.116611,2.546611
2017-12-21,2684.570068,109.88,108.013333,24.431835,24.854062,4.09302,1.57926,97.908367,16.213644,32.086132,2.48,0.55,3.54302,1.61302,3.116611,2.566611
2017-12-22,2683.340088,109.88,108.013333,24.420641,24.842675,4.094897,1.574516,97.859632,16.213644,32.086132,2.48,0.54,3.554897,1.614897,3.116611,2.576611
2017-12-26,2680.5,109.88,108.013333,24.394794,24.816381,4.099235,1.56537,97.711443,16.213644,32.086132,2.47,0.53,3.569235,1.629235,3.116611,2.586611
2017-12-27,2682.620117,109.88,108.013333,24.414089,24.836009,4.095996,1.569836,97.812034,16.213644,32.086132,2.42,0.48,3.615996,1.675996,3.116611,2.636611
2017-12-28,2687.540039,109.88,108.013333,24.458865,24.881558,4.088497,1.58196,97.962227,16.213644,32.086132,2.43,0.47,3.618497,1.658497,3.116611,2.646611
2017-12-29,2673.610107,109.88,108.013333,24.332091,24.752593,4.109799,1.542448,97.168405,16.213644,32.086132,2.4,0.44,3.669799,1.709799,3.116611,2.676611
2018-01-02,2695.810059,111.733333,108.013333,24.127178,24.958123,4.144703,1.479527,95.630586,15.829849,33.307344,2.46,0.46,3.684703,1.684703,3.002341,2.542341
2018-01-03,2713.060059,111.733333,108.013333,24.281564,25.117826,4.118351,1.524776,96.823821,15.829849,33.307344,2.44,0.46,3.658351,1.678351,3.002341,2.542341
2018-01-04,2723.98999,111.733333,108.013333,24.379385,25.219016,4.101826,1.552919,97.420635,15.829849,33.307344,2.46,0.45,3.651826,1.641826,3.002341,2.552341
2018-01-05,2743.149902,111.733333,108.013333,24.550864,25.396401,4.073176,1.603121,98.363907,15.829849,33.307344,2.47,0.46,3.613176,1.603176,3.002341,2.542341
2018-01-08,2747.709961,111.733333,108.013333,24.591676,25.438618,4.066417,1.613958,98.612488,15.829849,33.307344,2.49,0.47,3.596417,1.576417,3.002341,2.532341
2018-01-09,2751.290039,111.733333,108.013333,24.623718,25.471763,4.061125,1.622136,98.712234,15.829849,33.307344,2.55,0.52,3.541125,1.511125,3.002341,2.482341
2018-01-10,2748.22998,111.733333,108.013333,24.59633,25.443433,4.065647,1.612462,98.564356,15.829849,33.307344,2.55,0.52,3.545647,1.515647,3.002341,2.482341
2018-01-11,2767.560059,111.733333,108.013333,24.769332,25.622393,4.037251,1.662908,99.802078,15.829849,33.307344,2.54,0.54,3.497251,1.497251,3.002341,2.462341
2018-01-12,2786.23999,111.733333,108.013333,24.936515,25.795334,4.010183,1.71147,100.0,15.829849,33.307344,2.55,0.54,3.470183,1.460183,3.002341,2.462341
2018-01-16,2776.419922,111.733333,108.946667,24.848627,25.484212,4.024367,1.68348,99.950568,15.829849,33.307344,2.54,0.51,3.514367,1.484367,3.002341,2.492341
2018-01-17,2802.560059,111.733333,108.946667,25.082578,25.724147,3.986831,1.751938,100.0,15.829849,33.307344,2.57,0.53,3.456831,1.416831,3.002341,2.472341
2018-01-18,2798.030029,111.733333,108.946667,25.042035,25.682567,3.993286,1.738046,99.950617,15.829849,33.307344,2.62,0.57,3.423286,1.373286,3.002341,2.432341
2018-01-19,2810.300049,111.733333,108.946667,25.15185,25.795191,3.975851,1.769168,100.0,15.829849,33.307344,2.64,0.58,3.395851,1.335851,3.002341,2.422341
2018-01-22,2832.969971,111.733333,108.946667,25.354743,26.003273,3.944035,1.828012,100.0,15.829849,33.307344,2.66,0.6,3.344035,1.284035,3.002341,2.402341
2018-01-23,2839.129883,111.733333,108.946667,25.409874,26.059814,3.935478,1.842524,100.0,15.829849,33.307344,2.63,0.57,3.365478,1.305478,3.002341,2.432341
2018-01-24,2837.540039,111.733333,108.946667,25.395645,26.045221,3.937683,1.836283,99.950715,15.829849,33.307344,2.65,0.58,3.357683,1.287683,3.002341,2.422341
2018-01-25,2839.25,111.733333,108.946667,25.410949,26.060917,3.935312,1.838873,100.0,15.829849,33.307344,2.63,0.56,3.375312,1.305312,3.002341,2.442341
2018-01-26,2872.870117,111.733333,108.946667,25.711845,26.369509,3.889258,1.926599,100.0,15.829849,33.307344,2.66,0.57,3.319258,1.229258,3.002341,2.432341
2018-01-29,2853.530029,111.733333,108.946667,25.538753,26.19199,3.915618,1.8728,99.950787,15.829849,33.307344,2.7,0.61,3.305618,1.215618,3.002341,2.392341
2018-01-30,2822.429932,111.733333,108.946667,25.260411,25.906528,3.958764,1.787837,99.70487,15.829849,33.307344,2.73,0.63,3.328764,1.228764,3.002341,2.372341
2018-01-31,2823.810059,111.733333,108.946667,25.272763,25.919196,3.956829,1.789671,99.705015,15.829849,33.307344,2.72,0.61,3.346829,1.236829,3.002341,2.392341
2018-02-01,2821.97998,113.586667,108.946667,24.844289,25.902398,4.02507,1.660329,99.361179,15.460983,32.035382,2.78,0.67,3.35507,1.24507,3.121549,2.451549
2018-02-02,2762.129883,113.586667,108.946667,24.317378,25.353046,4.112286,1.502026,96.168959,15.460983,32.035382,2.84,0.7,3.412286,1.272286,3.121549,2.421549
2018-02-05,2648.939941,113.586667,108.946667,23.32087,24.314098,4.288005,1.20428,78.252332,15.460983,32.035382,2.77,0.67,3.618005,1.518005,3.121549,2.451549
2018-02-06,2695.139893,113.586667,108.946667,23.727608,24.738158,4.2145,1.324603,88.223749,15.460983,32.035382,2.79,0.69,3.5245,1.4245,3.121549,2.431549
2018-02-07,2681.659912,113.586667,108.946667,23.608932,24.614428,4.235685,1.2884,85.48308,15.460983,32.035382,2.84,0.74,3.495685,1.395685,3.121549,2.381549
2018-02-08,2581.0,113.586667,108.946667,22.722737,23.690491,4.400878,1.023866,73.039216,15.460983,32.035382,2.85,0.76,3.640878,1.550878,3.121549,2.361549
2018-02-09,2619.550049,113.586667,108.946667,23.062126,24.044334,4.336114,1.124353,75.061244,15.460983,32.035382,2.83,0.78,3.556114,1.506114,3.121549,2.341549
2018-02-12,2656.0,113.586667,108.946667,23.383026,24.378901,4.276606,1.219207,79.970617,15.460983,32.035382,2.86,0.79,3.486606,1.416606,3.121549,2.331549
2018-02-13,2662.939941,113.586667,108.946667,23.444124,24.442601,4.265461,1.236639,81.595693,15.460983,32.035382,2.83,0.78,3.485461,1.435461,3.121549,2.341549
2018-02-14,2698.629883,113.586667,109.88,23.758333,24.559791,4.209049,1.329319,88.845401,15.460983,32.035382,2.91,0.82,3.389049,1.299049,3.121549,2.301549
2018-02-15,2731.199951,113.586667,109.88,24.045075,24.856206,4.158856,1.413665,93.93643,15.460983,32.035382,2.9,0.79,3.368856,1.258856,3.121549,2.331549
2018-02-16,2732.219971,113.586667,109.88,24.054055,24.865489,4.157303,1.415298,94.086022,15.460983,32.035382,2.87,0.78,3.377303,1.287303,3.121549,2.341549
2018-02-20,2716.26001,113.586667,109.88,23.913546,24.72024,4.18173,1.372511,91.988276,15.460983,32.035382,2.88,0.78,3.40173,1.30173,3.121549,2.341549
2018-02-21,2701.330078,113.586667,109.88,23.782105,24.584365,4.204842,1.332495,89.355469,15.460983,32.035382,2.94,0.82,3.384842,1.264842,3.121549,2.301549
2018-02-22,2703.959961,113.586667,109.88,23.805258,24.6083,4.200753,1.338471,89.848707,15.460983,32.035382,2.92,0.81,3.390753,1.280753,3.121549,2.311549
2018-02-23,2747.300049,113.586667,109.88,24.186818,25.002731,4.134483,1.450864,95.219512,15.460983,32.035382,2.88,0.76,3.374483,1.254483,3.121549,2.361549
2018-02-26,2779.600098,113.586667,109.88,24.471183,25.296688,4.086439,1.534169,97.123354,15.460983,32.035382,2.86,0.73,3.356439,1.226439,3.121549,2.391549
2018-02-27,2744.280029,113.586667,109.88,24.16023,24.975246,4.139033,1.440652,94.980507,15.460983,32.035382,2.9,0.77,3.369033,1.239033,3.121549,2.351549
2018-02-28,2713.830078,113.586667,109.88,23.892153,24.698126,4.185475,1.360037,91.573307,15.460983,32.035382,2.87,0.75,3.435475,1.315475,3.121549,2.371549
2018-03-01,2677.669922,115.44,109.88,23.195339,24.369038,4.311211,1.152339,75.851996,15.106192,31.808409,2.81,0.71,3.601211,1.501211,3.143823,2.433823
2018-03-02,2691.25,115.44,109.88,23.312976,24.492628,4.289457,1.186594,77.469586,15.106192,31.808409,2.86,0.74,3.549457,1.429457,3.143823,2.403823
2018-03-05,2720.939941,115.44,109.88,23.570166,24.762832,4.242652,1.262202,84.046693,15.106192,31.808409,2.88,0.75,3.492652,1.362652,3.143823,2.393823
2018-03-06,2728.120117,115.44,109.88,23.632364,24.828177,4.231485,1.279855,85.561497,15.106192,31.808409,2.88,0.76,3.471485,1.351485,3.143823,2.383823
2018-03-07,2726.800049,115.44,109.88,23.620929,24.816164,4.233534,1.275644,85.37415,15.106192,31.808409,2.89,0.76,3.473534,1.343534,3.143823,2.383823
2018-03-08,2738.969971,115.44,109.88,23.726351,24.92692,4.214723,1.306089,87.809616,15.106192,31.808409,2.86,0.75,3.464723,1.354723,3.143823,2.393823
2018-03-09,2786.570068,115.44,109.88,24.138687,25.360121,4.142727,1.427454,94.61165,15.106192,31.808409,2.9,0.78,3.362727,1.242727,3.143823,2.363823
2018-03-12,2783.02002,115.44,109.88,24.107935,25.327812,4.148012,1.41729,94.274624,15.106192,31.808409,2.87,0.77,3.378012,1.278012,3.143823,2.373823
2018-03-13,2765.310059,115.44,109.88,23.954522,25.166637,4.174577,1.370808,92.337536,15.106192,31.808409,2.84,0.75,3.424577,1.334577,3.143823,2.393823
2018-03-14,2749.47998,115.44,109.88,23.817394,25.02257,4.198612,1.329233,89.723703,15.106192,31.808409,2.81,0.74,3.458612,1.388612,3.143823,2.403823
2018-03-15,2747.330078,115.44,109.88,23.798771,25.003004,4.201898,1.322826,89.437984,15.106192,31.808409,2.82,0.74,3.461898,1.381898,3.143823,2.403823
2018-03-16,2752.01001,115.44,109.88,23.839311,25.045595,4.194752,1.33395,90.266344,15.106192,31.808409,2.85,0.77,3.424752,1.344752,3.143823,2.373823
2018-03-19,2712.919922,115.44,111.733333,23.500692,24.28031,4.255194,1.232793,81.703775,15.106192,31.808409,2.85,0.77,3.485194,1.405194,3.143823,2.373823
2018-03-20,2716.939941,115.44,111.733333,23.535516,24.316288,4.248898,1.242352,82.680213,15.106192,31.808409,2.89,0.81,3.438898,1.358898,3.143823,2.333823
2018-03-21,2711.929932,115.44,111.733333,23.492117,24.271449,4.256747,1.228741,81.528046,15.106192,31.808409,2.89,0.8,3.456747,1.366747,3.143823,2.343823
2018-03-22,2643.689941,115.44,111.733333,22.900987,23.66071,4.366624,1.052992,72.837119,15.106192,31.808409,2.83,0.75,3.616624,1.536624,3.143823,2.393823
2018-03-23,2588.26001,115.44,111.733333,22.420825,23.164618,4.460139,0.910273,70.434783,15.106192,31.808409,2.82,0.75,3.710139,1.640139,3.143823,2.393823
2018-03-26,2658.550049,115.44,111.733333,23.029713,23.793706,4.342217,1.090174,73.877354,15.106192,31.808409,2.85,0.77,3.572217,1.492217,3.143823,2.373823
2018-03-27,2612.620117,115.44,111.733333,22.631844,23.382638,4.418553,0.971793,71.669884,15.106192,31.808409,2.78,0.71,3.708553,1.638553,3.143823,2.433823
2018-03-28,2605.0,115.44,111.733333,22.565835,23.314439,4.431478,0.951791,71.201158,15.106192,31.808409,2.77,0.72,3.711478,1.661478,3.143823,2.423823
2018-03-29,2640.870117,115.44,111.733333,22.87656,23.635472,4.371287,1.043364,72.661524,15.106192,31.808409,2.74,0.69,3.681287,1.631287,3.143823,2.453823
2018-04-02,2581.879883,117.786667,111.733333,21.919967,23.107517,4.562051,0.759546,67.325301,16.007879,30.970179,2.73,0.68,3.882051,1.832051,3.228913,2.548913
2018-04-03,2614.449951,117.786667,111.733333,22.196485,23.399015,4.505218,0.841166,69.026975,16.007879,30.970179,2.79,0.71,3.795218,1.715218,3.228913,2.518913
2018-04-04,2644.689941,117.786667,111.733333,22.45322,23.669659,4.453704,0.916868,70.486278,16.007879,30.970179,2.79,0.71,3.743704,1.663704,3.228913,2.518913
2018-04-05,2662.840088,117.786667,111.733333,22.607313,23.832101,4.423347,0.962104,71.414822,16.007879,30.970179,2.83,0.75,3.673347,1.593347,3.228913,2.478913
2018-04-06,2604.469971,117.786667,111.733333,22.111755,23.309696,4.522481,0.814863,68.350168,16.007879,30.970179,2.77,0.7,3.822481,1.752481,3.228913,2.528913
2018-04-09,2613.159912,117.786667,111.733333,22.185532,23.387469,4.507442,0.836395,68.942308,16.007879,30.970179,2.78,0.71,3.797442,1.727442,3.228913,2.518913
2018-04-10,2656.870117,117.786667,111.733333,22.556629,23.778671,4.433287,0.945998,71.0716,16.007879,30.970179,2.8,0.72,3.713287,1.633287,3.228913,2.508913
2018-04-11,2642.189941,117.786667,111.733333,22.431995,23.647285,4.457918,0.908643,70.365034,16.007879,30.970179,2.79,0.68,3.777918,1.667918,3.228913,2.548913
2018-04-12,2663.98999,117.786667,111.733333,22.617076,23.842393,4.421438,0.963079,71.579453,16.007879,30.970179,2.83,0.7,3.721438,1.591438,3.228913,2.528913
2018-04-13,2656.300049,117.786667,111.733333,22.551789,23.773569,4.434238,0.943291,70.921305,16.007879,30.970179,2.82,0.69,3.744238,1.614238,3.228913,2.538913
2018-04-16,2677.840088,117.786667,111.733333,22.734662,23.966349,4.39857,0.997044,72.182254,16.007879,30.970179,2.83,0.71,3.68857,1.56857,3.228913,2.518913
2018-04-17,2706.389893,117.786667,113.586667,22.977048,23.826651,4.352169,1.068372,73.25024,16.007879,30.970179,2.82,0.68,3.672169,1.532169,3.228913,2.548913
2018-04-18,2708.639893,117.786667,113.586667,22.99615,23.84646,4.348554,1.073483,73.550551,16.007879,30.970179,2.87,0.71,3.638554,1.478554,3.228913,2.518913
2018-04-19,2693.129883,117.786667,113.586667,22.864471,23.709912,4.373598,1.033925,72.653257,16.007879,30.970179,2.92,0.75,3.623598,1.453598,3.228913,2.478913
2018-04-20,2670.139893,117.786667,113.586667,22.669288,23.507512,4.411255,0.975594,71.852561,16.007879,30.970179,2.96,0.79,3.621255,1.451255,3.228913,2.438913
2018-04-23,2670.290039,117.786667,113.586667,22.670563,23.508833,4.411006,0.975516,71.866029,16.007879,30.970179,2.98,0.8,3.611006,1.431006,3.228913,2.428913
2018-04-24,2634.560059,117.786667,113.586667,22.367218,23.194272,4.470829,0.885189,69.775227,16.007879,30.970179,3.0,0.83,3.640829,1.470829,3.228913,2.398913
2018-04-25,2639.399902,117.786667,113.586667,22.408308,23.236881,4.462631,0.896987,69.885277,16.007879,30.970179,3.03,0.86,3.602631,1.432631,3.228913,2.368913
2018-04-26,2666.939941,117.786667,113.586667,22.642121,23.47934,4.416547,0.965878,71.667463,16.007879,30.970179,3.0,0.82,3.596547,1.416547,3.228913,2.408913
2018-04-27,2669.909912,117.786667,113.586667,22.667336,23.505487,4.411635,0.972904,71.776504,16.007879,30.970179,2.96,0.79,3.621635,1.451635,3.228913,2.438913
2018-04-30,2648.050049,117.786667,113.586667,22.481747,23.313036,4.448053,0.917462,70.26253,16.007879,30.970179,2.95,0.78,3.668053,1.498053,3.228913,2.448913
2018-05-01,2654.800049,120.133333,113.586667,22.09878,23.372462,4.525137,0.803569,67.748092,16.88775,31.243615,2.97,0.81,3.715137,1.555137,3.200654,2.390654
2018-05-02,2635.669922,120.133333,113.586667,21.939539,23.204043,4.557981,0.756055,66.714354,16.88775,31.243615,2.97,0.8,3.757981,1.587981,3.200654,2.400654
2018-05-03,2629.72998,120.133333,113.586667,21.890094,23.151749,4.568276,0.741115,66.444233,16.88775,31.243615,2.94,0.78,3.788276,1.628276,3.200654,2.420654
2018-05-04,2663.419922,120.133333,113.586667,22.170532,23.44835,4.510492,0.823979,68.270605,16.88775,31.243615,2.95,0.79,3.720492,1.560492,3.200654,2.410654
2018-05-07,2672.629883,120.133333,113.586667,22.247197,23.529433,4.494948,0.846378,69.142857,16.88775,31.243615,2.95,0.78,3.714948,1.544948,3.200654,2.420654
2018-05-08,2671.919922,120.133333,113.586667,22.241287,23.523183,4.496143,0.844281,69.062351,16.88775,31.243615,2.97,0.81,3.686143,1.526143,3.200654,2.390654
2018-05-09,2697.790039,120.133333,113.586667,22.456632,23.750939,4.453028,0.907784,70.218839,16.88775,31.243615,3.0,0.82,3.633028,1.453028,3.200654,2.380654
2018-05-10,2723.070068,120.133333,113.586667,22.667065,23.973501,4.411687,0.969779,71.849738,16.88775,31.243615,2.97,0.8,3.611687,1.441687,3.200654,2.400654
2018-05-11,2727.719971,120.133333,113.586667,22.705771,24.014438,4.404167,0.980807,72.053232,16.88775,31.243615,2.97,0.82,3.584167,1.434167,3.200654,2.380654
2018-05-14,2730.129883,120.133333,113.586667,22.725831,24.035654,4.400279,0.986297,72.209026,16.88775,31.243615,3.0,0.85,3.550279,1.400279,3.200654,2.350654
2018-05-15,2711.449951,120.133333,115.44,22.570338,23.487959,4.430594,0.939735,71.035138,16.88775,31.243615,3.08,0.9,3.530594,1.350594,3.200654,2.300654
2018-05-16,2722.459961,120.133333,115.44,22.661986,23.583333,4.412676,0.966488,71.713336,16.88775,31.243615,3.09,0.92,3.492676,1.322676,3.200654,2.280654
2018-05-17,2720.129883,120.133333,115.44,22.642591,23.563149,4.416456,0.960294,71.631879,16.88775,31.243615,3.11,0.95,3.466456,1.306456,3.200654,2.250654
2018-05-18,2712.969971,120.133333,115.44,22.582991,23.501126,4.428111,0.942185,71.028924,16.88775,31.243615,3.06,0.91,3.518111,1.368111,3.200654,2.290654
2018-05-21,2733.01001,120.133333,115.44,22.749806,23.674723,4.395642,0.991225,72.464455,16.88775,31.243615,3.06,0.9,3.495642,1.335642,3.200654,2.300654
2018-05-22,2724.439941,120.133333,115.44,22.678468,23.600485,4.409469,0.969608,72.00379,16.88775,31.243615,3.06,0.91,3.499469,1.349469,3.200654,2.290654
2018-05-23,2733.290039,120.133333,115.44,22.752137,23.677149,4.395192,0.991006,72.49053,16.88775,31.243615,3.01,0.87,3.525192,1.385192,3.200654,2.330654
2018-05-24,2727.76001,120.133333,115.44,22.706104,23.629245,4.404102,0.976892,72.030289,16.88775,31.243615,2.98,0.86,3.544102,1.424102,3.200654,2.340654
2018-05-25,2721.330078,120.133333,115.44,22.652581,23.573545,4.414508,0.960571,71.523179,16.88775,31.243615,2.93,0.84,3.574508,1.484508,3.200654,2.360654
2018-05-29,2689.860107,120.133333,115.44,22.390622,23.300936,4.466155,0.882454,69.408983,16.88775,31.243615,2.77,0.73,3.736155,1.696155,3.200654,2.470654
2018-05-30,2724.01001,120.133333,115.44,22.674889,23.59676,4.410165,0.966383,71.928166,16.88775,31.243615,2.84,0.78,3.630165,1.570165,3.200654,2.420654
2018-05-31,2705.27002,120.133333,115.44,22.518896,23.434425,4.440715,0.919682,70.146434,16.88775,31.243615,2.83,0.76,3.680715,1.610715,3.200654,2.440654
2018-06-01,2734.620117,122.48,115.44,22.327075,23.68867,4.478867,0.862391,68.932956,17.746587,31.630556,2.89,0.8,3.678867,1.588867,3.1615,2.3615
2018-06-04,2746.870117,122.48,115.44,22.427091,23.794786,4.458893,0.891702,69.513922,17.746587,31.630556,2.94,0.82,3.638893,1.518893,3.1615,2.3415
2018-06-05,2748.800049,122.48,115.44,22.442848,23.811504,4.455762,0.895998,69.716981,17.746587,31.630556,2.92,0.79,3.665762,1.535762,3.1615,2.3715
2018-06-06,2772.350098,122.48,115.44,22.635125,24.015507,4.417912,0.952649,71.428571,17.746587,31.630556,2.97,0.83,3.587912,1.447912,3.1615,2.3315
2018-06-07,2770.370117,122.48,115.44,22.618959,23.998355,4.42107,0.947426,71.159284,17.746587,31.630556,2.93,0.8,3.62107,1.49107,3.1615,2.3615
2018-06-08,2779.030029,122.48,115.44,22.689664,24.073372,4.407293,0.967974,72.067829,17.746587,31.630556,2.93,0.82,3.587293,1.477293,3.1615,2.3415
2018-06-11,2782.0,122.48,115.44,22.713912,24.099099,4.402588,0.974725,72.175141,17.746587,31.630556,2.96,0.83,3.572588,1.442588,3.1615,2.3315
2018-06-12,2786.850098,122.48,115.44,22.753512,24.141113,4.394926,0.986024,72.658824,17.746587,31.630556,2.96,0.83,3.564926,1.434926,3.1615,2.3315
2018-06-13,2775.629883,122.48,115.44,22.661903,24.043918,4.412692,0.958394,71.542803,17.746587,31.630556,2.98,0.86,3.552692,1.432692,3.1615,2.3015
2018-06-14,2782.48999,122.48,115.44,22.717913,24.103344,4.401813,0.974576,72.214386,17.746587,31.630556,2.94,0.82,3.581813,1.461813,3.1615,2.3415
2018-06-15,2779.659912,122.48,117.786667,22.694807,23.599105,4.406294,0.967275,71.992481,17.746587,31.630556,2.93,0.81,3.596294,1.476294,3.1615,2.3515
2018-06-18,2773.75,122.48,117.786667,22.646555,23.54893,4.415683,0.952523,71.348051,17.746587,31.630556,2.92,0.8,3.615683,1.495683,3.1615,2.3615
2018-06-19,2762.590088,122.48,117.786667,22.555438,23.454183,4.433521,0.925066,70.234742,17.746587,31.630556,2.89,0.77,3.663521,1.543521,3.1615,2.3915
2018-06-20,2767.320068,122.48,117.786667,22.594057,23.494341,4.425943,0.93612,70.671046,17.746587,31.630556,2.93,0.81,3.615943,1.495943,3.1615,2.3515
2018-06-21,2749.76001,122.48,117.786667,22.450686,23.345257,4.454207,0.893173,69.371482,17.746587,31.630556,2.9,0.79,3.664207,1.554207,3.1615,2.3715
2018-06-22,2754.879883,122.48,117.786667,22.492488,23.388724,4.445929,0.9052,69.714018,17.746587,31.630556,2.9,0.78,3.665929,1.545929,3.1615,2.3815
2018-06-25,2717.070068,122.48,117.786667,22.183786,23.067722,4.507797,0.813214,67.385192,17.746587,31.630556,2.87,0.77,3.737797,1.637797,3.1615,2.3915
2018-06-26,2723.060059,122.48,117.786667,22.232692,23.118576,4.497881,0.827411,67.962529,17.746587,31.630556,2.88,0.76,3.737881,1.617881,3.1615,2.4015
2018-06-27,2699.629883,122.48,117.786667,22.041394,22.919656,4.536918,0.770309,66.151685,17.746587,31.630556,2.83,0.72,3.816918,1.706918,3.1615,2.4415
2018-06-28,2716.310059,122.48,117.786667,22.17758,23.061269,4.509058,0.810445,67.197005,17.746587,31.630556,2.84,0.74,3.769058,1.669058,3.1615,2.4215
2018-06-29,2718.370117,122.48,117.786667,22.1944,23.078759,4.505641,0.815124,67.446211,17.746587,31.630556,2.85,0.74,3.765641,1.655641,3.1615,2.4215
2018-07-02,2726.709961,125.116667,117.786667,21.793339,23.149564,4.588558,0.695739,64.796634,19.113354,31.886367,2.87,0.73,3.858558,1.718558,3.136137,2.406137
2018-07-03,2713.219971,125.116667,117.786667,21.68552,23.035035,4.611372,0.663482,64.299065,19.113354,31.886367,2.83,0.71,3.901372,1.781372,3.136137,2.426137
2018-07-05,2736.610107,125.116667,117.786667,21.872466,23.233615,4.571958,0.718778,65.109762,19.113354,31.886367,2.84,0.71,3.861958,1.731958,3.136137,2.426137
2018-07-06,2759.820068,125.116667,117.786667,22.057973,23.430666,4.533508,0.773618,66.246499,19.113354,31.886367,2.82,0.7,3.833508,1.713508,3.136137,2.436137
2018-07-09,2784.169922,125.116667,117.786667,22.25259,23.637395,4.493859,0.831131,68.315446,19.113354,31.886367,2.86,0.73,3.763859,1.633859,3.136137,2.406137
2018-07-10,2793.840088,125.116667,117.786667,22.329879,23.719494,4.478305,0.853759,68.610075,19.113354,31.886367,2.87,0.74,3.738305,1.608305,3.136137,2.396137
2018-07-11,2774.02002,125.116667,117.786667,22.171467,23.551223,4.510302,0.806361,67.086247,19.113354,31.886367,2.85,0.74,3.770302,1.660302,3.136137,2.396137
2018-07-12,2798.290039,125.116667,117.786667,22.365446,23.757273,4.471183,0.863674,68.825722,19.113354,31.886367,2.85,0.75,3.721183,1.621183,3.136137,2.386137
2018-07-13,2801.310059,125.116667,117.786667,22.389583,23.782913,4.466363,0.870494,69.026549,19.113354,31.886367,2.83,0.72,3.746363,1.636363,3.136137,2.416137
2018-07-16,2798.429932,125.116667,120.133333,22.366564,23.294367,4.470959,0.863299,68.808194,19.113354,31.886367,2.85,0.75,3.720959,1.620959,3.136137,2.386137
2018-07-17,2809.550049,125.116667,120.133333,22.455442,23.386932,4.453264,0.889354,69.613774,19.113354,31.886367,2.86,0.77,3.683264,1.593264,3.136137,2.366137
2018-07-18,2815.620117,125.116667,120.133333,22.503957,23.437459,4.443663,0.903397,70.046512,19.113354,31.886367,2.88,0.79,3.653663,1.563663,3.136137,2.346137
2018-07-19,2804.48999,125.116667,120.133333,22.414999,23.344811,4.461298,0.876585,69.130637,19.113354,31.886367,2.84,0.75,3.711298,1.621298,3.136137,2.386137
2018-07-20,2801.830078,125.116667,120.133333,22.39374,23.32267,4.465534,0.869908,69.005576,19.113354,31.886367,2.89,0.78,3.685534,1.575534,3.136137,2.356137
2018-07-23,2806.97998,125.116667,120.133333,22.434901,23.365538,4.457341,0.881784,69.391547,19.113354,31.886367,2.96,0.85,3.607341,1.497341,3.136137,2.286137
2018-07-24,2820.399902,125.116667,120.133333,22.54216,23.477247,4.436132,0.913294,70.287837,19.113354,31.886367,2.95,0.84,3.596132,1.486132,3.136137,2.296137
2018-07-25,2846.070068,125.116667,120.133333,22.74733,23.690927,4.39612,0.973873,72.900232,19.113354,31.886367,2.94,0.81,3.58612,1.45612,3.136137,2.326137
2018-07-26,2837.439941,125.116667,120.133333,22.678353,23.619089,4.409491,0.952936,72.170686,19.113354,31.886367,2.98,0.87,3.539491,1.429491,3.136137,2.266137
2018-07-27,2818.820068,125.116667,120.133333,22.529533,23.464096,4.438618,0.90829,70.143718,19.113354,31.886367,2.96,0.84,3.598618,1.478618,3.136137,2.296137
2018-07-30,2802.600098,125.116667,120.133333,22.399894,23.32908,4.464307,0.869377,68.860056,19.113354,31.886367,2.98,0.85,3.614307,1.484307,3.136137,2.286137
2018-07-31,2816.290039,125.116667,120.133333,22.509312,23.443036,4.442606,0.901545,69.986105,19.113354,31.886367,2.96,0.84,3.602606,1.482606,3.136137,2.296137
2018-08-01,2813.360107,127.753333,120.133333,22.021814,23.418647,4.540952,0.756257,65.462963,20.453831,32.390277,3.0,0.87,3.670952,1.540952,3.087346,2.217346
2018-08-02,2827.219971,127.753333,120.133333,22.130303,23.534018,4.518691,0.788236,66.404442,20.453831,32.390277,2.98,0.86,3.658691,1.538691,3.087346,2.227346
2018-08-03,2840.350098,127.753333,120.133333,22.23308,23.643314,4.497802,0.818498,67.622572,20.453831,32.390277,2.95,0.83,3.667802,1.547802,3.087346,2.257346
2018-08-06,2850.399902,127.753333,120.133333,22.311746,23.726969,4.481944,0.841572,68.099861,20.453831,32.390277,2.94,0.83,3.651944,1.541944,3.087346,2.257346
2018-08-07,2858.449951,127.753333,120.133333,22.374758,23.793979,4.469322,0.859976,68.622921,20.453831,32.390277,2.98,0.85,3.619322,1.489322,3.087346,2.237346
2018-08-08,2857.699951,127.753333,120.133333,22.368888,23.787736,4.470495,0.857885,68.591224,20.453831,32.390277,2.96,0.85,3.620495,1.510495,3.087346,2.237346
2018-08-09,2853.580078,127.753333,120.133333,22.336639,23.753441,4.476949,0.847951,68.23638,20.453831,32.390277,2.93,0.82,3.656949,1.546949,3.087346,2.267346
2018-08-10,2833.280029,127.753333,120.133333,22.177739,23.584462,4.509026,0.800357,66.635902,20.453831,32.390277,2.87,0.78,3.729026,1.639026,3.087346,2.307346
2018-08-13,2821.929932,127.753333,120.133333,22.088895,23.489983,4.527162,0.773628,65.821033,20.453831,32.390277,2.88,0.78,3.747162,1.647162,3.087346,2.307346
2018-08-14,2839.959961,127.753333,120.133333,22.230026,23.640066,4.49842,0.815325,67.404334,20.453831,32.390277,2.89,0.8,3.69842,1.60842,3.087346,2.287346
2018-08-15,2818.370117,127.753333,122.48,22.06103,23.01086,4.53288,0.764737,65.483871,20.453831,32.390277,2.86,0.78,3.75288,1.67288,3.087346,2.307346
2018-08-16,2840.689941,127.753333,122.48,22.23574,23.193092,4.497264,0.816438,67.572547,20.453831,32.390277,2.87,0.79,3.707264,1.627264,3.087346,2.297346
2018-08-17,2850.129883,127.753333,122.48,22.309632,23.270166,4.482369,0.83811,68.047882,20.453831,32.390277,2.87,0.79,3.692369,1.612369,3.087346,2.297346
2018-08-20,2857.050049,127.753333,122.48,22.3638,23.326666,4.471512,0.8539,68.47676,20.453831,32.390277,2.82,0.75,3.721512,1.651512,3.087346,2.337346
2018-08-21,2862.959961,127.753333,122.48,22.410061,23.374918,4.462282,0.867325,69.089236,20.453831,32.390277,2.85,0.77,3.692282,1.612282,3.087346,2.317346
2018-08-22,2861.820068,127.753333,122.48,22.401138,23.365611,4.464059,0.864321,69.011494,20.453831,32.390277,2.82,0.74,3.724059,1.644059,3.087346,2.347346
2018-08-23,2856.97998,127.753333,122.48,22.363252,23.326094,4.471622,0.852699,68.382353,20.453831,32.390277,2.82,0.73,3.741622,1.651622,3.087346,2.357346
2018-08-24,2874.689941,127.753333,122.48,22.501878,23.470689,4.444073,0.893617,70.096463,20.453831,32.390277,2.82,0.73,3.714073,1.624073,3.087346,2.357346
2018-08-27,2896.73999,127.753333,122.48,22.674477,23.650718,4.410245,0.944615,72.359963,20.453831,32.390277,2.85,0.74,3.670245,1.560245,3.087346,2.347346
2018-08-28,2897.52002,127.753333,122.48,22.680583,23.657087,4.409058,0.946022,72.510326,20.453831,32.390277,2.88,0.77,3.639058,1.529058,3.087346,2.317346
2018-08-29,2914.040039,127.753333,122.48,22.809894,23.791966,4.384062,0.984094,73.669725,20.453831,32.390277,2.89,0.77,3.614062,1.494062,3.087346,2.317346
2018-08-30,2901.129883,127.753333,122.48,22.708839,23.68656,4.403572,0.953576,72.673086,20.453831,32.390277,2.86,0.76,3.643572,1.543572,3.087346,2.327346
2018-08-31,2901.52002,127.753333,122.48,22.711893,23.689745,4.40298,0.954068,72.68561,20.453831,32.390277,2.86,0.78,3.62298,1.54298,3.087346,2.307346
2018-09-04,2896.719971,130.39,122.48,22.215814,23.650555,4.501298,0.805993,66.697206,21.768771,32.622891,2.9,0.8,3.701298,1.601298,3.065332,2.265332
2018-09-05,2888.600098,130.39,122.48,22.15354,23.584259,4.513951,0.787149,66.025641,21.768771,32.622891,2.9,0.81,3.703951,1.613951,3.065332,2.255332
2018-09-06,2878.050049,130.39,122.48,22.072629,23.498123,4.530498,0.762767,65.217391,21.768771,32.622891,2.88,0.8,3.730498,1.650498,3.065332,2.265332
2018-09-07,2871.679932,130.39,122.48,22.023774,23.446113,4.540548,0.747944,64.730101,21.768771,32.622891,2.94,0.84,3.700548,1.600548,3.065332,2.225332
2018-09-10,2877.129883,130.39,122.48,22.065572,23.49061,4.531947,0.760125,65.203475,21.768771,32.622891,2.94,0.84,3.691947,1.591947,3.065332,2.225332
2018-09-11,2887.889893,130.39,122.48,22.148093,23.578461,4.515061,0.784428,65.95064,21.768771,32.622891,2.98,0.86,3.655061,1.535061,3.065332,2.205332
2018-09-12,2888.919922,130.39,122.48,22.155993,23.586871,4.513452,0.786491,66.103243,21.768771,32.622891,2.97,0.85,3.663452,1.543452,3.065332,2.215332
2018-09-13,2904.179932,130.39,122.48,22.273027,23.711463,4.489736,0.821061,67.716895,21.768771,32.622891,2.97,0.87,3.619736,1.519736,3.065332,2.195332
2018-09-14,2904.97998,130.39,125.116667,22.279162,23.218169,4.488499,0.822575,67.777271,21.768771,32.622891,2.99,0.89,3.598499,1.498499,3.065332,2.175332
2018-09-17,2888.800049,130.39,125.116667,22.155074,23.088851,4.513639,0.785293,66.012774,21.768771,32.622891,2.99,0.89,3.623639,1.523639,3.065332,2.175332
2018-09-18,2904.310059,130.39,125.116667,22.274025,23.212815,4.489534,0.820444,67.715458,21.768771,32.622891,3.05,0.92,3.569534,1.439534,3.065332,2.145332
2018-09-19,2907.949951,130.39,125.116667,22.30194,23.241907,4.483915,0.828448,67.86691,21.768771,32.622891,3.08,0.93,3.553915,1.403915,3.065332,2.135332
2018-09-20,2930.75,130.39,125.116667,22.4768,23.424137,4.449032,0.880232,69.840547,21.768771,32.622891,3.07,0.92,3.529032,1.379032,3.065332,2.145332
2018-09-21,2929.669922,130.39,125.116667,22.468517,23.415505,4.450672,0.877408,69.808743,21.768771,32.622891,3.07,0.92,3.530672,1.380672,3.065332,2.145332
2018-09-24,2919.370117,130.39,125.116667,22.389525,23.333183,4.466374,0.853516,68.730086,21.768771,32.622891,3.08,0.92,3.546374,1.386374,3.065332,2.145332
2018-09-25,2915.560059,130.39,125.116667,22.360304,23.302731,4.472211,0.844472,68.243858,21.768771,32.622891,3.1,0.94,3.532211,1.372211,3.065332,2.125332
2018-09-26,2905.969971,130.39,125.116667,22.286755,23.226082,4.48697,0.822223,67.712597,21.768771,32.622891,3.06,0.92,3.56697,1.42697,3.065332,2.145332
2018-09-27,2914.0,130.39,125.116667,22.34834,23.290262,4.474605,0.840266,68.136364,21.768771,32.622891,3.06,0.91,3.564605,1.414605,3.065332,2.155332
2018-09-28,2913.97998,130.39,125.116667,22.348186,23.290102,4.474636,0.839895,68.105407,21.768771,32.622891,3.05,0.91,3.564636,1.424636,3.065332,2.155332
2018-10-01,2924.590088,131.056667,125.116667,22.315462,23.374904,4.481198,0.829814,67.801998,21.333786,31.037961,3.09,0.95,3.531198,1.391198,3.221861,2.271861
2018-10-02,2923.429932,131.056667,125.116667,22.30661,23.365631,4.482976,0.826857,67.680436,21.333786,31.037961,3.05,0.93,3.552976,1.432976,3.221861,2.291861
2018-10-03,2925.51001,131.056667,125.116667,22.322481,23.382257,4.479789,0.831274,67.876588,21.333786,31.037961,3.15,0.99,3.489789,1.329789,3.221861,2.231861
2018-10-04,2901.610107,131.056667,125.116667,22.140118,23.191236,4.516688,0.776579,65.396825,21.333786,31.037961,3.19,1.03,3.486688,1.326688,3.221861,2.191861
2018-10-05,2885.570068,131.056667,125.116667,22.017728,23.063035,4.541795,0.739798,64.097915,21.333786,31.037961,3.23,1.07,3.471795,1.311795,3.221861,2.151861
2018-10-08,2884.429932,131.056667,125.116667,22.009029,23.053922,4.54359,0.736944,63.978251,21.333786,31.037961,3.23,1.07,3.47359,1.31359,3.221861,2.151861
2018-10-09,2880.340088,131.056667,125.116667,21.977822,23.021234,4.550041,0.727378,63.813406,21.333786,31.037961,3.21,1.04,3.510041,1.340041,3.221861,2.181861
2018-10-10,2785.679932,131.056667,125.116667,21.255538,22.264659,4.704656,0.511634,60.253508,21.333786,31.037961,3.22,1.06,3.644656,1.484656,3.221861,2.161861
2018-10-11,2728.370117,131.056667,125.116667,20.818247,21.806608,4.803478,0.380985,58.190045,21.333786,31.037961,3.14,1.02,3.783478,1.663478,3.221861,2.201861
2018-10-12,2767.129883,131.056667,125.116667,21.113996,22.116397,4.736195,0.469167,59.611036,21.333786,31.037961,3.15,1.03,3.706195,1.586195,3.221861,2.191861
2018-10-15,2750.790039,131.056667,127.753333,20.989318,21.532041,4.764328,0.431815,58.951175,21.333786,31.037961,3.16,1.03,3.734328,1.604328,3.221861,2.191861
2018-10-16,2809.919922,131.056667,127.753333,21.440496,21.994885,4.664071,0.566417,61.138726,21.333786,31.037961,3.16,1.03,3.634071,1.504071,3.221861,2.191861
2018-10-17,2809.209961,131.056667,127.753333,21.435079,21.989328,4.66525,0.564631,61.111111,21.333786,31.037961,3.19,1.06,3.60525,1.47525,3.221861,2.161861
2018-10-18,2768.780029,131.056667,127.753333,21.126587,21.672859,4.733372,0.472322,59.593679,21.333786,31.037961,3.17,1.07,3.663372,1.563372,3.221861,2.151861
2018-10-19,2767.780029,131.056667,127.753333,21.118956,21.665032,4.735082,0.469913,59.566787,21.333786,31.037961,3.2,1.09,3.645082,1.535082,3.221861,2.131861
2018-10-22,2755.879883,131.056667,127.753333,21.028155,21.571882,4.755529,0.442652,58.908435,21.333786,31.037961,3.2,1.09,3.665529,1.555529,3.221861,2.131861
2018-10-23,2740.689941,131.056667,127.753333,20.912251,21.452982,4.781886,0.407894,58.250676,21.333786,31.037961,3.17,1.08,3.701886,1.611886,3.221861,2.141861
2018-10-24,2656.100098,131.056667,127.753333,20.266806,20.790848,4.934177,0.214845,56.557008,21.333786,31.037961,3.1,1.03,3.904177,1.834177,3.221861,2.191861
2018-10-25,2705.570068,131.056667,127.753333,20.644276,21.178078,4.843958,0.327657,57.657658,21.333786,31.037961,3.14,1.09,3.753958,1.703958,3.221861,2.131861
2018-10-26,2658.689941,131.056667,127.753333,20.286568,20.81112,4.92937,0.2206,56.686177,21.333786,31.037961,3.08,1.02,3.90937,1.84937,3.221861,2.201861
2018-10-29,2641.25,131.056667,127.753333,20.153496,20.674607,4.961918,0.180742,56.120612,21.333786,31.037961,3.08,1.02,3.941918,1.881918,3.221861,2.201861
2018-10-30,2682.629883,131.056667,127.753333,20.469236,20.998512,4.88538,0.275167,57.309942,21.333786,31.037961,3.12,1.07,3.81538,1.76538,3.221861,2.151861
2018-10-31,2711.73999,131.056667,127.753333,20.691355,21.226374,4.832936,0.341569,57.778777,21.333786,31.037961,3.15,1.1,3.732936,1.682936,3.221861,2.121861
2018-11-01,2740.370117,131.723333,127.753333,20.803984,21.450478,4.806772,0.375193,58.022472,20.906254,30.195583,3.14,1.12,3.686772,1.666772,3.311743,2.191743
2018-11-02,2723.060059,131.723333,127.753333,20.672572,21.314983,4.837327,0.335757,57.681941,20.906254,30.195583,3.22,1.16,3.677327,1.617327,3.311743,2.151743
2018-11-05,2738.310059,131.723333,127.753333,20.788345,21.434353,4.810388,0.370338,58.015267,20.906254,30.195583,3.2,1.14,3.670388,1.610388,3.311743,2.171743
2018-11-06,2755.449951,131.723333,127.753333,20.918465,21.568517,4.780465,0.409211,58.527828,20.906254,30.195583,3.22,1.15,3.630465,1.560465,3.311743,2.161743
2018-11-07,2813.889893,131.723333,127.753333,21.362122,22.025961,4.681183,0.541984,60.834455,20.906254,30.195583,3.22,1.15,3.531183,1.461183,3.311743,2.161743
2018-11-08,2806.830078,131.723333,127.753333,21.308526,21.970699,4.692957,0.525772,60.672646,20.906254,30.195583,3.24,1.17,3.522957,1.452957,3.311743,2.141743
2018-11-09,2781.01001,131.723333,127.753333,21.112509,21.768591,4.736529,0.466894,59.659346,20.906254,30.195583,3.19,1.15,3.586529,1.546529,3.311743,2.161743
2018-11-12,2726.219971,131.723333,127.753333,20.696561,21.339717,4.831721,0.342119,57.66129,20.906254,30.195583,3.19,1.15,3.681721,1.641721,3.311743,2.161743
2018-11-13,2722.179932,131.723333,127.753333,20.66589,21.308093,4.838891,0.33284,57.50112,20.906254,30.195583,3.14,1.12,3.718891,1.698891,3.311743,2.191743
2018-11-14,2701.580078,131.723333,127.753333,20.509503,21.146846,4.875789,0.285871,57.117278,20.906254,30.195583,3.12,1.12,3.755789,1.755789,3.311743,2.191743
2018-11-15,2730.199951,131.723333,130.39,20.726775,20.938722,4.824677,0.350955,57.762864,20.906254,30.195583,3.11,1.11,3.714677,1.714677,3.311743,2.201743
2018-11-16,2736.27002,131.723333,130.39,20.772857,20.985275,4.813974,0.364688,57.915921,20.906254,30.195583,3.08,1.06,3.753974,1.733974,3.311743,2.251743
2018-11-19,2690.72998,131.723333,130.39,20.427133,20.636015,4.89545,0.260884,56.861869,20.906254,30.195583,3.06,1.07,3.82545,1.83545,3.311743,2.241743
2018-11-20,2641.889893,131.723333,130.39,20.056355,20.261446,4.985951,0.149567,55.36193,20.906254,30.195583,3.06,1.09,3.895951,1.925951,3.311743,2.221743
2018-11-21,2649.929932,131.723333,130.39,20.117392,20.323107,4.970823,0.167851,55.560518,20.906254,30.195583,3.06,1.09,3.880823,1.910823,3.311743,2.221743
2018-11-23,2632.560059,131.723333,130.39,19.985526,20.189892,5.003621,0.128228,55.089286,20.906254,30.195583,3.05,1.09,3.913621,1.953621,3.311743,2.221743
2018-11-26,2673.449951,131.723333,130.39,20.295948,20.503489,4.927092,0.221405,56.403391,20.906254,30.195583,3.07,1.11,3.817092,1.857092,3.311743,2.201743
2018-11-27,2682.169922,131.723333,130.39,20.362147,20.570365,4.911073,0.241234,56.779661,20.906254,30.195583,3.06,1.15,3.761073,1.851073,3.311743,2.161743
2018-11-28,2743.790039,131.723333,130.39,20.829947,21.042948,4.80078,0.38169,58.314757,20.906254,30.195583,3.06,1.12,3.68078,1.74078,3.311743,2.191743
2018-11-29,2737.800049,131.723333,130.39,20.784473,20.997009,4.811284,0.367931,58.065954,20.906254,30.195583,3.03,1.05,3.761284,1.781284,3.311743,2.261743
2018-11-30,2760.169922,131.723333,130.39,20.954298,21.168571,4.772291,0.418866,59.020045,20.906254,30.195583,3.01,1.04,3.732291,1.762291,3.311743,2.271743
2018-12-03,2790.370117,132.39,130.39,21.076895,21.400185,4.744532,0.4556,59.661621,20.485985,28.291857,2.98,1.02,3.724532,1.764532,3.534586,2.514586
2018-12-04,2700.060059,132.39,130.39,20.394743,20.70757,4.903224,0.250431,56.742323,20.485985,28.291857,2.91,0.97,3.933224,1.993224,3.534586,2.564586
2018-12-06,2695.949951,132.39,130.39,20.363698,20.676048,4.910699,0.241038,56.672598,20.485985,28.291857,2.87,0.97,3.940699,2.040699,3.534586,2.564586
2018-12-07,2633.080078,132.39,130.39,19.888814,20.19388,5.027952,0.098168,54.424189,20.485985,28.291857,2.85,0.96,4.067952,2.177952,3.534586,2.574586
2018-12-10,2637.719971,132.39,130.39,19.923861,20.229465,5.019107,0.108688,54.488889,20.485985,28.291857,2.85,0.99,4.029107,2.169107,3.534586,2.544586
2018-12-11,2636.780029,132.39,130.39,19.916761,20.222257,5.020897,0.106527,54.464682,20.485985,28.291857,2.89,1.06,3.960897,2.130897,3.534586,2.474586
2018-12-12,2651.070068,132.39,130.39,20.0247,20.331851,4.993833,0.138986,55.150977,20.485985,28.291857,2.91,1.08,3.913833,2.083833,3.534586,2.454586
2018-12-13,2650.540039,132.39,130.39,20.020697,20.327786,4.994831,0.13775,55.037727,20.485985,28.291857,2.91,1.08,3.914831,2.084831,3.534586,2.454586
2018-12-14,2599.949951,132.39,130.39,19.638567,19.939796,5.092021,0.022672,53.549246,20.485985,28.291857,2.89,1.07,4.022021,2.202021,3.534586,2.464586
2018-12-17,2545.939941,132.39,131.056667,19.230606,19.426253,5.200044,-0.100185,52.771619,20.485985,28.291857,2.86,1.05,4.150044,2.340044,3.534586,2.484586
2018-12-18,2546.159912,132.39,131.056667,19.232268,19.427931,5.199595,-0.099662,52.792553,20.485985,28.291857,2.82,1.01,4.189595,2.379595,3.534586,2.524586
2018-12-19,2506.959961,132.39,131.056667,18.936173,19.128824,5.280898,-0.188842,50.022153,20.485985,28.291857,2.77,0.97,4.310898,2.510898,3.534586,2.564586
2018-12-20,2467.419922,132.39,131.056667,18.63751,18.827122,5.365524,-0.278793,46.988485,20.485985,28.291857,2.79,1.03,4.335524,2.575524,3.534586,2.504586
2018-12-21,2416.620117,132.39,131.056667,18.253796,18.439505,5.478312,-0.394367,40.63745,20.485985,28.291857,2.79,1.02,4.458312,2.688312,3.534586,2.514586
2018-12-24,2351.100098,132.39,131.056667,17.758895,17.939569,5.630981,-0.543432,34.469027,20.485985,28.291857,2.74,0.99,4.640981,2.890981,3.534586,2.544586
2018-12-26,2467.699951,132.39,131.056667,18.639625,18.829259,5.364915,-0.277769,47.058824,20.485985,28.291857,2.81,1.04,4.324915,2.554915,3.534586,2.494586
2018-12-27,2488.830078,132.39,131.056667,18.79923,18.990488,5.319367,-0.229575,48.408488,20.485985,28.291857,2.77,1.03,4.289367,2.549367,3.534586,2.504586
2018-12-28,2485.73999,132.39,131.056667,18.775889,18.96691,5.325979,-0.236561,48.121962,20.485985,28.291857,2.72,0.99,4.335979,2.605979,3.534586,2.544586
2018-12-31,2506.850098,132.39,131.056667,18.935343,19.127986,5.281129,-0.188402,50.132509,20.485985,28.291857,2.69,0.98,4.301129,2.591129,3.534586,2.554586
2019-01-02,2510.030029,133.056667,131.056667,18.864369,19.15225,5.300999,-0.209775,49.006623,19.084129,28.380164,2.66,0.96,4.340999,2.640999,3.523588,2.563588
2019-01-03,2447.889893,133.056667,131.056667,18.397349,18.678103,5.435566,-0.350673,43.777582,19.084129,28.380164,2.56,0.88,4.555566,2.875566,3.523588,2.643588
2019-01-04,2531.939941,133.056667,131.056667,19.029035,19.319429,5.255127,-0.159906,51.521835,19.084129,28.380164,2.67,0.91,4.345127,2.585127,3.523588,2.613588
2019-01-07,2549.689941,133.056667,131.056667,19.162437,19.454866,5.218543,-0.119591,52.601411,19.084129,28.380164,2.7,0.92,4.298543,2.518543,3.523588,2.603588
2019-01-08,2574.409912,133.056667,131.056667,19.348222,19.643487,5.168434,-0.063457,53.503746,19.084129,28.380164,2.73,0.91,4.258434,2.438434,3.523588,2.613588
2019-01-09,2584.959961,133.056667,131.056667,19.427512,19.723987,5.14734,-0.039492,53.524229,19.084129,28.380164,2.74,0.91,4.23734,2.40734,3.523588,2.613588
2019-01-10,2596.639893,133.056667,131.056667,19.515293,19.813108,5.124186,-0.012962,53.676794,19.084129,28.380164,2.74,0.93,4.194186,2.384186,3.523588,2.593588
2019-01-11,2596.26001,133.056667,131.056667,19.512438,19.810209,5.124936,-0.013822,53.653169,19.084129,28.380164,2.71,0.88,4.244936,2.414936,3.523588,2.643588
2019-01-14,2582.610107,133.056667,131.056667,19.409851,19.706057,5.152023,-0.044827,53.453586,19.084129,28.380164,2.71,0.9,4.252023,2.442023,3.523588,2.623588
2019-01-15,2610.300049,133.056667,131.723333,19.617958,19.816535,5.097371,0.0181,53.825858,19.084129,28.380164,2.72,0.91,4.187371,2.377371,3.523588,2.613588
2019-01-16,2616.100098,133.056667,131.723333,19.661548,19.860567,5.086069,0.031278,53.978022,19.084129,28.380164,2.73,0.91,4.176069,2.356069,3.523588,2.613588
2019-01-17,2635.959961,133.056667,131.723333,19.810807,20.011337,5.04775,0.076417,54.613357,19.084129,28.380164,2.75,0.96,4.08775,2.29775,3.523588,2.563588
2019-01-18,2670.709961,133.056667,131.723333,20.071974,20.275147,4.982071,0.155412,55.81906,19.084129,28.380164,2.79,0.96,4.022071,2.192071,3.523588,2.563588
2019-01-22,2632.899902,133.056667,131.723333,19.787809,19.988106,5.053617,0.069389,54.477612,19.084129,28.380164,2.74,0.95,4.103617,2.313617,3.523588,2.573588
2019-01-23,2638.699951,133.056667,131.723333,19.8314,20.032138,5.042508,0.082567,54.716981,19.084129,28.380164,2.76,0.96,4.082508,2.282508,3.523588,2.563588
2019-01-24,2642.330078,133.056667,131.723333,19.858682,20.059696,5.035581,0.090808,54.780702,19.084129,28.380164,2.72,0.95,4.085581,2.315581,3.523588,2.573588
2019-01-25,2664.76001,133.056667,131.723333,20.027257,20.229977,4.993195,0.141832,55.677335,19.084129,28.380164,2.76,0.97,4.023195,2.233195,3.523588,2.553588
2019-01-28,2643.850098,133.056667,131.723333,19.870106,20.071236,5.032686,0.094206,54.776512,19.084129,28.380164,2.75,0.97,4.062686,2.282686,3.523588,2.553588
2019-01-29,2640.0,133.056667,131.723333,19.84117,20.042007,5.040025,0.085419,54.664915,19.084129,28.380164,2.72,0.94,4.100025,2.320025,3.523588,2.583588
2019-01-30,2681.050049,133.056667,131.723333,20.149686,20.353646,4.962857,0.178878,56.260946,19.084129,28.380164,2.7,0.86,4.102857,2.262857,3.523588,2.663588
2019-01-31,2704.100098,133.056667,131.723333,20.322921,20.528634,4.920553,0.231336,57.067834,19.084129,28.380164,2.63,0.78,4.140553,2.290553,3.523588,2.743588
2019-02-01,2706.530029,133.723333,131.723333,20.239774,20.547081,4.940767,0.20608,56.56168,17.72802,29.541549,2.7,0.82,4.120767,2.240767,3.385063,2.565063
2019-02-04,2724.870117,133.723333,131.723333,20.376923,20.686313,4.907512,0.247614,57.455181,17.72802,29.541549,2.73,0.86,4.047512,2.177512,3.385063,2.525063
2019-02-05,2737.699951,133.723333,131.723333,20.472867,20.783713,4.884514,0.276649,57.77972,17.72802,29.541549,2.71,0.84,4.044514,2.174514,3.385063,2.545063
2019-02-06,2731.610107,133.723333,131.723333,20.427326,20.737481,4.895403,0.262772,57.623416,17.72802,29.541549,2.7,0.84,4.055403,2.195403,3.385063,2.545063
2019-02-07,2706.050049,133.723333,131.723333,20.236185,20.543437,4.941643,0.204726,56.419214,17.72802,29.541549,2.65,0.81,4.131643,2.291643,3.385063,2.575063
2019-02-08,2707.879883,133.723333,131.723333,20.249868,20.557329,4.938304,0.208832,56.525535,17.72802,29.541549,2.63,0.81,4.128304,2.308304,3.385063,2.575063
2019-02-11,2709.800049,133.723333,131.723333,20.264228,20.571906,4.934804,0.213142,56.631763,17.72802,29.541549,2.65,0.83,4.104804,2.284804,3.385063,2.555063
2019-02-12,2744.72998,133.723333,131.723333,20.525438,20.837083,4.872003,0.292383,57.959006,17.72802,29.541549,2.68,0.85,4.022003,2.192003,3.385063,2.535063
2019-02-13,2753.030029,133.723333,131.723333,20.587507,20.900094,4.857315,0.311158,58.1517,17.72802,29.541549,2.71,0.85,4.007315,2.147315,3.385063,2.535063
2019-02-14,2745.72998,133.723333,132.39,20.532916,20.739708,4.870229,0.294507,57.95207,17.72802,29.541549,2.66,0.81,4.060229,2.210229,3.385063,2.575063
2019-02-15,2775.600098,133.723333,132.39,20.756289,20.96533,4.817817,0.36228,58.667247,17.72802,29.541549,2.66,0.8,4.017817,2.157817,3.385063,2.585063
2019-02-19,2779.76001,133.723333,132.39,20.787397,20.996752,4.810607,0.371641,58.946452,17.72802,29.541549,2.65,0.78,4.030607,2.160607,3.385063,2.605063
2019-02-20,2784.699951,133.723333,132.39,20.824338,21.034066,4.802073,0.382772,59.138381,17.72802,29.541549,2.65,0.76,4.042073,2.152073,3.385063,2.625063
2019-02-21,2774.879883,133.723333,132.39,20.750903,20.95989,4.819067,0.360361,58.590692,17.72802,29.541549,2.69,0.78,4.039067,2.129067,3.385063,2.605063
2019-02-22,2792.669922,133.723333,132.39,20.883939,21.094266,4.788369,0.400708,59.391304,17.72802,29.541549,2.65,0.74,4.048369,2.138369,3.385063,2.645063
2019-02-25,2796.110107,133.723333,132.39,20.909665,21.120252,4.782477,0.408427,59.452412,17.72802,29.541549,2.67,0.75,4.032477,2.112477,3.385063,2.635063
2019-02-26,2793.899902,133.723333,132.39,20.893137,21.103557,4.786261,0.403298,59.383145,17.72802,29.541549,2.64,0.72,4.066261,2.146261,3.385063,2.665063
2019-02-27,2792.379883,133.723333,132.39,20.88177,21.092076,4.788866,0.39974,59.313938,17.72802,29.541549,2.69,0.76,4.028866,2.098866,3.385063,2.625063
2019-02-28,2784.48999,133.723333,132.39,20.822768,21.03248,4.802435,0.381693,59.027778,17.72802,29.541549,2.73,0.78,4.022435,2.072435,3.385063,2.605063
2019-03-01,2803.689941,134.39,132.39,20.862341,21.177505,4.793326,0.393637,59.219089,16.415454,29.576196,2.76,0.8,3.993326,2.033326,3.381097,2.581097
2019-03-04,2792.810059,134.39,132.39,20.781383,21.095325,4.811999,0.368905,58.673027,16.415454,29.576196,2.72,0.78,4.031999,2.091999,3.381097,2.601097
2019-03-05,2789.649902,134.39,132.39,20.757868,21.071455,4.81745,0.361658,58.517555,16.415454,29.576196,2.72,0.79,4.02745,2.09745,3.381097,2.591097
2019-03-06,2771.449951,134.39,132.39,20.622442,20.933983,4.849086,0.320346,57.928943,16.415454,29.576196,2.69,0.78,4.069086,2.159086,3.381097,2.601097
2019-03-07,2748.929932,134.39,132.39,20.45487,20.763879,4.888811,0.269251,57.384149,16.415454,29.576196,2.64,0.74,4.148811,2.248811,3.381097,2.641097
2019-03-08,2743.070068,134.39,132.39,20.411266,20.719617,4.899255,0.25591,57.099567,16.415454,29.576196,2.62,0.72,4.179255,2.279255,3.381097,2.661097
2019-03-11,2783.300049,134.39,132.39,20.710619,21.023492,4.828441,0.347028,58.329727,16.415454,29.576196,2.64,0.73,4.098441,2.188441,3.381097,2.651097
2019-03-12,2791.52002,134.39,132.39,20.771784,21.085581,4.814223,0.365577,58.693772,16.415454,29.576196,2.61,0.71,4.104223,2.204223,3.381097,2.671097
2019-03-13,2810.919922,134.39,132.39,20.916139,21.232117,4.780997,0.409471,59.749243,16.415454,29.576196,2.61,0.69,4.090997,2.170997,3.381097,2.691097
2019-03-14,2808.47998,134.39,132.39,20.897983,21.213687,4.785151,0.403835,59.550562,16.415454,29.576196,2.63,0.69,4.095151,2.155151,3.381097,2.691097
2019-03-15,2822.47998,134.39,132.39,21.002158,21.319435,4.761416,0.435485,60.388769,16.415454,29.576196,2.59,0.65,4.111416,2.171416,3.381097,2.731097
2019-03-18,2832.939941,134.39,133.056667,21.079991,21.291229,4.743835,0.4591,60.880829,16.415454,29.576196,2.6,0.64,4.103835,2.143835,3.381097,2.741097
2019-03-19,2832.570068,134.39,133.056667,21.077238,21.288449,4.744455,0.45814,60.854553,16.415454,29.576196,2.61,0.66,4.084455,2.134455,3.381097,2.721097
2019-03-20,2824.22998,134.39,133.056667,21.01518,21.225768,4.758465,0.439096,60.353753,16.415454,29.576196,2.54,0.58,4.178465,2.218465,3.381097,2.801097
2019-03-21,2854.879883,134.39,133.056667,21.243246,21.456121,4.707378,0.508542,61.923243,16.415454,29.576196,2.54,0.58,4.127378,2.167378,3.381097,2.801097
2019-03-22,2800.709961,134.39,133.056667,20.840166,21.049001,4.798426,0.385446,59.137931,16.415454,29.576196,2.44,0.54,4.258426,2.358426,3.381097,2.841097
2019-03-25,2798.360107,134.39,133.056667,20.822681,21.031341,4.802456,0.380016,58.897027,16.415454,29.576196,2.43,0.55,4.252456,2.372456,3.381097,2.831097
2019-03-26,2818.459961,134.39,133.056667,20.972245,21.182403,4.768207,0.425564,60.206718,16.415454,29.576196,2.41,0.55,4.218207,2.358207,3.381097,2.831097
2019-03-27,2805.370117,134.39,133.056667,20.874843,21.084025,4.790455,0.395727,59.276797,16.415454,29.576196,2.39,0.55,4.240455,2.400455,3.381097,2.831097
2019-03-28,2815.439941,134.39,133.056667,20.949773,21.159706,4.773321,0.418503,60.025818,16.415454,29.576196,2.39,0.56,4.213321,2.383321,3.381097,2.821097
2019-03-29,2834.399902,134.39,133.056667,21.090854,21.302201,4.741392,0.461473,61.075269,16.415454,29.576196,2.41,0.53,4.211392,2.331392,3.381097,2.851097
2019-04-01,2867.189941,134.683333,133.056667,21.28838,21.548638,4.697398,0.52167,62.209802,14.345144,30.133517,2.49,0.59,4.107398,2.207398,3.318564,2.728564
2019-04-02,2867.23999,134.683333,133.056667,21.288751,21.549014,4.697316,0.521641,62.226042,14.345144,30.133517,2.48,0.58,4.117316,2.217316,3.318564,2.738564
2019-04-03,2873.399902,134.683333,133.056667,21.334488,21.595309,4.687246,0.535469,62.457045,14.345144,30.133517,2.52,0.61,4.077246,2.167246,3.318564,2.708564
2019-04-04,2879.389893,134.683333,133.056667,21.378962,21.640328,4.677496,0.548908,62.516101,14.345144,30.133517,2.51,0.61,4.067496,2.167496,3.318564,2.708564
2019-04-05,2892.73999,134.683333,133.056667,21.478084,21.740662,4.655909,0.57904,63.175966,14.345144,30.133517,2.5,0.6,4.055909,2.155909,3.318564,2.718564
2019-04-08,2895.77002,134.683333,133.056667,21.500582,21.763434,4.651037,0.585749,63.320463,14.345144,30.133517,2.52,0.61,4.041037,2.131037,3.318564,2.708564
2019-04-09,2878.199951,134.683333,133.056667,21.370127,21.631385,4.679429,0.54571,62.435678,14.345144,30.133517,2.51,0.6,4.079429,2.169429,3.318564,2.718564
2019-04-10,2888.209961,134.683333,133.056667,21.44445,21.706616,4.663211,0.568277,63.094728,14.345144,30.133517,2.48,0.54,4.123211,2.183211,3.318564,2.778564
2019-04-11,2888.320068,134.683333,133.056667,21.445267,21.707443,4.663034,0.568366,63.11054,14.345144,30.133517,2.51,0.57,4.093034,2.153034,3.318564,2.748564
2019-04-12,2907.409912,134.683333,133.056667,21.587006,21.850915,4.632416,0.611542,63.811563,14.345144,30.133517,2.56,0.61,4.022416,2.072416,3.318564,2.708564
2019-04-15,2905.580078,134.683333,133.056667,21.57342,21.837163,4.635334,0.607208,63.784247,14.345144,30.133517,2.55,0.61,4.025334,2.085334,3.318564,2.708564
2019-04-16,2907.060059,134.683333,133.056667,21.584408,21.848286,4.632974,0.61039,63.799743,14.345144,30.133517,2.6,0.64,3.992974,2.032974,3.318564,2.678564
2019-04-17,2900.449951,134.683333,133.723333,21.535329,21.689932,4.643532,0.595199,63.430282,14.345144,30.133517,2.59,0.65,3.993532,2.053532,3.318564,2.668564
2019-04-18,2905.030029,134.683333,133.723333,21.569336,21.724182,4.636211,0.60543,63.74519,14.345144,30.133517,2.57,0.62,4.016211,2.066211,3.318564,2.698564
2019-04-22,2907.969971,134.683333,133.723333,21.591164,21.746167,4.631524,0.611932,63.974359,14.345144,30.133517,2.59,0.64,3.991524,2.041524,3.318564,2.678564
2019-04-23,2933.679932,134.683333,133.723333,21.782056,21.93843,4.590935,0.670164,64.844084,14.345144,30.133517,2.57,0.62,3.970935,2.020935,3.318564,2.698564
2019-04-24,2927.25,134.683333,133.723333,21.734315,21.890346,4.601019,0.655347,64.560205,14.345144,30.133517,2.53,0.57,4.031019,2.071019,3.318564,2.748564
2019-04-25,2926.169922,134.683333,133.723333,21.726296,21.882269,4.602717,0.652692,64.53265,14.345144,30.133517,2.54,0.56,4.042717,2.062717,3.318564,2.758564
2019-04-26,2939.879883,134.683333,133.723333,21.82809,21.984794,4.581253,0.683652,65.017065,14.345144,30.133517,2.51,0.54,4.041253,2.071253,3.318564,2.778564
2019-04-29,2943.030029,134.683333,133.723333,21.851479,22.008351,4.576349,0.690599,65.117271,14.345144,30.133517,2.54,0.58,3.996349,2.036349,3.318564,2.738564
2019-04-30,2945.830078,134.683333,133.723333,21.872269,22.02929,4.571999,0.696746,65.260017,14.345144,30.133517,2.51,0.56,4.011999,2.061999,3.318564,2.758564
2019-05-01,2923.72998,134.976667,133.723333,21.661003,21.864023,4.616591,0.631836,64.124414,12.355716,29.242031,2.52,0.59,4.026591,2.096591,3.419735,2.829735
2019-05-02,2917.52002,134.976667,133.723333,21.614995,21.817584,4.626418,0.617558,63.969336,12.355716,29.242031,2.55,0.66,3.966418,2.076418,3.419735,2.759735
2019-05-03,2945.639893,134.976667,133.723333,21.823327,22.027868,4.582253,0.681185,64.963814,12.355716,29.242031,2.54,0.63,3.952253,2.042253,3.419735,2.789735
2019-05-06,2932.469971,134.976667,133.723333,21.725755,21.929381,4.602832,0.651085,64.425532,12.355716,29.242031,2.51,0.6,4.002832,2.092832,3.419735,2.819735
2019-05-07,2884.050049,134.976667,133.723333,21.367027,21.567291,4.680108,0.540986,61.931093,12.355716,29.242031,2.45,0.58,4.100108,2.230108,3.419735,2.839735
2019-05-08,2879.419922,134.976667,133.723333,21.332724,21.532666,4.687634,0.530326,61.777211,12.355716,29.242031,2.49,0.62,4.067634,2.197634,3.419735,2.799735
2019-05-09,2870.719971,134.976667,133.723333,21.268268,21.467607,4.70184,0.510427,61.368466,12.355716,29.242031,2.45,0.6,4.10184,2.25184,3.419735,2.819735
2019-05-10,2881.399902,134.976667,133.723333,21.347393,21.547473,4.684413,0.534544,61.894647,12.355716,29.242031,2.47,0.59,4.094413,2.214413,3.419735,2.829735
2019-05-13,2811.870117,134.976667,133.723333,20.832268,21.02752,4.800245,0.376469,58.259023,12.355716,29.242031,2.4,0.55,4.250245,2.400245,3.419735,2.869735
2019-05-14,2834.409912,134.976667,133.723333,20.999258,21.196076,4.762073,0.427585,59.59253,12.355716,29.242031,2.42,0.56,4.202073,2.342073,3.419735,2.859735
2019-05-15,2850.959961,134.976667,134.39,21.121873,21.214078,4.734429,0.465083,60.627917,12.355716,29.242031,2.37,0.54,4.194429,2.364429,3.419735,2.879735
2019-05-16,2876.320068,134.976667,134.39,21.309758,21.402783,4.692686,0.522595,61.704835,12.355716,29.242031,2.4,0.56,4.132686,2.292686,3.419735,2.859735
2019-05-17,2859.530029,134.976667,134.39,21.185366,21.277848,4.72024,0.484292,61.000424,12.355716,29.242031,2.39,0.58,4.14024,2.33024,3.419735,2.839735
2019-05-20,2840.22998,134.976667,134.39,21.042377,21.134236,4.752315,0.440291,59.788136,12.355716,29.242031,2.41,0.6,4.152315,2.342315,3.419735,2.819735
2019-05-21,2864.360107,134.976667,134.39,21.22115,21.313789,4.71228,0.495044,61.160525,12.355716,29.242031,2.43,0.6,4.11228,2.28228,3.419735,2.819735
2019-05-22,2856.27002,134.976667,134.39,21.161213,21.25359,4.725627,0.476517,60.88061,12.355716,29.242031,2.39,0.6,4.125627,2.335627,3.419735,2.819735
2019-05-23,2822.23999,134.976667,134.39,20.909095,21.000372,4.782608,0.398993,58.569615,12.355716,29.242031,2.31,0.58,4.202608,2.472608,3.419735,2.839735
2019-05-24,2826.060059,134.976667,134.39,20.937397,21.028797,4.776143,0.407586,58.967851,12.355716,29.242031,2.32,0.56,4.216143,2.456143,3.419735,2.859735
2019-05-28,2802.389893,134.976667,134.39,20.762032,20.852667,4.816484,0.353628,57.293869,12.355716,29.242031,2.26,0.53,4.286484,2.556484,3.419735,2.889735
2019-05-29,2783.02002,134.976667,134.39,20.618527,20.708535,4.850007,0.309462,56.593407,12.355716,29.242031,2.25,0.5,4.350007,2.600007,3.419735,2.919735
2019-05-30,2788.860107,134.976667,134.39,20.661794,20.751991,4.839851,0.322684,56.780735,12.355716,29.242031,2.22,0.48,4.359851,2.619851,3.419735,2.939735
2019-05-31,2752.060059,134.976667,134.39,20.389154,20.478161,4.904568,0.238826,55.658784,12.355716,29.242031,2.14,0.4,4.504568,2.764568,3.419735,3.019735
2019-06-03,2744.449951,135.27,134.39,20.288682,20.421534,4.928857,0.207891,55.044322,10.442521,29.283796,2.07,0.34,4.588857,2.858857,3.414858,3.074858
2019-06-04,2803.27002,135.27,134.39,20.723516,20.859216,4.825436,0.341524,57.130802,10.442521,29.283796,2.12,0.38,4.445436,2.705436,3.414858,3.034858
2019-06-05,2826.149902,135.27,134.39,20.892658,21.029466,4.78637,0.39345,58.498524,10.442521,29.283796,2.12,0.37,4.41637,2.66637,3.414858,3.044858
2019-06-06,2843.48999,135.27,134.39,21.020847,21.158494,4.757182,0.432775,59.738617,10.442521,29.283796,2.12,0.39,4.367182,2.637182,3.414858,3.024858
2019-06-07,2873.340088,135.27,134.39,21.241518,21.380609,4.707762,0.500537,61.483354,10.442521,29.283796,2.09,0.35,4.357762,2.617762,3.414858,3.064858
2019-06-10,2886.72998,135.27,134.39,21.340504,21.480244,4.685925,0.530854,62.173547,10.442521,29.283796,2.15,0.42,4.265925,2.535925,3.414858,2.994858
2019-06-11,2885.719971,135.27,134.39,21.333037,21.472728,4.687565,0.528413,62.063158,10.442521,29.283796,2.15,0.43,4.257565,2.537565,3.414858,2.984858
2019-06-12,2879.840088,135.27,134.39,21.28957,21.428976,4.697136,0.514896,61.784512,10.442521,29.283796,2.13,0.42,4.277136,2.567136,3.414858,2.994858
2019-06-13,2891.639893,135.27,134.39,21.376801,21.516779,4.677968,0.541604,62.389567,10.442521,29.283796,2.1,0.42,4.257968,2.577968,3.414858,2.994858
2019-06-14,2886.97998,135.27,134.39,21.342352,21.482104,4.685519,0.530854,62.195122,10.442521,29.283796,2.09,0.46,4.225519,2.595519,3.414858,2.954858
2019-06-17,2889.669922,135.27,134.683333,21.362238,21.45529,4.681157,0.536833,62.295082,10.442521,29.283796,2.09,0.48,4.201157,2.591157,3.414858,2.934858
2019-06-18,2917.75,135.27,134.683333,21.569823,21.663779,4.636107,0.600597,63.907563,10.442521,29.283796,2.06,0.42,4.216107,2.576107,3.414858,2.994858
2019-06-19,2926.459961,135.27,134.683333,21.634213,21.728449,4.622308,0.620251,64.468711,10.442521,29.283796,2.03,0.36,4.262308,2.592308,3.414858,3.054858
2019-06-20,2954.179932,135.27,134.683333,21.839136,21.934265,4.578936,0.683173,65.533165,10.442521,29.283796,2.01,0.27,4.308936,2.568936,3.414858,3.144858
2019-06-21,2950.459961,135.27,134.683333,21.811636,21.906645,4.584709,0.674494,65.337809,10.442521,29.283796,2.07,0.34,4.244709,2.514709,3.414858,3.074858
2019-06-24,2945.350098,135.27,134.683333,21.77386,21.868705,4.592663,0.662653,65.142617,10.442521,29.283796,2.02,0.31,4.282663,2.572663,3.414858,3.104858
2019-06-25,2917.379883,135.27,134.683333,21.567087,21.661031,4.636695,0.598758,63.731656,10.442521,29.283796,2.0,0.33,4.306695,2.636695,3.414858,3.084858
2019-06-26,2913.780029,135.27,134.683333,21.540475,21.634303,4.642423,0.590389,63.453479,10.442521,29.283796,2.05,0.35,4.292423,2.592423,3.414858,3.064858
2019-06-27,2924.919922,135.27,134.683333,21.622828,21.717015,4.624742,0.615598,64.348555,10.442521,29.283796,2.01,0.33,4.294742,2.614742,3.414858,3.084858
2019-06-28,2941.76001,135.27,134.683333,21.74732,21.842049,4.598268,0.653785,65.075377,10.442521,29.283796,2.0,0.31,4.288268,2.598268,3.414858,3.104858
2019-07-01,2964.330078,134.48,134.683333,22.042907,22.009628,4.536607,0.744685,67.057346,7.483682,29.986685,2.03,0.34,4.196607,2.506607,3.334813,2.994813
2019-07-02,2973.01001,134.48,134.683333,22.107451,22.074075,4.523362,0.764336,67.698745,7.483682,29.986685,1.98,0.33,4.193362,2.543362,3.334813,3.004813
2019-07-03,2995.820068,134.48,134.683333,22.277068,22.243436,4.488921,0.816361,69.970724,7.483682,29.986685,1.96,0.31,4.178921,2.528921,3.334813,3.024813
2019-07-05,2990.409912,134.48,134.683333,22.236838,22.203266,4.497042,0.803677,69.481605,7.483682,29.986685,2.04,0.35,4.147042,2.457042,3.334813,2.984813
2019-07-08,2975.949951,134.48,134.683333,22.129313,22.095904,4.518893,0.770254,67.906394,7.483682,29.986685,2.05,0.35,4.168893,2.468893,3.334813,2.984813
2019-07-09,2979.629883,134.48,134.683333,22.156677,22.123227,4.513312,0.778434,68.33751,7.483682,29.986685,2.07,0.36,4.153312,2.443312,3.334813,2.974813
2019-07-10,2993.070068,134.48,134.683333,22.256619,22.223018,4.493045,0.808987,69.812109,7.483682,29.986685,2.07,0.33,4.163045,2.423045,3.334813,3.004813
2019-07-11,2999.909912,134.48,134.683333,22.30748,22.273802,4.482801,0.824389,70.24207,7.483682,29.986685,2.13,0.36,4.122801,2.352801,3.334813,2.974813
2019-07-12,3013.77002,134.48,134.683333,22.410544,22.376711,4.462185,0.855879,71.631206,7.483682,29.986685,2.12,0.35,4.112185,2.342185,3.334813,2.984813
2019-07-15,3014.300049,134.48,134.976667,22.414486,22.332008,4.461401,0.856786,71.684737,7.483682,29.986685,2.09,0.32,4.141401,2.371401,3.334813,3.014813
2019-07-16,3004.040039,134.48,134.976667,22.338192,22.255995,4.476638,0.832949,70.571071,7.483682,29.986685,2.13,0.33,4.146638,2.346638,3.334813,3.004813
2019-07-17,2984.419922,134.48,134.976667,22.192296,22.110636,4.506068,0.78766,68.625,7.483682,29.986685,2.06,0.31,4.196068,2.446068,3.334813,3.024813
2019-07-18,2995.110107,134.48,134.976667,22.271788,22.189836,4.489985,0.811913,69.762599,7.483682,29.986685,2.04,0.25,4.239985,2.449985,3.334813,3.084813
2019-07-19,2976.610107,134.48,134.976667,22.134221,22.052775,4.517891,0.769199,67.776853,7.483682,29.986685,2.05,0.25,4.267891,2.467891,3.334813,3.084813
2019-07-22,2985.030029,134.48,134.976667,22.196832,22.115156,4.505147,0.788259,68.705784,7.483682,29.986685,2.05,0.26,4.245147,2.455147,3.334813,3.074813
2019-07-23,3005.469971,134.48,134.976667,22.348825,22.266589,4.474508,0.834883,70.757072,7.483682,29.986685,2.08,0.27,4.204508,2.394508,3.334813,3.064813
2019-07-24,3019.560059,134.48,134.976667,22.453599,22.370978,4.453629,0.866912,72.224532,7.483682,29.986685,2.05,0.26,4.193629,2.403629,3.334813,3.074813
2019-07-25,3003.669922,134.48,134.976667,22.33544,22.253253,4.47719,0.830141,70.448878,7.483682,29.986685,2.08,0.28,4.19719,2.39719,3.334813,3.054813
2019-07-26,3025.860107,134.48,134.976667,22.500447,22.417653,4.444356,0.880762,72.704612,7.483682,29.986685,2.08,0.3,4.144356,2.364356,3.334813,3.034813
2019-07-29,3020.969971,134.48,134.976667,22.464084,22.381424,4.45155,0.869217,72.383721,7.483682,29.986685,2.06,0.29,4.16155,2.39155,3.334813,3.044813
2019-07-30,3013.179932,134.48,134.976667,22.406157,22.32371,4.463059,0.851026,71.481943,7.483682,29.986685,2.06,0.28,4.183059,2.403059,3.334813,3.054813
2019-07-31,2980.379883,134.48,134.976667,22.162254,22.080704,4.512176,0.775452,67.966805,7.483682,29.986685,2.02,0.26,4.252176,2.492176,3.334813,3.074813
2019-08-01,2953.560059,133.69,134.976667,22.092603,21.882005,4.526402,0.753697,67.02613,4.646976,28.705397,1.9,0.2,4.326402,2.626402,3.483665,3.283665
2019-08-02,2932.050049,133.69,134.976667,21.931708,21.722644,4.559608,0.703787,65.630182,4.646976,28.705397,1.86,0.2,4.359608,2.699608,3.483665,3.283665
2019-08-05,2844.73999,133.69,134.976667,21.27863,21.075791,4.699551,0.501934,60.671363,4.646976,28.705397,1.75,0.15,4.549551,2.949551,3.483665,3.333665
2019-08-06,2881.77002,133.69,134.976667,21.555614,21.350135,4.639163,0.587339,62.966031,4.646976,28.705397,1.73,0.11,4.529163,2.909163,3.483665,3.373665
2019-08-07,2883.97998,133.69,134.976667,21.572144,21.366508,4.635608,0.59228,63.188406,4.646976,28.705397,1.71,0.09,4.545608,2.925608,3.483665,3.393665
2019-08-08,2938.090088,133.69,134.976667,21.976887,21.767392,4.550235,0.717126,65.93543,4.646976,28.705397,1.72,0.07,4.480235,2.830235,3.483665,3.413665
2019-08-09,2918.649902,133.69,134.976667,21.831475,21.623366,4.580543,0.671985,64.915184,4.646976,28.705397,1.74,0.08,4.500543,2.840543,3.483665,3.403665
2019-08-12,2882.699951,133.69,134.976667,21.56257,21.357024,4.637666,0.588709,62.903226,4.646976,28.705397,1.65,0.04,4.597666,2.987666,3.483665,3.443665
2019-08-13,2926.320068,133.69,134.976667,21.888848,21.680192,4.568536,0.689357,65.398925,4.646976,28.705397,1.68,0.05,4.518536,2.888536,3.483665,3.433665
2019-08-14,2840.600098,133.69,134.976667,21.247663,21.04512,4.7064,0.491007,60.371901,4.646976,28.705397,1.59,0.02,4.6864,3.1164,3.483665,3.463665
2019-08-15,2847.600098,133.69,135.27,21.300023,21.051232,4.694831,0.507065,60.760017,4.646976,28.705397,1.52,-0.02,4.714831,3.174831,3.483665,3.503665
2019-08-16,2888.679932,133.69,135.27,21.6073,21.354919,4.628066,0.601921,63.583815,4.646976,28.705397,1.55,0.01,4.618066,3.078066,3.483665,3.473665
2019-08-19,2923.649902,133.69,135.27,21.868875,21.613439,4.572709,0.682617,65.208419,4.646976,28.705397,1.6,0.04,4.532709,2.972709,3.483665,3.443665
2019-08-20,2900.51001,133.69,135.27,21.695789,21.442375,4.609189,0.628896,64.026403,4.646976,28.705397,1.55,0.02,4.589189,3.059189,3.483665,3.463665
2019-08-21,2924.429932,133.69,135.27,21.87471,21.619206,4.571489,0.684041,65.360825,4.646976,28.705397,1.59,0.05,4.521489,2.981489,3.483665,3.433665
2019-08-22,2922.949951,133.69,135.27,21.863639,21.608265,4.573804,0.68041,65.169002,4.646976,28.705397,1.62,0.07,4.503804,2.953804,3.483665,3.413665
2019-08-23,2847.110107,133.69,135.27,21.296358,21.047609,4.695639,0.504746,60.609806,4.646976,28.705397,1.52,-0.02,4.715639,3.175639,3.483665,3.503665
2019-08-26,2878.379883,133.69,135.27,21.530256,21.278775,4.644627,0.576973,62.397035,4.646976,28.705397,1.54,0.0,4.644627,3.104627,3.483665,3.483665
2019-08-27,2869.159912,133.69,135.27,21.46129,21.210615,4.659552,0.555478,62.041993,4.646976,28.705397,1.49,-0.06,4.719552,3.169552,3.483665,3.543665
2019-08-28,2887.939941,133.69,135.27,21.601765,21.349449,4.629251,0.598796,63.415638,4.646976,28.705397,1.47,-0.08,4.709251,3.159251,3.483665,3.563665
2019-08-29,2924.580078,133.69,135.27,21.875833,21.620316,4.571255,0.683443,65.446318,4.646976,28.705397,1.5,-0.09,4.661255,3.071255,3.483665,3.573665
2019-08-30,2926.459961,133.69,135.27,21.889894,21.634213,4.568318,0.687588,65.583882,4.646976,28.705397,1.5,-0.05,4.618318,3.068318,3.483665,3.533665
2019-09-03,2906.27002,132.9,135.27,21.868096,21.484956,4.572872,0.680634,65.187012,1.924994,29.22952,1.47,-0.03,4.602872,3.102872,3.421199,3.451199
2019-09-04,2937.780029,132.9,135.27,22.105192,21.717898,4.523824,0.753821,67.419885,1.924994,29.22952,1.47,-0.04,4.563824,3.053824,3.421199,3.461199
2019-09-05,2976.0,132.9,135.27,22.392777,22.000444,4.465726,0.8426,71.622177,1.924994,29.22952,1.57,0.01,4.455726,2.895726,3.421199,3.411199
2019-09-06,2978.709961,132.9,135.27,22.413168,22.020477,4.461663,0.848616,71.962233,1.924994,29.22952,1.55,0.01,4.451663,2.911663,3.421199,3.411199
2019-09-09,2978.429932,132.9,135.27,22.41106,22.018407,4.462082,0.847665,71.89167,1.924994,29.22952,1.63,0.06,4.402082,2.832082,3.421199,3.361199
2019-09-10,2979.389893,132.9,135.27,22.418284,22.025504,4.460645,0.849602,72.067268,1.924994,29.22952,1.72,0.12,4.340645,2.740645,3.421199,3.301199
2019-09-11,3000.929932,132.9,135.27,22.580361,22.184741,4.428627,0.899481,73.96474,1.924994,29.22952,1.75,0.15,4.278627,2.678627,3.421199,3.271199
2019-09-12,3009.570068,132.9,135.27,22.645373,22.248614,4.415913,0.919275,74.672131,1.924994,29.22952,1.79,0.16,4.255913,2.625913,3.421199,3.261199
2019-09-13,3007.389893,132.9,135.27,22.628968,22.232497,4.419114,0.913849,74.436706,1.924994,29.22952,1.9,0.23,4.189114,2.519114,3.421199,3.191199
2019-09-16,2997.959961,132.9,134.48,22.558013,22.29298,4.433015,0.891536,73.669124,1.924994,29.22952,1.84,0.17,4.263015,2.593015,3.421199,3.251199
2019-09-17,3005.699951,132.9,134.48,22.616252,22.350535,4.421599,0.909242,74.212034,1.924994,29.22952,1.81,0.15,4.271599,2.611599,3.421199,3.271199
2019-09-18,3006.72998,132.9,134.48,22.624003,22.358194,4.420084,0.911302,74.304419,1.924994,29.22952,1.8,0.21,4.210084,2.620084,3.421199,3.211199
2019-09-19,3006.790039,132.9,134.48,22.624455,22.358641,4.419996,0.911101,74.355828,1.924994,29.22952,1.79,0.18,4.239996,2.629996,3.421199,3.241199
2019-09-20,2992.070068,132.9,134.48,22.513695,22.249183,4.441741,0.876461,73.017171,1.924994,29.22952,1.74,0.13,4.311741,2.701741,3.421199,3.291199
2019-09-23,2991.780029,132.9,134.48,22.511513,22.247026,4.442172,0.875469,72.987331,1.924994,29.22952,1.72,0.11,4.332172,2.722172,3.421199,3.311199
2019-09-24,2966.600098,132.9,134.48,22.322047,22.059787,4.479876,0.816473,70.138889,1.924994,29.22952,1.64,0.06,4.419876,2.839876,3.421199,3.361199
2019-09-25,2984.870117,132.9,134.48,22.459519,22.195643,4.452455,0.858775,72.396897,1.924994,29.22952,1.73,0.13,4.322455,2.722455,3.421199,3.291199
2019-09-26,2977.620117,132.9,134.48,22.404967,22.141732,4.463296,0.841573,71.387755,1.924994,29.22952,1.7,0.13,4.333296,2.763296,3.421199,3.291199
2019-09-27,2961.790039,132.9,134.48,22.285854,22.024019,4.487151,0.804381,69.726642,1.924994,29.22952,1.69,0.16,4.327151,2.797151,3.421199,3.261199
2019-09-30,2976.73999,132.9,134.48,22.398345,22.135187,4.464616,0.838961,71.288744,1.924994,29.22952,1.68,0.15,4.314616,2.784616,3.421199,3.271199
2019-10-01,2940.25,135.09,134.48,21.76512,21.863846,4.594507,0.642469,63.921728,3.077549,28.841123,1.65,0.13,4.464507,2.944507,3.467271,3.337271
2019-10-02,2887.610107,135.09,134.48,21.375454,21.472413,4.678263,0.521519,60.676447,3.077549,28.841123,1.6,0.1,4.578263,3.078263,3.467271,3.367271
2019-10-03,2910.629883,135.09,134.48,21.545857,21.643589,4.641263,0.574204,62.077393,3.077549,28.841123,1.54,0.06,4.581263,3.101263,3.467271,3.407271
2019-10-04,2952.01001,135.09,134.48,21.852173,21.951294,4.576204,0.669007,64.576547,3.077549,28.841123,1.52,0.02,4.556204,3.056204,3.467271,3.447271
2019-10-07,2938.790039,135.09,134.48,21.754312,21.85299,4.59679,0.63847,63.899064,3.077549,28.841123,1.56,0.05,4.54679,3.03679,3.467271,3.417271
2019-10-08,2893.060059,135.09,134.48,21.415797,21.512939,4.66945,0.53332,60.86249,3.077549,28.841123,1.54,0.06,4.60945,3.12945,3.467271,3.407271
2019-10-09,2919.399902,135.09,134.48,21.610777,21.708804,4.627321,0.59365,62.95242,3.077549,28.841123,1.59,0.1,4.527321,3.037321,3.467271,3.367271
2019-10-10,2938.129883,135.09,134.48,21.749425,21.848081,4.597823,0.63649,63.861789,3.077549,28.841123,1.67,0.15,4.447823,2.927823,3.467271,3.317271
2019-10-11,2970.27002,135.09,134.48,21.987342,22.087076,4.548071,0.710107,65.8269,3.077549,28.841123,1.76,0.2,4.348071,2.788071,3.467271,3.267271
2019-10-14,2966.149902,135.09,134.48,21.956843,22.056439,4.554389,0.700429,65.637693,3.077549,28.841123,1.76,0.2,4.354389,2.794389,3.467271,3.267271
2019-10-15,2995.679932,135.09,133.69,22.175438,22.407659,4.509494,0.768032,68.006496,3.077549,28.841123,1.77,0.21,4.299494,2.739494,3.467271,3.257271
2019-10-16,2989.689941,135.09,133.69,22.131097,22.362854,4.518529,0.754027,67.451299,3.077549,28.841123,1.75,0.18,4.338529,2.768529,3.467271,3.287271
2019-10-17,2997.949951,135.09,133.69,22.192242,22.424639,4.506079,0.772759,68.356998,3.077549,28.841123,1.76,0.17,4.336079,2.746079,3.467271,3.297271
2019-10-18,2986.199951,135.09,133.69,22.105263,22.336749,4.52381,0.745519,66.991079,3.077549,28.841123,1.76,0.16,4.36381,2.76381,3.467271,3.307271
2019-10-21,3006.719971,135.09,133.69,22.257162,22.490238,4.492936,0.792423,69.517633,3.077549,28.841123,1.8,0.19,4.302936,2.692936,3.467271,3.277271
2019-10-22,2995.98999,135.09,133.69,22.177733,22.409978,4.509027,0.767511,68.071313,3.077549,28.841123,1.78,0.17,4.339027,2.729027,3.467271,3.297271
2019-10-23,3004.52002,135.09,133.69,22.240877,22.473783,4.496226,0.786862,69.218307,3.077549,28.841123,1.77,0.16,4.336226,2.726226,3.467271,3.307271
2019-10-24,3010.290039,135.09,133.69,22.283589,22.516942,4.487607,0.799862,69.878543,3.077549,28.841123,1.77,0.15,4.337607,2.717607,3.467271,3.317271
2019-10-25,3022.550049,135.09,133.69,22.374343,22.608647,4.469405,0.827768,71.145285,3.077549,28.841123,1.8,0.15,4.319405,2.669405,3.467271,3.317271
2019-10-28,3039.419922,135.09,133.69,22.499222,22.734834,4.444598,0.86625,73.017799,3.077549,28.841123,1.85,0.21,4.234598,2.594598,3.467271,3.257271
2019-10-29,3036.889893,135.09,133.69,22.480494,22.715909,4.448301,0.86013,72.78609,3.077549,28.841123,1.84,0.23,4.218301,2.608301,3.467271,3.237271
2019-10-30,3046.77002,135.09,133.69,22.553631,22.789812,4.433876,0.882533,73.686338,3.077549,28.841123,1.78,0.21,4.223876,2.653876,3.467271,3.257271
2019-10-31,3037.560059,135.09,133.69,22.485455,22.720922,4.447319,0.86105,72.848485,3.077549,28.841123,1.69,0.15,4.297319,2.757319,3.467271,3.317271
2019-11-01,3066.909912,137.28,133.69,22.340544,22.940459,4.476167,0.815754,70.436187,4.218438,29.836868,1.73,0.14,4.336167,2.746167,3.351558,3.211558
2019-11-04,3078.27002,137.28,133.69,22.423296,23.025432,4.459648,0.841175,71.982237,4.218438,29.836868,1.79,0.15,4.309648,2.669648,3.351558,3.201558
2019-11-05,3074.620117,137.28,133.69,22.396708,22.998131,4.464942,0.832629,71.347861,4.218438,29.836868,1.86,0.18,4.284942,2.604942,3.351558,3.171558
2019-11-06,3076.780029,137.28,133.69,22.412442,23.014287,4.461807,0.837231,71.722469,4.218438,29.836868,1.81,0.15,4.311807,2.651807,3.351558,3.201558
2019-11-07,3085.179932,137.28,133.69,22.47363,23.077118,4.449659,0.855947,72.701613,4.218438,29.836868,1.92,0.23,4.219659,2.529659,3.351558,3.121558
2019-11-08,3093.080078,137.28,133.69,22.531178,23.136211,4.438294,0.87352,73.518742,4.218438,29.836868,1.94,0.23,4.208294,2.498294,3.351558,3.121558
2019-11-11,3087.01001,137.28,133.69,22.486961,23.090807,4.447022,0.859477,72.92506,4.218438,29.836868,1.94,0.23,4.217022,2.507022,3.351558,3.121558
2019-11-12,3091.840088,137.28,133.69,22.522145,23.126936,4.440074,0.870105,73.378977,4.218438,29.836868,1.92,0.22,4.220074,2.520074,3.351558,3.131558
2019-11-13,3094.040039,137.28,133.69,22.53817,23.143392,4.436917,0.874775,73.550725,4.218438,29.836868,1.88,0.22,4.216917,2.556917,3.351558,3.131558
2019-11-14,3096.629883,137.28,133.69,22.557036,23.162764,4.433207,0.880324,73.923541,4.218438,29.836868,1.82,0.2,4.233207,2.613207,3.351558,3.151558
2019-11-15,3120.459961,137.28,132.9,22.730623,23.479759,4.399351,0.933932,76.267096,4.218438,29.836868,1.84,0.21,4.189351,2.559351,3.351558,3.141558
2019-11-18,3122.030029,137.28,132.9,22.74206,23.491573,4.397139,0.937133,76.357057,4.218438,29.836868,1.81,0.18,4.217139,2.587139,3.351558,3.171558
2019-11-19,3120.179932,137.28,132.9,22.728583,23.477652,4.399746,0.932593,76.205788,4.218438,29.836868,1.79,0.16,4.239746,2.609746,3.351558,3.191558
2019-11-20,3108.459961,137.28,132.9,22.643211,23.389465,4.416335,0.905721,75.010044,4.218438,29.836868,1.73,0.13,4.286335,2.686335,3.351558,3.221558
2019-11-21,3103.540039,137.28,132.9,22.607372,23.352446,4.423336,0.894256,74.337349,4.218438,29.836868,1.77,0.14,4.283336,2.653336,3.351558,3.211558
2019-11-22,3110.290039,137.28,132.9,22.656542,23.403236,4.413736,0.90921,75.190686,4.218438,29.836868,1.77,0.15,4.263736,2.643736,3.351558,3.201558
2019-11-25,3133.639893,137.28,132.9,22.826631,23.578931,4.380848,0.96172,76.966292,4.218438,29.836868,1.76,0.14,4.240848,2.620848,3.351558,3.211558
2019-11-26,3140.52002,137.28,132.9,22.876748,23.6307,4.371251,0.976919,77.176093,4.218438,29.836868,1.74,0.12,4.251251,2.631251,3.351558,3.231558
2019-11-27,3153.629883,137.28,132.9,22.972246,23.729344,4.353079,1.006204,77.546111,4.218438,29.836868,1.77,0.14,4.213079,2.583079,3.351558,3.211558
2019-11-29,3140.97998,137.28,132.9,22.880099,23.634161,4.37061,0.977171,77.154309,4.218438,29.836868,1.78,0.17,4.20061,2.59061,3.351558,3.181558
2019-12-02,3113.870117,139.47,132.9,22.326451,23.430174,4.478992,0.804767,69.63141,5.347836,30.331822,1.83,0.18,4.298992,2.648992,3.296868,3.116868
2019-12-03,3093.199951,139.47,132.9,22.178246,23.274642,4.508923,0.758445,67.360833,5.347836,30.331822,1.72,0.09,4.418923,2.788923,3.296868,3.206868
2019-12-04,3112.76001,139.47,132.9,22.318492,23.421821,4.48059,0.801793,69.535629,5.347836,30.331822,1.77,0.11,4.37059,2.71059,3.296868,3.186868
2019-12-05,3117.429932,139.47,132.9,22.351975,23.45696,4.473878,0.811936,70.148059,5.347836,30.331822,1.8,0.13,4.343878,2.673878,3.296868,3.166868
2019-12-06,3145.909912,139.47,132.9,22.556176,23.671256,4.433376,0.875135,73.6,5.347836,30.331822,1.84,0.15,4.283376,2.593376,3.296868,3.146868
2019-12-09,3135.959961,139.47,132.9,22.484835,23.596388,4.447442,0.852652,72.45102,5.347836,30.331822,1.83,0.14,4.307442,2.617442,3.296868,3.156868
2019-12-10,3132.52002,139.47,132.9,22.460171,23.570504,4.452326,0.844691,72.102318,5.347836,30.331822,1.85,0.14,4.312326,2.602326,3.296868,3.156868
2019-12-11,3141.629883,139.47,132.9,22.525489,23.639051,4.439415,0.864707,73.112265,5.347836,30.331822,1.79,0.1,4.339415,2.649415,3.296868,3.196868
2019-12-12,3168.570068,139.47,132.9,22.71865,23.841761,4.40167,0.924452,76.038339,5.347836,30.331822,1.9,0.18,4.22167,2.50167,3.296868,3.116868
2019-12-13,3168.800049,139.47,132.9,22.720299,23.843492,4.401351,0.924622,76.047904,5.347836,30.331822,1.82,0.12,4.281351,2.581351,3.296868,3.176868
2019-12-16,3191.449951,139.47,135.09,22.882698,23.62462,4.370114,0.974764,77.254589,5.347836,30.331822,1.89,0.16,4.210114,2.480114,3.296868,3.136868
2019-12-17,3192.52002,139.47,135.09,22.890371,23.632541,4.368649,0.97677,77.30355,5.347836,30.331822,1.89,0.14,4.228649,2.478649,3.296868,3.156868
2019-12-18,3191.139893,139.47,135.09,22.880475,23.622325,4.370539,0.973313,77.192982,5.347836,30.331822,1.92,0.16,4.210539,2.450539,3.296868,3.136868
2019-12-19,3205.370117,139.47,135.09,22.982506,23.727664,4.351136,1.004652,77.760064,5.347836,30.331822,1.92,0.15,4.201136,2.431136,3.296868,3.146868
2019-12-20,3221.219971,139.47,135.09,23.09615,23.844992,4.329726,1.039576,78.884462,5.347836,30.331822,1.92,0.15,4.179726,2.409726,3.296868,3.146868
2019-12-23,3224.01001,139.47,135.09,23.116154,23.865645,4.325979,1.045363,78.932696,5.347836,30.331822,1.93,0.18,4.145979,2.395979,3.296868,3.116868
2019-12-24,3223.379883,139.47,135.09,23.111636,23.860981,4.326825,1.043524,78.901274,5.347836,30.331822,1.9,0.15,4.176825,2.426825,3.296868,3.146868
2019-12-26,3239.909912,139.47,135.09,23.230156,23.983344,4.304749,1.079928,79.904497,5.347836,30.331822,1.9,0.16,4.144749,2.404749,3.296868,3.136868
2019-12-27,3240.02002,139.47,135.09,23.230946,23.984159,4.304603,1.079708,79.91249,5.347836,30.331822,1.88,0.15,4.154603,2.424603,3.296868,3.146868
2019-12-30,3221.290039,139.47,135.09,23.096652,23.845511,4.329632,1.037505,78.767396,5.347836,30.331822,1.9,0.15,4.179632,2.429632,3.296868,3.146868
2019-12-31,3230.780029,139.47,135.09,23.164695,23.91576,4.316914,1.058225,79.252782,5.347836,30.331822,1.92,0.15,4.166914,2.396914,3.296868,3.146868
2020-01-02,3257.850098,131.756667,135.09,24.726264,24.116146,4.044283,1.542915,99.006754,-0.977027,30.98522,1.88,0.08,3.964283,2.164283,3.227345,3.147345
2020-01-03,3234.850098,131.756667,135.09,24.5517,23.945889,4.073038,1.487681,97.934869,-0.977027,30.98522,1.8,0.03,4.043038,2.273038,3.227345,3.197345
2020-01-06,3246.280029,131.756667,135.09,24.63845,24.030498,4.058697,1.513661,98.37237,-0.977027,30.98522,1.81,0.06,3.998697,2.248697,3.227345,3.167345
2020-01-07,3237.179932,131.756667,135.09,24.569382,23.963135,4.070106,1.491239,98.055556,-0.977027,30.98522,1.83,0.09,3.980106,2.240106,3.227345,3.137345
2020-01-08,3253.050049,131.756667,135.09,24.689833,24.080613,4.05025,1.527523,98.650794,-0.977027,30.98522,1.87,0.12,3.93025,2.18025,3.227345,3.107345
2020-01-09,3274.699951,131.756667,135.09,24.85415,24.240876,4.023473,1.577338,99.52381,-0.977027,30.98522,1.85,0.11,3.913473,2.173473,3.227345,3.117345
2020-01-10,3265.350098,131.756667,135.09,24.783187,24.171664,4.034994,1.55413,99.246032,-0.977027,30.98522,1.83,0.07,3.964994,2.204994,3.227345,3.157345
2020-01-13,3288.129883,131.756667,135.09,24.95608,24.340291,4.00704,1.606521,99.563492,-0.977027,30.98522,1.85,0.08,3.92704,2.15704,3.227345,3.147345
2020-01-14,3283.149902,131.756667,135.09,24.918283,24.303427,4.013118,1.593575,99.484127,-0.977027,30.98522,1.82,0.05,3.963118,2.193118,3.227345,3.177345
2020-01-15,3289.290039,131.756667,137.28,24.964885,23.960446,4.005626,1.606782,99.563492,-0.977027,30.98522,1.79,0.04,3.965626,2.215626,3.227345,3.187345
2020-01-16,3316.810059,131.756667,137.28,25.173755,24.160912,3.972391,1.670098,99.68254,-0.977027,30.98522,1.81,0.07,3.902391,2.162391,3.227345,3.157345
2020-01-17,3329.620117,131.756667,137.28,25.27098,24.254226,3.957108,1.698779,99.722222,-0.977027,30.98522,1.84,0.09,3.867108,2.117108,3.227345,3.137345
2020-01-21,3320.790039,131.756667,137.28,25.203962,24.189904,3.96763,1.676661,99.642857,-0.977027,30.98522,1.78,0.04,3.92763,2.18763,3.227345,3.187345
2020-01-22,3321.75,131.756667,137.28,25.211248,24.196897,3.966484,1.677492,99.642857,-0.977027,30.98522,1.77,0.05,3.916484,2.196484,3.227345,3.177345
2020-01-23,3325.540039,131.756667,137.28,25.240013,24.224505,3.961963,1.685001,99.642857,-0.977027,30.98522,1.74,0.04,3.921963,2.221963,3.227345,3.187345
2020-01-24,3295.469971,131.756667,137.28,25.011789,24.005463,3.998115,1.613181,99.365079,-0.977027,30.98522,1.7,0.02,3.978115,2.298115,3.227345,3.207345
2020-01-27,3243.629883,131.756667,137.28,24.618336,23.62784,4.062013,1.490507,97.738095,-0.977027,30.98522,1.61,-0.02,4.082013,2.452013,3.227345,3.247345
2020-01-28,3276.23999,131.756667,137.28,24.865838,23.865385,4.021582,1.565584,99.166667,-0.977027,30.98522,1.65,0.0,4.021582,2.371582,3.227345,3.227345
2020-01-29,3273.399902,131.756667,137.28,24.844283,23.844696,4.025071,1.557617,99.007937,-0.977027,30.98522,1.6,-0.04,4.065071,2.425071,3.227345,3.267345
2020-01-30,3283.659912,131.756667,137.28,24.922154,23.919434,4.012494,1.580268,99.206349,-0.977027,30.98522,1.57,-0.07,4.082494,2.442494,3.227345,3.297345
2020-01-31,3225.52002,131.756667,137.28,24.480887,23.495921,4.084819,1.443106,96.865079,-0.977027,30.98522,1.51,-0.14,4.224819,2.574819,3.227345,3.367345
2020-02-03,3248.919922,124.043333,137.28,26.191814,23.666375,3.817987,1.968116,100.0,-7.238826,30.729689,1.54,-0.09,3.907987,2.277987,3.254182,3.344182
2020-02-04,3297.590088,124.043333,137.28,26.584178,24.020907,3.761636,2.086307,100.0,-7.238826,30.729689,1.61,-0.03,3.791636,2.151636,3.254182,3.284182
2020-02-05,3334.689941,124.043333,137.28,26.883266,24.291156,3.719786,2.175343,100.0,-7.238826,30.729689,1.66,0.0,3.719786,2.059786,3.254182,3.254182
2020-02-06,3345.780029,124.043333,137.28,26.972671,24.371941,3.707456,2.199773,100.0,-7.238826,30.729689,1.65,-0.02,3.727456,2.057456,3.254182,3.274182
2020-02-07,3327.709961,124.043333,137.28,26.826996,24.240311,3.727588,2.152129,99.920635,-7.238826,30.729689,1.59,-0.07,3.797588,2.137588,3.254182,3.324182
2020-02-10,3352.090088,124.043333,137.28,27.023541,24.417906,3.700477,2.209323,100.0,-7.238826,30.729689,1.56,-0.1,3.800477,2.140477,3.254182,3.354182
2020-02-11,3357.75,124.043333,137.28,27.069169,24.459135,3.69424,2.220163,100.0,-7.238826,30.729689,1.59,-0.06,3.75424,2.10424,3.254182,3.314182
2020-02-12,3379.449951,124.043333,137.28,27.244108,24.617205,3.670518,2.27042,100.0,-7.238826,30.729689,1.62,-0.04,3.710518,2.050518,3.254182,3.294182
2020-02-13,3373.939941,124.043333,137.28,27.199688,24.577068,3.676513,2.253573,99.960317,-7.238826,30.729689,1.61,-0.06,3.736513,2.066513,3.254182,3.314182
2020-02-14,3380.159912,124.043333,139.47,27.249831,24.235749,3.669747,2.265599,100.0,-7.238826,30.729689,1.59,-0.07,3.739747,2.079747,3.254182,3.324182
2020-02-18,3370.290039,124.043333,139.47,27.170263,24.164982,3.680494,2.238101,99.880952,-7.238826,30.729689,1.55,-0.1,3.780494,2.130494,3.254182,3.354182
2020-02-19,3386.149902,124.043333,139.47,27.298121,24.278697,3.663256,2.273779,100.0,-7.238826,30.729689,1.56,-0.09,3.753256,2.103256,3.254182,3.344182
2020-02-20,3373.22998,124.043333,139.47,27.193964,24.186061,3.677287,2.238844,99.84127,-7.238826,30.729689,1.52,-0.11,3.787287,2.157287,3.254182,3.364182
2020-02-21,3337.75,124.043333,139.47,26.907935,23.93167,3.716376,2.148869,99.642857,-7.238826,30.729689,1.46,-0.15,3.866376,2.256376,3.254182,3.404182
2020-02-24,3225.889893,124.043333,139.47,26.006153,23.129633,3.845244,1.872465,99.444444,-7.238826,30.729689,1.38,-0.21,4.055244,2.465244,3.254182,3.464182
2020-02-25,3128.209961,124.043333,139.47,25.218687,22.429268,3.965314,1.631537,99.007937,-7.238826,30.729689,1.33,-0.2,4.165314,2.635314,3.254182,3.454182
2020-02-26,3116.389893,124.043333,139.47,25.123397,22.344518,3.980353,1.601073,98.809524,-7.238826,30.729689,1.33,-0.21,4.190353,2.650353,3.254182,3.464182
2020-02-27,2978.76001,124.043333,139.47,24.013866,21.357711,4.164261,1.263181,92.777778,-7.238826,30.729689,1.3,-0.23,4.394261,2.864261,3.254182,3.484182
2020-02-28,2954.219971,124.043333,139.47,23.816032,21.181759,4.198852,1.202234,89.960317,-7.238826,30.729689,1.13,-0.28,4.478852,3.068852,3.254182,3.534182
2020-03-02,3090.22998,116.33,139.47,26.564343,22.156951,3.764445,2.033715,99.484127,-13.4385,24.817169,1.1,-0.31,4.074445,2.664445,4.029468,4.339468
2020-03-03,3003.370117,116.33,139.47,25.817675,21.534166,3.873315,1.805355,99.365079,-13.4385,24.817169,1.02,-0.43,4.303315,2.853315,4.029468,4.459468
2020-03-04,3130.120117,116.33,139.47,26.907248,22.442963,3.716471,2.132658,99.603175,-13.4385,24.817169,1.02,-0.44,4.156471,2.696471,4.029468,4.469468
2020-03-05,3023.939941,116.33,139.47,25.994498,21.681652,3.846968,1.854198,99.325397,-13.4385,24.817169,0.92,-0.48,4.326968,2.926968,4.029468,4.509468
2020-03-06,2972.370117,116.33,139.47,25.551192,21.311896,3.913712,1.718264,99.206349,-13.4385,24.817169,0.74,-0.57,4.483712,3.173712,4.029468,4.599468
2020-03-09,2746.560059,116.33,139.47,23.610075,19.692838,4.23548,1.130386,85.714286,-13.4385,24.817169,0.54,-0.45,4.68548,3.69548,4.029468,4.479468
2020-03-10,2882.22998,116.33,139.47,24.776326,20.665591,4.036111,1.481656,97.857143,-13.4385,24.817169,0.76,-0.24,4.276111,3.276111,4.029468,4.269468
2020-03-11,2741.379883,116.33,139.47,23.565545,19.655696,4.243483,1.114902,84.642857,-13.4385,24.817169,0.82,-0.14,4.383483,3.423483,4.029468,4.169468
2020-03-12,2480.639893,116.33,139.47,21.324163,17.78619,4.689516,0.437344,56.865079,-13.4385,24.817169,0.88,-0.04,4.729516,3.809516,4.029468,4.069468
2020-03-13,2711.02002,116.33,139.47,23.304565,19.438015,4.291005,1.034981,79.047619,-13.4385,24.817169,0.94,0.04,4.251005,3.351005,4.029468,3.989468
2020-03-16,2386.129883,116.33,131.756667,20.511733,18.110126,4.875259,0.191099,51.547619,-13.4385,24.817169,0.73,0.0,4.875259,4.145259,4.029468,4.029468
2020-03-17,2529.189941,116.33,131.756667,21.741511,19.195916,4.599496,0.562239,60.436508,-13.4385,24.817169,1.02,0.39,4.209496,3.579496,4.029468,3.639468
2020-03-18,2398.100098,116.33,131.756667,20.614632,18.200977,4.850923,0.221624,51.785714,-13.4385,24.817169,1.18,0.55,4.300923,3.670923,4.029468,3.479468
2020-03-19,2409.389893,116.33,131.756667,20.711681,18.286664,4.828193,0.25074,52.261905,-13.4385,24.817169,1.12,0.62,4.208193,3.708193,4.029468,3.409468
2020-03-20,2304.919922,116.33,131.756667,19.813633,17.493763,5.04703,-0.020626,48.095238,-13.4385,24.817169,0.92,0.17,4.87703,4.12703,4.029468,3.859468
2020-03-23,2237.399902,116.33,131.756667,19.233215,16.981303,5.199339,-0.195975,46.547619,-13.4385,24.817169,0.76,-0.04,5.239339,4.439339,4.029468,4.069468
2020-03-24,2447.330078,116.33,131.756667,21.037824,18.57462,4.753343,0.34893,54.642857,-13.4385,24.817169,0.84,-0.13,4.883343,3.913343,4.029468,4.159468
2020-03-25,2475.560059,116.33,131.756667,21.280496,18.788879,4.699139,0.421969,56.309524,-13.4385,24.817169,0.88,-0.19,4.889139,3.819139,4.029468,4.219468
2020-03-26,2630.070068,116.33,131.756667,22.6087,19.961571,4.423076,0.822683,71.984127,-13.4385,24.817169,0.83,-0.24,4.663076,3.593076,4.029468,4.269468
2020-03-27,2541.469971,116.33,131.756667,21.847073,19.289119,4.577272,0.592286,61.150794,-13.4385,24.817169,0.72,-0.22,4.797272,3.857272,4.029468,4.249468
2020-03-30,2626.649902,116.33,131.756667,22.579299,19.935613,4.428835,0.812921,71.666667,-13.4385,24.817169,0.7,-0.25,4.678835,3.728835,4.029468,4.279468
2020-03-31,2584.590088,116.33,131.756667,22.217743,19.616389,4.500907,0.703307,65.436508,-13.4385,24.817169,0.7,-0.17,4.670907,3.800907,4.029468,4.199468
2020-04-01,2470.5,110.63,131.756667,22.331194,18.750474,4.478041,0.737121,67.261905,-17.859176,25.927359,0.62,-0.29,4.768041,3.858041,3.85693,4.14693
2020-04-02,2526.899902,110.63,131.756667,22.841001,19.178535,4.378092,0.890482,74.761905,-17.859176,25.927359,0.63,-0.4,4.778092,3.748092,3.85693,4.25693
2020-04-03,2488.649902,110.63,131.756667,22.495254,18.888228,4.445382,0.785623,70.198413,-17.859176,25.927359,0.62,-0.46,4.905382,3.825382,3.85693,4.31693
2020-04-06,2663.679932,110.63,131.756667,24.077374,20.216661,4.153277,1.262169,93.293651,-17.859176,25.927359,0.67,-0.47,4.623277,3.483277,3.85693,4.32693
2020-04-07,2659.409912,110.63,131.756667,24.038777,20.184253,4.159945,1.249538,92.97619,-17.859176,25.927359,0.75,-0.42,4.579945,3.409945,3.85693,4.27693
2020-04-08,2749.97998,110.63,131.756667,24.857453,20.871657,4.022938,1.495156,98.214286,-17.859176,25.927359,0.77,-0.42,4.442938,3.252938,3.85693,4.27693
2020-04-09,2789.820068,110.63,131.756667,25.217573,21.174033,3.965489,1.602196,98.769841,-17.859176,25.927359,0.73,-0.5,4.465489,3.235489,3.85693,4.35693
2020-04-13,2761.629883,110.63,131.756667,24.962758,20.960077,4.005968,1.523991,98.373016,-17.859176,25.927359,0.76,-0.5,4.505968,3.245968,3.85693,4.35693
2020-04-14,2846.060059,110.63,131.756667,25.725934,21.600881,3.887128,1.752058,99.246032,-17.859176,25.927359,0.76,-0.53,4.417128,3.127128,3.85693,4.38693
2020-04-15,2783.360107,110.63,131.756667,25.15918,21.125004,3.974692,1.579921,98.571429,-17.859176,25.927359,0.63,-0.56,4.534692,3.344692,3.85693,4.41693
2020-04-16,2799.550049,110.63,124.043333,25.305523,22.56913,3.951706,1.622385,98.928571,-17.859176,25.927359,0.61,-0.42,4.371706,3.341706,3.85693,4.27693
2020-04-17,2874.560059,110.63,124.043333,25.983549,23.173838,3.848589,1.824327,99.285714,-17.859176,25.927359,0.65,-0.36,4.208589,3.198589,3.85693,4.21693
2020-04-20,2823.159912,110.63,124.043333,25.518936,22.759465,3.918659,1.682986,99.047619,-17.859176,25.927359,0.63,-0.31,4.228659,3.288659,3.85693,4.16693
2020-04-21,2736.560059,110.63,124.043333,24.736148,22.061323,4.042667,1.44655,97.261905,-17.859176,25.927359,0.58,-0.38,4.422667,3.462667,3.85693,4.23693
2020-04-22,2799.310059,110.63,124.043333,25.303354,22.567195,3.952045,1.615321,98.809524,-17.859176,25.927359,0.63,-0.43,4.382045,3.322045,3.85693,4.28693
2020-04-23,2797.800049,110.63,124.043333,25.289705,22.555022,3.954178,1.609682,98.769841,-17.859176,25.927359,0.61,-0.44,4.394178,3.344178,3.85693,4.29693
2020-04-24,2836.73999,110.63,124.043333,25.641688,22.868944,3.899899,1.713523,99.126984,-17.859176,25.927359,0.6,-0.51,4.409899,3.299899,3.85693,4.36693
2020-04-27,2878.47998,110.63,124.043333,26.018982,23.205439,3.843348,1.824644,99.365079,-17.859176,25.927359,0.67,-0.5,4.343348,3.173348,3.85693,4.35693
2020-04-28,2863.389893,110.63,124.043333,25.882581,23.083787,3.863602,1.781881,99.206349,-17.859176,25.927359,0.62,-0.52,4.383602,3.243602,3.85693,4.37693
2020-04-29,2939.51001,110.63,124.043333,26.570641,23.697445,3.763552,1.985508,99.444444,-17.859176,25.927359,0.63,-0.51,4.273552,3.133552,3.85693,4.36693
2020-04-30,2912.429932,110.63,124.043333,26.32586,23.479133,3.798546,1.910031,99.365079,-17.859176,25.927359,0.64,-0.43,4.228546,3.158546,3.85693,4.28693
2020-05-01,2830.709961,104.93,124.043333,26.977127,22.820331,3.706844,2.101999,99.68254,-22.260638,27.328481,0.64,-0.42,4.126844,3.066844,3.659186,4.079186
2020-05-04,2842.73999,104.93,124.043333,27.091775,22.917314,3.691157,2.133402,99.761905,-22.260638,27.328481,0.64,-0.43,4.121157,3.051157,3.659186,4.089186
2020-05-05,2868.439941,104.93,124.043333,27.3367,23.124499,3.658086,2.203421,100.0,-22.260638,27.328481,0.66,-0.44,4.098086,2.998086,3.659186,4.099186
2020-05-06,2848.419922,104.93,124.043333,27.145906,22.963104,3.683797,2.143624,99.722222,-22.260638,27.328481,0.72,-0.38,4.063797,2.963797,3.659186,4.039186
2020-05-07,2881.189941,104.93,124.043333,27.45821,23.227286,3.641898,2.233486,100.0,-22.260638,27.328481,0.63,-0.45,4.091898,3.011898,3.659186,4.109186
2020-05-08,2929.800049,104.93,124.043333,27.921472,23.619166,3.581473,2.367732,100.0,-22.260638,27.328481,0.69,-0.43,4.011473,2.891473,3.659186,4.089186
2020-05-11,2930.189941,104.93,124.043333,27.925188,23.622309,3.580997,2.365241,100.0,-22.260638,27.328481,0.73,-0.4,3.980997,2.850997,3.659186,4.059186
2020-05-12,2870.120117,104.93,124.043333,27.352712,23.138044,3.655945,2.192197,99.880952,-22.260638,27.328481,0.69,-0.4,4.055945,2.965945,3.659186,4.059186
2020-05-13,2820.0,104.93,124.043333,26.87506,22.733991,3.720922,2.047812,99.206349,-22.260638,27.328481,0.64,-0.43,4.150922,3.080922,3.659186,4.089186
2020-05-14,2852.5,104.93,124.043333,27.18479,22.995996,3.678528,2.136809,99.603175,-22.260638,27.328481,0.63,-0.43,4.108528,3.048528,3.659186,4.089186
2020-05-15,2863.699951,104.93,116.33,27.291527,24.617037,3.664141,2.165476,99.761905,-22.260638,27.328481,0.64,-0.45,4.114141,3.024141,3.659186,4.109186
2020-05-18,2953.909912,104.93,116.33,28.151243,25.392503,3.552241,2.41621,100.0,-22.260638,27.328481,0.73,-0.44,3.992241,2.822241,3.659186,4.099186
2020-05-19,2922.939941,104.93,116.33,27.856094,25.126278,3.589879,2.325448,99.880952,-22.260638,27.328481,0.7,-0.45,4.039879,2.889879,3.659186,4.109186
2020-05-20,2971.610107,104.93,116.33,28.319929,25.544658,3.531082,2.458547,100.0,-22.260638,27.328481,0.68,-0.48,4.011082,2.851082,3.659186,4.139186
2020-05-21,2948.51001,104.93,116.33,28.099781,25.346085,3.558747,2.389894,99.920635,-22.260638,27.328481,0.68,-0.46,4.018747,2.878747,3.659186,4.119186
2020-05-22,2955.449951,104.93,116.33,28.16592,25.405742,3.55039,2.405675,99.960317,-22.260638,27.328481,0.66,-0.46,4.01039,2.89039,3.659186,4.119186
2020-05-26,2991.77002,104.93,116.33,28.512056,25.717958,3.507288,2.503645,100.0,-22.260638,27.328481,0.69,-0.44,3.947288,2.817288,3.659186,4.099186
2020-05-27,3036.129883,104.93,116.33,28.934813,26.099286,3.456045,2.623517,100.0,-22.260638,27.328481,0.68,-0.46,3.916045,2.776045,3.659186,4.119186
2020-05-28,3029.72998,104.93,116.33,28.87382,26.04427,3.463345,2.601194,99.960317,-22.260638,27.328481,0.7,-0.48,3.943345,2.763345,3.659186,4.139186
2020-05-29,3044.310059,104.93,116.33,29.012771,26.169604,3.446758,2.637435,100.0,-22.260638,27.328481,0.65,-0.5,3.946758,2.796758,3.659186,4.159186
2020-06-01,3055.72998,99.23,116.33,30.794417,26.267773,3.247342,3.152676,100.0,-26.64301,28.838316,0.66,-0.52,3.767342,2.587342,3.467609,3.987609
2020-06-02,3080.820068,99.23,116.33,31.047265,26.483453,3.220896,3.218928,100.0,-26.64301,28.838316,0.68,-0.5,3.720896,2.540896,3.467609,3.967609
2020-06-03,3122.870117,99.23,116.33,31.471028,26.844925,3.177526,3.334258,100.0,-26.64301,28.838316,0.77,-0.44,3.617526,2.407526,3.467609,3.907609
2020-06-04,3112.350098,99.23,116.33,31.365012,26.754492,3.188266,3.295362,99.960317,-26.64301,28.838316,0.82,-0.4,3.588266,2.368266,3.467609,3.867609
2020-06-05,3193.929932,99.23,116.33,32.18714,27.455772,3.106831,3.524874,100.0,-26.64301,28.838316,0.91,-0.36,3.466831,2.196831,3.467609,3.827609
2020-06-08,3232.389893,99.23,116.33,32.574724,27.786383,3.069865,3.626845,100.0,-26.64301,28.838316,0.88,-0.4,3.469865,2.189865,3.467609,3.867609
2020-06-09,3207.179932,99.23,116.33,32.320668,27.569672,3.093995,3.543526,99.960317,-26.64301,28.838316,0.84,-0.42,3.513995,2.253995,3.467609,3.887609
2020-06-10,3190.139893,99.23,116.33,32.148946,27.423192,3.110522,3.484691,99.880952,-26.64301,28.838316,0.75,-0.52,3.630522,2.360522,3.467609,3.987609
2020-06-11,3002.100098,99.23,116.33,30.253956,25.806757,3.305353,2.932303,99.68254,-26.64301,28.838316,0.66,-0.55,3.855353,2.645353,3.467609,4.017609
2020-06-12,3041.310059,99.23,116.33,30.649099,26.143816,3.262739,3.039765,99.68254,-26.64301,28.838316,0.71,-0.5,3.762739,2.552739,3.467609,3.967609
2020-06-15,3066.590088,99.23,110.63,30.903861,27.719336,3.235842,3.106156,99.722222,-26.64301,28.838316,0.71,-0.52,3.755842,2.525842,3.467609,3.987609
2020-06-16,3124.73999,99.23,110.63,31.489872,28.244961,3.175624,3.266511,99.84127,-26.64301,28.838316,0.75,-0.52,3.695624,2.425624,3.467609,3.987609
2020-06-17,3113.48999,99.23,110.63,31.376499,28.14327,3.187099,3.226392,99.761905,-26.64301,28.838316,0.74,-0.52,3.707099,2.447099,3.467609,3.987609
2020-06-18,3115.340088,99.23,110.63,31.395143,28.159994,3.185206,3.224008,99.761905,-26.64301,28.838316,0.71,-0.57,3.755206,2.475206,3.467609,4.037609
2020-06-19,3097.73999,99.23,110.63,31.217777,28.000904,3.203303,3.166019,99.642857,-26.64301,28.838316,0.7,-0.6,3.803303,2.503303,3.467609,4.067609
2020-06-22,3117.860107,99.23,110.63,31.420539,28.182772,3.182632,3.216136,99.761905,-26.64301,28.838316,0.71,-0.63,3.812632,2.472632,3.467609,4.097609
2020-06-23,3131.290039,99.23,110.63,31.555881,28.304167,3.168981,3.246762,99.84127,-26.64301,28.838316,0.72,-0.66,3.828981,2.448981,3.467609,4.127609
2020-06-24,3050.330078,99.23,110.63,30.739999,27.572359,3.253091,3.008695,99.404762,-26.64301,28.838316,0.69,-0.64,3.893091,2.563091,3.467609,4.107609
2020-06-25,3083.76001,99.23,110.63,31.076892,27.874537,3.217825,3.097335,99.52381,-26.64301,28.838316,0.68,-0.65,3.867825,2.537825,3.467609,4.117609
2020-06-26,3009.050049,99.23,110.63,30.323995,27.199223,3.297718,2.878622,99.285714,-26.64301,28.838316,0.64,-0.68,3.977718,2.657718,3.467609,4.147609
2020-06-29,3053.23999,99.23,110.63,30.769324,27.598662,3.24999,2.998264,99.365079,-26.64301,28.838316,0.64,-0.7,3.94999,2.60999,3.467609,4.167609
2020-06-30,3100.290039,99.23,110.63,31.243475,28.023954,3.200668,3.125107,99.563492,-26.64301,28.838316,0.66,-0.68,3.880668,2.540668,3.467609,4.147609
2020-07-01,3115.860107,98.893333,110.63,31.507282,28.164694,3.173869,3.192073,99.801587,-26.462423,29.599195,0.69,-0.68,3.853869,2.483869,3.37847,4.05847
2020-07-02,3130.01001,98.893333,110.63,31.650364,28.292597,3.159521,3.224919,99.84127,-26.462423,29.599195,0.68,-0.73,3.889521,2.479521,3.37847,4.10847
2020-07-06,3179.719971,98.893333,110.63,32.153027,28.741932,3.110127,3.357826,99.880952,-26.462423,29.599195,0.69,-0.76,3.870127,2.420127,3.37847,4.13847
2020-07-07,3145.320068,98.893333,110.63,31.805178,28.430987,3.144142,3.253013,99.801587,-26.462423,29.599195,0.65,-0.78,3.924142,2.494142,3.37847,4.15847
2020-07-08,3169.939941,98.893333,110.63,32.054132,28.653529,3.119723,3.314931,99.801587,-26.462423,29.599195,0.67,-0.75,3.869723,2.449723,3.37847,4.12847
2020-07-09,3152.050049,98.893333,110.63,31.873231,28.49182,3.137429,3.257037,99.761905,-26.462423,29.599195,0.62,-0.77,3.907429,2.517429,3.37847,4.14847
2020-07-10,3185.040039,98.893333,110.63,32.206823,28.790021,3.104932,3.341904,99.920635,-26.462423,29.599195,0.65,-0.76,3.864932,2.454932,3.37847,4.13847
2020-07-13,3155.219971,98.893333,110.63,31.905285,28.520473,3.134277,3.250429,99.722222,-26.462423,29.599195,0.64,-0.78,3.914277,2.494277,3.37847,4.15847
2020-07-14,3197.52002,98.893333,110.63,32.333019,28.902829,3.092814,3.36088,99.960317,-26.462423,29.599195,0.63,-0.78,3.872814,2.462814,3.37847,4.15847
2020-07-15,3226.560059,98.893333,104.93,32.626669,30.749643,3.064977,3.433419,100.0,-26.462423,29.599195,0.64,-0.77,3.834977,2.424977,3.37847,4.14847
2020-07-16,3215.570068,98.893333,104.93,32.515539,30.644907,3.075453,3.394009,99.920635,-26.462423,29.599195,0.62,-0.79,3.865453,2.455453,3.37847,4.16847
2020-07-17,3224.72998,98.893333,104.93,32.608164,30.732202,3.066717,3.410796,99.960317,-26.462423,29.599195,0.64,-0.82,3.886717,2.426717,3.37847,4.19847
2020-07-20,3251.840088,98.893333,104.93,32.882298,30.990566,3.04115,3.477054,100.0,-26.462423,29.599195,0.62,-0.84,3.88115,2.42115,3.37847,4.21847
2020-07-21,3257.300049,98.893333,104.93,32.937509,31.0426,3.036052,3.483084,100.0,-26.462423,29.599195,0.61,-0.87,3.906052,2.426052,3.37847,4.24847
2020-07-22,3276.02002,98.893333,104.93,33.126804,31.221005,3.018704,3.525518,100.0,-26.462423,29.599195,0.6,-0.88,3.898704,2.418704,3.37847,4.25847
2020-07-23,3235.659912,98.893333,104.93,32.718686,30.836366,3.056357,3.405096,99.880952,-26.462423,29.599195,0.59,-0.9,3.956357,2.466357,3.37847,4.27847
2020-07-24,3215.629883,98.893333,104.93,32.516144,30.645477,3.075395,3.341575,99.722222,-26.462423,29.599195,0.59,-0.92,3.995395,2.485395,3.37847,4.29847
2020-07-27,3239.409912,98.893333,104.93,32.756606,30.872104,3.052819,3.398455,99.880952,-26.462423,29.599195,0.62,-0.9,3.952819,2.432819,3.37847,4.27847
2020-07-28,3218.439941,98.893333,104.93,32.544559,30.672257,3.07271,3.332464,99.68254,-26.462423,29.599195,0.59,-0.92,3.99271,2.48271,3.37847,4.29847
2020-07-29,3258.439941,98.893333,104.93,32.949036,31.053464,3.03499,3.433289,99.960317,-26.462423,29.599195,0.58,-0.95,3.98499,2.45499,3.37847,4.32847
2020-07-30,3246.219971,98.893333,104.93,32.825468,30.937005,3.046415,3.391059,99.84127,-26.462423,29.599195,0.55,-0.97,4.016415,2.496415,3.37847,4.34847
2020-07-31,3271.120117,98.893333,104.93,33.077256,31.174308,3.023225,3.450043,99.960317,-26.462423,29.599195,0.55,-1.0,4.023225,2.473225,3.37847,4.37847
2020-08-03,3294.610107,98.556667,104.93,33.428587,31.398171,2.991452,3.535139,100.0,-26.279702,31.158209,0.56,-1.02,4.011452,2.431452,3.209427,4.229427
2020-08-04,3306.51001,98.556667,104.93,33.549329,31.511579,2.980686,3.557745,100.0,-26.279702,31.158209,0.52,-1.05,4.030686,2.460686,3.209427,4.259427
2020-08-05,3327.77002,98.556667,104.93,33.765042,31.714191,2.961643,3.60543,100.0,-26.279702,31.158209,0.55,-1.06,4.021643,2.411643,3.209427,4.269427
2020-08-06,3349.159912,98.556667,104.93,33.982074,31.91804,2.942728,3.652978,100.0,-26.279702,31.158209,0.55,-1.08,4.022728,2.392728,3.209427,4.289427
2020-08-07,3351.280029,98.556667,104.93,34.003585,31.938245,2.940866,3.648099,100.0,-26.279702,31.158209,0.57,-1.04,3.980866,2.370866,3.209427,4.249427
2020-08-10,3360.469971,98.556667,104.93,34.096831,32.025826,2.932824,3.662237,100.0,-26.279702,31.158209,0.59,-1.02,3.952824,2.342824,3.209427,4.229427
2020-08-11,3333.689941,98.556667,104.93,33.825108,31.770608,2.956384,3.579847,99.880952,-26.279702,31.158209,0.64,-0.99,3.946384,2.316384,3.209427,4.199427
2020-08-12,3380.350098,98.556667,104.93,34.298543,32.215287,2.915576,3.694558,100.0,-26.279702,31.158209,0.69,-0.98,3.895576,2.225576,3.209427,4.189427
2020-08-13,3373.429932,98.556667,104.93,34.228328,32.149337,2.921557,3.66521,99.960317,-26.279702,31.158209,0.71,-0.96,3.881557,2.211557,3.209427,4.169427
2020-08-14,3372.850098,98.556667,104.93,34.222445,32.143811,2.922059,3.653171,99.920635,-26.279702,31.158209,0.71,-0.94,3.862059,2.212059,3.209427,4.149427
2020-08-17,3381.98999,98.556667,99.23,34.315182,34.082334,2.914162,3.667057,100.0,-26.279702,31.158209,0.69,-0.97,3.884162,2.224162,3.209427,4.179427
2020-08-18,3389.780029,98.556667,99.23,34.394223,34.160839,2.907465,3.677224,100.0,-26.279702,31.158209,0.67,-1.01,3.917465,2.237465,3.209427,4.219427
2020-08-19,3374.850098,98.556667,99.23,34.242738,34.010381,2.920327,3.627243,99.880952,-26.279702,31.158209,0.68,-0.99,3.910327,2.240327,3.209427,4.199427
2020-08-20,3385.51001,98.556667,99.23,34.350898,34.117807,2.911132,3.645122,99.960317,-26.279702,31.158209,0.65,-0.97,3.881132,2.261132,3.209427,4.179427
2020-08-21,3397.159912,98.556667,99.23,34.469103,34.23521,2.901149,3.665385,100.0,-26.279702,31.158209,0.64,-1.0,3.901149,2.261149,3.209427,4.209427
2020-08-24,3431.280029,98.556667,99.23,34.815301,34.579059,2.8723,3.74444,100.0,-26.279702,31.158209,0.65,-1.02,3.8923,2.2223,3.209427,4.229427
2020-08-25,3443.620117,98.556667,99.23,34.940509,34.703417,2.862008,3.765663,100.0,-26.279702,31.158209,0.69,-1.01,3.872008,2.172008,3.209427,4.219427
2020-08-26,3478.72998,98.556667,99.23,35.296749,35.057241,2.833122,3.846044,100.0,-26.279702,31.158209,0.69,-1.03,3.863122,2.143122,3.209427,4.239427
2020-08-27,3484.550049,98.556667,99.23,35.355802,35.115893,2.82839,3.84938,100.0,-26.279702,31.158209,0.74,-0.99,3.81839,2.08839,3.209427,4.199427
2020-08-28,3508.01001,98.556667,99.23,35.593838,35.352313,2.809475,3.89839,100.0,-26.279702,31.158209,0.74,-1.03,3.839475,2.069475,3.209427,4.239427
2020-08-31,3500.310059,98.556667,99.23,35.515711,35.274716,2.815655,3.86622,99.960317,-26.279702,31.158209,0.72,-1.08,3.895655,2.095655,3.209427,4.289427
2020-09-01,3526.649902,98.22,99.23,35.905619,35.540158,2.785079,3.953317,100.0,-26.094808,30.839426,0.68,-1.08,3.865079,2.105079,3.242603,4.322603
2020-09-02,3580.840088,98.22,99.23,36.457342,36.086265,2.742932,4.080428,100.0,-26.094808,30.839426,0.66,-1.07,3.812932,2.082932,3.242603,4.312603
2020-09-03,3455.060059,98.22,99.23,35.176747,34.818705,2.842787,3.742577,99.761905,-26.094808,30.839426,0.63,-1.02,3.862787,2.212787,3.242603,4.262603
2020-09-04,3426.959961,98.22,99.23,34.890653,34.535523,2.866097,3.659359,99.68254,-26.094808,30.839426,0.72,-0.98,3.846097,2.146097,3.242603,4.222603
2020-09-08,3331.840088,98.22,99.23,33.922216,33.576943,2.947921,3.404827,99.166667,-26.094808,30.839426,0.69,-0.99,3.937921,2.257921,3.242603,4.232603
2020-09-09,3398.959961,98.22,99.23,34.605579,34.25335,2.889707,3.568292,99.603175,-26.094808,30.839426,0.71,-1.0,3.889707,2.179707,3.242603,4.242603
2020-09-10,3339.189941,98.22,99.23,33.997047,33.651012,2.941432,3.405807,99.166667,-26.094808,30.839426,0.68,-1.01,3.951432,2.261432,3.242603,4.252603
2020-09-11,3340.969971,98.22,99.23,34.01517,33.668951,2.939865,3.401838,99.206349,-26.094808,30.839426,0.67,-0.98,3.919865,2.269865,3.242603,4.222603
2020-09-14,3383.540039,98.22,98.893333,34.448585,34.214036,2.902877,3.501763,99.52381,-26.094808,30.839426,0.68,-0.97,3.872877,2.222877,3.242603,4.212603
2020-09-15,3401.199951,98.22,98.893333,34.628385,34.392611,2.887804,3.537389,99.603175,-26.094808,30.839426,0.68,-0.99,3.877804,2.207804,3.242603,4.232603
2020-09-16,3385.48999,98.22,98.893333,34.468438,34.233754,2.901205,3.487979,99.484127,-26.094808,30.839426,0.69,-0.99,3.891205,2.211205,3.242603,4.232603
2020-09-17,3357.01001,98.22,98.893333,34.178477,33.945767,2.925818,3.406689,99.126984,-26.094808,30.839426,0.69,-0.97,3.895818,2.235818,3.242603,4.212603
2020-09-18,3319.469971,98.22,98.893333,33.796273,33.566165,2.958906,3.303184,98.809524,-26.094808,30.839426,0.7,-0.97,3.928906,2.258906,3.242603,4.212603
2020-09-21,3281.060059,98.22,98.893333,33.405213,33.177768,2.993545,3.198325,98.650794,-26.094808,30.839426,0.68,-0.94,3.933545,2.313545,3.242603,4.182603
2020-09-22,3315.570068,98.22,98.893333,33.756568,33.52673,2.962386,3.277972,98.730159,-26.094808,30.839426,0.68,-0.94,3.902386,2.282386,3.242603,4.182603
2020-09-23,3236.919922,98.22,98.893333,32.955813,32.731427,3.034366,3.072328,98.492063,-26.094808,30.839426,0.68,-0.92,3.954366,2.354366,3.242603,4.162603
2020-09-24,3246.590088,98.22,98.893333,33.054267,32.829211,3.025328,3.09003,98.492063,-26.094808,30.839426,0.67,-0.91,3.935328,2.355328,3.242603,4.152603
2020-09-25,3298.459961,98.22,98.893333,33.582366,33.353714,2.977753,3.213395,98.690476,-26.094808,30.839426,0.66,-0.92,3.897753,2.317753,3.242603,4.162603
2020-09-28,3351.600098,98.22,98.893333,34.123397,33.891062,2.930541,3.338944,99.087302,-26.094808,30.839426,0.67,-0.94,3.870541,2.260541,3.242603,4.182603
2020-09-29,3335.469971,98.22,98.893333,33.959173,33.727956,2.944712,3.290403,98.849206,-26.094808,30.839426,0.66,-0.98,3.924712,2.284712,3.242603,4.222603
2020-09-30,3363.0,98.22,98.893333,34.239462,34.006337,2.920607,3.351056,99.206349,-26.094808,30.839426,0.69,-0.94,3.860607,2.230607,3.242603,4.182603
2020-10-01,3380.800049,96.856667,98.893333,34.905187,34.186329,2.864904,3.505205,99.68254,-28.30212,31.283694,0.68,-0.95,3.814904,2.184904,3.196553,4.146553
2020-10-02,3348.419922,96.856667,98.893333,34.570877,33.858905,2.892608,3.414345,99.484127,-28.30212,31.283694,0.7,-0.94,3.832608,2.192608,3.196553,4.136553
2020-10-05,3408.600098,96.856667,98.893333,35.192209,34.467441,2.841538,3.556568,99.761905,-28.30212,31.283694,0.78,-0.9,3.741538,2.061538,3.196553,4.096553
2020-10-06,3360.969971,96.856667,98.893333,34.70045,33.985809,2.881807,3.427618,99.52381,-28.30212,31.283694,0.76,-0.9,3.781807,2.121807,3.196553,4.096553
2020-10-07,3419.439941,96.856667,98.893333,35.304126,34.577052,2.83253,3.564966,99.801587,-28.30212,31.283694,0.81,-0.9,3.73253,2.02253,3.196553,4.096553
2020-10-08,3446.830078,96.856667,98.893333,35.586916,34.854019,2.810022,3.623374,99.880952,-28.30212,31.283694,0.78,-0.94,3.750022,2.030022,3.196553,4.136553
2020-10-09,3477.139893,96.856667,98.893333,35.899851,35.160509,2.785527,3.688411,99.920635,-28.30212,31.283694,0.79,-0.94,3.725527,1.995527,3.196553,4.136553
2020-10-12,3534.219971,96.856667,98.893333,36.489176,35.737697,2.740539,3.819059,100.0,-28.30212,31.283694,0.79,-0.94,3.680539,1.950539,3.196553,4.136553
2020-10-13,3511.929932,96.856667,98.893333,36.259042,35.512302,2.757933,3.752032,99.920635,-28.30212,31.283694,0.74,-0.96,3.717933,2.017933,3.196553,4.156553
2020-10-14,3488.669922,96.856667,98.893333,36.018893,35.277099,2.776321,3.683309,99.880952,-28.30212,31.283694,0.73,-0.96,3.736321,2.046321,3.196553,4.156553
2020-10-15,3483.340088,96.856667,98.556667,35.963865,35.343526,2.780569,3.659379,99.84127,-28.30212,31.283694,0.74,-0.95,3.730569,2.040569,3.196553,4.146553
2020-10-16,3483.810059,96.856667,98.556667,35.968717,35.348294,2.780194,3.649873,99.84127,-28.30212,31.283694,0.76,-0.95,3.730194,2.020194,3.196553,4.146553
2020-10-19,3426.919922,96.856667,98.556667,35.381353,34.771061,2.826348,3.499954,99.563492,-28.30212,31.283694,0.78,-0.93,3.756348,2.046348,3.196553,4.126553
2020-10-20,3443.120117,96.856667,98.556667,35.548612,34.935436,2.813049,3.530138,99.603175,-28.30212,31.283694,0.81,-0.91,3.723049,2.003049,3.196553,4.106553
2020-10-21,3435.560059,96.856667,98.556667,35.470558,34.858728,2.81924,3.502017,99.52381,-28.30212,31.283694,0.83,-0.91,3.72924,1.98924,3.196553,4.106553
2020-10-22,3453.48999,96.856667,98.556667,35.655677,35.040653,2.804603,3.53626,99.68254,-28.30212,31.283694,0.87,-0.89,3.694603,1.934603,3.196553,4.086553
2020-10-23,3465.389893,96.856667,98.556667,35.778538,35.161395,2.794972,3.555453,99.68254,-28.30212,31.283694,0.85,-0.9,3.694972,1.944972,3.196553,4.096553
2020-10-26,3400.969971,96.856667,98.556667,35.113432,34.507762,2.847913,3.389473,99.166667,-28.30212,31.283694,0.81,-0.91,3.757913,2.037913,3.196553,4.106553
2020-10-27,3390.679932,96.856667,98.556667,35.007192,34.403354,2.856556,3.355918,99.126984,-28.30212,31.283694,0.79,-0.92,3.776556,2.066556,3.196553,4.116553
2020-10-28,3271.030029,96.856667,98.556667,33.771862,33.189333,2.961045,3.058374,97.896825,-28.30212,31.283694,0.79,-0.91,3.871045,2.171045,3.196553,4.106553
2020-10-29,3310.110107,96.856667,98.556667,34.175346,33.585857,2.926086,3.146111,98.293651,-28.30212,31.283694,0.85,-0.86,3.786086,2.076086,3.196553,4.056553
2020-10-30,3269.959961,96.856667,98.556667,33.760814,33.178475,2.962014,3.0423,97.777778,-28.30212,31.283694,0.88,-0.82,3.782014,2.082014,3.196553,4.016553
2020-11-02,3310.23999,95.493333,98.556667,34.664619,33.587175,2.884786,3.246347,98.888889,-30.439005,32.473204,0.87,-0.84,3.724786,2.014786,3.079462,3.919462
2020-11-03,3369.159912,95.493333,98.556667,35.281624,34.185003,2.834337,3.382003,99.246032,-30.439005,32.473204,0.9,-0.82,3.654337,1.934337,3.079462,3.899462
2020-11-04,3443.439941,95.493333,98.556667,36.05948,34.938681,2.773196,3.553757,99.880952,-30.439005,32.473204,0.78,-0.86,3.633196,1.993196,3.079462,3.939462
2020-11-05,3510.449951,95.493333,98.556667,36.761205,35.618594,2.720259,3.706114,100.0,-30.439005,32.473204,0.79,-0.87,3.590259,1.930259,3.079462,3.949462
2020-11-06,3509.439941,95.493333,98.556667,36.750628,35.608346,2.721042,3.692663,99.960317,-30.439005,32.473204,0.83,-0.82,3.541042,1.891042,3.079462,3.899462
2020-11-09,3550.5,95.493333,98.556667,37.180606,36.02496,2.689574,3.780488,100.0,-30.439005,32.473204,0.96,-0.77,3.459574,1.729574,3.079462,3.849462
2020-11-10,3545.530029,95.493333,98.556667,37.128561,35.974533,2.693344,3.756811,99.960317,-30.439005,32.473204,0.98,-0.78,3.473344,1.713344,3.079462,3.859462
2020-11-11,3572.659912,95.493333,98.556667,37.412663,36.249805,2.672892,3.810211,100.0,-30.439005,32.473204,0.98,-0.78,3.452892,1.692892,3.079462,3.859462
2020-11-12,3537.01001,95.493333,98.556667,37.03934,35.888085,2.699832,3.713133,99.880952,-30.439005,32.473204,0.88,-0.83,3.529832,1.819832,3.079462,3.909462
2020-11-13,3585.149902,95.493333,98.556667,37.543458,36.376534,2.66358,3.816622,100.0,-30.439005,32.473204,0.89,-0.83,3.49358,1.77358,3.079462,3.909462
2020-11-16,3626.909912,95.493333,98.22,37.980766,36.926389,2.632912,3.903743,100.0,-30.439005,32.473204,0.91,-0.81,3.442912,1.722912,3.079462,3.889462
2020-11-17,3609.530029,95.493333,98.22,37.798765,36.74944,2.645589,3.849852,99.960317,-30.439005,32.473204,0.87,-0.83,3.475589,1.775589,3.079462,3.909462
2020-11-18,3567.790039,95.493333,98.22,37.361666,36.324476,2.67654,3.73901,99.84127,-30.439005,32.473204,0.88,-0.82,3.49654,1.79654,3.079462,3.899462
2020-11-19,3581.870117,95.493333,98.22,37.509112,36.467829,2.666019,3.760967,99.880952,-30.439005,32.473204,0.86,-0.84,3.506019,1.806019,3.079462,3.919462
2020-11-20,3557.540039,95.493333,98.22,37.254329,36.220118,2.684252,3.692364,99.761905,-30.439005,32.473204,0.83,-0.86,3.544252,1.854252,3.079462,3.939462
2020-11-23,3577.590088,95.493333,98.22,37.464292,36.424253,2.669208,3.728475,99.84127,-30.439005,32.473204,0.86,-0.85,3.519208,1.809208,3.079462,3.929462
2020-11-24,3635.409912,95.493333,98.22,38.069777,37.012929,2.626756,3.85246,100.0,-30.439005,32.473204,0.88,-0.86,3.486756,1.746756,3.079462,3.939462
2020-11-25,3629.649902,95.493333,98.22,38.009459,36.954285,2.630924,3.826744,99.960317,-30.439005,32.473204,0.88,-0.87,3.500924,1.750924,3.079462,3.949462
2020-11-27,3638.350098,95.493333,98.22,38.100567,37.042864,2.624633,3.834985,100.0,-30.439005,32.473204,0.84,-0.91,3.534633,1.784633,3.079462,3.989462
2020-11-30,3621.629883,95.493333,98.22,37.925474,36.872632,2.63675,3.784065,99.84127,-30.439005,32.473204,0.84,-0.93,3.56675,1.79675,3.079462,4.009462
2020-12-01,3662.449951,94.13,98.22,38.908424,37.28823,2.570138,3.989494,100.0,-32.508783,33.765591,0.92,-0.89,3.460138,1.650138,2.961595,3.851595
2020-12-02,3669.01001,94.13,98.22,38.978115,37.355019,2.565542,3.991319,100.0,-32.508783,33.765591,0.95,-0.9,3.465542,1.615542,2.961595,3.861595
2020-12-03,3666.719971,94.13,98.22,38.953787,37.331704,2.567144,3.972476,99.960317,-32.508783,33.765591,0.92,-0.94,3.507144,1.647144,2.961595,3.901595
2020-12-04,3699.120117,94.13,98.22,39.297993,37.661577,2.544659,4.034485,100.0,-32.508783,33.765591,0.97,-0.92,3.464659,1.574659,2.961595,3.881595
2020-12-07,3691.959961,94.13,98.22,39.221927,37.588678,2.549594,4.003916,99.960317,-32.508783,33.765591,0.94,-0.94,3.489594,1.609594,2.961595,3.901595
2020-12-08,3702.25,94.13,98.22,39.331244,37.693443,2.542508,4.014003,100.0,-32.508783,33.765591,0.92,-0.97,3.512508,1.622508,2.961595,3.931595
2020-12-09,3672.820068,94.13,98.22,39.018592,37.393811,2.562881,3.932394,99.880952,-32.508783,33.765591,0.95,-0.96,3.522881,1.612881,2.961595,3.921595
2020-12-10,3668.100098,94.13,98.22,38.968449,37.345755,2.566179,3.908527,99.801587,-32.508783,33.765591,0.92,-0.96,3.526179,1.646179,2.961595,3.921595
2020-12-11,3663.459961,94.13,98.22,38.919154,37.298513,2.569429,3.885074,99.722222,-32.508783,33.765591,0.9,-0.97,3.539429,1.669429,2.961595,3.931595
2020-12-14,3647.48999,94.13,98.22,38.749495,37.135919,2.580679,3.835938,99.642857,-32.508783,33.765591,0.9,-0.98,3.560679,1.680679,2.961595,3.941595
2020-12-15,3694.620117,94.13,96.856667,39.250187,38.145233,2.547759,3.931192,99.920635,-32.508783,33.765591,0.92,-0.99,3.537759,1.627759,2.961595,3.951595
2020-12-16,3701.169922,94.13,96.856667,39.31977,38.212857,2.54325,3.933007,99.960317,-32.508783,33.765591,0.92,-1.0,3.54325,1.62325,2.961595,3.961595
2020-12-17,3722.47998,94.13,96.856667,39.546159,38.432873,2.528691,3.968209,100.0,-32.508783,33.765591,0.94,-1.0,3.528691,1.588691,2.961595,3.961595
2020-12-18,3709.409912,94.13,96.856667,39.407308,38.297931,2.5376,3.925267,99.960317,-32.508783,33.765591,0.95,-1.0,3.5376,1.5876,2.961595,3.961595
2020-12-21,3694.919922,94.13,96.856667,39.253372,38.148328,2.547552,3.879575,99.801587,-32.508783,33.765591,0.95,-1.0,3.547552,1.597552,2.961595,3.961595
2020-12-22,3687.26001,94.13,96.856667,39.171996,38.069243,2.552844,3.849737,99.68254,-32.508783,33.765591,0.93,-1.01,3.562844,1.622844,2.961595,3.971595
2020-12-23,3690.01001,94.13,96.856667,39.201211,38.097636,2.550942,3.843542,99.68254,-32.508783,33.765591,0.96,-1.01,3.560942,1.590942,2.961595,3.971595
2020-12-24,3703.060059,94.13,96.856667,39.33985,38.232371,2.541952,3.860391,99.920635,-32.508783,33.765591,0.94,-1.03,3.571952,1.601952,2.961595,3.991595
2020-12-28,3735.360107,94.13,96.856667,39.682993,38.565854,2.519971,3.919907,100.0,-32.508783,33.765591,0.94,-1.03,3.549971,1.579971,2.961595,3.991595
2020-12-29,3727.040039,94.13,96.856667,39.594604,38.479953,2.525597,3.888377,99.960317,-32.508783,33.765591,0.94,-1.02,3.545597,1.585597,2.961595,3.981595
2020-12-30,3732.040039,94.13,96.856667,39.647722,38.531576,2.522213,3.886713,99.960317,-32.508783,33.765591,0.93,-1.03,3.552213,1.592213,2.961595,3.991595
2020-12-31,3756.070068,94.13,96.856667,39.903007,38.779675,2.506077,3.927095,100.0,-32.508783,33.765591,0.93,-1.06,3.566077,1.576077,2.961595,4.021595
2021-01-04,3700.649902,105.486667,96.856667,35.081684,38.207488,2.85049,2.911546,97.5,-19.93827,34.512432,0.93,-1.08,3.93049,1.92049,2.897507,3.977507
2021-01-05,3726.860107,105.486667,96.856667,35.330153,38.478096,2.830443,2.957388,97.738095,-19.93827,34.512432,0.96,-1.07,3.900443,1.870443,2.897507,3.967507
2021-01-06,3748.139893,105.486667,96.856667,35.531883,38.6978,2.814374,2.993196,97.896825,-19.93827,34.512432,1.04,-1.02,3.834374,1.774374,2.897507,3.917507
2021-01-07,3803.790039,105.486667,96.856667,36.059439,39.272361,2.773199,3.096285,98.293651,-19.93827,34.512432,1.08,-1.01,3.783199,1.693199,2.897507,3.907507
2021-01-08,3824.679932,105.486667,96.856667,36.257473,39.48804,2.758052,3.130411,98.333333,-19.93827,34.512432,1.13,-0.93,3.688052,1.628052,2.897507,3.827507
2021-01-11,3799.610107,105.486667,96.856667,36.019814,39.229206,2.77625,3.074271,98.214286,-19.93827,34.512432,1.15,-0.91,3.68625,1.62625,2.897507,3.807507
2021-01-12,3801.189941,105.486667,96.856667,36.03479,39.245517,2.775096,3.070637,98.214286,-19.93827,34.512432,1.15,-0.93,3.705096,1.625096,2.897507,3.827507
2021-01-13,3809.840088,105.486667,96.856667,36.116793,39.334825,2.768795,3.080821,98.293651,-19.93827,34.512432,1.1,-0.96,3.728795,1.668795,2.897507,3.857507
2021-01-14,3795.540039,105.486667,96.856667,35.98123,39.187184,2.779227,3.046209,98.055556,-19.93827,34.512432,1.15,-0.94,3.719227,1.629227,2.897507,3.837507
2021-01-15,3768.25,105.486667,95.493333,35.722524,39.46087,2.799354,2.986554,97.81746,-19.93827,34.512432,1.11,-0.99,3.789354,1.689354,2.897507,3.887507
2021-01-19,3798.909912,105.486667,95.493333,36.013176,39.781939,2.776761,3.039855,98.055556,-19.93827,34.512432,1.1,-1.0,3.776761,1.676761,2.897507,3.897507
2021-01-20,3851.850098,105.486667,95.493333,36.515042,40.336325,2.738597,3.135945,98.452381,-19.93827,34.512432,1.1,-1.02,3.758597,1.638597,2.897507,3.917507
2021-01-21,3853.070068,105.486667,95.493333,36.526607,40.3491,2.73773,3.131176,98.452381,-19.93827,34.512432,1.12,-0.98,3.71773,1.61773,2.897507,3.877507
2021-01-22,3841.469971,105.486667,95.493333,36.41664,40.227625,2.745997,3.101663,98.293651,-19.93827,34.512432,1.1,-0.99,3.735997,1.645997,2.897507,3.887507
2021-01-25,3855.360107,105.486667,95.493333,36.548317,40.373081,2.736104,3.121549,98.452381,-19.93827,34.512432,1.05,-1.03,3.766104,1.686104,2.897507,3.927507
2021-01-26,3849.620117,105.486667,95.493333,36.493902,40.312973,2.740184,3.103483,98.333333,-19.93827,34.512432,1.05,-1.03,3.770184,1.690184,2.897507,3.927507
2021-01-27,3750.77002,105.486667,95.493333,35.556816,39.277821,2.8124,2.906522,97.420635,-19.93827,34.512432,1.04,-1.04,3.8524,1.7724,2.897507,3.937507
2021-01-28,3787.379883,105.486667,95.493333,35.903873,39.661197,2.785215,2.970982,97.65873,-19.93827,34.512432,1.07,-1.06,3.845215,1.715215,2.897507,3.957507
2021-01-29,3714.23999,105.486667,95.493333,35.210516,38.895281,2.840061,2.824559,96.944444,-19.93827,34.512432,1.11,-1.02,3.860061,1.730061,2.897507,3.917507
2021-02-01,3773.860107,116.843333,95.493333,32.298463,39.519619,3.096123,2.230245,94.404762,-5.804423,35.103907,1.09,-1.02,4.116123,2.006123,2.848686,3.868686
2021-02-02,3826.310059,116.843333,95.493333,32.747355,40.068871,3.053682,2.317965,94.761905,-5.804423,35.103907,1.12,-1.03,4.083682,1.933682,2.848686,3.878686
2021-02-03,3830.169922,116.843333,95.493333,32.780389,40.109291,3.050604,2.321332,94.801587,-5.804423,35.103907,1.15,-1.04,4.090604,1.900604,2.848686,3.888686
2021-02-04,3871.73999,116.843333,95.493333,33.136165,40.54461,3.017851,2.389803,95.119048,-5.804423,35.103907,1.15,-1.02,4.037851,1.867851,2.848686,3.868686
2021-02-05,3886.830078,116.843333,95.493333,33.265313,40.702633,3.006134,2.41227,95.119048,-5.804423,35.103907,1.19,-1.02,4.026134,1.816134,2.848686,3.868686
2021-02-08,3915.590088,116.843333,95.493333,33.511455,41.003806,2.984054,2.458195,95.198413,-5.804423,35.103907,1.19,-1.03,4.014054,1.794054,2.848686,3.878686
2021-02-09,3911.22998,116.843333,95.493333,33.474139,40.958147,2.987381,2.446868,95.15873,-5.804423,35.103907,1.18,-1.04,4.027381,1.807381,2.848686,3.888686
2021-02-10,3909.879883,116.843333,95.493333,33.462584,40.944009,2.988412,2.440763,95.119048,-5.804423,35.103907,1.15,-1.06,4.048412,1.838412,2.848686,3.908686
2021-02-11,3916.379883,116.843333,95.493333,33.518214,41.012077,2.983452,2.448161,95.198413,-5.804423,35.103907,1.16,-1.04,4.023452,1.823452,2.848686,3.888686
2021-02-12,3934.830078,116.843333,95.493333,33.67612,41.205286,2.969463,2.476026,95.277778,-5.804423,35.103907,1.2,-1.01,3.979463,1.769463,2.848686,3.858686
2021-02-16,3932.590088,116.843333,94.13,33.656949,41.778286,2.971155,2.468278,95.238095,-5.804423,35.103907,1.3,-0.94,3.911155,1.671155,2.848686,3.788686
2021-02-17,3931.330078,116.843333,94.13,33.646165,41.7649,2.972107,2.462241,95.198413,-5.804423,35.103907,1.29,-0.92,3.892107,1.682107,2.848686,3.768686
2021-02-18,3913.969971,116.843333,94.13,33.497589,41.580474,2.985289,2.428666,95.0,-5.804423,35.103907,1.29,-0.87,3.855289,1.695289,2.848686,3.718686
2021-02-19,3906.709961,116.843333,94.13,33.435455,41.503346,2.990837,2.412509,94.880952,-5.804423,35.103907,1.34,-0.8,3.790837,1.650837,2.848686,3.648686
2021-02-22,3876.5,116.843333,94.13,33.176904,41.182407,3.014145,2.357223,94.722222,-5.804423,35.103907,1.37,-0.79,3.804145,1.644145,2.848686,3.638686
2021-02-23,3881.370117,116.843333,94.13,33.218584,41.234146,3.010363,2.362047,94.722222,-5.804423,35.103907,1.37,-0.79,3.800363,1.640363,2.848686,3.638686
2021-02-24,3925.429932,116.843333,94.13,33.595669,41.70222,2.976574,2.433662,95.15873,-5.804423,35.103907,1.38,-0.79,3.766574,1.596574,2.848686,3.638686
2021-02-25,3829.340088,116.843333,94.13,32.773287,40.681399,3.051266,2.26619,94.206349,-5.804423,35.103907,1.54,-0.6,3.651266,1.511266,2.848686,3.448686
2021-02-26,3811.149902,116.843333,94.13,32.617607,40.488154,3.065829,2.232063,94.007937,-5.804423,35.103907,1.44,-0.71,3.775829,1.625829,2.848686,3.558686
2021-03-01,3901.820068,128.2,94.13,30.435414,41.451398,3.285646,1.794978,92.619048,10.203731,35.042545,1.45,-0.71,3.995646,1.835646,2.853674,3.563674
2021-03-02,3870.290039,128.2,94.13,30.18947,41.116435,3.312413,1.744159,92.5,10.203731,35.042545,1.42,-0.78,4.092413,1.892413,2.853674,3.633674
2021-03-03,3819.719971,128.2,94.13,29.795008,40.579199,3.356267,1.663912,92.460317,10.203731,35.042545,1.47,-0.74,4.096267,1.886267,2.853674,3.593674
2021-03-04,3768.469971,128.2,94.13,29.395242,40.034739,3.401911,1.582777,92.420635,10.203731,35.042545,1.54,-0.66,4.061911,1.861911,2.853674,3.513674
2021-03-05,3841.939941,128.2,94.13,29.96833,40.815255,3.336856,1.695214,92.460317,10.203731,35.042545,1.56,-0.66,3.996856,1.776856,2.853674,3.513674
2021-03-08,3821.350098,128.2,94.13,29.807723,40.596516,3.354835,1.661624,92.420635,10.203731,35.042545,1.59,-0.62,3.974835,1.764835,2.853674,3.473674
2021-03-09,3875.439941,128.2,94.13,30.229641,41.171146,3.308012,1.74379,92.5,10.203731,35.042545,1.55,-0.66,3.968012,1.758012,2.853674,3.513674
2021-03-10,3898.810059,128.2,94.13,30.411935,41.419421,3.288183,1.778196,92.579365,10.203731,35.042545,1.53,-0.73,4.018183,1.758183,2.853674,3.583674
2021-03-11,3939.340088,128.2,94.13,30.728082,41.849996,3.254352,1.839081,92.65873,10.203731,35.042545,1.54,-0.74,3.994352,1.714352,2.853674,3.593674
2021-03-12,3943.340088,128.2,94.13,30.759283,41.89249,3.251051,1.843287,92.698413,10.203731,35.042545,1.64,-0.62,3.871051,1.611051,2.853674,3.473674
2021-03-15,3968.939941,128.2,94.13,30.95897,42.164453,3.230082,1.880878,92.81746,10.203731,35.042545,1.62,-0.65,3.880082,1.610082,2.853674,3.503674
2021-03-16,3962.709961,128.2,94.13,30.910374,42.098268,3.23516,1.869202,92.777778,10.203731,35.042545,1.62,-0.68,3.91516,1.61516,2.853674,3.533674
2021-03-17,3974.120117,128.2,105.486667,30.999377,37.674146,3.225871,1.884796,92.81746,10.203731,35.042545,1.63,-0.67,3.895871,1.595871,2.853674,3.523674
2021-03-18,3915.459961,128.2,105.486667,30.541809,37.118056,3.2742,1.792167,92.420635,10.203731,35.042545,1.71,-0.56,3.8342,1.5642,2.853674,3.413674
2021-03-19,3913.100098,128.2,105.486667,30.523402,37.095684,3.276175,1.786681,92.380952,10.203731,35.042545,1.74,-0.57,3.846175,1.536175,2.853674,3.423674
2021-03-22,3940.590088,128.2,105.486667,30.737832,37.356286,3.25332,1.827293,92.5,10.203731,35.042545,1.69,-0.64,3.89332,1.56332,2.853674,3.493674
2021-03-23,3910.52002,128.2,105.486667,30.503276,37.071226,3.278336,1.779007,92.301587,10.203731,35.042545,1.63,-0.66,3.938336,1.648336,2.853674,3.513674
2021-03-24,3889.139893,128.2,105.486667,30.336505,36.868545,3.296359,1.744228,92.18254,10.203731,35.042545,1.62,-0.69,3.986359,1.676359,2.853674,3.543674
2021-03-25,3909.52002,128.2,105.486667,30.495476,37.061746,3.279175,1.773881,92.261905,10.203731,35.042545,1.63,-0.69,3.969175,1.649175,2.853674,3.543674
2021-03-26,3974.540039,128.2,105.486667,31.002652,37.678127,3.22553,1.872235,92.81746,10.203731,35.042545,1.67,-0.67,3.89553,1.55553,2.853674,3.523674
2021-03-29,3971.090088,128.2,105.486667,30.975742,37.645422,3.228333,1.864895,92.738095,10.203731,35.042545,1.73,-0.63,3.858333,1.498333,2.853674,3.483674
2021-03-30,3958.550049,128.2,105.486667,30.877925,37.526544,3.23856,1.843571,92.579365,10.203731,35.042545,1.73,-0.62,3.85856,1.50856,2.853674,3.473674
2021-03-31,3972.889893,128.2,105.486667,30.989781,37.662484,3.22687,1.863651,92.738095,10.203731,35.042545,1.74,-0.63,3.85687,1.48687,2.853674,3.483674
2021-04-01,4019.870117,138.386667,105.486667,29.048103,38.10785,3.442566,1.47872,91.626984,25.089638,36.719814,1.69,-0.66,4.102566,1.752566,2.723325,3.383325
2021-04-05,4077.909912,138.386667,105.486667,29.467506,38.65806,3.393569,1.560115,91.666667,25.089638,36.719814,1.73,-0.62,4.013569,1.663569,2.723325,3.343325
2021-04-06,4073.939941,138.386667,105.486667,29.438818,38.620425,3.396875,1.553009,91.626984,25.089638,36.719814,1.67,-0.65,4.046875,1.726875,2.723325,3.373325
2021-04-07,4079.949951,138.386667,105.486667,29.482247,38.677399,3.391872,1.560131,91.666667,25.089638,36.719814,1.68,-0.66,4.051872,1.711872,2.723325,3.383325
2021-04-08,4097.169922,138.386667,105.486667,29.606681,38.840643,3.377616,1.583205,91.666667,25.089638,36.719814,1.64,-0.69,4.067616,1.737616,2.723325,3.413325
2021-04-09,4128.799805,138.386667,105.486667,29.835243,39.14049,3.351741,1.626744,91.746032,25.089638,36.719814,1.67,-0.64,3.991741,1.681741,2.723325,3.363325
2021-04-12,4127.990234,138.386667,105.486667,29.829393,39.132815,3.352398,1.624036,91.706349,25.089638,36.719814,1.69,-0.64,3.992398,1.662398,2.723325,3.363325
2021-04-13,4141.589844,138.386667,105.486667,29.927665,39.261738,3.34139,1.641827,91.746032,25.089638,36.719814,1.64,-0.69,4.03139,1.70139,2.723325,3.413325
2021-04-14,4124.660156,138.386667,105.486667,29.805329,39.101246,3.355105,1.616169,91.587302,25.089638,36.719814,1.64,-0.69,4.045105,1.715105,2.723325,3.413325
2021-04-15,4170.419922,138.386667,105.486667,30.135995,39.535043,3.318291,1.679685,91.785714,25.089638,36.719814,1.56,-0.77,4.088291,1.758291,2.723325,3.493325
2021-04-16,4185.470215,138.386667,105.486667,30.24475,39.677718,3.306359,1.699426,91.865079,25.089638,36.719814,1.59,-0.77,4.076359,1.716359,2.723325,3.493325
2021-04-19,4163.259766,138.386667,116.843333,30.084255,35.631128,3.323998,1.666203,91.706349,25.089638,36.719814,1.61,-0.73,4.053998,1.713998,2.723325,3.453325
2021-04-20,4134.939941,138.386667,116.843333,29.879612,35.388754,3.346764,1.624372,91.587302,25.089638,36.719814,1.58,-0.74,4.086764,1.766764,2.723325,3.463325
2021-04-21,4173.419922,138.386667,116.843333,30.157674,35.718083,3.315906,1.677467,91.746032,25.089638,36.719814,1.57,-0.76,4.075906,1.745906,2.723325,3.483325
2021-04-22,4134.97998,138.386667,116.843333,29.879902,35.389096,3.346731,1.621272,91.547619,25.089638,36.719814,1.57,-0.76,4.106731,1.776731,2.723325,3.483325
2021-04-23,4180.169922,138.386667,116.843333,30.20645,35.775853,3.310551,1.683869,91.785714,25.089638,36.719814,1.58,-0.76,4.070551,1.730551,2.723325,3.483325
2021-04-26,4187.620117,138.386667,116.843333,30.260286,35.839615,3.304661,1.692795,91.904762,25.089638,36.719814,1.58,-0.78,4.084661,1.724661,2.723325,3.503325
2021-04-27,4186.720215,138.386667,116.843333,30.253783,35.831914,3.305372,1.689847,91.825397,25.089638,36.719814,1.63,-0.76,4.065372,1.675372,2.723325,3.483325
2021-04-28,4183.180176,138.386667,116.843333,30.228202,35.801616,3.308169,1.683158,91.706349,25.089638,36.719814,1.63,-0.78,4.088169,1.678169,2.723325,3.503325
2021-04-29,4211.470215,138.386667,116.843333,30.43263,36.043736,3.285947,1.721585,92.02381,25.089638,36.719814,1.65,-0.77,4.055947,1.635947,2.723325,3.493325
2021-04-30,4181.169922,138.386667,116.843333,30.213676,35.784412,3.309759,1.676929,91.626984,25.089638,36.719814,1.65,-0.76,4.069759,1.659759,2.723325,3.483325
2021-05-03,4192.660156,148.573333,116.843333,28.219466,35.88275,3.543653,1.284371,90.595238,41.592808,36.552134,1.63,-0.79,4.333653,1.913653,2.735818,3.525818
2021-05-04,4164.660156,148.573333,116.843333,28.031007,35.643113,3.567478,1.24635,90.436508,41.592808,36.552134,1.61,-0.81,4.377478,1.957478,2.735818,3.545818
2021-05-05,4167.589844,148.573333,116.843333,28.050726,35.668187,3.56497,1.249188,90.436508,41.592808,36.552134,1.59,-0.88,4.44497,1.97497,2.735818,3.615818
2021-05-06,4201.620117,148.573333,116.843333,28.279773,35.959434,3.536096,1.293059,90.595238,41.592808,36.552134,1.58,-0.87,4.406096,1.956096,2.735818,3.605818
2021-05-07,4232.600098,148.573333,116.843333,28.488289,36.224575,3.510214,1.33285,90.634921,41.592808,36.552134,1.6,-0.89,4.400214,1.910214,2.735818,3.625818
2021-05-10,4188.430176,148.573333,116.843333,28.190996,35.846548,3.547232,1.273471,90.47619,41.592808,36.552134,1.63,-0.91,4.457232,1.917232,2.735818,3.645818
2021-05-11,4152.100098,148.573333,116.843333,27.946469,35.535618,3.57827,1.224508,90.238095,41.592808,36.552134,1.64,-0.89,4.46827,1.93827,2.735818,3.625818
2021-05-12,4063.040039,148.573333,116.843333,27.347034,34.773401,3.656704,1.10604,90.0,41.592808,36.552134,1.69,-0.85,4.506704,1.966704,2.735818,3.585818
2021-05-13,4112.5,148.573333,116.843333,27.679934,35.196702,3.612725,1.170402,90.079365,41.592808,36.552134,1.66,-0.85,4.462725,1.952725,2.735818,3.585818
2021-05-14,4173.850098,148.573333,116.843333,28.092862,35.721765,3.559623,1.250373,90.31746,41.592808,36.552134,1.63,-0.88,4.439623,1.929623,2.735818,3.615818
2021-05-17,4163.290039,148.573333,128.2,28.021785,32.474961,3.568652,1.235426,90.198413,41.592808,36.552134,1.64,-0.9,4.468652,1.928652,2.735818,3.635818
2021-05-18,4127.830078,148.573333,128.2,27.783116,32.198363,3.599308,1.187658,90.0,41.592808,36.552134,1.64,-0.88,4.479308,1.959308,2.735818,3.615818
2021-05-19,4115.680176,148.573333,128.2,27.701338,32.10359,3.609934,1.170682,89.960317,41.592808,36.552134,1.68,-0.8,4.409934,1.929934,2.735818,3.535818
2021-05-20,4159.120117,148.573333,128.2,27.993719,32.442435,3.57223,1.227027,90.15873,41.592808,36.552134,1.63,-0.78,4.35223,1.94223,2.735818,3.515818
2021-05-21,4155.859863,148.573333,128.2,27.971775,32.417004,3.575032,1.221737,90.119048,41.592808,36.552134,1.63,-0.8,4.375032,1.945032,2.735818,3.535818
2021-05-24,4197.049805,148.573333,128.2,28.249012,32.738298,3.539947,1.275052,90.515873,41.592808,36.552134,1.61,-0.83,4.369947,1.929947,2.735818,3.565818
2021-05-25,4188.129883,148.573333,128.2,28.188974,32.66872,3.547486,1.262245,90.396825,41.592808,36.552134,1.56,-0.86,4.407486,1.987486,2.735818,3.595818
2021-05-26,4195.990234,148.573333,128.2,28.24188,32.730033,3.540841,1.271575,90.47619,41.592808,36.552134,1.58,-0.82,4.360841,1.960841,2.735818,3.555818
2021-05-27,4200.879883,148.573333,128.2,28.274791,32.768174,3.536719,1.276986,90.515873,41.592808,36.552134,1.61,-0.81,4.346719,1.926719,2.735818,3.545818
2021-05-28,4204.109863,148.573333,128.2,28.296531,32.793369,3.534002,1.280204,90.555556,41.592808,36.552134,1.58,-0.84,4.374002,1.954002,2.735818,3.575818
2021-06-01,4202.040039,158.76,128.2,26.467876,32.777223,3.778165,0.921015,88.571429,59.991938,36.696258,1.62,-0.84,4.618165,2.158165,2.725073,3.565073
2021-06-02,4208.120117,158.76,128.2,26.506174,32.82465,3.772706,0.927783,88.571429,59.991938,36.696258,1.59,-0.85,4.622706,2.182706,2.725073,3.575073
2021-06-03,4192.850098,158.76,128.2,26.409991,32.705539,3.786446,0.908198,88.492063,59.991938,36.696258,1.63,-0.79,4.576446,2.156446,2.725073,3.515073
2021-06-04,4229.890137,158.76,128.2,26.643299,32.994463,3.753289,0.953185,88.690476,59.991938,36.696258,1.56,-0.84,4.593289,2.193289,2.725073,3.565073
2021-06-07,4226.52002,158.76,128.2,26.622071,32.968175,3.756282,0.948272,88.650794,59.991938,36.696258,1.57,-0.82,4.576282,2.186282,2.725073,3.545073
2021-06-08,4227.259766,158.76,128.2,26.626731,32.973945,3.755624,0.948435,88.650794,59.991938,36.696258,1.53,-0.83,4.585624,2.225624,2.725073,3.555073
2021-06-09,4219.549805,158.76,128.2,26.578167,32.913805,3.762487,0.938168,88.531746,59.991938,36.696258,1.5,-0.82,4.582487,2.262487,2.725073,3.545073
2021-06-10,4239.180176,158.76,128.2,26.701815,33.066928,3.745064,0.961667,88.690476,59.991938,36.696258,1.45,-0.9,4.645064,2.295064,2.725073,3.625073
2021-06-11,4247.439941,158.76,128.2,26.753842,33.131357,3.737781,0.971113,88.690476,59.991938,36.696258,1.47,-0.85,4.587781,2.267781,2.725073,3.575073
2021-06-14,4255.149902,158.76,128.2,26.802406,33.191497,3.731008,0.979877,88.690476,59.991938,36.696258,1.51,-0.85,4.581008,2.221008,2.725073,3.575073
2021-06-15,4246.589844,158.76,138.386667,26.748487,30.686409,3.738529,0.968537,88.611111,59.991938,36.696258,1.51,-0.87,4.608529,2.228529,2.725073,3.595073
2021-06-16,4223.700195,158.76,138.386667,26.60431,30.521005,3.75879,0.939503,88.412698,59.991938,36.696258,1.57,-0.75,4.50879,2.18879,2.725073,3.475073
2021-06-17,4221.859863,158.76,138.386667,26.592718,30.507707,3.760428,0.936492,88.373016,59.991938,36.696258,1.52,-0.75,4.510428,2.240428,2.725073,3.475073
2021-06-18,4166.450195,158.76,138.386667,26.243702,30.107309,3.810438,0.867273,88.015873,59.991938,36.696258,1.45,-0.79,4.600438,2.360438,2.725073,3.515073
2021-06-21,4224.790039,158.76,138.386667,26.611174,30.528881,3.75782,0.938692,88.412698,59.991938,36.696258,1.5,-0.75,4.50782,2.25782,2.725073,3.475073
2021-06-22,4246.439941,158.76,138.386667,26.747543,30.685326,3.738661,0.964722,88.571429,59.991938,36.696258,1.48,-0.83,4.568661,2.258661,2.725073,3.555073
2021-06-23,4241.839844,158.76,138.386667,26.718568,30.652085,3.742716,0.958282,88.531746,59.991938,36.696258,1.5,-0.84,4.582716,2.242716,2.725073,3.565073
2021-06-24,4266.490234,158.76,138.386667,26.873836,30.830212,3.721091,0.988016,88.730159,59.991938,36.696258,1.49,-0.81,4.531091,2.231091,2.725073,3.535073
2021-06-25,4280.700195,158.76,138.386667,26.963342,30.932895,3.708739,1.004818,88.888889,59.991938,36.696258,1.54,-0.8,4.508739,2.168739,2.725073,3.525073
2021-06-28,4290.609863,158.76,138.386667,27.025761,31.004503,3.700173,1.016294,89.007937,59.991938,36.696258,1.49,-0.84,4.540173,2.210173,2.725073,3.565073
2021-06-29,4291.799805,158.76,138.386667,27.033257,31.013102,3.699147,1.016978,89.007937,59.991938,36.696258,1.49,-0.83,4.529147,2.209147,2.725073,3.555073
2021-06-30,4297.5,158.76,138.386667,27.069161,31.054292,3.694241,1.023247,89.007937,59.991938,36.696258,1.45,-0.87,4.564241,2.244241,2.725073,3.595073
2021-07-01,4319.939941,164.316667,138.386667,26.290333,31.216446,3.803679,0.869448,87.698413,66.155454,37.443383,1.48,-0.87,4.673679,2.323679,2.670699,3.540699
2021-07-02,4352.339844,164.316667,138.386667,26.487513,31.450572,3.775364,0.907493,87.81746,66.155454,37.443383,1.44,-0.89,4.665364,2.335364,2.670699,3.560699
2021-07-06,4343.540039,164.316667,138.386667,26.433959,31.386984,3.783013,0.896245,87.738095,66.155454,37.443383,1.37,-0.94,4.723013,2.413013,2.670699,3.610699
2021-07-07,4358.129883,164.316667,138.386667,26.52275,31.492412,3.770348,0.912979,87.857143,66.155454,37.443383,1.33,-0.95,4.720348,2.440348,2.670699,3.620699
2021-07-08,4320.819824,164.316667,138.386667,26.295688,31.222804,3.802905,0.867615,87.579365,66.155454,37.443383,1.3,-0.92,4.722905,2.502905,2.670699,3.590699
2021-07-09,4369.549805,164.316667,138.386667,26.592249,31.574933,3.760494,0.925219,88.015873,66.155454,37.443383,1.37,-0.91,4.670494,2.390494,2.670699,3.580699
2021-07-12,4384.629883,164.316667,138.386667,26.684024,31.683904,3.747561,0.942528,88.253968,66.155454,37.443383,1.38,-0.95,4.697561,2.367561,2.670699,3.620699
2021-07-13,4369.209961,164.316667,138.386667,26.590181,31.572478,3.760787,0.923326,87.936508,66.155454,37.443383,1.42,-0.94,4.700787,2.340787,2.670699,3.610699
2021-07-14,4374.299805,164.316667,138.386667,26.621157,31.609258,3.756411,0.928683,88.095238,66.155454,37.443383,1.37,-0.97,4.726411,2.386411,2.670699,3.640699
2021-07-15,4360.029785,164.316667,148.573333,26.534312,29.345978,3.768705,0.910867,87.698413,66.155454,37.443383,1.31,-1.01,4.778705,2.458705,2.670699,3.680699
2021-07-16,4327.160156,164.316667,148.573333,26.334274,29.124743,3.797333,0.870789,87.420635,66.155454,37.443383,1.31,-1.02,4.817333,2.487333,2.670699,3.690699
2021-07-19,4258.490234,164.316667,148.573333,25.916362,28.662548,3.858566,0.787853,87.02381,66.155454,37.443383,1.19,-1.05,4.908566,2.668566,2.670699,3.720699
2021-07-20,4323.060059,164.316667,148.573333,26.309322,29.097147,3.800934,0.864532,87.34127,66.155454,37.443383,1.23,-1.03,4.830934,2.570934,2.670699,3.700699
2021-07-21,4358.689941,164.316667,148.573333,26.526158,29.33696,3.769864,0.906515,87.65873,66.155454,37.443383,1.3,-0.98,4.749864,2.469864,2.670699,3.650699
2021-07-22,4367.47998,164.316667,148.573333,26.579653,29.396123,3.762276,0.916326,87.81746,66.155454,37.443383,1.27,-1.01,4.772276,2.492276,2.670699,3.680699
2021-07-23,4411.790039,164.316667,148.573333,26.849316,29.69436,3.72449,0.96869,88.531746,66.155454,37.443383,1.3,-1.05,4.77449,2.42449,2.670699,3.720699
2021-07-26,4422.299805,164.316667,148.573333,26.913276,29.765098,3.715638,0.980523,88.730159,66.155454,37.443383,1.29,-1.11,4.825638,2.425638,2.670699,3.780699
2021-07-27,4401.459961,164.316667,148.573333,26.786449,29.624832,3.733231,0.954777,88.373016,66.155454,37.443383,1.25,-1.13,4.863231,2.483231,2.670699,3.800699
2021-07-28,4400.640137,164.316667,148.573333,26.781459,29.619314,3.733926,0.953039,88.333333,66.155454,37.443383,1.26,-1.15,4.883926,2.473926,2.670699,3.820699
2021-07-29,4419.149902,164.316667,148.573333,26.894106,29.743897,3.718287,0.974475,88.611111,66.155454,37.443383,1.28,-1.15,4.868287,2.438287,2.670699,3.820699
2021-07-30,4395.259766,164.316667,148.573333,26.748715,29.5831,3.738497,0.945069,88.214286,66.155454,37.443383,1.24,-1.16,4.898497,2.498497,2.670699,3.830699
2021-08-02,4387.160156,169.873333,148.573333,25.826067,29.528584,3.872057,0.762526,86.587302,72.361078,37.973501,1.2,-1.17,5.042057,2.672057,2.633415,3.803415
2021-08-03,4423.149902,169.873333,148.573333,26.03793,29.77082,3.840551,0.803634,86.825397,72.361078,37.973501,1.19,-1.19,5.030551,2.650551,2.633415,3.823415
2021-08-04,4402.660156,169.873333,148.573333,25.917312,29.63291,3.858425,0.779188,86.626984,72.361078,37.973501,1.19,-1.16,5.018425,2.668425,2.633415,3.793415
2021-08-05,4429.100098,169.873333,148.573333,26.072957,29.810869,3.835392,0.809224,86.825397,72.361078,37.973501,1.23,-1.1,4.935392,2.605392,2.633415,3.733415
2021-08-06,4436.52002,169.873333,148.573333,26.116636,29.86081,3.828977,0.817176,86.825397,72.361078,37.973501,1.31,-1.06,4.888977,2.518977,2.633415,3.693415
2021-08-09,4432.350098,169.873333,148.573333,26.092089,29.832743,3.832579,0.811666,86.785714,72.361078,37.973501,1.33,-1.04,4.872579,2.502579,2.633415,3.673415
2021-08-10,4436.75,169.873333,148.573333,26.11799,29.862358,3.828779,0.816125,86.825397,72.361078,37.973501,1.36,-1.04,4.868779,2.468779,2.633415,3.673415
2021-08-11,4442.410156,169.873333,148.573333,26.15131,29.900454,3.8239,0.822051,86.825397,72.361078,37.973501,1.35,-1.07,4.8939,2.4739,2.633415,3.703415
2021-08-12,4460.830078,169.873333,148.573333,26.259743,30.024433,3.80811,0.842844,86.904762,72.361078,37.973501,1.36,-1.05,4.85811,2.44811,2.633415,3.683415
2021-08-13,4468.0,169.873333,148.573333,26.301951,30.072691,3.801999,0.850532,86.984127,72.361078,37.973501,1.29,-1.08,4.881999,2.511999,2.633415,3.713415
2021-08-16,4479.709961,169.873333,158.76,26.370884,28.216868,3.792061,0.863529,87.103175,72.361078,37.973501,1.26,-1.1,4.892061,2.532061,2.633415,3.733415
2021-08-17,4448.080078,169.873333,158.76,26.184687,28.017637,3.819026,0.826043,86.706349,72.361078,37.973501,1.26,-1.07,4.889026,2.559026,2.633415,3.703415
2021-08-18,4400.27002,169.873333,158.76,25.903242,27.71649,3.860521,0.769702,86.190476,72.361078,37.973501,1.27,-1.05,4.910521,2.590521,2.633415,3.683415
2021-08-19,4405.799805,169.873333,158.76,25.935794,27.751322,3.855675,0.775505,86.269841,72.361078,37.973501,1.24,-1.04,4.895675,2.615675,2.633415,3.673415
2021-08-20,4441.669922,169.873333,158.76,26.146952,27.977261,3.824538,0.816682,86.626984,72.361078,37.973501,1.26,-1.01,4.834538,2.564538,2.633415,3.643415
2021-08-23,4479.529785,169.873333,158.76,26.369823,28.215733,3.792213,0.860182,87.063492,72.361078,37.973501,1.25,-1.02,4.812213,2.542213,2.633415,3.653415
2021-08-24,4486.22998,169.873333,158.76,26.409266,28.257936,3.78655,0.867357,87.103175,72.361078,37.973501,1.29,-1.01,4.79655,2.49655,2.633415,3.643415
2021-08-25,4496.189941,169.873333,158.76,26.467897,28.320672,3.778162,0.878348,87.222222,72.361078,37.973501,1.35,-1.0,4.778162,2.428162,2.633415,3.633415
2021-08-26,4470.0,169.873333,158.76,26.313724,28.155707,3.800298,0.847127,86.865079,72.361078,37.973501,1.34,-0.99,4.790298,2.460298,2.633415,3.623415
2021-08-27,4509.370117,169.873333,158.76,26.545486,28.403692,3.767119,0.892475,87.420635,72.361078,37.973501,1.31,-1.08,4.847119,2.457119,2.633415,3.713415
2021-08-30,4528.790039,169.873333,158.76,26.659806,28.526014,3.750965,0.914505,87.97619,72.361078,37.973501,1.29,-1.08,4.830965,2.460965,2.633415,3.713415
2021-08-31,4522.680176,169.873333,158.76,26.623838,28.487529,3.756032,0.906698,87.857143,72.361078,37.973501,1.3,-1.03,4.786032,2.456032,2.633415,3.663415
2021-09-01,4524.089844,175.43,158.76,25.788576,28.496409,3.877686,0.740059,85.674603,78.609245,37.620347,1.31,-1.03,4.907686,2.567686,2.658136,3.688136
2021-09-02,4536.950195,175.43,158.76,25.861883,28.577414,3.866694,0.753999,85.753968,78.609245,37.620347,1.29,-1.03,4.896694,2.576694,2.658136,3.688136
2021-09-03,4535.430176,175.43,158.76,25.853219,28.567839,3.86799,0.751638,85.714286,78.609245,37.620347,1.33,-1.01,4.87799,2.53799,2.658136,3.668136
2021-09-07,4520.029785,175.43,158.76,25.765432,28.470835,3.881169,0.733536,85.555556,78.609245,37.620347,1.38,-0.98,4.861169,2.501169,2.658136,3.638136
2021-09-08,4514.069824,175.43,158.76,25.731459,28.433294,3.886293,0.726145,85.515873,78.609245,37.620347,1.35,-1.03,4.916293,2.536293,2.658136,3.688136
2021-09-09,4493.279785,175.43,158.76,25.61295,28.302342,3.904275,0.701925,85.357143,78.609245,37.620347,1.3,-1.08,4.984275,2.604275,2.658136,3.738136
2021-09-10,4458.580078,175.43,158.76,25.415152,28.083775,3.934661,0.6619,85.198413,78.609245,37.620347,1.35,-1.05,4.984661,2.584661,2.658136,3.708136
2021-09-13,4468.72998,175.43,158.76,25.473009,28.147707,3.925724,0.672816,85.198413,78.609245,37.620347,1.33,-1.04,4.965724,2.595724,2.658136,3.698136
2021-09-14,4443.049805,175.43,164.316667,25.326625,27.039557,3.948414,0.643006,84.960317,78.609245,37.620347,1.28,-1.05,4.998414,2.668414,2.658136,3.708136
2021-09-15,4480.700195,175.43,164.316667,25.541243,27.26869,3.915236,0.685219,85.277778,78.609245,37.620347,1.31,-1.04,4.955236,2.605236,2.658136,3.698136
2021-09-16,4473.75,175.43,164.316667,25.501625,27.226392,3.921319,0.676696,85.15873,78.609245,37.620347,1.34,-1.01,4.931319,2.581319,2.658136,3.668136
2021-09-17,4432.990234,175.43,164.316667,25.269283,26.978336,3.957374,0.629674,84.642857,78.609245,37.620347,1.37,-0.96,4.917374,2.587374,2.658136,3.618136
2021-09-20,4357.72998,175.43,164.316667,24.840278,26.520316,4.02572,0.543326,83.611111,78.609245,37.620347,1.31,-0.98,5.00572,2.71572,2.658136,3.638136
2021-09-21,4354.189941,175.43,164.316667,24.820099,26.498772,4.028993,0.538683,83.571429,78.609245,37.620347,1.33,-0.96,4.988993,2.698993,2.658136,3.618136
2021-09-22,4395.640137,175.43,164.316667,25.056377,26.75103,3.991,0.58534,84.166667,78.609245,37.620347,1.32,-0.96,4.951,2.671,2.658136,3.618136
2021-09-23,4448.97998,175.43,164.316667,25.360429,27.075646,3.943151,0.645578,84.920635,78.609245,37.620347,1.41,-0.9,4.843151,2.533151,2.658136,3.558136
2021-09-24,4455.47998,175.43,164.316667,25.39748,27.115204,3.937398,0.652381,84.960317,78.609245,37.620347,1.47,-0.87,4.807398,2.467398,2.658136,3.528136
2021-09-27,4443.109863,175.43,164.316667,25.326967,27.039922,3.948361,0.637644,84.801587,78.609245,37.620347,1.48,-0.87,4.818361,2.468361,2.658136,3.528136
2021-09-28,4352.629883,175.43,164.316667,24.811206,26.489278,4.030437,0.533656,83.333333,78.609245,37.620347,1.54,-0.84,4.870437,2.490437,2.658136,3.498136
2021-09-29,4359.459961,175.43,164.316667,24.850139,26.530845,4.024122,0.540851,83.571429,78.609245,37.620347,1.55,-0.82,4.844122,2.474122,2.658136,3.478136
2021-09-30,4307.540039,175.43,164.316667,24.554181,26.21487,4.072626,0.480844,81.507937,78.609245,37.620347,1.52,-0.85,4.922626,2.552626,2.658136,3.508136
2021-10-01,4357.040039,182.91,164.316667,23.820677,26.516117,4.198033,0.332934,74.960317,88.846061,37.253025,1.48,-0.9,5.098033,2.718033,2.684346,3.584346
2021-10-04,4300.459961,182.91,164.316667,23.511344,26.171782,4.253266,0.270136,68.214286,88.846061,37.253025,1.49,-0.89,5.143266,2.763266,2.684346,3.574346
2021-10-05,4345.720215,182.91,164.316667,23.75879,26.447227,4.208969,0.319243,73.571429,88.846061,37.253025,1.54,-0.91,5.118969,2.668969,2.684346,3.594346
2021-10-06,4363.549805,182.91,164.316667,23.856267,26.555735,4.191771,0.338205,75.555556,88.846061,37.253025,1.53,-0.9,5.091771,2.661771,2.684346,3.584346
2021-10-07,4399.759766,182.91,164.316667,24.054233,26.776102,4.157272,0.377407,78.373016,88.846061,37.253025,1.58,-0.88,5.037272,2.577272,2.684346,3.564346
2021-10-08,4391.339844,182.91,164.316667,24.0082,26.72486,4.165244,0.367492,77.460317,88.846061,37.253025,1.61,-0.89,5.055244,2.555244,2.684346,3.574346
2021-10-11,4361.189941,182.91,164.316667,23.843365,26.541373,4.194039,0.333625,75.277778,88.846061,37.253025,1.61,-0.89,5.084039,2.584039,2.684346,3.574346
2021-10-12,4350.649902,182.91,164.316667,23.785741,26.477228,4.204199,0.321366,74.126984,88.846061,37.253025,1.59,-0.9,5.104199,2.614199,2.684346,3.584346
2021-10-13,4363.799805,182.91,164.316667,23.857634,26.557256,4.191531,0.335236,75.515873,88.846061,37.253025,1.56,-0.96,5.151531,2.631531,2.684346,3.644346
2021-10-14,4438.259766,182.91,164.316667,24.264719,27.010405,4.12121,0.416825,79.84127,88.846061,37.253025,1.52,-1.0,5.12121,2.60121,2.684346,3.684346
2021-10-15,4471.370117,182.91,169.873333,24.445739,26.32179,4.090692,0.452785,80.952381,88.846061,37.253025,1.59,-0.97,5.060692,2.500692,2.684346,3.654346
2021-10-18,4486.459961,182.91,169.873333,24.528238,26.410619,4.076934,0.468852,81.269841,88.846061,37.253025,1.59,-0.95,5.026934,2.486934,2.684346,3.634346
2021-10-19,4519.629883,182.91,169.873333,24.709583,26.605882,4.047013,0.50492,82.539683,88.846061,37.253025,1.65,-0.89,4.937013,2.397013,2.684346,3.574346
2021-10-20,4536.189941,182.91,169.873333,24.80012,26.703367,4.032239,0.522634,83.214286,88.846061,37.253025,1.65,-0.92,4.952239,2.382239,2.684346,3.604346
2021-10-21,4549.779785,182.91,169.873333,24.874418,26.783367,4.020195,0.537066,83.690476,88.846061,37.253025,1.68,-0.96,4.980195,2.340195,2.684346,3.644346
2021-10-22,4544.899902,182.91,169.873333,24.847739,26.75464,4.024511,0.531053,83.452381,88.846061,37.253025,1.66,-0.98,5.004511,2.364511,2.684346,3.664346
2021-10-25,4566.47998,182.91,169.873333,24.965721,26.881676,4.005492,0.554354,83.928571,88.846061,37.253025,1.64,-1.02,5.025492,2.365492,2.684346,3.704346
2021-10-26,4574.790039,182.91,169.873333,25.011153,26.930596,3.998216,0.562957,83.928571,88.846061,37.253025,1.63,-1.06,5.058216,2.368216,2.684346,3.744346
2021-10-27,4551.680176,182.91,169.873333,24.884808,26.794554,4.018516,0.536718,83.611111,88.846061,37.253025,1.54,-1.11,5.128516,2.478516,2.684346,3.794346
2021-10-28,4596.419922,182.91,169.873333,25.129407,27.057925,3.979401,0.585753,84.126984,88.846061,37.253025,1.57,-1.0,4.979401,2.409401,2.684346,3.684346
2021-10-29,4605.379883,182.91,169.873333,25.178393,27.11067,3.971659,0.595089,84.246032,88.846061,37.253025,1.55,-0.96,4.931659,2.421659,2.684346,3.644346
2021-11-01,4613.669922,190.39,169.873333,24.232732,27.159471,4.12665,0.402376,79.166667,99.375175,38.582627,1.58,-0.92,5.04665,2.54665,2.59184,3.51184
2021-11-02,4630.649902,190.39,169.873333,24.321918,27.259428,4.111518,0.41991,79.84127,99.375175,38.582627,1.56,-0.95,5.061518,2.551518,2.59184,3.54184
2021-11-03,4660.569824,190.39,169.873333,24.479068,27.435559,4.085123,0.45127,80.674603,99.375175,38.582627,1.6,-0.93,5.015123,2.485123,2.59184,3.52184
2021-11-04,4680.060059,190.39,169.873333,24.581438,27.550293,4.06811,0.471491,81.349206,99.375175,38.582627,1.53,-1.03,5.09811,2.53811,2.59184,3.62184
2021-11-05,4697.529785,190.39,169.873333,24.673196,27.653132,4.052981,0.489555,81.785714,99.375175,38.582627,1.45,-1.09,5.142981,2.602981,2.59184,3.68184
2021-11-08,4701.700195,190.39,169.873333,24.695101,27.677683,4.049386,0.493408,82.063492,99.375175,38.582627,1.51,-1.11,5.159386,2.539386,2.59184,3.70184
2021-11-09,4685.25,190.39,169.873333,24.608698,27.580845,4.063604,0.475205,81.388889,99.375175,38.582627,1.46,-1.17,5.233604,2.603604,2.59184,3.76184
2021-11-10,4646.709961,190.39,169.873333,24.406271,27.353969,4.097308,0.433346,80.119048,99.375175,38.582627,1.56,-1.14,5.237308,2.537308,2.59184,3.73184
2021-11-11,4649.27002,190.39,169.873333,24.419718,27.36904,4.095051,0.435486,80.198413,99.375175,38.582627,1.56,-1.14,5.235051,2.535051,2.59184,3.73184
2021-11-12,4682.850098,190.39,169.873333,24.596093,27.566717,4.065686,0.470868,81.309524,99.375175,38.582627,1.58,-1.15,5.215686,2.485686,2.59184,3.74184
2021-11-15,4682.799805,190.39,175.43,24.595829,26.693267,4.06573,0.470204,81.269841,99.375175,38.582627,1.63,-1.13,5.19573,2.43573,2.59184,3.72184
2021-11-16,4700.899902,190.39,175.43,24.690897,26.796442,4.050076,0.489009,81.984127,99.375175,38.582627,1.63,-1.1,5.150076,2.420076,2.59184,3.69184
2021-11-17,4688.669922,190.39,175.43,24.626661,26.726728,4.06064,0.475284,81.547619,99.375175,38.582627,1.6,-1.1,5.16064,2.46064,2.59184,3.69184
2021-11-18,4704.540039,190.39,175.43,24.710016,26.817192,4.046942,0.491716,82.222222,99.375175,38.582627,1.59,-1.14,5.186942,2.456942,2.59184,3.73184
2021-11-19,4697.959961,190.39,175.43,24.675455,26.779684,4.05261,0.484045,81.706349,99.375175,38.582627,1.54,-1.11,5.16261,2.51261,2.59184,3.70184
2021-11-22,4682.939941,190.39,175.43,24.596565,26.694066,4.065608,0.467297,81.190476,99.375175,38.582627,1.63,-0.98,5.045608,2.435608,2.59184,3.57184
2021-11-23,4690.700195,190.39,175.43,24.637324,26.738301,4.058882,0.475028,81.468254,99.375175,38.582627,1.67,-0.95,5.008882,2.388882,2.59184,3.54184
2021-11-24,4701.459961,190.39,175.43,24.693839,26.799635,4.049593,0.485989,81.944444,99.375175,38.582627,1.64,-0.97,5.019593,2.409593,2.59184,3.56184
2021-11-26,4594.620117,190.39,175.43,24.132676,26.190618,4.143759,0.370382,77.738095,99.375175,38.582627,1.48,-1.07,5.213759,2.663759,2.59184,3.66184
2021-11-29,4655.27002,190.39,175.43,24.451232,26.536339,4.089774,0.435069,80.0,99.375175,38.582627,1.52,-1.02,5.109774,2.569774,2.59184,3.61184
2021-11-30,4567.0,190.39,175.43,23.987604,26.033176,4.16882,0.339319,75.873016,99.375175,38.582627,1.43,-1.07,5.23882,2.73882,2.59184,3.66184
2021-12-01,4513.040039,197.87,175.43,22.808107,25.725589,4.384406,0.096498,58.015873,110.209285,38.30485,1.43,-1.01,5.394406,2.954406,2.610635,3.620635
2021-12-02,4577.100098,197.87,175.43,23.131855,26.090749,4.323043,0.162331,60.47619,110.209285,38.30485,1.44,-1.03,5.353043,2.883043,2.610635,3.640635
2021-12-03,4538.430176,197.87,175.43,22.936424,25.87032,4.359878,0.121489,58.730159,110.209285,38.30485,1.35,-1.08,5.439878,3.009878,2.610635,3.690635
2021-12-06,4591.669922,197.87,175.43,23.205488,26.173801,4.309325,0.176195,61.269841,110.209285,38.30485,1.43,-1.01,5.319325,2.879325,2.610635,3.620635
2021-12-07,4686.75,197.87,175.43,23.686006,26.715784,4.221902,0.274451,70.634921,110.209285,38.30485,1.48,-0.99,5.211902,2.741902,2.610635,3.600635
2021-12-08,4701.209961,197.87,175.43,23.759084,26.79821,4.208916,0.288877,72.02381,110.209285,38.30485,1.52,-1.0,5.208916,2.688916,2.610635,3.610635
2021-12-09,4667.450195,197.87,175.43,23.588468,26.60577,4.23936,0.253116,68.571429,110.209285,38.30485,1.49,-0.98,5.21936,2.74936,2.610635,3.590635
2021-12-10,4712.02002,197.87,175.43,23.813716,26.85983,4.199261,0.298926,73.214286,110.209285,38.30485,1.48,-0.96,5.159261,2.719261,2.610635,3.570635
2021-12-13,4668.970215,197.87,175.43,23.59615,26.614434,4.237979,0.253449,68.611111,110.209285,38.30485,1.42,-0.98,5.217979,2.817979,2.610635,3.590635
2021-12-14,4634.089844,197.87,175.43,23.419871,26.415606,4.269878,0.216447,65.119048,110.209285,38.30485,1.44,-0.93,5.199878,2.829878,2.610635,3.540635
2021-12-15,4709.850098,197.87,182.91,23.80275,25.749549,4.201195,0.294865,73.015873,110.209285,38.30485,1.47,-0.92,5.121195,2.731195,2.610635,3.530635
2021-12-16,4668.669922,197.87,182.91,23.594632,25.52441,4.238252,0.251254,68.531746,110.209285,38.30485,1.44,-0.98,5.218252,2.798252,2.610635,3.590635
2021-12-17,4620.640137,197.87,182.91,23.351898,25.261824,4.282307,0.200451,63.214286,110.209285,38.30485,1.41,-0.97,5.252307,2.872307,2.610635,3.580635
2021-12-20,4568.02002,197.87,182.91,23.085966,24.97414,4.331636,0.144804,59.603175,110.209285,38.30485,1.43,-0.96,5.291636,2.901636,2.610635,3.570635
2021-12-21,4649.22998,197.87,182.91,23.496386,25.418129,4.255974,0.229067,66.111111,110.209285,38.30485,1.48,-0.96,5.215974,2.775974,2.610635,3.570635
2021-12-22,4696.560059,197.87,182.91,23.735584,25.676891,4.213084,0.277946,71.468254,110.209285,38.30485,1.46,-1.01,5.223084,2.753084,2.610635,3.620635
2021-12-23,4725.790039,197.87,182.91,23.883307,25.836696,4.187025,0.307904,74.722222,110.209285,38.30485,1.5,-0.97,5.157025,2.687025,2.610635,3.580635
2021-12-27,4791.189941,197.87,182.91,24.213827,26.194248,4.129872,0.375787,78.373016,110.209285,38.30485,1.48,-1.02,5.149872,2.649872,2.610635,3.630635
2021-12-28,4786.350098,197.87,182.91,24.189367,26.167788,4.134048,0.370099,78.214286,110.209285,38.30485,1.49,-1.01,5.144048,2.644048,2.610635,3.620635
2021-12-29,4793.060059,197.87,182.91,24.223278,26.204472,4.12826,0.376522,78.412698,110.209285,38.30485,1.55,-0.98,5.10826,2.57826,2.610635,3.590635
2021-12-30,4778.72998,197.87,182.91,24.150857,26.126127,4.14064,0.36088,77.777778,110.209285,38.30485,1.52,-1.06,5.20064,2.62064,2.610635,3.670635
2021-12-31,4766.180176,197.87,182.91,24.087432,26.057516,4.151543,0.347098,77.02381,110.209285,38.30485,1.52,-1.04,5.191543,2.631543,2.610635,3.650635
2022-01-03,4796.560059,197.883333,182.91,24.239333,26.223608,4.125526,0.378046,78.531746,87.590849,36.936758,1.63,-0.97,5.095526,2.495526,2.70733,3.67733
2022-01-04,4793.540039,197.883333,182.91,24.224072,26.207097,4.128125,0.374263,78.373016,87.590849,36.936758,1.66,-0.91,5.038125,2.468125,2.70733,3.61733
2022-01-05,4700.580078,197.883333,182.91,23.7543,25.698869,4.209764,0.275929,71.388889,87.590849,36.936758,1.71,-0.82,5.029764,2.499764,2.70733,3.52733
2022-01-06,4696.049805,197.883333,182.91,23.731406,25.674101,4.213825,0.270549,70.992063,87.590849,36.936758,1.73,-0.73,4.943825,2.483825,2.70733,3.43733
2022-01-07,4677.029785,197.883333,182.91,23.635289,25.570115,4.230962,0.249918,68.968254,87.590849,36.936758,1.76,-0.72,4.950962,2.470962,2.70733,3.42733
2022-01-10,4670.290039,197.883333,182.91,23.60123,25.533268,4.237067,0.242206,68.214286,87.590849,36.936758,1.78,-0.7,4.937067,2.457067,2.70733,3.40733
2022-01-11,4713.069824,197.883333,182.91,23.817417,25.767152,4.198608,0.286652,72.97619,87.590849,36.936758,1.75,-0.79,4.988608,2.448608,2.70733,3.49733
2022-01-12,4726.350098,197.883333,182.91,23.884528,25.839758,4.186811,0.300035,74.484127,87.590849,36.936758,1.74,-0.74,4.926811,2.446811,2.70733,3.44733
2022-01-13,4659.029785,197.883333,182.91,23.544326,25.471706,4.247308,0.22844,66.706349,87.590849,36.936758,1.7,-0.73,4.977308,2.547308,2.70733,3.43733
2022-01-14,4662.850098,197.883333,182.91,23.563632,25.492593,4.243828,0.231858,67.142857,87.590849,36.936758,1.78,-0.66,4.903828,2.463828,2.70733,3.36733
2022-01-18,4577.109863,197.883333,190.39,23.130346,24.040705,4.323325,0.140746,59.325397,87.590849,36.936758,1.87,-0.59,4.913325,2.453325,2.70733,3.29733
2022-01-19,4532.759766,197.883333,190.39,22.906223,23.807762,4.365626,0.093284,57.420635,87.590849,36.936758,1.83,-0.57,4.935626,2.535626,2.70733,3.27733
2022-01-20,4482.72998,197.883333,190.39,22.653398,23.544987,4.414349,0.039794,54.801587,87.590849,36.936758,1.83,-0.5,4.914349,2.584349,2.70733,3.20733
2022-01-21,4397.939941,197.883333,190.39,22.224913,23.099637,4.499455,-0.050462,47.539683,87.590849,36.936758,1.75,-0.59,5.089455,2.749455,2.70733,3.29733
2022-01-24,4410.129883,197.883333,190.39,22.286515,23.163663,4.487018,-0.038191,48.611111,87.590849,36.936758,1.75,-0.63,5.117018,2.737018,2.70733,3.33733
2022-01-25,4356.450195,197.883333,190.39,22.015246,22.881718,4.542307,-0.095615,44.484127,87.590849,36.936758,1.78,-0.63,5.172307,2.762307,2.70733,3.33733
2022-01-26,4349.930176,197.883333,190.39,21.982297,22.847472,4.549115,-0.103143,44.166667,87.590849,36.936758,1.85,-0.53,5.079115,2.699115,2.70733,3.23733
2022-01-27,4326.509766,197.883333,190.39,21.863942,22.724459,4.573741,-0.128578,43.055556,87.590849,36.936758,1.81,-0.59,5.163741,2.763741,2.70733,3.29733
2022-01-28,4431.850098,197.883333,190.39,22.396278,23.277746,4.465028,-0.017569,50.357143,87.590849,36.936758,1.78,-0.66,5.125028,2.685028,2.70733,3.36733
2022-01-31,4515.549805,197.883333,190.39,22.819253,23.717369,4.382264,0.07055,56.746032,87.590849,36.936758,1.79,-0.65,5.032264,2.592264,2.70733,3.35733
2022-02-01,4546.540039,197.896667,190.39,22.974313,23.880141,4.352687,0.102483,57.698413,69.369241,35.287149,1.81,-0.62,4.972687,2.542687,2.833893,3.453893
2022-02-02,4589.379883,197.896667,190.39,23.190789,24.105152,4.312057,0.147328,60.0,69.369241,35.287149,1.78,-0.63,4.942057,2.532057,2.833893,3.463893
2022-02-03,4477.439941,197.896667,190.39,22.625141,23.517201,4.419862,0.027875,54.166667,69.369241,35.287149,1.82,-0.56,4.979862,2.599862,2.833893,3.393893
2022-02-04,4500.529785,197.896667,190.39,22.741817,23.638478,4.397186,0.051781,55.992063,69.369241,35.287149,1.93,-0.48,4.877186,2.467186,2.833893,3.313893
2022-02-07,4483.870117,197.896667,190.39,22.657633,23.550975,4.413524,0.033461,54.722222,69.369241,35.287149,1.92,-0.48,4.893524,2.493524,2.833893,3.313893
2022-02-08,4521.540039,197.896667,190.39,22.847985,23.748832,4.376754,0.07291,56.785714,69.369241,35.287149,1.96,-0.46,4.836754,2.416754,2.833893,3.293893
2022-02-09,4587.180176,197.896667,190.39,23.179674,24.093598,4.314125,0.14213,59.84127,69.369241,35.287149,1.94,-0.48,4.794125,2.374125,2.833893,3.313893
2022-02-10,4504.080078,197.896667,190.39,22.759757,23.657125,4.39372,0.053105,56.190476,69.369241,35.287149,2.03,-0.42,4.81372,2.36372,2.833893,3.253893
2022-02-11,4418.640137,197.896667,190.39,22.328017,23.208363,4.478678,-0.038454,48.730159,69.369241,35.287149,1.92,-0.51,4.988678,2.558678,2.833893,3.343893
2022-02-14,4401.669922,197.896667,197.87,22.242264,22.245262,4.495945,-0.057129,47.460317,69.369241,35.287149,1.98,-0.5,4.995945,2.515945,2.833893,3.333893
2022-02-15,4471.069824,197.896667,197.87,22.592952,22.595996,4.426159,0.016213,53.412698,69.369241,35.287149,2.05,-0.43,4.856159,2.376159,2.833893,3.263893
2022-02-16,4475.009766,197.896667,197.87,22.612861,22.615908,4.422262,0.019814,53.690476,69.369241,35.287149,2.03,-0.43,4.852262,2.392262,2.833893,3.263893
2022-02-17,4380.259766,197.896667,197.87,22.134075,22.137059,4.517921,-0.081844,45.357143,69.369241,35.287149,1.97,-0.46,4.977921,2.547921,2.833893,3.293893
2022-02-18,4348.870117,197.896667,197.87,21.975459,21.978421,4.550531,-0.115953,43.452381,69.369241,35.287149,1.92,-0.49,5.040531,2.630531,2.833893,3.323893
2022-02-22,4304.759766,197.896667,197.87,21.752563,21.755495,4.597159,-0.163642,41.507937,69.369241,35.287149,1.94,-0.51,5.107159,2.657159,2.833893,3.343893
2022-02-23,4225.5,197.896667,197.87,21.352052,21.35493,4.683391,-0.24889,37.936508,69.369241,35.287149,1.99,-0.54,5.223391,2.693391,2.833893,3.373893
2022-02-24,4288.700195,197.896667,197.87,21.671412,21.674333,4.614374,-0.181964,40.793651,69.369241,35.287149,1.96,-0.59,5.204374,2.654374,2.833893,3.423893
2022-02-25,4384.649902,197.896667,197.87,22.156259,22.159245,4.513397,-0.080005,45.714286,69.369241,35.287149,1.97,-0.57,5.083397,2.543397,2.833893,3.403893
2022-02-28,4373.939941,197.896667,197.87,22.102141,22.105119,4.524449,-0.092053,44.761905,69.369241,35.287149,1.83,-0.79,5.314449,2.694449,2.833893,3.623893
2022-03-01,4306.259766,197.91,197.87,21.758677,21.763076,4.595868,-0.165366,41.468254,54.375975,34.270799,1.72,-0.9,5.495868,2.875868,2.917936,3.817936
2022-03-02,4386.540039,197.91,197.87,22.164317,22.168798,4.511756,-0.08004,45.793651,54.375975,34.270799,1.86,-0.85,5.361756,2.651756,2.917936,3.767936
2022-03-03,4363.490234,197.91,197.87,22.047851,22.052308,4.535589,-0.105307,44.087302,54.375975,34.270799,1.86,-0.83,5.365589,2.675589,2.917936,3.747936
2022-03-04,4328.870117,197.91,197.87,21.872923,21.877344,4.571863,-0.142988,42.460317,54.375975,34.270799,1.74,-0.93,5.501863,2.831863,2.917936,3.847936
2022-03-07,4201.089844,197.91,197.87,21.227274,21.231565,4.71092,-0.28052,36.388889,54.375975,34.270799,1.78,-0.99,5.70092,2.93092,2.917936,3.907936
2022-03-08,4170.700195,197.91,197.87,21.073721,21.077981,4.745246,-0.313706,35.396825,54.375975,34.270799,1.86,-1.04,5.785246,2.885246,2.917936,3.957936
2022-03-09,4277.879883,197.91,197.87,21.615279,21.619649,4.626357,-0.199364,40.238095,54.375975,34.270799,1.94,-0.9,5.526357,2.686357,2.917936,3.817936
2022-03-10,4259.52002,197.91,197.87,21.52251,21.526861,4.646298,-0.219705,38.888889,54.375975,34.270799,1.98,-0.88,5.526298,2.666298,2.917936,3.797936
2022-03-11,4204.310059,197.91,197.87,21.243545,21.24784,4.707312,-0.279606,36.507937,54.375975,34.270799,2.0,-0.94,5.647312,2.707312,2.917936,3.857936
2022-03-14,4173.109863,197.91,197.87,21.085897,21.09016,4.742506,-0.313731,35.47619,54.375975,34.270799,2.14,-0.79,5.532506,2.602506,2.917936,3.707936
2022-03-15,4262.450195,197.91,197.87,21.537316,21.54167,4.643104,-0.218342,39.047619,54.375975,34.270799,2.15,-0.69,5.333104,2.493104,2.917936,3.607936
2022-03-16,4357.859863,197.91,197.87,22.019402,22.023853,4.541449,-0.116383,43.769841,54.375975,34.270799,2.19,-0.61,5.151449,2.351449,2.917936,3.527936
2022-03-17,4411.669922,197.91,197.883333,22.291294,22.294298,4.486056,-0.059088,48.134921,54.375975,34.270799,2.2,-0.71,5.196056,2.286056,2.917936,3.627936
2022-03-18,4463.120117,197.91,197.883333,22.551261,22.5543,4.434342,-0.00431,52.579365,54.375975,34.270799,2.14,-0.72,5.154342,2.294342,2.917936,3.637936
2022-03-21,4461.180176,197.91,197.883333,22.541459,22.544497,4.43627,-0.006967,52.460317,54.375975,34.270799,2.32,-0.58,5.01627,2.11627,2.917936,3.497936
2022-03-22,4511.609863,197.91,197.883333,22.79627,22.799342,4.386682,0.046767,56.428571,54.375975,34.270799,2.38,-0.53,4.916682,2.006682,2.917936,3.447936
2022-03-23,4456.240234,197.91,197.883333,22.516499,22.519533,4.441188,-0.013441,52.02381,54.375975,34.270799,2.32,-0.62,5.061188,2.121188,2.917936,3.537936
2022-03-24,4520.160156,197.91,197.883333,22.839473,22.842551,4.378385,0.054875,56.666667,54.375975,34.270799,2.34,-0.58,4.958385,2.038385,2.917936,3.497936
2022-03-25,4543.060059,197.91,197.883333,22.955182,22.958275,4.356315,0.078994,57.539683,54.375975,34.270799,2.48,-0.47,4.826315,1.876315,2.917936,3.387936
2022-03-28,4575.52002,197.91,197.883333,23.119196,23.122311,4.32541,0.113425,59.087302,54.375975,34.270799,2.46,-0.49,4.81541,1.86541,2.917936,3.407936
2022-03-29,4631.600098,197.91,197.883333,23.402557,23.405711,4.273037,0.173361,63.849206,54.375975,34.270799,2.41,-0.45,4.723037,1.863037,2.917936,3.367936
2022-03-30,4602.450195,197.91,197.883333,23.255269,23.258402,4.300101,0.141335,60.674603,54.375975,34.270799,2.35,-0.51,4.810101,1.950101,2.917936,3.427936
2022-03-31,4530.410156,197.91,197.883333,22.891264,22.894349,4.368479,0.062979,56.984127,54.375975,34.270799,2.32,-0.52,4.888479,2.048479,2.917936,3.437936
2022-04-01,4545.859863,196.026667,197.883333,23.190007,22.972424,4.312202,0.126281,59.880952,41.651412,33.889165,2.39,-0.41,4.722202,1.922202,2.950796,3.360796
2022-04-04,4582.640137,196.026667,197.883333,23.377636,23.158293,4.277592,0.165841,63.134921,41.651412,33.889165,2.42,-0.38,4.657592,1.857592,2.950796,3.330796
2022-04-05,4525.120117,196.026667,197.883333,23.084207,22.867616,4.331966,0.102487,58.531746,41.651412,33.889165,2.54,-0.3,4.631966,1.791966,2.950796,3.250796
2022-04-06,4481.149902,196.026667,197.883333,22.859899,22.645414,4.374472,0.053915,56.468254,41.651412,33.889165,2.61,-0.22,4.594472,1.764472,2.950796,3.170796
2022-04-07,4500.209961,196.026667,197.883333,22.957131,22.741733,4.355945,0.074175,57.301587,41.651412,33.889165,2.66,-0.16,4.515945,1.695945,2.950796,3.110796
2022-04-08,4488.279785,196.026667,197.883333,22.896271,22.681444,4.367523,0.060562,56.865079,41.651412,33.889165,2.72,-0.15,4.517523,1.647523,2.950796,3.100796
2022-04-11,4412.529785,196.026667,197.883333,22.509844,22.298643,4.442501,-0.022835,51.428571,41.651412,33.889165,2.79,-0.12,4.562501,1.652501,2.950796,3.070796
2022-04-12,4397.450195,196.026667,197.883333,22.432918,22.222438,4.457735,-0.039924,50.119048,41.651412,33.889165,2.72,-0.14,4.597735,1.737735,2.950796,3.090796
2022-04-13,4446.589844,196.026667,197.883333,22.683597,22.470765,4.408472,0.013233,54.603175,41.651412,33.889165,2.7,-0.1,4.508472,1.708472,2.950796,3.050796
2022-04-14,4392.589844,196.026667,197.883333,22.408124,22.197877,4.462667,-0.046496,49.404762,41.651412,33.889165,2.83,-0.06,4.522667,1.632667,2.950796,3.010796
2022-04-18,4391.689941,196.026667,197.896667,22.403533,22.191834,4.463582,-0.048073,49.285714,41.651412,33.889165,2.85,-0.07,4.533582,1.613582,2.950796,3.020796
2022-04-19,4462.209961,196.026667,197.896667,22.76328,22.548181,4.39304,0.028596,55.674603,41.651412,33.889165,2.93,0.0,4.39304,1.46304,2.950796,2.950796
2022-04-20,4459.450195,196.026667,197.896667,22.749202,22.534236,4.395759,0.024964,55.47619,41.651412,33.889165,2.85,-0.07,4.465759,1.545759,2.950796,3.020796
2022-04-21,4393.660156,196.026667,197.896667,22.413584,22.20179,4.46158,-0.047783,49.603175,41.651412,33.889165,2.9,-0.12,4.58158,1.56158,2.950796,3.070796
2022-04-22,4271.779785,196.026667,197.896667,21.79183,21.585911,4.588876,-0.182121,40.555556,41.651412,33.889165,2.9,-0.08,4.668876,1.688876,2.950796,3.030796
2022-04-25,4296.120117,196.026667,197.896667,21.915998,21.708906,4.562877,-0.156012,41.785714,41.651412,33.889165,2.81,-0.1,4.662877,1.752877,2.950796,3.050796
2022-04-26,4175.200195,196.026667,197.896667,21.299144,21.09788,4.695024,-0.289425,35.833333,41.651412,33.889165,2.77,-0.08,4.775024,1.925024,2.950796,3.030796
2022-04-27,4183.959961,196.026667,197.896667,21.343831,21.142145,4.685195,-0.280431,36.349206,41.651412,33.889165,2.82,-0.06,4.745195,1.865195,2.950796,3.010796
2022-04-28,4287.5,196.026667,197.896667,21.872024,21.665347,4.572051,-0.167235,41.269841,41.651412,33.889165,2.85,-0.12,4.692051,1.722051,2.950796,3.070796
2022-04-29,4131.930176,196.026667,197.896667,21.078409,20.879231,4.744191,-0.33892,34.087302,41.651412,33.889165,2.89,0.01,4.734191,1.854191,2.950796,2.940796
2022-05-02,4155.379883,194.143333,197.896667,21.40367,20.997725,4.672096,-0.269358,36.785714,30.671722,30.673155,2.99,0.18,4.492096,1.682096,3.26018,3.08018
2022-05-03,4175.47998,194.143333,197.896667,21.507203,21.099294,4.649605,-0.247603,37.619048,30.671722,30.673155,2.97,0.14,4.509605,1.679605,3.26018,3.12018
2022-05-04,4300.169922,194.143333,197.896667,22.14946,21.72937,4.514783,-0.109562,44.444444,30.671722,30.673155,2.93,0.07,4.444783,1.584783,3.26018,3.19018
2022-05-05,4146.870117,194.143333,197.896667,21.359838,20.954724,4.681683,-0.280648,36.269841,30.671722,30.673155,3.05,0.18,4.501683,1.631683,3.26018,3.08018
2022-05-06,4123.339844,194.143333,197.896667,21.238637,20.835823,4.7084,-0.307411,34.920635,30.671722,30.673155,3.12,0.26,4.4484,1.5884,3.26018,3.00018
2022-05-09,3991.23999,194.143333,197.896667,20.558213,20.168303,4.864236,-0.455049,30.277778,30.671722,30.673155,3.05,0.3,4.564236,1.814236,3.26018,2.96018
2022-05-10,4001.050049,194.143333,197.896667,20.608743,20.217875,4.85231,-0.444752,30.436508,30.671722,30.673155,2.99,0.34,4.51231,1.86231,3.26018,2.92018
2022-05-11,3935.179932,194.143333,197.896667,20.269457,19.885024,4.933531,-0.51876,28.730159,30.671722,30.673155,2.91,0.21,4.723531,2.023531,3.26018,3.05018
2022-05-12,3930.080078,194.143333,197.896667,20.243188,19.859254,4.939933,-0.525077,28.492063,30.671722,30.673155,2.84,0.25,4.689933,2.099933,3.26018,3.01018
2022-05-13,4023.889893,194.143333,197.896667,20.726387,20.333288,4.824768,-0.421131,31.071429,30.671722,30.673155,2.93,0.24,4.584768,1.894768,3.26018,3.02018
2022-05-16,4008.01001,194.143333,197.91,20.644593,20.25168,4.843883,-0.439494,30.634921,30.671722,30.673155,2.88,0.2,4.643883,1.963883,3.26018,3.06018
2022-05-17,4088.850098,194.143333,197.91,21.060986,20.660149,4.748116,-0.34993,33.650794,30.671722,30.673155,2.98,0.27,4.478116,1.768116,3.26018,2.99018
2022-05-18,3923.679932,194.143333,197.91,20.210222,19.825577,4.947991,-0.535036,28.214286,30.671722,30.673155,2.89,0.17,4.777991,2.057991,3.26018,3.09018
2022-05-19,3900.790039,194.143333,197.91,20.09232,19.709919,4.977026,-0.561302,27.777778,30.671722,30.673155,2.84,0.25,4.727026,2.137026,3.26018,3.01018
2022-05-20,3901.360107,194.143333,197.91,20.095257,19.712799,4.976299,-0.561373,27.777778,30.671722,30.673155,2.78,0.23,4.746299,2.196299,3.26018,3.03018
2022-05-23,3973.75,194.143333,197.91,20.468125,20.078571,4.885645,-0.481174,29.761905,30.671722,30.673155,2.86,0.26,4.625645,2.025645,3.26018,3.00018
2022-05-24,3941.47998,194.143333,197.91,20.301907,19.915517,4.925646,-0.518042,28.809524,30.671722,30.673155,2.76,0.21,4.715646,2.165646,3.26018,3.05018
2022-05-25,3978.72998,194.143333,197.91,20.493776,20.103734,4.87953,-0.477072,29.84127,30.671722,30.673155,2.75,0.19,4.68953,2.12953,3.26018,3.07018
2022-05-26,4057.840088,194.143333,197.91,20.901259,20.503462,4.784401,-0.389194,32.420635,30.671722,30.673155,2.75,0.13,4.654401,2.034401,3.26018,3.13018
2022-05-27,4158.240234,194.143333,197.91,21.418403,21.010764,4.668882,-0.277399,36.825397,30.671722,30.673155,2.74,0.11,4.558882,1.928882,3.26018,3.15018
2022-05-31,4132.149902,194.143333,197.91,21.284016,20.878934,4.698361,-0.30736,35.31746,30.671722,30.673155,2.85,0.21,4.488361,1.848361,3.26018,3.05018
2022-06-01,4101.22998,192.26,197.91,21.331686,20.722702,4.687862,-0.297693,35.833333,21.101033,29.047721,2.94,0.29,4.397862,1.747862,3.442611,3.152611
2022-06-02,4176.819824,192.26,197.91,21.724851,21.104643,4.603024,-0.212705,39.642857,21.101033,29.047721,2.92,0.26,4.343024,1.683024,3.442611,3.182611
2022-06-03,4108.540039,192.26,197.91,21.369708,20.759638,4.679521,-0.290855,36.309524,21.101033,29.047721,2.96,0.22,4.459521,1.719521,3.442611,3.222611
2022-06-06,4121.430176,192.26,197.91,21.436753,20.82477,4.664886,-0.276955,37.063492,21.101033,29.047721,3.04,0.28,4.384886,1.624886,3.442611,3.162611
2022-06-07,4160.680176,192.26,197.91,21.640904,21.023092,4.620879,-0.233156,39.166667,21.101033,29.047721,2.98,0.25,4.370879,1.640879,3.442611,3.192611
2022-06-08,4115.77002,192.26,197.91,21.407313,20.79617,4.671301,-0.284943,36.587302,21.101033,29.047721,3.03,0.28,4.391301,1.641301,3.442611,3.162611
2022-06-09,4017.820068,192.26,197.91,20.897847,20.301248,4.785182,-0.397057,31.984127,21.101033,29.047721,3.04,0.29,4.495182,1.745182,3.442611,3.152611
2022-06-10,3900.860107,192.26,197.91,20.289504,19.710273,4.928657,-0.530816,28.293651,21.101033,29.047721,3.15,0.39,4.538657,1.778657,3.442611,3.052611
2022-06-13,3749.629883,192.26,197.91,19.502912,18.946137,5.127439,-0.703632,24.880952,21.101033,29.047721,3.43,0.69,4.437439,1.697439,3.442611,2.752611
2022-06-14,3735.47998,192.26,197.91,19.429314,18.87464,5.146862,-0.720445,24.722222,21.101033,29.047721,3.49,0.89,4.256862,1.656862,3.442611,2.552611
2022-06-15,3789.98999,192.26,196.026667,19.712837,19.334053,5.072837,-0.659107,25.555556,21.101033,29.047721,3.33,0.63,4.442837,1.742837,3.442611,2.812611
2022-06-16,3666.77002,192.26,196.026667,19.071934,18.705465,5.243307,-0.800216,24.126984,21.101033,29.047721,3.28,0.66,4.583307,1.963307,3.442611,2.782611
2022-06-17,3674.840088,192.26,196.026667,19.113909,18.746634,5.231792,-0.791735,24.285714,21.101033,29.047721,3.25,0.67,4.561792,1.981792,3.442611,2.772611
2022-06-21,3764.790039,192.26,196.026667,19.581764,19.205499,5.106792,-0.689847,25.0,21.101033,29.047721,3.31,0.7,4.406792,1.796792,3.442611,2.742611
2022-06-22,3759.889893,192.26,196.026667,19.556277,19.180502,5.113448,-0.696114,24.920635,21.101033,29.047721,3.16,0.62,4.493448,1.953448,3.442611,2.822611
2022-06-23,3795.72998,192.26,196.026667,19.742692,19.363335,5.065165,-0.655878,25.595238,21.101033,29.047721,3.09,0.59,4.475165,1.975165,3.442611,2.852611
2022-06-24,3911.73999,192.26,196.026667,20.346094,19.955142,4.914948,-0.524051,28.571429,21.101033,29.047721,3.13,0.57,4.344948,1.784948,3.442611,2.872611
2022-06-27,3900.110107,192.26,196.026667,20.285603,19.895814,4.929604,-0.538008,28.134921,21.101033,29.047721,3.2,0.65,4.279604,1.729604,3.442611,2.792611
2022-06-28,3821.550049,192.26,196.026667,19.87699,19.495052,5.030943,-0.628534,26.071429,21.101033,29.047721,3.2,0.72,4.310943,1.830943,3.442611,2.722611
2022-06-29,3818.830078,192.26,196.026667,19.862842,19.481176,5.034526,-0.632349,25.992063,21.101033,29.047721,3.1,0.74,4.294526,1.934526,3.442611,2.702611
2022-06-30,3785.379883,192.26,196.026667,19.688858,19.310535,5.079015,-0.671369,25.15873,21.101033,29.047721,2.98,0.65,4.429015,2.099015,3.442611,2.792611
2022-07-01,3825.330078,190.583333,196.026667,20.071693,19.514335,4.982141,-0.587849,27.02381,15.985394,29.004618,2.88,0.54,4.442141,2.102141,3.447727,2.907727
2022-07-05,3831.389893,190.583333,196.026667,20.103489,19.545248,4.974261,-0.581564,27.142857,15.985394,29.004618,2.82,0.52,4.454261,2.154261,3.447727,2.927727
2022-07-06,3845.080078,190.583333,196.026667,20.175322,19.615087,4.95655,-0.566462,27.460317,15.985394,29.004618,2.93,0.64,4.31655,2.02655,3.447727,2.807727
2022-07-07,3902.620117,190.583333,196.026667,20.477237,19.908618,4.883471,-0.500579,29.404762,15.985394,29.004618,3.01,0.68,4.203471,1.873471,3.447727,2.767727
2022-07-08,3899.379883,190.583333,196.026667,20.460236,19.892089,4.887529,-0.504974,29.246032,15.985394,29.004618,3.09,0.72,4.167529,1.797529,3.447727,2.727727
2022-07-11,3854.429932,190.583333,196.026667,20.224381,19.662784,4.944527,-0.557636,27.5,15.985394,29.004618,2.99,0.67,4.274527,1.954527,3.447727,2.777727
2022-07-12,3818.800049,190.583333,196.026667,20.037429,19.481023,4.99066,-0.599535,26.666667,15.985394,29.004618,2.96,0.64,4.35066,2.03066,3.447727,2.807727
2022-07-13,3801.780029,190.583333,196.026667,19.948124,19.394198,5.013003,-0.619913,26.031746,15.985394,29.004618,2.91,0.6,4.413003,2.103003,3.447727,2.847727
2022-07-14,3790.379883,190.583333,196.026667,19.888307,19.336042,5.02808,-0.63379,25.753968,15.985394,29.004618,2.96,0.62,4.40808,2.06808,3.447727,2.827727
2022-07-15,3863.159912,190.583333,194.143333,20.270188,19.898494,4.933353,-0.550089,27.896825,15.985394,29.004618,2.93,0.57,4.363353,2.003353,3.447727,2.877727
2022-07-18,3830.850098,190.583333,194.143333,20.100656,19.732071,4.974962,-0.588264,26.904762,15.985394,29.004618,2.96,0.59,4.384962,2.014962,3.447727,2.857727
2022-07-19,3936.689941,190.583333,194.143333,20.656003,20.277235,4.841208,-0.466127,30.198413,15.985394,29.004618,3.01,0.62,4.221208,1.831208,3.447727,2.827727
2022-07-20,3959.899902,190.583333,194.143333,20.777787,20.396785,4.812832,-0.439844,31.031746,15.985394,29.004618,3.04,0.66,4.152832,1.772832,3.447727,2.787727
2022-07-21,3998.949951,190.583333,194.143333,20.982685,20.597926,4.765834,-0.395151,32.698413,15.985394,29.004618,2.91,0.58,4.185834,1.855834,3.447727,2.867727
2022-07-22,3961.629883,190.583333,194.143333,20.786864,20.405696,4.81073,-0.439191,31.111111,15.985394,29.004618,2.77,0.43,4.38073,2.04073,3.447727,3.017727
2022-07-25,3966.840088,190.583333,194.143333,20.814203,20.432533,4.804412,-0.433777,31.230159,15.985394,29.004618,2.81,0.45,4.354412,1.994412,3.447727,2.997727
2022-07-26,3921.050049,190.583333,194.143333,20.57394,20.196676,4.860518,-0.487688,29.603175,15.985394,29.004618,2.81,0.45,4.410518,2.050518,3.447727,2.997727
2022-07-27,4023.610107,190.583333,194.143333,21.112078,20.724946,4.736625,-0.368978,33.809524,15.985394,29.004618,2.78,0.36,4.376625,1.956625,3.447727,3.087727
2022-07-28,4072.429932,190.583333,194.143333,21.368238,20.976409,4.679843,-0.312807,36.150794,15.985394,29.004618,2.68,0.2,4.479843,1.999843,3.447727,3.247727
2022-07-29,4130.290039,190.583333,194.143333,21.671832,21.274437,4.614284,-0.246088,39.325397,15.985394,29.004618,2.67,0.14,4.474284,1.944284,3.447727,3.307727
2022-08-01,4118.629883,188.906667,194.143333,21.802459,21.214377,4.586639,-0.217758,40.47619,11.204427,30.698763,2.6,0.09,4.496639,1.986639,3.25746,3.16746
2022-08-02,4091.189941,188.906667,194.143333,21.657203,21.073039,4.617402,-0.250711,39.126984,11.204427,30.698763,2.75,0.27,4.347402,1.867402,3.25746,2.98746
2022-08-03,4155.169922,188.906667,194.143333,21.995888,21.402589,4.546304,-0.176013,42.380952,11.204427,30.698763,2.73,0.23,4.316304,1.816304,3.25746,3.02746
2022-08-04,4151.939941,188.906667,194.143333,21.97879,21.385952,4.549841,-0.180444,42.261905,11.204427,30.698763,2.68,0.22,4.329841,1.869841,3.25746,3.03746
2022-08-05,4145.189941,188.906667,194.143333,21.943058,21.351184,4.55725,-0.189033,41.904762,11.204427,30.698763,2.83,0.37,4.18725,1.72725,3.25746,2.88746
2022-08-08,4140.060059,188.906667,194.143333,21.915902,21.32476,4.562897,-0.195713,41.587302,11.204427,30.698763,2.77,0.29,4.272897,1.792897,3.25746,2.96746
2022-08-09,4122.470215,188.906667,194.143333,21.822788,21.234158,4.582366,-0.217107,40.396825,11.204427,30.698763,2.8,0.33,4.252366,1.782366,3.25746,2.92746
2022-08-10,4210.240234,188.906667,194.143333,22.287409,21.686247,4.486838,-0.114141,47.142857,11.204427,30.698763,2.78,0.35,4.136838,1.706838,3.25746,2.90746
2022-08-11,4207.27002,188.906667,194.143333,22.271686,21.670948,4.490006,-0.118253,46.666667,11.204427,30.698763,2.87,0.4,4.090006,1.620006,3.25746,2.85746
2022-08-12,4280.149902,188.906667,194.143333,22.657485,22.04634,4.413553,-0.032766,53.928571,11.204427,30.698763,2.84,0.37,4.043553,1.573553,3.25746,2.88746
2022-08-15,4297.140137,188.906667,192.26,22.747424,22.350672,4.396102,-0.013282,55.436508,11.204427,30.698763,2.79,0.35,4.046102,1.606102,3.25746,2.90746
2022-08-16,4305.200195,188.906667,192.26,22.790091,22.392594,4.387872,-0.004346,55.912698,11.204427,30.698763,2.82,0.38,4.007872,1.567872,3.25746,2.87746
2022-08-17,4274.040039,188.906667,192.26,22.625141,22.230521,4.419862,-0.04179,53.214286,11.204427,30.698763,2.89,0.43,3.989862,1.529862,3.25746,2.82746
2022-08-18,4283.740234,188.906667,192.26,22.67649,22.280975,4.409853,-0.030906,54.285714,11.204427,30.698763,2.88,0.36,4.049853,1.529853,3.25746,2.89746
2022-08-19,4228.47998,188.906667,192.26,22.383964,21.99355,4.467484,-0.096916,48.492063,11.204427,30.698763,2.98,0.43,4.037484,1.487484,3.25746,2.82746
2022-08-22,4137.990234,188.906667,192.26,21.904945,21.522887,4.565179,-0.204679,41.190476,11.204427,30.698763,3.03,0.46,4.105179,1.535179,3.25746,2.79746
2022-08-23,4128.72998,188.906667,192.26,21.855925,21.474722,4.575418,-0.216236,40.47619,11.204427,30.698763,3.05,0.47,4.105418,1.525418,3.25746,2.78746
2022-08-24,4140.77002,188.906667,192.26,21.919661,21.537345,4.562114,-0.202548,41.349206,11.204427,30.698763,3.11,0.49,4.072114,1.452114,3.25746,2.76746
2022-08-25,4199.120117,188.906667,192.26,22.228544,21.840841,4.49872,-0.133941,45.674603,11.204427,30.698763,3.03,0.43,4.06872,1.46872,3.25746,2.82746
2022-08-26,4057.659912,188.906667,192.26,21.479707,21.105066,4.655557,-0.302341,36.507937,11.204427,30.698763,3.04,0.47,4.185557,1.615557,3.25746,2.78746
2022-08-29,4030.610107,188.906667,192.26,21.336516,20.964372,4.686801,-0.335032,34.920635,11.204427,30.698763,3.12,0.54,4.146801,1.566801,3.25746,2.71746
2022-08-30,3986.159912,188.906667,192.26,21.101214,20.733173,4.739064,-0.388411,32.81746,11.204427,30.698763,3.11,0.56,4.179064,1.629064,3.25746,2.69746
2022-08-31,3955.0,188.906667,192.26,20.936265,20.571102,4.776401,-0.426011,31.349206,11.204427,30.698763,3.15,0.67,4.106401,1.626401,3.25746,2.58746
2022-09-01,3966.850098,187.23,192.26,21.187043,20.632737,4.719866,-0.370316,33.412698,6.72633,28.229885,3.26,0.81,3.909866,1.459866,3.542345,2.732345
2022-09-02,3924.26001,187.23,192.26,20.959568,20.411214,4.771091,-0.421991,31.547619,6.72633,28.229885,3.2,0.73,4.041091,1.571091,3.542345,2.812345
2022-09-06,3908.189941,187.23,192.26,20.873738,20.327629,4.790709,-0.441864,30.595238,6.72633,28.229885,3.33,0.85,3.940709,1.460709,3.542345,2.692345
2022-09-07,3979.870117,187.23,192.26,21.256583,20.700458,4.704425,-0.35644,33.928571,6.72633,28.229885,3.27,0.82,3.884425,1.434425,3.542345,2.722345
2022-09-08,4006.179932,187.23,192.26,21.397105,20.837303,4.673529,-0.325451,35.634921,6.72633,28.229885,3.29,0.88,3.793529,1.383529,3.542345,2.662345
2022-09-09,4067.360107,187.23,192.26,21.72387,21.155519,4.603231,-0.252549,38.888889,6.72633,28.229885,3.33,0.91,3.693231,1.273231,3.542345,2.632345
2022-09-12,4110.410156,187.23,192.26,21.953801,21.379435,4.55502,-0.201408,41.626984,6.72633,28.229885,3.37,0.95,3.60502,1.18502,3.542345,2.592345
2022-09-13,3932.689941,187.23,192.26,21.004593,20.455061,4.760864,-0.415643,31.666667,6.72633,28.229885,3.42,0.98,3.780864,1.340864,3.542345,2.562345
2022-09-14,3946.01001,187.23,190.583333,21.075736,20.704906,4.744793,-0.400163,32.261905,6.72633,28.229885,3.41,0.95,3.794793,1.334793,3.542345,2.592345
2022-09-15,3901.350098,187.23,190.583333,20.837206,20.470573,4.799108,-0.454451,30.198413,6.72633,28.229885,3.45,1.02,3.779108,1.349108,3.542345,2.522345
2022-09-16,3873.330078,187.23,190.583333,20.68755,20.323551,4.833825,-0.488717,28.730159,6.72633,28.229885,3.45,1.07,3.763825,1.383825,3.542345,2.472345
2022-09-19,3899.889893,187.23,190.583333,20.829407,20.462912,4.800905,-0.457275,30.039683,6.72633,28.229885,3.49,1.15,3.650905,1.310905,3.542345,2.392345
2022-09-20,3855.929932,187.23,190.583333,20.594616,20.232252,4.855638,-0.510717,28.134921,6.72633,28.229885,3.57,1.17,3.685638,1.285638,3.542345,2.372345
2022-09-21,3789.929932,187.23,190.583333,20.242108,19.885946,4.940197,-0.590704,25.793651,6.72633,28.229885,3.51,1.13,3.810197,1.430197,3.542345,2.412345
2022-09-22,3757.98999,187.23,190.583333,20.071516,19.718356,4.982185,-0.629661,24.880952,6.72633,28.229885,3.7,1.29,3.692185,1.282185,3.542345,2.252345
2022-09-23,3693.22998,187.23,190.583333,19.725631,19.378557,5.069546,-0.708177,23.095238,6.72633,28.229885,3.69,1.32,3.749546,1.379546,3.542345,2.222345
2022-09-26,3655.040039,187.23,190.583333,19.521658,19.178173,5.122516,-0.754653,22.261905,6.72633,28.229885,3.88,1.56,3.562516,1.242516,3.542345,1.982345
2022-09-27,3647.290039,187.23,190.583333,19.480265,19.137508,5.1334,-0.764422,22.063492,6.72633,28.229885,3.97,1.64,3.4934,1.1634,3.542345,1.902345
2022-09-28,3719.040039,187.23,190.583333,19.863484,19.513984,5.034364,-0.678308,23.690476,6.72633,28.229885,3.72,1.39,3.644364,1.314364,3.542345,2.152345
2022-09-29,3640.469971,187.23,190.583333,19.443839,19.101723,5.143017,-0.773554,21.944444,6.72633,28.229885,3.76,1.57,3.573017,1.383017,3.542345,1.972345
2022-09-30,3585.620117,187.23,190.583333,19.150885,18.813923,5.221691,-0.840198,21.468254,6.72633,28.229885,3.83,1.68,3.541691,1.391691,3.542345,1.862345
2022-10-03,3678.429932,182.403333,190.583333,20.166462,19.3009,4.958728,-0.611132,25.436508,-0.277003,27.080767,3.67,1.43,3.528728,1.288728,3.692658,2.262658
2022-10-04,3790.929932,182.403333,190.583333,20.783227,19.891193,4.811572,-0.47218,29.52381,-0.277003,27.080767,3.62,1.38,3.431572,1.191572,3.692658,2.312658
2022-10-05,3783.280029,182.403333,190.583333,20.741288,19.851054,4.821301,-0.482201,29.007937,-0.277003,27.080767,3.76,1.54,3.281301,1.061301,3.692658,2.152658
2022-10-06,3744.52002,182.403333,190.583333,20.528792,19.647678,4.871207,-0.530808,27.738095,-0.277003,27.080767,3.83,1.61,3.261207,1.041207,3.692658,2.082658
2022-10-07,3639.659912,182.403333,190.583333,19.953911,19.097472,5.011549,-0.661434,23.968254,-0.277003,27.080767,3.89,1.62,3.391549,1.121549,3.692658,2.072658
2022-10-10,3612.389893,182.403333,190.583333,19.804407,18.954385,5.049381,-0.695757,23.095238,-0.277003,27.080767,3.89,1.62,3.429381,1.159381,3.692658,2.072658
2022-10-11,3588.840088,182.403333,190.583333,19.675299,18.830818,5.082515,-0.725439,22.420635,-0.277003,27.080767,3.93,1.62,3.462515,1.152515,3.692658,2.072658
2022-10-12,3577.030029,182.403333,190.583333,19.610552,18.76885,5.099296,-0.740543,22.103175,-0.277003,27.080767,3.91,1.62,3.479296,1.189296,3.692658,2.072658
2022-10-13,3669.909912,182.403333,190.583333,20.119752,19.256195,4.97024,-0.625628,25.0,-0.277003,27.080767,3.97,1.63,3.34024,1.00024,3.692658,2.062658
2022-10-14,3583.070068,182.403333,190.583333,19.643666,18.800543,5.0907,-0.73403,22.222222,-0.277003,27.080767,4.0,1.59,3.5007,1.0907,3.692658,2.102658
2022-10-17,3677.949951,182.403333,188.906667,20.163831,19.469667,4.959375,-0.616611,25.277778,-0.277003,27.080767,4.02,1.57,3.389375,0.939375,3.692658,2.122658
2022-10-18,3719.97998,182.403333,188.906667,20.394254,19.692158,4.903342,-0.564884,26.944444,-0.277003,27.080767,4.01,1.6,3.303342,0.893342,3.692658,2.092658
2022-10-19,3695.159912,182.403333,188.906667,20.258182,19.56077,4.936277,-0.596302,25.793651,-0.277003,27.080767,4.14,1.72,3.216277,0.796277,3.692658,1.972658
2022-10-20,3665.780029,182.403333,188.906667,20.097111,19.405244,4.97584,-0.633374,24.722222,-0.277003,27.080767,4.24,1.73,3.24584,0.73584,3.692658,1.962658
2022-10-21,3752.75,182.403333,188.906667,20.573911,19.86563,4.860524,-0.525621,27.936508,-0.277003,27.080767,4.21,1.69,3.170524,0.650524,3.692658,2.002658
2022-10-24,3797.340088,182.403333,188.906667,20.81837,20.101673,4.80345,-0.470605,29.84127,-0.277003,27.080767,4.25,1.66,3.14345,0.55345,3.692658,2.032658
2022-10-25,3859.110107,182.403333,188.906667,21.157015,20.42866,4.726565,-0.394187,33.055556,-0.277003,27.080767,4.1,1.59,3.136565,0.626565,3.692658,2.102658
2022-10-26,3830.600098,182.403333,188.906667,21.000713,20.277739,4.761743,-0.430272,31.507937,-0.277003,27.080767,4.04,1.6,3.161743,0.721743,3.692658,2.092658
2022-10-27,3807.300049,182.403333,188.906667,20.872974,20.154397,4.790884,-0.459873,30.238095,-0.277003,27.080767,3.96,1.51,3.280884,0.830884,3.692658,2.182658
2022-10-28,3901.060059,182.403333,188.906667,21.387,20.650727,4.675738,-0.343558,35.47619,-0.277003,27.080767,4.02,1.51,3.165738,0.655738,3.692658,2.182658
2022-10-31,3871.97998,182.403333,188.906667,21.227573,20.496788,4.710854,-0.380441,33.373016,-0.277003,27.080767,4.1,1.58,3.130854,0.610854,3.692658,2.112658
2022-11-01,3856.100098,177.576667,188.906667,21.715128,20.412726,4.605084,-0.270055,38.769841,-6.730045,28.378949,4.07,1.56,3.045084,0.535084,3.523739,1.963739
2022-11-02,3759.689941,177.576667,188.906667,21.172207,19.902368,4.723173,-0.394301,33.015873,-6.730045,28.378949,4.1,1.57,3.153173,0.623173,3.523739,1.953739
2022-11-03,3719.889893,177.576667,188.906667,20.948078,19.691681,4.773708,-0.445964,30.912698,-6.730045,28.378949,4.14,1.74,3.033708,0.633708,3.523739,1.783739
2022-11-04,3770.550049,177.576667,188.906667,21.233364,19.959857,4.709569,-0.381519,33.373016,-6.730045,28.378949,4.17,1.69,3.019569,0.539569,3.523739,1.833739
2022-11-07,3806.800049,177.576667,188.906667,21.437501,20.151751,4.664723,-0.335574,36.071429,-6.730045,28.378949,4.22,1.69,2.974723,0.444723,3.523739,1.833739
2022-11-08,3828.110107,177.576667,188.906667,21.557506,20.264558,4.638755,-0.308798,37.18254,-6.730045,28.378949,4.14,1.64,2.998755,0.498755,3.523739,1.883739
2022-11-09,3748.570068,177.576667,188.906667,21.109587,19.843503,4.737184,-0.411594,32.301587,-6.730045,28.378949,4.12,1.7,3.037184,0.617184,3.523739,1.823739
2022-11-10,3956.370117,177.576667,188.906667,22.279786,20.943518,4.488373,-0.145067,46.666667,-6.730045,28.378949,3.82,1.43,3.058373,0.668373,3.523739,2.093739
2022-11-11,3992.929932,177.576667,188.906667,22.485668,21.137051,4.447277,-0.098687,50.634921,-6.730045,28.378949,3.82,1.43,3.017277,0.627277,3.523739,2.093739
2022-11-14,3957.25,177.576667,188.906667,22.284741,20.948175,4.487376,-0.14525,46.706349,-6.730045,28.378949,3.88,1.51,2.977376,0.607376,3.523739,2.013739
2022-11-15,3991.72998,177.576667,187.23,22.47891,21.319927,4.448614,-0.101499,50.396825,-6.730045,28.378949,3.8,1.45,2.998614,0.648614,3.523739,2.073739
2022-11-16,3958.790039,177.576667,187.23,22.293413,21.143994,4.48563,-0.144587,46.865079,-6.730045,28.378949,3.67,1.38,3.10563,0.81563,3.523739,2.143739
2022-11-17,3946.560059,177.576667,187.23,22.224542,21.078674,4.49953,-0.161032,45.357143,-6.730045,28.378949,3.77,1.49,3.00953,0.72953,3.523739,2.033739
2022-11-18,3965.340088,177.576667,187.23,22.330299,21.178978,4.47822,-0.137498,47.420635,-6.730045,28.378949,3.82,1.57,2.90822,0.65822,3.523739,1.953739
2022-11-21,3949.939941,177.576667,187.23,22.243575,21.096726,4.49568,-0.158045,45.833333,-6.730045,28.378949,3.83,1.52,2.97568,0.66568,3.523739,2.003739
2022-11-22,4003.580078,177.576667,187.23,22.545643,21.383219,4.435447,-0.089437,51.666667,-6.730045,28.378949,3.76,1.44,2.995447,0.675447,3.523739,2.083739
2022-11-23,4027.26001,177.576667,187.23,22.678993,21.509694,4.409367,-0.059486,54.365079,-6.730045,28.378949,3.71,1.39,3.019367,0.699367,3.523739,2.133739
2022-11-25,4026.120117,177.576667,187.23,22.672574,21.503606,4.410615,-0.061589,54.126984,-6.730045,28.378949,3.68,1.36,3.050615,0.730615,3.523739,2.163739
2022-11-28,3963.939941,177.576667,187.23,22.322414,21.1715,4.479802,-0.142594,47.063492,-6.730045,28.378949,3.69,1.43,3.049802,0.789802,3.523739,2.093739
2022-11-29,3957.629883,177.576667,187.23,22.28688,21.137798,4.486945,-0.151375,46.547619,-6.730045,28.378949,3.75,1.5,2.986945,0.736945,3.523739,2.023739
2022-11-30,4080.110107,177.576667,187.23,22.976612,21.791968,4.352252,0.006502,57.380952,-6.730045,28.378949,3.68,1.34,3.012252,0.672252,3.523739,2.183739
2022-12-01,4076.570068,172.75,187.23,23.59809,21.77306,4.237631,0.148783,68.055556,-12.695204,28.316901,3.53,1.17,3.067631,0.707631,3.53146,2.36146
2022-12-02,4071.699951,172.75,187.23,23.569898,21.747049,4.2427,0.141706,67.261905,-12.695204,28.316901,3.51,1.08,3.1627,0.7327,3.53146,2.45146
2022-12-05,3998.840088,172.75,187.23,23.148134,21.357903,4.320003,0.044054,59.206349,-12.695204,28.316901,3.6,1.21,3.110003,0.720003,3.53146,2.32146
2022-12-06,3941.26001,172.75,187.23,22.814819,21.050366,4.383116,-0.033292,55.912698,-12.695204,28.316901,3.51,1.2,3.183116,0.873116,3.53146,2.33146
2022-12-07,3933.919922,172.75,187.23,22.77233,21.011162,4.391294,-0.043694,55.515873,-12.695204,28.316901,3.42,1.16,3.231294,0.971294,3.53146,2.37146
2022-12-08,3963.51001,172.75,187.23,22.943618,21.169204,4.358511,-0.004834,57.02381,-12.695204,28.316901,3.48,1.2,3.158511,0.878511,3.53146,2.33146
2022-12-09,3934.379883,172.75,187.23,22.774992,21.013619,4.390781,-0.044318,55.555556,-12.695204,28.316901,3.57,1.31,3.080781,0.820781,3.53146,2.22146
2022-12-12,3990.560059,172.75,187.23,23.100203,21.313679,4.328966,0.030091,58.650794,-12.695204,28.316901,3.61,1.33,2.998966,0.718966,3.53146,2.20146
2022-12-13,4019.649902,172.75,187.23,23.268596,21.469048,4.297638,0.06835,60.833333,-12.695204,28.316901,3.51,1.27,3.027638,0.787638,3.53146,2.26146
2022-12-14,3995.320068,172.75,187.23,23.127757,21.339102,4.323809,0.035245,58.849206,-12.695204,28.316901,3.49,1.3,3.023809,0.833809,3.53146,2.23146
2022-12-15,3895.75,172.75,182.403333,22.551375,21.357888,4.434319,-0.098473,51.230159,-12.695204,28.316901,3.44,1.28,3.154319,0.994319,3.53146,2.25146
2022-12-16,3852.360107,172.75,182.403333,22.300203,21.120009,4.484264,-0.157121,46.190476,-12.695204,28.316901,3.48,1.35,3.134264,1.004264,3.53146,2.18146
2022-12-19,3817.659912,172.75,182.403333,22.099334,20.929771,4.525023,-0.204178,42.261905,-12.695204,28.316901,3.57,1.42,3.105023,0.955023,3.53146,2.11146
2022-12-20,3821.620117,172.75,182.403333,22.122258,20.951482,4.520334,-0.199475,42.619048,-12.695204,28.316901,3.69,1.45,3.070334,0.830334,3.53146,2.08146
2022-12-21,3878.439941,172.75,182.403333,22.451172,21.262988,4.45411,-0.12395,49.285714,-12.695204,28.316901,3.68,1.41,3.04411,0.77411,3.53146,2.12146
2022-12-22,3822.389893,172.75,182.403333,22.126714,20.955702,4.519424,-0.199645,42.579365,-12.695204,28.316901,3.67,1.48,3.039424,0.849424,3.53146,2.05146
2022-12-23,3844.820068,172.75,182.403333,22.256556,21.078672,4.493058,-0.170161,45.277778,-12.695204,28.316901,3.75,1.55,2.943058,0.743058,3.53146,1.98146
2022-12-27,3829.25,172.75,182.403333,22.166425,20.993312,4.511327,-0.191643,43.333333,-12.695204,28.316901,3.84,1.58,2.931327,0.671327,3.53146,1.95146
2022-12-28,3783.219971,172.75,182.403333,21.899971,20.740959,4.566216,-0.254007,39.761905,-12.695204,28.316901,3.88,1.6,2.966216,0.686216,3.53146,1.93146
2022-12-29,3849.280029,172.75,182.403333,22.282374,21.103123,4.487852,-0.165956,45.714286,-12.695204,28.316901,3.83,1.56,2.927852,0.657852,3.53146,1.97146
2022-12-30,3839.5,172.75,182.403333,22.22576,21.049506,4.499284,-0.179708,44.484127,-12.695204,28.316901,3.88,1.58,2.919284,0.619284,3.53146,1.95146
2023-01-03,3824.139893,173.556667,182.403333,22.033956,20.965296,4.53845,-0.224867,41.150794,-12.293439,28.334813,3.79,1.53,3.00845,0.74845,3.529227,1.999227
2023-01-04,3852.969971,173.556667,182.403333,22.200069,21.123353,4.504491,-0.186907,43.968254,-12.293439,28.334813,3.69,1.47,3.034491,0.814491,3.529227,2.059227
2023-01-05,3808.100098,173.556667,182.403333,21.941537,20.87736,4.557566,-0.247533,40.039683,-12.293439,28.334813,3.71,1.49,3.067566,0.847566,3.529227,2.039227
2023-01-06,3895.080078,173.556667,182.403333,22.442699,21.354215,4.455792,-0.131643,49.166667,-12.293439,28.334813,3.55,1.34,3.115792,0.905792,3.529227,2.189227
2023-01-09,3892.090088,173.556667,182.403333,22.425471,21.337823,4.459215,-0.136215,48.849206,-12.293439,28.334813,3.53,1.31,3.149215,0.929215,3.529227,2.219227
2023-01-10,3919.25,173.556667,182.403333,22.581962,21.486724,4.428313,-0.100392,51.904762,-12.293439,28.334813,3.61,1.37,3.058313,0.818313,3.529227,2.159227
2023-01-11,3969.610107,173.556667,182.403333,22.872127,21.762816,4.372134,-0.033456,56.150794,-12.293439,28.334813,3.54,1.31,3.062134,0.832134,3.529227,2.219227
2023-01-12,3983.169922,173.556667,182.403333,22.950256,21.837155,4.35725,-0.015844,56.904762,-12.293439,28.334813,3.43,1.22,3.13725,0.92725,3.529227,2.309227
2023-01-13,3999.090088,173.556667,182.403333,23.041985,21.924435,4.339904,0.004955,57.97619,-12.293439,28.334813,3.49,1.31,3.029904,0.849904,3.529227,2.219227
2023-01-17,3990.969971,173.556667,177.576667,22.995198,22.47463,4.348734,-0.006507,57.380952,-12.293439,28.334813,3.53,1.36,2.988734,0.818734,3.529227,2.169227
2023-01-18,3928.860107,173.556667,177.576667,22.637333,22.124867,4.417481,-0.090473,52.738095,-12.293439,28.334813,3.37,1.25,3.167481,1.047481,3.529227,2.279227
2023-01-19,3898.850098,173.556667,177.576667,22.464421,21.955869,4.451483,-0.13135,49.404762,-12.293439,28.334813,3.39,1.19,3.261483,1.061483,3.529227,2.339227
2023-01-20,3972.610107,173.556667,177.576667,22.889412,22.371239,4.368832,-0.032789,56.269841,-12.293439,28.334813,3.48,1.25,3.118832,0.888832,3.529227,2.279227
2023-01-23,4019.810059,173.556667,177.576667,23.161369,22.63704,4.317534,0.030112,59.246032,-12.293439,28.334813,3.52,1.24,3.077534,0.797534,3.529227,2.289227
2023-01-24,4016.949951,173.556667,177.576667,23.14489,22.620933,4.320608,0.025715,59.087302,-12.293439,28.334813,3.46,1.19,3.130608,0.860608,3.529227,2.339227
2023-01-25,4016.219971,173.556667,177.576667,23.140684,22.616823,4.321393,0.024189,59.047619,-12.293439,28.334813,3.46,1.17,3.151393,0.861393,3.529227,2.359227
2023-01-26,4060.429932,173.556667,177.576667,23.395413,22.865785,4.274342,0.08315,63.611111,-12.293439,28.334813,3.49,1.16,3.114342,0.784342,3.529227,2.369227
2023-01-27,4070.560059,173.556667,177.576667,23.453781,22.922832,4.263705,0.096245,64.722222,-12.293439,28.334813,3.52,1.19,3.073705,0.743705,3.529227,2.339227
2023-01-30,4017.77002,173.556667,177.576667,23.149615,22.625551,4.319726,0.024606,59.047619,-12.293439,28.334813,3.55,1.26,3.059726,0.769726,3.529227,2.269227
2023-01-31,4076.600098,173.556667,177.576667,23.488583,22.956845,4.257388,0.103334,65.238095,-12.293439,28.334813,3.52,1.28,2.977388,0.737388,3.529227,2.249227
2023-02-01,4119.209961,174.363333,177.576667,23.62429,23.196797,4.232931,0.134546,68.769841,-11.891728,28.919763,3.39,1.14,3.092931,0.842931,3.457843,2.317843
2023-02-02,4179.759766,174.363333,177.576667,23.971552,23.537776,4.171611,0.215267,75.555556,-11.891728,28.919763,3.4,1.18,2.991611,0.771611,3.457843,2.277843
2023-02-03,4136.47998,174.363333,177.576667,23.723336,23.294051,4.215259,0.156613,70.634921,-11.891728,28.919763,3.53,1.31,2.905259,0.685259,3.457843,2.147843
2023-02-06,4111.080078,174.363333,177.576667,23.577664,23.151015,4.241302,0.121961,67.222222,-11.891728,28.919763,3.63,1.38,2.861302,0.611302,3.457843,2.077843
2023-02-07,4164.0,174.363333,177.576667,23.881168,23.449027,4.1874,0.192508,74.285714,-11.891728,28.919763,3.67,1.36,2.8274,0.5174,3.457843,2.097843
2023-02-08,4117.859863,174.363333,177.576667,23.616547,23.189194,4.234319,0.129952,68.452381,-11.891728,28.919763,3.63,1.29,2.944319,0.604319,3.457843,2.167843
2023-02-09,4081.5,174.363333,177.576667,23.408018,22.984439,4.27204,0.080527,63.531746,-11.891728,28.919763,3.67,1.34,2.93204,0.60204,3.457843,2.117843
2023-02-10,4090.459961,174.363333,177.576667,23.459405,23.034895,4.262683,0.092037,64.484127,-11.891728,28.919763,3.74,1.41,2.852683,0.522683,3.457843,2.047843
2023-02-13,4137.290039,174.363333,177.576667,23.727982,23.298613,4.214433,0.154512,70.753968,-11.891728,28.919763,3.72,1.41,2.804433,0.494433,3.457843,2.047843
2023-02-14,4136.129883,174.363333,172.75,23.721328,23.942865,4.215616,0.152413,70.515873,-11.891728,28.919763,3.77,1.46,2.755616,0.445616,3.457843,1.997843
2023-02-15,4147.600098,174.363333,172.75,23.787112,24.009263,4.203957,0.16732,72.222222,-11.891728,28.919763,3.81,1.46,2.743957,0.393957,3.457843,1.997843
2023-02-16,4090.409912,174.363333,172.75,23.459117,23.678205,4.262735,0.089757,64.325397,-11.891728,28.919763,3.86,1.49,2.772735,0.402735,3.457843,1.967843
2023-02-17,4079.090088,174.363333,172.75,23.394197,23.612678,4.274564,0.073974,62.97619,-11.891728,28.919763,3.82,1.46,2.814564,0.454564,3.457843,1.997843
2023-02-21,3997.340088,174.363333,172.75,22.925348,23.139451,4.361984,-0.036743,55.793651,-11.891728,28.919763,3.95,1.53,2.831984,0.411984,3.457843,1.927843
2023-02-22,3991.050049,174.363333,172.75,22.889274,23.103039,4.368859,-0.045739,55.396825,-11.891728,28.919763,3.93,1.52,2.848859,0.438859,3.457843,1.937843
2023-02-23,4012.320068,174.363333,172.75,23.01126,23.226165,4.345698,-0.017587,56.706349,-11.891728,28.919763,3.88,1.49,2.855698,0.465698,3.457843,1.967843
2023-02-24,3970.040039,174.363333,172.75,22.768778,22.981418,4.391979,-0.075183,54.126984,-11.891728,28.919763,3.95,1.57,2.821979,0.441979,3.457843,1.887843
2023-02-27,3982.23999,174.363333,172.75,22.838747,23.05204,4.378524,-0.059249,54.761905,-11.891728,28.919763,3.92,1.56,2.818524,0.458524,3.457843,1.897843
2023-02-28,3970.149902,174.363333,172.75,22.769408,22.982054,4.391858,-0.07614,54.087302,-11.891728,28.919763,3.92,1.49,2.901858,0.471858,3.457843,1.967843
2023-03-01,3951.389893,175.17,172.75,22.557458,22.873458,4.433124,-0.126616,50.277778,-11.490071,27.938131,4.01,1.57,2.863124,0.423124,3.579338,2.009338
2023-03-02,3981.350098,175.17,172.75,22.728493,23.046889,4.399764,-0.086849,53.333333,-11.490071,27.938131,4.08,1.6,2.799764,0.319764,3.579338,1.979338
2023-03-03,4045.639893,175.17,172.75,23.095507,23.419044,4.329847,-0.000876,57.65873,-11.490071,27.938131,3.97,1.45,2.879847,0.359847,3.579338,2.129338
2023-03-06,4048.419922,175.17,172.75,23.111377,23.435137,4.326873,0.002324,57.81746,-11.490071,27.938131,3.98,1.49,2.836873,0.346873,3.579338,2.089338
2023-03-07,3986.370117,175.17,172.75,22.757151,23.075949,4.394223,-0.081765,53.809524,-11.490071,27.938131,3.97,1.59,2.804223,0.424223,3.579338,1.989338
2023-03-08,3992.01001,175.17,172.75,22.789348,23.108596,4.388015,-0.074682,54.285714,-11.490071,27.938131,3.98,1.66,2.728015,0.408015,3.579338,1.919338
2023-03-09,3918.320068,175.17,172.75,22.368671,22.682026,4.470538,-0.17449,45.912698,-11.490071,27.938131,3.93,1.63,2.840538,0.540538,3.579338,1.949338
2023-03-10,3861.590088,175.17,172.75,22.044814,22.353633,4.536214,-0.251459,39.52381,-11.490071,27.938131,3.7,1.44,3.096214,0.836214,3.579338,2.139338
2023-03-13,3855.76001,175.17,172.75,22.011532,22.319884,4.543073,-0.259807,39.047619,-11.490071,27.938131,3.55,1.31,3.233073,0.993073,3.579338,2.269338
2023-03-14,3919.290039,175.17,172.75,22.374208,22.687641,4.469432,-0.174603,45.952381,-11.490071,27.938131,3.64,1.33,3.139432,0.829432,3.579338,2.249338
2023-03-15,3891.929932,175.17,172.75,22.218016,22.529262,4.500852,-0.21201,42.460317,-11.490071,27.938131,3.51,1.22,3.280852,0.990852,3.579338,2.359338
2023-03-16,3960.280029,175.17,172.75,22.608209,22.924921,4.423172,-0.120254,50.714286,-11.490071,27.938131,3.56,1.34,3.083172,0.863172,3.579338,2.239338
2023-03-17,3916.639893,175.17,173.556667,22.359079,22.566923,4.472456,-0.179655,45.515873,-11.490071,27.938131,3.39,1.29,3.182456,1.082456,3.579338,2.289338
2023-03-20,3951.570068,175.17,173.556667,22.558486,22.768184,4.432922,-0.132968,50.079365,-11.490071,27.938131,3.47,1.33,3.102922,0.962922,3.579338,2.249338
2023-03-21,4002.870117,175.17,173.556667,22.851345,23.063765,4.37611,-0.064168,54.801587,-11.490071,27.938131,3.59,1.36,3.01611,0.78611,3.579338,2.219338
2023-03-22,3936.969971,175.17,173.556667,22.475138,22.684061,4.449361,-0.15373,48.055556,-11.490071,27.938131,3.48,1.2,3.249361,0.969361,3.579338,2.379338
2023-03-23,3948.719971,175.17,173.556667,22.542216,22.751762,4.436121,-0.138337,49.404762,-11.490071,27.938131,3.38,1.19,3.246121,1.056121,3.579338,2.389338
2023-03-24,3970.98999,175.17,173.556667,22.66935,22.880077,4.411243,-0.108732,52.142857,-11.490071,27.938131,3.38,1.16,3.251243,1.031243,3.579338,2.419338
2023-03-27,3977.530029,175.17,173.556667,22.706685,22.91776,4.403989,-0.100383,52.698413,-11.490071,27.938131,3.53,1.29,3.113989,0.873989,3.579338,2.289338
2023-03-28,3971.27002,175.17,173.556667,22.670948,22.881691,4.410931,-0.109358,52.142857,-11.490071,27.938131,3.55,1.24,3.170931,0.860931,3.579338,2.339338
2023-03-29,4027.810059,175.17,173.556667,22.993721,23.207464,4.349013,-0.033321,56.428571,-11.490071,27.938131,3.57,1.24,3.109013,0.779013,3.579338,2.339338
2023-03-30,4050.830078,175.17,173.556667,23.125136,23.340101,4.324299,-0.002651,58.015873,-11.490071,27.938131,3.55,1.21,3.114299,0.774299,3.579338,2.369338
2023-03-31,4109.310059,175.17,173.556667,23.458983,23.677051,4.262759,0.076057,64.285714,-11.490071,27.938131,3.48,1.16,3.102759,0.782759,3.579338,2.419338
2023-04-03,4124.509766,177.116667,173.556667,23.286966,23.764629,4.294248,0.034707,60.238095,-9.646647,28.764841,3.43,1.14,3.154248,0.864248,3.476466,2.336466
2023-04-04,4100.600098,177.116667,173.556667,23.151972,23.626866,4.319287,0.002143,58.412698,-9.646647,28.764841,3.35,1.1,3.219287,0.969287,3.476466,2.376466
2023-04-05,4090.379883,177.116667,173.556667,23.094269,23.567979,4.330079,-0.012093,57.380952,-9.646647,28.764841,3.3,1.07,3.260079,1.030079,3.476466,2.406466
2023-04-06,4105.02002,177.116667,173.556667,23.176927,23.652333,4.314636,0.007019,58.769841,-9.646647,28.764841,3.3,1.06,3.254636,1.014636,3.476466,2.416466
2023-04-10,4109.109863,177.116667,173.556667,23.200018,23.675898,4.310341,0.011973,59.166667,-9.646647,28.764841,3.41,1.14,3.170341,0.900341,3.476466,2.336466
2023-04-11,4108.939941,177.116667,173.556667,23.199059,23.674918,4.31052,0.011221,59.087302,-9.646647,28.764841,3.43,1.14,3.17052,0.88052,3.476466,2.336466
2023-04-12,4091.949951,177.116667,173.556667,23.103133,23.577025,4.328417,-0.012109,57.460317,-9.646647,28.764841,3.41,1.14,3.188417,0.918417,3.476466,2.336466
2023-04-13,4146.220215,177.116667,173.556667,23.409543,23.88972,4.271762,0.060285,63.333333,-9.646647,28.764841,3.45,1.16,3.111762,0.821762,3.476466,2.316466
2023-04-14,4137.640137,177.116667,173.556667,23.3611,23.840283,4.28062,0.04826,61.984127,-9.646647,28.764841,3.52,1.22,3.06062,0.76062,3.476466,2.256466
2023-04-17,4151.319824,177.116667,174.363333,23.438335,23.808445,4.266515,0.066143,63.888889,-9.646647,28.764841,3.6,1.28,2.986515,0.666515,3.476466,2.196466
2023-04-18,4154.870117,177.116667,174.363333,23.45838,23.828806,4.262869,0.070378,64.246032,-9.646647,28.764841,3.58,1.3,2.962869,0.682869,3.476466,2.176466
2023-04-19,4154.52002,177.116667,174.363333,23.456404,23.826799,4.263228,0.069389,64.166667,-9.646647,28.764841,3.6,1.32,2.943228,0.663228,3.476466,2.156466
2023-04-20,4129.790039,177.116667,174.363333,23.316778,23.684968,4.288757,0.035578,60.634921,-9.646647,28.764841,3.54,1.28,3.008757,0.748757,3.476466,2.196466
2023-04-21,4133.52002,177.116667,174.363333,23.337838,23.70636,4.284887,0.040048,61.111111,-9.646647,28.764841,3.57,1.29,2.994887,0.714887,3.476466,2.186466
2023-04-24,4137.040039,177.116667,174.363333,23.357712,23.726548,4.281241,0.044251,61.706349,-9.646647,28.764841,3.52,1.24,3.041241,0.761241,3.476466,2.236466
2023-04-25,4071.629883,177.116667,174.363333,22.988406,23.351411,4.350019,-0.044376,55.634921,-9.646647,28.764841,3.4,1.15,3.200019,0.950019,3.476466,2.326466
2023-04-26,4055.98999,177.116667,174.363333,22.900103,23.261714,4.366793,-0.065955,54.761905,-9.646647,28.764841,3.43,1.18,3.186793,0.936793,3.476466,2.296466
2023-04-27,4135.350098,177.116667,174.363333,23.34817,23.716856,4.282991,0.040494,61.269841,-9.646647,28.764841,3.53,1.26,3.022991,0.752991,3.476466,2.216466
2023-04-28,4169.47998,177.116667,174.363333,23.540867,23.912596,4.247932,0.085999,66.111111,-9.646647,28.764841,3.44,1.26,2.987932,0.807932,3.476466,2.216466
2023-05-01,4167.870117,179.063333,174.363333,23.275955,23.903363,4.296279,0.022208,59.801587,-7.767457,28.762051,3.59,1.36,2.936279,0.706279,3.476804,2.116804
2023-05-02,4119.580078,179.063333,174.363333,23.006274,23.626413,4.34664,-0.042726,55.753968,-7.767457,28.762051,3.44,1.24,3.10664,0.90664,3.476804,2.236804
2023-05-03,4090.75,179.063333,174.363333,22.845269,23.461068,4.377274,-0.081696,53.769841,-7.767457,28.762051,3.38,1.18,3.197274,0.997274,3.476804,2.296804
2023-05-04,4061.219971,179.063333,174.363333,22.680355,23.291709,4.409102,-0.12165,51.428571,-7.767457,28.762051,3.37,1.18,3.229102,1.039102,3.476804,2.296804
2023-05-05,4136.25,179.063333,174.363333,23.099369,23.722017,4.329123,-0.021941,56.944444,-7.767457,28.762051,3.44,1.23,3.099123,0.889123,3.476804,2.246804
2023-05-08,4138.120117,179.063333,174.363333,23.109813,23.732743,4.327166,-0.019937,57.063492,-7.767457,28.762051,3.52,1.29,3.037166,0.807166,3.476804,2.186804
2023-05-09,4119.169922,179.063333,174.363333,23.003983,23.62406,4.347073,-0.045756,55.634921,-7.767457,28.762051,3.53,1.3,3.047073,0.817073,3.476804,2.176804
2023-05-10,4137.640137,179.063333,174.363333,23.107132,23.72999,4.327668,-0.021543,56.984127,-7.767457,28.762051,3.43,1.26,3.067668,0.897668,3.476804,2.216804
2023-05-11,4130.620117,179.063333,174.363333,23.067928,23.689729,4.335023,-0.031407,56.388889,-7.767457,28.762051,3.39,1.23,3.105023,0.945023,3.476804,2.246804
2023-05-12,4124.080078,179.063333,174.363333,23.031405,23.652221,4.341898,-0.040637,56.071429,-7.767457,28.762051,3.46,1.28,3.061898,0.881898,3.476804,2.196804
2023-05-15,4136.279785,179.063333,175.17,23.099535,23.612946,4.329091,-0.024786,56.865079,-7.767457,28.762051,3.5,1.31,3.019091,0.829091,3.476804,2.166804
2023-05-16,4109.899902,179.063333,175.17,22.952214,23.46235,4.356878,-0.060569,54.722222,-7.767457,28.762051,3.54,1.35,3.006878,0.816878,3.476804,2.126804
2023-05-17,4158.77002,179.063333,175.17,23.225135,23.741337,4.30568,0.004405,58.888889,-7.767457,28.762051,3.57,1.35,2.95568,0.73568,3.476804,2.126804
2023-05-18,4198.049805,179.063333,175.17,23.444497,23.965575,4.265393,0.056553,63.928571,-7.767457,28.762051,3.65,1.42,2.845393,0.615393,3.476804,2.056804
2023-05-19,4191.97998,179.063333,175.17,23.4106,23.930924,4.271569,0.047955,63.134921,-7.767457,28.762051,3.7,1.46,2.811569,0.571569,3.476804,2.016804
2023-05-22,4192.629883,179.063333,175.17,23.414229,23.934634,4.270907,0.048375,63.293651,-7.767457,28.762051,3.72,1.48,2.790907,0.550907,3.476804,1.996804
2023-05-23,4145.580078,179.063333,175.17,23.151474,23.666039,4.319379,-0.015132,57.65873,-7.767457,28.762051,3.7,1.44,2.879379,0.619379,3.476804,2.036804
2023-05-24,4115.240234,179.063333,175.17,22.982038,23.492837,4.351224,-0.056242,54.84127,-7.767457,28.762051,3.73,1.48,2.871224,0.621224,3.476804,1.996804
2023-05-25,4151.279785,179.063333,175.17,23.183305,23.698577,4.313449,-0.008368,58.253968,-7.767457,28.762051,3.83,1.58,2.733449,0.483449,3.476804,1.896804
2023-05-26,4205.450195,179.063333,175.17,23.485826,24.007822,4.257887,0.063824,64.801587,-7.767457,28.762051,3.8,1.57,2.687887,0.457887,3.476804,1.906804
2023-05-30,4205.52002,179.063333,175.17,23.486215,24.008221,4.257817,0.063446,64.801587,-7.767457,28.762051,3.69,1.47,2.787817,0.567817,3.476804,2.006804
2023-05-31,4179.830078,179.063333,175.17,23.342747,23.861563,4.283986,0.02851,60.873016,-7.767457,28.762051,3.64,1.46,2.823986,0.643986,3.476804,2.016804
2023-06-01,4221.02002,181.01,175.17,23.319264,24.096706,4.2883,0.022397,60.31746,-5.851451,29.940032,3.61,1.45,2.8383,0.6783,3.34001,1.89001
2023-06-02,4282.370117,181.01,175.17,23.658196,24.446938,4.226865,0.103419,69.087302,-5.851451,29.940032,3.69,1.51,2.716865,0.536865,3.34001,1.83001
2023-06-05,4273.790039,181.01,175.17,23.610795,24.397956,4.235351,0.091524,68.055556,-5.851451,29.940032,3.69,1.5,2.735351,0.545351,3.34001,1.84001
2023-06-06,4283.850098,181.01,175.17,23.666373,24.455387,4.225405,0.10439,69.285714,-5.851451,29.940032,3.7,1.5,2.725405,0.525405,3.34001,1.84001
2023-06-07,4267.52002,181.01,175.17,23.576156,24.362163,4.241574,0.082166,66.865079,-5.851451,29.940032,3.79,1.58,2.661574,0.451574,3.34001,1.76001
2023-06-08,4293.930176,181.01,175.17,23.722061,24.512931,4.215485,0.116755,70.47619,-5.851451,29.940032,3.73,1.53,2.685485,0.485485,3.34001,1.81001
2023-06-09,4298.859863,181.01,175.17,23.749295,24.541074,4.210651,0.12279,71.071429,-5.851451,29.940032,3.75,1.55,2.660651,0.460651,3.34001,1.79001
2023-06-12,4338.930176,181.01,175.17,23.970666,24.769825,4.171766,0.175607,75.515873,-5.851451,29.940032,3.73,1.56,2.611766,0.441766,3.34001,1.78001
2023-06-13,4369.009766,181.01,175.17,24.136842,24.941541,4.143044,0.215135,77.5,-5.851451,29.940032,3.84,1.64,2.503044,0.303044,3.34001,1.70001
2023-06-14,4372.589844,181.01,175.17,24.15662,24.961979,4.139652,0.219372,77.857143,-5.851451,29.940032,3.83,1.62,2.519652,0.309652,3.34001,1.72001
2023-06-15,4425.839844,181.01,177.116667,24.450803,24.988274,4.089845,0.28976,79.960317,-5.851451,29.940032,3.72,1.51,2.579845,0.369845,3.34001,1.83001
2023-06-16,4409.589844,181.01,177.116667,24.361029,24.896527,4.104917,0.267579,79.285714,-5.851451,29.940032,3.77,1.55,2.554917,0.334917,3.34001,1.79001
2023-06-20,4388.709961,181.01,177.116667,24.245677,24.778639,4.124447,0.239215,78.531746,-5.851451,29.940032,3.74,1.52,2.604447,0.384447,3.34001,1.82001
2023-06-21,4365.689941,181.01,177.116667,24.118501,24.648668,4.146195,0.208001,77.142857,-5.851451,29.940032,3.72,1.51,2.636195,0.426195,3.34001,1.83001
2023-06-22,4381.890137,181.01,177.116667,24.208,24.740134,4.130866,0.229095,78.055556,-5.851451,29.940032,3.8,1.56,2.570866,0.330866,3.34001,1.78001
2023-06-23,4348.330078,181.01,177.116667,24.022596,24.550654,4.162747,0.183794,75.952381,-5.851451,29.940032,3.74,1.53,2.632747,0.422747,3.34001,1.81001
2023-06-26,4328.819824,181.01,177.116667,23.91481,24.4405,4.181509,0.157198,74.484127,-5.851451,29.940032,3.72,1.54,2.641509,0.461509,3.34001,1.80001
2023-06-27,4378.410156,181.01,177.116667,24.188775,24.720486,4.134149,0.22285,77.896825,-5.851451,29.940032,3.77,1.57,2.564149,0.364149,3.34001,1.77001
2023-06-28,4376.859863,181.01,177.116667,24.18021,24.711733,4.135613,0.220208,77.777778,-5.851451,29.940032,3.71,1.53,2.605613,0.425613,3.34001,1.81001
2023-06-29,4396.439941,181.01,177.116667,24.288382,24.822282,4.117195,0.245808,78.769841,-5.851451,29.940032,3.85,1.65,2.467195,0.267195,3.34001,1.69001
2023-06-30,4450.379883,181.01,177.116667,24.586376,25.126827,4.067293,0.317351,80.912698,-5.851451,29.940032,3.81,1.59,2.477293,0.257293,3.34001,1.75001
2023-07-03,4455.589844,182.09,177.116667,24.469163,25.156243,4.086777,0.288433,80.0,-4.456493,30.89166,3.86,1.61,2.476777,0.226777,3.23712,1.62712
2023-07-05,4446.819824,182.09,177.116667,24.421,25.106727,4.094836,0.276219,79.722222,-4.456493,30.89166,3.95,1.69,2.404836,0.144836,3.23712,1.54712
2023-07-06,4411.589844,182.09,177.116667,24.227524,24.907819,4.127537,0.228802,78.095238,-4.456493,30.89166,4.05,1.78,2.347537,0.077537,3.23712,1.45712
2023-07-07,4398.950195,182.09,177.116667,24.15811,24.836455,4.139397,0.211425,77.420635,-4.456493,30.89166,4.06,1.79,2.349397,0.079397,3.23712,1.44712
2023-07-10,4409.529785,182.09,177.116667,24.216211,24.896188,4.129465,0.22495,77.936508,-4.456493,30.89166,4.01,1.76,2.369465,0.119465,3.23712,1.47712
2023-07-11,4439.259766,182.09,177.116667,24.379481,25.064043,4.10181,0.263991,79.285714,-4.456493,30.89166,3.99,1.75,2.35181,0.11181,3.23712,1.48712
2023-07-12,4472.160156,182.09,177.116667,24.560163,25.249799,4.071634,0.30727,80.674603,-4.456493,30.89166,3.86,1.6,2.471634,0.211634,3.23712,1.63712
2023-07-13,4510.040039,182.09,177.116667,24.768192,25.463668,4.037436,0.357199,82.698413,-4.456493,30.89166,3.76,1.52,2.517436,0.277436,3.23712,1.71712
2023-07-14,4505.419922,182.09,177.116667,24.742819,25.437583,4.041577,0.350495,82.5,-4.456493,30.89166,3.83,1.59,2.451577,0.211577,3.23712,1.64712
2023-07-17,4522.790039,182.09,179.063333,24.838212,25.258047,4.026055,0.373119,83.095238,-4.456493,30.89166,3.81,1.56,2.466055,0.216055,3.23712,1.67712
2023-07-18,4554.97998,182.09,179.063333,25.014992,25.437815,3.997603,0.415509,83.888889,-4.456493,30.89166,3.8,1.57,2.427603,0.197603,3.23712,1.66712
2023-07-19,4565.720215,182.09,179.063333,25.073976,25.497795,3.988199,0.429294,83.968254,-4.456493,30.89166,3.75,1.53,2.458199,0.238199,3.23712,1.70712
2023-07-20,4534.870117,182.09,179.063333,24.904553,25.325509,4.01533,0.387587,83.452381,-4.456493,30.89166,3.85,1.5,2.51533,0.16533,3.23712,1.73712
2023-07-21,4536.339844,182.09,179.063333,24.912625,25.333717,4.014029,0.389011,83.452381,-4.456493,30.89166,3.84,1.49,2.524029,0.174029,3.23712,1.74712
2023-07-24,4554.640137,182.09,179.063333,25.013126,25.435917,3.997901,0.412908,83.809524,-4.456493,30.89166,3.86,1.48,2.517901,0.137901,3.23712,1.75712
2023-07-25,4567.459961,182.09,179.063333,25.08353,25.507511,3.98668,0.429489,84.007937,-4.456493,30.89166,3.91,1.52,2.46668,0.07668,3.23712,1.71712
2023-07-26,4566.75,182.09,179.063333,25.079631,25.503546,3.9873,0.428002,83.928571,-4.456493,30.89166,3.86,1.5,2.4873,0.1273,3.23712,1.73712
2023-07-27,4537.410156,182.09,179.063333,24.918503,25.339695,4.013082,0.388267,83.373016,-4.456493,30.89166,4.01,1.64,2.373082,0.003082,3.23712,1.59712
2023-07-28,4582.22998,182.09,179.063333,25.164644,25.589996,3.973829,0.447622,84.166667,-4.456493,30.89166,3.96,1.58,2.393829,0.013829,3.23712,1.65712
2023-07-31,4588.959961,182.09,179.063333,25.201603,25.62758,3.968001,0.456071,84.246032,-4.456493,30.89166,3.97,1.6,2.368001,-0.001999,3.23712,1.63712
2023-08-01,4576.72998,183.17,179.063333,24.986242,25.559281,4.002202,0.403098,83.531746,-3.036773,30.304748,4.05,1.68,2.322202,-0.047798,3.299813,1.619813
2023-08-02,4513.390137,183.17,179.063333,24.640444,25.205552,4.058368,0.318354,80.912698,-3.036773,30.304748,4.08,1.72,2.338368,-0.021632,3.299813,1.579813
2023-08-03,4501.890137,183.17,179.063333,24.577661,25.141329,4.068735,0.302537,80.198413,-3.036773,30.304748,4.2,1.83,2.238735,-0.131265,3.299813,1.469813
2023-08-04,4478.029785,183.17,179.063333,24.447397,25.008078,4.090415,0.270277,79.166667,-3.036773,30.304748,4.05,1.67,2.420415,0.040415,3.299813,1.629813
2023-08-07,4518.439941,183.17,179.063333,24.668013,25.233753,4.053833,0.323528,80.992063,-3.036773,30.304748,4.09,1.68,2.373833,-0.036167,3.299813,1.619813
2023-08-08,4499.379883,183.17,179.063333,24.563956,25.12731,4.071005,0.297637,80.0,-3.036773,30.304748,4.02,1.66,2.411005,0.051005,3.299813,1.639813
2023-08-09,4467.709961,183.17,179.063333,24.391057,24.950446,4.099863,0.254953,78.611111,-3.036773,30.304748,4.0,1.66,2.439863,0.099863,3.299813,1.639813
2023-08-10,4468.830078,183.17,179.063333,24.397172,24.956701,4.098836,0.255922,78.650794,-3.036773,30.304748,4.09,1.76,2.338836,0.008836,3.299813,1.539813
2023-08-11,4464.049805,183.17,179.063333,24.371075,24.930005,4.103225,0.249026,78.293651,-3.036773,30.304748,4.16,1.8,2.303225,-0.056775,3.299813,1.499813
2023-08-14,4489.720215,183.17,179.063333,24.51122,25.073364,4.079764,0.282711,79.563492,-3.036773,30.304748,4.19,1.83,2.249764,-0.110236,3.299813,1.469813
2023-08-15,4437.859863,183.17,181.01,24.228093,24.517208,4.12744,0.213053,77.103175,-3.036773,30.304748,4.21,1.89,2.23744,-0.08256,3.299813,1.409813
2023-08-16,4404.330078,183.17,181.01,24.045041,24.331971,4.158862,0.16782,74.920635,-3.036773,30.304748,4.28,1.96,2.198862,-0.121138,3.299813,1.339813
2023-08-17,4370.359863,183.17,181.01,23.859583,24.144301,4.191188,0.121993,72.02381,-3.036773,30.304748,4.3,1.97,2.221188,-0.108812,3.299813,1.329813
2023-08-18,4369.709961,183.17,181.01,23.856035,24.14071,4.191811,0.120605,71.785714,-3.036773,30.304748,4.26,1.94,2.251811,-0.068189,3.299813,1.359813
2023-08-21,4399.77002,183.17,181.01,24.020145,24.306779,4.163172,0.160185,74.444444,-3.036773,30.304748,4.34,2.0,2.163172,-0.176828,3.299813,1.299813
2023-08-22,4387.549805,183.17,181.01,23.95343,24.239267,4.174767,0.143319,73.452381,-3.036773,30.304748,4.34,1.99,2.184767,-0.165233,3.299813,1.309813
2023-08-23,4436.009766,183.17,181.01,24.217993,24.506987,4.129161,0.207492,76.904762,-3.036773,30.304748,4.19,1.84,2.289161,-0.060839,3.299813,1.459813
2023-08-24,4376.310059,183.17,181.01,23.892068,24.177173,4.18549,0.127166,72.619048,-3.036773,30.304748,4.23,1.91,2.27549,-0.04451,3.299813,1.389813
2023-08-25,4405.709961,183.17,181.01,24.052574,24.339594,4.157559,0.165906,75.039683,-3.036773,30.304748,4.25,1.92,2.237559,-0.092441,3.299813,1.379813
2023-08-28,4433.310059,183.17,181.01,24.203254,24.492073,4.131676,0.202265,76.706349,-3.036773,30.304748,4.2,1.9,2.231676,-0.068324,3.299813,1.399813
2023-08-29,4497.629883,183.17,181.01,24.554402,24.847411,4.072589,0.287759,79.84127,-3.036773,30.304748,4.12,1.83,2.242589,-0.047411,3.299813,1.469813
2023-08-30,4514.870117,183.17,181.01,24.648524,24.942656,4.057038,0.310272,80.873016,-3.036773,30.304748,4.12,1.86,2.197038,-0.062962,3.299813,1.439813
2023-08-31,4507.660156,183.17,181.01,24.609162,24.902824,4.063527,0.300046,80.47619,-3.036773,30.304748,4.09,1.85,2.213527,-0.026473,3.299813,1.449813
2023-09-01,4515.77002,184.25,181.01,24.508928,24.947627,4.080146,0.274887,79.404762,-1.591625,29.799682,4.18,1.92,2.160146,-0.099854,3.355741,1.435741
2023-09-05,4496.830078,184.25,181.01,24.406133,24.842993,4.097331,0.249093,78.492063,-1.591625,29.799682,4.27,1.98,2.117331,-0.172669,3.355741,1.375741
2023-09-06,4465.47998,184.25,181.01,24.235984,24.669797,4.126096,0.206749,77.02381,-1.591625,29.799682,4.3,2.0,2.126096,-0.173904,3.355741,1.355741
2023-09-07,4451.140137,184.25,181.01,24.158155,24.590576,4.139389,0.187053,76.031746,-1.591625,29.799682,4.27,1.95,2.189389,-0.130611,3.355741,1.405741
2023-09-08,4457.490234,184.25,181.01,24.19262,24.625657,4.133492,0.194949,76.349206,-1.591625,29.799682,4.26,1.93,2.203492,-0.126508,3.355741,1.425741
2023-09-11,4487.459961,184.25,181.01,24.355278,24.791227,4.105886,0.234362,77.936508,-1.591625,29.799682,4.29,1.94,2.165886,-0.184114,3.355741,1.415741
2023-09-12,4461.899902,184.25,181.01,24.216553,24.650019,4.129407,0.199677,76.587302,-1.591625,29.799682,4.27,1.93,2.199407,-0.140593,3.355741,1.425741
2023-09-13,4467.439941,184.25,181.01,24.246621,24.680625,4.124286,0.206515,77.142857,-1.591625,29.799682,4.25,1.9,2.224286,-0.125714,3.355741,1.455741
2023-09-14,4505.100098,184.25,182.09,24.451018,24.741063,4.089809,0.256264,78.928571,-1.591625,29.799682,4.29,1.95,2.139809,-0.200191,3.355741,1.405741
2023-09-15,4450.319824,184.25,182.09,24.153703,24.440221,4.140152,0.182523,75.714286,-1.591625,29.799682,4.33,1.98,2.160152,-0.189848,3.355741,1.375741
2023-09-18,4453.529785,184.25,182.09,24.171125,24.457849,4.137168,0.186263,75.912698,-1.591625,29.799682,4.32,1.96,2.177168,-0.182832,3.355741,1.395741
2023-09-19,4443.950195,184.25,182.09,24.119133,24.40524,4.146086,0.172907,75.079365,-1.591625,29.799682,4.37,2.0,2.146086,-0.223914,3.355741,1.355741
2023-09-20,4402.200195,184.25,182.09,23.892538,24.175958,4.185407,0.116525,71.984127,-1.591625,29.799682,4.35,2.0,2.185407,-0.164593,3.355741,1.355741
2023-09-21,4330.0,184.25,182.09,23.500678,23.77945,4.255196,0.019388,61.984127,-1.591625,29.799682,4.49,2.11,2.145196,-0.234804,3.355741,1.245741
2023-09-22,4320.060059,184.25,182.09,23.44673,23.724862,4.264987,0.005579,60.793651,-1.591625,29.799682,4.44,2.07,2.194987,-0.175013,3.355741,1.285741
2023-09-25,4337.439941,184.25,182.09,23.541058,23.820308,4.247897,0.028342,63.095238,-1.591625,29.799682,4.55,2.18,2.067897,-0.302103,3.355741,1.175741
2023-09-26,4273.529785,184.25,182.09,23.194192,23.469327,4.311424,-0.057778,55.079365,-1.591625,29.799682,4.56,2.23,2.081424,-0.248576,3.355741,1.125741
2023-09-27,4274.509766,184.25,182.09,23.19951,23.474709,4.310436,-0.056991,55.198413,-1.591625,29.799682,4.61,2.27,2.040436,-0.299564,3.355741,1.085741
2023-09-28,4299.700195,184.25,182.09,23.336229,23.61305,4.285182,-0.023759,57.539683,-1.591625,29.799682,4.59,2.2,2.085182,-0.304818,3.355741,1.155741
2023-09-29,4288.049805,184.25,182.09,23.272998,23.549068,4.296825,-0.039918,56.269841,-1.591625,29.799682,4.59,2.24,2.056825,-0.293175,3.355741,1.115741
2023-10-02,4288.390137,186.976667,182.09,22.935429,23.550937,4.360067,-0.123873,50.753968,2.507264,28.769055,4.69,2.34,2.020067,-0.329933,3.475957,1.135957
2023-10-03,4229.450195,186.976667,182.09,22.620203,23.227251,4.420827,-0.202338,45.714286,2.507264,28.769055,4.81,2.45,1.970827,-0.389173,3.475957,1.025957
2023-10-04,4263.75,186.976667,182.09,22.803647,23.415619,4.385263,-0.157519,49.246032,2.507264,28.769055,4.73,2.4,1.985263,-0.344737,3.475957,1.075957
2023-10-05,4258.189941,186.976667,182.09,22.773911,23.385084,4.390989,-0.165452,48.968254,2.507264,28.769055,4.72,2.41,1.980989,-0.329011,3.475957,1.065957
2023-10-06,4308.5,186.976667,182.09,23.042982,23.661376,4.339716,-0.09943,52.420635,2.507264,28.769055,4.78,2.47,1.869716,-0.440284,3.475957,1.005957
2023-10-09,4335.660156,186.976667,182.09,23.188242,23.810534,4.312531,-0.064056,54.84127,2.507264,28.769055,4.78,2.47,1.842531,-0.467469,3.475957,1.005957
2023-10-10,4358.240234,186.976667,182.09,23.309006,23.934539,4.290187,-0.034721,56.746032,2.507264,28.769055,4.66,2.34,1.950187,-0.369813,3.475957,1.135957
2023-10-11,4376.950195,186.976667,182.09,23.409072,24.03729,4.271848,-0.010517,59.761905,2.507264,28.769055,4.58,2.26,2.011848,-0.308152,3.475957,1.215957
2023-10-12,4349.609863,186.976667,182.09,23.262848,23.887143,4.2987,-0.047392,55.952381,2.507264,28.769055,4.7,2.36,1.9387,-0.4013,3.475957,1.115957
2023-10-13,4327.779785,186.976667,182.09,23.146095,23.767257,4.320383,-0.076975,53.888889,2.507264,28.769055,4.63,2.29,2.030383,-0.309617,3.475957,1.185957
2023-10-16,4373.629883,186.976667,183.17,23.391314,23.877436,4.275091,-0.016698,59.206349,2.507264,28.769055,4.71,2.33,1.945091,-0.434909,3.475957,1.145957
2023-10-17,4373.200195,186.976667,183.17,23.389016,23.87509,4.275511,-0.017838,59.007937,2.507264,28.769055,4.83,2.42,1.855511,-0.554489,3.475957,1.055957
2023-10-18,4314.600098,186.976667,183.17,23.075607,23.555168,4.33358,-0.096246,52.460317,2.507264,28.769055,4.91,2.47,1.86358,-0.57642,3.475957,1.005957
2023-10-19,4278.0,186.976667,183.17,22.87986,23.355353,4.370656,-0.145463,49.68254,2.507264,28.769055,4.98,2.49,1.880656,-0.609344,3.475957,0.985957
2023-10-20,4224.160156,186.976667,183.17,22.591911,23.061419,4.426363,-0.217589,44.68254,2.507264,28.769055,4.93,2.46,1.966363,-0.503637,3.475957,1.015957
2023-10-23,4217.040039,186.976667,183.17,22.55383,23.022548,4.433837,-0.22759,43.928571,2.507264,28.769055,4.86,2.45,1.983837,-0.426163,3.475957,1.025957
2023-10-24,4247.680176,186.976667,183.17,22.717702,23.189825,4.401854,-0.187344,47.301587,2.507264,28.769055,4.83,2.43,1.971854,-0.428146,3.475957,1.045957
2023-10-25,4186.77002,186.976667,183.17,22.391938,22.857291,4.465893,-0.268924,40.198413,2.507264,28.769055,4.95,2.52,1.945893,-0.484107,3.475957,0.955957
2023-10-26,4137.22998,186.976667,183.17,22.126985,22.586832,4.519368,-0.335373,34.444444,2.507264,28.769055,4.86,2.44,2.079368,-0.340632,3.475957,1.035957
2023-10-27,4117.370117,186.976667,183.17,22.02077,22.478409,4.541167,-0.362324,32.936508,2.507264,28.769055,4.84,2.42,2.121167,-0.298833,3.475957,1.055957
2023-10-30,4166.819824,186.976667,183.17,22.28524,22.748375,4.487275,-0.296947,37.936508,2.507264,28.769055,4.88,2.44,2.047275,-0.392725,3.475957,1.035957
2023-10-31,4193.799805,186.976667,183.17,22.429536,22.89567,4.458407,-0.261487,41.269841,2.507264,28.769055,4.88,2.46,1.998407,-0.421593,3.475957,1.015957
2023-11-01,4237.859863,189.703333,183.17,22.339406,23.136212,4.476395,-0.284442,39.047619,6.828975,30.013225,4.77,2.36,2.116395,-0.293605,3.331865,0.971865
2023-11-02,4317.779785,189.703333,183.17,22.760695,23.572527,4.393539,-0.179888,48.214286,6.828975,30.013225,4.67,2.27,2.123539,-0.276461,3.331865,1.061865
2023-11-03,4358.339844,189.703333,183.17,22.974503,23.793961,4.352651,-0.127065,50.833333,6.828975,30.013225,4.57,2.18,2.172651,-0.217349,3.331865,1.151865
2023-11-06,4365.97998,189.703333,183.17,23.014777,23.835672,4.345034,-0.117529,51.626984,6.828975,30.013225,4.67,2.25,2.095034,-0.324966,3.331865,1.081865
2023-11-07,4378.379883,189.703333,183.17,23.080142,23.903368,4.332729,-0.101764,52.460317,6.828975,30.013225,4.58,2.19,2.142729,-0.247271,3.331865,1.141865
2023-11-08,4382.779785,189.703333,183.17,23.103336,23.927389,4.328379,-0.096515,52.97619,6.828975,30.013225,4.49,2.15,2.178379,-0.161621,3.331865,1.181865
2023-11-09,4347.350098,189.703333,183.17,22.916572,23.733964,4.363654,-0.14371,50.119048,6.828975,30.013225,4.62,2.29,2.073654,-0.256346,3.331865,1.041865
2023-11-10,4415.240234,189.703333,183.17,23.274447,24.104604,4.296557,-0.054832,56.150794,6.828975,30.013225,4.61,2.29,2.006557,-0.313443,3.331865,1.041865
2023-11-13,4411.549805,189.703333,183.17,23.254994,24.084456,4.300152,-0.060262,55.595238,6.828975,30.013225,4.63,2.32,1.980152,-0.329848,3.331865,1.011865
2023-11-14,4495.700195,189.703333,183.17,23.698583,24.543867,4.219662,0.050115,67.02381,6.828975,30.013225,4.44,2.16,2.059662,-0.220338,3.331865,1.171865
2023-11-15,4502.879883,189.703333,184.25,23.73643,24.438968,4.212933,0.059038,68.134921,6.828975,30.013225,4.53,2.22,1.992933,-0.317067,3.331865,1.111865
2023-11-16,4508.240234,189.703333,184.25,23.764686,24.468061,4.207924,0.06556,68.769841,6.828975,30.013225,4.45,2.18,2.027924,-0.242076,3.331865,1.151865
2023-11-17,4514.02002,189.703333,184.25,23.795154,24.49943,4.202536,0.072651,69.603175,6.828975,30.013225,4.44,2.16,2.042536,-0.237464,3.331865,1.171865
2023-11-20,4547.379883,189.703333,184.25,23.971007,24.680488,4.171706,0.116158,73.015873,6.828975,30.013225,4.42,2.12,2.051706,-0.248294,3.331865,1.211865
2023-11-21,4538.189941,189.703333,184.25,23.922563,24.63061,4.180154,0.103498,72.301587,6.828975,30.013225,4.41,2.16,2.020154,-0.229846,3.331865,1.171865
2023-11-22,4556.620117,189.703333,184.25,24.019716,24.730638,4.163247,0.127313,73.690476,6.828975,30.013225,4.42,2.16,2.003247,-0.256753,3.331865,1.171865
2023-11-24,4559.339844,189.703333,184.25,24.034052,24.745399,4.160763,0.130371,74.087302,6.828975,30.013225,4.47,2.21,1.950763,-0.309237,3.331865,1.121865
2023-11-27,4550.430176,189.703333,184.25,23.987086,24.697043,4.16891,0.118053,72.97619,6.828975,30.013225,4.39,2.18,1.98891,-0.22109,3.331865,1.151865
2023-11-28,4554.890137,189.703333,184.25,24.010596,24.721249,4.164828,0.123422,73.333333,6.828975,30.013225,4.34,2.12,2.044828,-0.175172,3.331865,1.211865
2023-11-29,4550.580078,189.703333,184.25,23.987876,24.697857,4.168773,0.1172,72.97619,6.828975,30.013225,4.27,2.06,2.108773,-0.101227,3.331865,1.271865
2023-11-30,4567.799805,189.703333,184.25,24.078648,24.791315,4.153057,0.139461,74.563492,6.828975,30.013225,4.37,2.14,2.013057,-0.216943,3.331865,1.191865
2023-12-01,4594.629883,192.43,184.25,23.87689,24.936933,4.18815,0.088276,71.071429,11.392185,31.452311,4.22,2.0,2.18815,-0.03185,3.179417,1.179417
2023-12-04,4569.779785,192.43,184.25,23.747751,24.802061,4.210925,0.055321,67.81746,11.392185,31.452311,4.28,2.07,2.140925,-0.069075,3.179417,1.109417
2023-12-05,4567.180176,192.43,184.25,23.734242,24.787952,4.213322,0.05141,67.5,11.392185,31.452311,4.18,2.01,2.203322,0.033322,3.179417,1.169417
2023-12-06,4549.339844,192.43,184.25,23.641531,24.691125,4.229844,0.027551,65.277778,11.392185,31.452311,4.12,1.98,2.249844,0.109844,3.179417,1.199417
2023-12-07,4585.589844,192.43,184.25,23.829911,24.887869,4.196407,0.07436,70.039683,11.392185,31.452311,4.14,1.97,2.226407,0.056407,3.179417,1.209417
2023-12-08,4604.370117,192.43,184.25,23.927507,24.989797,4.17929,0.098348,72.103175,11.392185,31.452311,4.23,2.02,2.15929,-0.05071,3.179417,1.159417
2023-12-11,4622.439941,192.43,184.25,24.02141,25.087869,4.162953,0.121409,73.690476,11.392185,31.452311,4.23,2.04,2.122953,-0.067047,3.179417,1.139417
2023-12-12,4643.700195,192.43,184.25,24.131893,25.203258,4.143894,0.14867,75.15873,11.392185,31.452311,4.2,2.04,2.103894,-0.056106,3.179417,1.139417
2023-12-13,4707.089844,192.43,184.25,24.46131,25.547299,4.088089,0.23108,79.007937,11.392185,31.452311,4.04,1.88,2.208089,0.048089,3.179417,1.299417
2023-12-14,4719.549805,192.43,184.25,24.52606,25.614924,4.077296,0.246833,79.444444,11.392185,31.452311,3.92,1.7,2.377296,0.157296,3.179417,1.479417
2023-12-15,4719.189941,192.43,186.976667,24.52419,25.239459,4.077607,0.245788,79.404762,11.392185,31.452311,3.91,1.69,2.387607,0.167607,3.179417,1.489417
2023-12-18,4740.560059,192.43,186.976667,24.635244,25.353752,4.059225,0.273211,80.714286,11.392185,31.452311,3.95,1.74,2.319225,0.109225,3.179417,1.439417
2023-12-19,4768.370117,192.43,186.976667,24.779765,25.502488,4.035551,0.309087,82.301587,11.392185,31.452311,3.93,1.74,2.295551,0.105551,3.179417,1.439417
2023-12-20,4698.350098,192.43,186.976667,24.415892,25.128002,4.095693,0.21669,78.373016,11.392185,31.452311,3.86,1.67,2.425693,0.235693,3.179417,1.509417
2023-12-21,4746.75,192.43,186.976667,24.667412,25.386857,4.053932,0.279611,80.912698,11.392185,31.452311,3.89,1.7,2.353932,0.163932,3.179417,1.479417
2023-12-22,4754.629883,192.43,186.976667,24.708361,25.429001,4.047213,0.289394,81.547619,11.392185,31.452311,3.9,1.71,2.337213,0.147213,3.179417,1.469417
2023-12-26,4774.75,192.43,186.976667,24.812919,25.536609,4.030159,0.315249,82.539683,11.392185,31.452311,3.89,1.71,2.320159,0.140159,3.179417,1.469417
2023-12-27,4781.580078,192.43,186.976667,24.848413,25.573138,4.024402,0.323661,82.81746,11.392185,31.452311,3.79,1.64,2.384402,0.234402,3.179417,1.539417
2023-12-28,4783.350098,192.43,186.976667,24.857611,25.582604,4.022913,0.325433,82.97619,11.392185,31.452311,3.84,1.68,2.342913,0.182913,3.179417,1.499417
2023-12-29,4769.830078,192.43,186.976667,24.787352,25.510296,4.034316,0.307115,82.261905,11.392185,31.452311,3.88,1.72,2.314316,0.154316,3.179417,1.459417
2024-01-02,4742.830078,192.083333,186.976667,24.691523,25.365893,4.049973,0.282329,81.111111,10.674708,32.045123,3.95,1.74,2.309973,0.099973,3.1206,1.3806
2024-01-03,4704.810059,192.083333,186.976667,24.493588,25.162552,4.082701,0.231697,78.928571,10.674708,32.045123,3.91,1.71,2.372701,0.172701,3.1206,1.4106
2024-01-04,4688.680176,192.083333,186.976667,24.409615,25.076285,4.096746,0.209901,77.936508,10.674708,32.045123,3.99,1.77,2.326746,0.106746,3.1206,1.3506
2024-01-05,4697.240234,192.083333,186.976667,24.454179,25.122066,4.089281,0.220656,78.452381,10.674708,32.045123,4.05,1.83,2.259281,0.039281,3.1206,1.2906
2024-01-08,4763.540039,192.083333,186.976667,24.799341,25.476655,4.032365,0.307546,82.301587,10.674708,32.045123,4.01,1.79,2.242365,0.022365,3.1206,1.3306
2024-01-09,4756.5,192.083333,186.976667,24.76269,25.439003,4.038334,0.297705,81.944444,10.674708,32.045123,4.02,1.8,2.238334,0.018334,3.1206,1.3206
2024-01-10,4783.450195,192.083333,186.976667,24.902995,25.58314,4.015581,0.332715,83.095238,10.674708,32.045123,4.04,1.82,2.195581,-0.024419,3.1206,1.3006
2024-01-11,4780.240234,192.083333,186.976667,24.886283,25.565972,4.018278,0.327925,83.055556,10.674708,32.045123,3.98,1.76,2.258278,0.038278,3.1206,1.3606
2024-01-12,4783.830078,192.083333,186.976667,24.904972,25.585171,4.015262,0.332112,83.134921,10.674708,32.045123,3.96,1.69,2.325262,0.055262,3.1206,1.4306
2024-01-16,4765.97998,192.083333,189.703333,24.812043,25.123333,4.030301,0.307979,82.301587,10.674708,32.045123,4.07,1.77,2.260301,-0.039699,3.1206,1.3506
2024-01-17,4739.209961,192.083333,189.703333,24.672677,24.982218,4.053067,0.272054,80.47619,10.674708,32.045123,4.1,1.8,2.253067,-0.046933,3.1206,1.3206
2024-01-18,4780.939941,192.083333,189.703333,24.889926,25.202193,4.01769,0.32666,83.015873,10.674708,32.045123,4.14,1.8,2.21769,-0.12231,3.1206,1.3206
2024-01-19,4839.810059,192.083333,189.703333,25.196408,25.51252,3.96882,0.403956,84.206349,10.674708,32.045123,4.15,1.81,2.15882,-0.18118,3.1206,1.3106
2024-01-22,4850.430176,192.083333,189.703333,25.251697,25.568503,3.96013,0.417446,84.444444,10.674708,32.045123,4.11,1.8,2.16013,-0.14987,3.1206,1.3206
2024-01-23,4864.600098,192.083333,189.703333,25.325467,25.643198,3.948595,0.435634,84.722222,10.674708,32.045123,4.14,1.85,2.098595,-0.191405,3.1206,1.2706
2024-01-24,4868.549805,192.083333,189.703333,25.346029,25.664018,3.945391,0.440295,84.801587,10.674708,32.045123,4.18,1.88,2.065391,-0.234609,3.1206,1.2406
2024-01-25,4894.160156,192.083333,189.703333,25.479359,25.79902,3.924746,0.473637,85.119048,10.674708,32.045123,4.14,1.85,2.074746,-0.215254,3.1206,1.2706
2024-01-26,4890.970215,192.083333,189.703333,25.462752,25.782205,3.927305,0.468841,85.039683,10.674708,32.045123,4.15,1.85,2.077305,-0.222695,3.1206,1.2706
2024-01-29,4927.930176,192.083333,189.703333,25.655168,25.977035,3.89785,0.517231,85.396825,10.674708,32.045123,4.08,1.78,2.11785,-0.18215,3.1206,1.3406
2024-01-30,4924.970215,192.083333,189.703333,25.639758,25.961432,3.900193,0.512713,85.31746,10.674708,32.045123,4.06,1.8,2.100193,-0.159807,3.1206,1.3206
2024-01-31,4845.649902,192.083333,189.703333,25.226811,25.543304,3.964037,0.406947,84.126984,10.674708,32.045123,3.99,1.73,2.234037,-0.025963,3.1206,1.3906
2024-02-01,4906.189941,191.736667,189.703333,25.588167,25.862434,3.908056,0.49843,85.238095,9.963869,33.037193,3.87,1.68,2.228056,0.038056,3.026892,1.346892
2024-02-02,4958.609863,191.736667,189.703333,25.861563,26.13876,3.866742,0.567515,85.714286,9.963869,33.037193,4.03,1.82,2.046742,-0.163258,3.026892,1.206892
2024-02-05,4942.810059,191.736667,189.703333,25.779159,26.055473,3.879102,0.545903,85.515873,9.963869,33.037193,4.17,1.9,1.979102,-0.290898,3.026892,1.126892
2024-02-06,4954.22998,191.736667,189.703333,25.83872,26.115672,3.870161,0.560494,85.634921,9.963869,33.037193,4.09,1.85,2.020161,-0.219839,3.026892,1.176892
2024-02-07,4995.060059,191.736667,189.703333,26.051668,26.330903,3.838526,0.614225,86.150794,9.963869,33.037193,4.09,1.86,1.978526,-0.251474,3.026892,1.166892
2024-02-08,4997.910156,191.736667,189.703333,26.066533,26.345927,3.836337,0.617408,86.150794,9.963869,33.037193,4.15,1.91,1.926337,-0.313663,3.026892,1.116892
2024-02-09,5026.609863,191.736667,189.703333,26.216216,26.497214,3.814433,0.655021,86.468254,9.963869,33.037193,4.17,1.92,1.894433,-0.355567,3.026892,1.106892
2024-02-12,5021.839844,191.736667,189.703333,26.191338,26.47207,3.818056,0.648047,86.388889,9.963869,33.037193,4.17,1.93,1.888056,-0.351944,3.026892,1.096892
2024-02-13,4953.169922,191.736667,189.703333,25.833191,26.110084,3.870989,0.555896,85.436508,9.963869,33.037193,4.31,2.02,1.850989,-0.439011,3.026892,1.006892
2024-02-14,5000.620117,191.736667,192.43,26.080667,25.986697,3.834258,0.618569,86.111111,9.963869,33.037193,4.27,1.97,1.864258,-0.435742,3.026892,1.056892
2024-02-15,5029.72998,191.736667,192.43,26.232489,26.137972,3.812067,0.656789,86.468254,9.963869,33.037193,4.24,1.94,1.872067,-0.427933,3.026892,1.086892
2024-02-16,5005.569824,191.736667,192.43,26.106482,26.012419,3.830466,0.623935,86.111111,9.963869,33.037193,4.3,1.97,1.860466,-0.469534,3.026892,1.056892
2024-02-20,4975.509766,191.736667,192.43,25.949704,25.856206,3.853608,0.583204,85.674603,9.963869,33.037193,4.27,1.95,1.903608,-0.416392,3.026892,1.076892
2024-02-21,4981.799805,191.736667,192.43,25.98251,25.888894,3.848743,0.591004,85.674603,9.963869,33.037193,4.32,1.98,1.868743,-0.471257,3.026892,1.046892
2024-02-22,5087.029785,191.736667,192.43,26.531335,26.435742,3.769128,0.73094,87.261905,9.963869,33.037193,4.33,2.02,1.749128,-0.560872,3.026892,1.006892
2024-02-23,5088.799805,191.736667,192.43,26.540567,26.44494,3.767817,0.732666,87.301587,9.963869,33.037193,4.26,1.96,1.807817,-0.492183,3.026892,1.066892
2024-02-26,5069.529785,191.736667,192.43,26.440064,26.3448,3.782139,0.706278,86.944444,9.963869,33.037193,4.28,1.97,1.812139,-0.497861,3.026892,1.056892
2024-02-27,5078.180176,191.736667,192.43,26.48518,26.389753,3.775696,0.717209,87.02381,9.963869,33.037193,4.31,1.99,1.785696,-0.534304,3.026892,1.036892
2024-02-28,5069.759766,191.736667,192.43,26.441264,26.345995,3.781968,0.705317,86.904762,9.963869,33.037193,4.27,1.94,1.841968,-0.488032,3.026892,1.086892
2024-02-29,5096.27002,191.736667,192.43,26.579528,26.48376,3.762294,0.74014,87.460317,9.963869,33.037193,4.25,1.92,1.842294,-0.487706,3.026892,1.106892
2024-03-01,5137.080078,191.39,192.43,26.840901,26.695838,3.725657,0.806532,88.412698,9.259576,33.75492,4.19,1.87,1.855657,-0.464343,2.962531,1.092531
2024-03-04,5130.950195,191.39,192.43,26.808873,26.663983,3.730108,0.797648,88.333333,9.259576,33.75492,4.22,1.88,1.850108,-0.489892,2.962531,1.082531
2024-03-05,5078.649902,191.39,192.43,26.535607,26.392194,3.768521,0.726866,87.142857,9.259576,33.75492,4.13,1.81,1.958521,-0.361479,2.962531,1.152531
2024-03-06,5104.759766,191.39,192.43,26.67203,26.527879,3.749246,0.761244,87.896825,9.259576,33.75492,4.11,1.81,1.939246,-0.360754,2.962531,1.152531
2024-03-07,5157.359863,191.39,192.43,26.946862,26.801226,3.711007,0.831146,88.730159,9.259576,33.75492,4.09,1.81,1.901007,-0.378993,2.962531,1.152531
2024-03-08,5123.689941,191.39,192.43,26.770939,26.626253,3.735394,0.785296,88.134921,9.259576,33.75492,4.09,1.81,1.925394,-0.354606,2.962531,1.152531
2024-03-11,5117.939941,191.39,192.43,26.740895,26.596372,3.739591,0.77692,87.936508,9.259576,33.75492,4.1,1.83,1.909591,-0.360409,2.962531,1.132531
2024-03-12,5175.27002,191.39,192.43,27.040441,26.894299,3.698165,0.853209,88.968254,9.259576,33.75492,4.16,1.86,1.838165,-0.461835,2.962531,1.102531
2024-03-13,5165.310059,191.39,192.43,26.988401,26.84254,3.705295,0.839148,88.809524,9.259576,33.75492,4.19,1.89,1.815295,-0.484705,2.962531,1.072531
2024-03-14,5150.47998,191.39,192.43,26.910915,26.765473,3.715964,0.818553,88.571429,9.259576,33.75492,4.29,1.99,1.725964,-0.574036,2.962531,0.972531
2024-03-15,5117.089844,191.39,192.43,26.736454,26.591955,3.740212,0.773036,87.777778,9.259576,33.75492,4.31,1.99,1.750212,-0.569788,2.962531,0.972531
2024-03-18,5149.419922,191.39,192.083333,26.905376,26.80826,3.716729,0.815814,88.452381,9.259576,33.75492,4.34,2.03,1.686729,-0.623271,2.962531,0.932531
2024-03-19,5178.509766,191.39,192.083333,27.057369,26.959704,3.695851,0.854233,88.968254,9.259576,33.75492,4.3,2.0,1.695851,-0.604149,2.962531,0.962531
2024-03-20,5224.620117,191.39,192.083333,27.298292,27.199758,3.663233,0.915514,89.444444,9.259576,33.75492,4.27,1.96,1.703233,-0.606767,2.962531,1.002531
2024-03-21,5241.529785,191.39,192.083333,27.386644,27.287791,3.651415,0.937521,89.563492,9.259576,33.75492,4.27,1.93,1.721415,-0.618585,2.962531,1.032531
2024-03-22,5234.180176,191.39,192.083333,27.348243,27.249528,3.656542,0.92691,89.484127,9.259576,33.75492,4.22,1.87,1.786542,-0.563458,2.962531,1.092531
2024-03-25,5218.189941,191.39,192.083333,27.264695,27.166282,3.667747,0.904681,89.246032,9.259576,33.75492,4.25,1.92,1.747747,-0.582253,2.962531,1.042531
2024-03-26,5203.580078,191.39,192.083333,27.188359,27.090222,3.678045,0.884318,89.047619,9.259576,33.75492,4.24,1.92,1.758045,-0.561955,2.962531,1.042531
2024-03-27,5248.490234,191.39,192.083333,27.423012,27.324027,3.646572,0.944029,89.563492,9.259576,33.75492,4.2,1.88,1.766572,-0.553428,2.962531,1.082531
2024-03-28,5254.350098,191.39,192.083333,27.453629,27.354534,3.642506,0.951178,89.563492,9.259576,33.75492,4.2,1.88,1.762506,-0.557494,2.962531,1.082531
2024-04-01,5243.77002,193.18,192.083333,27.144477,27.299454,3.683991,0.870818,88.809524,9.069352,33.141593,4.33,1.98,1.703991,-0.646009,3.017356,1.037356
2024-04-02,5205.810059,193.18,192.083333,26.947976,27.101831,3.710854,0.819498,88.293651,9.069352,33.141593,4.36,2.0,1.710854,-0.649146,3.017356,1.017356
2024-04-03,5211.490234,193.18,192.083333,26.97738,27.131403,3.706809,0.826404,88.412698,9.069352,33.141593,4.36,2.0,1.706809,-0.653191,3.017356,1.017356
2024-04-04,5147.209961,193.18,192.083333,26.644632,26.796755,3.753101,0.739953,87.063492,9.069352,33.141593,4.31,1.97,1.783101,-0.556899,3.017356,1.047356
2024-04-05,5204.339844,193.18,192.083333,26.940366,27.094177,3.711902,0.815563,88.174603,9.069352,33.141593,4.39,2.02,1.691902,-0.678098,3.017356,0.997356
2024-04-08,5202.390137,193.18,192.083333,26.930273,27.084027,3.713293,0.812288,88.134921,9.069352,33.141593,4.42,2.04,1.673293,-0.706707,3.017356,0.977356
2024-04-09,5209.910156,193.18,192.083333,26.969201,27.123177,3.707933,0.821658,88.293651,9.069352,33.141593,4.36,2.0,1.707933,-0.652067,3.017356,1.017356
2024-04-10,5160.640137,193.18,192.083333,26.714153,26.866673,3.743334,0.755179,87.103175,9.069352,33.141593,4.55,2.15,1.593334,-0.806666,3.017356,0.867356
2024-04-11,5199.060059,193.18,192.083333,26.913035,27.06669,3.715672,0.805866,88.015873,9.069352,33.141593,4.56,2.16,1.555672,-0.844328,3.017356,0.857356
2024-04-12,5123.410156,193.18,192.083333,26.521432,26.672851,3.770536,0.704098,85.912698,9.069352,33.141593,4.5,2.11,1.660536,-0.729464,3.017356,0.907356
2024-04-15,5061.819824,193.18,192.083333,26.202608,26.352207,3.816414,0.621124,84.960317,9.069352,33.141593,4.63,2.2,1.616414,-0.813586,3.017356,0.817356
2024-04-16,5051.410156,193.18,191.736667,26.148722,26.345562,3.824279,0.60659,84.761905,9.069352,33.141593,4.67,2.24,1.584279,-0.845721,3.017356,0.777356
2024-04-17,5022.209961,193.18,191.736667,25.997567,26.193268,3.846514,0.566908,84.246032,9.069352,33.141593,4.59,2.2,1.646514,-0.743486,3.017356,0.817356
2024-04-18,5011.120117,193.18,191.736667,25.94016,26.135429,3.855026,0.55146,84.047619,9.069352,33.141593,4.64,2.24,1.615026,-0.784974,3.017356,0.777356
2024-04-19,4967.22998,193.18,191.736667,25.712962,25.906521,3.889089,0.492088,83.333333,9.069352,33.141593,4.62,2.21,1.679089,-0.730911,3.017356,0.807356
2024-04-22,5010.600098,193.18,191.736667,25.937468,26.132717,3.855426,0.5496,84.007937,9.069352,33.141593,4.62,2.21,1.645426,-0.764574,3.017356,0.807356
2024-04-23,5070.549805,193.18,191.736667,26.247799,26.445384,3.809843,0.629337,85.079365,9.069352,33.141593,4.61,2.2,1.609843,-0.800157,3.017356,0.817356
2024-04-24,5071.629883,193.18,191.736667,26.25339,26.451017,3.809032,0.630175,85.079365,9.069352,33.141593,4.65,2.24,1.569032,-0.840968,3.017356,0.777356
2024-04-25,5048.419922,193.18,191.736667,26.133243,26.329966,3.826544,0.598447,84.603175,9.069352,33.141593,4.7,2.28,1.546544,-0.873456,3.017356,0.737356
2024-04-26,5099.959961,193.18,191.736667,26.400041,26.598772,3.787873,0.666969,85.47619,9.069352,33.141593,4.67,2.24,1.547873,-0.882127,3.017356,0.777356
2024-04-29,5116.169922,193.18,191.736667,26.483952,26.683315,3.775871,0.688095,85.753968,9.069352,33.141593,4.63,2.22,1.555871,-0.854129,3.017356,0.797356
2024-04-30,5035.689941,193.18,191.736667,26.067346,26.263573,3.836217,0.579468,84.246032,9.069352,33.141593,4.69,2.28,1.556217,-0.853783,3.017356,0.737356
2024-05-01,5018.390137,194.97,191.736667,25.739294,26.173346,3.88511,0.49379,83.134921,8.883263,33.773635,4.63,2.25,1.63511,-0.74489,2.960889,0.710889
2024-05-02,5064.200195,194.97,191.736667,25.974253,26.412268,3.849966,0.554165,83.849206,8.883263,33.773635,4.58,2.21,1.639966,-0.730034,2.960889,0.750889
2024-05-03,5127.790039,194.97,191.736667,26.300405,26.74392,3.802223,0.63821,85.119048,8.883263,33.773635,4.5,2.15,1.652223,-0.697777,2.960889,0.810889
2024-05-06,5180.740234,194.97,191.736667,26.571987,27.020081,3.763362,0.708092,86.269841,8.883263,33.773635,4.49,2.14,1.623362,-0.726638,2.960889,0.820889
2024-05-07,5187.700195,194.97,191.736667,26.607684,27.05638,3.758313,0.716729,86.587302,8.883263,33.773635,4.47,2.15,1.608313,-0.711687,2.960889,0.810889
2024-05-08,5187.669922,194.97,191.736667,26.607529,27.056222,3.758335,0.716054,86.547619,8.883263,33.773635,4.48,2.17,1.588335,-0.721665,2.960889,0.790889
2024-05-09,5214.080078,194.97,191.736667,26.742987,27.193964,3.739298,0.750612,87.18254,8.883263,33.773635,4.45,2.13,1.609298,-0.710702,2.960889,0.830889
2024-05-10,5222.680176,194.97,191.736667,26.787096,27.238818,3.733141,0.76143,87.460317,8.883263,33.773635,4.5,2.16,1.573141,-0.766859,2.960889,0.800889
2024-05-13,5221.419922,194.97,191.736667,26.780633,27.232245,3.734042,0.759102,87.34127,8.883263,33.773635,4.48,2.15,1.584042,-0.745958,2.960889,0.810889
2024-05-14,5246.680176,194.97,191.736667,26.910192,27.36399,3.716064,0.792142,87.936508,8.883263,33.773635,4.45,2.12,1.596064,-0.733936,2.960889,0.840889
2024-05-15,5308.149902,194.97,191.39,27.22547,27.73473,3.673031,0.873475,89.047619,8.883263,33.773635,4.36,2.05,1.623031,-0.686969,2.960889,0.910889
2024-05-16,5297.100098,194.97,191.39,27.168796,27.676995,3.680693,0.858037,88.809524,8.883263,33.773635,4.38,2.07,1.610693,-0.699307,2.960889,0.890889
2024-05-17,5303.27002,194.97,191.39,27.200441,27.709233,3.676411,0.865584,89.007937,8.883263,33.773635,4.42,2.1,1.576411,-0.743589,2.960889,0.860889
2024-05-20,5308.129883,194.97,191.39,27.225367,27.734625,3.673045,0.871386,89.007937,8.883263,33.773635,4.44,2.11,1.563045,-0.766955,2.960889,0.850889
2024-05-21,5321.410156,194.97,191.39,27.293482,27.804014,3.663878,0.888428,89.206349,8.883263,33.773635,4.41,2.09,1.573878,-0.746122,2.960889,0.870889
2024-05-22,5307.009766,194.97,191.39,27.219622,27.728772,3.67382,0.868497,88.928571,8.883263,33.773635,4.43,2.1,1.57382,-0.75618,2.960889,0.860889
2024-05-23,5267.839844,194.97,191.39,27.01872,27.524112,3.701138,0.815483,88.214286,8.883263,33.773635,4.47,2.17,1.531138,-0.768862,2.960889,0.790889
2024-05-24,5304.720215,194.97,191.39,27.207879,27.71681,3.675406,0.864097,88.888889,8.883263,33.773635,4.46,2.14,1.535406,-0.784594,2.960889,0.820889
2024-05-28,5306.040039,194.97,191.39,27.214649,27.723706,3.674492,0.865172,88.888889,8.883263,33.773635,4.54,2.2,1.474492,-0.865508,2.960889,0.760889
2024-05-29,5266.950195,194.97,191.39,27.014157,27.519464,3.701763,0.81222,88.095238,8.883263,33.773635,4.61,2.25,1.451763,-0.908237,2.960889,0.710889
2024-05-30,5235.47998,194.97,191.39,26.852746,27.355034,3.724014,0.769465,87.222222,8.883263,33.773635,4.55,2.19,1.534014,-0.825986,2.960889,0.770889
2024-05-31,5277.509766,194.97,191.39,27.068317,27.574637,3.694356,0.825033,88.333333,8.883263,33.773635,4.51,2.16,1.534356,-0.815644,2.960889,0.800889
2024-06-03,5283.399902,196.76,191.39,26.852002,27.605413,3.724117,0.76793,87.142857,8.701177,34.810549,4.41,2.08,1.644117,-0.685883,2.872692,0.792692
2024-06-04,5291.339844,196.76,191.39,26.892355,27.646898,3.718529,0.777806,87.301587,8.701177,34.810549,4.33,2.02,1.698529,-0.611471,2.872692,0.852692
2024-06-05,5354.029785,196.76,191.39,27.210967,27.974449,3.674989,0.860301,88.849206,8.701177,34.810549,4.29,1.99,1.684989,-0.615011,2.872692,0.882692
2024-06-06,5352.959961,196.76,191.39,27.205529,27.968859,3.675723,0.858191,88.769841,8.701177,34.810549,4.28,2.0,1.675723,-0.604277,2.872692,0.872692
2024-06-07,5346.990234,196.76,191.39,27.175189,27.937668,3.679827,0.84958,88.531746,8.701177,34.810549,4.43,2.13,1.549827,-0.750173,2.872692,0.742692
2024-06-10,5360.790039,196.76,191.39,27.245324,28.009771,3.670355,0.867207,89.047619,8.701177,34.810549,4.47,2.16,1.510355,-0.799645,2.872692,0.712692
2024-06-11,5375.319824,196.76,191.39,27.31917,28.085688,3.660433,0.885797,89.285714,8.701177,34.810549,4.39,2.12,1.540433,-0.729567,2.872692,0.752692
2024-06-12,5421.029785,196.76,191.39,27.551483,28.324519,3.629569,0.945775,89.603175,8.701177,34.810549,4.31,2.09,1.539569,-0.680431,2.872692,0.782692
2024-06-13,5433.740234,196.76,191.39,27.616082,28.390931,3.621079,0.961912,89.603175,8.701177,34.810549,4.24,2.03,1.591079,-0.618921,2.872692,0.842692
2024-06-14,5431.600098,196.76,191.39,27.605205,28.379749,3.622505,0.958321,89.563492,8.701177,34.810549,4.2,2.03,1.592505,-0.577495,2.872692,0.842692
2024-06-17,5473.22998,196.76,193.18,27.816782,28.332281,3.594952,1.012873,89.722222,8.701177,34.810549,4.28,2.06,1.534952,-0.685048,2.872692,0.812692
2024-06-18,5487.029785,196.76,193.18,27.886917,28.403716,3.585911,1.030427,89.761905,8.701177,34.810549,4.22,2.01,1.575911,-0.634089,2.872692,0.862692
2024-06-20,5473.169922,196.76,193.18,27.816477,28.33197,3.594992,1.011224,89.642857,8.701177,34.810549,4.25,2.0,1.594992,-0.655008,2.872692,0.872692
2024-06-21,5464.620117,196.76,193.18,27.773024,28.287712,3.600616,0.999086,89.563492,8.701177,34.810549,4.25,2.02,1.580616,-0.649384,2.872692,0.852692
2024-06-24,5447.870117,196.76,193.18,27.687894,28.201005,3.611687,0.97605,89.484127,8.701177,34.810549,4.25,2.03,1.581687,-0.638313,2.872692,0.842692
2024-06-25,5469.299805,196.76,193.18,27.796807,28.311936,3.597535,1.003774,89.603175,8.701177,34.810549,4.23,2.01,1.587535,-0.632465,2.872692,0.862692
2024-06-26,5477.899902,196.76,193.18,27.840516,28.356455,3.591887,1.014428,89.68254,8.701177,34.810549,4.32,2.06,1.531887,-0.728113,2.872692,0.812692
2024-06-27,5482.870117,196.76,193.18,27.865776,28.382183,3.588631,1.020249,89.722222,8.701177,34.810549,4.29,2.03,1.558631,-0.701369,2.872692,0.842692
2024-06-28,5460.47998,196.76,193.18,27.751982,28.26628,3.603346,0.989692,89.404762,8.701177,34.810549,4.36,2.08,1.523346,-0.756654,2.872692,0.792692
2024-07-01,5475.089844,197.93,193.18,27.661748,28.341908,3.6151,0.965311,89.246032,8.698995,35.443553,4.48,2.16,1.4551,-0.8649,2.821388,0.661388
2024-07-02,5509.009766,197.93,193.18,27.833122,28.517495,3.592842,1.009409,89.603175,8.698995,35.443553,4.43,2.13,1.462842,-0.837158,2.821388,0.691388
2024-07-03,5537.02002,197.93,193.18,27.974638,28.662491,3.574667,1.045668,89.920635,8.698995,35.443553,4.36,2.09,1.484667,-0.785333,2.821388,0.731388
2024-07-05,5567.189941,197.93,193.18,28.127065,28.818666,3.555295,1.084761,90.15873,8.698995,35.443553,4.28,2.0,1.555295,-0.724705,2.821388,0.821388
2024-07-08,5572.850098,197.93,193.18,28.155662,28.847966,3.551684,1.091414,90.198413,8.698995,35.443553,4.28,2.01,1.541684,-0.728316,2.821388,0.811388
2024-07-09,5576.97998,197.93,193.18,28.176527,28.869345,3.549053,1.096038,90.238095,8.698995,35.443553,4.3,2.04,1.509053,-0.750947,2.821388,0.781388
2024-07-10,5633.910156,197.93,193.18,28.464155,29.164045,3.513191,1.170497,90.595238,8.698995,35.443553,4.28,2.01,1.503191,-0.766809,2.821388,0.811388
2024-07-11,5584.540039,197.93,193.18,28.214723,28.908479,3.544249,1.104285,90.277778,8.698995,35.443553,4.2,1.95,1.594249,-0.655751,2.821388,0.871388
2024-07-12,5615.350098,197.93,193.18,28.370384,29.067968,3.524802,1.144205,90.555556,8.698995,35.443553,4.18,1.94,1.584802,-0.655198,2.821388,0.881388
2024-07-15,5631.220215,197.93,194.97,28.450564,28.882496,3.514869,1.164324,90.555556,8.698995,35.443553,4.23,1.96,1.554869,-0.715131,2.821388,0.861388
2024-07-16,5667.200195,197.93,194.97,28.632346,29.067037,3.492554,1.21104,90.674603,8.698995,35.443553,4.17,1.91,1.582554,-0.677446,2.821388,0.911388
2024-07-17,5588.27002,197.93,194.97,28.233568,28.662205,3.541883,1.10566,90.198413,8.698995,35.443553,4.16,1.9,1.641883,-0.618117,2.821388,0.921388
2024-07-18,5544.589844,197.93,194.97,28.012883,28.438169,3.569786,1.046998,89.603175,8.698995,35.443553,4.2,1.89,1.679786,-0.630214,2.821388,0.931388
2024-07-19,5505.0,197.93,194.97,27.812863,28.235113,3.595459,0.993784,89.047619,8.698995,35.443553,4.25,1.93,1.665459,-0.654541,2.821388,0.891388
2024-07-22,5564.410156,197.93,194.97,28.113021,28.539827,3.557071,1.071672,89.801587,8.698995,35.443553,4.26,1.96,1.597071,-0.702929,2.821388,0.861388
2024-07-23,5555.740234,197.93,194.97,28.069218,28.495359,3.562622,1.059378,89.68254,8.698995,35.443553,4.25,1.96,1.602622,-0.687378,2.821388,0.861388
2024-07-24,5427.129883,197.93,194.97,27.419441,27.835718,3.647047,0.888228,88.373016,8.698995,35.443553,4.28,2.0,1.647047,-0.632953,2.821388,0.821388
2024-07-25,5399.220215,197.93,194.97,27.278433,27.692569,3.6659,0.850544,87.936508,8.698995,35.443553,4.27,1.99,1.6759,-0.6041,2.821388,0.831388
2024-07-26,5459.100098,197.93,194.97,27.580963,27.999693,3.625689,0.9292,88.531746,8.698995,35.443553,4.2,1.93,1.695689,-0.574311,2.821388,0.891388
2024-07-29,5463.540039,197.93,194.97,27.603395,28.022465,3.622743,0.934352,88.531746,8.698995,35.443553,4.17,1.92,1.702743,-0.547257,2.821388,0.901388
2024-07-30,5436.439941,197.93,194.97,27.466478,27.883469,3.640802,0.897696,88.412698,8.698995,35.443553,4.15,1.9,1.740802,-0.509198,2.821388,0.921388
2024-07-31,5522.299805,197.93,194.97,27.900267,28.323844,3.584195,1.010805,89.246032,8.698995,35.443553,4.09,1.85,1.734195,-0.505805,2.821388,0.971388
2024-08-01,5446.680176,199.1,194.97,27.356505,27.935991,3.655438,0.867325,88.134921,8.696839,34.919631,3.99,1.79,1.865438,-0.334562,2.863719,1.073719
2024-08-02,5346.560059,199.1,194.97,26.853642,27.422476,3.72389,0.734616,85.555556,8.696839,34.919631,3.8,1.76,1.96389,-0.07611,2.863719,1.103719
2024-08-05,5186.330078,199.1,194.97,26.04887,26.600657,3.838938,0.522621,81.626984,8.696839,34.919631,3.78,1.71,2.128938,0.058938,2.863719,1.153719
2024-08-06,5240.029785,199.1,194.97,26.318583,26.876082,3.799597,0.592891,82.777778,8.696839,34.919631,3.9,1.78,2.019597,-0.100403,2.863719,1.083719
2024-08-07,5199.5,199.1,194.97,26.115018,26.668205,3.829214,0.53878,81.865079,8.696839,34.919631,3.96,1.85,1.979214,-0.130786,2.863719,1.013719
2024-08-08,5319.310059,199.1,194.97,26.716776,27.28271,3.742967,0.696399,84.722222,8.696839,34.919631,3.99,1.87,1.872967,-0.247033,2.863719,0.993719
2024-08-09,5344.160156,199.1,194.97,26.841588,27.410166,3.725562,0.728597,85.396825,8.696839,34.919631,3.94,1.84,1.885562,-0.214438,2.863719,1.023719
2024-08-12,5344.390137,199.1,194.97,26.842743,27.411346,3.725402,0.728267,85.396825,8.696839,34.919631,3.9,1.79,1.935402,-0.174598,2.863719,1.073719
2024-08-13,5434.430176,199.1,194.97,27.294978,27.873161,3.663678,0.84665,87.81746,8.696839,34.919631,3.85,1.76,1.903678,-0.186322,2.863719,1.103719
2024-08-14,5455.209961,199.1,194.97,27.399347,27.97974,3.649722,0.87345,88.174603,8.696839,34.919631,3.83,1.77,1.879722,-0.180278,2.863719,1.093719
2024-08-15,5543.220215,199.1,196.76,27.841387,28.172496,3.591775,0.989149,89.087302,8.696839,34.919631,3.92,1.8,1.791775,-0.328225,2.863719,1.063719
2024-08-16,5554.25,199.1,196.76,27.896786,28.228553,3.584642,1.002999,89.206349,8.696839,34.919631,3.89,1.81,1.774642,-0.305358,2.863719,1.053719
2024-08-19,5608.25,199.1,196.76,28.168006,28.502999,3.550127,1.073681,89.960317,8.696839,34.919631,3.86,1.79,1.760127,-0.309873,2.863719,1.073719
2024-08-20,5597.120117,199.1,196.76,28.112105,28.446433,3.557186,1.058156,89.722222,8.696839,34.919631,3.82,1.75,1.807186,-0.262814,2.863719,1.113719
2024-08-21,5620.850098,199.1,196.76,28.231291,28.567036,3.542169,1.088768,90.15873,8.696839,34.919631,3.79,1.72,1.822169,-0.247831,2.863719,1.143719
2024-08-22,5570.640137,199.1,196.76,27.979107,28.311853,3.574096,1.021494,89.325397,8.696839,34.919631,3.86,1.76,1.814096,-0.285904,2.863719,1.103719
2024-08-23,5634.609863,199.1,196.76,28.300401,28.636968,3.533519,1.105397,90.396825,8.696839,34.919631,3.81,1.68,1.853519,-0.276481,2.863719,1.183719
2024-08-26,5616.839844,199.1,196.76,28.211149,28.546655,3.544698,1.081033,90.0,8.696839,34.919631,3.82,1.67,1.874698,-0.275302,2.863719,1.193719
2024-08-27,5625.799805,199.1,196.76,28.256152,28.592193,3.539052,1.092074,90.238095,8.696839,34.919631,3.83,1.68,1.859052,-0.290948,2.863719,1.183719
2024-08-28,5592.180176,199.1,196.76,28.087294,28.421326,3.560329,1.046723,89.444444,8.696839,34.919631,3.84,1.69,1.870329,-0.279671,2.863719,1.173719
2024-08-29,5591.959961,199.1,196.76,28.086188,28.420207,3.560469,1.045631,89.404762,8.696839,34.919631,3.87,1.71,1.850469,-0.309531,2.863719,1.153719
2024-08-30,5648.399902,199.1,196.76,28.369663,28.707054,3.524892,1.119592,90.436508,8.696839,34.919631,3.91,1.76,1.764892,-0.385108,2.863719,1.103719
2024-09-03,5528.930176,200.27,196.76,27.607381,28.099869,3.62222,0.917661,88.055556,8.694708,35.660184,3.84,1.73,1.89222,-0.21778,2.804248,1.074248
2024-09-04,5520.069824,200.27,196.76,27.563139,28.054837,3.628034,0.905266,87.896825,8.694708,35.660184,3.77,1.7,1.928034,-0.141966,2.804248,1.104248
2024-09-05,5503.410156,200.27,196.76,27.479953,27.970167,3.639016,0.882596,87.81746,8.694708,35.660184,3.73,1.7,1.939016,-0.090984,2.804248,1.104248
2024-09-06,5408.419922,200.27,196.76,27.005642,27.487395,3.70293,0.756677,85.753968,8.694708,35.660184,3.72,1.69,2.01293,-0.01707,2.804248,1.114248
2024-09-09,5471.049805,200.27,196.76,27.318369,27.805701,3.660541,0.838614,87.261905,8.694708,35.660184,3.7,1.66,2.000541,-0.039459,2.804248,1.144248
2024-09-10,5495.52002,200.27,196.76,27.440555,27.930067,3.644241,0.870208,87.65873,8.694708,35.660184,3.65,1.63,2.014241,-0.005759,2.804248,1.174248
2024-09-11,5554.129883,200.27,196.76,27.73321,28.227942,3.605785,0.946825,88.253968,8.694708,35.660184,3.65,1.61,1.995785,-0.044215,2.804248,1.194248
2024-09-12,5595.759766,200.27,196.76,27.941078,28.439519,3.57896,1.001013,88.928571,8.694708,35.660184,3.68,1.63,1.94896,-0.10104,2.804248,1.174248
2024-09-13,5626.02002,200.27,196.76,28.092176,28.593312,3.55971,1.040182,89.404762,8.694708,35.660184,3.66,1.58,1.97971,-0.10029,2.804248,1.224248
2024-09-16,5633.089844,200.27,197.93,28.127477,28.46001,3.555242,1.048727,89.603175,8.694708,35.660184,3.63,1.54,2.015242,-0.074758,2.804248,1.264248
2024-09-17,5634.580078,200.27,197.93,28.134918,28.467539,3.554302,1.049902,89.603175,8.694708,35.660184,3.65,1.53,2.024302,-0.095698,2.804248,1.274248
2024-09-18,5618.259766,200.27,197.93,28.053427,28.385084,3.564627,1.027571,89.166667,8.694708,35.660184,3.7,1.58,1.984627,-0.135373,2.804248,1.224248
2024-09-19,5713.640137,200.27,197.93,28.529686,28.866974,3.505121,1.152734,90.634921,8.694708,35.660184,3.73,1.56,1.945121,-0.224879,2.804248,1.244248
2024-09-20,5702.549805,200.27,197.93,28.474309,28.810942,3.511938,1.137223,90.515873,8.694708,35.660184,3.73,1.58,1.931938,-0.218062,2.804248,1.224248
2024-09-23,5718.569824,200.27,197.93,28.554301,28.89188,3.502099,1.157523,90.634921,8.694708,35.660184,3.75,1.58,1.922099,-0.247901,2.804248,1.224248
2024-09-24,5732.930176,200.27,197.93,28.626006,28.964433,3.493327,1.17561,90.634921,8.694708,35.660184,3.74,1.55,1.943327,-0.246673,2.804248,1.254248
2024-09-25,5722.259766,200.27,197.93,28.572726,28.910523,3.499841,1.160625,90.595238,8.694708,35.660184,3.79,1.61,1.889841,-0.290159,2.804248,1.194248
2024-09-26,5745.370117,200.27,197.93,28.688122,29.027283,3.485763,1.190284,90.674603,8.694708,35.660184,3.79,1.63,1.855763,-0.304237,2.804248,1.174248
2024-09-27,5738.169922,200.27,197.93,28.652169,28.990905,3.490137,1.179887,90.634921,8.694708,35.660184,3.75,1.6,1.890137,-0.259863,2.804248,1.204248
2024-09-30,5762.47998,200.27,197.93,28.773556,29.113727,3.475413,1.211121,90.674603,8.694708,35.660184,3.81,1.63,1.845413,-0.334587,2.804248,1.174248
2024-10-01,5708.75,203.57,197.93,28.043179,28.842267,3.565929,1.016914,88.769841,8.874548,36.587211,3.74,1.55,2.015929,-0.174071,2.733195,1.183195
2024-10-02,5709.540039,203.57,197.93,28.04706,28.846259,3.565436,1.01718,88.769841,8.874548,36.587211,3.79,1.58,1.985436,-0.224564,2.733195,1.153195
2024-10-03,5699.939941,203.57,197.93,27.999901,28.797756,3.571441,1.003931,88.571429,8.874548,36.587211,3.85,1.64,1.931441,-0.278559,2.733195,1.093195
2024-10-04,5751.069824,203.57,197.93,28.251068,29.05608,3.539689,1.069713,89.84127,8.874548,36.587211,3.98,1.75,1.789689,-0.440311,2.733195,0.983195
2024-10-07,5695.939941,203.57,197.93,27.980252,28.777547,3.573949,0.997175,88.452381,8.874548,36.587211,4.03,1.76,1.813949,-0.456051,2.733195,0.973195
2024-10-08,5751.129883,203.57,197.93,28.251363,29.056383,3.539652,1.06828,89.84127,8.874548,36.587211,4.04,1.77,1.769652,-0.500348,2.733195,0.963195
2024-10-09,5792.040039,203.57,197.93,28.452326,29.263073,3.514651,1.120747,90.198413,8.874548,36.587211,4.06,1.77,1.744651,-0.545349,2.733195,0.963195
2024-10-10,5780.049805,203.57,197.93,28.393426,29.202495,3.521942,1.104303,90.119048,8.874548,36.587211,4.09,1.76,1.761942,-0.568058,2.733195,0.973195
2024-10-11,5815.029785,203.57,197.93,28.565259,29.379224,3.500756,1.149061,90.436508,8.874548,36.587211,4.08,1.75,1.750756,-0.579244,2.733195,0.983195
2024-10-14,5859.850098,203.57,197.93,28.785431,29.605669,3.47398,1.206586,90.674603,8.874548,36.587211,4.08,1.75,1.72398,-0.60602,2.733195,0.983195
2024-10-15,5815.259766,203.57,199.1,28.566389,29.207734,3.500617,1.147628,90.396825,8.874548,36.587211,4.03,1.75,1.750617,-0.529383,2.733195,0.983195
2024-10-16,5842.470215,203.57,199.1,28.700055,29.344401,3.484314,1.182281,90.595238,8.874548,36.587211,4.02,1.75,1.734314,-0.535686,2.733195,0.983195
2024-10-17,5841.470215,203.57,199.1,28.695143,29.339378,3.48491,1.180179,90.555556,8.874548,36.587211,4.09,1.79,1.69491,-0.60509,2.733195,0.943195
2024-10-18,5864.669922,203.57,199.1,28.809107,29.455901,3.471125,1.209628,90.674603,8.874548,36.587211,4.08,1.77,1.701125,-0.608875,2.733195,0.963195
2024-10-21,5853.97998,203.57,199.1,28.756595,29.40221,3.477463,1.194883,90.555556,8.874548,36.587211,4.19,1.88,1.597463,-0.712537,2.733195,0.853195
2024-10-22,5851.200195,203.57,199.1,28.74294,29.388248,3.479115,1.190464,90.515873,8.874548,36.587211,4.2,1.87,1.609115,-0.720885,2.733195,0.863195
2024-10-23,5797.419922,203.57,199.1,28.478754,29.118131,3.51139,1.119467,89.960317,8.874548,36.587211,4.24,1.93,1.58139,-0.72861,2.733195,0.803195
2024-10-24,5809.859863,203.57,199.1,28.539863,29.180612,3.503871,1.134924,90.079365,8.874548,36.587211,4.21,1.91,1.593871,-0.706129,2.733195,0.823195
2024-10-25,5808.120117,203.57,199.1,28.531317,29.171874,3.504921,1.131831,90.039683,8.874548,36.587211,4.25,1.96,1.544921,-0.745079,2.733195,0.773195
2024-10-28,5823.52002,203.57,199.1,28.606966,29.249222,3.495652,1.151136,90.238095,8.874548,36.587211,4.28,1.99,1.505652,-0.784348,2.733195,0.743195
2024-10-29,5832.919922,203.57,199.1,28.653141,29.296434,3.490019,1.162575,90.357143,8.874548,36.587211,4.28,1.98,1.510019,-0.789981,2.733195,0.753195
2024-10-30,5813.669922,203.57,199.1,28.558579,29.199748,3.501575,1.13657,90.039683,8.874548,36.587211,4.29,1.95,1.551575,-0.788425,2.733195,0.783195
2024-10-31,5705.450195,203.57,199.1,28.02697,28.656204,3.567992,0.994315,87.936508,8.874548,36.587211,4.28,1.95,1.617992,-0.712008,2.733195,0.783195
2024-11-01,5728.799805,206.87,199.1,27.692753,28.77348,3.611053,0.904621,86.746032,9.049217,37.350196,4.37,2.04,1.571053,-0.758947,2.677362,0.637362
2024-11-04,5712.689941,206.87,199.1,27.614879,28.692566,3.621236,0.883185,86.547619,9.049217,37.350196,4.31,2.03,1.591236,-0.688764,2.677362,0.647362
2024-11-05,5782.759766,206.87,199.1,27.953593,29.044499,3.577358,0.972668,87.579365,9.049217,37.350196,4.26,1.99,1.587358,-0.682642,2.677362,0.687362
2024-11-06,5929.040039,206.87,199.1,28.660705,29.779207,3.489098,1.160182,90.357143,9.049217,37.350196,4.42,2.04,1.449098,-0.930902,2.677362,0.637362
2024-11-07,5973.100098,206.87,199.1,28.873689,30.000503,3.463361,1.215983,90.674603,9.049217,37.350196,4.31,1.98,1.483361,-0.846639,2.677362,0.697362
2024-11-08,5995.540039,206.87,199.1,28.982163,30.11321,3.450398,1.243914,90.753968,9.049217,37.350196,4.3,1.95,1.500398,-0.849602,2.677362,0.727362
2024-11-11,6001.350098,206.87,199.1,29.010248,30.142391,3.447058,1.25041,90.753968,9.049217,37.350196,4.3,1.95,1.497058,-0.852942,2.677362,0.727362
2024-11-12,5983.990234,206.87,199.1,28.926332,30.0552,3.457058,1.227078,90.634921,9.049217,37.350196,4.43,2.08,1.377058,-0.972942,2.677362,0.597362
2024-11-13,5985.379883,206.87,199.1,28.933049,30.062179,3.456255,1.227898,90.634921,9.049217,37.350196,4.44,2.09,1.366255,-0.983745,2.677362,0.587362
2024-11-14,5949.169922,206.87,199.1,28.758012,29.880311,3.477292,1.180325,90.357143,9.049217,37.350196,4.43,2.1,1.377292,-0.952708,2.677362,0.577362
2024-11-15,5870.620117,206.87,200.27,28.378306,29.313527,3.523819,1.078294,89.246032,9.049217,37.350196,4.43,2.1,1.423819,-0.906181,2.677362,0.577362
2024-11-18,5893.620117,206.87,200.27,28.489487,29.428372,3.510067,1.107062,89.52381,9.049217,37.350196,4.42,2.08,1.430067,-0.909933,2.677362,0.597362
2024-11-19,5916.97998,206.87,200.27,28.602407,29.545014,3.496209,1.13627,89.880952,9.049217,37.350196,4.39,2.05,1.446209,-0.893791,2.677362,0.627362
2024-11-20,5917.109863,206.87,200.27,28.603035,29.545663,3.496132,1.13555,89.880952,9.049217,37.350196,4.41,2.06,1.436132,-0.913868,2.677362,0.617362
2024-11-21,5948.709961,206.87,200.27,28.755788,29.70345,3.477561,1.175344,90.277778,9.049217,37.350196,4.43,2.09,1.387561,-0.952439,2.677362,0.587362
2024-11-22,5969.339844,206.87,200.27,28.855512,29.80646,3.465542,1.200974,90.47619,9.049217,37.350196,4.41,2.07,1.395542,-0.944458,2.677362,0.607362
2024-11-25,5987.370117,206.87,200.27,28.94267,29.89649,3.455106,1.223234,90.674603,9.049217,37.350196,4.27,1.98,1.475106,-0.814894,2.677362,0.697362
2024-11-26,6021.629883,206.87,200.27,29.10828,30.067558,3.435449,1.266361,90.833333,9.049217,37.350196,4.3,2.02,1.415449,-0.864551,2.677362,0.657362
2024-11-27,5998.740234,206.87,200.27,28.997632,29.953264,3.448557,1.235875,90.674603,9.049217,37.350196,4.25,1.99,1.458557,-0.801443,2.677362,0.687362
2024-11-29,6032.379883,206.87,200.27,29.160245,30.121236,3.429326,1.278179,90.833333,9.049217,37.350196,4.18,1.92,1.509326,-0.750674,2.677362,0.757362
2024-12-02,6047.149902,210.17,200.27,28.77266,30.194986,3.475522,1.173942,90.15873,9.218937,37.711192,4.19,1.93,1.545522,-0.714478,2.651733,0.721733
2024-12-03,6049.879883,210.17,200.27,28.785649,30.208618,3.473953,1.176468,90.238095,9.218937,37.711192,4.23,1.95,1.523953,-0.756047,2.651733,0.701733
2024-12-04,6086.490234,210.17,200.27,28.959843,30.391423,3.453057,1.221917,90.555556,9.218937,37.711192,4.19,1.9,1.553057,-0.736943,2.651733,0.751733
2024-12-05,6075.109863,210.17,200.27,28.905695,30.334598,3.459526,1.206517,90.357143,9.218937,37.711192,4.17,1.92,1.539526,-0.710474,2.651733,0.731733
2024-12-06,6090.27002,210.17,200.27,28.977828,30.410296,3.450914,1.22475,90.555556,9.218937,37.711192,4.15,1.91,1.540914,-0.699086,2.651733,0.741733
2024-12-09,6052.850098,210.17,200.27,28.799782,30.223449,3.472249,1.176355,90.119048,9.218937,37.711192,4.2,1.93,1.542249,-0.727751,2.651733,0.721733
2024-12-10,6034.910156,210.17,200.27,28.714422,30.13387,3.48257,1.152686,89.761905,9.218937,37.711192,4.22,1.93,1.55257,-0.73743,2.651733,0.721733
2024-12-11,6084.189941,210.17,200.27,28.948898,30.379937,3.454363,1.214188,90.47619,9.218937,37.711192,4.26,1.96,1.494363,-0.805637,2.651733,0.691733
2024-12-12,6051.25,210.17,200.27,28.792168,30.215459,3.473167,1.171488,90.039683,9.218937,37.711192,4.32,2.0,1.473167,-0.846833,2.651733,0.651733
2024-12-13,6051.089844,210.17,200.27,28.791406,30.214659,3.473259,1.170351,90.0,9.218937,37.711192,4.4,2.07,1.403259,-0.926741,2.651733,0.581733
2024-12-16,6074.080078,210.17,203.57,28.900795,29.837796,3.460112,1.198552,90.238095,9.218937,37.711192,4.39,2.07,1.390112,-0.929888,2.651733,0.581733
2024-12-17,6050.609863,210.17,203.57,28.789122,29.722503,3.473534,1.167873,89.920635,9.218937,37.711192,4.4,2.09,1.383534,-0.926466,2.651733,0.561733
2024-12-18,5872.160156,210.17,203.57,27.940049,28.845901,3.579092,0.940878,86.309524,9.218937,37.711192,4.5,2.18,1.399092,-0.920908,2.651733,0.471733
2024-12-19,5867.080078,210.17,203.57,27.915878,28.820946,3.582191,0.933703,86.190476,9.218937,37.711192,4.57,2.28,1.302191,-0.987809,2.651733,0.371733
2024-12-20,5930.850098,210.17,203.57,28.219299,29.134205,3.543674,1.013808,87.777778,9.218937,37.711192,4.52,2.23,1.313674,-0.976326,2.651733,0.421733
2024-12-23,5974.069824,210.17,203.57,28.424941,29.346514,3.518037,1.067804,88.452381,9.218937,37.711192,4.59,2.27,1.248037,-1.071963,2.651733,0.381733
2024-12-24,6040.040039,210.17,203.57,28.738831,29.67058,3.479613,1.150581,89.563492,9.218937,37.711192,4.59,2.24,1.239613,-1.110387,2.651733,0.411733
2024-12-26,6037.589844,210.17,203.57,28.727172,29.658544,3.481025,1.146559,89.52381,9.218937,37.711192,4.58,2.23,1.251025,-1.098975,2.651733,0.421733
2024-12-27,5970.839844,210.17,203.57,28.409572,29.330647,3.51994,1.061039,88.333333,9.218937,37.711192,4.62,2.28,1.23994,-1.10006,2.651733,0.371733
2024-12-30,5906.939941,210.17,203.57,28.105533,29.016751,3.558018,0.979197,87.02381,9.218937,37.711192,4.55,2.24,1.318018,-0.991982,2.651733,0.411733
2024-12-31,5881.629883,210.17,203.57,27.985107,28.89242,3.573329,0.946333,86.349206,9.218937,37.711192,4.58,2.24,1.333329,-1.006671,2.651733,0.411733
2025-01-02,5868.549805,212.343333,203.57,27.637081,28.828166,3.618327,0.852837,85.039683,10.547505,37.12922,4.57,2.23,1.388327,-0.951673,2.693297,0.463297
2025-01-03,5942.470215,212.343333,203.57,27.985198,29.191287,3.573318,0.94492,86.349206,10.547505,37.12922,4.6,2.26,1.313318,-1.026682,2.693297,0.433297
2025-01-06,5975.379883,212.343333,203.57,28.140181,29.352949,3.553637,0.985471,87.222222,10.547505,37.12922,4.62,2.28,1.273637,-1.066363,2.693297,0.413297
2025-01-07,5909.029785,212.343333,203.57,27.827715,29.027017,3.59354,0.901412,85.47619,10.547505,37.12922,4.67,2.29,1.30354,-1.07646,2.693297,0.403297
2025-01-08,5918.25,212.343333,203.57,27.871136,29.072309,3.587941,0.912264,85.674603,10.547505,37.12922,4.67,2.27,1.317941,-1.082059,2.693297,0.423297
2025-01-10,5827.040039,212.343333,203.57,27.441596,28.624257,3.644103,0.797019,84.365079,10.547505,37.12922,4.77,2.34,1.304103,-1.125897,2.693297,0.353297
2025-01-13,5836.220215,212.343333,203.57,27.484829,28.669353,3.638371,0.807882,84.52381,10.547505,37.12922,4.79,2.34,1.298371,-1.151629,2.693297,0.353297
2025-01-14,5842.910156,212.343333,203.57,27.516334,28.702216,3.634205,0.815614,84.52381,10.547505,37.12922,4.78,2.34,1.294205,-1.145795,2.693297,0.353297
2025-01-15,5949.910156,212.343333,206.87,28.020235,28.76159,3.568849,0.94934,86.428571,10.547505,37.12922,4.66,2.24,1.328849,-1.091151,2.693297,0.453297
2025-01-16,5937.339844,212.343333,206.87,27.961037,28.700826,3.576405,0.932797,86.031746,10.547505,37.12922,4.61,2.19,1.386405,-1.033595,2.693297,0.503297
2025-01-17,5996.660156,212.343333,206.87,28.240398,28.987577,3.541027,1.006572,87.738095,10.547505,37.12922,4.61,2.2,1.341027,-1.068973,2.693297,0.493297
2025-01-21,6049.240234,212.343333,206.87,28.488016,29.241747,3.510248,1.071832,88.571429,10.547505,37.12922,4.57,2.19,1.320248,-1.059752,2.693297,0.503297
2025-01-22,6086.370117,212.343333,206.87,28.662874,29.421231,3.488834,1.117638,89.325397,10.547505,37.12922,4.6,2.2,1.288834,-1.111166,2.693297,0.493297
2025-01-23,6118.709961,212.343333,206.87,28.815173,29.577561,3.470394,1.157399,90.079365,10.547505,37.12922,4.65,2.23,1.240394,-1.179606,2.693297,0.463297
2025-01-24,6101.240234,212.343333,206.87,28.732902,29.493113,3.480331,1.134543,89.484127,10.547505,37.12922,4.63,2.2,1.280331,-1.149669,2.693297,0.493297
2025-01-27,6012.279785,212.343333,206.87,28.313956,29.063082,3.531827,1.021885,87.936508,10.547505,37.12922,4.53,2.13,1.401827,-0.998173,2.693297,0.563297
2025-01-28,6067.700195,212.343333,206.87,28.57495,29.330982,3.499569,1.090718,88.888889,10.547505,37.12922,4.55,2.13,1.369569,-1.050431,2.693297,0.563297
2025-01-29,6039.310059,212.343333,206.87,28.441251,29.193745,3.51602,1.054182,88.174603,10.547505,37.12922,4.55,2.15,1.36602,-1.03398,2.693297,0.543297
2025-01-30,6071.169922,212.343333,206.87,28.591291,29.347754,3.497569,1.093383,88.888889,10.547505,37.12922,4.52,2.14,1.357569,-1.022431,2.693297,0.553297
2025-01-31,6040.529785,212.343333,206.87,28.446995,29.199641,3.51531,1.054017,88.134921,10.547505,37.12922,4.58,2.16,1.35531,-1.06469,2.693297,0.533297
2025-02-03,5994.569824,214.516667,206.87,27.944541,28.977473,3.578516,0.919106,85.515873,11.880878,37.187176,4.54,2.09,1.488516,-0.961484,2.689099,0.599099
2025-02-04,6037.879883,214.516667,206.87,28.146437,29.186832,3.552848,0.972266,86.825397,11.880878,37.187176,4.52,2.08,1.472848,-0.967152,2.689099,0.609099
2025-02-05,6061.47998,214.516667,206.87,28.256452,29.300914,3.539015,1.000868,87.579365,11.880878,37.187176,4.43,2.01,1.529015,-0.890985,2.689099,0.679099
2025-02-06,6083.569824,214.516667,206.87,28.359427,29.407695,3.526164,1.027579,87.81746,11.880878,37.187176,4.45,2.03,1.496164,-0.923836,2.689099,0.659099
2025-02-07,6025.990234,214.516667,206.87,28.091012,29.129358,3.559858,0.95511,86.309524,11.880878,37.187176,4.49,2.07,1.489858,-0.930142,2.689099,0.619099
2025-02-10,6066.439941,214.516667,206.87,28.279574,29.32489,3.536121,1.004697,87.579365,11.880878,37.187176,4.51,2.07,1.466121,-0.973879,2.689099,0.619099
2025-02-11,6068.5,214.516667,206.87,28.289177,29.334848,3.534921,1.006466,87.619048,11.880878,37.187176,4.54,2.08,1.454921,-1.005079,2.689099,0.609099
2025-02-12,6051.970215,214.516667,206.87,28.212121,29.254944,3.544576,0.985094,86.984127,11.880878,37.187176,4.62,2.16,1.384576,-1.075424,2.689099,0.529099
2025-02-13,6115.069824,214.516667,206.87,28.506269,29.559964,3.508,1.062853,88.452381,11.880878,37.187176,4.52,2.08,1.428,-1.012,2.689099,0.609099
2025-02-14,6114.629883,214.516667,210.17,28.504218,29.093733,3.508253,1.061465,88.412698,11.880878,37.187176,4.47,2.04,1.468253,-0.961747,2.689099,0.649099
2025-02-18,6129.580078,214.516667,210.17,28.573911,29.164867,3.499696,1.079229,88.809524,11.880878,37.187176,4.55,2.1,1.399696,-1.050304,2.689099,0.589099
2025-02-19,6144.149902,214.516667,210.17,28.64183,29.234191,3.491397,1.096504,89.087302,11.880878,37.187176,4.53,2.08,1.411397,-1.038603,2.689099,0.609099
2025-02-20,6117.52002,214.516667,210.17,28.517691,29.107485,3.506595,1.062486,88.412698,11.880878,37.187176,4.5,2.05,1.456595,-0.993405,2.689099,0.639099
2025-02-21,6013.129883,214.516667,210.17,28.031061,28.610791,3.567471,0.931713,85.674603,11.880878,37.187176,4.42,2.0,1.567471,-0.852529,2.689099,0.689099
2025-02-24,5983.25,214.516667,210.17,27.891772,28.468621,3.585287,0.893779,84.68254,11.880878,37.187176,4.4,1.98,1.605287,-0.814713,2.689099,0.709099
2025-02-25,5955.25,214.516667,210.17,27.761246,28.335395,3.602144,0.85821,84.087302,11.880878,37.187176,4.3,1.92,1.682144,-0.697856,2.689099,0.769099
2025-02-26,5956.060059,214.516667,210.17,27.765022,28.339249,3.601654,0.858528,84.087302,11.880878,37.187176,4.25,1.89,1.711654,-0.648346,2.689099,0.799099
2025-02-27,5861.569824,214.516667,210.17,27.324543,27.88966,3.659714,0.740197,82.698413,11.880878,37.187176,4.29,1.92,1.739714,-0.630286,2.689099,0.769099
2025-02-28,5954.5,214.516667,210.17,27.75775,28.331827,3.602597,0.855288,84.007937,11.880878,37.187176,4.24,1.86,1.742597,-0.637403,2.689099,0.829099
2025-03-03,5849.720215,216.69,210.17,26.995801,27.833279,3.70428,0.651076,80.992063,13.219081,34.78475,4.16,1.8,1.90428,-0.45572,2.874823,1.074823
2025-03-04,5778.149902,216.69,210.17,26.665512,27.492744,3.750162,0.562262,78.968254,13.219081,34.78475,4.22,1.87,1.880162,-0.469838,2.874823,1.004823
2025-03-05,5842.629883,216.69,210.17,26.96308,27.799543,3.708775,0.64124,80.714286,13.219081,34.78475,4.28,1.94,1.768775,-0.571225,2.874823,0.934823
2025-03-06,5738.52002,216.69,210.17,26.482625,27.304182,3.776061,0.512277,77.579365,13.219081,34.78475,4.29,1.95,1.826061,-0.513939,2.874823,0.924823
2025-03-07,5770.200195,216.69,210.17,26.628825,27.454918,3.755329,0.550855,78.769841,13.219081,34.78475,4.32,1.99,1.765329,-0.564671,2.874823,0.884823
2025-03-10,5614.560059,216.69,210.17,25.910564,26.714374,3.85943,0.358343,75.198413,13.219081,34.78475,4.22,1.91,1.94943,-0.36057,2.874823,0.964823
2025-03-11,5572.069824,216.69,210.17,25.714476,26.512204,3.88886,0.305462,74.563492,13.219081,34.78475,4.28,1.97,1.91886,-0.39114,2.874823,0.904823
2025-03-12,5599.299805,216.69,210.17,25.840139,26.641765,3.869948,0.338626,74.960317,13.219081,34.78475,4.32,1.99,1.879948,-0.450052,2.874823,0.884823
2025-03-13,5521.52002,216.69,210.17,25.481194,26.271685,3.924463,0.242158,74.007937,13.219081,34.78475,4.27,1.98,1.944463,-0.345537,2.874823,0.894823
2025-03-14,5638.939941,216.69,210.17,26.023074,26.830375,3.842744,0.386667,75.714286,13.219081,34.78475,4.31,2.01,1.832744,-0.467256,2.874823,0.864823
2025-03-17,5675.120117,216.69,212.343333,26.190042,26.726152,3.818245,0.430836,76.388889,13.219081,34.78475,4.31,2.02,1.798245,-0.491755,2.874823,0.854823
2025-03-18,5614.660156,216.69,212.343333,25.911026,26.441424,3.859361,0.35566,75.119048,13.219081,34.78475,4.29,1.99,1.869361,-0.430639,2.874823,0.884823
2025-03-19,5675.290039,216.69,212.343333,26.190826,26.726952,3.818131,0.430065,76.388889,13.219081,34.78475,4.25,1.94,1.878131,-0.431869,2.874823,0.934823
2025-03-20,5662.890137,216.69,212.343333,26.133602,26.668556,3.826491,0.41424,76.150794,13.219081,34.78475,4.24,1.93,1.896491,-0.413509,2.874823,0.944823
2025-03-21,5667.560059,216.69,212.343333,26.155153,26.690549,3.823338,0.419524,76.269841,13.219081,34.78475,4.25,1.92,1.903338,-0.426662,2.874823,0.954823
2025-03-24,5767.569824,216.69,212.343333,26.616687,27.16153,3.757042,0.542609,78.571429,13.219081,34.78475,4.34,1.98,1.777042,-0.582958,2.874823,0.894823
2025-03-25,5776.649902,216.69,212.343333,26.65859,27.204291,3.751136,0.553308,78.849206,13.219081,34.78475,4.31,1.96,1.791136,-0.558864,2.874823,0.914823
2025-03-26,5712.200195,216.69,212.343333,26.361162,26.900775,3.793459,0.473124,77.02381,13.219081,34.78475,4.35,1.98,1.813459,-0.556541,2.874823,0.894823
2025-03-27,5693.310059,216.69,212.343333,26.273986,26.811815,3.806046,0.449284,76.626984,13.219081,34.78475,4.38,1.99,1.816046,-0.573954,2.874823,0.884823
2025-03-28,5580.939941,216.69,212.343333,25.755411,26.282624,3.882679,0.309879,74.246032,13.219081,34.78475,4.27,1.9,1.982679,-0.387321,2.874823,0.974823
2025-03-31,5611.850098,216.69,212.343333,25.898058,26.428191,3.861293,0.347651,74.722222,13.219081,34.78475,4.23,1.85,2.011293,-0.368707,2.874823,1.024823
2025-04-01,5633.069824,218.636667,212.343333,25.764525,26.528122,3.881306,0.311384,74.206349,13.177693,32.62127,4.17,1.84,2.041306,-0.288694,3.065485,1.225485
2025-04-02,5670.970215,218.636667,212.343333,25.937874,26.706608,3.855366,0.357373,75.0,13.177693,32.62127,4.2,1.88,1.975366,-0.344634,3.065485,1.185485
2025-04-03,5396.52002,218.636667,212.343333,24.682594,25.414125,4.051438,0.020346,68.611111,13.177693,32.62127,4.06,1.78,2.271438,-0.008562,3.065485,1.285485
2025-04-04,5074.080078,218.636667,212.343333,23.207818,23.895641,4.308893,-0.375503,41.230159,13.177693,32.62127,4.01,1.83,2.478893,0.298893,3.065485,1.235485
2025-04-07,5062.25,218.636667,212.343333,23.15371,23.839929,4.318962,-0.390333,40.079365,13.177693,32.62127,4.15,1.96,2.358962,0.168962,3.065485,1.105485
2025-04-08,4982.77002,218.636667,212.343333,22.790185,23.46563,4.387854,-0.488117,34.642857,13.177693,32.62127,4.26,2.04,2.347854,0.127854,3.065485,1.025485
2025-04-09,5456.899902,218.636667,212.343333,24.958759,25.698475,4.006609,0.093406,71.388889,13.177693,32.62127,4.34,2.07,1.936609,-0.333391,3.065485,0.995485
2025-04-10,5268.049805,218.636667,212.343333,24.094997,24.809113,4.150239,-0.138738,61.666667,13.177693,32.62127,4.4,2.21,1.940239,-0.249761,3.065485,0.855485
2025-04-11,5363.359863,218.636667,212.343333,24.530926,25.257962,4.076487,-0.022078,66.746032,13.177693,32.62127,4.48,2.28,1.796487,-0.403513,3.065485,0.785485
2025-04-14,5405.970215,218.636667,212.343333,24.725817,25.458629,4.044356,0.029883,69.325397,13.177693,32.62127,4.38,2.15,1.894356,-0.335644,3.065485,0.915485
2025-04-15,5396.629883,218.636667,212.343333,24.683096,25.414642,4.051356,0.018063,68.531746,13.177693,32.62127,4.35,2.16,1.891356,-0.298644,3.065485,0.905485
2025-04-16,5275.700195,218.636667,212.343333,24.129988,24.845142,4.144221,-0.130775,61.944444,13.177693,32.62127,4.29,2.12,2.024221,-0.145779,3.065485,0.945485
2025-04-17,5282.700195,218.636667,214.516667,24.162005,24.626059,4.138729,-0.122489,62.698413,13.177693,32.62127,4.34,2.11,2.028729,-0.201271,3.065485,0.955485
2025-04-21,5158.200195,218.636667,214.516667,23.592567,24.045685,4.238623,-0.275723,50.515873,13.177693,32.62127,4.42,2.2,2.038623,-0.181377,3.065485,0.865485
2025-04-22,5287.759766,218.636667,214.516667,24.185146,24.649645,4.134769,-0.116816,62.896825,13.177693,32.62127,4.41,2.14,1.994769,-0.275231,3.065485,0.925485
2025-04-23,5375.859863,218.636667,214.516667,24.588098,25.060337,4.067008,-0.00887,67.380952,13.177693,32.62127,4.4,2.11,1.957008,-0.332992,3.065485,0.955485
2025-04-24,5484.77002,218.636667,214.516667,25.086231,25.568037,3.98625,0.12461,71.944444,13.177693,32.62127,4.32,2.02,1.96625,-0.33375,3.065485,1.045485
2025-04-25,5525.209961,218.636667,214.516667,25.271196,25.756553,3.957074,0.173944,72.698413,13.177693,32.62127,4.29,2.02,1.937074,-0.332926,3.065485,1.045485
2025-04-28,5528.75,218.636667,214.516667,25.287387,25.773056,3.954541,0.177911,72.738095,13.177693,32.62127,4.23,1.98,1.974541,-0.275459,3.065485,1.085485
2025-04-29,5560.830078,218.636667,214.516667,25.434115,25.922602,3.931727,0.216972,73.293651,13.177693,32.62127,4.19,1.96,1.971727,-0.258273,3.065485,1.105485
2025-04-30,5569.060059,218.636667,214.516667,25.471757,25.960967,3.925917,0.226709,73.333333,13.177693,32.62127,4.17,1.94,1.985917,-0.244083,3.065485,1.125485
2025-05-01,5604.140137,220.583333,214.516667,25.406,26.124498,3.936078,0.208649,73.095238,13.137064,35.076697,4.25,2.0,1.936078,-0.313922,2.850896,0.850896
2025-05-02,5686.669922,220.583333,214.516667,25.780143,26.509222,3.878954,0.308862,74.246032,13.137064,35.076697,4.33,2.06,1.818954,-0.451046,2.850896,0.790896
2025-05-05,5650.379883,220.583333,214.516667,25.615625,26.340051,3.903867,0.264214,73.690476,13.137064,35.076697,4.36,2.08,1.823867,-0.456133,2.850896,0.770896
2025-05-06,5606.910156,220.583333,214.516667,25.418558,26.13741,3.934134,0.210813,73.134921,13.137064,35.076697,4.3,2.04,1.894134,-0.365866,2.850896,0.810896
2025-05-07,5631.279785,220.583333,214.516667,25.529036,26.251013,3.917108,0.240123,73.452381,13.137064,35.076697,4.26,2.01,1.907108,-0.342892,2.850896,0.840896
2025-05-08,5663.939941,220.583333,214.516667,25.677098,26.403263,3.894521,0.279586,73.809524,13.137064,35.076697,4.37,2.08,1.814521,-0.475479,2.850896,0.770896
2025-05-09,5659.910156,220.583333,214.516667,25.65883,26.384477,3.897294,0.274297,73.769841,13.137064,35.076697,4.37,2.08,1.817294,-0.472706,2.850896,0.770896
2025-05-12,5844.189941,220.583333,214.516667,26.49425,27.243524,3.774404,0.498664,77.579365,13.137064,35.076697,4.45,2.16,1.614404,-0.675596,2.850896,0.690896
2025-05-13,5886.549805,220.583333,214.516667,26.686286,27.44099,3.747243,0.549849,79.007937,13.137064,35.076697,4.49,2.17,1.577243,-0.742757,2.850896,0.680896
2025-05-14,5892.580078,220.583333,214.516667,26.713623,27.469101,3.743408,0.556705,79.047619,13.137064,35.076697,4.53,2.16,1.583408,-0.786592,2.850896,0.690896
2025-05-15,5916.930176,220.583333,216.69,26.824013,27.305968,3.728003,0.585923,79.722222,13.137064,35.076697,4.45,2.11,1.618003,-0.721997,2.850896,0.740896
2025-05-16,5958.379883,220.583333,216.69,27.011922,27.497254,3.702069,0.635978,81.031746,13.137064,35.076697,4.43,2.09,1.612069,-0.727931,2.850896,0.760896
2025-05-19,5963.600098,220.583333,216.69,27.035588,27.521344,3.698828,0.641812,81.230159,13.137064,35.076697,4.46,2.1,1.598828,-0.761172,2.850896,0.750896
2025-05-20,5940.459961,220.583333,216.69,26.930684,27.414555,3.713237,0.613046,80.47619,13.137064,35.076697,4.48,2.13,1.583237,-0.766763,2.850896,0.720896
2025-05-21,5844.609863,220.583333,216.69,26.496154,26.972218,3.774133,0.495601,77.34127,13.137064,35.076697,4.58,2.23,1.544133,-0.805867,2.850896,0.620896
2025-05-22,5842.009766,220.583333,216.69,26.484366,26.960219,3.775812,0.491977,77.18254,13.137064,35.076697,4.54,2.2,1.575812,-0.764188,2.850896,0.650896
2025-05-23,5802.819824,220.583333,216.69,26.306701,26.779361,3.801313,0.443713,76.428571,13.137064,35.076697,4.51,2.18,1.621313,-0.708687,2.850896,0.670896
2025-05-27,5921.540039,220.583333,216.69,26.844911,27.327242,3.725101,0.588148,79.761905,13.137064,35.076697,4.43,2.11,1.615101,-0.704899,2.850896,0.740896
2025-05-28,5888.549805,220.583333,216.69,26.695352,27.174996,3.74597,0.547399,78.769841,13.137064,35.076697,4.47,2.15,1.59597,-0.72403,2.850896,0.700896
2025-05-29,5912.169922,220.583333,216.69,26.802433,27.284,3.731005,0.575751,79.484127,13.137064,35.076697,4.43,2.11,1.621005,-0.698995,2.850896,0.740896
2025-05-30,5911.689941,220.583333,216.69,26.800257,27.281785,3.731308,0.574677,79.404762,13.137064,35.076697,4.41,2.07,1.661308,-0.678692,2.850896,0.780896
2025-06-02,5935.939941,222.53,216.69,26.674785,27.393696,3.748859,0.5404,78.571429,13.097174,36.111092,4.46,2.13,1.618859,-0.711141,2.769232,0.639232
2025-06-03,5970.370117,222.53,216.69,26.829507,27.552587,3.72724,0.581577,79.603175,13.097174,36.111092,4.46,2.14,1.58724,-0.73276,2.769232,0.629232
2025-06-04,5970.810059,222.53,216.69,26.831484,27.554617,3.726965,0.581615,79.603175,13.097174,36.111092,4.37,2.06,1.666965,-0.643035,2.769232,0.709232
2025-06-05,5939.299805,222.53,216.69,26.689884,27.409201,3.746738,0.54299,78.571429,13.097174,36.111092,4.4,2.11,1.636738,-0.653262,2.769232,0.659232
2025-06-06,6000.359863,222.53,216.69,26.964274,27.690986,3.708611,0.616401,80.674603,13.097174,36.111092,4.51,2.2,1.508611,-0.801389,2.769232,0.569232
2025-06-09,6005.879883,222.53,216.69,26.98908,27.716461,3.705202,0.62258,80.873016,13.097174,36.111092,4.49,2.18,1.525202,-0.784798,2.769232,0.589232
2025-06-10,6038.810059,222.53,216.69,27.13706,27.86843,3.684998,0.661919,81.468254,13.097174,36.111092,4.47,2.18,1.504998,-0.785002,2.769232,0.589232
2025-06-11,6022.240234,222.53,216.69,27.062599,27.791962,3.695137,0.641339,81.269841,13.097174,36.111092,4.41,2.14,1.555137,-0.714863,2.769232,0.629232
2025-06-12,6045.259766,222.53,216.69,27.166044,27.898194,3.681066,0.668664,81.547619,13.097174,36.111092,4.36,2.11,1.571066,-0.678934,2.769232,0.659232
2025-06-13,5976.970215,222.53,216.69,26.859166,27.583046,3.723124,0.585496,79.722222,13.097174,36.111092,4.41,2.13,1.593124,-0.686876,2.769232,0.639232
2025-06-16,6033.109863,222.53,218.636667,27.111445,27.594227,3.688479,0.652917,81.388889,13.097174,36.111092,4.46,2.16,1.528479,-0.771521,2.769232,0.609232
2025-06-17,5982.720215,222.53,218.636667,26.885005,27.363755,3.719545,0.591426,79.801587,13.097174,36.111092,4.39,2.08,1.639545,-0.670455,2.769232,0.689232
2025-06-18,5980.870117,222.53,218.636667,26.876691,27.355293,3.720696,0.5887,79.722222,13.097174,36.111092,4.38,2.07,1.650696,-0.659304,2.769232,0.699232
2025-06-20,5967.839844,222.53,218.636667,26.818136,27.295695,3.72882,0.572437,79.087302,13.097174,36.111092,4.38,2.05,1.67882,-0.65118,2.769232,0.719232
2025-06-23,6025.169922,222.53,218.636667,27.075765,27.557912,3.69334,0.641314,81.309524,13.097174,36.111092,4.34,2.04,1.65334,-0.64666,2.769232,0.729232
2025-06-24,6092.180176,222.53,218.636667,27.376894,27.864403,3.652715,0.721874,82.857143,13.097174,36.111092,4.3,2.01,1.642715,-0.647285,2.769232,0.759232
2025-06-25,6092.160156,222.53,218.636667,27.376804,27.864311,3.652727,0.721283,82.81746,13.097174,36.111092,4.29,2.01,1.642727,-0.637273,2.769232,0.759232
2025-06-26,6141.02002,222.53,218.636667,27.596369,28.087786,3.623665,0.779844,83.452381,13.097174,36.111092,4.26,1.98,1.643665,-0.636335,2.769232,0.789232
2025-06-27,6173.069824,222.53,218.636667,27.740394,28.234376,3.604851,0.818018,83.928571,13.097174,36.111092,4.29,2.0,1.604851,-0.685149,2.769232,0.769232
2025-06-30,6204.950195,222.53,218.636667,27.883657,28.38019,3.58633,0.855965,84.603175,13.097174,36.111092,4.24,1.95,1.63633,-0.65367,2.769232,0.819232
2025-07-01,6198.009766,226.77,218.636667,27.331701,28.348446,3.658755,0.706739,82.460317,14.570808,37.474246,4.26,1.97,1.688755,-0.601245,2.668499,0.698499
2025-07-02,6227.419922,226.77,218.636667,27.461392,28.482962,3.641476,0.741099,83.055556,14.570808,37.474246,4.3,2.0,1.641476,-0.658524,2.668499,0.668499
2025-07-03,6279.350098,226.77,218.636667,27.690392,28.72048,3.611361,0.802163,83.730159,14.570808,37.474246,4.35,2.02,1.591361,-0.738639,2.668499,0.648499
2025-07-07,6229.97998,226.77,218.636667,27.472681,28.494671,3.63998,0.742942,83.055556,14.570808,37.474246,4.4,2.05,1.58998,-0.76002,2.668499,0.618499
2025-07-08,6225.52002,226.77,218.636667,27.453014,28.474272,3.642587,0.737046,82.857143,14.570808,37.474246,4.42,2.07,1.572587,-0.777413,2.668499,0.598499
2025-07-09,6263.259766,226.77,218.636667,27.619437,28.646886,3.620639,0.781249,83.531746,14.570808,37.474246,4.34,2.01,1.610639,-0.719361,2.668499,0.658499
2025-07-10,6280.459961,226.77,218.636667,27.695286,28.725557,3.610723,0.801064,83.769841,14.570808,37.474246,4.35,2.01,1.600723,-0.739277,2.668499,0.658499
2025-07-11,6259.75,226.77,218.636667,27.60396,28.630833,3.622669,0.775867,83.293651,14.570808,37.474246,4.43,2.06,1.562669,-0.807331,2.668499,0.608499
2025-07-14,6268.560059,226.77,218.636667,27.64281,28.671129,3.617577,0.785722,83.531746,14.570808,37.474246,4.43,2.04,1.577577,-0.812423,2.668499,0.628499
2025-07-15,6243.759766,226.77,220.583333,27.533447,28.305673,3.631946,0.755684,83.015873,14.570808,37.474246,4.5,2.09,1.541946,-0.868054,2.668499,0.578499
2025-07-16,6263.700195,226.77,220.583333,27.621379,28.396072,3.620384,0.77875,83.452381,14.570808,37.474246,4.46,2.05,1.570384,-0.839616,2.668499,0.618499
2025-07-17,6297.359863,226.77,220.583333,27.76981,28.548666,3.601033,0.818086,84.047619,14.570808,37.474246,4.47,2.04,1.561033,-0.868967,2.668499,0.628499
2025-07-18,6296.790039,226.77,220.583333,27.767297,28.546083,3.601359,0.816782,84.007937,14.570808,37.474246,4.44,2.03,1.571359,-0.838641,2.668499,0.638499
2025-07-21,6305.600098,226.77,220.583333,27.806148,28.586022,3.596327,0.826623,84.166667,14.570808,37.474246,4.38,1.98,1.616327,-0.783673,2.668499,0.688499
2025-07-22,6309.620117,226.77,220.583333,27.823875,28.604247,3.594036,0.830776,84.285714,14.570808,37.474246,4.35,1.96,1.634036,-0.755964,2.668499,0.708499
2025-07-23,6358.910156,226.77,220.583333,28.041232,28.8277,3.566177,0.888639,85.674603,14.570808,37.474246,4.4,2.03,1.536177,-0.833823,2.668499,0.638499
2025-07-24,6363.350098,226.77,220.583333,28.060811,28.847828,3.563689,0.893251,85.833333,14.570808,37.474246,4.43,1.98,1.583689,-0.866311,2.668499,0.688499
2025-07-25,6388.640137,226.77,220.583333,28.172334,28.962479,3.549582,0.922593,86.587302,14.570808,37.474246,4.4,1.96,1.589582,-0.850418,2.668499,0.708499
2025-07-28,6389.77002,226.77,220.583333,28.177316,28.967601,3.548954,0.923252,86.626984,14.570808,37.474246,4.42,1.98,1.568954,-0.871046,2.668499,0.688499
2025-07-29,6370.859863,226.77,220.583333,28.093927,28.881873,3.559488,0.900138,85.992063,14.570808,37.474246,4.34,1.91,1.649488,-0.780512,2.668499,0.758499
2025-07-30,6362.899902,226.77,220.583333,28.058826,28.845787,3.563941,0.890028,85.674603,14.570808,37.474246,4.38,1.96,1.603941,-0.816059,2.668499,0.708499
2025-07-31,6339.390137,226.77,220.583333,27.955153,28.739207,3.577158,0.861481,84.84127,14.570808,37.474246,4.37,1.98,1.597158,-0.792842,2.668499,0.688499
2025-08-01,6238.009766,231.01,220.583333,27.003202,28.279606,3.703264,0.604823,79.642857,16.027122,37.846145,4.23,1.9,1.803264,-0.526736,2.642277,0.742277
2025-08-04,6329.939941,231.01,220.583333,27.401151,28.696365,3.649482,0.711345,81.984127,16.027122,37.846145,4.22,1.85,1.799482,-0.570518,2.642277,0.792277
2025-08-05,6299.189941,231.01,220.583333,27.26804,28.556962,3.667297,0.674998,81.190476,16.027122,37.846145,4.22,1.86,1.807297,-0.552703,2.642277,0.782277
2025-08-06,6345.060059,231.01,220.583333,27.466603,28.764912,3.640785,0.727879,82.34127,16.027122,37.846145,4.22,1.88,1.760785,-0.579215,2.642277,0.762277
2025-08-07,6340.0,231.01,220.583333,27.444699,28.741972,3.643691,0.721439,82.103175,16.027122,37.846145,4.23,1.88,1.763691,-0.586309,2.642277,0.762277
2025-08-08,6389.450195,231.01,220.583333,27.65876,28.966151,3.615491,0.77845,83.095238,16.027122,37.846145,4.27,1.88,1.735491,-0.654509,2.642277,0.762277
2025-08-11,6373.450195,231.01,220.583333,27.589499,28.893616,3.624567,0.759258,82.619048,16.027122,37.846145,4.27,1.87,1.754567,-0.645433,2.642277,0.772277
2025-08-12,6445.759766,231.01,220.583333,27.902514,29.221427,3.583906,0.842852,84.484127,16.027122,37.846145,4.29,1.91,1.673906,-0.706094,2.642277,0.732277
2025-08-13,6466.580078,231.01,220.583333,27.992641,29.315815,3.572367,0.866464,85.119048,16.027122,37.846145,4.24,1.87,1.702367,-0.667633,2.642277,0.772277
2025-08-14,6468.540039,231.01,220.583333,28.001126,29.3247,3.571285,0.8681,85.198413,16.027122,37.846145,4.29,1.9,1.671285,-0.718715,2.642277,0.742277
2025-08-15,6449.799805,231.01,222.53,27.920003,28.983956,3.581662,0.845647,84.444444,16.027122,37.846145,4.33,1.95,1.631662,-0.748338,2.642277,0.692277
2025-08-18,6449.149902,231.01,222.53,27.917189,28.981036,3.582022,0.844275,84.404762,16.027122,37.846145,4.34,1.96,1.622022,-0.757978,2.642277,0.682277
2025-08-19,6411.370117,231.01,222.53,27.753648,28.811262,3.60313,0.799698,83.293651,16.027122,37.846145,4.3,1.95,1.65313,-0.69687,2.642277,0.692277
2025-08-20,6395.779785,231.01,222.53,27.68616,28.741202,3.611913,0.780969,82.936508,16.027122,37.846145,4.29,1.94,1.671913,-0.678087,2.642277,0.702277
2025-08-21,6370.169922,231.01,222.53,27.575299,28.626117,3.626434,0.750597,82.261905,16.027122,37.846145,4.33,1.94,1.686434,-0.703566,2.642277,0.702277
2025-08-22,6466.910156,231.01,222.53,27.99407,29.060846,3.572185,0.862562,85.119048,16.027122,37.846145,4.26,1.85,1.722185,-0.687815,2.642277,0.792277
2025-08-25,6439.319824,231.01,222.53,27.874637,28.936862,3.587491,0.829844,84.047619,16.027122,37.846145,4.28,1.87,1.717491,-0.692509,2.642277,0.772277
2025-08-26,6465.939941,231.01,222.53,27.98987,29.056487,3.572721,0.860191,85.0,16.027122,37.846145,4.26,1.84,1.732721,-0.687279,2.642277,0.802277
2025-08-27,6481.399902,231.01,222.53,28.056794,29.12596,3.564199,0.877525,85.634921,16.027122,37.846145,4.24,1.81,1.754199,-0.675801,2.642277,0.832277
2025-08-28,6501.859863,231.01,222.53,28.145361,29.217903,3.552983,0.900636,86.309524,16.027122,37.846145,4.22,1.81,1.742983,-0.667017,2.642277,0.832277
2025-08-29,6460.259766,231.01,222.53,27.965282,29.030961,3.575862,0.851552,84.642857,16.027122,37.846145,4.23,1.82,1.755862,-0.654138,2.642277,0.822277
2025-09-02,6415.540039,235.25,222.53,27.271159,28.830001,3.666878,0.664377,80.47619,17.46642,38.580387,4.28,1.87,1.796878,-0.613122,2.591991,0.721991
2025-09-03,6448.259766,235.25,222.53,27.410243,28.977036,3.648271,0.701144,81.269841,17.46642,38.580387,4.22,1.82,1.828271,-0.571729,2.591991,0.771991
2025-09-04,6502.080078,235.25,222.53,27.639023,29.218892,3.618073,0.762023,82.5,17.46642,38.580387,4.17,1.79,1.828073,-0.551927,2.591991,0.801991
2025-09-05,6481.5,235.25,222.53,27.551541,29.12641,3.629561,0.737892,81.904762,17.46642,38.580387,4.1,1.73,1.899561,-0.470439,2.591991,0.861991
2025-09-08,6495.149902,235.25,222.53,27.609564,29.18775,3.621933,0.752881,82.261905,17.46642,38.580387,4.05,1.7,1.921933,-0.428067,2.591991,0.891991
2025-09-09,6512.609863,235.25,222.53,27.683783,29.266211,3.612223,0.772208,82.65873,17.46642,38.580387,4.08,1.72,1.892223,-0.467777,2.591991,0.871991
2025-09-10,6532.040039,235.25,222.53,27.766376,29.353526,3.601478,0.793768,83.174603,17.46642,38.580387,4.04,1.69,1.911478,-0.438522,2.591991,0.901991
2025-09-11,6587.470215,235.25,222.53,28.001999,29.602616,3.571174,0.856457,85.119048,17.46642,38.580387,4.01,1.67,1.901174,-0.438826,2.591991,0.921991
2025-09-12,6584.290039,235.25,222.53,27.988481,29.588325,3.572898,0.852141,84.84127,17.46642,38.580387,4.06,1.7,1.872898,-0.487102,2.591991,0.891991
2025-09-15,6615.279785,235.25,226.77,28.120212,29.171759,3.556161,0.886862,86.111111,17.46642,38.580387,4.05,1.68,1.876161,-0.493839,2.591991,0.911991
2025-09-16,6606.759766,235.25,226.77,28.083995,29.134188,3.560747,0.876429,85.674603,17.46642,38.580387,4.04,1.67,1.890747,-0.479253,2.591991,0.921991
2025-09-17,6600.350098,235.25,226.77,28.056749,29.105923,3.564205,0.868407,85.47619,17.46642,38.580387,4.06,1.68,1.884205,-0.495795,2.591991,0.911991
2025-09-18,6631.959961,235.25,226.77,28.191116,29.245314,3.547217,0.903832,86.706349,17.46642,38.580387,4.11,1.73,1.817217,-0.562783,2.591991,0.861991
2025-09-19,6664.359863,235.25,226.77,28.328841,29.38819,3.529971,0.940135,87.579365,17.46642,38.580387,4.14,1.75,1.779971,-0.610029,2.591991,0.841991
2025-09-22,6693.75,235.25,226.77,28.453773,29.517793,3.514472,0.972969,88.015873,17.46642,38.580387,4.15,1.78,1.734472,-0.635528,2.591991,0.811991
2025-09-23,6656.919922,235.25,226.77,28.297215,29.355382,3.533917,0.930132,87.380952,17.46642,38.580387,4.12,1.75,1.783917,-0.586083,2.591991,0.841991
2025-09-24,6637.970215,235.25,226.77,28.216664,29.271818,3.544005,0.907761,86.706349,17.46642,38.580387,4.16,1.78,1.764005,-0.615995,2.591991,0.811991
2025-09-25,6604.720215,235.25,226.77,28.075325,29.125194,3.561847,0.86907,85.436508,17.46642,38.580387,4.18,1.8,1.761847,-0.618153,2.591991,0.791991
2025-09-26,6643.700195,235.25,226.77,28.241021,29.297086,3.540948,0.912908,86.904762,17.46642,38.580387,4.2,1.82,1.720948,-0.659052,2.591991,0.771991
2025-09-29,6661.209961,235.25,226.77,28.315451,29.3743,3.531641,0.93219,87.460317,17.46642,38.580387,4.15,1.8,1.731641,-0.618359,2.591991,0.791991
2025-09-30,6688.459961,235.25,226.77,28.431286,29.494466,3.517252,0.962577,87.81746,17.46642,38.580387,4.16,1.8,1.717252,-0.642748,2.591991,0.791991
2025-10-01,6711.200195,237.044667,226.77,28.311964,29.594744,3.532076,0.929752,87.34127,16.443811,39.205692,4.12,1.77,1.762076,-0.587924,2.55065,0.78065
2025-10-02,6715.350098,237.044667,226.77,28.329471,29.613044,3.529893,0.933717,87.5,16.443811,39.205692,4.1,1.76,1.769893,-0.570107,2.55065,0.79065
2025-10-03,6715.790039,237.044667,226.77,28.331327,29.614985,3.529662,0.933474,87.5,16.443811,39.205692,4.13,1.8,1.729662,-0.600338,2.55065,0.75065
2025-10-06,6740.279785,237.044667,226.77,28.43464,29.722978,3.516837,0.960494,87.81746,16.443811,39.205692,4.18,1.84,1.676837,-0.663163,2.55065,0.71065
2025-10-07,6714.589844,237.044667,226.77,28.326264,29.609692,3.530293,0.930605,87.34127,16.443811,39.205692,4.14,1.79,1.740293,-0.609707,2.55065,0.76065
2025-10-08,6753.720215,237.044667,226.77,28.49134,29.782247,3.509838,0.974229,88.253968,16.443811,39.205692,4.13,1.78,1.729838,-0.620162,2.55065,0.77065
2025-10-09,6735.109863,237.044667,226.77,28.41283,29.70018,3.519537,0.95236,87.65873,16.443811,39.205692,4.14,1.8,1.719537,-0.620463,2.55065,0.75065
2025-10-10,6552.509766,237.044667,226.77,27.642511,28.894959,3.617616,0.744585,81.587302,16.443811,39.205692,4.05,1.75,1.867616,-0.432384,2.55065,0.80065
2025-10-13,6654.720215,237.044667,226.77,28.073697,29.345682,3.562053,0.85989,85.0,16.443811,39.205692,4.05,1.75,1.812053,-0.487947,2.55065,0.80065
2025-10-14,6644.310059,237.044667,226.77,28.029781,29.299775,3.567634,0.847422,84.484127,16.443811,39.205692,4.03,1.73,1.837634,-0.462366,2.55065,0.82065
2025-10-15,6671.060059,237.044667,231.01,28.142629,28.877798,3.553328,0.877098,85.674603,16.443811,39.205692,4.05,1.76,1.793328,-0.496672,2.55065,0.79065
2025-10-16,6629.069824,237.044667,231.01,27.965488,28.69603,3.575836,0.828837,83.690476,16.443811,39.205692,3.99,1.71,1.865836,-0.414164,2.55065,0.84065
2025-10-17,6664.009766,237.044667,231.01,28.112886,28.847278,3.557088,0.867817,85.396825,16.443811,39.205692,4.02,1.75,1.807088,-0.462912,2.55065,0.80065
2025-10-20,6735.129883,237.044667,231.01,28.412915,29.155144,3.519526,0.947769,87.65873,16.443811,39.205692,4.0,1.74,1.779526,-0.480474,2.55065,0.81065
2025-10-21,6735.350098,237.044667,231.01,28.413844,29.156098,3.519411,0.947294,87.65873,16.443811,39.205692,3.98,1.7,1.819411,-0.460589,2.55065,0.85065
2025-10-22,6699.399902,237.044667,231.01,28.262184,29.000476,3.538297,0.905829,86.706349,16.443811,39.205692,3.97,1.68,1.858297,-0.431703,2.55065,0.87065
2025-10-23,6738.439941,237.044667,231.01,28.426878,29.169473,3.517797,0.949383,87.698413,16.443811,39.205692,4.01,1.71,1.807797,-0.492203,2.55065,0.84065
2025-10-24,6791.689941,237.044667,231.01,28.65152,29.399982,3.490216,1.008995,89.087302,16.443811,39.205692,4.02,1.73,1.760216,-0.529784,2.55065,0.82065
2025-10-27,6875.160156,237.044667,231.01,29.003648,29.76131,3.447842,1.102766,90.634921,16.443811,39.205692,4.01,1.73,1.717842,-0.562158,2.55065,0.82065
2025-10-28,6890.890137,237.044667,231.01,29.070007,29.829402,3.439972,1.119717,90.753968,16.443811,39.205692,3.99,1.71,1.729972,-0.550028,2.55065,0.84065
2025-10-29,6890.589844,237.044667,231.01,29.06874,29.828102,3.440122,1.118495,90.714286,16.443811,39.205692,4.08,1.78,1.660122,-0.639878,2.55065,0.77065
2025-10-30,6822.339844,237.044667,231.01,28.78082,29.53266,3.474536,1.040375,89.642857,16.443811,39.205692,4.11,1.82,1.654536,-0.635464,2.55065,0.73065
2025-10-31,6840.200195,237.044667,231.01,28.856166,29.609974,3.465464,1.059816,90.0,16.443811,39.205692,4.11,1.81,1.655464,-0.644536,2.55065,0.74065
2025-11-03,6851.970215,238.839333,231.01,28.688617,29.660925,3.485703,1.014079,89.087302,15.453828,39.149567,4.13,1.82,1.665703,-0.644297,2.554307,0.734307
2025-11-04,6771.549805,238.839333,231.01,28.351904,29.312799,3.5271,0.923016,86.984127,15.453828,39.149567,4.1,1.81,1.7171,-0.5729,2.554307,0.744307
2025-11-05,6796.290039,238.839333,231.01,28.455489,29.419895,3.51426,0.950144,87.698413,15.453828,39.149567,4.17,1.87,1.64426,-0.65574,2.554307,0.684307
2025-11-06,6720.319824,238.839333,231.01,28.137408,29.091034,3.553988,0.864171,85.079365,15.453828,39.149567,4.11,1.83,1.723988,-0.556012,2.554307,0.724307
2025-11-07,6728.799805,238.839333,231.01,28.172913,29.127743,3.549509,0.87308,85.436508,15.453828,39.149567,4.11,1.83,1.719509,-0.560491,2.554307,0.724307
2025-11-10,6832.430176,238.839333,231.01,28.606805,29.576339,3.495672,0.988828,88.650794,15.453828,39.149567,4.13,1.84,1.655672,-0.634328,2.554307,0.714307
2025-11-11,6846.609863,238.839333,231.01,28.666174,29.637721,3.488432,1.00407,89.007937,15.453828,39.149567,4.13,1.84,1.648432,-0.641568,2.554307,0.714307
2025-11-12,6850.919922,238.839333,231.01,28.68422,29.656378,3.486237,1.008213,89.007937,15.453828,39.149567,4.08,1.81,1.676237,-0.593763,2.554307,0.744307
2025-11-13,6737.490234,238.839333,231.01,28.209299,29.165362,3.54493,0.88027,85.515873,15.453828,39.149567,4.11,1.83,1.71493,-0.56507,2.554307,0.724307
2025-11-14,6734.109863,238.839333,231.01,28.195146,29.150729,3.54671,0.875896,85.47619,15.453828,39.149567,4.14,1.86,1.68671,-0.59329,2.554307,0.694307
2025-11-17,6672.410156,238.839333,235.25,27.936815,28.363061,3.579506,0.806095,82.5,15.453828,39.149567,4.13,1.85,1.729506,-0.550494,2.554307,0.704307
2025-11-18,6617.319824,238.839333,235.25,27.706156,28.128883,3.609306,0.743769,80.992063,15.453828,39.149567,4.12,1.85,1.759306,-0.510694,2.554307,0.704307
2025-11-19,6642.160156,238.839333,235.25,27.81016,28.234475,3.595808,0.771128,81.547619,15.453828,39.149567,4.13,1.86,1.735808,-0.534192,2.554307,0.694307
2025-11-20,6538.759766,238.839333,235.25,27.377232,27.794941,3.65267,0.654626,78.928571,15.453828,39.149567,4.1,1.86,1.79267,-0.44733,2.554307,0.694307
2025-11-21,6602.990234,238.839333,235.25,27.646159,28.067971,3.617139,0.726172,80.515873,15.453828,39.149567,4.06,1.82,1.797139,-0.442861,2.554307,0.734307
2025-11-24,6705.120117,238.839333,235.25,28.073768,28.502105,3.562044,0.84018,84.126984,15.453828,39.149567,4.04,1.81,1.752044,-0.477956,2.554307,0.744307
2025-11-25,6765.879883,238.839333,235.25,28.328164,28.760382,3.530056,0.907704,86.666667,15.453828,39.149567,4.01,1.79,1.740056,-0.479944,2.554307,0.764307
2025-11-26,6812.609863,238.839333,235.25,28.523819,28.959022,3.505842,0.95946,88.015873,15.453828,39.149567,4.0,1.77,1.735842,-0.494158,2.554307,0.784307
2025-11-28,6849.089844,238.839333,235.25,28.676557,29.114091,3.487169,0.99967,88.968254,15.453828,39.149567,4.02,1.79,1.697169,-0.532831,2.554307,0.764307
2025-12-01,6812.629883,240.634,235.25,28.311169,28.959107,3.532175,0.901192,86.349206,14.494933,39.581641,4.09,1.85,1.682175,-0.557825,2.526424,0.676424
2025-12-02,6829.370117,240.634,235.25,28.380736,29.030266,3.523517,0.919194,86.904762,14.494933,39.581641,4.09,1.85,1.673517,-0.566483,2.526424,0.676424
2025-12-03,6849.720215,240.634,235.25,28.465305,29.11677,3.513049,0.941192,87.539683,14.494933,39.581641,4.06,1.82,1.693049,-0.546951,2.526424,0.706424
2025-12-04,6857.120117,240.634,235.25,28.496057,29.148226,3.509257,0.948772,87.777778,14.494933,39.581641,4.11,1.85,1.659257,-0.600743,2.526424,0.676424
2025-12-05,6870.399902,240.634,235.25,28.551243,29.204675,3.502474,0.962879,88.095238,14.494933,39.581641,4.14,1.88,1.622474,-0.637526,2.526424,0.646424
2025-12-08,6846.509766,240.634,235.25,28.451963,29.103123,3.514696,0.935659,87.261905,14.494933,39.581641,4.17,1.91,1.604696,-0.655304,2.526424,0.616424
2025-12-09,6840.509766,240.634,235.25,28.427029,29.077619,3.517779,0.928395,87.02381,14.494933,39.581641,4.18,1.92,1.597779,-0.662221,2.526424,0.606424
2025-12-10,6886.680176,240.634,235.25,28.618899,29.27388,3.494195,0.979069,88.571429,14.494933,39.581641,4.13,1.88,1.614195,-0.635805,2.526424,0.646424
2025-12-11,6901.0,240.634,235.25,28.678408,29.33475,3.486944,0.994286,88.968254,14.494933,39.581641,4.14,1.89,1.596944,-0.653056,2.526424,0.636424
2025-12-12,6827.410156,240.634,235.25,28.372591,29.021935,3.524528,0.911903,86.547619,14.494933,39.581641,4.19,1.93,1.594528,-0.665472,2.526424,0.596424
2025-12-15,6816.509766,240.634,237.044667,28.327293,28.756225,3.530164,0.899198,86.190476,14.494933,39.581641,4.18,1.93,1.600164,-0.649836,2.526424,0.596424
2025-12-16,6800.259766,240.634,237.044667,28.259763,28.687672,3.5386,0.880554,85.595238,14.494933,39.581641,4.15,1.92,1.6186,-0.6114,2.526424,0.606424
2025-12-17,6721.430176,240.634,237.044667,27.932172,28.355121,3.580101,0.792442,81.825397,14.494933,39.581641,4.16,1.92,1.660101,-0.579899,2.526424,0.606424
2025-12-18,6774.759766,240.634,237.044667,28.153793,28.580098,3.551919,0.851111,84.444444,14.494933,39.581641,4.12,1.88,1.671919,-0.568081,2.526424,0.646424
2025-12-19,6834.5,240.634,237.044667,28.402055,28.832119,3.520872,0.916807,86.666667,14.494933,39.581641,4.16,1.92,1.600872,-0.639128,2.526424,0.606424
2025-12-22,6878.490234,240.634,237.044667,28.584864,29.017697,3.498355,0.964966,88.293651,14.494933,39.581641,4.17,1.94,1.558355,-0.671645,2.526424,0.586424
2025-12-23,6909.790039,240.634,237.044667,28.714937,29.149738,3.482508,0.99901,89.206349,14.494933,39.581641,4.18,1.94,1.542508,-0.697492,2.526424,0.586424
2025-12-24,6932.049805,240.634,237.044667,28.807441,29.243644,3.471325,1.023012,89.84127,14.494933,39.581641,4.15,1.91,1.561325,-0.678675,2.526424,0.616424
2025-12-26,6929.939941,240.634,237.044667,28.798673,29.234743,3.472382,1.019936,89.761905,14.494933,39.581641,4.14,1.91,1.562382,-0.667618,2.526424,0.616424
2025-12-29,6905.740234,240.634,237.044667,28.698107,29.132654,3.48455,0.992345,89.007937,14.494933,39.581641,4.12,1.9,1.58455,-0.63545,2.526424,0.626424
2025-12-30,6896.240234,240.634,237.044667,28.658628,29.092577,3.489351,0.98109,88.611111,14.494933,39.581641,4.14,1.9,1.589351,-0.650649,2.526424,0.626424
2025-12-31,6845.5,240.634,237.044667,28.447767,28.878524,3.515214,0.924146,86.865079,14.494933,39.581641,4.18,1.93,1.585214,-0.664786,2.526424,0.596424
2026-01-02,6858.470215,247.663667,237.044667,27.692678,28.93324,3.611063,0.722108,79.761905,16.633597,39.640818,4.19,1.94,1.671063,-0.578937,2.522652,0.582652
2026-01-05,6902.049805,247.663667,237.044667,27.868641,29.117085,3.588263,0.768573,80.912698,16.633597,39.640818,4.17,1.91,1.678263,-0.581737,2.522652,0.612652
2026-01-06,6944.819824,247.663667,237.044667,28.041335,29.297516,3.566164,0.814122,82.738095,16.633597,39.640818,4.18,1.91,1.656164,-0.613836,2.522652,0.612652
2026-01-07,6920.930176,247.663667,237.044667,27.944875,29.196734,3.578474,0.787877,81.587302,16.633597,39.640818,4.15,1.88,1.698474,-0.571526,2.522652,0.642652
2026-01-08,6921.459961,247.663667,237.044667,27.947014,29.198969,3.5782,0.787931,81.626984,16.633597,39.640818,4.19,1.92,1.6582,-0.6118,2.522652,0.602652
2026-01-09,6966.279785,247.663667,237.044667,28.127984,29.388047,3.555178,0.835646,83.809524,16.633597,39.640818,4.18,1.9,1.655178,-0.624822,2.522652,0.622652
2026-01-12,6977.27002,247.663667,237.044667,28.17236,29.43441,3.549578,0.84688,84.285714,16.633597,39.640818,4.19,1.9,1.649578,-0.640422,2.522652,0.622652
2026-01-13,6963.740234,247.663667,237.044667,28.11773,29.377333,3.556475,0.831718,83.611111,16.633597,39.640818,4.18,1.88,1.676475,-0.623525,2.522652,0.642652
2026-01-14,6926.600098,247.663667,237.044667,27.967768,29.220654,3.575544,0.79114,81.706349,16.633597,39.640818,4.15,1.86,1.715544,-0.574456,2.522652,0.662652
2026-01-15,6944.470215,247.663667,238.839333,28.039923,29.075907,3.566344,0.809762,82.539683,16.633597,39.640818,4.17,1.88,1.686344,-0.603656,2.522652,0.642652
2026-01-16,6940.009766,247.663667,238.839333,28.021913,29.057231,3.568636,0.80433,82.34127,16.633597,39.640818,4.24,1.91,1.658636,-0.671364,2.522652,0.612652
2026-01-20,6796.859863,247.663667,238.839333,27.443912,28.457875,3.643795,0.649644,77.738095,16.633597,39.640818,4.3,1.97,1.673795,-0.656205,2.522652,0.552652
2026-01-21,6875.620117,247.663667,238.839333,27.761925,28.787637,3.602056,0.733884,79.761905,16.633597,39.640818,4.26,1.92,1.682056,-0.657944,2.522652,0.602652
2026-01-22,6913.350098,247.663667,238.839333,27.914268,28.94561,3.582397,0.773889,80.873016,16.633597,39.640818,4.26,1.95,1.632397,-0.677603,2.522652,0.572652
2026-01-23,6915.609863,247.663667,238.839333,27.923393,28.955071,3.581227,0.775712,81.031746,16.633597,39.640818,4.24,1.92,1.661227,-0.658773,2.522652,0.602652
2026-01-26,6950.22998,247.663667,238.839333,28.06318,29.100023,3.563388,0.812341,82.936508,16.633597,39.640818,4.22,1.9,1.663388,-0.656612,2.522652,0.622652
2026-01-27,6978.600098,247.663667,238.839333,28.177731,29.218806,3.548902,0.84222,84.404762,16.633597,39.640818,4.24,1.9,1.648902,-0.691098,2.522652,0.622652
2026-01-28,6978.029785,247.663667,238.839333,28.175428,29.216418,3.549192,0.840929,84.285714,16.633597,39.640818,4.26,1.9,1.649192,-0.710808,2.522652,0.622652
2026-01-29,6969.009766,247.663667,238.839333,28.139007,29.178652,3.553786,0.830546,83.769841,16.633597,39.640818,4.24,1.89,1.663786,-0.686214,2.522652,0.632652
2026-01-30,6939.029785,247.663667,238.839333,28.017956,29.053128,3.56914,0.797626,82.063492,16.633597,39.640818,4.26,1.9,1.66914,-0.69086,2.522652,0.622652
2026-02-02,6976.439941,254.693333,238.839333,27.391529,29.209761,3.650764,0.629988,77.103175,18.728925,39.013997,4.29,1.94,1.710764,-0.639236,2.563183,0.623183
2026-02-03,6917.810059,254.693333,238.839333,27.161332,28.964283,3.681705,0.568074,75.436508,18.728925,39.013997,4.28,1.92,1.761705,-0.598295,2.563183,0.643183
2026-02-04,6882.720215,254.693333,238.839333,27.023559,28.817365,3.700475,0.530815,74.801587,18.728925,39.013997,4.29,1.94,1.760475,-0.589525,2.563183,0.623183
2026-02-05,6798.399902,254.693333,238.839333,26.692493,28.464323,3.746372,0.442026,71.944444,18.728925,39.013997,4.21,1.89,1.856372,-0.463628,2.563183,0.673183
2026-02-06,6932.299805,254.693333,238.839333,27.218222,29.02495,3.674009,0.58181,75.952381,18.728925,39.013997,4.22,1.88,1.794009,-0.545991,2.563183,0.683183
2026-02-09,6964.819824,254.693333,238.839333,27.345906,29.161109,3.656855,0.615371,76.746032,18.728925,39.013997,4.22,1.87,1.786855,-0.563145,2.563183,0.693183
2026-02-10,6941.810059,254.693333,238.839333,27.255563,29.064769,3.668976,0.590745,76.150794,18.728925,39.013997,4.16,1.84,1.828976,-0.491024,2.563183,0.723183
2026-02-11,6941.470215,254.693333,238.839333,27.254228,29.063346,3.669155,0.589875,76.111111,18.728925,39.013997,4.18,1.86,1.809155,-0.510845,2.563183,0.703183
2026-02-12,6832.759766,254.693333,238.839333,26.827399,28.608185,3.727532,0.475512,72.777778,18.728925,39.013997,4.09,1.8,1.927532,-0.362468,2.563183,0.763183
2026-02-13,6836.169922,254.693333,238.839333,26.840789,28.622463,3.725673,0.478597,72.857143,18.728925,39.013997,4.04,1.77,1.955673,-0.314327,2.563183,0.793183
2026-02-17,6843.220215,254.693333,240.634,26.86847,28.438293,3.721835,0.485477,73.214286,18.728925,39.013997,4.05,1.79,1.931835,-0.328165,2.563183,0.773183
2026-02-18,6881.310059,254.693333,240.634,27.018022,28.596583,3.701233,0.524875,74.52381,18.728925,39.013997,4.09,1.8,1.901233,-0.388767,2.563183,0.763183
2026-02-19,6861.890137,254.693333,240.634,26.941774,28.515879,3.711708,0.504002,73.849206,18.728925,39.013997,4.08,1.79,1.921708,-0.368292,2.563183,0.773183
2026-02-20,6909.509766,254.693333,240.634,27.128742,28.713772,3.686127,0.553378,75.119048,18.728925,39.013997,4.08,1.8,1.886127,-0.393873,2.563183,0.763183
2026-02-23,6837.75,254.693333,240.634,26.846992,28.415561,3.724812,0.477636,72.857143,18.728925,39.013997,4.03,1.77,1.954812,-0.305188,2.563183,0.793183
2026-02-24,6890.069824,254.693333,240.634,27.052415,28.632985,3.696528,0.532003,74.761905,18.728925,39.013997,4.04,1.78,1.916528,-0.343472,2.563183,0.783183
2026-02-25,6946.129883,254.693333,240.634,27.272523,28.865954,3.666694,0.590292,76.269841,18.728925,39.013997,4.05,1.77,1.896694,-0.383306,2.563183,0.793183
2026-02-26,6908.859863,254.693333,240.634,27.12619,28.711071,3.686474,0.55071,75.039683,18.728925,39.013997,4.02,1.74,1.946474,-0.333526,2.563183,0.823183
2026-02-27,6878.879883,254.693333,240.634,27.00848,28.586484,3.702541,0.518786,74.246032,18.728925,39.013997,3.97,1.72,1.982541,-0.267459,2.563183,0.843183
2026-03-02,6881.620117,261.723,240.634,26.293525,28.597871,3.803218,0.327401,68.690476,20.782223,37.031611,4.05,1.76,2.043218,-0.246782,2.700396,0.940396
2026-03-03,6816.629883,261.723,240.634,26.045208,28.327792,3.839478,0.260677,67.420635,20.782223,37.031611,4.06,1.77,2.069478,-0.220522,2.700396,0.930396
2026-03-04,6869.5,261.723,240.634,26.247216,28.547504,3.809928,0.314266,68.452381,20.782223,37.031611,4.09,1.8,2.009928,-0.280072,2.700396,0.900396
2026-03-05,6830.709961,261.723,240.634,26.099005,28.386304,3.831564,0.274306,67.65873,20.782223,37.031611,4.13,1.82,2.011564,-0.298436,2.700396,0.880396
2026-03-06,6740.02002,261.723,240.634,25.752494,28.009425,3.883119,0.181375,65.912698,20.782223,37.031611,4.15,1.8,2.083119,-0.266881,2.700396,0.900396
2026-03-09,6795.990234,261.723,240.634,25.966347,28.24202,3.851139,0.23817,66.944444,20.782223,37.031611,4.12,1.78,2.071139,-0.268861,2.700396,0.920396
2026-03-10,6781.47998,261.723,240.634,25.910906,28.18172,3.859379,0.223043,66.587302,20.782223,37.031611,4.15,1.82,2.039379,-0.290621,2.700396,0.880396
2026-03-11,6775.799805,261.723,240.634,25.889203,28.158115,3.862614,0.216945,66.428571,20.782223,37.031611,4.21,1.85,2.012614,-0.347386,2.700396,0.850396
2026-03-12,6672.620117,261.723,240.634,25.49497,27.729332,3.922342,0.111304,64.960317,20.782223,37.031611,4.27,1.89,2.032342,-0.347658,2.700396,0.810396
2026-03-13,6632.189941,261.723,240.634,25.340493,27.561317,3.946253,0.069776,64.285714,20.782223,37.031611,4.28,1.92,2.026253,-0.333747,2.700396,0.780396
2026-03-16,6699.379883,261.723,240.634,25.597215,27.840537,3.906675,0.13816,65.238095,20.782223,37.031611,4.23,1.87,2.036675,-0.323325,2.700396,0.830396
2026-03-17,6716.089844,261.723,247.663667,25.661061,27.117784,3.896955,0.154947,65.47619,20.782223,37.031611,4.2,1.83,2.066955,-0.303045,2.700396,0.870396
2026-03-18,6624.700195,261.723,247.663667,25.311876,26.748777,3.950715,0.06134,64.047619,20.782223,37.031611,4.26,1.86,2.090715,-0.309285,2.700396,0.840396
2026-03-19,6606.490234,261.723,247.663667,25.242299,26.67525,3.961604,0.042501,63.611111,20.782223,37.031611,4.25,1.88,2.081604,-0.288396,2.700396,0.820396
2026-03-20,6506.47998,261.723,247.663667,24.860177,26.271435,4.022498,-0.059842,61.785714,20.782223,37.031611,4.39,2.01,2.012498,-0.367502,2.700396,0.690396
2026-03-23,6581.0,261.723,247.663667,25.144905,26.572327,3.976949,0.016114,63.055556,20.782223,37.031611,4.34,2.01,1.966949,-0.363051,2.700396,0.690396
2026-03-24,6556.370117,261.723,247.663667,25.050798,26.472878,3.991889,-0.009238,62.698413,20.782223,37.031611,4.39,2.06,1.931889,-0.398111,2.700396,0.640396
2026-03-25,6591.899902,261.723,247.663667,25.186552,26.616338,3.970373,0.026886,63.253968,20.782223,37.031611,4.33,2.02,1.950373,-0.359627,2.700396,0.680396
2026-03-26,6477.160156,261.723,247.663667,24.74815,26.15305,4.040706,-0.090493,60.396825,20.782223,37.031611,4.42,2.08,1.960706,-0.379294,2.700396,0.620396
2026-03-27,6368.850098,261.723,247.663667,24.334316,25.715722,4.109423,-0.20125,55.357143,20.782223,37.031611,4.44,2.13,1.979423,-0.330577,2.700396,0.570396
2026-03-30,6343.720215,261.723,247.663667,24.238299,25.614255,4.125702,-0.226989,54.52381,20.782223,37.031611,4.35,2.04,2.085702,-0.224298,2.700396,0.660396
2026-03-31,6528.52002,261.723,247.663667,24.944388,26.360427,4.008918,-0.038258,62.18254,20.782223,37.031611,4.3,2.0,2.008918,-0.291082,2.700396,0.700396
2026-04-01,6575.319824,272.9447,247.663667,24.0903,26.549392,4.151048,-0.266774,52.063492,24.839399,38.138278,4.33,2.02,2.131048,-0.178952,2.622038,0.602038
2026-04-02,6582.689941,272.9447,247.663667,24.117303,26.579151,4.146401,-0.259616,52.420635,24.839399,38.138278,4.31,1.97,2.176401,-0.163599,2.622038,0.652038
2026-04-06,6611.830078,272.9447,247.663667,24.224065,26.696811,4.128126,-0.231133,54.166667,24.839399,38.138278,4.34,1.98,2.148126,-0.211874,2.622038,0.642038
2026-04-07,6616.850098,272.9447,247.663667,24.242457,26.71708,4.124994,-0.226266,54.52381,24.839399,38.138278,4.33,1.96,2.164994,-0.205006,2.622038,0.662038
2026-04-08,6782.810059,272.9447,247.663667,24.850492,27.387183,4.024065,-0.063719,61.468254,24.839399,38.138278,4.29,1.96,2.064065,-0.265935,2.622038,0.662038
2026-04-09,6824.660156,272.9447,247.663667,25.00382,27.556162,3.999389,-0.022827,62.420635,24.839399,38.138278,4.29,1.95,2.049389,-0.290611,2.622038,0.672038
2026-04-10,6816.890137,272.9447,247.663667,24.975353,27.524789,4.003947,-0.030554,62.34127,24.839399,38.138278,4.31,1.95,2.053947,-0.306053,2.622038,0.672038
2026-04-13,6886.240234,272.9447,247.663667,25.229434,27.804806,3.963624,0.037274,63.531746,24.839399,38.138278,4.3,1.92,2.043624,-0.336376,2.622038,0.702038
2026-04-14,6967.379883,272.9447,247.663667,25.526709,28.132426,3.917465,0.116603,64.960317,24.839399,38.138278,4.26,1.89,2.027465,-0.342535,2.622038,0.732038
2026-04-15,7022.950195,272.9447,247.663667,25.730304,28.356805,3.886468,0.170876,65.674603,24.839399,38.138278,4.29,1.9,1.986468,-0.403532,2.622038,0.722038
2026-04-16,7041.279785,272.9447,247.663667,25.797459,28.430815,3.876351,0.188612,66.031746,24.839399,38.138278,4.32,1.93,1.946351,-0.443649,2.622038,0.692038
2026-04-17,7126.060059,272.9447,254.693333,26.108073,27.978982,3.830233,0.271458,67.698413,24.839399,38.138278,4.26,1.9,1.930233,-0.429767,2.622038,0.722038
2026-04-20,7109.140137,272.9447,254.693333,26.046082,27.912549,3.839349,0.254616,67.301587,24.839399,38.138278,4.26,1.91,1.929349,-0.420651,2.622038,0.712038
2026-04-21,7064.009766,272.9447,254.693333,25.880736,27.735354,3.863878,0.210159,66.269841,24.839399,38.138278,4.3,1.92,1.943878,-0.436122,2.622038,0.702038
2026-04-22,7137.899902,272.9447,254.693333,26.151451,28.025468,3.82388,0.282368,68.015873,24.839399,38.138278,4.3,1.92,1.90388,-0.47612,2.622038,0.702038
2026-04-23,7108.399902,272.9447,254.693333,26.04337,27.909643,3.839749,0.253239,67.18254,24.839399,38.138278,4.34,1.92,1.919749,-0.500251,2.622038,0.702038
2026-04-24,7165.080078,272.9447,254.693333,26.251032,28.132185,3.809374,0.308564,68.492063,24.839399,38.138278,4.31,1.89,1.919374,-0.500626,2.622038,0.732038
2026-04-27,7173.910156,272.9447,254.693333,26.283383,28.166855,3.804685,0.316994,68.611111,24.839399,38.138278,4.35,1.91,1.894685,-0.545315,2.622038,0.712038
2026-04-28,7138.799805,272.9447,254.693333,26.154748,28.029001,3.823398,0.282374,67.936508,24.839399,38.138278,4.36,1.92,1.903398,-0.536602,2.622038,0.702038
2026-04-29,7135.950195,272.9447,254.693333,26.144308,28.017813,3.824924,0.279381,67.738095,24.839399,38.138278,4.42,1.96,1.864924,-0.595076,2.622038,0.662038
2026-04-30,7209.009766,272.9447,254.693333,26.411979,28.304666,3.786161,0.350753,69.285714,24.839399,38.138278,4.4,1.94,1.846161,-0.613839,2.622038,0.682038
2026-05-01,7230.120117,284.1664,254.693333,25.443262,28.387552,3.930314,0.091437,64.126984,28.824964,40.101359,4.39,1.91,2.020314,-0.459686,2.493681,0.583681
2026-05-04,7200.75,284.1664,254.693333,25.339906,28.272236,3.946344,0.063654,63.611111,28.824964,40.101359,4.45,1.95,1.996344,-0.503656,2.493681,0.543681
2026-05-05,7259.220215,284.1664,254.693333,25.545667,28.501807,3.914558,0.11856,64.603175,28.824964,40.101359,4.43,1.96,1.954558,-0.515442,2.493681,0.533681
2026-05-06,7365.120117,284.1664,254.693333,25.918336,28.917601,3.858272,0.218088,66.349206,28.824964,40.101359,4.36,1.94,1.918272,-0.501728,2.493681,0.553681
2026-05-07,7337.109863,284.1664,254.693333,25.819766,28.807624,3.873002,0.19152,65.634921,28.824964,40.101359,4.41,1.96,1.913002,-0.536998,2.493681,0.533681
2026-05-08,7398.930176,284.1664,254.693333,26.037315,29.050349,3.840642,0.249499,66.904762,28.824964,40.101359,4.38,1.93,1.910642,-0.539358,2.493681,0.563681
2026-05-11,7412.839844,284.1664,254.693333,26.086264,29.104962,3.833435,0.262374,67.301587,28.824964,40.101359,4.42,1.95,1.883435,-0.586565,2.493681,0.543681
2026-05-12,7400.959961,284.1664,254.693333,26.044458,29.058318,3.839588,0.250951,66.944444,28.824964,40.101359,4.46,1.99,1.849588,-0.620412,2.493681,0.503681
2026-05-13,7444.25,284.1664,254.693333,26.196799,29.228288,3.81726,0.291446,68.134921,28.824964,40.101359,4.46,1.99,1.82726,-0.64274,2.493681,0.503681
2026-05-14,7501.240234,284.1664,254.693333,26.397351,29.452048,3.788259,0.344818,69.126984,28.824964,40.101359,4.47,2.0,1.788259,-0.681741,2.493681,0.493681
2026-05-15,7408.5,284.1664,261.723,26.070992,28.306645,3.835681,0.257245,67.103175,28.824964,40.101359,4.59,2.1,1.735681,-0.754319,2.493681,0.393681
2026-05-18,7403.049805,284.1664,261.723,26.051813,28.285821,3.838505,0.25187,66.984127,28.824964,40.101359,4.61,2.13,1.708505,-0.771495,2.493681,0.363681
2026-05-19,7353.609863,284.1664,261.723,25.87783,28.096919,3.864312,0.20512,65.634921,28.824964,40.101359,4.67,2.18,1.684312,-0.805688,2.493681,0.313681
2026-05-20,7432.970215,284.1664,261.723,26.157104,28.400141,3.823053,0.279602,67.857143,28.824964,40.101359,4.57,2.13,1.693053,-0.746947,2.493681,0.363681
2026-05-21,7445.720215,284.1664,261.723,26.201973,28.448857,3.816507,0.291354,68.095238,28.824964,40.101359,4.57,2.18,1.636507,-0.753493,2.493681,0.313681
2026-05-22,7473.470215,284.1664,261.723,26.299627,28.554885,3.802335,0.317202,68.650794,28.824964,40.101359,4.56,2.16,1.642335,-0.757665,2.493681,0.333681
2026-05-26,7519.120117,284.1664,261.723,26.460272,28.729306,3.779251,0.359908,69.404762,28.824964,40.101359,4.5,2.1,1.679251,-0.720749,2.493681,0.393681
2026-05-27,7520.359863,284.1664,261.723,26.464634,28.734043,3.778628,0.360774,69.404762,28.824964,40.101359,4.48,2.09,1.688628,-0.701372,2.493681,0.403681
2026-05-28,7563.629883,284.1664,261.723,26.616904,28.89937,3.757011,0.4012,70.714286,28.824964,40.101359,4.45,2.06,1.697011,-0.692989,2.493681,0.433681
2026-05-29,7580.060059,284.1664,261.723,26.674723,28.962147,3.748867,0.416338,71.150794,28.824964,40.101359,4.45,2.07,1.678867,-0.701133,2.493681,0.423681
2026-06-01,7599.959961,295.3881,261.723,25.728728,29.038181,3.886706,0.162977,64.52381,32.740799,40.15017,4.47,2.07,1.816706,-0.583294,2.490649,0.420649
2026-06-02,7609.779785,295.3881,261.723,25.761971,29.075701,3.881691,0.171649,64.722222,32.740799,40.15017,4.46,2.07,1.811691,-0.578309,2.490649,0.420649
2026-06-03,7553.680176,295.3881,261.723,25.572053,28.861354,3.910519,0.120653,63.888889,32.740799,40.15017,4.49,2.11,1.800519,-0.579481,2.490649,0.380649
2026-06-04,7584.310059,295.3881,261.723,25.675747,28.978386,3.894726,0.148236,64.246032,32.740799,40.15017,4.47,2.11,1.784726,-0.575274,2.490649,0.380649
2026-06-05,7383.740234,295.3881,261.723,24.996742,28.212042,4.000521,-0.033574,60.873016,32.740799,40.15017,4.55,2.19,1.810521,-0.549479,2.490649,0.300649
2026-06-08,7405.72998,295.3881,261.723,25.071186,28.296061,3.988643,-0.013744,61.190476,32.740799,40.15017,4.56,2.21,1.778643,-0.571357,2.490649,0.280649
2026-06-09,7386.649902,295.3881,261.723,25.006593,28.223159,3.998945,-0.03112,60.873016,32.740799,40.15017,4.53,2.2,1.798945,-0.531055,2.490649,0.290649
2026-06-10,7266.990234,295.3881,261.723,24.6015,27.76596,4.064793,-0.139583,56.587302,32.740799,40.15017,4.55,2.21,1.854793,-0.485207,2.490649,0.280649
2026-06-11,7394.299805,295.3881,261.723,25.03249,28.252388,3.994808,-0.024324,61.031746,32.740799,40.15017,4.45,2.16,1.834808,-0.455192,2.490649,0.330649
2026-06-12,7431.459961,295.3881,261.723,25.158292,28.394371,3.974833,0.009238,61.547619,32.740799,40.15017,4.48,2.17,1.804833,-0.505167,2.490649,0.320649
2026-06-15,7554.290039,295.3881,272.9447,25.574118,27.676998,3.910203,0.120391,63.849206,32.740799,40.15017,4.47,2.15,1.760203,-0.559797,2.490649,0.340649
2026-06-16,7511.350098,295.3881,272.9447,25.42875,27.519677,3.932557,0.081365,63.134921,32.740799,40.15017,4.43,2.14,1.792557,-0.497443,2.490649,0.350649
2026-06-17,7420.100098,295.3881,272.9447,25.119834,27.185361,3.980918,-0.001392,61.269841,32.740799,40.15017,4.49,2.23,1.750918,-0.509082,2.490649,0.260649
2026-06-18,7500.580078,295.3881,272.9447,25.392289,27.480219,3.938203,0.071417,62.81746,32.740799,40.15017,4.46,2.21,1.728203,-0.521797,2.490649,0.280649
2026-06-22,7472.790039,295.3881,272.9447,25.29821,27.378403,3.952849,0.046112,62.34127,32.740799,40.15017,4.51,2.28,1.672849,-0.557151,2.490649,0.210649
2026-06-23,7365.459961,295.3881,272.9447,24.934857,26.985173,4.01045,-0.051248,60.119048,32.740799,40.15017,4.5,2.29,1.72045,-0.48955,2.490649,0.200649
2026-06-24,7358.220215,295.3881,272.9447,24.910347,26.958648,4.014396,-0.057919,59.920635,32.740799,40.15017,4.41,2.23,1.784396,-0.395604,2.490649,0.260649
2026-06-25,7357.490234,295.3881,272.9447,24.907876,26.955974,4.014794,-0.058696,59.880952,32.740799,40.15017,4.4,2.19,1.824794,-0.385206,2.490649,0.300649
2026-06-26,7354.02002,295.3881,272.9447,24.896128,26.94326,4.016689,-0.061947,59.722222,32.740799,40.15017,4.38,2.18,1.836689,-0.363311,2.490649,0.310649
2026-06-29,7440.430176,295.3881,272.9447,25.188659,27.259845,3.970041,0.016212,61.587302,32.740799,40.15017,4.38,2.16,1.810041,-0.409959,2.490649,0.330649
2026-06-30,7499.359863,295.3881,272.9447,25.388158,27.475748,3.938844,0.069464,62.777778,32.740799,40.15017,4.44,2.2,1.738844,-0.501156,2.490649,0.290649
2026-07-01,7483.22998,295.3881,272.9447,25.333553,27.416652,3.947334,0.054709,62.539683,32.740799,40.008636,4.48,2.25,1.697334,-0.532666,2.49946,0.24946
2026-07-02,7483.240234,295.3881,272.9447,25.333587,27.41669,3.947329,0.054577,62.539683,32.740799,40.008636,4.49,2.26,1.687329,-0.542671,2.49946,0.23946
2026-07-06,7537.430176,295.3881,272.9447,25.517041,27.615228,3.91895,0.103559,63.492063,32.740799,40.008636,4.48,2.24,1.67895,-0.56105,2.49946,0.25946
2026-07-07,7503.850098,295.3881,272.9447,25.40336,27.492199,3.936487,0.072922,62.857143,32.740799,40.008636,4.55,2.3,1.636487,-0.613513,2.49946,0.19946
2026-07-08,7482.709961,295.3881,272.9447,25.331792,27.414747,3.947609,0.05352,62.380952,32.740799,40.008636,4.56,2.31,1.637609,-0.612391,2.49946,0.18946
2026-07-09,7543.640137,295.3881,272.9447,25.538064,27.63798,3.915724,0.108523,63.611111,32.740799,40.008636,4.54,2.31,1.605724,-0.624276,2.49946,0.18946
2026-07-10,7575.390137,295.3881,272.9447,25.645549,27.754304,3.899312,0.13711,64.087302,32.740799,40.008636,4.56,2.32,1.579312,-0.660688,2.49946,0.17946
2026-07-13,7515.339844,295.3881,272.9447,25.442257,27.534295,3.930469,0.082544,63.055556,32.740799,40.008636,4.62,2.36,1.570469,-0.689531,2.49946,0.13946
2026-07-14,7543.589844,295.3881,272.9447,25.537894,27.637796,3.91575,0.107988,63.531746,32.740799,40.008636,4.58,2.33,1.58575,-0.66425,2.49946,0.16946
2026-07-15,7572.399902,295.3881,284.1664,25.635426,26.647767,3.900852,0.133913,63.968254,32.740799,40.008636,4.55,2.32,1.580852,-0.649148,2.49946,0.17946
2026-07-16,7533.77002,295.3881,284.1664,25.50465,26.511826,3.920854,0.098735,63.293651,32.740799,40.008636,4.57,2.35,1.570854,-0.649146,2.49946,0.14946
2026-07-17,7457.689941,295.3881,284.1664,25.24709,26.244095,3.960853,0.029633,61.507937,32.740799,40.008636,4.55,2.31,1.650853,-0.589147,2.49946,0.18946
2026-07-20,7443.279785,295.3881,284.1664,25.198306,26.193385,3.968521,0.016475,61.111111,32.740799,40.008636,4.6,2.35,1.618521,-0.631479,2.49946,0.14946
2026-07-21,7509.200195,295.3881,284.1664,25.421472,26.425363,3.933683,0.076121,62.81746,32.740799,40.008636,4.63,2.37,1.563683,-0.696317,2.49946,0.12946
2026-07-22,7498.959961,295.3881,284.1664,25.386805,26.389327,3.939054,0.066751,62.380952,32.740799,40.008636,4.67,2.39,1.549054,-0.730946,2.49946,0.10946
2026-07-23,7408.299805,295.3881,284.1664,25.079886,26.070288,3.987259,-0.015487,60.357143,32.740799,40.008636,4.71,2.43,1.557259,-0.722741,2.49946,0.06946
2026-07-24,7411.97998,295.3881,284.1664,25.092345,26.083238,3.985279,-0.012194,60.47619,32.740799,40.008636,4.69,2.43,1.555279,-0.704721,2.49946,0.06946
2026-07-27,7413.180176,295.3881,284.1664,25.096408,26.087462,3.984634,-0.011152,60.47619,32.740799,40.008636,4.65,2.44,1.544634,-0.665366,2.49946,0.05946
2026-07-28,7428.779785,295.3881,284.1664,25.149218,26.142358,3.976267,0.002944,60.634921,32.740799,40.008636,4.61,2.41,1.566267,-0.633733,2.49946,0.08946
2026-07-29,7316.149902,295.3881,284.1664,24.767924,25.746006,4.03748,-0.099164,57.5,32.740799,40.008636,4.67,2.41,1.62748,-0.63252,2.49946,0.08946
2026-07-30,7437.629883,295.3881,284.1664,25.179179,26.173502,3.971535,0.010917,60.873016,32.740799,40.008636,4.68,2.41,1.561535,-0.708465,2.49946,0.08946
2026-07-31,7489.720215,295.3881,284.1664,25.355525,26.356811,3.943914,0.058068,62.301587,32.740799,40.008636,4.75,2.47,1.473914,-0.806086,2.49946,0.02946
2026-08-03,7600.5,295.3881,284.1664,25.730556,26.746653,3.88643,0.158393,64.52381,32.740799,41.119844,4.7,2.43,1.45643,-0.81357,2.431916,0.001916
2026-08-04,7736.52002,295.3881,284.1664,26.191035,27.225316,3.8181,0.281538,67.738095,32.740799,41.119844,4.63,2.4,1.4181,-0.8119,2.431916,0.031916
2026-08-05,7723.549805,295.3881,284.1664,26.147126,27.179673,3.824512,0.269629,67.34127,32.740799,41.119844,4.63,2.41,1.414512,-0.805488,2.431916,0.021916
2026-08-06,7709.959961,295.3881,284.1664,26.101119,27.131849,3.831253,0.257161,66.944444,32.740799,41.119844,4.69,2.43,1.401253,-0.858747,2.431916,0.001916
2026-08-07,7757.640137,295.3881,284.1664,26.262534,27.299639,3.807706,0.300217,68.253968,32.740799,41.119844,4.65,2.4,1.407706,-0.842294,2.431916,0.031916
2026-08-10,7753.109863,295.3881,284.1664,26.247198,27.283697,3.809931,0.295952,68.015873,32.740799,41.119844,4.72,2.43,1.379931,-0.910069,2.431916,0.001916
2026-08-11,7728.200195,295.3881,284.1664,26.162869,27.196038,3.822211,0.2732,67.5,32.740799,41.119844,4.7,2.43,1.392211,-0.877789,2.431916,0.001916
2026-08-12,7748.5,295.3881,284.1664,26.231592,27.267474,3.812197,0.291405,67.896825,32.740799,41.119844,4.68,2.42,1.392197,-0.867803,2.431916,0.011916
2026-08-13,7798.990234,295.3881,284.1664,26.40252,27.445153,3.787517,0.336961,69.007937,32.740799,41.119844,4.63,2.39,1.397517,-0.842483,2.431916,0.041916
2026-08-14,7785.759766,295.3881,284.1664,26.35773,27.398594,3.793953,0.324766,68.769841,32.740799,41.119844,4.68,2.41,1.383953,-0.886047,2.431916,0.021916
2026-08-17,7745.060059,295.3881,295.3881,26.219946,26.219946,3.81389,0.287711,67.777778,32.740799,41.119844,4.72,2.44,1.37389,-0.90611,2.431916,-0.008084
2026-08-18,7691.759766,295.3881,295.3881,26.039505,26.039505,3.840319,0.239254,66.031746,32.740799,41.119844,4.71,2.41,1.430319,-0.869681,2.431916,0.021916
2026-08-19,7707.97998,295.3881,295.3881,26.094416,26.094416,3.832238,0.253804,66.587302,32.740799,41.119844,4.65,2.35,1.482238,-0.817762,2.431916,0.081916
2026-08-20,7641.160156,295.3881,295.3881,25.868206,25.868206,3.865749,0.193107,64.84127,32.740799,41.119844,4.69,2.35,1.515749,-0.824251,2.431916,0.081916
2026-08-21,7674.370117,295.3881,295.3881,25.980634,25.980634,3.849021,0.223073,65.595238,32.740799,41.119844,4.74,2.4,1.449021,-0.890979,2.431916,0.031916
2026-08-24,7652.859863,295.3881,295.3881,25.907814,25.907814,3.859839,0.203449,65.039683,32.740799,41.119844,4.7,2.38,1.479839,-0.840161,2.431916,0.051916
2026-08-25,7677.279785,295.3881,295.3881,25.990484,25.990484,3.847562,0.225453,65.674603,32.740799,41.119844,4.64,2.32,1.527562,-0.792438,2.431916,0.111916
2026-08-26,7675.700195,295.3881,295.3881,25.985137,25.985137,3.848354,0.223877,65.634921,32.740799,41.119844,4.66,2.34,1.508354,-0.811646,2.431916,0.091916
2026-08-27,7730.990234,295.3881,295.3881,26.172314,26.172314,3.820831,0.273829,67.34127,32.740799,41.119844,4.67,2.34,1.480831,-0.849169,2.431916,0.091916
2026-08-28,7711.759766,295.3881,295.3881,26.107212,26.107212,3.830359,0.256253,66.666667,32.740799,41.119844,4.73,2.42,1.410359,-0.899641,2.431916,0.011916
2026-08-31,7686.140137,295.3881,295.3881,26.02048,26.02048,3.843127,0.232892,65.753968,32.740799,41.119844,4.75,2.44,1.403127,-0.906873,2.431916,-0.008084
2026-09-01,7631.470215,295.3881,295.3881,25.835402,25.835402,3.870658,0.183223,64.325397,32.740799,40.575838,4.79,2.44,1.430658,-0.919342,2.464521,0.024521
2026-09-02,7666.600098,295.3881,295.3881,25.95433,25.95433,3.852922,0.214932,65.277778,32.740799,40.575838,4.79,2.45,1.402922,-0.937078,2.464521,0.014521
2026-09-03,7747.709961,295.3881,295.3881,26.228917,26.228917,3.812586,0.288267,67.777778,32.740799,40.575838,4.77,2.42,1.392586,-0.957414,2.464521,0.044521
2026-09-04,7718.600098,295.3881,295.3881,26.130369,26.130369,3.826965,0.261719,66.785714,32.740799,40.575838,4.78,2.43,1.396965,-0.953035,2.464521,0.034521
2026-09-08,7673.52002,295.3881,295.3881,25.977756,25.977756,3.849447,0.22071,65.277778,32.740799,40.575838,4.8,2.43,1.419447,-0.950553,2.464521,0.034521
2026-09-09,7636.359863,295.3881,295.3881,25.851955,25.851955,3.868179,0.186907,64.246032,32.740799,40.575838,4.83,2.46,1.408179,-0.961821,2.464521,0.004521
2026-09-10,7591.700195,295.3881,295.3881,25.700765,25.700765,3.890935,0.146319,63.214286,32.740799,40.575838,4.95,2.55,1.340935,-1.059065,2.464521,-0.085479
2026-09-11,7656.97998,295.3881,295.3881,25.921762,25.921762,3.857762,0.205336,64.920635,32.740799,40.575838,4.96,2.6,1.257762,-1.102238,2.464521,-0.135479
2026-09-14,7619.97998,295.3881,295.3881,25.796503,25.796503,3.876494,0.171652,63.849206,32.740799,40.575838,4.97,2.6,1.276494,-1.093506,2.464521,-0.135479
2026-09-15,7585.72998,295.3881,295.3881,25.680554,25.680554,3.893997,0.140484,63.095238,32.740799,40.575838,5.0,2.62,1.273997,-1.106003,2.464521,-0.155479
2026-09-16,7551.810059,295.3881,295.3881,25.565722,25.565722,3.911487,0.109635,62.460317,32.740799,40.575838,5.01,2.68,1.231487,-1.098513,2.464521,-0.215479
2026-09-17,7637.759766,295.3881,295.3881,25.856694,25.856694,3.86747,0.187389,64.246032,32.740799,40.575838,4.94,2.61,1.25747,-1.07253,2.464521,-0.145479
2026-09-18,7650.5,295.3881,295.3881,25.899825,25.899825,3.86103,0.198785,64.563492,32.740799,40.575838,5.01,2.68,1.18103,-1.14897,2.464521,-0.215479
2026-09-21,7764.700195,295.3881,295.3881,26.286435,26.286435,3.804243,0.302028,68.253968,32.740799,40.575838,4.96,2.62,1.184243,-1.155757,2.464521,-0.155479
2026-09-22,7764.640137,295.3881,295.3881,26.286232,26.286232,3.804273,0.301754,68.214286,32.740799,40.575838,4.96,2.63,1.174273,-1.155727,2.464521,-0.165479
2026-09-23,7706.029785,295.3881,295.3881,26.087814,26.087814,3.833207,0.248404,66.269841,32.740799,40.575838,5.11,2.76,1.073207,-1.276793,2.464521,-0.295479
2026-09-24,7704.129883,295.3881,295.3881,26.081382,26.081382,3.834153,0.24645,66.190476,32.740799,40.575838,5.18,2.85,0.984153,-1.345847,2.464521,-0.385479
2026-09-25,7743.410156,295.3881,295.3881,26.214361,26.214361,3.814703,0.281825,67.579365,32.740799,40.575838,5.17,2.83,0.984703,-1.355297,2.464521,-0.365479
2026-09-28,7683.689941,295.3881,295.3881,26.012185,26.012185,3.844352,0.22749,65.396825,32.740799,40.575838,5.24,2.9,0.944352,-1.395648,2.464521,-0.435479
2026-09-29,7660.819824,295.3881,295.3881,25.934761,25.934761,3.855829,0.20656,64.68254,32.740799,40.575838,5.24,2.9,0.955829,-1.384171,2.464521,-0.435479
